top_k,slot_count,policy_name,mean_year_rank,worst_year_rank,positive_year_count,worst_year_return,mean_year_return,annualized_log_growth,signal_period_total_return,signal_period_maximum_drawdown
3,3,fixed_d42,90.5,384.0,6,0.43045013800748166,0.9142484771400792,0.6600842618647538,44.204687972758165,-0.33854265318024046
1,1,fixed_d15,293.3333333333333,877.0,6,0.058719750733164267,0.9870590137824827,0.5838835336832804,28.114382835127266,-0.5800923612556896
1,1,fixed_d32,214.83333333333334,576.0,6,0.29905490336908236,0.7408648357939226,0.5528895012232764,23.343835804718477,-0.6098803817946566
3,3,model_plan,101.66666666666667,188.0,6,0.054365497687643316,0.730649168030018,0.5269292081203469,19.955243055136048,-0.31072276451398484
3,3,fixed_d48,148.5,557.0,6,0.13715035077228888,0.6861290233210263,0.5217760167434288,19.34093452544207,-0.3996614403001786
2,6,fixed_d20,158.16666666666666,363.0,6,0.23761159319684655,0.6623197521492932,0.5035855493478546,17.31292401436886,-0.3359166844428312
2,2,fixed_d42,184.33333333333334,348.0,6,0.005691263169312455,0.6554258300462835,0.4950408093040985,16.431367958377596,-0.3997424669037024
1,3,fixed_d19,216.83333333333334,567.0,6,0.25203319638503396,0.671579725886561,0.49489915704748555,16.417117139061904,-0.39293044916685804
3,3,fixed_d12,220.0,701.0,6,0.014123979803320807,0.685614844557988,0.49053338943316177,15.983569142696709,-0.36642836432084414
1,1,fixed_d33,228.16666666666666,596.0,6,0.14868155781580805,0.6511228573339874,0.485398759974737,15.487458206615269,-0.585837853130968
1,3,fixed_d14,166.5,449.0,6,0.22264537573551024,0.6232470652476529,0.481036237802033,15.077352603634779,-0.29078447998272705
1,3,fixed_d47,214.83333333333334,901.0,6,0.1157066489604055,0.6881964834729705,0.47790198308958987,14.789024099880336,-0.42135472038191846
2,6,fixed_d16,135.5,254.0,6,0.005250339042176755,0.6331175926394522,0.4758429362724942,14.6024269720698,-0.325049486949594
1,1,fixed_d31,274.5,814.0,6,0.09760791030568683,0.7469657582309486,0.47131597551221993,14.19989725266105,-0.4952711597576108
2,2,fixed_d21,238.83333333333334,697.0,6,0.17270531246591658,0.5878197527206287,0.462694287773272,13.461771004789949,-0.4689710982615065
3,3,fixed_d21,206.83333333333334,533.0,6,0.3117561587646016,0.5856081336325075,0.46219509984187884,13.42014906706382,-0.3834877065833806
3,6,fixed_d27,196.66666666666666,307.0,6,0.0048659347506732065,0.6065984207651541,0.45033765196222597,12.465943896807655,-0.3668694152216756
2,6,fixed_d21,168.33333333333334,373.0,6,0.20257992872331698,0.5654745302597203,0.4446255369387624,12.029071887512409,-0.34684228225273517
2,2,fixed_d32,253.33333333333334,491.0,6,0.06619967410276395,0.5363420714051675,0.4229753990870193,10.49807221208966,-0.4788162627932657
1,6,model_plan,233.0,589.0,6,0.1316738830409212,0.5233242409164615,0.41778461042440423,10.158580600949746,-0.2547405410172018
3,6,fixed_d21,216.5,400.0,6,0.09005055187264022,0.5165486965658486,0.4095609373682929,9.641131696999967,-0.3982004349163686
2,2,model_plan,284.6666666666667,828.0,6,0.013094955272295206,0.5440149605382675,0.40697740082770617,9.483577581029135,-0.4380941388061764
2,4,fixed_d15,211.5,408.0,6,0.055289668007393766,0.5243800035416113,0.40691506888196716,9.479805295978545,-0.38308667231141813
3,3,fixed_d44,243.33333333333334,622.0,6,0.25662108165644204,0.47912567553468516,0.4026182386914624,9.223009581422348,-0.3677088894210019
3,6,fixed_d44,195.83333333333334,325.0,6,0.1255894713765393,0.4989170412214808,0.4015288107653857,9.158907142813161,-0.39622776656105896
3,6,fixed_d19,228.33333333333334,559.0,6,0.1193457231462225,0.5131758863098482,0.4011541802293494,9.136956714331566,-0.3358991190931171
2,2,fixed_d28,325.3333333333333,743.0,6,0.14398987326176793,0.48329458171362843,0.40105017752419386,9.130871382129998,-0.5645558643139705
1,1,fixed_d37,327.6666666666667,918.0,6,0.10745274395869053,0.5116968181138829,0.3998924747851046,9.063378863612934,-0.5003455817528878
1,6,fixed_d17,215.5,261.0,6,0.011718597742721215,0.5139986273913671,0.39429567711840796,8.743380542705188,-0.31461909889065875
3,3,fixed_d24,272.8333333333333,727.0,6,0.007374465081293247,0.5015533946652191,0.3932563461351782,8.685086581912902,-0.418703429253624
3,3,fixed_d28,303.8333333333333,677.0,6,0.18482298181662293,0.4731889265595159,0.3918281346169239,8.605549605440533,-0.5107537596728091
3,6,fixed_d32,216.33333333333334,406.0,6,0.16185355949991664,0.4830291515768475,0.39091559202388626,8.555072527893717,-0.4062086414827938
3,6,fixed_d47,317.8333333333333,899.0,6,0.11915294755714068,0.4842456768144094,0.389738698611988,8.490364396624951,-0.36477175112643945
2,2,fixed_d33,307.5,916.0,6,0.20197229336369493,0.48435943825496725,0.38919228062919403,8.460470300701909,-0.5061699181065322
3,6,fixed_d48,234.0,573.0,6,0.06001192807170841,0.46814762885643685,0.38869124223497603,8.433141652367839,-0.37447805611853835
2,2,fixed_d45,390.6666666666667,788.0,6,0.1409575233785645,0.4476620849498974,0.37333369627368473,7.632702873229771,-0.5501262815279115
1,3,fixed_d17,339.1666666666667,950.0,6,0.0019206550858303917,0.5016629025721051,0.36400426631804095,7.179993038493697,-0.4535489914436992
2,12,fixed_d32,234.33333333333334,372.0,6,0.0848299855414032,0.4432756007705127,0.3621394394853166,7.092390248876239,-0.3058175461245788
3,3,fixed_d45,316.3333333333333,664.0,6,0.20848039958656717,0.4274827344545124,0.361789327458686,7.0760481657550045,-0.5062177255194749
3,6,fixed_d45,301.0,709.0,6,0.2639206980364619,0.4180183851918695,0.3597126645732929,6.979792499447783,-0.384867249218941
2,6,fixed_d33,260.6666666666667,730.0,6,0.07717635144286783,0.427236977330581,0.3591052176065267,6.951854130740393,-0.41344726756513783
2,2,fixed_d15,357.0,809.0,6,0.1074801850264131,0.502003200274959,0.3585749013097551,6.9275432268010775,-0.48291998526768964
3,12,fixed_d33,244.66666666666666,332.0,6,0.01934965815088563,0.43578320675679655,0.3548366067431744,6.758266960415919,-0.317732554643406
1,3,fixed_d20,283.6666666666667,448.0,6,0.06965783082060728,0.42549939438643314,0.34939247132635465,6.518191210352836,-0.39729344421692914
2,4,fixed_d56,300.3333333333333,609.0,6,0.0224223286062899,0.42872647450151796,0.34849112238664887,6.479166545644146,-0.34593777196188036
3,3,fixed_d15,290.1666666666667,426.0,6,0.07579422133146996,0.4243431000429861,0.3478256836630841,6.450485849473212,-0.4872813184704554
2,4,fixed_d47,298.1666666666667,878.0,6,0.1932332330018156,0.4058399400810015,0.3429594048019046,6.244063296205144,-0.47693141963074204
3,6,fixed_d11,320.6666666666667,866.0,6,0.06855547609383028,0.42134278722286506,0.34132138527360206,6.175874709684423,-0.29466774878895696
1,3,fixed_d54,352.6666666666667,756.0,6,0.1351352145353144,0.42842859426528573,0.3407042067967929,6.150349195217345,-0.45277552120784803
3,6,fixed_d42,373.8333333333333,791.0,6,0.13874034083578035,0.3954440094330316,0.3387917568055686,6.071828482719777,-0.39260754838861533
2,6,rolling_path,346.1666666666667,669.0,6,0.01748223441522012,0.42931409103995444,0.33827477308068193,6.050750792032747,-0.35466812457191177
2,6,fixed_d22,324.5,788.0,6,0.004395758129432048,0.42922252524365434,0.3366633815356888,5.985455757617484,-0.3790582482797147
1,3,fixed_d16,321.3333333333333,830.0,6,0.02719419845684623,0.42222440584809146,0.3340880743959986,5.882355109099139,-0.4150273166661739
3,6,fixed_d55,336.8333333333333,768.0,6,0.10067962756013604,0.39574995524581397,0.3328015979155289,5.831423260738474,-0.356160361681219
3,12,fixed_d55,318.0,529.0,6,0.019100025686650035,0.39258327626404005,0.326375614242731,5.582605435811295,-0.34427806825106755
3,6,fixed_d56,353.3333333333333,750.0,6,0.14067810579175322,0.39452091302102876,0.3239815181511733,5.492239724039418,-0.337252012119018
3,12,rolling_path,326.0,587.0,6,0.1131016974955732,0.38738983110582986,0.3214163635129121,5.39679357400268,-0.29819639225098593
3,12,fixed_d28,378.8333333333333,727.0,6,0.038377775513495305,0.4110170785881217,0.3191392698457931,5.313242147787593,-0.35025504426144893
2,6,fixed_d18,358.6666666666667,709.0,6,0.060421093597384345,0.38988095252111754,0.3164825642101396,5.217140307267966,-0.315562436749825
2,12,fixed_d18,335.5,574.0,6,0.04291392135215344,0.3825579087912517,0.315659274320943,5.187657142580876,-0.2995550014604549
3,12,fixed_d59,329.1666666666667,590.0,6,0.009597505581681931,0.3818709922278811,0.3144714508897344,5.145365731144074,-0.34197304185012256
3,6,fixed_d43,338.0,529.0,6,0.05508928291614135,0.37288114293809876,0.3140848969230997,5.131665251789023,-0.36185118977120145
2,12,fixed_d21,309.6666666666667,486.0,6,0.10326352923319293,0.36331960349264686,0.31175743907422665,5.049817285514159,-0.2803910353473519
2,4,fixed_d57,338.5,762.0,6,0.04009349315895627,0.37400692710450256,0.30950400542878564,4.97161359140465,-0.41125664787174754
3,12,fixed_d35,356.8333333333333,627.0,6,0.03529580091879092,0.3776777805246379,0.3094923720223441,4.971212497126676,-0.3497431432340232
3,12,fixed_d32,338.5,639.0,6,0.0703566051002289,0.37624973326658173,0.3088562213300985,4.9493203860597275,-0.35350949201053894
3,12,fixed_d16,333.1666666666667,448.0,6,0.007800854748038377,0.3675269749865058,0.30592884902717304,4.849609472168655,-0.32436743032371107
2,4,fixed_d45,404.8333333333333,873.0,6,0.14400758013576387,0.3497787930474236,0.3057639227676299,4.84404181645125,-0.46854676769032644
3,12,fixed_d18,320.3333333333333,445.0,6,0.016448605057370003,0.36179509807052107,0.3055599082495552,4.837161933023914,-0.3270207698550692
3,12,fixed_d21,323.6666666666667,595.0,6,0.11625253969604987,0.35534419280236634,0.30512188127686557,4.82241791068067,-0.3438618768531262
3,3,fixed_d56,371.8333333333333,720.0,6,0.08066997570643974,0.36904907920626934,0.3049361186294751,4.816176376742905,-0.3708785273921341
2,4,fixed_d55,352.6666666666667,922.0,6,0.0036584491605480274,0.3563901581464927,0.3046757107941037,4.807438063307962,-0.41467107170947337
3,12,fixed_d15,364.8333333333333,668.0,6,0.022122452900338763,0.3614683869267396,0.30375312156159684,4.776584933764814,-0.2989995244696937
3,6,fixed_d60,406.5,849.0,6,0.16167711796923223,0.3435308350110402,0.2993941371191295,4.633014422518386,-0.3547143440193542
2,12,fixed_d12,372.0,597.0,6,0.060944240381104686,0.37444858351727034,0.29919890331334353,4.626668225052375,-0.2206972655020436
3,3,fixed_d33,429.3333333333333,932.0,6,0.0018349751409205695,0.36000420451830933,0.29839510369660904,4.600615439322723,-0.46103162008520115
2,12,fixed_d13,400.5,620.0,6,0.05232861033307601,0.3709693027779755,0.2946908614594511,4.482103635961808,-0.24366683737595607
2,12,fixed_d11,421.6666666666667,682.0,6,0.019539060266030583,0.3718911112339358,0.2921744156490434,4.403027386936289,-0.23282528822259996
2,6,fixed_d6,383.5,773.0,6,0.04689441515271042,0.36317216146036513,0.29091530621102424,4.363890576608991,-0.30552487100100567
2,12,fixed_d29,390.3333333333333,705.0,6,0.013849300816717758,0.35146515618864305,0.2896145521629129,4.32375701275035,-0.3065820119391167
2,12,fixed_d17,396.3333333333333,667.0,6,0.02226682560117932,0.34622052930458985,0.2876802272964304,4.264629833968945,-0.3062089477918535
3,12,model_plan,366.5,478.0,6,0.04629832068286377,0.33346606585467,0.2854501233744255,4.197275993418473,-0.32525660518292376
1,3,fixed_d34,424.1666666666667,739.0,6,0.016017400532054582,0.3735527670603223,0.28343007333000964,4.137010300936995,-0.4122012084460228
3,6,fixed_d33,417.1666666666667,677.0,6,0.020718278211403707,0.33143772881767025,0.2822457813834816,4.102003882048927,-0.3966992988630561
1,6,fixed_d34,429.3333333333333,780.0,6,0.016683622853815194,0.3333569498133658,0.27607875133378346,3.9235318259353598,-0.36369202879031703
2,12,fixed_d33,386.8333333333333,713.0,6,0.013525539817879517,0.32070167322272264,0.2756656753890846,3.9118030872900773,-0.37309963111623823
3,24,fixed_d19,410.3333333333333,640.0,6,0.030227487580036128,0.3247093920150091,0.27417121055003113,3.869602670638276,-0.2927886352338902
3,24,fixed_d55,382.5,523.0,6,0.003549503857840808,0.317024525958196,0.2721603369557043,3.8133915784918146,-0.311645189280227
3,12,fixed_d22,427.3333333333333,688.0,6,0.018533829382869627,0.3099832887512607,0.27118457355144143,3.786349792783742,-0.34872273830371814
3,3,fixed_d22,427.3333333333333,1014.0,6,0.01500531665088567,0.35446353702304245,0.27054131501859763,3.768606010662727,-0.4097665373865266
2,12,rolling_path,407.8333333333333,668.0,6,0.02537324835446264,0.3228753411132638,0.26854031018319136,3.713829337190753,-0.2611675639810388
3,6,fixed_d50,405.3333333333333,680.0,6,0.01042050645064485,0.31202891540745675,0.2668116066871065,3.6670136686608146,-0.3811520936724414
2,12,fixed_d54,427.5,672.0,6,0.009697614735032944,0.3009717027877495,0.26675651250626514,3.665529312285293,-0.34480125810578965
3,24,fixed_d34,465.6666666666667,645.0,6,0.007226132735410173,0.303021626254891,0.25269742890746505,3.3017711002085077,-0.28436434660858667
3,12,fixed_d9,480.5,745.0,6,0.005981119856246053,0.30750061902361675,0.2518360585659584,3.280429835416866,-0.3013229720885623
1,6,fixed_d58,446.8333333333333,797.0,6,0.08152358997179832,0.2803629157940351,0.25128133163945837,3.266742031675662,-0.38623975501011965
3,24,fixed_d21,450.3333333333333,703.0,6,0.014043739890315932,0.28811477638832056,0.2500578014187752,3.2367061475056413,-0.29355570334022385
3,24,fixed_d18,449.1666666666667,623.0,6,0.051925969340351985,0.2868789223294042,0.24860903116932917,3.2014142376910035,-0.3020814449248197
3,12,fixed_d47,411.6666666666667,795.0,6,0.04221486290052523,0.2778254140455136,0.24762784721996697,3.1776798082807067,-0.34040760844857565
3,12,fixed_d6,446.5,819.0,6,0.09856886896568873,0.2829646237874154,0.24485760492783704,3.1113900019100464,-0.28173747238028213
3,24,fixed_d17,466.3333333333333,650.0,6,0.030760807076659846,0.2777393749916336,0.24101065445396616,3.021076335833863,-0.2885444368721478
1,3,fixed_d28,419.3333333333333,796.0,6,0.024965699475229863,0.2714351463656394,0.2398685754612397,2.9946480010469565,-0.35100976262543426
3,24,model_plan,437.0,714.0,6,0.037640997220825145,0.2730057827322074,0.23741714396867647,2.9385056194587986,-0.2924069070961436
3,24,fixed_d14,435.0,750.0,6,0.03193198471416747,0.27455513048143715,0.23615361686750638,2.9098773380077776,-0.2349324082803601
3,24,fixed_d15,441.0,739.0,6,0.037938084013747764,0.27067283065023934,0.23426329958077777,2.8674356713766334,-0.2600239832738982
3,24,fixed_d16,480.8333333333333,690.0,6,0.009758382297922363,0.27024026668623813,0.23179973823303465,2.812814141183301,-0.27427839392382003
3,24,rolling_path,471.6666666666667,801.0,6,0.06432822040220953,0.2771550398374924,0.23165264569122357,2.809577352594181,-0.26052731639730486
3,12,fixed_d5,482.8333333333333,658.0,6,0.04318286773905866,0.2605529554911053,0.227654322522432,2.7226385165802043,-0.255905250189458
2,24,fixed_d20,495.5,816.0,6,0.03604867044420712,0.249029536802336,0.21893032846933747,2.5397709284233616,-0.21379100321079814
2,4,fixed_d60,521.5,1014.0,6,0.004239020410626404,0.25017198417929465,0.2187874768643275,2.5368525362989662,-0.4377635307282607
2,24,fixed_d21,492.0,783.0,6,0.04967453514825815,0.2448418700084375,0.217108650001977,2.502734646827624,-0.2122467816759407
3,24,fixed_d12,483.0,780.0,6,0.017989313937275764,0.247480459007602,0.21541937328338395,2.4687365779200987,-0.19432934784787093
1,6,fixed_d54,499.1666666666667,792.0,6,0.03056247273201551,0.23374680680636165,0.21365517954534757,2.433582959140147,-0.390320430681409
3,24,fixed_d13,499.1666666666667,787.0,6,0.013904689398742454,0.2470744314499883,0.21351493042403394,2.4308036662360997,-0.22433880209864376
2,24,fixed_d18,486.5,811.0,6,0.05010643812139226,0.23985025141813718,0.21270478096658904,2.414793047305916,-0.20357896994892655
2,24,fixed_d22,506.5,847.0,6,0.04670999725105962,0.23847055030072206,0.2116739678726072,2.3945295217073777,-0.21959281817287113
2,24,fixed_d14,481.0,843.0,6,0.018313087819383123,0.23656056903657097,0.20979046866068904,2.3578141307850187,-0.15777882943728072
2,24,fixed_d19,505.3333333333333,866.0,6,0.06030099695710023,0.2328318434561578,0.20855624307883566,2.3339707883198244,-0.20300996450256825
2,24,fixed_d17,504.1666666666667,794.0,6,0.050481802712961876,0.23353059204240523,0.20795275666725568,2.3223740641625215,-0.201085048742507
2,24,fixed_d15,514.6666666666666,777.0,6,0.0003635392586878172,0.21995268460650677,0.19663736017323788,2.1122522583279917,-0.1756486896723769
3,24,fixed_d11,545.0,765.0,6,0.027837814367322355,0.21581149635037777,0.19161383441456242,2.0232783290530802,-0.21049706090740938
2,24,model_plan,515.8333333333334,863.0,6,0.015687774537124888,0.20953732502729583,0.1903229935508766,2.0008293869136233,-0.24377672956410879
3,12,fixed_d4,552.3333333333334,697.0,6,0.0451844978398146,0.20533080513991234,0.1886651791066559,1.9722427660894546,-0.2516506178237877
2,24,fixed_d13,533.0,851.0,6,0.03309883873011876,0.2077831969788366,0.18657888294777558,1.9366542740347499,-0.15379754430603587
2,24,fixed_d12,530.8333333333334,824.0,6,0.03254634551678959,0.20662488082194172,0.18522538900025623,1.913794300097745,-0.12513878684382385
3,48,fixed_d43,554.6666666666666,728.0,6,0.0024595651393126694,0.20060073513848167,0.18279051975911043,1.873117404240093,-0.23671019710579277
3,48,fixed_d42,553.3333333333334,736.0,6,0.004235467517035296,0.19850892720265664,0.18106734664910323,1.8446737056204547,-0.24744327875479533
3,48,fixed_d34,554.5,845.0,6,0.01300073442635652,0.19470139075606804,0.17691717417274117,1.777318975760878,-0.22265306769999293
3,48,fixed_d35,555.6666666666666,836.0,6,0.022368433506616103,0.193664796346536,0.17583086253385288,1.75995371228613,-0.24476858229462706
2,24,fixed_d11,560.0,820.0,6,0.03437674560862036,0.19534045158662947,0.17529881890027357,1.7514883682269593,-0.1252560096979901
3,24,fixed_d10,603.8333333333334,813.0,6,0.005103200475671477,0.19340804998681405,0.17069190976150841,1.6792651903383229,-0.20714967870764234
3,48,fixed_d41,577.5,767.0,6,0.0066078372681674935,0.18544866583223732,0.17068108561887746,1.6790977507723035,-0.24418731106156322
3,48,fixed_d40,564.1666666666666,779.0,6,0.012889604423457879,0.1844087969170224,0.17043398365836956,1.675278154753411,-0.2419512232259199
3,48,fixed_d33,589.8333333333334,855.0,6,0.013344120484005018,0.1827073366312898,0.16688549300629618,1.6210239155916977,-0.22704245536185208
2,24,rolling_path,564.8333333333334,857.0,6,0.031704851396090694,0.18499625867084438,0.16681182030998998,1.6199092421960413,-0.17666589758973394
3,48,fixed_d32,598.1666666666666,852.0,6,0.0009463560437794616,0.18309020548610203,0.16590689992342184,1.6062563391337896,-0.22883111804395784
3,24,fixed_d9,607.5,827.0,6,0.03077179047098899,0.18115405522320593,0.16233857192358397,1.553109409613942,-0.18572776592547713
3,24,fixed_d8,610.0,871.0,6,0.026657673572063834,0.1751191943011633,0.15955893942171132,1.5124614350712582,-0.15866644421129594
3,48,fixed_d21,589.6666666666666,842.0,6,0.03757364003260655,0.1698326159456237,0.1584349078492297,1.496208497931843,-0.16691159950857082
3,48,fixed_d24,595.5,858.0,6,0.002622814025385445,0.1711216509995168,0.15779328432076656,1.486978121915346,-0.18205042262319004
3,48,fixed_d22,592.6666666666666,867.0,6,0.0381040451521264,0.1679104000312067,0.1563563314090711,1.466429788885073,-0.17172251147069562
3,48,fixed_d23,598.6666666666666,874.0,6,0.010055026322315364,0.1684023635118704,0.15559171592205037,1.4555651323123846,-0.169139310086317
3,48,fixed_d19,601.1666666666666,834.0,6,0.03922779111605146,0.16393076821214625,0.1530154941262759,1.4193098590283237,-0.14711067818135581
2,12,fixed_d6,612.5,911.0,6,0.0018945479381655694,0.170894161545164,0.15198204810504612,1.4049170126722599,-0.21313201785261082
3,48,fixed_d18,599.1666666666666,847.0,6,0.04143153640688424,0.16134706232964893,0.15108327193378668,1.3924693523541491,-0.14967794536288836
3,48,model_plan,590.8333333333334,895.0,6,0.022852934101542433,0.16044563379940227,0.1502676905200232,1.3812296707661638,-0.21589031674252812
3,48,fixed_d20,616.5,843.0,6,0.033988109472335326,0.16073641581746342,0.14962835141093594,1.3724557506931654,-0.16068425869818947
2,24,fixed_d10,634.0,875.0,6,0.02546190835877349,0.16742555383658644,0.1494213608542404,1.3696220654136702,-0.17419139652394244
3,24,fixed_d7,612.8333333333334,885.0,6,0.043550565677854314,0.16176001725326003,0.1489844802355767,1.3636523079794776,-0.1590124207226149
3,48,fixed_d17,613.6666666666666,866.0,6,0.040323486738627734,0.15500159287568946,0.1455381239235709,1.3170837854791886,-0.1509109643657245
3,24,fixed_d6,631.8333333333334,874.0,6,0.06406712862696495,0.1456589385323367,0.1369888282581019,1.2054849159517862,-0.1462074725187632
3,48,fixed_d16,639.1666666666666,884.0,6,0.008580645917042107,0.14242809338434156,0.1341342665655193,1.1694327020884412,-0.1411236851590707
3,48,fixed_d14,634.5,914.0,6,0.019493398859192546,0.13977911756990424,0.13153144450140034,1.1370737931782182,-0.11608118623814156
3,48,fixed_d15,637.3333333333334,906.0,6,0.02313048338847823,0.1389765723566219,0.13117124110373055,1.132633841501327,-0.1307651414715436
2,24,fixed_d9,667.3333333333334,934.0,6,0.01829661980011288,0.13956352840872555,0.12739416408375837,1.0866285674455964,-0.16646792644703357
3,48,rolling_path,639.8333333333334,902.0,6,0.03452120936645797,0.13650531235426852,0.12677448100046623,1.0791760923135318,-0.12914201348948018
3,24,fixed_d5,664.1666666666666,869.0,6,0.025294078994524627,0.13077787805545993,0.12426708680910509,1.0492922493380674,-0.13229409823341565
1,24,model_plan,667.0,926.0,6,0.0017542546681919013,0.1272081261350051,0.12114562796461881,1.012689284927336,-0.22238563792010213
2,48,fixed_d22,666.6666666666666,983.0,6,0.03076476671955808,0.12466054779385653,0.11934137734071518,0.9918311292069988,-0.10988585526033523
2,48,fixed_d21,672.6666666666666,957.0,6,0.030557286509000248,0.12177657125240837,0.11694517089511419,0.9644634242213468,-0.10508528231570147
2,48,fixed_d20,678.0,971.0,6,0.03059634501330044,0.12164813932452319,0.11655415571652078,0.9600333615873966,-0.1058266903248467
3,48,fixed_d13,682.0,930.0,6,0.008957925823529056,0.12293061422332911,0.1163994510901711,0.9582833727914823,-0.11208784663007187
2,48,fixed_d18,681.1666666666666,970.0,6,0.02689659227135932,0.11966104931142096,0.11461623499785391,0.9382244251477336,-0.10124364953275777
2,48,fixed_d19,677.1666666666666,989.0,6,0.03572319352949438,0.11871813097436364,0.11434197853169957,0.9351576666158881,-0.09965756056230035
3,48,fixed_d12,678.0,928.0,6,0.010953212304314786,0.11996382603547744,0.11413449330891338,0.9328407742064215,-0.09476610738226698
2,48,fixed_d17,690.6666666666666,963.0,6,0.02746131305712529,0.11508049917963747,0.1106742820234368,0.8946085051217636,-0.10085530707063783
2,48,model_plan,674.0,967.0,6,0.011418237752221616,0.11066807611298435,0.10735918405354593,0.858689146570526,-0.1512654156197527
2,48,fixed_d14,685.5,984.0,6,0.011463601029756632,0.1111924351464183,0.10684228090253192,0.8531501578559391,-0.07760180867862776
2,48,fixed_d15,700.8333333333334,959.0,6,0.0025998452934061778,0.10686717062849989,0.10292415983577068,0.8116979406237328,-0.08583784019007523
3,24,fixed_d4,711.8333333333334,914.0,6,0.03001971366573586,0.1026639986782671,0.10010269329128679,0.7824233730021961,-0.12930704892128875
3,48,fixed_d11,719.8333333333334,922.0,6,0.018060699532931546,0.10401275808027081,0.09988758020989177,0.780210938265052,-0.10523191961163525
2,48,fixed_d13,718.8333333333334,985.0,6,0.0184687162087791,0.09829237290120407,0.09503270485314404,0.7310025275394811,-0.07608649920289379
2,48,fixed_d12,707.3333333333334,978.0,6,0.0177207526511578,0.09796484945380424,0.09463911735396867,0.7270732918753537,-0.06044796628207927
2,48,fixed_d11,735.1666666666666,977.0,6,0.018510920325111035,0.0919533713561838,0.08888707083645757,0.6706570900541384,-0.06212290905210438
3,48,fixed_d10,748.8333333333334,935.0,6,0.005445611930202876,0.09249140005025687,0.08854225954985849,0.6673343298341887,-0.10569681622433302
2,48,rolling_path,711.8333333333334,951.0,6,0.01833427971124113,0.08978484809340148,0.08674336234152231,0.6501062035265064,-0.0859472591338486
3,48,fixed_d9,743.6666666666666,939.0,6,0.01776456998369369,0.08787912860734655,0.08493969368091292,0.6330111017204092,-0.08622738309688494
2,24,fixed_d6,738.5,973.0,6,0.00424539859214601,0.08552545402716501,0.0821791291443604,0.6071889167765574,-0.10282889702174935
3,48,fixed_d8,747.5,955.0,6,0.019353224184996964,0.08431645595976094,0.0820808007721203,0.6062767275133474,-0.07975228271022705
3,48,fixed_d7,743.6666666666666,964.0,6,0.022684137459892062,0.07928534052407898,0.07759529821917155,0.5652107381017217,-0.07248806688157194
2,48,fixed_d10,762.8333333333334,981.0,6,0.013640863573616047,0.07919453242500112,0.07640887756488797,0.5545254232331767,-0.08590541097693793
3,48,fixed_d6,747.5,958.0,6,0.03515829369043222,0.0726321478608309,0.07179104623417092,0.5136255908870941,-0.07350666356078972
2,48,fixed_d9,774.3333333333334,982.0,6,0.016819683181271916,0.06729704339919063,0.06567128368698386,0.4610764859716905,-0.0785157856324522
3,48,fixed_d5,770.3333333333334,966.0,6,0.013556522143297833,0.06468663129761527,0.0642817859451924,0.44940160913172034,-0.06641801848413131
1,48,model_plan,773.8333333333334,982.0,6,0.00217624914344694,0.06282402822580817,0.0625324811388044,0.4348361121761708,-0.11255010245159969
1,48,fixed_d13,802.6666666666666,1013.0,6,0.0006816475100501762,0.05347929520912087,0.05318575588998717,0.3594557337668758,-0.04071692286895656
3,48,fixed_d4,784.5,997.0,6,0.020965804325399073,0.0518756807789608,0.05220126635854187,0.35175016163671846,-0.06465745213162866
2,48,fixed_d6,804.3333333333334,996.0,6,0.002829893381516957,0.042871490963049284,0.04284871308001553,0.28069168087451235,-0.04831633611587394
1,48,fixed_d9,820.8333333333334,1021.0,6,8.373144954565426e-05,0.03867411841943139,0.03854790622400563,0.24928110276067938,-0.04676712278853712
1,1,fixed_d14,202.83333333333334,1008.0,5,-0.3091176660283854,1.7661875972434327,0.7448381938615636,72.74062418290801,-0.5022101333274129
1,1,fixed_d42,282.6666666666667,834.0,5,-0.03206684935673343,0.931518659267989,0.5828447195256772,27.940279888662804,-0.4276690882561427
1,1,fixed_d27,403.3333333333333,974.0,5,-0.292007853397658,1.2816518536585184,0.5782097811381669,27.176072957381063,-0.5646436797830385
2,2,fixed_d14,344.0,732.0,5,-0.09133567070333337,1.0361441540563046,0.5627722785673612,24.773322406890667,-0.39080289648391686
2,2,fixed_d27,316.5,874.0,5,-0.18417576943036584,0.9475272195005701,0.5421398543629137,21.87883515956218,-0.45639445282961444
1,1,fixed_d11,289.1666666666667,1032.0,5,-0.4541656486412877,0.9043326112972346,0.5312163737617913,20.480427206838055,-0.6299308870428879
2,4,fixed_d27,227.83333333333334,748.0,5,-0.0004346675726351057,0.7276535552217694,0.5081186793323136,17.79856373709415,-0.43415674285415184
3,3,fixed_d27,259.3333333333333,885.0,5,-0.19052962162063858,0.7313454860228558,0.500508245340115,16.99041783569011,-0.4106224031026001
2,4,fixed_d20,222.16666666666666,832.0,5,-0.13708580305715268,0.7282598364195746,0.49906346880148655,16.840968417156027,-0.3374354917168497
1,1,fixed_d22,329.0,1032.0,5,-0.05069376170787998,0.7415634223983602,0.48939620539819984,15.872422285594876,-0.5613653239790243
2,4,fixed_d48,238.83333333333334,688.0,5,-0.07619066865484392,0.6536628949255294,0.48666298678096886,15.608247145122629,-0.3662212384132326
1,3,fixed_d44,289.5,813.0,5,-0.1278397076567802,0.6459800013414364,0.4753850169226802,14.561229590977504,-0.43577543147380604
1,3,fixed_d31,271.0,941.0,5,-0.24396729968138786,0.6913736227723666,0.4688135743718496,13.981862167337884,-0.4022911197687622
3,6,fixed_d9,282.1666666666667,857.0,5,-0.056246142614285066,0.6649930539296333,0.46258744662622525,13.452852572325972,-0.35460075097546606
1,3,fixed_d22,229.66666666666666,572.0,5,-0.04691151958957063,0.6149515573365038,0.449140175833389,12.373161491472862,-0.3608882238775666
3,3,fixed_d32,295.3333333333333,914.0,5,-0.10087520994286958,0.6010202977818894,0.44677702103064626,12.19193184751652,-0.3918662117428625
3,6,fixed_d54,230.0,514.0,5,-0.035605795069498236,0.581923015699816,0.44294721527477426,11.903425904461997,-0.34882284404071684
2,4,fixed_d17,292.1666666666667,829.0,5,-0.13622398649894019,0.6075926210829876,0.4366230338503598,11.440760652733228,-0.41303996659241926
1,3,fixed_d27,297.6666666666667,707.0,5,-0.06342823618261284,0.5837578543080482,0.4359427682457552,11.39199261460146,-0.33688425338734285
3,3,fixed_d47,299.8333333333333,937.0,5,-0.12782328320519765,0.5846644663041382,0.4344805017113428,11.28780931979969,-0.42186204350272694
3,6,fixed_d39,276.3333333333333,792.0,5,-0.11539815890563421,0.5919725358157669,0.4322562023833879,11.131009926293794,-0.4527541137972666
1,3,fixed_d41,402.8333333333333,973.0,5,-0.2228343998882063,0.6775938158676537,0.42879713384181595,10.891132748329335,-0.4117164210688157
3,6,fixed_d26,267.1666666666667,883.0,5,-0.07415292340083413,0.5862239826818684,0.4284435440553393,10.866881050516215,-0.3920500433751577
1,6,fixed_d39,239.66666666666666,749.0,5,-0.09921204491994629,0.5666786357628087,0.4279057749702689,10.830091810929478,-0.40634834701951994
2,4,fixed_d16,256.6666666666667,1008.0,5,-0.3729319014705412,0.6272487663760993,0.42751658971480044,10.803538474997683,-0.42829710883297234
1,3,fixed_d42,243.83333333333334,568.0,5,-0.04497950702670628,0.5391031033145097,0.42544653014099815,10.663300791376216,-0.37254957148760326
1,3,fixed_d13,305.8333333333333,983.0,5,-0.22550321332635015,0.6497064979267506,0.4249013765637803,10.626646951473335,-0.3521365955985849
2,4,fixed_d33,305.1666666666667,772.0,5,-0.10546093944815327,0.5741960990199128,0.42345478120659585,10.529941362631746,-0.41491798172850336
2,4,fixed_d22,376.5,820.0,5,-0.1304087352660528,0.6247910519352127,0.4211726789485744,10.37901449124286,-0.411283273261671
2,4,fixed_d11,343.0,852.0,5,-0.16083009577436824,0.6406941069950903,0.41783859270058943,10.162059087136422,-0.3411990601337974
3,6,fixed_d13,282.0,497.0,5,-0.03265812530632328,0.5977225621320599,0.4171067249302613,10.114991479590854,-0.31666226323776914
1,1,fixed_d47,385.3333333333333,1031.0,5,-0.556824693553167,0.7523678070411943,0.41639541229384164,10.069436002874014,-0.6436073303125873
2,4,fixed_d54,278.0,691.0,5,-0.07810944308242362,0.5545791444834971,0.4130411079409403,9.857115622286274,-0.5221947354122467
3,6,fixed_d12,268.3333333333333,855.0,5,-0.0543435828542399,0.5458376310669241,0.40998142194010406,9.666997599278828,-0.36185403649651127
1,3,fixed_d23,253.66666666666666,953.0,5,-0.15930137066246663,0.564996347775451,0.4097598989362001,9.653362893424392,-0.42015137773709366
2,2,fixed_d44,330.6666666666667,807.0,5,-0.12413951924307276,0.5237643010155274,0.4095111788518882,9.638074979455943,-0.4336371638860844
2,2,fixed_d7,362.0,1003.0,5,-0.3605114060168969,0.6779599636084815,0.4091415384372125,9.61539505582423,-0.4744609698954436
2,6,fixed_d8,318.1666666666667,897.0,5,-0.08214845054974595,0.5655801232789727,0.4001506716027201,9.078392328053077,-0.30757919780844933
2,2,fixed_d55,405.0,992.0,5,-0.323284775677542,0.572853628406926,0.3980120186604439,8.95470778936166,-0.4887960520257345
1,1,fixed_d28,351.6666666666667,1020.0,5,-0.27622504782368085,0.5951307892496107,0.3965368251239471,8.870278772181738,-0.6401584231554522
2,6,fixed_d27,269.8333333333333,868.0,5,-0.06413934488842077,0.5125395704274351,0.39301593103511434,8.671651933295617,-0.3123687486839588
3,3,fixed_d38,344.3333333333333,851.0,5,-0.15569075712050073,0.5439416443051567,0.39207766873834266,8.619398895349786,-0.4186923187722281
1,3,fixed_d26,308.6666666666667,797.0,5,-0.11803091420132816,0.5047910027562258,0.38921899361703144,8.461929555526684,-0.3579865777224328
1,6,fixed_d46,302.1666666666667,741.0,5,-0.0961389632199452,0.5086092397032629,0.38801506314258377,8.396385245377727,-0.32904567353319536
2,6,fixed_d14,289.0,714.0,5,-0.08443806145721633,0.49432982997805647,0.3877411637713416,8.381537143408414,-0.2875142411179237
2,4,fixed_d18,360.0,957.0,5,-0.2704141767946239,0.5795171673888824,0.3869448263086454,8.338500780307855,-0.3722448171243389
2,6,fixed_d25,304.1666666666667,854.0,5,-0.05392241325421199,0.4995472239536136,0.38443785981950007,8.20430193449307,-0.33693439971617034
1,3,fixed_d52,312.5,671.0,5,-0.07045142517615388,0.48665287897647475,0.38382165501047816,8.171612602604528,-0.4544029907381568
1,1,fixed_d44,573.1666666666666,972.0,5,-0.2019701371363931,0.6367253978165622,0.3835956980894446,8.159654823217878,-0.6124540498973154
2,4,fixed_d32,348.5,859.0,5,-0.17058842680703257,0.5254748549185105,0.38150574821046257,8.049789722921938,-0.43572721842127893
2,2,fixed_d17,404.3333333333333,962.0,5,-0.17092685029130983,0.5849965230734343,0.3806762200914697,8.006549051067834,-0.36195437714718226
2,4,fixed_d40,309.6666666666667,685.0,5,-0.05356249396659141,0.4718148437156761,0.37967418638651884,7.954591641524484,-0.35168868058187963
2,4,fixed_d10,313.8333333333333,964.0,5,-0.1766292390979739,0.5035384089979229,0.37894626563451633,7.9170355822883955,-0.44814080412767476
3,3,fixed_d18,294.8333333333333,937.0,5,-0.23999663369744462,0.5024414830797865,0.37712649170294704,7.82383452970457,-0.39558136182037773
3,6,fixed_d10,325.8333333333333,907.0,5,-0.09420285041571719,0.49596968954316,0.3746917575042122,7.700659592101122,-0.28758002687492623
2,4,model_plan,359.6666666666667,894.0,5,-0.1981659348734217,0.519712619077724,0.3745913589294615,7.695617435763211,-0.3262819923503488
3,3,fixed_d55,500.5,1026.0,5,-0.27744360269750046,0.5844452502288369,0.37446529427038816,7.689290430659495,-0.4967132138129978
2,6,fixed_d10,288.1666666666667,852.0,5,-0.05223966951190795,0.48669162236345537,0.37434329681635764,7.683171935991037,-0.2829043271458659
2,6,fixed_d54,350.8333333333333,875.0,5,-0.18473084274812668,0.48045394822077186,0.3739111596061457,7.661533750949696,-0.3944522861349774
3,6,rolling_path,346.8333333333333,827.0,5,-0.03434582634110317,0.4922494508682335,0.37225135658518893,7.578923401125476,-0.36012867010099636
2,6,fixed_d17,316.1666666666667,773.0,5,-0.10571392904232946,0.47892076890218155,0.36799499205106845,7.370662137694639,-0.3416917914501416
3,6,fixed_d59,400.5,920.0,5,-0.07026599701823943,0.5396177457213828,0.36785070800562697,7.363691705769568,-0.4734688766121523
3,12,fixed_d45,266.0,428.0,5,-0.019996273813272625,0.4537041027277118,0.3675342466628486,7.348423625777144,-0.36420434945306424
1,6,fixed_d59,386.3333333333333,801.0,5,-0.09119803073162813,0.4931688994502903,0.3670845144722881,7.326773662304355,-0.33768274407860543
2,4,fixed_d13,377.3333333333333,847.0,5,-0.15021721936638666,0.5100759753939753,0.3668936428395173,7.3176021423674324,-0.36663575031367246
1,1,fixed_d5,305.8333333333333,1034.0,5,-0.47998981454859835,0.5743750117661142,0.36594505913129854,7.272171644434589,-0.6109187642944262
1,6,fixed_d28,300.0,560.0,5,-0.004371194510730869,0.47973463640690656,0.3657665388965906,7.263649563871537,-0.3416104536724438
1,3,fixed_d10,390.6666666666667,992.0,5,-0.2498422697315461,0.579395847837931,0.3649233641332113,7.223517155009924,-0.3859715996287927
1,6,fixed_d19,284.8333333333333,506.0,5,-0.03396975475656194,0.45983802070076213,0.36467930914299285,7.211937335365507,-0.31579063218921755
2,12,fixed_d45,336.0,780.0,5,-0.10756842359795915,0.4602037816889959,0.3629701942534765,7.13129961021702,-0.26353330620427207
3,6,fixed_d31,276.6666666666667,499.0,5,-0.033270124596739614,0.44649708807797545,0.3621029054228356,7.090683414294425,-0.40136005801813845
3,6,fixed_d40,331.3333333333333,653.0,5,-0.018861143307192352,0.45196387552613143,0.3617655333495699,7.074938733035722,-0.313432676172295
2,6,fixed_d12,356.8333333333333,769.0,5,-0.10476690663797383,0.48179567553121067,0.3615874679737325,7.066641029085243,-0.35161503115105586
2,6,fixed_d32,318.0,872.0,5,-0.18266613810239363,0.47834148301153,0.36131519831829395,7.05396996441902,-0.33549950661440087
2,2,fixed_d47,432.6666666666667,1016.0,5,-0.15051053094154498,0.4875624665697577,0.35530694481454683,6.779364272815535,-0.5758656419704605
1,6,fixed_d16,337.8333333333333,906.0,5,-0.09306619541211503,0.4557059431370143,0.3532867503392153,6.689151226388103,-0.3234665179898776
1,3,fixed_d21,402.3333333333333,862.0,5,-0.17156499039027417,0.4682750318383748,0.35278882021245517,6.667077018924386,-0.4412311788504665
3,6,fixed_d15,325.0,996.0,5,-0.2634427662988579,0.47280519622342426,0.3514145058128974,6.606479276470995,-0.45270655187386044
1,6,fixed_d24,324.0,560.0,5,-0.04388351324971729,0.4422289470805634,0.34941095604393685,6.518993648958905,-0.2912777830189244
1,6,fixed_d25,349.8333333333333,722.0,5,-0.03094701623546925,0.44034944816872335,0.34935193772414397,6.5164319091408505,-0.30511801619122203
1,3,fixed_d35,302.3333333333333,453.0,5,-0.015533875543765063,0.4250822870778128,0.3491770595393932,6.50884629794936,-0.43979151451924436
1,6,fixed_d14,338.8333333333333,844.0,5,-0.045936639116615496,0.46155546445118767,0.34845701378690713,6.4776937693541985,-0.2644903841630444
2,12,fixed_d52,337.6666666666667,673.0,5,-0.0708196318457609,0.43299405790161183,0.3477731436066728,6.4482260405968965,-0.35177382556431613
1,6,fixed_d13,362.8333333333333,936.0,5,-0.12777186947281582,0.4829730097669032,0.3468306816935804,6.407805881591721,-0.3121468649716671
3,12,fixed_d37,297.0,436.0,5,-0.01864924629566944,0.4304849334143914,0.34670748550211095,6.40253849883358,-0.37186455322914846
1,12,fixed_d51,315.8333333333333,599.0,5,-0.053071311812562305,0.4244680846577425,0.3456929374648727,6.359302613481872,-0.3300208584809414
2,4,fixed_d35,431.8333333333333,933.0,5,-0.233383131866591,0.5025696249375536,0.34335363362108784,6.260571028710889,-0.3756232163195362
2,6,model_plan,318.3333333333333,973.0,5,-0.19293112563202353,0.45178749459177725,0.34249403197588263,6.224624813120475,-0.3770252354423378
3,12,fixed_d20,340.8333333333333,878.0,5,-0.07188093563775011,0.422268755797925,0.34240861101348175,6.221062475170702,-0.31848853720547665
3,3,fixed_d59,401.8333333333333,991.0,5,-0.32194112423343424,0.4973982980271583,0.3388903777200507,6.075856458497567,-0.5344309541556785
3,12,fixed_d41,344.5,666.0,5,-0.06930275498407057,0.42742998560817885,0.33748359909639375,6.018615796379546,-0.3555983325768325
1,6,fixed_d30,394.5,835.0,5,-0.13783540653013648,0.4451629045273191,0.33742128388713744,6.016090979683825,-0.34657699664512054
1,1,fixed_d51,408.0,953.0,5,-0.10048170839827675,0.4576568375973838,0.33669776148869723,5.986842531273151,-0.5536705347569466
2,4,fixed_d42,332.3333333333333,958.0,5,-0.0071145825270614305,0.41728865595423686,0.336649077270215,5.984878851922089,-0.40478079831261693
2,6,fixed_d29,384.6666666666667,904.0,5,-0.20221760369564123,0.4424393615020106,0.33648383257418685,5.97821781720488,-0.3997799247271606
3,6,fixed_d16,325.1666666666667,448.0,5,-0.024498287275776742,0.41963862715439554,0.3363706002301343,5.973657075126118,-0.36381897748573544
2,2,fixed_d18,311.0,1031.0,5,-0.44849293306576377,0.5099596264847429,0.33621715352603226,5.967481346095853,-0.502930667832176
2,6,fixed_d48,394.0,962.0,5,-0.2745023951675317,0.4443015057591233,0.33613825819859194,5.964308195838794,-0.33971488881411116
2,12,fixed_d31,304.5,475.0,5,-0.005411163491673809,0.4197688842593627,0.3360472821772875,5.9606509570564,-0.3304419014355292
2,2,fixed_d24,293.6666666666667,1025.0,5,-0.010891787390974517,0.4347254973914254,0.33603762717304775,5.9602629383416135,-0.43177569407474514
1,6,fixed_d49,432.8333333333333,888.0,5,-0.16635375223338655,0.48048974129126804,0.3360292910911518,5.959927942342713,-0.3765005973548712
1,3,model_plan,479.0,972.0,5,-0.18783040571015708,0.5096507718429724,0.3356892207590448,5.9462755222835595,-0.38546425309277965
1,6,fixed_d20,336.0,615.0,5,-0.05797079220424506,0.4168278928617352,0.33476045447875763,5.909125681087355,-0.2954050000336226
1,6,fixed_d26,382.8333333333333,929.0,5,-0.11824808196388759,0.4583439072004874,0.33263135436716695,5.824711586315563,-0.3499994300901883
3,12,fixed_d54,346.3333333333333,756.0,5,-0.024685138513807936,0.41142548020262765,0.332277481996193,5.810781628114592,-0.30084703906505494
1,6,fixed_d47,354.6666666666667,639.0,5,-0.06334049911445783,0.4159031936108377,0.3321569341904329,5.806042836754291,-0.35573602528982895
3,12,fixed_d19,336.0,900.0,5,-0.08699235793743088,0.41542000933857376,0.3319981190607511,5.799804771659275,-0.31969455166305116
1,12,fixed_d54,341.0,614.0,5,-0.05737879117828171,0.40104283945354524,0.3314360722729358,5.777774143442174,-0.3507147725388341
1,12,fixed_d55,360.5,709.0,5,-0.08355814432966435,0.40376654234738374,0.33111040925495505,5.76504175889072,-0.339018370145722
1,6,fixed_d15,375.6666666666667,595.0,5,-0.0527516951863638,0.42205763594633616,0.330864791219067,5.755454702605951,-0.27616043403380475
1,12,fixed_d50,343.5,729.0,5,-0.09061855747586611,0.4048944391414722,0.32905028547398774,5.685049880501084,-0.32592096309181917
1,1,fixed_d52,479.1666666666667,1022.0,5,-0.2802244562858126,0.5563227047126821,0.3287523316462319,5.6735592843108,-0.6346244006695518
3,3,fixed_d25,424.5,997.0,5,-0.3287794205500565,0.4730203543478493,0.3285435111758586,5.665517891835054,-0.4996877402993899
3,6,fixed_d18,437.6666666666667,726.0,5,-0.08111592200218787,0.4267909571123491,0.3268489809802143,5.600621156539012,-0.3608520633500547
2,12,fixed_d40,310.6666666666667,418.0,5,-0.019674148680442705,0.3968869079930286,0.3268080088788262,5.59905986455518,-0.2944674065802937
1,3,fixed_d18,354.0,592.0,5,-0.016864615324831078,0.40165540773975345,0.32647086362467287,5.586226547071364,-0.4066563511273785
1,3,fixed_d45,385.1666666666667,885.0,5,-0.07467503034408562,0.40557685277891037,0.32577203824277823,5.559705423523101,-0.4539775253414561
1,6,fixed_d51,434.1666666666667,794.0,5,-0.11640272444271538,0.4398314057456836,0.3253752446052336,5.544694268930698,-0.3742733255123245
1,3,fixed_d43,386.8333333333333,823.0,5,-0.13086184937451295,0.3966743126938679,0.32510211287711266,5.53438135079881,-0.45910014385437115
1,1,fixed_d55,412.0,812.0,5,-0.10431229140836207,0.39290399902337286,0.3244798203851873,5.51094545738139,-0.5904853823497055
3,12,fixed_d12,344.0,527.0,5,-0.009628706977891865,0.40641320978515044,0.3243280463443352,5.505242321338034,-0.29120160741554346
3,3,fixed_d49,362.5,558.0,5,-0.043433531808283465,0.396597976679917,0.32339253820707115,5.470199334169833,-0.46094898418393526
1,12,fixed_d31,391.8333333333333,693.0,5,-0.07920234018941452,0.4091234305913805,0.32172594129031906,5.408237703482019,-0.2641869014028865
2,12,fixed_d30,366.0,763.0,5,-0.006360815429704125,0.40860436384597293,0.32099010219988267,5.381069452739349,-0.3319297046003794
1,12,fixed_d45,364.3333333333333,591.0,5,-0.03432299372757752,0.3868013363130056,0.3208045377803814,5.374236349258463,-0.29269523230160777
1,6,fixed_d56,374.1666666666667,702.0,5,-0.08106349555336145,0.38951573625298247,0.3203035226174616,5.355823818723369,-0.3641584475316342
2,4,fixed_d46,366.0,800.0,5,-0.11960928977809848,0.3876563316859825,0.3186922025915776,5.296966909229024,-0.35859525844535056
2,6,fixed_d39,408.3333333333333,930.0,5,-0.23064498513172982,0.42489441003662165,0.31848098310740436,5.289292180245785,-0.40882054090876885
3,12,fixed_d31,356.1666666666667,768.0,5,-0.008970875633127928,0.38593082015846614,0.3183466343900585,5.284415443446337,-0.3588679834595546
1,3,fixed_d48,452.6666666666667,974.0,5,-0.05078680847355399,0.4100979357303855,0.3181221090364404,5.2762738154151,-0.4219060603606044
1,3,fixed_d56,386.0,730.0,5,-0.028720838569618712,0.42127337184448416,0.3180800090117349,5.274748379725705,-0.4675573448853184
2,6,fixed_d26,374.1666666666667,621.0,5,-0.04047953028842144,0.3927714193413619,0.3179925193602979,5.271579499919832,-0.34418386252468625
2,6,fixed_d56,387.1666666666667,871.0,5,-0.18199180301659423,0.4179573542211148,0.31781260516012766,5.265068026442434,-0.30699991482455313
3,6,fixed_d38,347.0,887.0,5,-0.07501345290406047,0.3926840070508591,0.31743726281201445,5.251505353056207,-0.43830325416413574
1,1,fixed_d36,588.3333333333334,1003.0,5,-0.2528494818518289,0.4806886414999782,0.3162798886337804,5.209869201623916,-0.5017931980545289
3,12,fixed_d40,413.5,839.0,5,-0.14049783083653777,0.4141819371847648,0.31591856987820666,5.1969277652832515,-0.32478775668320925
2,4,fixed_d53,374.3333333333333,915.0,5,-0.21830021263351063,0.4081144155081267,0.3154501736184325,5.180191244640344,-0.40297017407661895
2,12,fixed_d16,359.3333333333333,552.0,5,-0.04236601751895697,0.38990676573350536,0.3151256888849344,5.16862341534855,-0.2790728766505963
2,4,fixed_d6,444.1666666666667,750.0,5,-0.09934727269932309,0.4151806832039411,0.31422303237333554,5.136557621158978,-0.37252480826446843
1,6,fixed_d35,341.0,502.0,5,-0.012170088707813664,0.3765104692482772,0.31377662140692,5.120761060160713,-0.3595919496131478
2,12,fixed_d19,370.6666666666667,806.0,5,-0.024358411276286573,0.378043253647665,0.3135149034200067,5.1115189028222,-0.31431304996549414
1,1,fixed_d17,380.3333333333333,1033.0,5,-0.10447382284104467,0.43172118453938113,0.3133410294828121,5.105386536058901,-0.5945249427609947
1,1,fixed_d24,436.3333333333333,909.0,5,-0.21045493030554474,0.4167448845440158,0.3122327534968097,5.066443055702234,-0.5185688865947394
2,12,fixed_d47,389.5,868.0,5,-0.17837332488198954,0.39893415923757836,0.31203062641454293,5.059367383756151,-0.3540834671080433
2,4,fixed_d19,366.8333333333333,953.0,5,-0.0014362110286274543,0.39225370263956855,0.3118890620770249,5.054416689321574,-0.41775711414837136
2,2,fixed_d31,470.5,999.0,5,-0.09102822399948007,0.42056410894836677,0.3114314397350882,5.038440678205495,-0.4553708304571584
1,6,fixed_d45,431.1666666666667,787.0,5,-0.11365494759772032,0.37498265228980215,0.310693722344307,5.012775003774378,-0.37334118448094733
1,6,fixed_d44,467.0,955.0,5,-0.17104465794651447,0.4260093901197021,0.3106384064140816,5.010854928415243,-0.34310683682345633
1,12,fixed_d47,365.3333333333333,526.0,5,-0.03709783797446409,0.37184658341092053,0.3102413431502232,4.997090420892009,-0.2990376072869697
2,12,fixed_d14,355.5,576.0,5,-0.010551305264446365,0.38755302514365253,0.3101298592997071,4.993231416769393,-0.2388972329603073
1,12,fixed_d52,382.1666666666667,729.0,5,-0.02215233233908165,0.37473621753539493,0.30900408802259083,4.954401811670225,-0.33500399334407327
2,2,fixed_d56,392.8333333333333,984.0,5,-0.30954839961724356,0.41414827905617885,0.30884628306083534,4.948979013892816,-0.4413992662860886
1,12,fixed_d38,369.0,565.0,5,-0.04475457612322409,0.3695267705997911,0.308785041834269,4.946875855459502,-0.2875779057613499
3,6,fixed_d14,413.6666666666667,879.0,5,-0.1876351300121577,0.3986871697598359,0.3083285471999045,4.931222235344356,-0.3866794842136132
2,12,fixed_d15,365.5,549.0,5,-0.04137020547778325,0.3756261974176022,0.3079257795066782,4.917445180155966,-0.25035413123834516
1,6,fixed_d31,421.1666666666667,866.0,5,-0.17615858692861275,0.4021920606391343,0.3071732581479229,4.891790158705567,-0.3631368461021022
1,3,fixed_d36,454.0,831.0,5,-0.08744499810051565,0.39626484660172895,0.30706940467561755,4.888258322589526,-0.44058115916217133
3,3,fixed_d54,432.0,971.0,5,-0.28646338113123726,0.41517139193415264,0.3070286364919996,4.886872461961604,-0.4491990690005161
1,6,fixed_d27,386.8333333333333,818.0,5,-0.01996264524415925,0.38821894571720766,0.30685996276866134,4.881142086862914,-0.34810320164256814
3,3,fixed_d9,419.8333333333333,953.0,5,-0.2644420326694148,0.42209038828185336,0.3062912083457377,4.861860799769692,-0.4859493139461267
1,12,fixed_d43,390.6666666666667,628.0,5,-0.060858186118250446,0.36675827977256015,0.30611358852950665,4.855852291056827,-0.30540310204230026
2,4,fixed_d39,379.5,891.0,5,-0.194555761722647,0.3879044795845263,0.30569360508373516,4.8416696117296,-0.5023990480276329
1,6,fixed_d33,393.3333333333333,647.0,5,-0.059863251999120015,0.3705042803233885,0.30536379455974366,4.830556120450041,-0.3596222260070221
2,6,fixed_d45,401.1666666666667,701.0,5,-0.06457483710196332,0.3604403460438192,0.3052471306361596,4.826630007861797,-0.35622577177031745
1,6,fixed_d21,430.1666666666667,790.0,5,-0.11469958152223869,0.392811325145816,0.3047541254124802,4.810067982411758,-0.3291377233386811
3,6,fixed_d35,393.3333333333333,547.0,5,-0.040924665103103774,0.376572213456676,0.30355645541002185,4.770029269785408,-0.343167340232605
1,3,fixed_d46,436.8333333333333,814.0,5,-0.12812739709259402,0.402572735774309,0.3030923468693118,4.754588168370352,-0.4763024711720396
2,6,fixed_d42,411.5,681.0,5,-0.014050309578945597,0.36047788504677625,0.30240671152891774,4.731852352022446,-0.3630393381228978
3,6,fixed_d17,397.0,920.0,5,-0.11284196251771705,0.3864640745879621,0.3023527776566484,4.730067708701925,-0.4334628103251631
1,6,fixed_d43,430.3333333333333,812.0,5,-0.12759152769313453,0.3841951651305684,0.30104018867409815,4.6868057359170425,-0.3385653504822457
1,12,fixed_d35,373.8333333333333,609.0,5,-0.055865777777804104,0.3609101569148545,0.30050239579341254,4.669174944736674,-0.23618522786075735
2,4,fixed_d9,422.8333333333333,896.0,5,-0.08164817469030083,0.3800313489180782,0.2986712018448384,4.609550714016162,-0.3619173616253927
2,6,fixed_d30,440.5,804.0,5,-0.09555832109250983,0.370496582772419,0.29781208989466973,4.581794283787776,-0.3418938524274584
2,6,fixed_d41,434.3333333333333,932.0,5,-0.23143145520225294,0.40738670752448963,0.29659647230059827,4.542754262416959,-0.33939988088145023
1,6,fixed_d50,398.3333333333333,936.0,5,-0.23774361493280305,0.37830605040163784,0.2957217383497611,4.514830893808752,-0.37903466315511725
1,6,fixed_d32,383.6666666666667,827.0,5,-0.004272958247325653,0.36385370340822426,0.29536591627288683,4.503512585989515,-0.3741279212124906
3,6,fixed_d5,410.6666666666667,958.0,5,-0.16483327212007193,0.39520454770109353,0.2953407266774202,4.502712213729587,-0.3424736369989023
1,3,fixed_d7,398.6666666666667,993.0,5,-0.2551216213856752,0.4175036619460563,0.29428540470530995,4.469284876915632,-0.35700843057746035
2,12,fixed_d51,412.5,840.0,5,-0.14153976437003524,0.3661699909556564,0.2939801715435024,4.45965452676682,-0.3544406199709419
3,6,fixed_d28,430.5,748.0,5,-0.033851618917665194,0.3788827892744733,0.29390934871201485,4.457422434676144,-0.49196595544910915
2,12,fixed_d39,423.3333333333333,594.0,5,-0.05275139756608782,0.3553617284627233,0.291790236207698,4.391055787979915,-0.3520169084373025
1,6,fixed_d18,417.1666666666667,899.0,5,-0.0851164628261194,0.3690265723382444,0.29149468627764175,4.381864071045201,-0.44177588826781455
3,6,fixed_d30,387.6666666666667,952.0,5,-0.15836982290384904,0.3559910463032773,0.291300159644927,4.375822771384633,-0.4100689609976004
1,12,fixed_d58,418.6666666666667,659.0,5,-0.06688169619302198,0.34990682545238716,0.291111714709392,4.369976814327739,-0.34018263141643745
2,2,fixed_d54,404.0,975.0,5,-0.2931510994081632,0.37785996516676784,0.29089863937251303,4.363374428080535,-0.48289678440125827
2,12,fixed_d46,420.5,822.0,5,-0.1308158038152284,0.36445493405322765,0.29060623898311205,4.354327274435482,-0.28048379984558125
3,12,fixed_d30,421.1666666666667,799.0,5,-0.021925437818556603,0.3622030301218875,0.29048656636240855,4.350628889303248,-0.35737868184923705
2,6,fixed_d55,439.3333333333333,791.0,5,-0.1148605716937382,0.34614450697662197,0.290082698198166,4.338166519193757,-0.3584652834344899
2,12,model_plan,360.1666666666667,567.0,5,-0.002845871399263622,0.3418790943299596,0.2895073884308415,4.320463994359363,-0.2840552000780867
2,12,fixed_d44,415.6666666666667,838.0,5,-0.13997312203424983,0.36045693907608173,0.2892228876024759,4.311731489270078,-0.3085403604957543
3,3,fixed_d31,447.5,926.0,5,-0.2098663246170822,0.3876381724765019,0.2890990261389276,4.307934149227973,-0.4806838986010773
2,12,fixed_d38,473.1666666666667,841.0,5,-0.14197545538888245,0.3722799513588499,0.2887673336107083,4.297778495868901,-0.34763943379806195
3,24,fixed_d47,425.8333333333333,725.0,5,-0.08887887550343909,0.3555653775641709,0.28852864886915985,4.290482548629783,-0.3079421639177996
3,12,fixed_d46,409.1666666666667,824.0,5,-0.1317750298814836,0.3541913208299156,0.2883964791649623,4.286446801400617,-0.3700968118769997
3,3,fixed_d39,470.6666666666667,972.0,5,-0.18083080168510746,0.3799054260841955,0.28823862925194643,4.281630953371751,-0.4774832796758527
3,12,fixed_d56,440.6666666666667,728.0,5,-0.09052953625045057,0.3553861086416905,0.2871684502364607,4.249096323407515,-0.3698710396361694
3,12,fixed_d14,455.5,700.0,5,-0.08030242133164622,0.3560131666373518,0.28633563732016876,4.223916614086376,-0.2953689683216283
3,12,fixed_d17,411.1666666666667,911.0,5,-0.09866486708256406,0.3410052452401237,0.2855611735716744,4.200609465370443,-0.3874019692342613
2,12,fixed_d23,434.0,662.0,5,-0.06782362744835535,0.34768799776824916,0.285108395128757,4.187031494227607,-0.31415145756495855
1,1,fixed_d54,414.0,1035.0,5,-0.2027695336928763,0.38735685622914023,0.284881240965365,4.180232928956881,-0.617935692929651
1,12,fixed_d53,421.6666666666667,705.0,5,-0.0822453733719587,0.3407228959376403,0.28409822229337683,4.156865953293788,-0.3405222135116399
3,12,fixed_d44,419.5,718.0,5,-0.007734708234127141,0.33913128761462197,0.2840076848218177,4.154170926117158,-0.33882907435953513
3,12,fixed_d48,414.5,779.0,5,-0.10746640722516299,0.33883152392492777,0.28366647703754794,4.144026850564754,-0.35955839871151496
1,12,fixed_d57,394.5,493.0,5,-0.031600437159572614,0.3368548355000048,0.28366618994692633,4.14401832379914,-0.34815823885243224
3,12,fixed_d8,406.6666666666667,790.0,5,-0.016408315458856126,0.3437564725199294,0.2834666902770486,4.138096478758987,-0.30336337955670645
1,12,fixed_d48,416.3333333333333,587.0,5,-0.05007865237971443,0.34004957969617616,0.28337398593435964,4.135347011440303,-0.3204583675743705
2,6,fixed_d28,416.3333333333333,734.0,5,-0.024061132101364402,0.34374455554249367,0.28283755749898026,4.119466237755773,-0.3835670631943304
1,12,fixed_d56,393.1666666666667,778.0,5,-0.002384905598789455,0.33532149733080735,0.2827657764681905,4.117344914599171,-0.34216874704134015
2,4,fixed_d44,434.0,965.0,5,-0.13330119668444207,0.3507207015638463,0.281660580471658,4.084794125273195,-0.36705671120918526
1,12,fixed_d37,416.6666666666667,622.0,5,-0.02623169846730311,0.3428019613175475,0.28163843976181385,4.084144145850468,-0.2269880660426209
1,1,fixed_d53,522.8333333333334,1036.0,5,-0.22130472503032284,0.5773955916872727,0.27964621752532276,4.025997763046601,-0.5984376167731325
2,6,fixed_d34,444.3333333333333,782.0,5,-0.0655769734105538,0.34155312201404103,0.2791291995905395,4.011016711670769,-0.3769686118610964
1,1,fixed_d39,392.3333333333333,1033.0,5,-0.2007922529353634,0.39559816491449357,0.27836484368023334,3.988950592460337,-0.5779090645923002
2,4,fixed_d58,464.6666666666667,821.0,5,-0.09000118304329352,0.35959408135796506,0.27787248183515545,3.974788126295654,-0.3411376658811648
1,12,fixed_d32,477.5,695.0,5,-0.04891951518070792,0.34446449429261167,0.27744444139586844,3.9625084960363894,-0.27357944902884035
2,12,fixed_d42,446.8333333333333,575.0,5,-0.04723337075909906,0.3359393736570902,0.27721172648966114,3.955845091493935,-0.35722497385245044
3,12,fixed_d39,422.3333333333333,906.0,5,-0.2080830523961661,0.3467915446579688,0.2766163436219625,3.9388379920350403,-0.36490989135804597
1,6,fixed_d60,492.6666666666667,924.0,5,-0.005065315532717829,0.3739815654568364,0.2763508623165527,3.931273350235312,-0.38502177133237947
2,12,fixed_d20,411.8333333333333,750.0,5,-0.0016777240911466373,0.32509428238013277,0.2761942216640461,3.9268154572672236,-0.3119452990957743
3,3,fixed_d50,549.3333333333334,965.0,5,-0.06028475372685693,0.377321350364844,0.27613327893718503,3.9250821553204975,-0.4903769400556586
3,3,fixed_d40,451.6666666666667,908.0,5,-0.1784438117772783,0.3345387088947138,0.27515701173660234,3.8973986427375706,-0.4612456708620192
1,12,fixed_d34,425.5,665.0,5,-0.06869364135381917,0.326482889085368,0.27500782430911797,3.893181938877362,-0.22260158310707934
3,24,fixed_d48,467.8333333333333,804.0,5,-0.12257374152169742,0.3423211997684232,0.27426927241867266,3.8723605743337606,-0.27158542789005335
1,6,fixed_d41,429.3333333333333,734.0,5,-0.09254226202490734,0.32421718625633567,0.2738170818833439,3.8596561051898863,-0.3619767201917007
3,12,fixed_d29,450.5,804.0,5,-0.02353238756637832,0.3344035688289098,0.27257908435310174,3.825043321159126,-0.33368548785739993
1,12,fixed_d39,434.1666666666667,740.0,5,-0.09569882181879807,0.32545489382576925,0.2719301360635127,3.806998175755889,-0.3148651075609502
2,6,fixed_d9,456.3333333333333,925.0,5,-0.11600831039154103,0.3385650933597398,0.27191074244556157,3.8064599420007763,-0.3889141816674546
3,6,fixed_d4,437.6666666666667,817.0,5,-0.029569547265236973,0.324204500209561,0.2712184968214643,3.787287370180217,-0.37352561874410983
2,12,fixed_d37,463.1666666666667,801.0,5,-0.12148131454478317,0.3210119858332387,0.27093644437447506,3.779497535474178,-0.33501845247431306
1,6,fixed_d53,495.1666666666667,1002.0,5,-0.10325635431750013,0.33280223829197725,0.2701123093911784,3.7568088057928586,-0.3417506778719691
1,12,fixed_d46,431.8333333333333,793.0,5,-0.02941611322912685,0.3224017176469957,0.2696293528930309,3.7435629266523396,-0.34295189186861286
3,24,fixed_d49,476.3333333333333,707.0,5,-0.0823270221085487,0.32896943346699464,0.26800371241255727,3.699247488859461,-0.2749989571739285
1,3,fixed_d29,443.5,993.0,5,-0.3242899157938768,0.38144311847195295,0.2677301332796849,3.6918304461473435,-0.48749566438740655
2,12,fixed_d48,456.6666666666667,920.0,5,-0.2233517175595311,0.3304212468673764,0.26656496490839116,3.660372278803952,-0.32697185583071875
3,12,fixed_d26,432.1666666666667,889.0,5,-0.07639044295632913,0.3222906219976233,0.26621421747612106,3.6509438813500887,-0.38143110816008385
3,24,fixed_d50,450.1666666666667,695.0,5,-0.07980988355486263,0.3228453225982261,0.2662090297100519,3.650804572909135,-0.2751276263238408
1,12,fixed_d49,452.8333333333333,746.0,5,-0.09787601935087409,0.32299044206264155,0.2657163448346392,3.637593374704837,-0.3258778989046365
1,3,fixed_d58,489.8333333333333,939.0,5,-0.24213325150774978,0.33039676593394257,0.26558277223614124,3.634018136059116,-0.42941950153952013
3,12,fixed_d43,500.6666666666667,674.0,5,-0.07127459387261936,0.3271922379099151,0.26484730170198395,3.6143816543528864,-0.3684569785962031
2,12,fixed_d22,435.5,794.0,5,-0.017952642460497215,0.3097423829161139,0.26477514989285267,3.612459745747951,-0.30622963358547606
3,12,fixed_d53,462.1666666666667,605.0,5,-0.05437995105199067,0.31403863109109603,0.2646539861763534,3.6092341070145313,-0.361808917403979
3,12,fixed_d42,414.3333333333333,644.0,5,-0.006527611720572035,0.30536796829277607,0.2646351134347479,3.6087318771297836,-0.3743424531968771
3,6,fixed_d52,449.6666666666667,1009.0,5,-0.005721421428290463,0.3303071153555264,0.264392092501352,3.6022696394980844,-0.41557231413497775
3,6,fixed_d46,494.6666666666667,825.0,5,-0.1081351405964317,0.3303510206461571,0.2630037433029334,3.5655250226873347,-0.48648107053291656
3,6,fixed_d49,432.5,693.0,5,-0.03850364442466081,0.3013399507080432,0.26271797086772286,3.557998137822546,-0.415414077544204
3,24,fixed_d33,406.6666666666667,623.0,5,-0.0016752773200461313,0.3059799420344565,0.2624739416027029,3.551580538659861,-0.3049846818329799
3,24,fixed_d59,468.8333333333333,631.0,5,-0.044307999453470526,0.3120323354441585,0.26205080470080644,3.5404740908717685,-0.29054072707083367
1,6,fixed_d9,498.5,916.0,5,-0.10287223465736217,0.3597402487328929,0.2611077867533004,3.515819271533463,-0.28007528014355054
3,6,fixed_d37,460.0,842.0,5,-0.01910179008662194,0.3015765125918113,0.25812363759256024,3.4386785889751383,-0.38355572510010305
3,6,fixed_d57,477.3333333333333,916.0,5,-0.036007010660822236,0.3201198377102164,0.2578882156216434,3.432649273459062,-0.4433319352246011
3,24,fixed_d38,511.5,739.0,5,-0.08838435815964663,0.317092821926863,0.25738738150171964,3.419849804469651,-0.3110475543365343
3,12,fixed_d51,482.5,821.0,5,-0.1305368867868545,0.30993286819642746,0.25698814075207405,3.4096731654983774,-0.4190861708745376
1,6,fixed_d36,463.3333333333333,850.0,5,-0.15127185242371677,0.3119893056108079,0.2568964711722452,3.4073398193641644,-0.3543629837087736
1,6,fixed_d37,457.5,770.0,5,-0.014954202261309724,0.2932208922640361,0.2559439847187563,3.383168288928778,-0.36160812217031035
2,24,fixed_d49,462.3333333333333,798.0,5,-0.11808449907814966,0.3052794125288569,0.2556630431355638,3.376064101091419,-0.2880186088949471
2,12,fixed_d10,488.0,758.0,5,-0.00483578055976519,0.3268962798009452,0.25561363699215417,3.3748159558082165,-0.3205827593950693
3,24,fixed_d37,512.3333333333334,715.0,5,-0.06447885111957252,0.3152078444293043,0.2553563689592535,3.3683223555293083,-0.3004282884318127
2,12,fixed_d60,463.8333333333333,657.0,5,-0.04360218786442016,0.29435469761849203,0.2552437876607594,3.365483768316185,-0.35095577857498195
1,3,fixed_d51,560.1666666666666,863.0,5,-0.17224681761638572,0.33064332586090034,0.2544659945157614,3.345923079898963,-0.4560783577071418
2,12,fixed_d57,497.3333333333333,882.0,5,-0.06255520511768864,0.3036095663260559,0.25314999555471723,3.3130264716382767,-0.3557510414516597
2,24,fixed_d51,464.5,825.0,5,-0.1330297305011069,0.2990418036924709,0.2517699553989135,3.278796447919315,-0.2926946224787541
2,12,fixed_d50,460.8333333333333,908.0,5,-0.21033431511377443,0.3118879249868766,0.2513078144542138,3.2673944951209224,-0.35095577901254416
3,12,fixed_d25,441.5,946.0,5,-0.14796189981304797,0.3046273256526863,0.2510325207784236,3.260616888295224,-0.3465007469251691
2,24,fixed_d52,483.0,806.0,5,-0.12388327141752797,0.29550513311588955,0.2509943535310375,3.259678077824021,-0.28224085172045743
3,6,fixed_d53,475.1666666666667,590.0,5,-0.015089815071377743,0.2963366249263768,0.2507715959825952,3.2542029734222675,-0.34333307748741515
2,6,fixed_d52,487.1666666666667,990.0,5,-0.3198602928783477,0.35395487245921076,0.24993169452651515,3.233622451774038,-0.4595454771584657
3,12,fixed_d50,481.6666666666667,895.0,5,-0.04170208543383591,0.29973943114832663,0.2498202556105845,3.2308993006354827,-0.3316268422130697
2,6,fixed_d44,469.1666666666667,958.0,5,-0.27236668326177915,0.32806821436402944,0.24868774513336606,3.2033241280309115,-0.4118471219403288
2,24,fixed_d47,472.3333333333333,751.0,5,-0.09982821551154264,0.29067124372780223,0.24840451765301808,3.1964560429064335,-0.3056610631563239
3,24,fixed_d42,522.0,663.0,5,-0.0683080411497492,0.30263216902129253,0.24805164445450795,3.1879147924041353,-0.29861306951120714
2,12,fixed_d53,456.8333333333333,743.0,5,-0.0277690914712746,0.2845938627639222,0.24731622802172695,3.1701699598773807,-0.35885674503303744
1,12,fixed_d36,508.3333333333333,744.0,5,-0.09761377734860477,0.2970649109662409,0.2468286223262387,3.158446014742575,-0.2770324060769225
1,12,fixed_d59,495.3333333333333,786.0,5,-0.10228758766141066,0.2939699659088669,0.2462908391781772,3.145553826764533,-0.35954905297618456
2,12,fixed_d58,485.8333333333333,677.0,5,-0.0729818480494775,0.2899113030204434,0.24548127101222217,3.1262215137143325,-0.34780187359054326
3,12,fixed_d52,556.3333333333334,819.0,5,-0.13027306493507562,0.3119952279122415,0.2451293330883377,3.1178454516625633,-0.31579571794994477
3,24,fixed_d51,496.6666666666667,696.0,5,-0.0800092622466333,0.28892519964218105,0.2449827513202792,3.1143618484299065,-0.29164645547606016
3,3,rolling_path,491.0,973.0,5,-0.04994924787360133,0.29213990117010297,0.24475263443103012,3.108898927050628,-0.4396554669209046
3,24,fixed_d46,515.8333333333334,747.0,5,-0.09788537344143589,0.2943571464565287,0.24471219369107078,3.10793962294738,-0.2930041407535947
1,3,fixed_d49,599.1666666666666,913.0,5,-0.20204274196767424,0.3539781332413927,0.24404119170508215,3.092055278298057,-0.4153231412164162
1,12,fixed_d42,485.6666666666667,765.0,5,-0.10408012012713441,0.2850720187866335,0.24325366252280053,3.0734907637856317,-0.32932441317051664
1,12,fixed_d20,471.3333333333333,677.0,5,-0.06939802369384906,0.2824699505204232,0.24265953995928352,3.059541202265848,-0.22025251393280976
3,12,fixed_d7,497.5,854.0,5,-0.010433007127972571,0.297809552388035,0.24220810012549415,3.048973674290761,-0.28860610968965883
2,6,fixed_d49,473.5,929.0,5,-0.22942391127238893,0.2958140149608972,0.2418457389626103,3.040511249671545,-0.3874922616729395
2,6,fixed_d46,495.0,960.0,5,-0.273884321167036,0.3236634364145998,0.2415732380826512,3.0341590363522695,-0.391910805259405
2,6,fixed_d19,534.3333333333334,889.0,5,-0.19278801542443946,0.3041771027496593,0.24020066619273,3.0023148014062464,-0.35562544310766153
2,12,fixed_d49,491.6666666666667,858.0,5,-0.16997731096772684,0.28906914639215836,0.24017410085347293,3.001700960596996,-0.34607254799958387
2,24,fixed_d48,504.0,786.0,5,-0.11140902874182523,0.2857735407905012,0.24015530885358372,3.0012667938828947,-0.2654933736236489
1,1,fixed_d57,515.1666666666666,1029.0,5,-0.24249634709449452,0.3157357578890983,0.23849278223117296,2.9630419414351317,-0.6380590740782826
1,12,fixed_d24,520.1666666666666,755.0,5,-0.10044697799547742,0.27996024255528157,0.23646979642124005,2.917021574842775,-0.26065502211743496
3,24,fixed_d20,488.3333333333333,832.0,5,-0.0358925661983861,0.2775288420334056,0.23640773094954523,2.9156181451421057,-0.2941519839761566
3,24,fixed_d60,498.1666666666667,767.0,5,-0.10441362763048911,0.2771088121729473,0.235727191934558,2.9002626842865458,-0.3363942229550242
3,3,fixed_d60,464.1666666666667,980.0,5,-0.06461866629916135,0.2710518990876644,0.23543857126390827,2.8937685400648117,-0.4351522732082248
2,6,fixed_d23,509.0,993.0,5,-0.031208740732688645,0.29424441506905225,0.23506106546993133,2.8852907435619226,-0.3673092819635252
2,24,fixed_d32,470.3333333333333,752.0,5,-0.015453202772532815,0.27293664887984265,0.23503243436128177,2.8846485170279226,-0.24381869668924105
1,12,fixed_d19,477.0,627.0,5,-0.024882383255494744,0.2678802843236446,0.2344484655557125,2.87157260843129,-0.22116090500275787
2,24,fixed_d45,508.8333333333333,701.0,5,-0.08101907404904629,0.27592510788432917,0.23408296636370765,2.8634109556996186,-0.2630907803295165
3,6,fixed_d58,509.5,798.0,5,-0.03999852202958265,0.27441956917011573,0.23358844960457922,2.852395701780512,-0.3407519884952732
2,2,fixed_d38,482.3333333333333,1023.0,5,-0.4080587705689529,0.3401955168462633,0.2327489660757728,2.8337682507590376,-0.5592679026131291
3,24,fixed_d35,502.5,798.0,5,-0.021152903374976995,0.27694322742054084,0.23222445047414136,2.8221754261472314,-0.31754747827074203
2,4,fixed_d38,515.0,837.0,5,-0.03983598081341522,0.2736711039596205,0.23199550244685455,2.8171262216716166,-0.4038362993037331
1,12,fixed_d40,542.5,754.0,5,-0.09993163305162256,0.2760245404927813,0.23175305706940968,2.8117866189318175,-0.3113366977906368
3,24,fixed_d53,501.0,788.0,5,-0.0706113317025181,0.2665632123495328,0.23152788445392236,2.8068341207734098,-0.28927321617697843
1,12,fixed_d41,522.5,796.0,5,-0.10193601691828669,0.2735335406888499,0.23112293114068258,2.797943670763377,-0.31614414316331063
2,24,fixed_d59,518.1666666666666,713.0,5,-0.08402357614954326,0.26430037170271325,0.23110324855431907,2.7975120836583622,-0.3009241328558975
3,24,fixed_d36,524.0,739.0,5,-0.09556189867419052,0.2763943892695231,0.23080917527081835,2.7910696709826395,-0.3083465365477709
1,12,fixed_d21,527.0,678.0,5,-0.07313523850553272,0.2691554131272545,0.23057807889086468,2.7860145954164675,-0.2267355891971996
2,24,fixed_d35,490.1666666666667,754.0,5,-0.015019988880336066,0.266350184155207,0.23044447193183631,2.78309510997083,-0.23937265038696265
1,12,model_plan,446.6666666666667,784.0,5,-0.004974684119737782,0.2600284277580841,0.2299097285990833,2.7714327935636733,-0.2767950081935674
1,12,fixed_d14,500.3333333333333,661.0,5,-0.037529993222858105,0.2672007793665889,0.22963817576214962,2.765524218593306,-0.18489336647028531
3,24,fixed_d57,502.8333333333333,706.0,5,-0.03857094663663907,0.25993741476293475,0.22894036435444967,2.75038333001026,-0.290205111842602
2,2,fixed_d40,580.8333333333334,980.0,5,-0.3035488774458448,0.30975748624791904,0.22856520350518367,2.742268389448523,-0.5077386091697135
3,24,fixed_d40,550.6666666666666,736.0,5,-0.03604944705214608,0.2793806558079872,0.22850675139391166,2.7410056193114376,-0.31465418629409647
2,12,fixed_d9,526.1666666666666,808.0,5,-0.01675468134805347,0.28440777943964585,0.22760986320095086,2.721683039202416,-0.2874636334512145
2,24,fixed_d31,502.6666666666667,809.0,5,-0.02038958392086132,0.26475294686277734,0.22751559846416075,2.719658002427955,-0.26103694547074385
3,24,fixed_d52,509.8333333333333,728.0,5,-0.04038933770637565,0.26564643396808324,0.22746919797901605,2.718661611393497,-0.3109024554651709
2,12,fixed_d41,526.3333333333334,833.0,5,-0.13750114541286862,0.2678027782348537,0.22676392319753239,2.703549556654391,-0.38040482794277597
2,24,fixed_d57,515.6666666666666,788.0,5,-0.11405594136231612,0.2651966964544724,0.22645703264767886,2.6969929456882653,-0.29622039896396546
1,12,fixed_d16,504.5,653.0,5,-0.04410698530925694,0.25929240721335667,0.22610561060515907,2.689499189721511,-0.21349070752379262
1,6,fixed_d42,502.0,715.0,5,-0.03152958079398638,0.25916599002033275,0.2261038942726045,2.6894626277875378,-0.3252890512884363
2,24,fixed_d34,482.8333333333333,751.0,5,-0.004438996253075533,0.25723971465184875,0.2253311391048187,2.6730378693273935,-0.23079743420615983
2,24,fixed_d36,517.6666666666666,748.0,5,-0.06397604493084919,0.26109909405864706,0.22508721931229472,2.6678686005045193,-0.2772243532437515
2,24,fixed_d50,528.5,809.0,5,-0.12534093406035063,0.2661219791762694,0.22454599988373217,2.6564247753548886,-0.31447442907380885
2,24,fixed_d38,523.6666666666666,681.0,5,-0.05735137108340249,0.2598683365174281,0.2244993807484077,2.6554407079172417,-0.25967440627437
3,24,fixed_d41,542.3333333333334,710.0,5,-0.05654940005066844,0.26569096380182505,0.22367988917142034,2.6381855219451635,-0.31953604262993707
3,24,fixed_d22,509.3333333333333,780.0,5,-0.013671345791968825,0.25678709579014264,0.2234997840373402,2.6344041656830144,-0.3019535796854055
3,6,fixed_d41,504.1666666666667,959.0,5,-0.008078978298398098,0.25706027259220154,0.22188007699284987,2.6005740881719825,-0.3801356630649929
3,24,fixed_d32,553.5,746.0,5,-0.04252483478346114,0.263252540400238,0.22136283033508836,2.589837073363659,-0.29292640282264126
3,3,fixed_d37,529.8333333333334,883.0,5,-0.14506725942126797,0.2605163668899561,0.22033492547386402,2.5685947509988902,-0.45585950118981766
3,3,fixed_d36,532.3333333333334,995.0,5,-0.21455533951429262,0.27998144958976656,0.21881611581575508,2.5374374239141764,-0.4074928048798643
2,24,fixed_d40,525.8333333333334,711.0,5,-0.045756421586518936,0.24961873568922235,0.21816990347565413,2.524263458528299,-0.2792297392524571
1,24,fixed_d51,519.5,757.0,5,-0.07234588341262471,0.24517438653028056,0.217305794001864,2.5067239813065987,-0.20758696521994513
2,2,fixed_d60,504.5,1002.0,5,-0.10532114723624031,0.2665273637972224,0.2168190322431588,2.496882276272065,-0.39260696606323275
2,4,fixed_d23,537.6666666666666,946.0,5,-0.24760904655236005,0.2743361094480805,0.2165076970256254,2.490601961215187,-0.4344379108213122
2,24,fixed_d42,522.1666666666666,647.0,5,-0.05298172569963944,0.24379055060966912,0.2155976101049619,2.472308111091458,-0.28752500599813835
1,12,fixed_d17,530.8333333333334,635.0,5,-0.030430700015070866,0.2452114557241555,0.21558350142094337,2.472025265427422,-0.21892969541051033
3,24,fixed_d30,574.3333333333334,798.0,5,-0.05211441127217398,0.2569326291900323,0.215040135844073,2.461149586560903,-0.2868515379062212
3,24,fixed_d24,533.3333333333334,680.0,5,-0.00865863492164165,0.2455038253489558,0.2144242474085304,2.44886351841842,-0.28395147824579736
3,24,fixed_d54,557.0,633.0,5,-0.062242137455682967,0.2460275428843113,0.21430625362682382,2.4465146988676296,-0.34648544942998905
1,24,fixed_d50,532.3333333333334,761.0,5,-0.06423855551061852,0.24364146647655804,0.21414931224004508,2.44339305524975,-0.2287411658548555
1,24,fixed_d49,529.3333333333334,768.0,5,-0.06670612666152553,0.24299893359510238,0.21385803755809732,2.4376069457380054,-0.2035038190622418
1,6,fixed_d8,556.5,942.0,5,-0.1433380390537533,0.2918959325062152,0.21330076079658936,2.426563843414911,-0.3443042125706921
1,12,fixed_d18,535.5,645.0,5,-0.021014196804238217,0.24107609626098245,0.21251102382085582,2.410974996830131,-0.22557155595507028
3,24,fixed_d23,530.1666666666666,823.0,5,-0.032319671846490095,0.2434914244983787,0.21163343178860738,2.393735133091146,-0.2973994475137719
2,24,fixed_d54,550.8333333333334,717.0,5,-0.0853369129951067,0.2413181511658482,0.2107767533025361,2.37699015339964,-0.2674040728607132
2,24,fixed_d33,523.8333333333334,789.0,5,-0.003199264957444936,0.23878418004573324,0.21027943370773916,2.3673072757469695,-0.2357831528574873
2,24,fixed_d43,569.0,687.0,5,-0.06848213656376478,0.2428111104700319,0.21025892650110367,2.3669085943257557,-0.3182523347804269
1,24,fixed_d47,524.1666666666666,809.0,5,-0.064593136377458,0.23571015991114996,0.21018828040103887,2.3655355220438894,-0.20014909634435207
2,24,fixed_d55,576.8333333333334,694.0,5,-0.07932460088228799,0.24252254394035613,0.20978868096401032,2.357779472210471,-0.27971580567972565
1,6,fixed_d57,522.6666666666666,945.0,5,-0.10491325507229454,0.2437323269297759,0.20965118574585406,2.3551148856005266,-0.3783204591320767
3,24,fixed_d58,537.1666666666666,823.0,5,-0.05330268468959287,0.23456935895462458,0.20851920198000706,2.3332578340663352,-0.34828483593322623
3,24,fixed_d56,558.0,714.0,5,-0.05824134959991645,0.23756930567791232,0.20839817453061,2.330929402327693,-0.32832769345266755
2,6,fixed_d50,494.8333333333333,1005.0,5,-0.3695381453541592,0.2791005114263962,0.20801972780835068,2.3236590035683915,-0.46875486549267165
2,24,fixed_d53,559.0,771.0,5,-0.10538995084370295,0.2400320548212719,0.20767023535015447,2.3169589447883596,-0.28633149041876915
2,24,fixed_d16,513.6666666666666,747.0,5,-0.01672799371424838,0.23347830934067415,0.20656521155515956,2.2958634618016416,-0.1844924389200413
2,24,fixed_d39,566.5,723.0,5,-0.04699066858171996,0.23544179625634185,0.20620421054291047,2.2890008797265797,-0.30237861801358723
1,12,fixed_d15,566.1666666666666,711.0,5,-0.08153742541871078,0.2391097080166463,0.2060376854435552,2.2858400771061684,-0.21079703129049132
1,24,fixed_d46,537.8333333333334,741.0,5,-0.06525851717607845,0.23031080176706512,0.20594422550585986,2.2840674507986605,-0.1972303908451003
1,12,rolling_path,547.3333333333334,840.0,5,-0.030823371525615206,0.24687003947931674,0.2058538038588946,2.2823533609955238,-0.2056182907529306
2,24,fixed_d37,552.8333333333334,757.0,5,-0.0608531015197914,0.23372571778634144,0.2049199919369512,2.26470367661512,-0.2763333528438683
1,12,fixed_d13,549.1666666666666,769.0,5,-0.007819085559485295,0.23687349933875068,0.20482419308126829,2.2628983888516867,-0.17054211837419242
2,4,fixed_d37,560.3333333333334,844.0,5,-0.06970348734195142,0.232014284164448,0.20410147740961349,2.249311260675177,-0.4909274340165395
2,24,fixed_d41,554.0,727.0,5,-0.06258097833801923,0.23132630582511293,0.2038673064863181,2.244920971025361,-0.3038915454004094
1,24,fixed_d55,551.0,808.0,5,-0.07495741303937764,0.22931689976921113,0.2028913158423747,2.226686669121128,-0.22507624810672022
3,3,fixed_d53,565.3333333333334,931.0,5,-0.23095903162475162,0.2708546420767184,0.20272504280565865,2.2235904433224687,-0.4301157633294356
2,24,fixed_d46,590.0,742.0,5,-0.09632197684843447,0.23580303876343503,0.20265699686722227,2.222324194049283,-0.2901476744724667
1,24,fixed_d45,545.5,736.0,5,-0.06263265216660385,0.2261267428270198,0.20218849992149504,2.213619546423301,-0.2025295675017661
1,24,fixed_d54,561.0,765.0,5,-0.06636934965786623,0.2271458222037749,0.20182357189535735,2.206855498489865,-0.21413237246134953
1,24,fixed_d48,543.0,805.0,5,-0.060463586039688155,0.22513642477287452,0.20166084882817548,2.2038439700807455,-0.19972749753472618
1,12,fixed_d12,586.8333333333334,732.0,5,-0.05696709157825741,0.23805873461405233,0.2013704303888218,2.198476199680773,-0.1581041901521808
2,24,fixed_d23,544.3333333333334,872.0,5,-0.00706489151687828,0.22873234468095746,0.20108301136282183,2.1931727215459693,-0.2311199150822184
2,12,fixed_d36,573.3333333333334,895.0,5,-0.19915194900554178,0.24299630237658779,0.20104207923292458,2.1924181544061807,-0.3530741838896776
2,6,fixed_d51,574.0,1001.0,5,-0.3034079427133486,0.29582999696473594,0.2010161528878069,2.191940305036979,-0.45839504837781564
2,24,fixed_d44,595.1666666666666,737.0,5,-0.08006811568170491,0.23362854610043407,0.20088332912036674,2.1894933471879288,-0.2915558771063156
2,12,fixed_d55,596.3333333333334,912.0,5,-0.0713388401542252,0.23661003852903614,0.20034651679623172,2.179622969587536,-0.4093629743957895
1,24,fixed_d52,564.3333333333334,724.0,5,-0.0743574015076085,0.22445987751957455,0.19996614210336291,2.1726475091638986,-0.21372630162998119
1,24,fixed_d59,569.0,748.0,5,-0.08601614689492731,0.2244941701354517,0.19951292908425394,2.164356286978746,-0.2392180652681163
2,24,fixed_d60,591.1666666666666,754.0,5,-0.09991472479521879,0.2329106122684587,0.1988264562542989,2.151838983281068,-0.31590811638741456
2,6,fixed_d36,524.8333333333334,1027.0,5,-0.4224223766066383,0.29285718214646445,0.19810334140047542,2.1387070866344833,-0.4778407633511045
2,6,fixed_d57,567.5,924.0,5,-0.11732975504089382,0.22562166641010925,0.19759229124255667,2.12945933436765,-0.4027117957513956
3,3,fixed_d23,512.3333333333334,1011.0,5,-0.3758976332422874,0.2587807442284043,0.19739666761985794,2.125926625740222,-0.49892796840864706
3,48,fixed_d49,554.0,686.0,5,-0.03144109735408873,0.22098750038692053,0.19676172751972174,2.1144878863705285,-0.2784311272519552
3,48,fixed_d48,556.8333333333334,686.0,5,-0.03806783522135204,0.21674391331499399,0.19425748863273867,2.0697795092818776,-0.26294711527190007
3,48,fixed_d59,549.3333333333334,697.0,5,-0.02095151359987424,0.21293126549646066,0.19341097973415747,2.054812319319386,-0.27174088342920755
1,12,fixed_d11,594.3333333333334,718.0,5,-0.07653791237850538,0.2270808854440677,0.19312081996153732,2.049698793581531,-0.16069528503080788
1,24,fixed_d53,577.0,755.0,5,-0.07895637030364133,0.21464084824551724,0.1917878553668727,2.026317536358655,-0.20386040450536458
1,24,fixed_d43,574.3333333333334,759.0,5,-0.06617131951755462,0.2141918487055863,0.191364858288743,2.0189353656689226,-0.20084814962821618
1,24,fixed_d31,589.1666666666666,707.0,5,-0.047437653482980124,0.21556596868366903,0.19034857327148574,2.001272619441444,-0.18468347604634516
1,1,fixed_d26,494.5,1010.0,5,-0.19237042840010643,0.25417765760426037,0.18993496536505616,1.9941138518043262,-0.6454801055673183
3,3,fixed_d20,578.5,884.0,5,-0.19040956239143036,0.2276581037015357,0.18956092801526245,1.987654679603132,-0.4229463216116347
3,48,fixed_d58,564.5,699.0,5,-0.03226035701903163,0.20901642093399073,0.18913980623431415,1.9803990905898985,-0.28079478166772176
3,6,fixed_d3,570.0,950.0,5,-0.15373769637828472,0.23355359582841465,0.18897881087981772,1.9776299284553653,-0.35643935482684286
2,2,fixed_d57,581.5,934.0,5,-0.21305017613705735,0.2391362675825863,0.18829152574852245,1.9658373517001717,-0.529970558856684
1,24,fixed_d42,568.1666666666666,760.0,5,-0.06590158990833161,0.20914140578091103,0.18826095160605125,1.9653138407916204,-0.1913389614015727
2,24,fixed_d58,602.0,815.0,5,-0.11130476820095725,0.21884046506221896,0.18757562978887102,1.9536035218249923,-0.2895320760937412
1,24,fixed_d44,603.5,771.0,5,-0.06345612630998487,0.20883751657826266,0.1862393481937149,1.9309028699699735,-0.19757956907905405
3,48,fixed_d46,558.6666666666666,723.0,5,-0.03235666056211839,0.20615975965880454,0.18613013673963455,1.929055324440108,-0.23970848059211813
3,48,fixed_d60,588.3333333333334,698.0,5,-0.0280777541628201,0.2041515924301843,0.18457718000190262,1.9029094125157546,-0.29399925996322884
1,24,fixed_d37,567.8333333333334,713.0,5,-0.033220284804580835,0.2021909684895015,0.18340395690696,1.8833116531069694,-0.16616087327063067
2,24,fixed_d56,631.3333333333334,758.0,5,-0.08714959402778011,0.20976958916934355,0.18304706250468317,1.8773763023321437,-0.3793202073183378
1,24,fixed_d36,570.1666666666666,721.0,5,-0.04239071152987117,0.20149862984330894,0.18288551252472796,1.874693655554009,-0.16020868670343358
2,6,fixed_d60,580.3333333333334,927.0,5,-0.22336143817489784,0.22239718469725153,0.18234968959114053,1.8658138450705297,-0.45830850679768953
2,4,fixed_d49,627.8333333333334,879.0,5,-0.16620554300575796,0.22201351910865377,0.18217391168796407,1.8629067827461148,-0.3707279320796254
3,48,fixed_d45,567.8333333333334,734.0,5,-0.01796929264129954,0.20093849241135842,0.18211982646442035,1.8620129001522034,-0.24133452013250078
3,48,fixed_d38,552.8333333333334,761.0,5,-0.01595424397425027,0.1996407234493057,0.18191401441005878,1.8586139340576686,-0.23655765324430178
1,24,fixed_d32,591.1666666666666,716.0,5,-0.0294943206120043,0.202285581015934,0.18175203235547388,1.8559416551104562,-0.17573091545674724
1,24,fixed_d58,599.3333333333334,781.0,5,-0.08239953161305935,0.2018606932146462,0.18156547409352364,1.8528670284344186,-0.2651586471522651
1,24,fixed_d33,575.0,726.0,5,-0.021260888316719573,0.19946328349946205,0.18109147882708157,1.8450700947053469,-0.16359605277833777
3,3,fixed_d57,653.6666666666666,927.0,5,-0.22781032802262202,0.24325332694883942,0.1807573803414557,1.8395871847189342,-0.5569763019466611
2,6,fixed_d53,554.1666666666666,987.0,5,-0.2462433031094431,0.23164582745412754,0.1806359362531222,1.8375967782000164,-0.3524000007687905
3,48,fixed_d50,590.3333333333334,687.0,5,-0.03671514665883291,0.19891602576661718,0.18053223570348045,1.8358982835495556,-0.280415892315505
3,48,fixed_d44,561.3333333333334,742.0,5,-0.0061715307752102655,0.19783928167852802,0.18023579115809402,1.8310484710705586,-0.23823915165084253
1,24,fixed_d35,570.5,746.0,5,-0.03382937705178379,0.19878499652035622,0.18015669467549944,1.8297558603194206,-0.16525881724254332
1,12,fixed_d10,610.8333333333334,776.0,5,-0.017516634320420166,0.21088466688994942,0.17992496115901951,1.825972220694076,-0.21072909883910118
1,24,fixed_d34,572.5,757.0,5,-0.022062497199974773,0.19448123139235837,0.1774837599106181,1.7864194581227237,-0.16437128941024626
1,24,fixed_d41,591.8333333333334,770.0,5,-0.05897698626107983,0.19448269085978143,0.17648468293111697,1.7703923232547099,-0.19024707912477168
3,48,fixed_d57,599.0,689.0,5,-0.046913578490462515,0.19306451996983487,0.1755788105987921,1.7559400732588806,-0.2830031059925956
1,24,fixed_d38,602.3333333333334,713.0,5,-0.04869948153964432,0.19340530154695265,0.17548906535606987,1.75451239237649,-0.1617200486007473
3,48,fixed_d47,595.5,745.0,5,-0.040422974617912,0.1919574452676196,0.17504157523202668,1.7474046822009015,-0.2573632419945705
1,24,fixed_d39,608.3333333333334,720.0,5,-0.053056057485875385,0.19303103626721332,0.17494501989841638,1.745873452645808,-0.17243618591558818
1,24,fixed_d30,621.0,743.0,5,-0.04109373420754425,0.19577303598932758,0.17411361680921425,1.7327238498013302,-0.18392349278645226
3,3,fixed_d46,617.6666666666666,810.0,5,-0.1254855034536254,0.19684457788369794,0.17407425753284295,1.7321029007635116,-0.48692982800783136
1,24,fixed_d40,598.5,776.0,5,-0.05962248720198571,0.19060577076886356,0.17331824117961814,1.7202030046156498,-0.18260070753888802
3,48,fixed_d37,579.8333333333334,815.0,5,-0.020143633075896505,0.18973535807425276,0.17269985020332193,1.7105079150677298,-0.24421588011212625
3,6,fixed_d23,590.8333333333334,975.0,5,-0.18695439010399928,0.2224860776749281,0.17230611573294521,1.7043529865649676,-0.42571878784683415
3,48,fixed_d51,615.5,767.0,5,-0.05237597010061923,0.18935405756162546,0.17213737090746484,1.7017194173030723,-0.2679080662463603
3,48,fixed_d53,607.8333333333334,803.0,5,-0.04245801902979596,0.18568678832640587,0.17035945603560626,1.6741272080124276,-0.262528503644733
3,48,fixed_d55,602.5,815.0,5,-0.016124610196827427,0.18490742288447662,0.1702879532231756,1.6730234395147274,-0.2683987118644563
3,48,fixed_d52,617.8333333333334,773.0,5,-0.05275272609899684,0.1857097766727994,0.1694720382816597,1.6604606078531803,-0.2680578541912141
2,12,fixed_d7,621.5,903.0,5,-0.022375342224986716,0.19693624146158326,0.1693159751357175,1.6580644027397833,-0.20296561956992998
1,24,fixed_d28,615.1666666666666,781.0,5,-0.018569614026317516,0.1872271950196601,0.1687858043244289,1.6499402285834748,-0.17059829525393133
1,24,fixed_d57,624.3333333333334,780.0,5,-0.0839971465757473,0.18628251996372347,0.16812225758481014,1.639807220641135,-0.2650888940176226
3,48,fixed_d54,601.3333333333334,794.0,5,-0.02598966678143877,0.18203329296060725,0.16804743041703107,1.6386669704335866,-0.2551037855099758
1,24,fixed_d56,645.3333333333334,790.0,5,-0.07408547573197788,0.1864049907664981,0.16771906515597543,1.6336690123416493,-0.25843208526438133
3,48,fixed_d30,595.1666666666666,934.0,5,-0.012776370761044986,0.18560715280126203,0.1671996055687385,1.6257817861807404,-0.21477451449011764
3,48,fixed_d39,599.0,762.0,5,-0.008679631826291168,0.1821644265518868,0.16698190522321824,1.622483356076907,-0.23592149534312057
3,6,fixed_d22,613.0,1017.0,5,-0.1067158080709939,0.19143371098729597,0.16593147774441444,1.606626213107567,-0.3837284695653591
2,48,fixed_d51,608.3333333333334,855.0,5,-0.06689108644204933,0.18161339592766923,0.16455745771703628,1.5860287984533086,-0.19823815607368178
3,48,fixed_d31,602.0,889.0,5,-0.007496125564357081,0.18190221514711255,0.16452527845255166,1.5855483668388501,-0.22028374148719054
3,48,fixed_d36,608.5,835.0,5,-0.02021591264784428,0.18003341979807708,0.16386662891158296,1.5757344136718965,-0.23507243788842813
3,48,fixed_d26,606.0,869.0,5,-0.007775123405551532,0.17896989141860598,0.16266532805432496,1.557930723025747,-0.1864340214503064
1,24,fixed_d27,641.5,764.0,5,-0.034622046701861975,0.18029757855073628,0.16236170033085814,1.5534503721032253,-0.16536338216323265
3,48,fixed_d27,616.5,893.0,5,-0.017375311159591234,0.17860840303967965,0.16130744366420785,1.5379545326387176,-0.18998434622533822
3,48,fixed_d28,611.8333333333334,925.0,5,-0.008358917918468878,0.17891140706243236,0.1611149520494407,1.5351353916989892,-0.20006409915254397
3,48,fixed_d56,605.0,806.0,5,-0.02350817971318564,0.17315534013411735,0.1609515344891075,1.5327445134446545,-0.2795513747357201
1,6,fixed_d55,638.1666666666666,957.0,5,-0.09511582253356021,0.18455509778940551,0.16060353613219153,1.5276606392677765,-0.3883479503392311
2,48,fixed_d59,612.0,890.0,5,-0.056815703015538954,0.17415152636370446,0.16056919979605752,1.5271595765139256,-0.2185455486184612
2,48,fixed_d49,623.1666666666666,849.0,5,-0.05553793479200764,0.17608243887115763,0.1599746644509259,1.5184993828955986,-0.19411255171553643
2,48,fixed_d52,615.8333333333334,895.0,5,-0.06294649302810917,0.17478056043418086,0.15884801409096477,1.5021695526536751,-0.19831666290008665
3,48,fixed_d29,613.6666666666666,900.0,5,-0.007375751283199783,0.17436781459649742,0.158387847101141,1.4955303208104764,-0.20382963741873927
2,48,fixed_d55,610.3333333333334,885.0,5,-0.04493314010988425,0.17134082905478457,0.15798740640800152,1.4897671492849525,-0.19400786641738033
3,48,fixed_d25,607.8333333333334,839.0,5,-0.0009225663334611056,0.17174997306354503,0.15773754153654407,1.4861778212321224,-0.17781485807952868
2,48,fixed_d48,624.5,837.0,5,-0.05426284947209403,0.17246934076622988,0.15740778125423013,1.4814487091212674,-0.1915085436594791
2,48,fixed_d50,638.3333333333334,862.0,5,-0.062039638010906506,0.16933969388776335,0.15448639489777377,1.4399438290519195,-0.2021558615874729
2,48,fixed_d47,630.5,868.0,5,-0.04985278572667051,0.1684848361214987,0.15395121439538217,1.4324159653877744,-0.18994759647147508
2,48,fixed_d46,631.0,902.0,5,-0.04834574316036866,0.16794760968031228,0.15324542072275968,1.4225237524054992,-0.18966164907459804
2,48,fixed_d45,633.1666666666666,910.0,5,-0.04026680171947339,0.16528957173594094,0.15142465504570793,1.397189754006952,-0.18812008351919485
2,48,fixed_d58,633.8333333333334,894.0,5,-0.05965391819349386,0.16277429352910808,0.15099204747672743,1.391209540316495,-0.22148534151006172
2,48,fixed_d53,633.3333333333334,904.0,5,-0.054059307914899435,0.16306745559529076,0.14991907674253302,1.376441481843512,-0.1992396520311771
2,48,fixed_d60,639.5,897.0,5,-0.06179550666915856,0.16162475542997176,0.14908865219219783,1.3650743992819012,-0.2368515356478158
2,48,fixed_d43,625.5,870.0,5,-0.03472076696438742,0.161046674856992,0.14885037463771741,1.3618228399465195,-0.18769130559874692
2,48,fixed_d56,639.0,891.0,5,-0.052733060815116084,0.15987432534076454,0.1483792933276531,1.35540756679594,-0.20727120500299046
1,3,fixed_d30,627.8333333333334,1017.0,5,-0.04437949793825624,0.16639533622634556,0.1482533074304829,1.353694822601485,-0.44590473576308987
2,48,fixed_d44,646.8333333333334,904.0,5,-0.03850232419165267,0.159149864534707,0.1463767960768424,1.3283310869872458,-0.18435437222395923
2,2,fixed_d36,622.6666666666666,989.0,5,-0.1998440240463747,0.17546166946522637,0.14581292065168874,1.3207630441724412,-0.4707386678140175
2,48,fixed_d54,639.6666666666666,900.0,5,-0.042488350535535235,0.15660337040774894,0.1457891867083922,1.3204450395765024,-0.19806455746507945
2,48,fixed_d41,619.3333333333334,898.0,5,-0.02822765048374465,0.15535736589377377,0.1452284608460299,1.3129446901506827,-0.190466982438117
2,48,fixed_d42,620.1666666666666,886.0,5,-0.02627824431412329,0.15557829393017245,0.145068179641156,1.3108052045949217,-0.18690962728031912
2,48,fixed_d57,656.3333333333334,893.0,5,-0.06666917760194835,0.15336734405477984,0.14263377994815038,1.2785522816020718,-0.21397918136715866
1,24,fixed_d22,652.5,833.0,5,-0.014906718750571701,0.1519061584382749,0.14198404958209726,1.2700204895956309,-0.13409967459369965
2,48,fixed_d31,625.5,974.0,5,-0.00761722120337105,0.151628233853009,0.14156217415656572,1.264497838178512,-0.1387228503588307
2,48,fixed_d40,631.5,908.0,5,-0.0212353559118843,0.1496094580651538,0.14080247072612243,1.2545866366333365,-0.1884359698604584
2,48,fixed_d35,624.3333333333334,940.0,5,-0.005028686288107043,0.1495549817177723,0.14026088142164647,1.2475474803023174,-0.13770950326592502
2,48,fixed_d34,622.6666666666666,937.0,5,-0.0013871314640003796,0.14843184744246388,0.13969358187563896,1.2401977281093286,-0.13774346976314977
2,48,fixed_d32,631.0,941.0,5,-0.005132267923623646,0.14896329836876895,0.1395796988393441,1.2387251950029783,-0.14061117859939964
2,2,fixed_d37,632.1666666666666,1019.0,5,-0.1995131697671899,0.16401738946420508,0.13905943273851218,1.2320103399918536,-0.5779785750749624
2,48,fixed_d39,644.6666666666666,911.0,5,-0.024136319693746855,0.14658687169285475,0.13810270775300068,1.2197148224750998,-0.18390636544240724
1,24,fixed_d24,691.6666666666666,825.0,5,-0.04749713352243701,0.14957384144415709,0.13773877166795484,1.215055438061872,-0.14790997323501054
2,48,fixed_d37,649.6666666666666,928.0,5,-0.02926048122798741,0.14579637424676214,0.13700496266305975,1.2056903818383544,-0.16877736338490112
2,48,fixed_d30,640.0,997.0,5,-0.004469012539215833,0.1465022168229862,0.13687299263312055,1.2040103524916796,-0.13471493185479855
2,48,fixed_d38,653.5,887.0,5,-0.027136208384098026,0.14317181072867513,0.13504152493057772,1.1808267385030362,-0.17859161081737862
1,24,fixed_d23,705.5,828.0,5,-0.062194617880156455,0.14565597209615766,0.1339802478111628,1.1675043374793908,-0.15070655292950574
2,48,fixed_d36,660.5,942.0,5,-0.031122607155605775,0.14216318313085782,0.133473943903418,1.1611773194103638,-0.15480921233654144
2,48,fixed_d33,644.0,962.0,5,-0.0009403507492899976,0.14133808855108174,0.13325545493762708,1.1584526836193119,-0.1412855637225522
1,24,fixed_d21,677.1666666666666,863.0,5,-0.033372258735678395,0.1419595492427965,0.13298130440347655,1.1550387866805791,-0.1306569785401831
1,24,fixed_d20,686.0,880.0,5,-0.030674025944839922,0.13628452263196178,0.1280490994556348,1.0945340328586535,-0.12709782154665739
2,48,fixed_d29,663.6666666666666,994.0,5,-0.0011046273259985862,0.13523902904114735,0.1273146251895278,1.085670519087227,-0.129708357580811
2,48,fixed_d28,674.1666666666666,1005.0,5,-0.0065437739011652285,0.13394757741569713,0.12583484135074066,1.0679264813668965,-0.1260868648300989
1,24,fixed_d19,684.8333333333334,850.0,5,-0.007725943913825528,0.13059061627837487,0.12401839103013901,1.0463517370742026,-0.1319228720907789
1,24,fixed_d16,683.8333333333334,865.0,5,-0.018288067016078546,0.12603558026302342,0.1202397316400878,1.002189451798671,-0.11040349760213952
2,48,fixed_d27,702.0,1006.0,5,-0.016660411366055006,0.1280688145065608,0.1200839424437804,1.0003892978403837,-0.12781922724265615
2,12,fixed_d4,723.1666666666666,904.0,5,-0.037018414668766764,0.12853288571018748,0.11938101013110008,0.992286976425893,-0.19866834908912234
1,24,fixed_d14,702.1666666666666,873.0,5,-0.015510854802103347,0.12571594986671314,0.11879521156190526,0.985559868313939,-0.09499020468356101
3,12,fixed_d3,697.8333333333334,898.0,5,-0.06641592487343406,0.1315569789174704,0.11759148295016489,0.9718078734481057,-0.20626975132474357
2,48,fixed_d26,708.1666666666666,1000.0,5,-0.014662369998547531,0.12423294027899097,0.11703632693709616,0.9654976280779219,-0.12354140224845722
2,48,fixed_d25,700.5,947.0,5,-0.012020689368172688,0.12282991528177944,0.11653766821597623,0.9598467837445319,-0.11339225471955905
1,24,fixed_d18,694.8333333333334,864.0,5,-0.005649069788744132,0.121079578624724,0.11579468696738231,0.9514573773251875,-0.12302342456051518
1,24,fixed_d17,700.8333333333334,872.0,5,-0.011082092117602138,0.1188110010682004,0.11381462834254867,0.9292744219852609,-0.11341593352300638
2,48,fixed_d24,701.0,980.0,5,-0.007193781036773816,0.11891129916799735,0.11328203465280555,0.9233508332516984,-0.11791798082066218
2,48,fixed_d23,691.6666666666666,991.0,5,-0.0003082258350848299,0.1181807402336601,0.11277100454240739,0.9176841766224186,-0.11512303815896119
1,48,fixed_d51,701.1666666666666,947.0,5,-0.03361008773107088,0.11756057734802389,0.11255460460171807,0.9152896184730297,-0.12827833838941094
1,48,fixed_d52,706.8333333333334,951.0,5,-0.03432747266156089,0.11715412814268139,0.11204210833062482,0.9096305464056107,-0.130745902348539
1,24,fixed_d15,725.8333333333334,891.0,5,-0.03682907296944715,0.11673063063099905,0.11060199091903046,0.8938178698927257,-0.10883610802298238
2,6,fixed_d37,688.6666666666666,1011.0,5,-0.3705137188240647,0.16855249869536149,0.11026243380641221,0.89010860508751,-0.5587268633348916
1,48,fixed_d49,708.3333333333334,950.0,5,-0.031068164704440404,0.11424782247198025,0.10946532308594005,0.8814296217563282,-0.12193474899458023
1,48,fixed_d50,709.8333333333334,943.0,5,-0.029277543183118038,0.11385006450131767,0.109169339249095,0.8782170903380158,-0.12703296780777973
1,48,fixed_d46,710.0,939.0,5,-0.030595481990395967,0.1137635703182633,0.10907693244612685,0.8772152550287617,-0.12200005109479872
2,48,fixed_d16,697.3333333333334,935.0,5,-0.005708231639578565,0.11296657982807821,0.10827857165699047,0.8685819884288677,-0.09105867282489588
1,48,fixed_d53,721.0,966.0,5,-0.03662551788176405,0.1128910335432497,0.10800640981323144,0.8656479846663614,-0.13811203016453344
1,48,fixed_d48,705.1666666666666,956.0,5,-0.02735849596161455,0.11214611411458536,0.10786960048026482,0.8641748706369758,-0.12289861548920367
1,24,rolling_path,706.6666666666666,943.0,5,-0.011811693724458672,0.11517551581675843,0.10737775662949237,0.8588884728884718,-0.104359836233205
1,48,fixed_d47,706.0,965.0,5,-0.030107024057934972,0.11110025007606196,0.10690086570730226,0.8537771058313295,-0.12316610268389439
1,48,fixed_d54,720.1666666666666,968.0,5,-0.030424872813473502,0.1100391883914456,0.10569364134797697,0.8409006821468696,-0.13592845405162857
1,24,fixed_d13,730.1666666666666,949.0,5,-0.0008653642485343394,0.1110122887306999,0.10533990879051125,0.8371446921881001,-0.08556410358786326
1,48,fixed_d45,722.5,938.0,5,-0.029148970104706295,0.1085269391248163,0.10437390798063097,0.8269265314856484,-0.1139407795635321
1,48,fixed_d60,738.1666666666666,981.0,5,-0.04072055662179064,0.10937285807569407,0.10422449565236226,0.8253511611841255,-0.1669286951771901
1,24,fixed_d12,750.5,923.0,5,-0.02710333728127945,0.11034582007964071,0.10365127007454852,0.8193197915278223,-0.08112379200923214
1,48,fixed_d59,737.6666666666666,978.0,5,-0.040020432763604785,0.1083954419569147,0.10357290495018176,0.8184967986519001,-0.1681988406770718
1,48,fixed_d58,744.3333333333334,976.0,5,-0.037796126869573565,0.10415791285209099,0.09993555299774494,0.780704099604234,-0.17008669860448655
1,48,fixed_d43,744.0,936.0,5,-0.03099259460240278,0.10287278913991897,0.0989863114688794,0.7709712198635561,-0.10482944722377696
1,24,fixed_d11,757.3333333333334,896.0,5,-0.037260912209107655,0.10490038890814309,0.09876769139123907,0.7687371850812454,-0.0824355376244903
1,48,fixed_d55,741.6666666666666,983.0,5,-0.03441315565113545,0.10225637691801324,0.0984426963371083,0.7654213333225759,-0.1440493234464003
1,48,fixed_d31,748.8333333333334,895.0,5,-0.022861222017281912,0.10241174951938121,0.09815043833591394,0.7624447992334837,-0.08968577076509143
1,48,fixed_d44,746.6666666666666,949.0,5,-0.029665150471449575,0.10127559197676812,0.09744921394886442,0.7553235512033523,-0.10807758234231368
1,48,fixed_d42,739.8333333333334,940.0,5,-0.03127048266817101,0.10083779050501102,0.09738258359508946,0.7546483888547062,-0.10037739587104744
1,48,fixed_d57,757.3333333333334,971.0,5,-0.03876288242079551,0.09867346411949278,0.09488675232057804,0.7295444224957746,-0.17891244375947735
1,48,fixed_d37,733.5,914.0,5,-0.016204312778887342,0.09777074737244267,0.09486863727293782,0.7293635340020623,-0.08211164502791435
2,24,fixed_d7,735.0,970.0,5,-0.00849043572199426,0.0998006325913115,0.09462730242049715,0.7269554798321194,-0.10166081360997814
1,48,fixed_d56,752.3333333333334,979.0,5,-0.03356966584495957,0.09803277737311589,0.09453880980747488,0.7260733354571884,-0.1691066264928156
1,48,fixed_d36,734.8333333333334,918.0,5,-0.020881491169976174,0.09634598112256205,0.09356510516432495,0.7163966035203018,-0.08122175513733576
1,48,fixed_d32,747.6666666666666,906.0,5,-0.014174806830972053,0.09675297886852442,0.09351133474627173,0.7158638134794475,-0.08506252112072399
1,48,fixed_d33,739.3333333333334,921.0,5,-0.01001912865411636,0.09606416327448843,0.09331644552423508,0.7139341180547849,-0.07757889038581234
1,24,fixed_d10,756.1666666666666,954.0,5,-0.007302108660684703,0.09825868363147,0.09276869118231351,0.7085221424514003,-0.10595478220595966
1,48,fixed_d35,741.1666666666666,919.0,5,-0.01645137393622298,0.09502609761755056,0.09223101790929046,0.703226391285358,-0.08130853895943502
1,48,fixed_d41,747.5,945.0,5,-0.027724438498292203,0.09441495646063751,0.09164528906466976,0.6974760015310932,-0.09991771699157803
1,48,fixed_d34,737.1666666666666,925.0,5,-0.010253020802726609,0.09391387703187731,0.091468088889021,0.6957401679140518,-0.08002692956042556
1,48,fixed_d38,753.6666666666666,919.0,5,-0.023593272972357693,0.09306636906986726,0.09029206344684983,0.6842648467211077,-0.08308138806193222
1,48,fixed_d40,749.8333333333334,946.0,5,-0.028378088189194628,0.09270607316675535,0.09009236090375364,0.6823239336897866,-0.09659215772558116
1,48,fixed_d39,758.6666666666666,930.0,5,-0.025810770852269793,0.09271197941215005,0.08998080405824037,0.6812406843263095,-0.09098889640795005
1,48,fixed_d30,764.0,930.0,5,-0.01896383893887421,0.0934904080653185,0.08994331619707507,0.6808768229095672,-0.08897596062374924
1,12,fixed_d6,745.3333333333334,1010.0,5,-0.03566356173710927,0.09921571531599109,0.08950937013113645,0.6766706207372424,-0.1565123526451967
1,48,fixed_d28,764.6666666666666,956.0,5,-0.008873062084506222,0.08902548842266099,0.08625779966680794,0.6454865329833182,-0.08257673060024151
1,48,fixed_d27,778.3333333333334,946.0,5,-0.01715154929487339,0.08529818949425326,0.08265773597891277,0.6116363401791205,-0.07851050792172598
1,48,fixed_d29,785.3333333333334,943.0,5,-0.023738459522089195,0.08437832213431286,0.08153567793744501,0.6012290230845609,-0.08287954734910064
1,48,fixed_d26,783.0,936.0,5,-0.016608767836341354,0.08241441184876393,0.07998899638307841,0.5869933148913389,-0.07849016416256749
2,24,fixed_d5,794.5,972.0,5,-0.0287596461727474,0.07672503815746147,0.07326491305902459,0.5265612437803402,-0.09339384620426883
1,48,fixed_d22,771.1666666666666,964.0,5,-0.0056680755065883215,0.07358995644617043,0.07262714062096398,0.520950207727332,-0.06213332006433492
1,48,fixed_d24,793.6666666666666,960.0,5,-0.021974717958289314,0.07197089143734957,0.07057594646752573,0.5030435291564592,-0.06901094687248388
1,48,fixed_d23,799.1666666666666,957.0,5,-0.030161669759821486,0.07007433700679999,0.06867746320151057,0.48665791578603224,-0.073995230084836
1,48,fixed_d21,781.5,973.0,5,-0.014949492344643822,0.06919737004302007,0.06834277274092385,0.48378781413748917,-0.06069957058660225
1,48,fixed_d20,783.8333333333334,970.0,5,-0.01342519858002822,0.06669978524354203,0.0660026508552152,0.4638745677534246,-0.05771417682334712
3,24,fixed_d3,790.8333333333334,933.0,5,-0.025973070630699202,0.06665712326325796,0.06437350330754289,0.4501693554554316,-0.10599728547165399
1,48,fixed_d19,781.1666666666666,984.0,5,-0.0021949418430952106,0.06413811390915782,0.0637651078172999,0.4450841957215428,-0.06107998912052337
2,24,fixed_d4,793.1666666666666,971.0,5,-0.016285695488550078,0.0647751515510674,0.06362141172161298,0.4438857443322115,-0.10139886269134113
1,48,fixed_d16,784.3333333333334,989.0,5,-0.007215161400554226,0.0613581732108199,0.061152038692455814,0.42344533248159455,-0.055784637110826374
1,48,fixed_d14,792.5,993.0,5,-0.00608405721598293,0.06085856568380471,0.060396607644973295,0.41725019020071374,-0.047877243711394346
1,48,fixed_d18,785.1666666666666,990.0,5,-0.0011109621690471583,0.05951888891624888,0.05940001844000665,0.4091185853969215,-0.05924609540097636
1,48,fixed_d17,789.1666666666666,991.0,5,-0.003826100870201632,0.05789569664719333,0.05782178213788369,0.3963364095910984,-0.05738066125526908
1,48,fixed_d15,807.1666666666666,988.0,5,-0.01660698352665657,0.056487490412301854,0.0561232650217586,0.38270958584638004,-0.05495740442663444
2,48,fixed_d8,803.3333333333334,984.0,5,-0.0010414503508185957,0.05603149603640325,0.05479105021257313,0.37211464668570327,-0.06904337081943313
1,48,rolling_path,794.0,985.0,5,-0.004264520081073031,0.05529437375725793,0.05448707813120485,0.3697085919905003,-0.04970745433229884
1,48,fixed_d12,813.5,1011.0,5,-0.012827389189054794,0.053509467807691814,0.05292402494395475,0.3574028966569791,-0.04098133267137871
1,48,fixed_d11,821.5,996.0,5,-0.01825680250944528,0.05018541349668291,0.049679617163185176,0.3322119042181282,-0.04142450364993944
2,48,fixed_d7,802.6666666666666,991.0,5,-0.003526145330763897,0.049405922188967534,0.049067963130574606,0.32751539736791124,-0.04712255270806964
1,24,fixed_d6,812.6666666666666,1012.0,5,-0.012601850563454975,0.04787044681935269,0.04646524222051435,0.3077151551912911,-0.07578925623345689
1,48,fixed_d10,813.1666666666666,1016.0,5,-0.0026780313507916986,0.046654092092854094,0.04625495088343075,0.30612831437731547,-0.0518217335389759
1,24,fixed_d5,835.8333333333334,1008.0,5,-0.024359562933795043,0.04351500334165472,0.04250256648679494,0.2781346663921118,-0.05487521156468256
2,48,fixed_d5,832.6666666666666,993.0,5,-0.013570510184028217,0.03786474041175688,0.037742158490278566,0.243482653145503,-0.04650286550119964
3,48,fixed_d3,825.6666666666666,1012.0,5,-0.007930895809171612,0.03357028308513327,0.03365239775282107,0.21446364471032697,-0.05283090827401726
2,48,fixed_d4,828.3333333333334,1004.0,5,-0.007281264534909515,0.03247941660548794,0.0328218257657472,0.20865354851109963,-0.050919864083163846
1,48,fixed_d6,834.3333333333334,1023.0,5,-0.004968789184308653,0.02302341233021669,0.023128756840285727,0.14286816450319573,-0.03777541247183769
1,48,fixed_d5,845.6666666666666,1025.0,5,-0.011544415889562454,0.021072625999672356,0.021238476981629513,0.1304625900359513,-0.02718795858849632
1,1,fixed_d10,351.6666666666667,1036.0,4,-0.525137552573246,1.5104263099480104,0.6328581526893704,37.628966759446214,-0.6543790059192829
1,1,fixed_d29,343.0,988.0,4,-0.31926163645829875,1.1163945647629954,0.587776201495032,28.776152756057026,-0.4658161920593842
2,2,fixed_d11,336.3333333333333,948.0,4,-0.15061419018074607,0.9044761169913684,0.5298823606946783,20.315613251185848,-0.48836381177102495
3,3,fixed_d14,314.8333333333333,974.0,4,-0.1942694421743606,0.7606401398234227,0.4752683767857973,14.550753285530686,-0.41735941733652526
1,1,fixed_d7,359.0,1035.0,4,-0.40964083755715075,1.0865702778437436,0.47440127496710993,14.473093302547815,-0.7791921311048096
2,2,fixed_d48,312.1666666666667,1033.0,4,-0.010130505424049918,0.6798515943054491,0.47439307908667516,14.472361110622238,-0.43645021829402386
3,3,fixed_d11,436.6666666666667,899.0,4,-0.2007852668932718,0.8203048668700686,0.4575894831486617,13.041742713652361,-0.4396113573065744
2,2,fixed_d10,366.1666666666667,951.0,4,-0.252251803389821,0.7406392467176547,0.4519577673149852,12.592498521747899,-0.49711960820060896
1,3,fixed_d33,368.3333333333333,864.0,4,-0.17321532882647495,0.6530252410121505,0.4350634425415499,11.329237176750322,-0.3722363766817738
1,3,rolling_path,447.1666666666667,867.0,4,-0.17801594800108667,0.6736289822393715,0.4039782211494744,9.303599504930114,-0.3723805421040046
2,6,fixed_d13,378.0,913.0,4,-0.09967276336518249,0.5957726621169755,0.40330799837513776,9.263804315970969,-0.3897069087614411
2,2,fixed_d29,387.6666666666667,969.0,4,-0.2856694964430744,0.6156540006837988,0.39934043899932575,9.031354421906627,-0.4379008984142858
2,2,rolling_path,397.6666666666667,972.0,4,-0.12843561644076273,0.6623795088462111,0.3980484607272389,8.95680257534494,-0.462719144301703
1,1,fixed_d21,381.8333333333333,1015.0,4,-0.2461681156501654,0.6739149129208944,0.3949819638113238,8.782065170538758,-0.6090203304356923
3,3,fixed_d7,448.6666666666667,886.0,4,-0.19127014887834926,0.6175775223158362,0.39074411985756835,8.545617232380879,-0.35682119810414614
1,1,model_plan,383.0,1022.0,4,-0.4102461553907577,0.6433709794988077,0.3865229844201768,8.315783280634278,-0.5869808730076123
2,4,fixed_d8,373.8333333333333,1006.0,4,-0.296320646007744,0.603423622147231,0.382023447576229,8.076880895924631,-0.3592441553467125
2,6,fixed_d15,372.0,795.0,4,-0.07381968724535604,0.5321106211160126,0.38047051668220044,7.9958583919420985,-0.3370656148882003
3,6,fixed_d20,389.0,846.0,4,-0.14980753076540188,0.5076138809139252,0.37659586128488215,7.796841798315418,-0.36538927177722247
2,2,fixed_d25,447.5,983.0,4,-0.30582166589192084,0.5937337917793496,0.3756687590461008,7.749878886913093,-0.5999499563892646
1,1,fixed_d20,511.8333333333333,976.0,4,-0.2979220308839551,0.6747679427560387,0.3720777182131558,7.570326869519244,-0.6260221561743022
2,2,fixed_d12,399.1666666666667,1027.0,4,-0.46648708231125025,0.6823934497261254,0.3690592260782342,7.4222555664401835,-0.5259753962266133
1,1,fixed_d12,400.5,1035.0,4,-0.6471690075391447,1.0689986276555208,0.3567569455560615,6.844766722601191,-0.7175881822541522
3,6,fixed_d29,356.1666666666667,835.0,4,-0.03820020253923484,0.46043504999157353,0.3566157885332038,6.838375734480711,-0.3585528509591225
2,4,fixed_d31,408.3333333333333,944.0,4,-0.24652058589017345,0.49411543143407455,0.34697070094078375,6.41379710269827,-0.3292792092039064
2,2,fixed_d13,446.5,970.0,4,-0.28644729971880367,0.527808583769257,0.3445045115714816,6.308977812895505,-0.4930805581818537
2,4,fixed_d26,405.1666666666667,836.0,4,-0.08515281422978871,0.4409229573048705,0.3404345380977286,6.1392246520306015,-0.3887166736756641
3,3,fixed_d13,452.8333333333333,963.0,4,-0.2759762911926984,0.5082658910835044,0.3387032178863106,6.06821423941202,-0.3866066108570775
2,2,fixed_d52,504.0,1023.0,4,-0.3035310399135722,0.588759190585303,0.33831840490883647,6.052527254076923,-0.6423723412882296
2,6,fixed_d11,436.0,876.0,4,-0.06949488036531226,0.45413981973732964,0.3341096327956942,5.883211837331487,-0.34608196761757437
1,6,fixed_d11,460.5,903.0,4,-0.1368894340864215,0.4889694348383758,0.3331040907272294,5.8433650118676885,-0.27505235088381774
1,6,fixed_d10,417.0,749.0,4,-0.01189024626549362,0.46369867866626535,0.33298827675427073,5.838790466677815,-0.2582573366790938
2,4,fixed_d12,406.0,935.0,4,-0.2370530939166624,0.4564073404352491,0.3316668191620391,5.7868101124939,-0.33738931478861134
3,6,fixed_d24,367.3333333333333,905.0,4,-0.09237639072500381,0.42485060172060324,0.3311664338621319,5.767230437523402,-0.3470240914801984
1,6,fixed_d12,467.1666666666667,774.0,4,-0.10188285962661403,0.47084787405806633,0.32858703327117256,5.667193068884898,-0.2931237858658754
1,1,fixed_d45,478.3333333333333,1032.0,4,-0.2050145604036261,0.4757610957659592,0.32806922890845386,5.647289903800806,-0.6594407657124333
1,1,fixed_d13,491.1666666666667,1015.0,4,-0.36533193350954907,0.5464554868205588,0.3244948486718252,5.5115104396547006,-0.6281022557417315
2,6,fixed_d59,441.5,986.0,4,-0.20102006592784372,0.4764276178221614,0.32410505515780513,5.496872155153582,-0.5258903033290494
1,3,fixed_d32,431.0,963.0,4,-0.186330252238322,0.46368537490080025,0.3226811577329292,5.443678300078284,-0.38658036822064945
3,3,fixed_d29,398.0,999.0,4,-0.3276204276421927,0.5068560509222758,0.3223743792579094,5.43227484082486,-0.43431279066944484
3,6,fixed_d8,461.6666666666667,945.0,4,-0.14727593933269534,0.45273546321948893,0.32112875662127605,5.386179953989906,-0.3276031430882098
2,2,fixed_d16,446.6666666666667,1028.0,4,-0.48558193686906626,0.5625907934756306,0.32056077308344755,5.365271234848015,-0.6208289512436294
1,3,fixed_d25,450.6666666666667,960.0,4,-0.24120809851259617,0.4695867213773192,0.32011458143728455,5.3488939651227145,-0.3953188557353785
2,4,fixed_d29,473.1666666666667,916.0,4,-0.22087735204451142,0.4576407490041214,0.31608260645880515,5.20279975483142,-0.3692435360380031
3,3,fixed_d17,436.0,968.0,4,-0.18260222852271202,0.43870967917783216,0.3155147824642864,5.182497128115366,-0.3866470419063204
3,3,fixed_d30,406.5,959.0,4,-0.16833414261397017,0.43783693259200057,0.31315108339146036,5.09869435238621,-0.4802010686023872
1,3,fixed_d12,504.6666666666667,989.0,4,-0.23506903848904193,0.4827985568921019,0.310943883843119,5.021466039951702,-0.41521797735608446
3,6,fixed_d7,492.0,908.0,4,-0.0945668940020804,0.4304960437219667,0.30991711661607546,4.9858742359339026,-0.2960156961370347
2,2,fixed_d39,475.5,1030.0,4,-0.19220586147958463,0.4788809534965323,0.30977637018659604,4.981011832655193,-0.5446632983368351
1,6,rolling_path,485.1666666666667,940.0,4,-0.1363441663108964,0.4412780525332183,0.3074813114409525,4.9022788635192915,-0.37650714418172104
2,2,fixed_d19,466.1666666666667,982.0,4,-0.22196419644857002,0.44802887570333955,0.30715578858434067,4.891195907766937,-0.45981337784778487
2,4,fixed_d7,500.3333333333333,987.0,4,-0.2805145590847472,0.5071719193818297,0.3020779432775152,4.720982210819119,-0.43827813717696706
3,12,fixed_d34,441.0,934.0,4,-0.12641925765020823,0.4072345357981583,0.30099006476155554,4.685160178779131,-0.31346046561157836
3,12,fixed_d27,425.0,886.0,4,-0.07489955048895669,0.3774642052777902,0.30057807144042464,4.671652556974277,-0.3612366546158293
1,1,fixed_d38,407.0,1014.0,4,-0.21735162606778746,0.4365331104585737,0.2997926270699567,4.645989811876128,-0.6359479011375813
2,6,fixed_d24,460.5,914.0,4,-0.21631950496885943,0.4002853376758549,0.2985134991856165,4.604445289724303,-0.3351897617988002
1,3,fixed_d15,499.8333333333333,980.0,4,-0.20473137410869457,0.4556422867013324,0.2982662878132875,4.596451483371013,-0.4235298229213018
1,1,fixed_d8,409.6666666666667,1037.0,4,-0.6739210988288984,1.1275143168591872,0.29711173401745233,4.559268637017289,-0.7863892792268603
1,6,fixed_d29,410.3333333333333,992.0,4,-0.1394149883999919,0.40593890121904624,0.29663904800825974,4.544116972073499,-0.45134336834064115
1,6,fixed_d23,408.0,1007.0,4,-0.3032123818113711,0.4132023240694343,0.2957909869084724,4.517036318413924,-0.3984199107189269
3,12,fixed_d11,427.5,811.0,4,-0.02647601900390162,0.3717105203910695,0.29472323793868677,4.4831285322185215,-0.30570961662374563
3,6,model_plan,451.0,898.0,4,-0.08364088546734794,0.37019121737422456,0.2936036086244682,4.447797026847468,-0.4152450947837468
3,3,fixed_d52,534.0,956.0,4,-0.2551193922476983,0.4186942699923681,0.2924040200992578,4.410194888972987,-0.450590313460389
1,1,fixed_d19,520.5,1010.0,4,-0.3754502754298428,0.4831728721730959,0.28973995218553017,4.3276129994248125,-0.570209908102173
1,3,fixed_d40,457.3333333333333,970.0,4,-0.048834768441365806,0.35520967552545657,0.2894845150827895,4.319761386470109,-0.4715852226209877
2,2,fixed_d5,531.6666666666666,964.0,4,-0.27634703436135033,0.4287799993983574,0.28346361336088394,4.1380051985736905,-0.5077191711431276
3,12,fixed_d24,455.6666666666667,777.0,4,-0.029246280580378592,0.3428413296612365,0.2828754536313993,4.120586525381139,-0.3581192104066
1,12,fixed_d26,480.0,895.0,4,-0.09771089659986099,0.3616461777704134,0.28169796292683924,4.085891741496075,-0.2577584231033001
1,12,fixed_d33,448.5,755.0,4,-0.029759389616580312,0.3452726578545276,0.2814918448980304,4.079842691887045,-0.24632085405919457
2,2,fixed_d22,428.6666666666667,1031.0,4,-0.04761721770574667,0.3725736295435897,0.2811588614448168,4.0700856548774365,-0.4907948377193031
2,6,fixed_d35,499.3333333333333,964.0,4,-0.10160113283145733,0.38229355272337157,0.2785833552833753,3.995248846156626,-0.2974536080415726
2,12,fixed_d28,469.3333333333333,772.0,4,-0.06375808380915493,0.3396531331542069,0.27521927788781164,3.8991596372418655,-0.33848393188279136
2,2,fixed_d49,556.5,960.0,4,-0.08529119847383182,0.39074203806444946,0.27485884322356974,3.8889746902552282,-0.43700265298146634
1,6,fixed_d38,479.6666666666667,922.0,4,-0.11360571435920352,0.3440245878408225,0.2699837250465144,3.7532785592258984,-0.3664233609989115
3,24,fixed_d43,474.6666666666667,779.0,4,-0.04229396894175186,0.3303317351615199,0.26935997887211616,3.7361909298312854,-0.29545848085076365
3,3,fixed_d8,439.3333333333333,1009.0,4,-0.35218392464764614,0.43911106738082384,0.2675523274148546,3.687016203946544,-0.5137380504764375
3,12,fixed_d49,484.6666666666667,760.0,4,-0.05463690584718062,0.32829060062874,0.2673934943055646,3.682719842401869,-0.3325216190394389
2,12,fixed_d27,466.1666666666667,918.0,4,-0.11122468346259562,0.33398227486422294,0.2666110366408111,3.661612146573149,-0.33202507004602344
1,12,fixed_d27,506.8333333333333,865.0,4,-0.09836162442613161,0.3369706035522137,0.26386763365136484,3.588354468506548,-0.2652961024477337
1,3,fixed_d8,482.3333333333333,1012.0,4,-0.33617657992719663,0.4038814093600305,0.262045843282005,3.540344025010226,-0.4781541598758249
1,12,fixed_d25,505.0,910.0,4,-0.09732210090063853,0.3231987049332751,0.2597868219342927,3.48150813316421,-0.2619767804041421
3,12,fixed_d13,483.1666666666667,891.0,4,-0.07769466860545671,0.32246479084167284,0.2582972764665436,3.443130852199215,-0.33506240737644055
1,1,fixed_d30,424.3333333333333,1037.0,4,-0.35767103661590594,0.5085695895562979,0.2581424029491565,3.439159535177816,-0.573037282838259
3,3,fixed_d26,568.0,981.0,4,-0.3037116114071263,0.4373593176433312,0.25802796232497327,3.4362272922364507,-0.5712035703877036
1,1,fixed_d35,494.5,1017.0,4,-0.39003491016013925,0.4235375437821692,0.25756030672389824,3.424264951108256,-0.7446897764581784
1,12,fixed_d30,532.3333333333334,867.0,4,-0.09001350305793177,0.3312048659344753,0.25724805716320753,3.4162957646841434,-0.3387314874197157
1,3,fixed_d24,504.1666666666667,956.0,4,-0.26832494811619456,0.36189613155632167,0.2565594239494509,3.398771271389295,-0.4398979347425671
2,4,fixed_d21,517.1666666666666,978.0,4,-0.20105606414724464,0.3309455073802466,0.255248855673059,3.365611511826059,-0.4176673357330948
1,12,fixed_d28,512.0,909.0,4,-0.09713602872795646,0.32539611509281785,0.255091840123225,3.3616555384796882,-0.28077915962536426
3,6,fixed_d51,537.0,808.0,4,-0.12457964886933304,0.31782898435503637,0.2549018413318852,3.35687335249202,-0.43364675677788145
2,12,fixed_d24,504.6666666666667,904.0,4,-0.09160981654708134,0.31726396577212973,0.2548646618993904,3.35593817610744,-0.32254914783879207
3,3,fixed_d19,501.5,959.0,4,-0.27309880038253165,0.36161712262710877,0.25392590610342164,3.3323920024942604,-0.4446811717853262
2,4,fixed_d5,570.8333333333334,943.0,4,-0.1991878271767603,0.3762220720649629,0.25355810808647594,3.323201515390277,-0.3830472890156822
2,4,fixed_d4,514.8333333333334,861.0,4,-0.14897412326981851,0.3215610880563528,0.25326082646730175,3.3157873320474334,-0.39445283376841034
3,12,fixed_d10,506.1666666666667,871.0,4,-0.06566417100868771,0.3179376625127441,0.2529125870842332,3.3071184351968315,-0.3325690381683455
1,12,fixed_d44,531.6666666666666,757.0,4,-0.0877640891374577,0.3127050329901275,0.2527808172309623,3.303842765292063,-0.33140387146651684
2,6,fixed_d7,542.1666666666666,924.0,4,-0.11592120101300285,0.31893347536665173,0.25040467989083365,3.245199968817478,-0.32591425539786
2,12,fixed_d25,489.5,849.0,4,-0.051424364981425996,0.29823971035355124,0.24949140205247547,3.222873553986547,-0.32978319074416806
1,12,fixed_d60,473.1666666666667,979.0,4,-0.07379206228408652,0.30998555181997167,0.24916484919286788,3.214919021416116,-0.4193231050968379
1,3,fixed_d50,515.1666666666666,957.0,4,-0.12825831184332914,0.3015185753508918,0.24843416860387335,3.1971745332436052,-0.4865395638121637
2,4,fixed_d25,542.3333333333334,994.0,4,-0.2592551456358052,0.36536534708225954,0.24791927430980956,3.184715275696747,-0.4064056676123866
2,4,fixed_d41,530.0,764.0,4,-0.09344508330843948,0.3022780338708291,0.2479114934275931,3.18452728019722,-0.36675398276740456
1,3,fixed_d9,477.0,1013.0,4,-0.3553104032943101,0.3847347664075162,0.24592952054538436,3.136914449510005,-0.4665476952800506
1,3,fixed_d39,508.1666666666667,1018.0,4,-0.25559235668436,0.37853233211705,0.24489653145413295,3.112314158540574,-0.5747960576063469
2,6,fixed_d47,524.0,816.0,4,-0.12830055057548162,0.2960755354248965,0.24479244789073087,3.1098435701298195,-0.3307680312051573
3,6,fixed_d6,544.6666666666666,887.0,4,-0.05229004949191707,0.30527926944431033,0.24467022418346787,3.106944291422743,-0.3566195621113212
3,24,fixed_d45,540.1666666666666,765.0,4,-0.0878538807227417,0.2996085557118292,0.2445179040827042,3.1033339562456783,-0.33426252154394176
1,12,fixed_d22,511.8333333333333,833.0,4,-0.03803171281571083,0.2907127356192069,0.2441148288172572,3.09379545367762,-0.2571166445146379
1,3,fixed_d11,459.0,1023.0,4,-0.41926989877947485,0.4187921293012391,0.2439621436868532,3.0901880568521927,-0.558401034980756
3,3,fixed_d6,465.1666666666667,990.0,4,-0.1775902651303659,0.33304583961448014,0.24375523613525796,3.085304652539538,-0.4826018502471553
1,1,fixed_d50,500.5,1034.0,4,-0.39813934149095387,0.46128350271131086,0.24318201156190528,3.0718059132630042,-0.8065096911691583
2,12,fixed_d35,549.0,789.0,4,-0.09987328126091488,0.2955613320337392,0.24005333135442808,2.998911546824198,-0.35381289460889487
3,6,fixed_d34,596.0,884.0,4,-0.09653995971917828,0.3378985992849792,0.2398989508926758,2.9953486516631185,-0.38309838296827337
2,6,fixed_d31,560.1666666666666,861.0,4,-0.1711696348387831,0.3050627549800338,0.23756402941783716,2.9418472379904763,-0.4026499270746243
1,6,fixed_d22,548.0,975.0,4,-0.19637173098457483,0.3389558430583099,0.23664924163528525,2.9210820354160023,-0.482932130296159
2,12,fixed_d43,565.1666666666666,866.0,4,-0.106885312388873,0.2980221490182997,0.2364443325412147,2.9164457225899403,-0.314559031048099
1,6,fixed_d52,491.3333333333333,994.0,4,-0.14993885404900253,0.31097812962889887,0.23590220034437423,2.9042057559238015,-0.3801925957746467
2,12,fixed_d26,542.8333333333334,820.0,4,-0.0448968947385906,0.2837184982985484,0.23560900162258935,2.897602020400892,-0.3267608157377505
2,4,fixed_d59,559.1666666666666,998.0,4,-0.2140653111617481,0.3704783110965542,0.235079022016856,2.885693582381082,-0.5898300923320833
2,12,fixed_d34,565.1666666666666,824.0,4,-0.12184762271752658,0.29487040200644526,0.23414338008226993,2.8647588153566175,-0.32125161709350036
2,6,fixed_d40,518.0,955.0,4,-0.18847415630938646,0.2981392555521581,0.2333266336860118,2.8465765300247057,-0.3947143483469583
2,2,fixed_d9,573.8333333333334,987.0,4,-0.3184646603121499,0.3481225359089559,0.23317979009695636,2.8433166041424394,-0.5089387802664892
1,3,fixed_d60,495.6666666666667,1006.0,4,-0.18722656559220863,0.30253619991064,0.23121922194110875,2.800055780605834,-0.5303250384550022
1,1,fixed_d60,523.8333333333334,1036.0,4,-0.27250834576574356,0.389603521346282,0.2311621515902986,2.798803817832791,-0.45399688640081104
3,12,fixed_d36,537.5,917.0,4,-0.17331072231553168,0.2920647183872032,0.23088175915255518,2.7926587863045707,-0.34892940151281093
1,12,fixed_d23,553.6666666666666,863.0,4,-0.12842409362474205,0.2803713125742026,0.22952348454792898,2.763031494219668,-0.2772588777903373
3,24,fixed_d31,547.6666666666666,787.0,4,-0.05481078159751773,0.2752480007712697,0.22872856110040596,2.745799745791876,-0.30571002120213353
3,24,fixed_d27,544.1666666666666,821.0,4,-0.0466275497783879,0.27027212710527404,0.22651093706720912,2.6981437541153297,-0.31723155280465354
1,12,fixed_d29,582.1666666666666,902.0,4,-0.10401942272203091,0.2883110951299332,0.22494059752373083,2.6647648205938386,-0.26316857314214914
3,3,fixed_d51,555.5,1016.0,4,-0.3897233978826624,0.3712038584931394,0.22191867553434308,2.6013766037902006,-0.6860842875422652
3,24,fixed_d28,550.5,831.0,4,-0.035833718385037794,0.26620164741843894,0.2214859423975032,2.5923897285885857,-0.29454311113675724
3,24,fixed_d25,533.6666666666666,785.0,4,-0.014865015369501577,0.2568703120849421,0.22026276903499298,2.5671083215118284,-0.2759839076628259
2,4,fixed_d30,602.5,893.0,4,-0.19583294796661843,0.3057218273697147,0.2197812810460215,2.5572054607160823,-0.5610898158899346
2,4,fixed_d24,571.0,991.0,4,-0.31739965375476564,0.34300280579804615,0.21862061233321253,2.53344661784634,-0.44604533068352925
2,24,fixed_d30,542.8333333333334,879.0,4,-0.034162541702036475,0.25859813397838205,0.21807846756589255,2.5224033727359996,-0.28225096715525966
3,24,fixed_d44,571.8333333333334,845.0,4,-0.09134701090278874,0.26091414236918625,0.21747972442311134,2.510247346592555,-0.3340479054478822
2,6,fixed_d5,597.6666666666666,848.0,4,-0.15024693238840114,0.2769962453925637,0.2151511115954717,2.463368038687797,-0.3115304720444869
3,3,fixed_d43,543.5,1007.0,4,-0.3717504632675809,0.3420684052425759,0.21338642675043923,2.4282591058744862,-0.4965386335499
3,12,fixed_d38,588.0,935.0,4,-0.12720470844013565,0.2672627507404037,0.21333381966964154,2.427217953392917,-0.3568853847096306
3,24,fixed_d26,551.1666666666666,881.0,4,-0.07376619677249485,0.2540199281175422,0.21303190097798297,2.4212487593495107,-0.3133038291621808
2,2,fixed_d53,598.6666666666666,934.0,4,-0.23546310955039595,0.29412899974929924,0.21296436365378432,2.419914911532858,-0.4794875864293118
3,6,fixed_d25,627.8333333333334,979.0,4,-0.20393320592571973,0.31333056553598587,0.2129065882059567,2.4187742714238043,-0.3795426591404647
3,3,fixed_d5,538.5,1003.0,4,-0.3192840525079279,0.3309627940955377,0.21242676099055882,2.4093159013149665,-0.4871264371965991
1,6,fixed_d48,557.0,870.0,4,-0.04137071990086416,0.25418292242388546,0.21135028401071687,2.388191447368005,-0.45149067266084775
3,3,fixed_d10,532.1666666666666,1030.0,4,-0.4322145747654136,0.3423074709256213,0.20777180197051343,2.3189046672713873,-0.5463113637592145
1,1,fixed_d18,459.5,1033.0,4,-0.47405520739936824,0.3609889134608575,0.20654993826429663,2.295572828659096,-0.6424168448738783
2,4,fixed_d14,569.8333333333334,973.0,4,-0.2912225270371027,0.27986288084535704,0.20522500875490823,2.2704582413905166,-0.42613375296115374
1,6,fixed_d40,604.3333333333334,880.0,4,-0.10204934109321517,0.24633179827024834,0.20510997157242952,2.2682867151821107,-0.4006820844521112
3,6,fixed_d36,582.8333333333334,917.0,4,-0.22177580989291323,0.25562296561914616,0.20436501915330957,2.2542593057249207,-0.4470770054648031
3,24,fixed_d39,603.5,901.0,4,-0.08841107550274929,0.24926026655756103,0.20369996823552958,2.2417873100054164,-0.3086811069850247
3,12,fixed_d23,589.8333333333334,894.0,4,-0.08112060799229592,0.23903663934528088,0.20353722740281974,2.238742645241102,-0.36761490287219734
2,24,fixed_d28,573.5,917.0,4,-0.02856152655166755,0.2365137279393752,0.20214340809369943,2.212782984257875,-0.260317960652967
2,4,fixed_d36,589.6666666666666,961.0,4,-0.2744014686523246,0.2618771877605465,0.20172324769442257,2.2049984562775435,-0.48005097164789234
2,24,fixed_d29,567.3333333333334,885.0,4,-0.04070004641021907,0.22796660923469494,0.19653771773786616,2.110462243392998,-0.27203148909953134
1,3,fixed_d59,639.5,1027.0,4,-0.3052889809095626,0.4146847313276494,0.19652119610168817,2.1101655419033554,-0.7068261059951886
3,24,fixed_d29,585.3333333333334,890.0,4,-0.07643020104499709,0.22895974635490057,0.19571038470056318,2.0956394217213736,-0.3141333359463946
2,6,fixed_d4,610.1666666666666,818.0,4,-0.07750419505188266,0.23196371558023662,0.19535641622826844,2.0893191800610103,-0.3502965184432292
2,24,fixed_d25,586.3333333333334,842.0,4,-0.04217019846722192,0.2247108546755053,0.19415512143318428,2.0679656561482567,-0.23841594957300494
2,4,fixed_d34,559.8333333333334,1009.0,4,-0.3749513347089536,0.30011584383265416,0.19378436478207836,2.061405153163053,-0.5484699769698433
3,12,fixed_d60,570.6666666666666,955.0,4,-0.03390960939509524,0.2208604737740217,0.1922876121157635,2.0350625873018595,-0.3887637036235929
2,24,fixed_d27,607.8333333333334,927.0,4,-0.07404595186629481,0.2271696728280983,0.1909634174006891,2.011946049989964,-0.27427027019083716
3,12,fixed_d58,604.5,969.0,4,-0.08369767486499913,0.23216162979228203,0.19057803029878614,2.005251464055272,-0.46730387293626474
2,12,fixed_d8,604.3333333333334,912.0,4,-0.09934806214189063,0.24121129442535616,0.18954238282749022,1.9873347894766762,-0.294522060761889
1,3,fixed_d57,592.5,984.0,4,-0.22936188199228957,0.2612115507827671,0.188607841656447,1.9712589515841863,-0.521258960311932
2,2,fixed_d23,590.3333333333334,968.0,4,-0.2830614512022803,0.25188956354325925,0.18849376713787858,1.9693025924370073,-0.560290240516498
2,4,fixed_d51,594.3333333333334,954.0,4,-0.22409909966958452,0.24897738934159608,0.18737357974510105,1.9501598615592375,-0.4114690129732126
3,12,fixed_d57,619.1666666666666,985.0,4,-0.11419675257610618,0.23972732521493945,0.18688790864186017,1.9418986928621225,-0.48900744106776906
2,24,fixed_d24,600.1666666666666,842.0,4,-0.022357799179873128,0.2123139272926515,0.18581477483328668,1.923726837210702,-0.23960521235128618
2,2,fixed_d41,532.3333333333334,1020.0,4,-0.37868005631432156,0.2719313554686037,0.18487188947958993,1.9078531976603763,-0.5686952406462368
2,24,fixed_d26,617.8333333333334,892.0,4,-0.03776689529633359,0.20978953243081225,0.181882870807983,1.8580999522418447,-0.25662752552970813
1,3,fixed_d38,637.1666666666666,977.0,4,-0.19711843036217913,0.2529125833192376,0.18025938395241833,1.8314341436118151,-0.5638810867951716
2,2,fixed_d26,630.6666666666666,1029.0,4,-0.33257822086238065,0.39567511864910837,0.17568405337020102,1.7576152338788074,-0.714076588763531
2,4,fixed_d50,611.5,1012.0,4,-0.37715261469243433,0.2856025534768579,0.17506619557863293,1.7477952623058544,-0.6850700967352485
2,2,fixed_d50,589.5,1024.0,4,-0.40875192588222475,0.30424620479783426,0.17323790090916436,1.7189414782435493,-0.7533347389435414
2,12,fixed_d56,612.0,987.0,4,-0.12986631478969923,0.21193783399478225,0.1705791482621126,1.6775213865077832,-0.4788141719799488
2,6,fixed_d43,573.6666666666666,1028.0,4,-0.4268536801418765,0.25022885446382737,0.16900729046379317,1.6533311896661598,-0.4754440784584828
1,24,fixed_d60,668.3333333333334,793.0,4,-0.08819900634009137,0.19114446902609117,0.16821779871164969,1.6412638357686604,-0.2914525205521923
2,2,fixed_d46,564.1666666666666,1028.0,4,-0.25633522426073607,0.2337136555078925,0.1645264737200669,1.5855662104082358,-0.5149972015530491
1,6,fixed_d7,640.8333333333334,944.0,4,-0.1465348684431783,0.21266090815978497,0.16324901857810986,1.5665657935857236,-0.30203849658554627
1,6,fixed_d6,624.3333333333334,1007.0,4,-0.1178703163460243,0.20789153694728313,0.15955394781140633,1.5123890254507883,-0.3048041349093157
2,6,fixed_d58,586.5,1004.0,4,-0.367445646808655,0.21501918183586888,0.1591414172845652,1.506411955792927,-0.5268251413144815
1,24,fixed_d29,653.6666666666666,764.0,4,-0.049408481122183656,0.17759236476518492,0.15891097103300378,1.5030792600978642,-0.17450889616126575
1,24,fixed_d26,654.8333333333334,782.0,4,-0.03564676761446095,0.1738368825622498,0.15692412703556421,1.4745288622009194,-0.1655937077789632
1,3,fixed_d37,574.0,1008.0,4,-0.19320052038711322,0.19091157177729187,0.15610551984221252,1.4628606425894057,-0.530886608622452
2,2,fixed_d8,551.6666666666666,1018.0,4,-0.3915967837712716,0.25081257918083866,0.15436221816908813,1.4381950827215517,-0.5515036449297563
2,4,fixed_d43,667.5,1001.0,4,-0.3431085998437523,0.2511456109794176,0.15376913971808268,1.4298601964498943,-0.5105707546695719
2,2,fixed_d59,559.5,1028.0,4,-0.3972288173824329,0.297154940633582,0.15317807129987773,1.421581906319512,-0.7356440823149659
1,1,fixed_d41,580.5,1026.0,4,-0.43168740263467065,0.24850054055705795,0.1530262380971941,1.4194599422841216,-0.6853999788759113
2,2,fixed_d30,519.0,1035.0,4,-0.23666870418985242,0.20270487637275925,0.15231573533664827,1.4095549040094597,-0.4469726392435187
1,6,fixed_d5,687.1666666666666,992.0,4,-0.1059244185742313,0.18837699790597703,0.150882521981581,1.3896978668148336,-0.21063611559330542
1,3,fixed_d55,689.5,923.0,4,-0.06506327837122905,0.17647047477311636,0.15085191508052154,1.3892756005033209,-0.46140944309629706
2,12,fixed_d59,657.0,965.0,4,-0.12304869372607707,0.17482880179894142,0.1500148074594079,1.3777553776235,-0.40976959900113563
1,12,fixed_d9,656.5,862.0,4,-0.014929086435644612,0.17094147245092006,0.14908842599111163,1.3650713103974534,-0.19384756256317215
2,2,fixed_d35,570.6666666666666,1004.0,4,-0.301000755206563,0.21033405318821108,0.14695768108291565,1.336153231832792,-0.6523534186528149
1,24,fixed_d25,672.0,816.0,4,-0.03568786556695813,0.15747563045537302,0.14383428688881733,1.294400927088852,-0.15278381154629528
3,3,fixed_d41,698.6666666666666,969.0,4,-0.07547227534795398,0.17060775132128647,0.14297757238029105,1.2830796816356127,-0.4412071659541772
1,3,fixed_d5,663.0,1001.0,4,-0.27278058293634944,0.2196096945793614,0.14131376243492333,1.2612522378805209,-0.4186501653888062
2,2,fixed_d20,598.6666666666666,1009.0,4,-0.24724909896588287,0.18893740354110686,0.14111565934358988,1.2586672746886034,-0.6727365296671931
2,12,fixed_d5,705.6666666666666,909.0,4,-0.06083622423209811,0.15723696916713187,0.13772226105941904,1.2148442888654936,-0.18272584621588306
3,3,fixed_d35,624.8333333333334,1003.0,4,-0.3046006672291255,0.20725642339021022,0.13417518616118607,1.169945317044892,-0.6140290830767652
3,3,fixed_d3,668.8333333333334,995.0,4,-0.26193661069184737,0.19371131642269793,0.133430705624891,1.1606378497328538,-0.43092450635191726
1,12,fixed_d8,710.8333333333334,919.0,4,-0.050859947388018245,0.13543066589812078,0.11973675707783253,0.9963833695636377,-0.18114237905724373
2,2,fixed_d58,649.3333333333334,1025.0,4,-0.29902451706342603,0.17711853510830697,0.11819572755801702,0.9786991175629534,-0.5446552563606968
3,3,fixed_d4,623.3333333333334,1021.0,4,-0.4081088017838931,0.16694584586264852,0.11386442914065752,0.9298292459378905,-0.5295902419167909
2,4,fixed_d3,697.0,1005.0,4,-0.29440055667053944,0.1571414907026048,0.11155618495663168,0.904280340412632,-0.3903329479278358
2,24,fixed_d8,726.3333333333334,940.0,4,-0.010519758817910008,0.1152896843957776,0.10570409151820678,0.8410117604606535,-0.14589761553069558
2,6,fixed_d3,723.3333333333334,986.0,4,-0.23070530397276645,0.13474471251885156,0.10520621031801965,0.8357270564781987,-0.3247298185468931
3,3,fixed_d58,630.0,1030.0,4,-0.3417578493933088,0.17449528099169628,0.1033437622889303,0.8160924708061028,-0.5748493797624126
2,2,fixed_d4,621.0,1029.0,4,-0.5071061138267166,0.20613540432558639,0.09995916801925699,0.7809469127327762,-0.5987612234033386
1,1,fixed_d9,731.1666666666666,976.0,4,-0.12214740485885145,0.11164316741023371,0.09628551812437972,0.7435691388484462,-0.6917947901646688
1,12,fixed_d7,752.0,976.0,4,-0.05551139302192054,0.1056100080754402,0.09498337025519163,0.7305095241612172,-0.1560154949945728
1,1,fixed_d49,519.5,1036.0,4,-0.2699458150056214,0.1487521672500044,0.09328741535731903,0.7136468616550988,-0.6875780146297555
1,12,fixed_d5,796.8333333333334,1003.0,4,-0.050558236016425395,0.08899653739847975,0.081464321510447,0.6005694551403413,-0.10866383966539994
1,24,fixed_d9,773.6666666666666,987.0,4,-0.002357768525662385,0.08114059046075638,0.07740750959126454,0.5635145690370884,-0.09696181291551964
2,2,fixed_d3,627.5,1025.0,4,-0.4278825039397882,0.17608399173977837,0.07476154962480511,0.539809869189787,-0.6062741278307202
1,48,fixed_d25,786.0,948.0,4,-0.01630943223048109,0.0747164871367665,0.07290660901952084,0.5234063899893726,-0.07474362294146486
1,24,fixed_d8,801.0,975.0,4,-0.02054309225032036,0.06426516267523631,0.061736728964102525,0.42825884809235526,-0.08978174853087828
2,12,fixed_d3,811.1666666666666,929.0,4,-0.11609732336929846,0.06726983506785027,0.06067570707722287,0.4195358832210563,-0.1635253723434591
1,24,fixed_d7,816.8333333333334,999.0,4,-0.022685128655184683,0.05067514578691865,0.049106987462922455,0.3278145455923649,-0.07775803706028384
1,12,fixed_d4,821.3333333333334,1016.0,4,-0.058190941808792696,0.05188651723889465,0.04869343272989075,0.32464779054132786,-0.09260702422127198
2,24,fixed_d3,845.5,986.0,4,-0.05291297278672036,0.03458416905533873,0.03361939703434684,0.2142322630187259,-0.07875294528511423
1,48,fixed_d8,831.5,1014.0,4,-0.008798441060936968,0.03125039494910892,0.031249889299281224,0.19773336537195596,-0.04208548332304596
1,24,fixed_d4,844.8333333333334,1017.0,4,-0.025711335681222636,0.025969772128110524,0.025703010881330094,0.15998176946601594,-0.04619887941022438
1,6,fixed_d3,862.5,1001.0,4,-0.22904554069658023,0.038378463710812084,0.024587879523697044,0.15253715382841815,-0.3386795391053654
1,48,fixed_d7,836.5,1024.0,4,-0.010810989114658054,0.024275422007785357,0.024364250377555782,0.15104996729595688,-0.039906565064164456
3,24,fixed_d2,851.6666666666666,1007.0,4,-0.035492917597997775,0.02201285764534396,0.021706989179584846,0.13352474445365226,-0.10991836429750834
1,3,fixed_d3,810.1666666666666,1024.0,4,-0.42149419728816706,0.07373343257206548,0.020258336488693234,0.12408320682384555,-0.6008871927540171
2,48,fixed_d3,847.5,1020.0,4,-0.02240182656637879,0.017420767751811856,0.017544811656698113,0.10660901789168431,-0.03790589930877719
1,12,fixed_d3,873.8333333333334,1022.0,4,-0.11809430857292924,0.018700985586248203,0.015573748920014969,0.0940865999119953,-0.1770086063054518
3,48,fixed_d2,846.8333333333334,1026.0,4,-0.013942937474240247,0.012439452053431999,0.012628438635624606,0.07563824240372896,-0.05013048620206606
1,48,fixed_d4,845.1666666666666,1028.0,4,-0.012371477867922143,0.012395964535851864,0.012576231315276791,0.07531405612037756,-0.022722491482535356
2,12,fixed_d2,902.3333333333334,995.0,4,-0.1139373350488182,0.014580291453070751,0.010917514798085521,0.06506480909213108,-0.23964210921794182
2,6,fixed_d2,882.3333333333334,984.0,4,-0.22790165023612852,0.025128117636916154,0.009309428684976289,0.05522167992038929,-0.4510641582932171
1,24,fixed_d3,867.0,1031.0,4,-0.05910713229894604,0.009295130296337458,0.008705268074056315,0.05154715405291688,-0.08901966387913207
2,24,fixed_d2,891.1666666666666,1008.0,4,-0.056456396722339486,0.007601537671954595,0.006825216211151309,0.040194274760333215,-0.12385128441583448
1,48,fixed_d3,856.6666666666666,1032.0,4,-0.02789824296058563,0.004555183955136562,0.004511134984416575,0.02638860683532518,-0.044317778893102955
2,48,fixed_d2,871.0,1027.0,4,-0.02629455091170463,0.004265903865330489,0.004176100743633444,0.024405055326846448,-0.05965810796122528
1,1,fixed_d3,649.6666666666666,1036.0,4,-0.713617702131256,0.16745327288764256,-0.015603293120752846,-0.0861514691421944,-0.8390611120050783
1,1,fixed_d43,886.8333333333334,1025.0,4,-0.2637693200479847,-0.005357338290623366,-0.02197953060695845,-0.11918320260830717,-0.6814051789738877
1,1,fixed_d48,490.1666666666667,1037.0,3,-0.3171015565175245,1.0383271805065597,0.4901862061847443,15.949558490168421,-0.6366128054706701
2,4,rolling_path,520.8333333333334,989.0,3,-0.10337782705132792,0.46408138334236626,0.301886228795855,4.714653028203955,-0.42646050033144123
2,4,fixed_d52,531.1666666666666,1028.0,3,-0.1887074197185371,0.4539797871838907,0.2773568966024257,3.9600007457881494,-0.500057952108637
3,3,fixed_d16,469.0,1027.0,3,-0.3610684526822219,0.39000884506352174,0.24970579942648452,3.22810424208011,-0.5325197998614811
1,1,fixed_d56,556.5,1035.0,3,-0.11928715189128236,0.29910548903099393,0.222456583507766,2.6125790678432197,-0.5437072126476757
1,1,fixed_d40,559.6666666666666,1031.0,3,-0.3920345364992276,0.4601372666417289,0.2072134190683684,2.3082217602602286,-0.7306301844221552
2,2,fixed_d6,578.5,988.0,3,-0.26502054490197724,0.31477105449787185,0.20008751956764195,2.174871712685908,-0.6028244110277556
1,1,fixed_d16,574.8333333333334,1032.0,3,-0.572258810476813,0.518725521658458,0.19840078476120804,2.1441020748194073,-0.7941463480324691
1,1,fixed_d25,574.3333333333334,999.0,3,-0.26336777469100303,0.2846645521536377,0.1916864513996313,2.0245461848051898,-0.6906520926752286
2,2,fixed_d34,635.5,1002.0,3,-0.27205575133754056,0.3137294682085369,0.17856629990731537,1.803890180305113,-0.6696791044057542
1,3,fixed_d53,635.0,993.0,3,-0.22197376174412853,0.2666923083870318,0.17396077551500064,1.7303133489294393,-0.5040576009238638
1,1,fixed_d34,562.0,1037.0,3,-0.25001245661383775,0.2538699184002134,0.16775113275369055,1.63415668710187,-0.6245912984294052
2,4,fixed_d28,654.0,997.0,3,-0.2765692981376957,0.27539621108622947,0.14999326908305788,1.377459701958259,-0.6593735932942717
1,3,fixed_d6,657.1666666666666,1001.0,3,-0.23774545163674843,0.2492253050066834,0.1444789380701365,1.3029568140438519,-0.6086140494528569
1,1,fixed_d46,752.3333333333334,1029.0,3,-0.4319725552709287,0.3824212400130143,0.13584895158317709,1.1910173305217522,-0.6526750970098063
2,6,fixed_d38,678.8333333333334,995.0,3,-0.3261646927818981,0.1982095943354394,0.13384004601420302,1.165750456011267,-0.5405393904048936
1,1,rolling_path,635.3333333333334,1036.0,3,-0.4737256814561406,0.303099777643246,0.1329342944903203,1.1544539318862714,-0.7321693700050234
1,1,fixed_d6,616.0,1032.0,3,-0.37766617918909573,0.3093161647980827,0.12925191759870402,1.1091308702633893,-0.7267739880980685
3,3,fixed_d34,708.5,1013.0,3,-0.2165529885868992,0.2133626856306163,0.12060023416086783,1.00636129514209,-0.681063672245138
1,3,fixed_d4,680.6666666666666,1027.0,3,-0.26749991509841753,0.181258717359745,0.11469752410009253,0.9391343400199741,-0.3704918597193976
2,2,fixed_d51,705.0,1014.0,3,-0.38152424914071514,0.19397442769171627,0.09222292365692636,0.7031467934196667,-0.7092557763213261
1,1,fixed_d4,547.8333333333334,1037.0,3,-0.7724206198786496,0.4976099658723366,0.09165427175883617,0.6975640423293024,-0.8653988183894356
1,6,fixed_d4,753.3333333333334,1021.0,3,-0.12532899942086395,0.10639233265602832,0.08945030846131174,0.676098955371915,-0.18190920706563818
3,6,fixed_d2,816.3333333333334,975.0,3,-0.1639550042131721,0.06322704851341814,0.04997864367247655,0.33451398424643886,-0.44559344522372435
3,12,fixed_d2,845.8333333333334,966.0,3,-0.07589488812877554,0.03975535828154756,0.036756502391489775,0.23642610351596072,-0.22630547400896506
1,12,fixed_d2,889.5,1023.0,3,-0.10164149677820544,0.005951362431123097,0.0042101227096563425,0.024606305484089486,-0.1291689907324034
1,6,fixed_d2,885.0,1024.0,3,-0.1976142256139296,0.011564040174373938,0.004188164586488111,0.024476412060534525,-0.25419161017536973
1,24,fixed_d2,872.3333333333334,1021.0,3,-0.050416884686271035,0.003262234379821686,0.0029019164315162715,0.016896266880142896,-0.06313720173033421
1,48,fixed_d2,859.8333333333334,1030.0,3,-0.024159626410921065,0.0017985745136170166,0.0017553262295472198,0.01018645154073905,-0.029982793453850687
2,4,fixed_d2,855.3333333333334,1011.0,3,-0.3291861528783089,0.026381597119093474,-0.006546978908009852,-0.037095469001136694,-0.604904369268018
1,3,fixed_d2,852.1666666666666,1026.0,3,-0.36721778580792674,0.021957414483884403,-0.0072856630412294525,-0.04119353213660282,-0.47632299599941863
1,1,fixed_d23,779.5,1033.0,3,-0.3832601263730001,0.02964111286985664,-0.04158306746163691,-0.21344506456070333,-0.7929229144342904
1,1,fixed_d2,752.6666666666666,1033.0,3,-0.6107212199966008,0.013658368206902546,-0.10908970417577218,-0.4673353210262198,-0.8607845016010996
1,1,fixed_d59,765.1666666666666,1037.0,3,-0.5636175494505222,-0.006542456741986558,-0.1285380342243768,-0.5239127418817542,-0.9072387918318858
3,3,fixed_d2,970.5,1022.0,3,-0.40637306819428387,-0.11018891467381191,-0.1621899899959326,-0.6079845822244669,-0.8309691289291192
2,2,fixed_d43,833.5,1034.0,2,-0.37776137259478126,0.08106097258579308,0.006203071492874718,0.036464449041888836,-0.6441204205336571
2,2,fixed_d2,875.1666666666666,1034.0,2,-0.5146545386711332,-0.07013815025232224,-0.14381750553224035,-0.5641141505640992,-0.7993007694376202
1,1,fixed_d58,813.8333333333334,1034.0,1,-0.21405003383173282,0.04301749927468557,0.0007544047132296349,0.00436528935614211,-0.5709427154405488
