scope,year,top_k,policy_name,policy_kind,fixed_day,cost_scenario,annualized_unit_time_alpha,median_daily_unit_time_alpha,positive_day_rate,signal_date_count,selected_return,universe_return,selected_day,universe_day,selected_fill,universe_fill,selected_terminal,universe_terminal,selected_cost,universe_cost,selected_utilization,universe_utilization
2020-2025,,1,fixed_d10,fixed,10.0,base,0.31713581502752997,-0.09235260297404871,0.48344827586206895,1450,0.022273834540459645,0.0027465056309176755,10.02344827586207,10.011849511396814,0.9965635738831615,0.9970352438338204,0.0,4.858528110826142e-06,2849.461014171702,2816.695513516515,0.9959487604679118,0.9961995331381387
2020-2025,,1,fixed_d11,fixed,11.0,base,0.3217601751524364,-0.004165044782451676,0.4986206896551724,1450,0.024762594239562813,0.00322941814604236,11.020689655172413,11.012059923683893,0.9965635738831615,0.9970352438338204,0.0,5.398422320877694e-06,2853.607161398844,2817.185472128856,0.9959487604679118,0.9961995331381387
2020-2025,,1,fixed_d12,fixed,12.0,base,0.31756700678588057,-0.0027164333040431985,0.4993103448275862,1450,0.0268144364373065,0.0037187574430144386,12.026206896551724,12.012196585115047,0.9965635738831615,0.9970352438338204,0.0,5.93810580614398e-06,2857.0086423503067,2817.6920377972215,0.9959487604679118,0.9961995331381387
2020-2025,,1,fixed_d13,fixed,13.0,base,0.32882536038612076,-0.010556186314925654,0.4986206896551724,1450,0.029689100743500802,0.0042135404881981685,13.031724137931034,13.012320229759506,0.9965635738831615,0.9970352438338204,0.0,6.477682223533364e-06,2861.8147054474757,2818.2030129318787,0.9959487604679118,0.9961995331381387
2020-2025,,1,fixed_d14,fixed,14.0,base,0.3107268210856041,-0.011740959492223759,0.49724137931034484,1450,0.031001746899407646,0.004707508679819026,14.03103448275862,14.012423974198883,0.9965635738831615,0.9970352438338204,0.0,7.017258640922746e-06,2863.8174543779155,2818.717754744461,0.9959487604679118,0.9961995331381387
2020-2025,,1,fixed_d15,fixed,15.0,base,0.27982207400231673,0.003463614767401247,0.5006896551724138,1450,0.03135964357416652,0.005204953802154056,15.028275862068966,15.012524356273925,0.9965635738831615,0.9970352438338204,0.0,7.556623335027331e-06,2863.9829014216266,2819.235699962889,0.9959487604679118,0.9961995331381387
2020-2025,,1,fixed_d16,fixed,16.0,base,0.272418501501517,-0.028538567255661014,0.49517241379310345,1450,0.03314206685982414,0.005729160890721652,16.025517241379312,16.012634673147044,0.9965635738831615,0.9970352438338204,0.0,8.096093766133486e-06,2866.7431038904774,2819.805221938434,0.9959487604679118,0.9961995331381387
2020-2025,,1,fixed_d17,fixed,17.0,base,0.2643424029847729,0.0047392221880111825,0.5013793103448276,1450,0.03471483286050559,0.006309101448487093,17.03103448275862,17.012198150278937,0.9965635738831615,0.9970352438338204,0.0,8.63545829414816e-06,2868.9083511643594,2820.491111619107,0.9959487604679118,0.9961995331381387
2020-2025,,1,fixed_d18,fixed,18.0,base,0.26523996951671647,0.03433373215432998,0.5117241379310344,1450,0.0367425531256967,0.006886275972925092,18.028275862068966,18.01228363232122,0.9965635738831615,0.9970352438338204,0.0,9.174822822162831e-06,2871.950429289809,2821.1715456702677,0.9959487604679118,0.9961995331381387
2020-2025,,1,fixed_d19,fixed,19.0,base,0.261910895367488,0.049594834081705355,0.5062068965517241,1450,0.038722208277783894,0.007462278442552537,19.024827586206897,19.012359958713894,0.9965635738831615,0.9970352438338204,0.0,9.714081613175933e-06,2874.823035806688,2821.8426928548242,0.9959487604679118,0.9961995331381387
2020-2025,,1,fixed_d2,fixed,2.0,base,0.3324090681165328,-0.21752591405263386,0.48482758620689653,1450,0.002010257020092233,-0.001289791748559286,2.0089655172413794,2.006768127166697,0.9965635738831615,0.9970352438338204,0.0,5.40318571829951e-07,2817.538584739752,2812.4898178554777,0.9959487604679118,0.9961995331381387
2020-2025,,1,fixed_d20,fixed,20.0,base,0.2680097840060696,0.068028256966252,0.5186206896551724,1450,0.04170873095154632,0.007996697480741619,20.04344827586207,20.012471004574337,0.9965635738831615,0.9970352438338204,0.0,1.0253340404189033e-05,2879.45705474986,2822.4458472960464,0.9959487604679118,0.9961995331381387
2020-2025,,1,fixed_d21,fixed,21.0,base,0.2665607109211125,0.0671381365734689,0.5151724137931034,1450,0.043660470568943545,0.008518030766304842,21.073103448275862,21.012561820192992,0.9965635738831615,0.9970352438338204,0.0,1.0792810752201356e-05,2882.4286502924724,2823.029927594487,0.9959487604679118,0.9961995331381387
2020-2025,,1,fixed_d22,fixed,22.0,base,0.26691083369991964,0.06190467424873336,0.5193103448275862,1450,0.045825368458699216,0.009042848773970475,22.100689655172413,22.012619824295047,0.9965635738831615,0.9970352438338204,0.0,1.1332175280216029e-05,2885.9855856488853,2823.6076539051955,0.9959487604679118,0.9961995331381387
2020-2025,,1,fixed_d23,fixed,23.0,base,0.2526612643880297,0.05191894078111461,0.5131034482758621,1450,0.04640140680499305,0.00957339323849634,23.100689655172413,23.012672943124862,0.9965635738831615,0.9970352438338204,0.0,1.187154030650074e-05,2886.5735353042182,2824.1969217060077,0.9959487604679118,0.9961995331381387
2020-2025,,1,fixed_d24,fixed,24.0,base,0.23785804253111273,0.06572656580306274,0.5193103448275862,1450,0.04707338336502297,0.010082278170080875,24.11310344827586,24.012737408274432,0.9965635738831615,0.9970352438338204,0.0,1.2410905000605324e-05,2887.4864643613555,2824.7477249857748,0.9959487604679118,0.9961995331381387
2020-2025,,1,fixed_d25,fixed,25.0,base,0.22325675582020132,0.04957662517018545,0.5124137931034483,1450,0.04732619881065371,0.010584687031907186,25.106896551724137,25.012804086791274,0.9965635738831615,0.9970352438338204,0.0,1.2950375431711477e-05,2887.5566102883595,2825.2852651664803,0.9959487604679118,0.9961995331381387
2020-2025,,1,fixed_d26,fixed,26.0,base,0.2131485173070549,0.0420395212658434,0.5124137931034483,1450,0.04801351671170672,0.011112618574054383,26.10551724137931,26.012860516336694,0.9965635738831615,0.9970352438338204,0.0,1.3489845862817634e-05,2887.7884760536285,2825.8594229152795,0.9959487604679118,0.9961995331381387
2020-2025,,1,fixed_d27,fixed,27.0,base,0.2037030025804371,0.05032766866518461,0.5144827586206897,1450,0.048914001777491015,0.011613979801544097,27.099310344827586,27.012913420337668,0.9965635738831615,0.9970352438338204,0.0,1.402931629392379e-05,2889.125338367365,2826.3805490008435,0.9959487604679118,0.9961995331381387
2020-2025,,1,fixed_d28,fixed,28.0,base,0.20477540648037743,0.048003394534720814,0.5179310344827586,1450,0.050757080262519065,0.012097515455970617,28.093103448275862,28.01296061650671,0.9965635738831615,0.9970352438338204,0.0,1.4569104434402302e-05,2892.105027633191,2826.8674221154683,0.9959487604679118,0.9961995331381387
2020-2025,,1,fixed_d29,fixed,29.0,base,0.20846385755963204,0.02212286106170635,0.5117241379310344,1450,0.052803298397788315,0.012577715361264166,29.090344827586208,29.01299637830522,0.9965635738831615,0.9970352438338204,0.0,1.5108998561164046e-05,2895.2368663235525,2827.3510642995566,0.9959487604679118,0.9961995331381387
2020-2025,,1,fixed_d3,fixed,3.0,base,0.33139616982864806,-0.20653432417919956,0.48,1450,0.004456799444880138,-0.000771952637046573,3.010344827586207,3.0077733158263964,0.9965635738831615,0.9970352438338204,0.0,1.080213448200908e-06,2821.1759776939316,2813.036473797582,0.9959487604679118,0.9961995331381387
2020-2025,,1,fixed_d30,fixed,30.0,base,0.2217105461138077,0.0509391450129037,0.5144827586206897,1450,0.05634531429018396,0.013039506758525998,30.09103448275862,30.0130534055298,0.9965635738831615,0.9970352438338204,0.0,1.564921098003293e-05,2900.8737164137397,2827.8012650519577,0.9959487604679118,0.9961995331381387
2020-2025,,1,fixed_d31,fixed,31.0,base,0.2297882973519037,0.05675447998143854,0.5241379310344828,1450,0.059537778300284575,0.013499101878011888,31.095172413793104,31.013097824612153,0.9965635738831615,0.9970352438338204,0.0,1.618952963534928e-05,2906.2002165128542,2828.2489283924806,0.9959487604679118,0.9961995331381387
2020-2025,,1,fixed_d32,fixed,32.0,base,0.22847245122020282,0.07397121357221417,0.52,1450,0.06118312055669592,0.013962530988143177,32.08827586206897,32.01314186655124,0.9965635738831615,0.9970352438338204,0.0,1.6729954610698038e-05,2908.545469517815,2828.6975937260418,0.9959487604679118,0.9961995331381387
2020-2025,,1,fixed_d33,fixed,33.0,base,0.23158857917017678,0.06130714794651712,0.5220689655172414,1450,0.06360289494085142,0.014432957058200075,33.08896551724138,33.01317899661083,0.9965635738831615,0.9970352438338204,0.0,1.727037958604679e-05,2912.3866894032676,2829.1553192516762,0.9959487604679118,0.9961995331381387
2020-2025,,1,fixed_d34,fixed,34.0,base,0.2323289277751064,0.0849574490263596,0.5241379310344828,1450,0.06575505725172241,0.014937535623328365,34.08275862068965,34.01318878877582,0.9965635738831615,0.9970352438338204,0.0,1.781091071435661e-05,2915.6101045589294,2829.674308409876,0.9959487604679118,0.9961995331381387
2020-2025,,1,fixed_d35,fixed,35.0,base,0.23720651555729652,0.10235602284149853,0.5289655172413793,1450,0.06845493082252654,0.015411871617219654,35.0848275862069,35.01321496318688,0.9965635738831615,0.9970352438338204,0.0,1.83514417590815e-05,2919.544605978497,2830.1430980057976,0.9959487604679118,0.9961995331381387
2020-2025,,1,fixed_d36,fixed,36.0,base,0.2323264668448249,0.09796695011280657,0.5331034482758621,1450,0.06988343009565842,0.015902468060387098,36.08620689655172,36.01322101582425,0.9965635738831615,0.9970352438338204,0.0,1.916223840975377e-05,2921.491149330711,2830.6521969563,0.9959487604679118,0.9961995331381387
2020-2025,,1,fixed_d37,fixed,37.0,base,0.22937982206315363,0.11564087292473141,0.5344827586206896,1450,0.07166768383895734,0.01634885407241317,37.08413793103448,37.013251206380346,0.9965635738831615,0.9970352438338204,0.0,2.044260154505575e-05,2924.297186882651,2831.0812541283476,0.9959487604679118,0.9961995331381387
2020-2025,,1,fixed_d38,fixed,38.0,base,0.22503623924416655,0.09749710365508064,0.5289655172413793,1450,0.07265551803600678,0.016803601321705,38.08,38.01326434062841,0.9965635738831615,0.9970352438338204,0.0,2.1723493595838768e-05,2925.584509426646,2831.521964484784,0.9959487604679118,0.9961995331381387
2020-2025,,1,fixed_d39,fixed,39.0,base,0.22301300730590606,0.10692171865411072,0.5393103448275862,1450,0.07392015498479405,0.01724425758886096,39.07793103448276,39.013267898603566,0.9965635738831615,0.9970352438338204,0.0,2.323669964537005e-05,2927.763263849515,2831.9357071249406,0.9959487604679118,0.9961995331381387
2020-2025,,1,fixed_d4,fixed,4.0,base,0.3794287716543181,-0.07166277268911792,0.48551724137931035,1450,0.008030947148994409,-0.00023967064874626842,4.008275862068966,4.008709072425286,0.9965635738831615,0.9970352438338204,0.0,1.6200032534995944e-06,2827.1096238545797,2813.607193294075,0.9959487604679118,0.9961995331381387
2020-2025,,1,fixed_d40,fixed,40.0,base,0.22152004159758545,0.1166985783032988,0.5420689655172414,1450,0.07498287905966673,0.017661935279571148,40.066896551724135,40.01326900180959,0.9965635738831615,0.9970352438338204,0.0,2.4989477600400754e-05,2929.4667114919557,2832.3085406582504,0.9959487604679118,0.9961995331381387
2020-2025,,1,fixed_d41,fixed,41.0,base,0.22630518833730418,0.1239431761499235,0.5462068965517242,1450,0.0779087117785228,0.01810072091310082,41.061379310344826,41.013271260876834,0.9965635738831615,0.9970352438338204,0.0,2.674236565761228e-05,2934.395826273321,2832.711931207612,0.9959487604679118,0.9961995331381387
2020-2025,,1,fixed_d42,fixed,42.0,base,0.222959100371784,0.12573277219481802,0.5579310344827586,1450,0.0795982994275052,0.018566779335718667,42.057931034482756,42.01325857103624,0.9965635738831615,0.9970352438338204,0.0,2.8765171231951967e-05,2936.8898346891315,2833.161642719847,0.9959487604679118,0.9961995331381387
2020-2025,,1,fixed_d43,fixed,43.0,base,0.21932627106660407,0.1361909355278212,0.5606896551724138,1450,0.0810073346236348,0.019012166807053962,43.05379310344828,43.01323172122289,0.9965635738831615,0.9970352438338204,0.0,3.078828192268119e-05,2938.8282182915354,2833.57063082965,0.9959487604679118,0.9961995331381387
2020-2025,,1,fixed_d44,fixed,44.0,base,0.21235817691239464,0.1317748343336405,0.5544827586206896,1450,0.08188983357934612,0.01945939088045025,44.0551724137931,44.01322171016774,0.9965635738831615,0.9970352438338204,0.0,3.2811070305959196e-05,2939.758678224028,2833.9853924634485,0.9959487604679118,0.9961995331381387
2020-2025,,1,fixed_d45,fixed,45.0,base,0.221107635143137,0.12685166511134896,0.5482758620689655,1450,0.08552758954123843,0.01992204042544296,45.06413793103448,45.01319154517777,0.9965635738831615,0.9970352438338204,0.0,3.483369599451986e-05,2945.9620003529994,2834.424577662926,0.9959487604679118,0.9961995331381387
2020-2025,,1,fixed_d46,fixed,46.0,base,0.22192001272528938,0.10597556986994963,0.5503448275862068,1450,0.0880566012472627,0.020379482598936165,46.06206896551724,46.01315601747577,0.9965635738831615,0.9970352438338204,0.0,3.7125764148515895e-05,2949.882612384477,2834.8603869306576,0.9959487604679118,0.9961995331381387
2020-2025,,1,fixed_d47,fixed,47.0,base,0.21847086277623126,0.1287048576539939,0.5537931034482758,1450,0.08948225718372461,0.020856563212670945,47.069655172413796,47.013106358486056,0.9965635738831615,0.9970352438338204,0.0,3.941738429930279e-05,2951.8725155678326,2835.341990827299,0.9959487604679118,0.9961995331381387
2020-2025,,1,fixed_d48,fixed,48.0,base,0.20987007566180485,0.12279427224388265,0.5586206896551724,1450,0.08966803324315263,0.021314284264505413,48.064827586206896,48.01306834546991,0.9965635738831615,0.9970352438338204,0.0,4.1709121342728844e-05,2951.515619552892,2835.7929669060572,0.9959487604679118,0.9961995331381387
2020-2025,,1,fixed_d49,fixed,49.0,base,0.2022848489061737,0.10719256285542891,0.5496551724137931,1450,0.08983652941970348,0.02177391435754876,49.06758620689655,49.01304505531508,0.9965635738831615,0.9970352438338204,0.0,4.40009362958847e-05,2951.4921065348717,2836.2533630956877,0.9959487604679118,0.9961995331381387
2020-2025,,1,fixed_d5,fixed,5.0,base,0.33077609405625197,-0.11411739054911332,0.48551724137931035,1450,0.009823978877329834,0.0002816965973495423,5.013103448275862,5.00953249562707,0.9965635738831615,0.9970352438338204,0.0,2.1595819988978466e-06,2829.5654958424125,2814.163813389469,0.9959487604679118,0.9961995331381387
2020-2025,,1,fixed_d50,fixed,50.0,base,0.1942372355513,0.10918110003829723,0.5475862068965517,1450,0.08990004959133448,0.022198514997819226,50.06068965517241,50.01301566941685,0.9965635738831615,0.9970352438338204,0.0,4.6292673339310764e-05,2951.228383943726,2836.6569467053123,0.9959487604679118,0.9961995331381387
2020-2025,,1,fixed_d51,fixed,51.0,base,0.196403007221238,0.12094252742462044,0.5531034482758621,1450,0.09274737381381178,0.022647182342094736,51.05172413793103,51.012989136413914,0.9965635738831615,0.9970352438338204,0.0,4.8828131853668304e-05,2955.829401025313,2837.0917849400944,0.9959487604679118,0.9961995331381387
2020-2025,,1,fixed_d52,fixed,52.0,base,0.18912082466010138,0.09550315130778525,0.5489655172413793,1450,0.09291510287090912,0.02312009957576865,52.044137931034484,52.012922514702396,0.9965635738831615,0.9970352438338204,0.0,5.1363360615669585e-05,2955.7363448905717,2837.5761392670843,0.9959487604679118,0.9961995331381387
2020-2025,,1,fixed_d53,fixed,53.0,base,0.1799504823081514,0.09826512316340114,0.546896551724138,1450,0.09214498432546243,0.023570344014162928,53.04206896551724,53.012871871200595,0.9965635738831615,0.9970352438338204,0.0,5.362791733412602e-05,2953.760921966327,2838.02135560546,0.9959487604679118,0.9961995331381387
2020-2025,,1,fixed_d54,fixed,54.0,base,0.1750467347127249,0.07581454548189036,0.5489655172413793,1450,0.0924868980773437,0.024008655700381562,54.03793103448276,54.01282016352288,0.9965635738831615,0.9970352438338204,0.0,5.589276476886396e-05,2953.735058501865,2838.4374476604667,0.9959487604679118,0.9961995331381387
2020-2025,,1,fixed_d55,fixed,55.0,base,0.17042248508981162,0.06952805125871485,0.5386206896551724,1450,0.09334553403500556,0.02446763602744719,55.037241379310345,55.01277101656092,0.9965635738831615,0.9970352438338204,0.0,5.815942679437986e-05,2954.5786423113286,2838.8877731139264,0.9959487604679118,0.9961995331381387
2020-2025,,1,fixed_d56,fixed,56.0,base,0.16656697289770592,0.061517019842605124,0.5331034482758621,1450,0.0943621958940914,0.024904939237566055,56.031724137931036,56.012706045372724,0.9965635738831615,0.9970352438338204,0.0,6.0425675423955126e-05,2955.563691739781,2839.3084409613257,0.9959487604679118,0.9961995331381387
2020-2025,,1,fixed_d57,fixed,57.0,base,0.16157978831671682,0.0490929844408679,0.5282758620689655,1450,0.09536784552486349,0.025366888504863277,57.03241379310345,57.012638491013995,0.9965635738831615,0.9970352438338204,0.0,6.29226002201012e-05,2956.4630979825683,2839.7691980615937,0.9959487604679118,0.9961995331381387
2020-2025,,1,fixed_d58,fixed,58.0,base,0.1641761930525669,0.061895289053839245,0.5255172413793103,1450,0.09853092148951886,0.0258037147847158,58.033793103448275,58.01257464874876,0.9965635738831615,0.9970352438338204,0.0,6.541955882029081e-05,2961.4704214929307,2840.1970703523216,0.9959487604679118,0.9961995331381387
2020-2025,,1,fixed_d59,fixed,59.0,base,0.16156137295866396,0.05013363492989786,0.5262068965517241,1450,0.10015942370913414,0.026228340321625215,59.04344827586207,59.01250263331235,0.9965635738831615,0.9970352438338204,0.0,6.791647078143561e-05,2963.8183351836287,2840.6094960347395,0.9959487604679118,0.9961995331381387
2020-2025,,1,fixed_d6,fixed,6.0,base,0.3264180160097049,-0.057775449985006895,0.4896551724137931,1450,0.012297863610197631,0.0008117093136271648,6.0137931034482754,6.01021321925519,0.9965635738831615,0.9970352438338204,0.0,2.699583195301205e-06,2833.4007859053436,2814.727730250511,0.9959487604679118,0.9961995331381387
2020-2025,,1,fixed_d60,fixed,60.0,base,0.15560952033011086,0.056325985031617565,0.5186206896551724,1450,0.10109258160967079,0.02667162677216174,60.035862068965514,60.012432089501964,0.9965635738831615,0.9970352438338204,0.0,7.041351419935549e-05,2964.84371745,2841.0456001851994,0.9959487604679118,0.9961995331381387
2020-2025,,1,fixed_d7,fixed,7.0,base,0.31913475103420663,-0.12651075095336145,0.47448275862068967,1450,0.014762227702127085,0.0013106986999786375,7.0151724137931035,7.010766489328298,0.9965635738831615,0.9970352438338204,0.0,3.239478071672162e-06,2837.1590535843407,2815.245355625272,0.9959487604679118,0.9961995331381387
2020-2025,,1,fixed_d8,fixed,8.0,base,0.32668045954806163,-0.07507560565145985,0.48551724137931035,1450,0.017504844476829852,0.0018023535510061973,8.013793103448275,8.011198882399373,0.9965635738831615,0.9970352438338204,0.0,3.7793729480431185e-06,2841.634038247032,2815.74753896186,0.9959487604679118,0.9961995331381387
2020-2025,,1,fixed_d9,fixed,9.0,base,0.31217476475325523,-0.11602128676061468,0.4862068965517241,1450,0.019696472857269644,0.002271454507924874,9.018620689655172,9.011565807854963,0.9965635738831615,0.9970352438338204,0.0,4.318950862007326e-06,2845.1759127071077,2816.215106068125,0.9959487604679118,0.9961995331381387
2020-2025,,1,model_plan,model_plan,,base,0.23136980031542925,0.1430553735935275,0.5310344827586206,1450,0.03841141754907021,0.00156414006424475,21.37793103448276,4.854628201886818,0.9965635738831615,0.9970352438338204,0.0,5.1412423926556124e-06,2877.0379601311497,2817.332821239114,0.9959487604679118,0.9961995331381387
2020-2025,,1,rolling_path,rolling,,base,0.6105914814991236,0.22486605470765628,0.5475862068965517,1450,0.030560725292968962,0.0010346129871983663,13.559310344827587,3.6060708049558534,0.9965635738831615,0.9970352438338204,0.0,5.40318571829951e-07,2862.2777214062908,2816.411684088158,0.9959487604679118,0.9961995331381387
2020-2025,,1,fixed_d10,fixed,10.0,double_slippage,0.31699489382540114,-0.09048963441991495,0.4827586206896552,1450,0.020847546067633733,0.0013489953696229119,10.02344827586207,10.011849511396814,0.9965635738831615,0.9970352438338204,0.0,4.858528110826142e-06,4256.519246106964,4210.366075738885,0.9959733594487397,0.9962022716993258
2020-2025,,1,fixed_d11,fixed,11.0,double_slippage,0.3216416763129058,-0.004149411749913763,0.4986206896551724,1450,0.023333661910722347,0.0018312471653783634,11.020689655172413,11.012059923683893,0.9965635738831615,0.9970352438338204,0.0,5.398422320877694e-06,4262.406843113323,4211.193769452373,0.9959733594487397,0.9962022716993258
2020-2025,,1,fixed_d12,fixed,12.0,double_slippage,0.3174560897074529,-0.002789201287936863,0.4993103448275862,1450,0.025382112099358804,0.0023199010134974623,12.026206896551724,12.012196585115047,0.9965635738831615,0.9970352438338204,0.0,5.93810580614398e-06,4267.240884905743,4212.042503530156,0.9959733594487397,0.9962022716993258
2020-2025,,1,fixed_d13,fixed,13.0,double_slippage,0.32871569173971993,-0.010789857854233673,0.4986206896551724,1450,0.028251902967612846,0.002814002897909093,13.031724137931034,13.012320229759506,0.9965635738831615,0.9970352438338204,0.0,6.477682223533364e-06,4274.0537184545765,4212.899488349109,0.9959733594487397,0.9962022716993258
2020-2025,,1,fixed_d14,fixed,14.0,double_slippage,0.31063216260411536,-0.011803096145546872,0.49724137931034484,1450,0.02956315987658614,0.00330727034160196,14.03103448275862,14.012423974198883,0.9965635738831615,0.9970352438338204,0.0,7.017258640922746e-06,4276.974923770957,4213.759618642843,0.9959733594487397,0.9962022716993258
2020-2025,,1,fixed_d15,fixed,15.0,double_slippage,0.2797443428296309,0.0036685172869682014,0.5006896551724138,1450,0.02992121072851638,0.0038040200291398446,15.028275862068966,15.012524356273925,0.9965635738831615,0.9970352438338204,0.0,7.556623335027331e-06,4277.392379552135,4214.62541014471,0.9959733594487397,0.9962022716993258
2020-2025,,1,fixed_d16,fixed,16.0,double_slippage,0.2723486575466343,-0.028688243422699114,0.49517241379310345,1450,0.0317017270021172,0.004327487325165383,16.025517241379312,16.012634673147044,0.9965635738831615,0.9970352438338204,0.0,8.096093766133486e-06,4281.399800274014,4215.561468190139,0.9959733594487397,0.9962022716993258
2020-2025,,1,fixed_d17,fixed,17.0,double_slippage,0.26428130813003303,0.00419819442676761,0.5013793103448276,1450,0.03327250844785739,0.004906635639758547,17.03103448275862,17.012198150278937,0.9965635738831615,0.9970352438338204,0.0,8.63545829414816e-06,4284.6650660417645,4216.652881586209,0.9959733594487397,0.9962022716993258
2020-2025,,1,fixed_d18,fixed,18.0,double_slippage,0.26517585070091815,0.03446512143425607,0.5124137931034483,1450,0.03529736587108061,0.005483022681134557,18.028275862068966,18.01228363232122,0.9965635738831615,0.9970352438338204,0.0,9.174822822162831e-06,4289.124625926797,4217.736901870161,0.9959733594487397,0.9962022716993258
2020-2025,,1,fixed_d19,fixed,19.0,double_slippage,0.2618474221006016,0.0497186941456265,0.5062068965517241,1450,0.03727413387046193,0.006058195501307989,19.024827586206897,19.012359958713894,0.9965635738831615,0.9970352438338204,0.0,9.714081613175933e-06,4293.3806051098045,4218.810714579949,0.9959733594487397,0.9962022716993258
2020-2025,,1,fixed_d2,fixed,2.0,double_slippage,0.3319220937136137,-0.21812620880824127,0.48482758620689653,1450,0.0006152214691230598,-0.00268169762093153,2.0089655172413794,2.006768127166697,0.9965635738831615,0.9970352438338204,0.0,5.40318571829951e-07,4210.441489507117,4203.3378072958085,0.9959733594487397,0.9962022716993258
2020-2025,,1,fixed_d20,fixed,20.0,double_slippage,0.26794220636836796,0.06823995805951358,0.5186206896551724,1450,0.04025604802748545,0.006591884689369685,20.04344827586207,20.012471004574337,0.9965635738831615,0.9970352438338204,0.0,1.0253340404189033e-05,4300.100804539135,4219.787590869081,0.9959733594487397,0.9962022716993258
2020-2025,,1,fixed_d21,fixed,21.0,double_slippage,0.2664940859441451,0.06716054396443556,0.5151724137931034,1450,0.04220411809043479,0.007112501386857012,21.073103448275862,21.012561820192992,0.9965635738831615,0.9970352438338204,0.0,1.0792810752201356e-05,4304.4340507793595,4220.736230034438,0.9959733594487397,0.9962022716993258
2020-2025,,1,fixed_d22,fixed,22.0,double_slippage,0.2668493410651712,0.061879224990932985,0.5193103448275862,1450,0.04436572650903623,0.0076366018215210515,22.100689655172413,22.012619824295047,0.9965635738831615,0.9970352438338204,0.0,1.1332175280216029e-05,4309.503137861161,4221.680957912065,0.9959733594487397,0.9962022716993258
2020-2025,,1,fixed_d23,fixed,23.0,double_slippage,0.2526074456790532,0.05205153358159631,0.5131034482758621,1450,0.044941666660913634,0.008166397671387287,23.100689655172413,23.012672943124862,0.9965635738831615,0.9970352438338204,0.0,1.187154030650074e-05,4310.495810944459,4222.641172904982,0.9959733594487397,0.9962022716993258
2020-2025,,1,fixed_d24,fixed,24.0,double_slippage,0.23780731697791746,0.06551751589491656,0.5193103448275862,1450,0.04561232684901409,0.008674562851400358,24.11310344827586,24.012737408274432,0.9965635738831615,0.9970352438338204,0.0,1.2410905000605324e-05,4311.877688657782,4223.547793513534,0.9959733594487397,0.9962022716993258
2020-2025,,1,fixed_d25,fixed,25.0,double_slippage,0.22320083281750427,0.04989258632900196,0.5124137931034483,1450,0.045864343132461495,0.0091762808132865,25.106896551724137,25.012804086791274,0.9965635738831615,0.9970352438338204,0.0,1.2950375431711477e-05,4312.123628952224,4224.436669194858,0.9959733594487397,0.9962022716993258
2020-2025,,1,fixed_d26,fixed,26.0,double_slippage,0.21309471913883765,0.04169603789813206,0.5124137931034483,1450,0.04655054558098829,0.009703466097276339,26.10551724137931,26.012860516336694,0.9965635738831615,0.9970352438338204,0.0,1.3489845862817634e-05,4312.835896405362,4225.379960528206,0.9959733594487397,0.9962022716993258
2020-2025,,1,fixed_d27,fixed,27.0,double_slippage,0.20366044550011714,0.05369990113990336,0.5144827586206897,1450,0.04745095974729027,0.010204100149684913,27.099310344827586,27.012913420337668,0.9965635738831615,0.9970352438338204,0.0,1.402931629392379e-05,4314.805170291495,4226.251606169268,0.9959733594487397,0.9962022716993258
2020-2025,,1,fixed_d28,fixed,28.0,double_slippage,0.204738810747485,0.05099640030168728,0.5179310344827586,1450,0.04929205368652331,0.010686934526981778,28.093103448275862,28.01296061650671,0.9965635738831615,0.9970352438338204,0.0,1.4569104434402302e-05,4319.074559802082,4227.076552361398,0.9959733594487397,0.9962022716993258
2020-2025,,1,fixed_d29,fixed,29.0,double_slippage,0.20842761662008868,0.022029841780277434,0.5117241379310344,1450,0.05133536972743429,0.011166474037230315,29.090344827586208,29.01299637830522,0.9965635738831615,0.9970352438338204,0.0,1.5108998561164046e-05,4323.636327708567,4227.896035169712,0.9959733594487397,0.9962022716993258
2020-2025,,1,fixed_d3,fixed,3.0,double_slippage,0.33110801714149296,-0.20699723007519008,0.48,1450,0.003058321133205357,-0.0021645697358373744,3.010344827586207,3.0077733158263964,0.9965635738831615,0.9970352438338204,0.0,1.080213448200908e-06,4215.788997624145,4204.246604328708,0.9959733594487397,0.9962022716993258
2020-2025,,1,fixed_d30,fixed,30.0,double_slippage,0.22167239583891857,0.05077861764118183,0.5144827586206897,1450,0.05487189005616646,0.011627618942929359,30.09103448275862,30.0130534055298,0.9965635738831615,0.9970352438338204,0.0,1.564921098003293e-05,4331.747436219877,4228.669174168356,0.9959733594487397,0.9962022716993258
2020-2025,,1,fixed_d31,fixed,31.0,double_slippage,0.22974836451003755,0.05672990880007918,0.5241379310344828,1450,0.05805940680633321,0.012086542653744389,31.095172413793104,31.013097824612153,0.9965635738831615,0.9970352438338204,0.0,1.618952963534928e-05,4339.303669671165,4229.438164122812,0.9959733594487397,0.9962022716993258
2020-2025,,1,fixed_d32,fixed,32.0,double_slippage,0.22842567352771617,0.0739459019000272,0.52,1450,0.05970180414208803,0.012549326578875239,32.08827586206897,32.01314186655124,0.9965635738831615,0.9970352438338204,0.0,1.6729954610698038e-05,4342.797279673729,4230.210921896437,0.9959733594487397,0.9962022716993258
2020-2025,,1,fixed_d33,fixed,33.0,double_slippage,0.23154185610847364,0.06107212380634677,0.5220689655172414,1450,0.06211830500715139,0.013019081561417355,33.08896551724138,33.01317899661083,0.9965635738831615,0.9970352438338204,0.0,1.727037958604679e-05,4348.329886900925,4230.9975922588155,0.9959733594487397,0.9962022716993258
2020-2025,,1,fixed_d34,fixed,34.0,double_slippage,0.23228034780209003,0.08493584487750144,0.5241379310344828,1450,0.06426745883719612,0.013522968253971878,34.08275862068965,34.01318878877582,0.9965635738831615,0.9970352438338204,0.0,1.781091071435661e-05,4353.057315828929,4231.869464043967,0.9959733594487397,0.9962022716993258
2020-2025,,1,fixed_d35,fixed,35.0,double_slippage,0.23715744916405548,0.10237302809333065,0.5289655172413793,1450,0.06696303558165567,0.013996648988568252,35.0848275862069,35.01321496318688,0.9965635738831615,0.9970352438338204,0.0,1.83514417590815e-05,4358.877647776227,4232.669983366522,0.9959733594487397,0.9962022716993258
2020-2025,,1,fixed_d36,fixed,36.0,double_slippage,0.23227590665697154,0.097941627029286,0.5331034482758621,1450,0.06838926748035414,0.014486572450072415,36.08620689655172,36.01322101582425,0.9965635738831615,0.9970352438338204,0.0,1.916223840975377e-05,4361.822149662218,4233.522174130971,0.9959733594487397,0.9962022716993258
2020-2025,,1,fixed_d37,fixed,37.0,double_slippage,0.22933427776153129,0.1155488573751641,0.5344827586206896,1450,0.07017103344444418,0.014932355463115991,37.08413793103448,37.013251206380346,0.9965635738831615,0.9970352438338204,0.0,2.044260154505575e-05,4365.875416540771,4234.2634555136065,0.9959733594487397,0.9962022716993258
2020-2025,,1,fixed_d38,fixed,38.0,double_slippage,0.22498858761475785,0.09741471704370483,0.5289655172413793,1450,0.07115745076555842,0.015386469287275521,38.08,38.01326434062841,0.9965635738831615,0.9970352438338204,0.0,2.1723493595838768e-05,4367.853154563931,4235.0221934948695,0.9959733594487397,0.9962022716993258
2020-2025,,1,fixed_d39,fixed,39.0,double_slippage,0.2229645623396198,0.1068975558042499,0.5393103448275862,1450,0.0724203215399772,0.01582648987075631,39.07793103448276,39.013267898603566,0.9965635738831615,0.9970352438338204,0.0,2.323669964537005e-05,4370.915608466662,4235.744056142096,0.9959733594487397,0.9962022716993258
2020-2025,,1,fixed_d4,fixed,4.0,double_slippage,0.3791531750089974,-0.07200745975784656,0.48482758620689653,1450,0.006627336477427291,-0.0016330164747002402,4.008275862068966,4.008709072425286,0.9965635738831615,0.9970352438338204,0.0,1.6200032534995944e-06,4224.219951821207,4205.189564324789,0.9959733594487397,0.9962022716993258
2020-2025,,1,fixed_d40,fixed,40.0,double_slippage,0.22146846326090106,0.11669276974080653,0.5420689655172414,1450,0.07348090017475684,0.016243573054733458,40.066896551724135,40.01326900180959,0.9965635738831615,0.9970352438338204,0.0,2.4989477600400754e-05,4373.360372932728,4236.408970444285,0.9959733594487397,0.9962022716993258
2020-2025,,1,fixed_d41,fixed,41.0,double_slippage,0.22625207615552692,0.12397368351195656,0.5462068965517242,1450,0.0764026353532953,0.01668172554917163,41.061379310344826,41.013271260876834,0.9965635738831615,0.9970352438338204,0.0,2.674236565761228e-05,4380.334105868877,4237.119170168433,0.9959733594487397,0.9962022716993258
2020-2025,,1,fixed_d42,fixed,42.0,double_slippage,0.22290425026930114,0.1255381789562519,0.5579310344827586,1450,0.07808994993576222,0.01714714153182783,42.057931034482756,42.01325857103624,0.9965635738831615,0.9970352438338204,0.0,2.8765171231951967e-05,4384.009084654947,4237.894825801953,0.9959733594487397,0.9962022716993258
2020-2025,,1,fixed_d43,fixed,43.0,double_slippage,0.21927244775134536,0.13622894375085093,0.5606896551724138,1450,0.0794972601423456,0.01759188967100736,43.05379310344828,43.01323172122289,0.9965635738831615,0.9970352438338204,0.0,3.078828192268119e-05,4386.932939186548,4238.615239454405,0.9959733594487397,0.9962022716993258
2020-2025,,1,fixed_d44,fixed,44.0,double_slippage,0.21230722306121735,0.13162966455678785,0.5544827586206896,1450,0.08037851648861882,0.01803848888626971,44.0551724137931,44.01322171016774,0.9965635738831615,0.9970352438338204,0.0,3.2811070305959196e-05,4388.480579850233,4239.342774276893,0.9959733594487397,0.9962022716993258
2020-2025,,1,fixed_d45,fixed,45.0,double_slippage,0.22105836119452585,0.12683505474269974,0.5475862068965517,1450,0.08401076941301942,0.018500475155810096,45.06413793103448,45.01319154517777,0.9965635738831615,0.9970352438338204,0.0,3.483369599451986e-05,4397.224740320395,4240.105477413483,0.9959733594487397,0.9962022716993258
2020-2025,,1,fixed_d46,fixed,46.0,double_slippage,0.22187237170700638,0.10613044752033984,0.5503448275862068,1450,0.08653604150002554,0.018957268312533433,46.06206896551724,46.01315601747577,0.9965635738831615,0.9970352438338204,0.0,3.7125764148515895e-05,4402.912461604094,4240.861153007365,0.9959733594487397,0.9962022716993258
2020-2025,,1,fixed_d47,fixed,47.0,double_slippage,0.21842884767726536,0.12860485210678851,0.5537931034482758,1450,0.08796080684502805,0.01943368798841602,47.069655172413796,47.013106358486056,0.9965635738831615,0.9970352438338204,0.0,3.941738429930279e-05,4405.901547347876,4241.6763907335235,0.9959733594487397,0.9962022716993258
2020-2025,,1,fixed_d48,fixed,48.0,double_slippage,0.2098311082965581,0.12275302421133484,0.5586206896551724,1450,0.08814655171975451,0.01989081239083304,48.064827586206896,48.01306834546991,0.9965635738831615,0.9970352438338204,0.0,4.1709121342728844e-05,4405.675492399237,4242.447574479972,0.9959733594487397,0.9962022716993258
2020-2025,,1,fixed_d49,fixed,49.0,double_slippage,0.20224606647888863,0.1073006460379674,0.5496551724137931,1450,0.08831526957771861,0.02034981852531524,49.06758620689655,49.01304505531508,0.9965635738831615,0.9970352438338204,0.0,4.40009362958847e-05,4405.771191609333,4243.229436077196,0.9959733594487397,0.9962022716993258
2020-2025,,1,fixed_d5,fixed,5.0,double_slippage,0.3306080896152926,-0.11475112582045763,0.48551724137931035,1450,0.008417730445472003,-0.0011123610043115174,5.013103448275862,5.00953249562707,0.9965635738831615,0.9970352438338204,0.0,2.1595819988978466e-06,4227.929392623557,4206.110794789915,0.9959733594487397,0.9962022716993258
2020-2025,,1,fixed_d50,fixed,50.0,double_slippage,0.19419796388422575,0.1092984522225124,0.5475862068965517,1450,0.08837906913730195,0.020773817852068117,50.06068965517241,50.01301566941685,0.9965635738831615,0.9970352438338204,0.0,4.6292673339310764e-05,4405.553166899976,4243.929940552825,0.9959733594487397,0.9962022716993258
2020-2025,,1,fixed_d51,fixed,51.0,double_slippage,0.19636094045539576,0.12092350190555198,0.5531034482758621,1450,0.09122249054494333,0.02122185879672225,51.05172413793103,51.012989136413914,0.9965635738831615,0.9970352438338204,0.0,4.8828131853668304e-05,4412.144284513132,4244.678544769666,0.9959733594487397,0.9962022716993258
2020-2025,,1,fixed_d52,fixed,52.0,double_slippage,0.1890821508257138,0.0954659922237421,0.5489655172413793,1450,0.09139090302043085,0.021694110742798214,52.044137931034484,52.012922514702396,0.9965635738831615,0.9970352438338204,0.0,5.1363360615669585e-05,4412.171246139694,4245.493579442094,0.9959733594487397,0.9962022716993258
2020-2025,,1,fixed_d53,fixed,53.0,double_slippage,0.1799119404381986,0.09825476320669835,0.546896551724138,1450,0.09062192629081826,0.022143721645696435,53.04206896551724,53.012871871200595,0.9965635738831615,0.9970352438338204,0.0,5.362791733412602e-05,4409.658131483326,4246.253643235865,0.9959733594487397,0.9962022716993258
2020-2025,,1,fixed_d54,fixed,54.0,double_slippage,0.17500881617826125,0.0758508523050403,0.5489655172413793,1450,0.09096311566377781,0.02258144306335779,54.03793103448276,54.01282016352288,0.9965635738831615,0.9970352438338204,0.0,5.589276476886396e-05,4409.870736992769,4246.976324331256,0.9959733594487397,0.9962022716993258
2020-2025,,1,fixed_d55,fixed,55.0,double_slippage,0.17038396944365777,0.06958365132348092,0.5386206896551724,1450,0.09182018576817384,0.02303977259958735,55.037241379310345,55.01277101656092,0.9965635738831615,0.9970352438338204,0.0,5.815942679437986e-05,4411.313851555881,4247.747600465365,0.9959733594487397,0.9962022716993258
2020-2025,,1,fixed_d56,fixed,56.0,double_slippage,0.16652653706181877,0.06147561624994026,0.5331034482758621,1450,0.09283524644415929,0.02347648058629238,56.031724137931036,56.012706045372724,0.9965635738831615,0.9970352438338204,0.0,6.0425675423955126e-05,4413.009362637438,4248.474129109312,0.9959733594487397,0.9962022716993258
2020-2025,,1,fixed_d57,fixed,57.0,double_slippage,0.1615426794549203,0.04910420771195561,0.5282758620689655,1450,0.0938405994733034,0.023937784744716625,57.03241379310345,57.012638491013995,0.9965635738831615,0.9970352438338204,0.0,6.29226002201012e-05,4414.6149921353135,4249.257936101603,0.9959733594487397,0.9962022716993258
2020-2025,,1,fixed_d58,fixed,58.0,double_slippage,0.1641406117233877,0.06184904531972471,0.5255172413793103,1450,0.09699980510150683,0.024374002147942237,58.033793103448275,58.01257464874876,0.9965635738831615,0.9970352438338204,0.0,6.541955882029081e-05,4421.834232362334,4249.991288986374,0.9959733594487397,0.9962022716993258
2020-2025,,1,fixed_d59,fixed,59.0,double_slippage,0.161527183572032,0.04990523833108021,0.5262068965517241,1450,0.09862653567814161,0.024798034382623135,59.04344827586207,59.01250263331235,0.9965635738831615,0.9970352438338204,0.0,6.791647078143561e-05,4425.321486419922,4250.700673656091,0.9959733594487397,0.9962022716993258
2020-2025,,1,fixed_d6,fixed,6.0,double_slippage,0.3262800442676561,-0.05738069935971106,0.4896551724137931,1450,0.010888381852133854,-0.0005830912779370992,6.0137931034482754,6.01021321925519,0.9965635738831615,0.9970352438338204,0.0,2.699583195301205e-06,4233.494228201355,4207.045329963422,0.9959733594487397,0.9962022716993258
2020-2025,,1,fixed_d60,fixed,60.0,double_slippage,0.15557805402784036,0.05614191295302838,0.5186206896551724,1450,0.09955903392802473,0.025240705584559046,60.035862068965514,60.012432089501964,0.9965635738831615,0.9970352438338204,0.0,7.041351419935549e-05,4427.001021194376,4251.446789512527,0.9959733594487397,0.9962022716993258
2020-2025,,1,fixed_d7,fixed,7.0,double_slippage,0.3190034179227931,-0.12689510720138716,0.47448275862068967,1450,0.013348990646146969,-8.479981416527274e-05,7.0151724137931035,7.010766489328298,0.9965635738831615,0.9970352438338204,0.0,3.239478071672162e-06,4238.97411704787,4207.911879828523,0.9959733594487397,0.9962022716993258
2020-2025,,1,fixed_d8,fixed,8.0,double_slippage,0.3265365697202518,-0.07498743493786594,0.48551724137931035,1450,0.016087193363773997,0.00040617071187300376,8.013793103448275,8.011198882399373,0.9965635738831615,0.9970352438338204,0.0,3.7793729480431185e-06,4245.364188738159,4208.757876694599,0.9959733594487397,0.9962022716993258
2020-2025,,1,fixed_d9,fixed,9.0,double_slippage,0.31202715394271496,-0.11597349881712711,0.4862068965517241,1450,0.018274453405210694,0.0008746013036309723,9.018620689655172,9.011565807854963,0.9965635738831615,0.9970352438338204,0.0,4.318950862007326e-06,4250.434540199621,4209.553450961276,0.9959733594487397,0.9962022716993258
2020-2025,,1,model_plan,model_plan,,double_slippage,0.2993526289172092,0.21111039647989524,0.5482758620689655,1450,0.03696576355334558,0.00016824839532444104,21.37793103448276,4.854628201886818,0.9965635738831615,0.9970352438338204,0.0,5.1412423926556124e-06,4295.3813024306155,4210.175200152402,0.9959733594487397,0.9962022716993258
2020-2025,,1,rolling_path,rolling,,double_slippage,0.6879510805782723,0.315254132404958,0.56,1450,0.02912339763350308,-0.0003605233013256185,13.559310344827587,3.6060708049558534,0.9965635738831615,0.9970352438338204,0.0,5.40318571829951e-07,4275.129091528593,4208.884070987356,0.9959733594487397,0.9962022716993258
2020-2025,,2,fixed_d10,fixed,10.0,base,0.3081299297669719,0.10175417400033736,0.5216494845360825,1455,0.0190143957960707,0.0027474494386512003,10.024742268041237,10.011849511396814,0.9969072164948454,0.9970352438338204,0.0,4.858528110826142e-06,1421.467608404991,1407.1554701503524,0.9956954754272838,0.9953591314321759
2020-2025,,2,fixed_d11,fixed,11.0,base,0.3175954750289641,0.11158764400374209,0.5347079037800687,1455,0.02148858333266622,0.00323028623722254,11.025773195876289,11.012059923683893,0.9969072164948454,0.9970352438338204,0.0,5.398422320877694e-06,1423.5704542510045,1407.4005486616797,0.9956954754272838,0.9953591314321759
2020-2025,,2,fixed_d12,fixed,12.0,base,0.3156625662938407,0.16883405927003448,0.5470790378006873,1455,0.02349672916363899,0.0037195151462247875,12.028865979381443,12.012196585115047,0.9969072164948454,0.9970352438338204,0.0,5.93810580614398e-06,1425.2691871609525,1407.653894869709,0.9956954754272838,0.9953591314321759
2020-2025,,2,fixed_d13,fixed,13.0,base,0.30029714549140396,0.1677664244001267,0.534020618556701,1455,0.024748407074745862,0.0042141746702359095,13.030927835051546,13.012320229759506,0.9969072164948454,0.9970352438338204,0.0,6.477682223533364e-06,1426.196686852698,1407.9094431765045,0.9956954754272838,0.9953591314321759
2020-2025,,2,fixed_d14,fixed,14.0,base,0.29988210677943855,0.1845406163716742,0.5505154639175258,1455,0.026791363663256896,0.004708037782780955,14.027835051546392,14.012423974198883,0.9969072164948454,0.9970352438338204,0.0,7.017258640922746e-06,1427.8475485668803,1408.1668908368629,0.9956954754272838,0.9953591314321759
2020-2025,,2,fixed_d15,fixed,15.0,base,0.2891579107954755,0.1993668470685905,0.5484536082474227,1455,0.028253752464593884,0.005205333106910203,15.024742268041237,15.012524356273925,0.9969072164948454,0.9970352438338204,0.0,7.556623335027331e-06,1428.8853554477816,1408.425897100806,0.9956954754272838,0.9953591314321759
2020-2025,,2,fixed_d16,fixed,16.0,base,0.2869671807478361,0.20597995066354918,0.5560137457044674,1455,0.030230436313689026,0.005729365597237669,16.022680412371134,16.012634673147044,0.9969072164948454,0.9970352438338204,0.0,8.096093766133486e-06,1430.439027328638,1408.7106657205375,0.9956954754272838,0.9953591314321759
2020-2025,,2,fixed_d17,fixed,17.0,base,0.27975886933290567,0.2180097638098561,0.5628865979381443,1455,0.031811556799930064,0.006309132973539675,17.02577319587629,17.012198150278937,0.9969072164948454,0.9970352438338204,0.0,8.63545829414816e-06,1431.612624887502,1409.053613478763,0.9956954754272838,0.9953591314321759
2020-2025,,2,fixed_d18,fixed,18.0,base,0.2767964348643579,0.186016425211192,0.5670103092783505,1455,0.03362755659306089,0.006886156847265187,18.022680412371134,18.01228363232122,0.9969072164948454,0.9970352438338204,0.0,9.174822822162831e-06,1433.1146654972172,1409.3938607609991,0.9956954754272838,0.9953591314321759
2020-2025,,2,fixed_d19,fixed,19.0,base,0.27053510592333374,0.17595200870265112,0.5539518900343643,1455,0.03496050349631729,0.007461988089767091,19.017525773195878,19.012359958713894,0.9969072164948454,0.9970352438338204,0.0,9.714081613175933e-06,1434.0259992131193,1409.7294450575787,0.9956954754272838,0.9953591314321759
2020-2025,,2,fixed_d2,fixed,2.0,base,0.3133937302946035,0.03376577816409039,0.5024054982817869,1455,0.0016391970718521815,-0.001288101519948411,2.00893470790378,2.006768127166697,0.9969072164948454,0.9970352438338204,0.0,5.40318571829951e-07,1407.9883130288856,1405.0519659208016,0.9956954754272838,0.9953591314321759
2020-2025,,2,fixed_d20,fixed,20.0,base,0.278973537591771,0.21266792999906606,0.5621993127147766,1455,0.037671481494846115,0.007996324854506704,20.024398625429555,20.012471004574337,0.9969072164948454,0.9970352438338204,0.0,1.0253340404189033e-05,1436.2111713448428,1410.0311134310573,0.9956954754272838,0.9953591314321759
2020-2025,,2,fixed_d21,fixed,21.0,base,0.27618318023825916,0.19985753768163694,0.5594501718213059,1455,0.03940946186710665,0.008517518050484384,21.04089347079038,21.012561820192992,0.9969072164948454,0.9970352438338204,0.0,1.0792810752201356e-05,1437.5834222153796,1410.3231826940798,0.9956954754272838,0.9953591314321759
2020-2025,,2,fixed_d22,fixed,22.0,base,0.2619279619078369,0.17124777735198424,0.5628865979381443,1455,0.04009337462527491,0.009042213934387018,22.05635738831615,22.012619824295047,0.9969072164948454,0.9970352438338204,0.0,1.1332175280216029e-05,1437.9716207857762,1410.6121102630623,0.9956954754272838,0.9953591314321759
2020-2025,,2,fixed_d23,fixed,23.0,base,0.2453932693924516,0.13869704423374188,0.5505154639175258,1455,0.04034907110888283,0.009572652658343906,23.05704467353952,23.012672943124862,0.9969072164948454,0.9970352438338204,0.0,1.187154030650074e-05,1437.897992852192,1410.9068144648813,0.9956954754272838,0.9953591314321759
2020-2025,,2,fixed_d24,fixed,24.0,base,0.23762777095775636,0.12908356511171035,0.5498281786941581,1455,0.04141784785971571,0.010081403540537307,24.063230240549828,24.012737408274432,0.9969072164948454,0.9970352438338204,0.0,1.2410905000605324e-05,1438.570638282787,1411.1822615058386,0.9956954754272838,0.9953591314321759
2020-2025,,2,fixed_d25,fixed,25.0,base,0.22787521860084836,0.09854222963613657,0.5388316151202749,1455,0.042101620194852175,0.010583642829625194,25.061855670103093,25.012804086791274,0.9969072164948454,0.9970352438338204,0.0,1.2950375431711477e-05,1438.850000299113,1411.4510355032896,0.9956954754272838,0.9953591314321759
2020-2025,,2,fixed_d26,fixed,26.0,base,0.21805640227976494,0.08188525198749323,0.5353951890034364,1455,0.04287678388742052,0.01111141498765058,26.061855670103093,26.012860516336694,0.9969072164948454,0.9970352438338204,0.0,1.3489845862817634e-05,1439.14354503862,1411.7381444301448,0.9956954754272838,0.9953591314321759
2020-2025,,2,fixed_d27,fixed,27.0,base,0.21067116143116033,0.10202082611859076,0.5388316151202749,1455,0.04376567022680645,0.011612641905200814,27.055670103092783,27.012913420337668,0.9969072164948454,0.9970352438338204,0.0,1.402931629392379e-05,1439.6963270186664,1411.998754790693,0.9956954754272838,0.9953591314321759
2020-2025,,2,fixed_d28,fixed,28.0,base,0.2164816892929125,0.103323351122538,0.5395189003436426,1455,0.045904720221481454,0.01209602722912419,28.051202749140895,28.01296061650671,0.9969072164948454,0.9970352438338204,0.0,1.4569104434402302e-05,1441.4162068933986,1412.2422314819546,0.9956954754272838,0.9953591314321759
2020-2025,,2,fixed_d29,fixed,29.0,base,0.21215864937383314,0.08108530168183192,0.5360824742268041,1455,0.04707540956498031,0.012576075240707637,29.051546391752577,29.01299637830522,0.9969072164948454,0.9970352438338204,0.0,1.5108998561164046e-05,1442.2617249410043,1412.4840894732881,0.9956954754272838,0.9953591314321759
2020-2025,,2,fixed_d3,fixed,3.0,base,0.3266338347534815,0.08141406653255989,0.51340206185567,1455,0.003912619782632069,-0.0007702995819079333,3.0082474226804123,3.0077733158263964,0.9969072164948454,0.9970352438338204,0.0,1.080213448200908e-06,1409.7337807089648,1405.3254283846263,0.9956954754272838,0.9953591314321759
2020-2025,,2,fixed_d30,fixed,30.0,base,0.217595366650727,0.10504085942809606,0.5470790378006873,1455,0.049544378756865355,0.013037788426841133,30.054295532646048,30.0130534055298,0.9969072164948454,0.9970352438338204,0.0,1.564921098003293e-05,1444.1820947109225,1412.709290474845,0.9956954754272838,0.9953591314321759
2020-2025,,2,fixed_d31,fixed,31.0,base,0.22393818889399658,0.13520905028188407,0.5518900343642612,1455,0.052205966888012253,0.01349726312375775,31.05257731958763,31.013097824612153,0.9969072164948454,0.9970352438338204,0.0,1.618952963534928e-05,1446.377773073169,1412.9331926325892,0.9956954754272838,0.9953591314321759
2020-2025,,2,fixed_d32,fixed,32.0,base,0.22202346678981363,0.13056378039913186,0.5539518900343643,1455,0.053702592877593894,0.013960593188999875,32.04879725085911,32.01314186655124,0.9969072164948454,0.9970352438338204,0.0,1.6729954610698038e-05,1447.4620927169553,1413.1576126910272,0.9956954754272838,0.9953591314321759
2020-2025,,2,fixed_d33,fixed,33.0,base,0.22111866525785015,0.1375575622909014,0.5512027491408935,1455,0.05521281497860567,0.014430884514419234,33.04845360824742,33.01317899661083,0.9969072164948454,0.9970352438338204,0.0,1.727037958604679e-05,1448.5037192841717,1413.3865287484518,0.9956954754272838,0.9953591314321759
2020-2025,,2,fixed_d34,fixed,34.0,base,0.2193460214728766,0.1214063560255199,0.5484536082474227,1455,0.05676111686091554,0.014935348551958723,34.05120274914089,34.01318878877582,0.9969072164948454,0.9970352438338204,0.0,1.781091071435661e-05,1449.6520241987262,1413.64609082596,0.9956954754272838,0.9953591314321759
2020-2025,,2,fixed_d35,fixed,35.0,base,0.22204218372555923,0.1269537964108304,0.5532646048109966,1455,0.05888861353682906,0.015409585190624363,35.05120274914089,35.01321496318688,0.9969072164948454,0.9970352438338204,0.0,1.83514417590815e-05,1451.2171434577426,1413.8805678354047,0.9956954754272838,0.9953591314321759
2020-2025,,2,fixed_d36,fixed,36.0,base,0.21843056866520702,0.13919009046524186,0.5601374570446735,1455,0.060082631842989745,0.01590009219860967,36.064948453608245,36.01322101582425,0.9969072164948454,0.9970352438338204,0.0003436426116838488,1.916223840975377e-05,1452.081330544531,1414.1352019073,0.9956954754272838,0.9953591314321759
2020-2025,,2,fixed_d37,fixed,37.0,base,0.21789377376097335,0.14710280997651756,0.5628865979381443,1455,0.061755145807220135,0.016346379751543506,37.06357388316151,37.013251206380346,0.9969072164948454,0.9970352438338204,0.0003436426116838488,2.044260154505575e-05,1453.4355122880338,1414.3498077320758,0.9956954754272838,0.9953591314321759
2020-2025,,2,fixed_d38,fixed,38.0,base,0.213536200993211,0.14889641358528483,0.5690721649484536,1455,0.06265309890735797,0.016801038481736398,38.067697594501716,38.01326434062841,0.9969072164948454,0.9970352438338204,0.0003436426116838488,2.1723493595838768e-05,1453.9695998350735,1414.5702492136434,0.9956954754272838,0.9953591314321759
2020-2025,,2,fixed_d39,fixed,39.0,base,0.21145795381183033,0.15719123193377316,0.5725085910652921,1455,0.06384121224214839,0.017241612112681635,39.068041237113405,39.013267898603566,0.9969072164948454,0.9970352438338204,0.0003436426116838488,2.323669964537005e-05,1454.875413491244,1414.7772244353628,0.9956954754272838,0.9953591314321759
2020-2025,,2,fixed_d4,fixed,4.0,base,0.35002857379508245,0.12649203027866757,0.5175257731958763,1455,0.0066269187992348075,-0.00023808770509440398,4.009621993127148,4.008709072425286,0.9969072164948454,0.9970352438338204,0.0,1.6200032534995944e-06,1411.9236839960652,1405.6108947107282,0.9956954754272838,0.9953591314321759
2020-2025,,2,fixed_d40,fixed,40.0,base,0.20592756675171392,0.15409831191530818,0.5793814432989691,1455,0.06432374705577036,0.01765921552786978,40.067697594501716,40.01326900180959,0.9969072164948454,0.9970352438338204,0.0003436426116838488,2.4989477600400754e-05,1455.1238888736805,1414.9637538270736,0.9956954754272838,0.9953591314321759
2020-2025,,2,fixed_d41,fixed,41.0,base,0.20651422958507645,0.1555957892231485,0.5752577319587628,1455,0.06620869043825912,0.018097887685989685,41.06151202749141,41.013271260876834,0.9969072164948454,0.9970352438338204,0.0003436426116838488,2.674236565761228e-05,1456.5885090106876,1415.165514754383,0.9956954754272838,0.9953591314321759
2020-2025,,2,fixed_d42,fixed,42.0,base,0.20464113822104157,0.1619067430784103,0.570446735395189,1455,0.06776874706920004,0.018563818377182826,42.06426116838488,42.01325857103624,0.9969072164948454,0.9970352438338204,0.0003436426116838488,2.8765171231951967e-05,1457.7236380121617,1415.390426660428,0.9956954754272838,0.9953591314321759
2020-2025,,2,fixed_d43,fixed,43.0,base,0.20513765577038648,0.13945034410583698,0.5683848797250859,1455,0.06969601837028097,0.01900907920731197,43.062199312714775,43.01323172122289,0.9969072164948454,0.9970352438338204,0.0003436426116838488,3.078828192268119e-05,1459.0787124728035,1415.5949754106016,0.9956954754272838,0.9953591314321759
2020-2025,,2,fixed_d44,fixed,44.0,base,0.202732611731248,0.14579358383832056,0.5731958762886598,1455,0.0708908448784529,0.019456183080670104,44.05910652920962,44.01322171016774,0.9969072164948454,0.9970352438338204,0.0003436426116838488,3.2811070305959196e-05,1459.8018156729663,1415.8024125716595,0.9956954754272838,0.9953591314321759
2020-2025,,2,fixed_d45,fixed,45.0,base,0.20475384213552494,0.14033539922167,0.5759450171821305,1455,0.07295899470266108,0.019918713515065686,45.06048109965636,45.01319154517777,0.9969072164948454,0.9970352438338204,0.0003436426116838488,3.483369599451986e-05,1461.4137213832698,1416.0220626291843,0.9956954754272838,0.9953591314321759
2020-2025,,2,fixed_d46,fixed,46.0,base,0.2053823894158385,0.14280059180424698,0.5780068728522336,1455,0.0748391616857446,0.020376032237644406,46.05910652920962,46.01315601747577,0.9969072164948454,0.9970352438338204,0.0003436426116838488,3.7125764148515895e-05,1462.8631850398729,1416.2400212646808,0.9956954754272838,0.9953591314321759
2020-2025,,2,fixed_d47,fixed,47.0,base,0.206844088921358,0.14129956802773894,0.5731958762886598,1455,0.07707460462578608,0.020852973306615667,47.060137457044675,47.013106358486056,0.9969072164948454,0.9970352438338204,0.0003436426116838488,3.941738429930279e-05,1464.5980520991,1416.4808543642894,0.9956954754272838,0.9953591314321759
2020-2025,,2,fixed_d48,fixed,48.0,base,0.2035241816247505,0.12916443865925611,0.5800687285223368,1455,0.07814841979682749,0.02131057657362586,48.05429553264605,48.01306834546991,0.9969072164948454,0.9970352438338204,0.0003436426116838488,4.1709121342728844e-05,1465.2834590598884,1416.706392967849,0.9956954754272838,0.9953591314321759
2020-2025,,2,fixed_d49,fixed,49.0,base,0.20183075484237148,0.11494884552844734,0.5738831615120275,1455,0.07970551797672364,0.021770095125821575,49.05807560137457,49.01304505531508,0.9969072164948454,0.9970352438338204,0.0003436426116838488,4.40009362958847e-05,1466.4029777125472,1416.9366561677214,0.9956954754272838,0.9953591314321759
2020-2025,,2,fixed_d5,fixed,5.0,base,0.312777072679063,0.07762564681469936,0.5106529209621993,1455,0.008272700448281116,0.0002831685792691953,5.010309278350515,5.00953249562707,0.9969072164948454,0.9970352438338204,0.0,2.1595819988978466e-06,1412.9902519827717,1405.8892695038935,0.9956954754272838,0.9953591314321759
2020-2025,,2,fixed_d50,fixed,50.0,base,0.1965466548191556,0.09866470724848711,0.5601374570446735,1455,0.0802629639209334,0.022194601227587183,50.057388316151204,50.01301566941685,0.9969072164948454,0.9970352438338204,0.0003436426116838488,4.6292673339310764e-05,1466.673354861188,1417.1385093678182,0.9956954754272838,0.9953591314321759
2020-2025,,2,fixed_d51,fixed,51.0,base,0.19940915542073967,0.11131318047791786,0.5608247422680412,1455,0.08293737743454277,0.022643215594939706,51.05429553264605,51.012989136413914,0.9969072164948454,0.9970352438338204,0.0003436426116838488,4.8828131853668304e-05,1468.9140538907873,1417.3560450207142,0.9956954754272838,0.9953591314321759
2020-2025,,2,fixed_d52,fixed,52.0,base,0.1956247464046423,0.11540675220655498,0.5711340206185567,1455,0.08370621818020388,0.023116022228433897,52.052233676975945,52.012922514702396,0.9969072164948454,0.9970352438338204,0.0003436426116838488,5.1363360615669585e-05,1469.444921800098,1417.5982804451926,0.9956954754272838,0.9953591314321759
2020-2025,,2,fixed_d53,fixed,53.0,base,0.18919629811613223,0.11331030611035602,0.5697594501718213,1455,0.08347038618449995,0.023566192873628655,53.05085910652921,53.012871871200595,0.9969072164948454,0.9970352438338204,0.0003436426116838488,5.362791733412602e-05,1469.1104470265589,1417.8209807540213,0.9956954754272838,0.9953591314321759
2020-2025,,2,fixed_d54,fixed,54.0,base,0.18447712804112737,0.1223455409515493,0.5594501718213059,1455,0.08381828604610922,0.024004454026248206,54.04776632302406,54.01282016352288,0.9969072164948454,0.9970352438338204,0.0003436426116838488,5.589276476886396e-05,1469.1727938971687,1418.0291384728164,0.9956954754272838,0.9953591314321759
2020-2025,,2,fixed_d55,fixed,55.0,base,0.18044095861378845,0.09475424743943821,0.5608247422680412,1455,0.08446488778683597,0.024463318518269776,55.04776632302406,55.01277101656092,0.9969072164948454,0.9970352438338204,0.0003436426116838488,5.815942679437986e-05,1469.5158340786372,1418.2543551227336,0.9956954754272838,0.9953591314321759
2020-2025,,2,fixed_d56,fixed,56.0,base,0.17591155079362078,0.09187637695404269,0.5553264604810997,1455,0.08493710861711683,0.024900593994091152,56.041580756013744,56.012706045372724,0.9969072164948454,0.9970352438338204,0.0003436426116838488,6.0425675423955126e-05,1469.6076316680305,1418.4648161266646,0.9956954754272838,0.9953591314321759
2020-2025,,2,fixed_d57,fixed,57.0,base,0.17230331196423376,0.10076355360234746,0.5608247422680412,1455,0.08595799412602975,0.025362439439881847,57.04089347079038,57.012638491013995,0.9969072164948454,0.9970352438338204,0.0003436426116838488,6.29226002201012e-05,1470.219811513715,1418.6952672090717,0.9956954754272838,0.9953591314321759
2020-2025,,2,fixed_d58,fixed,58.0,base,0.1707223529225114,0.10163570099865005,0.554639175257732,1455,0.08727481045196814,0.025799139287576222,58.03848797250859,58.01257464874876,0.9969072164948454,0.9970352438338204,0.0003436426116838488,6.541955882029081e-05,1471.125319897864,1418.9092486751051,0.9956954754272838,0.9953591314321759
2020-2025,,2,fixed_d59,fixed,59.0,base,0.16862179084671255,0.10077825966123681,0.5560137457044674,1455,0.08852536420610874,0.026223669575861443,59.04089347079038,59.01250263331235,0.9969072164948454,0.9970352438338204,0.0003436426116838488,6.791647078143561e-05,1471.946546076355,1419.115534919095,0.9956954754272838,0.9953591314321759
2020-2025,,2,fixed_d6,fixed,6.0,base,0.30166574976092475,0.06624233485353169,0.51340206185567,1455,0.010254833968790988,0.000813056422179723,6.013058419243986,6.01021321925519,0.9969072164948454,0.9970352438338204,0.0,2.699583195301205e-06,1414.4853436725466,1406.1712887615693,0.9956954754272838,0.9953591314321759
2020-2025,,2,fixed_d60,fixed,60.0,base,0.16230550198610108,0.0989038944973769,0.5587628865979382,1455,0.08883611256537316,0.026666871567946684,60.03745704467354,60.012432089501964,0.9969072164948454,0.9970352438338204,0.0003436426116838488,7.041351419935549e-05,1471.8576495787106,1419.3336575846297,0.9956954754272838,0.9953591314321759
2020-2025,,2,fixed_d7,fixed,7.0,base,0.29353722468298427,0.07286044661983976,0.5120274914089347,1455,0.012200781002297637,0.0013119115802611692,7.020274914089347,7.010766489328298,0.9969072164948454,0.9970352438338204,0.0,3.239478071672162e-06,1415.9636726253439,1406.4301450667947,0.9956954754272838,0.9953591314321759
2020-2025,,2,fixed_d8,fixed,8.0,base,0.29866917073584637,0.04291171331025705,0.51340206185567,1455,0.014493170462207092,0.0018034592137227453,8.021305841924399,8.011198882399373,0.9969072164948454,0.9970352438338204,0.0,3.7793729480431185e-06,1417.8049768208366,1406.681304867911,0.9956954754272838,0.9953591314321759
2020-2025,,2,fixed_d9,fixed,9.0,base,0.2885490082940708,0.05153649871551501,0.5140893470790378,1455,0.016277989795044617,0.00227246127270106,9.023367697594502,9.011565807854963,0.9969072164948454,0.9970352438338204,0.0,4.318950862007326e-06,1419.1688682715082,1406.9151554755774,0.9956954754272838,0.9953591314321759
2020-2025,,2,model_plan,model_plan,,base,0.24925207383459344,0.21696369301649165,0.5512027491408935,1455,0.034600691829315175,0.0015643135477601054,20.46701030927835,4.854628201886818,0.9969072164948454,0.9970352438338204,0.0,5.1412423926556124e-06,1434.8823695301585,1407.472151299518,0.9956954754272838,0.9953591314321759
2020-2025,,2,rolling_path,rolling,,base,0.44151898998967143,0.33446669678123536,0.5683848797250859,1455,0.026439829515190586,0.0010349702242121368,13.298281786941581,3.6060708049558534,0.9969072164948454,0.9970352438338204,0.0,5.40318571829951e-07,1426.9923526332789,1407.0117248579284,0.9956954754272838,0.9953591314321759
2020-2025,,2,fixed_d10,fixed,10.0,double_slippage,0.30817676377297737,0.1011945648368993,0.5216494845360825,1455,0.017596325088293927,0.001351213242821747,10.024742268041237,10.011849511396814,0.9969072164948454,0.9970352438338204,0.0,4.858528110826142e-06,2123.6393887372824,2103.4164482319297,0.9956994416862244,0.9953676985180174
2020-2025,,2,fixed_d11,fixed,11.0,double_slippage,0.31764094160466505,0.11077438476280577,0.5347079037800687,1455,0.02006731231863757,0.0018333951125622634,11.025773195876289,11.012059923683893,0.9969072164948454,0.9970352438338204,0.0,5.398422320877694e-06,2126.6069919762117,2103.830365578636,0.9956994416862244,0.9953676985180174
2020-2025,,2,fixed_d12,fixed,12.0,double_slippage,0.3156986243991661,0.16812586778433436,0.5463917525773195,1455,0.0220721078720595,0.002321947248573718,12.028865979381443,12.012196585115047,0.9969072164948454,0.9970352438338204,0.0,5.93810580614398e-06,2129.006636825907,2104.254759103422,0.9956994416862244,0.9953676985180174
2020-2025,,2,fixed_d13,fixed,13.0,double_slippage,0.3003060028463562,0.166163453577637,0.534020618556701,1455,0.02332078333983282,0.0028159370803207354,13.030927835051546,13.012320229759506,0.9969072164948454,0.9970352438338204,0.0,6.477682223533364e-06,2130.3700663913555,2104.683278812717,0.9956994416862244,0.9953676985180174
2020-2025,,2,fixed_d14,fixed,14.0,double_slippage,0.2998663766374989,0.18431443678953405,0.5505154639175258,1455,0.02535998613109214,0.003309125135919774,14.027835051546392,14.012423974198883,0.9969072164948454,0.9970352438338204,0.0,7.017258640922746e-06,2132.7335655713696,2105.1134152775144,0.9956994416862244,0.9953676985180174
2020-2025,,2,fixed_d15,fixed,15.0,double_slippage,0.2891257536235845,0.19932464977336273,0.5484536082474227,1455,0.02681948064230201,0.0038057183575035637,15.024742268041237,15.012524356273925,0.9969072164948454,0.9970352438338204,0.0,7.556623335027331e-06,2134.2814039423697,2105.5462859756512,0.9956994416862244,0.9953676985180174
2020-2025,,2,fixed_d16,fixed,16.0,double_slippage,0.2869388337439261,0.2057092561205461,0.5560137457044674,1455,0.028793649114431556,0.004328996068424088,16.022680412371134,16.012634673147044,0.9969072164948454,0.9970352438338204,0.0,8.096093766133486e-06,2136.526097317454,2106.01423311677,0.9956994416862244,0.9953676985180174
2020-2025,,2,fixed_d17,fixed,17.0,double_slippage,0.2797369097881256,0.21822416994583135,0.5628865979381443,1455,0.030372625761868045,0.004907980921008439,17.02577319587629,17.012198150278937,0.9969072164948454,0.9970352438338204,0.0,8.63545829414816e-06,2138.2523706482452,2106.559894843395,0.9956994416862244,0.9953676985180174
2020-2025,,2,fixed_d18,fixed,18.0,double_slippage,0.27676738794523303,0.18617295155744584,0.5670103092783505,1455,0.0321858265186138,0.005484205811249716,18.022680412371134,18.01228363232122,0.9969072164948454,0.9970352438338204,0.0,9.174822822162831e-06,2140.388637303718,2107.101862826875,0.9956994416862244,0.9953676985180174
2020-2025,,2,fixed_d19,fixed,19.0,double_slippage,0.270499092597032,0.1763974042054007,0.5539518900343643,1455,0.033516495274211064,0.00605920900728869,19.017525773195878,19.012359958713894,0.9969072164948454,0.9970352438338204,0.0,9.714081613175933e-06,2141.7655056817694,2107.638722118146,0.9956994416862244,0.9953676985180174
2020-2025,,2,fixed_d2,fixed,2.0,double_slippage,0.3134856277017699,0.03413875879848585,0.5030927835051546,1455,0.00024506430022471604,-0.0026788586371929886,2.00893470790378,2.006768127166697,0.9969072164948454,0.9970352438338204,0.0,5.40318571829951e-07,2104.0870009112964,2099.9017612336042,0.9956994416862244,0.9953676985180174
2020-2025,,2,fixed_d20,fixed,20.0,double_slippage,0.27893246248942155,0.21254399943222685,0.5621993127147766,1455,0.03622296128191972,0.0065928002167420134,20.024398625429555,20.012471004574337,0.9969072164948454,0.9970352438338204,0.0,1.0253340404189033e-05,2144.897051088627,2108.127199647333,0.9956994416862244,0.9953676985180174
2020-2025,,2,fixed_d21,fixed,21.0,double_slippage,0.2761518999518178,0.19960166327896947,0.5594501718213059,1455,0.03795838587858315,0.007113294954625565,21.04089347079038,21.012561820192992,0.9969072164948454,0.9970352438338204,0.0,1.0792810752201356e-05,2146.8763996691678,2108.601522388564,0.9956994416862244,0.9953676985180174
2020-2025,,2,fixed_d22,fixed,22.0,double_slippage,0.26189925099066425,0.1719638873016706,0.563573883161512,1455,0.03864106113777292,0.007637269360949928,22.05635738831615,22.012619824295047,0.9969072164948454,0.9970352438338204,0.0,1.1332175280216029e-05,2147.5032788732124,2109.0738968408245,0.9956994416862244,0.9953676985180174
2020-2025,,2,fixed_d23,fixed,23.0,double_slippage,0.24536212424530623,0.13872760883486945,0.5505154639175258,1455,0.03889599477733679,0.008166949517884048,23.05704467353952,23.012672943124862,0.9969072164948454,0.9970352438338204,0.0,1.187154030650074e-05,2147.5186329867906,2109.554021475399,0.9956994416862244,0.9953676985180174
2020-2025,,2,fixed_d24,fixed,24.0,double_slippage,0.2375982356592352,0.12838505369983239,0.5498281786941581,1455,0.03996311326249382,0.008674959604074035,24.063230240549828,24.012737408274432,0.9969072164948454,0.9970352438338204,0.0,1.2410905000605324e-05,2148.564740660968,2110.0072957539173,0.9956994416862244,0.9953676985180174
2020-2025,,2,fixed_d25,fixed,25.0,double_slippage,0.2278462414432431,0.0982251617579901,0.5388316151202749,1455,0.040646339674804396,0.009176523881614993,25.061855670103093,25.012804086791274,0.9969072164948454,0.9970352438338204,0.0,1.2950375431711477e-05,2149.083731485099,2110.4516936025366,0.9956994416862244,0.9953676985180174
2020-2025,,2,fixed_d26,fixed,26.0,double_slippage,0.21803122775852182,0.08242831459085484,0.5353951890034364,1455,0.04142057322122921,0.009703548082557521,26.061855670103093,26.012860516336694,0.9969072164948454,0.9970352438338204,0.0,1.3489845862817634e-05,2149.6485345361466,2110.9233089900017,0.9956994416862244,0.9953676985180174
2020-2025,,2,fixed_d27,fixed,27.0,double_slippage,0.21064280924669426,0.1035581725952998,0.5388316151202749,1455,0.042308000198367196,0.010204063077371815,27.055670103092783,27.012913420337668,0.9969072164948454,0.9970352438338204,0.0,1.402931629392379e-05,2150.5117536133525,2111.359149011922,0.9956994416862244,0.9953676985180174
2020-2025,,2,fixed_d28,fixed,28.0,double_slippage,0.2164539720014825,0.10326549969411618,0.5395189003436426,1455,0.04444419754359507,0.0106867596535067,28.051202749140895,28.01296061650671,0.9969072164948454,0.9970352438338204,0.0,1.4569104434402302e-05,2152.979263820078,2111.7716137528873,0.9956994416862244,0.9953676985180174
2020-2025,,2,fixed_d29,fixed,29.0,double_slippage,0.2121229439028615,0.08099205777642149,0.5367697594501718,1455,0.04561235810964799,0.01116616049585591,29.051546391752577,29.01299637830522,0.9969072164948454,0.9970352438338204,0.0,1.5108998561164046e-05,2154.2328135724974,2112.181353739326,0.9956994416862244,0.9953676985180174
2020-2025,,2,fixed_d3,fixed,3.0,double_slippage,0.32662677060395295,0.08013579963224453,0.5140893470790378,1455,0.0025150868970916155,-0.002161767939378351,3.0082474226804123,3.0077733158263964,0.9969072164948454,0.9970352438338204,0.0,1.080213448200908e-06,2106.6266837438266,2100.356280020856,0.9956994416862244,0.9953676985180174
2020-2025,,2,fixed_d30,fixed,30.0,double_slippage,0.21756332444465243,0.10498325650856567,0.5470790378006873,1455,0.04807834806934117,0.011627238780814515,30.054295532646048,30.0130534055298,0.9969072164948454,0.9970352438338204,0.0,1.564921098003293e-05,2157.0166826521327,2112.5680095124776,0.9956994416862244,0.9953676985180174
2020-2025,,2,fixed_d31,fixed,31.0,double_slippage,0.22389332492203246,0.13506684043176165,0.5518900343642612,1455,0.05073463747648691,0.012086059354784566,31.05257731958763,31.013097824612153,0.9969072164948454,0.9970352438338204,0.0,1.618952963534928e-05,2160.1404170756155,2112.9525491029076,0.9956994416862244,0.9953676985180174
2020-2025,,2,fixed_d32,fixed,32.0,double_slippage,0.22197596759826294,0.13048902721096575,0.5539518900343643,1455,0.05222872089677666,0.012548756931470794,32.04879725085911,32.01314186655124,0.9969072164948454,0.9970352438338204,0.0,1.6729954610698038e-05,2161.7472241424266,2113.338990319607,0.9956994416862244,0.9953676985180174
2020-2025,,2,fixed_d33,fixed,33.0,double_slippage,0.22107355430396494,0.13717094049017065,0.5512027491408935,1455,0.05373697227476297,0.013018358688513384,33.04845360824742,33.01317899661083,0.9969072164948454,0.9970352438338204,0.0,1.727037958604679e-05,2163.3168234002196,2113.7323044162636,0.9956994416862244,0.9953676985180174
2020-2025,,2,fixed_d34,fixed,34.0,double_slippage,0.21929554594735604,0.121507066264668,0.5484536082474227,1455,0.05528226107227786,0.01352213909529059,34.05120274914089,34.01318878877582,0.9969072164948454,0.9970352438338204,0.0,1.781091071435661e-05,2165.005003978167,2114.1682778561685,0.9956994416862244,0.9953676985180174
2020-2025,,2,fixed_d35,fixed,35.0,double_slippage,0.22199319928244857,0.12733271200366827,0.5539518900343643,1455,0.057406557004326286,0.013995721353043682,35.05120274914089,35.01321496318688,0.9969072164948454,0.9970352438338204,0.0,1.83514417590815e-05,2167.313450731827,2114.5685834889914,0.9956994416862244,0.9953676985180174
2020-2025,,2,fixed_d36,fixed,36.0,double_slippage,0.21837594196634627,0.139787540772591,0.5601374570446735,1455,0.05859776173779508,0.014485551077272176,36.064948453608245,36.01322101582425,0.9969072164948454,0.9970352438338204,0.0003436426116838488,1.916223840975377e-05,2168.593702644691,2114.9947208416083,0.9956994416862244,0.9953676985180174
2020-2025,,2,fixed_d37,fixed,37.0,double_slippage,0.21783599877796536,0.14736637855763193,0.5628865979381443,1455,0.06026707003730708,0.014931232897255061,37.06357388316151,37.013251206380346,0.9969072164948454,0.9970352438338204,0.0003436426116838488,2.044260154505575e-05,2170.5311287922696,2115.3653979138317,0.9956994416862244,0.9953676985180174
2020-2025,,2,fixed_d38,fixed,38.0,double_slippage,0.21348016648660115,0.14868472959493154,0.5690721649484536,1455,0.061163934364262824,0.015385286441703803,38.067697594501716,38.01326434062841,0.9969072164948454,0.9970352438338204,0.0003436426116838488,2.1723493595838768e-05,2171.379362669753,2115.7448581160934,0.9956994416862244,0.9953676985180174
2020-2025,,2,fixed_d39,fixed,39.0,double_slippage,0.21139534192389692,0.15677486163300242,0.5725085910652921,1455,0.0623491570036955,0.015825232215515257,39.068041237113405,39.013267898603566,0.9969072164948454,0.9970352438338204,0.0003436426116838488,2.323669964537005e-05,2172.698908133453,2116.1058694399144,0.9956994416862244,0.9953676985180174
2020-2025,,2,fixed_d4,fixed,4.0,double_slippage,0.3500567234369427,0.12553504337897634,0.5175257731958763,1455,0.00522608139574535,-0.001630299050851887,4.009621993127148,4.008709072425286,0.9969072164948454,0.9970352438338204,0.0,1.6200032534995944e-06,2109.7657535340004,2100.8278252168107,0.9956994416862244,0.9953676985180174
2020-2025,,2,fixed_d40,fixed,40.0,double_slippage,0.20586397197643014,0.1547058119106181,0.5793814432989691,1455,0.06283073375159917,0.016242245719318326,40.067697594501716,40.01326900180959,0.9969072164948454,0.9970352438338204,0.0003436426116838488,2.4989477600400754e-05,2173.1157638978266,2116.438409825618,0.9956994416862244,0.9953676985180174
2020-2025,,2,fixed_d41,fixed,41.0,double_slippage,0.20645366731253703,0.15565834197775857,0.5752577319587628,1455,0.06471380730918769,0.016680281448967216,41.06151202749141,41.013271260876834,0.9969072164948454,0.9970352438338204,0.0003436426116838488,2.674236565761228e-05,2175.2400383498048,2116.7935287480013,0.9956994416862244,0.9953676985180174
2020-2025,,2,fixed_d42,fixed,42.0,double_slippage,0.2045823057822263,0.16240256777550546,0.570446735395189,1455,0.06627168107334601,0.017145570075937706,42.06426116838488,42.01325857103624,0.9969072164948454,0.9970352438338204,0.0003436426116838488,2.8765171231951967e-05,2176.920209183353,2117.1813746212324,0.9956994416862244,0.9953676985180174
2020-2025,,2,fixed_d43,fixed,43.0,double_slippage,0.2050804468611431,0.13879891593439467,0.5683848797250859,1455,0.0681964103460345,0.01759022022175931,43.062199312714775,43.01323172122289,0.9969072164948454,0.9970352438338204,0.0003436426116838488,3.078828192268119e-05,2178.9490474093636,2117.5416246583245,0.9956994416862244,0.9953676985180174
2020-2025,,2,fixed_d44,fixed,44.0,double_slippage,0.20267272321845445,0.14527664854348737,0.5731958762886598,1455,0.06938881245538563,0.01803671513964691,44.05910652920962,44.01322171016774,0.9969072164948454,0.9970352438338204,0.0003436426116838488,3.2811070305959196e-05,2180.0888174341094,2117.9054249159676,0.9956994416862244,0.9953676985180174
2020-2025,,2,fixed_d45,fixed,45.0,double_slippage,0.204692125394861,0.14022687602572548,0.5759450171821305,1455,0.07145351986430848,0.018498604677433812,45.06048109965636,45.01319154517777,0.9969072164948454,0.9970352438338204,0.0003436426116838488,3.483369599451986e-05,2182.422617915152,2118.2868196554314,0.9956994416862244,0.9953676985180174
2020-2025,,2,fixed_d46,fixed,46.0,double_slippage,0.2053251170046215,0.14296273189306416,0.5780068728522336,1455,0.07333167280179108,0.018955289712462752,46.05910652920962,46.01315601747577,0.9969072164948454,0.9970352438338204,0.0003436426116838488,3.7125764148515895e-05,2184.5296193419153,2118.6646904191016,0.9956994416862244,0.9953676985180174
2020-2025,,2,fixed_d47,fixed,47.0,double_slippage,0.20679561004535213,0.14091932857662948,0.5731958762886598,1455,0.07556542278101518,0.01943157497535235,47.060137457044675,47.013106358486056,0.9969072164948454,0.9970352438338204,0.0003436426116838488,3.941738429930279e-05,2187.047392925855,2119.0722985834627,0.9956994416862244,0.9953676985180174
2020-2025,,2,fixed_d48,fixed,48.0,double_slippage,0.20347479678764593,0.12893235785784157,0.5793814432989691,1455,0.07663719246550459,0.01988859577549765,48.05429553264605,48.01306834546991,0.9969072164948454,0.9970352438338204,0.0003436426116838488,4.1709121342728844e-05,2188.107433247724,2119.4579189726437,0.9956994416862244,0.9953676985180174
2020-2025,,2,fixed_d49,fixed,49.0,double_slippage,0.20178914810704274,0.11456357556342922,0.5738831615120275,1455,0.07819320632267844,0.020347503391873318,49.05807560137457,49.01304505531508,0.9969072164948454,0.9970352438338204,0.0003436426116838488,4.40009362958847e-05,2189.772550210791,2119.848886156615,0.9956994416862244,0.9953676985180174
2020-2025,,2,fixed_d5,fixed,5.0,double_slippage,0.3127865595058902,0.0764445571517844,0.5106529209621993,1455,0.006869045257261773,-0.0011097301818977269,5.010309278350515,5.00953249562707,0.9969072164948454,0.9970352438338204,0.0,2.1595819988978466e-06,2111.4071949565514,2101.288497106948,0.9956994416862244,0.9953676985180174
2020-2025,,2,fixed_d50,fixed,50.0,double_slippage,0.1965068032876331,0.09892488153019315,0.5594501718213059,1455,0.07875043613126395,0.02077144525281323,50.057388316151204,50.01301566941685,0.9969072164948454,0.9970352438338204,0.0003436426116838488,4.6292673339310764e-05,2190.238623958051,2120.1992179372387,0.9956994416862244,0.9953676985180174
2020-2025,,2,fixed_d51,fixed,51.0,double_slippage,0.1993700893152555,0.11145057331889545,0.5608247422680412,1455,0.08142150965709781,0.02121943805677489,51.05429553264605,51.012989136413914,0.9969072164948454,0.9970352438338204,0.0003436426116838488,4.8828131853668304e-05,2193.414265257819,2120.5736226631843,0.9956994416862244,0.9953676985180174
2020-2025,,2,fixed_d52,fixed,52.0,double_slippage,0.1955827338302688,0.1154724092139083,0.570446735395189,1455,0.08218867301719295,0.021691563743461355,52.052233676975945,52.012922514702396,0.9969072164948454,0.9970352438338204,0.0003436426116838488,5.1363360615669585e-05,2194.213035534748,2120.981140342208,0.9956994416862244,0.9953676985180174
2020-2025,,2,fixed_d53,fixed,53.0,double_slippage,0.18915385986384087,0.11327349815009584,0.5697594501718213,1455,0.0819532172515299,0.022141111004676108,53.05085910652921,53.012871871200595,0.9969072164948454,0.9970352438338204,0.0003436426116838488,5.362791733412602e-05,2193.796287844839,2121.361250725082,0.9956994416862244,0.9953676985180174
2020-2025,,2,fixed_d54,fixed,54.0,double_slippage,0.184433121787267,0.12279954903575258,0.5594501718213059,1455,0.08230051830053127,0.02257876557324123,54.04776632302406,54.01282016352288,0.9969072164948454,0.9970352438338204,0.0003436426116838488,5.589276476886396e-05,2193.9800342896847,2121.7226706692013,0.9956994416862244,0.9953676985180174
2020-2025,,2,fixed_d55,fixed,55.0,double_slippage,0.1803954483265271,0.09390160143566467,0.5615120274914089,1455,0.08294617573902908,0.023037005891872426,55.04776632302406,55.01277101656092,0.9969072164948454,0.9970352438338204,0.0003436426116838488,5.815942679437986e-05,2194.5491777082457,2122.108356097996,0.9956994416862244,0.9953676985180174
2020-2025,,2,fixed_d56,fixed,56.0,double_slippage,0.17586326755079762,0.09129212822378648,0.5560137457044674,1455,0.08341683151556814,0.023473664093757136,56.041580756013744,56.012706045372724,0.9969072164948454,0.9970352438338204,0.0003436426116838488,6.0425675423955126e-05,2194.8049456047484,2122.471710242278,0.9956994416862244,0.9953676985180174
2020-2025,,2,fixed_d57,fixed,57.0,double_slippage,0.17225424803063472,0.10062657223446866,0.5608247422680412,1455,0.08443630635637055,0.023934861030284887,57.04089347079038,57.012638491013995,0.9969072164948454,0.9970352438338204,0.0003436426116838488,6.29226002201012e-05,2195.7740053756247,2122.863645670175,0.9956994416862244,0.9953676985180174
2020-2025,,2,fixed_d58,fixed,58.0,double_slippage,0.17067393841715386,0.10121472004223288,0.554639175257732,1455,0.08575105433629429,0.02437093851690172,58.03848797250859,58.01257464874876,0.9969072164948454,0.9970352438338204,0.0003436426116838488,6.541955882029081e-05,2197.1394599350438,2123.2303042499175,0.9956994416862244,0.9953676985180174
2020-2025,,2,fixed_d59,fixed,59.0,double_slippage,0.16857557980598367,0.10066422608427562,0.5560137457044674,1455,0.08700023850915507,0.024794865752916555,59.04089347079038,59.01250263331235,0.9969072164948454,0.9970352438338204,0.0003436426116838488,6.791647078143561e-05,2198.3983979635495,2123.5850215405126,0.9956994416862244,0.9953676985180174
2020-2025,,2,fixed_d6,fixed,6.0,double_slippage,0.3016795634903474,0.06550515148763947,0.51340206185567,1455,0.008848361836483423,-0.0005805578561698791,6.013058419243986,6.01021321925519,0.9969072164948454,0.9970352438338204,0.0,2.699583195301205e-06,2113.5949493703783,2101.755817319672,0.9956994416862244,0.9953676985180174
2020-2025,,2,fixed_d60,fixed,60.0,double_slippage,0.16226198460131674,0.09888248304111076,0.5587628865979382,1455,0.08731096527905431,0.025237480218221465,60.03745704467354,60.012432089501964,0.9969072164948454,0.9970352438338204,0.0003436426116838488,7.041351419935549e-05,2198.4189211788116,2123.958162197204,0.9956994416862244,0.9953676985180174
2020-2025,,2,fixed_d7,fixed,7.0,double_slippage,0.2936124249726994,0.07259181774423025,0.5120274914089347,1455,0.010792529330709873,-8.237353959106663e-05,7.020274914089347,7.010766489328298,0.9969072164948454,0.9970352438338204,0.0,3.239478071672162e-06,2115.754800862095,2102.1891180327802,0.9956994416862244,0.9953676985180174
2020-2025,,2,fixed_d8,fixed,8.0,double_slippage,0.2987146790910983,0.04212410906656123,0.51340206185567,1455,0.01308104489225329,0.0004084897199915776,8.021305841924399,8.011198882399373,0.9969072164948454,0.9970352438338204,0.0,3.7793729480431185e-06,2118.3962837812232,2102.612144651535,0.9956994416862244,0.9953676985180174
2020-2025,,2,fixed_d9,fixed,9.0,double_slippage,0.28858066010940603,0.05177502640382493,0.5140893470790378,1455,0.01486297648686442,0.0008768513626366761,9.023367697594502,9.011565807854963,0.9969072164948454,0.9970352438338204,0.0,4.318950862007326e-06,2120.383426554603,2103.0100084931073,0.9956994416862244,0.9953676985180174
2020-2025,,2,model_plan,model_plan,,double_slippage,0.31757644470380586,0.27454848985872443,0.5718213058419244,1455,0.0331608473575793,0.0001695324029895806,20.46701030927835,4.854628201886818,0.9969072164948454,0.9970352438338204,0.0,5.1412423926556124e-06,2142.5001375668076,2103.318556255936,0.9956994416862244,0.9953676985180174
2020-2025,,2,rolling_path,rolling,,double_slippage,0.5198522529277652,0.4250081520409786,0.584192439862543,1455,0.025008375906123613,-0.0003590397933379881,13.298281786941581,3.6060708049558534,0.9969072164948454,0.9970352438338204,0.0,5.40318571829951e-07,2131.7552393230985,2102.673220331111,0.9956994416862244,0.9953676985180174
2020-2025,,3,fixed_d10,fixed,10.0,base,0.3050776865013816,0.2253034649782725,0.5573883161512028,1455,0.017836554931286653,0.002749074324180151,10.021534936998854,10.011849511396814,0.9965635738831615,0.9970352438338204,0.0,4.858528110826142e-06,946.1268629476222,937.317566082329,0.9947610966793939,0.9945282044315487
2020-2025,,3,fixed_d11,fixed,11.0,base,0.3092837561679994,0.22301663317478426,0.5608247422680412,1455,0.019967557875815948,0.0032318583465583014,11.02290950744559,11.012059923683893,0.9965635738831615,0.9970352438338204,0.0,5.398422320877694e-06,947.3190742325514,937.4810388269539,0.9947610966793939,0.9945282044315487
2020-2025,,3,fixed_d12,fixed,12.0,base,0.310833248073322,0.21087750251297982,0.5656357388316151,1455,0.021938479677767308,0.003720965830712609,12.024742268041237,12.012196585115047,0.9965635738831615,0.9970352438338204,0.0,5.93810580614398e-06,948.4108683890804,937.6499661063115,0.9947610966793939,0.9945282044315487
2020-2025,,3,fixed_d13,fixed,13.0,base,0.30194267151980025,0.2300312246721212,0.5759450171821305,1455,0.023407976920180023,0.004215530520069791,13.024742268041237,13.012320229759506,0.9965635738831615,0.9970352438338204,0.0,6.477682223533364e-06,949.1552348503795,937.8203844587283,0.9947610966793939,0.9945282044315487
2020-2025,,3,fixed_d14,fixed,14.0,base,0.30649907086740735,0.24499041922708265,0.5773195876288659,1455,0.02567138353045572,0.004709262813090773,14.023825887743412,14.012423974198883,0.9965635738831615,0.9970352438338204,0.0,7.017258640922746e-06,950.3552369996473,937.9920374335215,0.9947610966793939,0.9945282044315487
2020-2025,,3,fixed_d15,fixed,15.0,base,0.29669368002716034,0.20500462218895865,0.5711340206185567,1455,0.027051858998516323,0.005206466507226583,15.021534936998856,15.012524356273925,0.9965635738831615,0.9970352438338204,0.0,7.556623335027331e-06,951.012082003051,938.1647612086385,0.9947610966793939,0.9945282044315487
2020-2025,,3,fixed_d16,fixed,16.0,base,0.29613513700655786,0.2454910345165555,0.5814432989690722,1455,0.029063861770772578,0.005730425884400808,16.021534936998854,16.012634673147044,0.9965635738831615,0.9970352438338204,0.0,8.096093766133486e-06,952.0696860861365,938.3546777133763,0.9947610966793939,0.9945282044315487
2020-2025,,3,fixed_d17,fixed,17.0,base,0.2954508902880081,0.21337890946395185,0.5917525773195876,1455,0.031101678095349364,0.006310034883444945,17.026116838487972,17.012198150278937,0.9965635738831615,0.9970352438338204,0.0,8.63545829414816e-06,953.1302456586657,938.5833207996034,0.9947610966793939,0.9945282044315487
2020-2025,,3,fixed_d18,fixed,18.0,base,0.2889791961786858,0.20280843520838338,0.5800687285223368,1455,0.03264970221473733,0.00688687209249469,18.024742268041237,18.01228363232122,0.9965635738831615,0.9970352438338204,0.0,9.174822822162831e-06,953.9132897463976,938.8101444734774,0.9947610966793939,0.9945282044315487
2020-2025,,3,fixed_d19,fixed,19.0,base,0.2759518640770261,0.1885630741468449,0.5690721649484536,1455,0.033557822373041946,0.007462559252567854,19.020847651775487,19.012359958713894,0.9965635738831615,0.9970352438338204,0.0,9.714081613175933e-06,954.2618602447535,939.0338810062148,0.9947610966793939,0.9945282044315487
2020-2025,,3,fixed_d2,fixed,2.0,base,0.3630401499800902,0.1950022159534201,0.5264604810996564,1455,0.0019169426900579678,-0.0012864033579886175,2.0090492554410084,2.006768127166697,0.9965635738831615,0.9970352438338204,0.0,5.40318571829951e-07,937.9902859241718,935.9143792851692,0.9947610966793939,0.9945282044315487
2020-2025,,3,fixed_d20,fixed,20.0,base,0.27463309641924527,0.17665633752316273,0.5718213058419244,1455,0.03539245693188914,0.007996781616085065,20.024742268041237,20.012471004574337,0.9965635738831615,0.9970352438338204,0.0,1.0253340404189033e-05,955.229676787976,939.2350345211693,0.9947610966793939,0.9945282044315487
2020-2025,,3,fixed_d21,fixed,21.0,base,0.2736833832188995,0.1709552224692811,0.570446735395189,1455,0.03724604697475414,0.008517986482501164,21.034936998854523,21.012561820192992,0.9965635738831615,0.9970352438338204,0.0,1.0792810752201356e-05,956.2218773075066,939.4298744416191,0.9947610966793939,0.9945282044315487
2020-2025,,3,fixed_d22,fixed,22.0,base,0.26443016033415706,0.15906757493526807,0.5656357388316151,1455,0.038350749958657365,0.009042553289327192,22.042840778923253,22.012619824295047,0.9965635738831615,0.9970352438338204,0.0,1.1332175280216029e-05,956.6890547877604,939.6225139693112,0.9947610966793939,0.9945282044315487
2020-2025,,3,fixed_d23,fixed,23.0,base,0.2537773200071643,0.13801238324900716,0.5587628865979382,1455,0.03914813708332675,0.009572856342989476,23.045589919816727,23.012672943124862,0.9965635738831615,0.9970352438338204,0.0,1.187154030650074e-05,956.9312911431277,939.8190042920061,0.9947610966793939,0.9945282044315487
2020-2025,,3,fixed_d24,fixed,24.0,base,0.2521114062981931,0.14038057294704268,0.5697594501718213,1455,0.04090257692180788,0.010081556000935927,24.047193585337915,24.012737408274432,0.9965635738831615,0.9970352438338204,0.0,1.2410905000605324e-05,957.7981632987711,940.0027122128653,0.9947610966793939,0.9945282044315487
2020-2025,,3,fixed_d25,fixed,25.0,base,0.24431855342422817,0.12792791912996937,0.5601374570446735,1455,0.04191259909153101,0.010583785282073719,25.056815578465066,25.012804086791274,0.9965635738831615,0.9970352438338204,0.0,1.2950375431711477e-05,958.1755977107321,940.1820054259264,0.9947610966793939,0.9945282044315487
2020-2025,,3,fixed_d26,fixed,26.0,base,0.24175775629737264,0.13774395563102734,0.5567010309278351,1455,0.0434324317257319,0.011111544850417772,26.054868270332186,26.012860516336694,0.9965635738831615,0.9970352438338204,0.0,1.3489845862817634e-05,958.8339623971812,940.3735062948567,0.9947610966793939,0.9945282044315487
2020-2025,,3,fixed_d27,fixed,27.0,base,0.23802219947375647,0.12915299693858567,0.5718213058419244,1455,0.04474256548599473,0.0116126651649306,27.052004581901492,27.012913420337668,0.9965635738831615,0.9970352438338204,0.0,1.402931629392379e-05,959.4528230420885,940.5472834003237,0.9947610966793939,0.9945282044315487
2020-2025,,3,fixed_d28,fixed,28.0,base,0.24076371160949786,0.13462446045567167,0.5628865979381443,1455,0.04664475000098263,0.0120959063890278,28.049369988545244,28.01296061650671,0.9965635738831615,0.9970352438338204,0.0,1.4569104434402302e-05,960.4529630418688,940.709625608797,0.9947610966793939,0.9945282044315487
2020-2025,,3,fixed_d29,fixed,29.0,base,0.2351521380698719,0.1296695850203542,0.5553264604810997,1455,0.04759216206045701,0.012575880518970477,29.049942726231386,29.01299637830522,0.9965635738831615,0.9970352438338204,0.0,1.5108998561164046e-05,960.8795739606189,940.8709252128776,0.9947610966793939,0.9945282044315487
2020-2025,,3,fixed_d3,fixed,3.0,base,0.3644194628297713,0.156413119297446,0.5292096219931272,1455,0.0041362555986368486,-0.0007686594917899778,3.00893470790378,3.0077733158263964,0.9965635738831615,0.9970352438338204,0.0,1.080213448200908e-06,939.1258058859272,936.096757791117,0.9947610966793939,0.9945282044315487
2020-2025,,3,fixed_d30,fixed,30.0,base,0.2398594548704919,0.10880828119346643,0.5553264604810997,1455,0.049991641237450056,0.013037524705281684,30.05177548682703,30.0130534055298,0.9965635738831615,0.9970352438338204,0.0,1.564921098003293e-05,962.1092973388204,941.0211328483842,0.9947610966793939,0.9945282044315487
2020-2025,,3,fixed_d31,fixed,31.0,base,0.24135502482279864,0.11044338023081529,0.5560137457044674,1455,0.052024436585788945,0.013496922264542474,31.05257731958763,31.013097824612153,0.9965635738831615,0.9970352438338204,0.0,1.618952963534928e-05,963.1688712687574,941.1704674378988,0.9947610966793939,0.9945282044315487
2020-2025,,3,fixed_d32,fixed,32.0,base,0.24127552575911107,0.11151331037226576,0.5580756013745705,1455,0.0537564762260383,0.013960190816626986,32.04868270332188,32.01314186655124,0.9965635738831615,0.9970352438338204,0.0,1.6729954610698038e-05,963.9945308746484,941.3201477692613,0.9947610966793939,0.9945282044315487
2020-2025,,3,fixed_d33,fixed,33.0,base,0.24208571598571513,0.11640189490950262,0.5587628865979382,1455,0.055497711040413754,0.014430295389213947,33.04616265750287,33.01317899661083,0.9965635738831615,0.9970352438338204,0.0,1.727037958604679e-05,964.9023858810981,941.4727535658175,0.9947610966793939,0.9945282044315487
2020-2025,,3,fixed_d34,fixed,34.0,base,0.24062855546756914,0.10358781296240165,0.5450171821305841,1455,0.05717399768214893,0.014934601321309216,34.047308132875145,34.01318878877582,0.9965635738831615,0.9970352438338204,0.0,1.781091071435661e-05,965.723005426614,941.6458134109065,0.9947610966793939,0.9945282044315487
2020-2025,,3,fixed_d35,fixed,35.0,base,0.24428798139724764,0.11657724144119903,0.5525773195876289,1455,0.05937032832102235,0.015408711226711969,35.04558991981672,35.01321496318688,0.9965635738831615,0.9970352438338204,0.0,1.83514417590815e-05,966.8456440407266,941.8021669847311,0.9947610966793939,0.9945282044315487
2020-2025,,3,fixed_d36,fixed,36.0,base,0.24210432192989803,0.13501085017013845,0.570446735395189,1455,0.060743568310542485,0.015899085480682508,36.05463917525773,36.01322101582425,0.9965635738831615,0.9970352438338204,0.0002290950744558992,1.916223840975377e-05,967.5096690663399,941.9719493608121,0.9947610966793939,0.9945282044315487
2020-2025,,3,fixed_d37,fixed,37.0,base,0.24221380866809272,0.15713545754671301,0.5738831615120275,1455,0.06254219634067719,0.016345333260460827,37.053264604811,37.013251206380346,0.9965635738831615,0.9970352438338204,0.0002290950744558992,2.044260154505575e-05,968.4541697485972,942.1151074261901,0.9947610966793939,0.9945282044315487
2020-2025,,3,fixed_d38,fixed,38.0,base,0.24143408143866946,0.14729537044466734,0.5855670103092784,1455,0.06414689947321651,0.01679990673840526,38.05555555555556,38.01326434062841,0.9965635738831615,0.9970352438338204,0.0002290950744558992,2.1723493595838768e-05,969.2379440543109,942.2621252127597,0.9947610966793939,0.9945282044315487
2020-2025,,3,fixed_d39,fixed,39.0,base,0.23938190470620138,0.15064695493666244,0.5807560137457045,1455,0.06542485294468106,0.017240347703663495,39.056930126002285,39.013267898603566,0.9965635738831615,0.9970352438338204,0.0002290950744558992,2.323669964537005e-05,969.882912029873,942.4001373457705,0.9947610966793939,0.9945282044315487
2020-2025,,3,fixed_d4,fixed,4.0,base,0.36175335652159435,0.16814127948323254,0.5388316151202749,1455,0.006464474396147608,-0.00023650364334074927,4.009278350515464,4.008709072425286,0.9965635738831615,0.9970352438338204,0.0,1.6200032534995944e-06,940.3687128308134,936.2871507203869,0.9947610966793939,0.9945282044315487
2020-2025,,3,fixed_d40,fixed,40.0,base,0.23726961723310547,0.16103308022113963,0.5903780068728522,1455,0.0666166173464569,0.01765785748645969,40.054868270332186,40.01326900180959,0.9965635738831615,0.9970352438338204,0.0002290950744558992,2.4989477600400754e-05,970.493190774762,942.5245446086246,0.9947610966793939,0.9945282044315487
2020-2025,,3,fixed_d41,fixed,41.0,base,0.23486850120692168,0.17443321398271558,0.5965635738831615,1455,0.06792190055840913,0.018096458647413688,41.05406643757159,41.013271260876834,0.9965635738831615,0.9970352438338204,0.0002290950744558992,2.674236565761228e-05,971.1758920625689,942.6591363023169,0.9947610966793939,0.9945282044315487
2020-2025,,3,fixed_d42,fixed,42.0,base,0.23490202613871375,0.15562973841633881,0.5917525773195876,1455,0.06977501238885177,0.018562271654970788,42.053035509736546,42.01325857103624,0.9965635738831615,0.9970352438338204,0.0002290950744558992,2.8765171231951967e-05,972.0990921255743,942.8091285845248,0.9947610966793939,0.9945282044315487
2020-2025,,3,fixed_d43,fixed,43.0,base,0.2347765719881003,0.1691457886425901,0.593127147766323,1455,0.07146240526926691,0.01900748120291848,43.05154639175258,43.01323172122289,0.9965635738831615,0.9970352438338204,0.0002290950744558992,3.078828192268119e-05,972.9278991100541,942.945579239168,0.9947610966793939,0.9945282044315487
2020-2025,,3,fixed_d44,fixed,44.0,base,0.231306765651484,0.14885706385488556,0.5938144329896907,1455,0.07260055828479937,0.019454578802434692,44.04845360824742,44.01322171016774,0.9965635738831615,0.9970352438338204,0.0002290950744558992,3.2811070305959196e-05,973.3823342135848,943.0839724130539,0.9947610966793939,0.9945282044315487
2020-2025,,3,fixed_d45,fixed,45.0,base,0.2300554982656539,0.1682504165830571,0.5965635738831615,1455,0.07418125620425071,0.019917012897592446,45.04902634593356,45.01319154517777,0.9965635738831615,0.9970352438338204,0.0002290950744558992,3.483369599451986e-05,974.1757927354777,943.2304513879056,0.9947610966793939,0.9945282044315487
2020-2025,,3,fixed_d46,fixed,46.0,base,0.22989618037993398,0.16394015802652792,0.5910652920962199,1455,0.07592158227193047,0.020374260405876168,46.047422680412375,46.01315601747577,0.9965635738831615,0.9970352438338204,0.0002290950744558992,3.7125764148515895e-05,975.0322625056086,943.3758286121839,0.9947610966793939,0.9945282044315487
2020-2025,,3,fixed_d47,fixed,47.0,base,0.23177910891766976,0.15979054219711766,0.5924398625429553,1455,0.07825772379714928,0.020851064847080037,47.05063001145475,47.013106358486056,0.9965635738831615,0.9970352438338204,0.0002290950744558992,3.941738429930279e-05,976.2611280495319,943.5364156054724,0.9947610966793939,0.9945282044315487
2020-2025,,3,fixed_d48,fixed,48.0,base,0.23048579405272757,0.1803017193954105,0.6027491408934708,1455,0.07992013745898051,0.02130852524516237,48.04891179839634,48.01306834546991,0.9965635738831615,0.9970352438338204,0.0002290950744558992,4.1709121342728844e-05,977.0853070328543,943.6868028681299,0.9947610966793939,0.9945282044315487
2020-2025,,3,fixed_d49,fixed,49.0,base,0.22701149436627716,0.1713560455822991,0.5993127147766323,1455,0.08102595724376964,0.021767886848058672,49.052462772050404,49.01304505531508,0.9965635738831615,0.9970352438338204,0.0002290950744558992,4.40009362958847e-05,977.6304555719697,943.8403143868337,0.9947610966793939,0.9945282044315487
2020-2025,,3,fixed_d5,fixed,5.0,base,0.33490312101564473,0.1551943047001961,0.5374570446735395,1455,0.008276371874827293,0.00028469647035919644,5.011111111111111,5.00953249562707,0.9965635738831615,0.9970352438338204,0.0,2.1595819988978466e-06,941.2278865096481,936.4728112004643,0.9947610966793939,0.9945282044315487
2020-2025,,3,fixed_d50,fixed,50.0,base,0.22262849724417932,0.16511617899067146,0.5958762886597938,1455,0.08175570465185039,0.022192399855920118,50.053150057273776,50.01301566941685,0.9965635738831615,0.9970352438338204,0.0002290950744558992,4.6292673339310764e-05,977.9686702743231,943.9750000557726,0.9947610966793939,0.9945282044315487
2020-2025,,3,fixed_d51,fixed,51.0,base,0.22062635603060957,0.1620809897589707,0.5993127147766323,1455,0.08313521897211404,0.02264089685200045,51.05028636884306,51.012989136413914,0.9965635738831615,0.9970352438338204,0.0002290950744558992,4.8828131853668304e-05,978.6532152399337,944.1200584241215,0.9947610966793939,0.9945282044315487
2020-2025,,3,fixed_d52,fixed,52.0,base,0.21788529309689225,0.155001297771263,0.6048109965635738,1455,0.08423302022528273,0.023113603016015942,52.04650630011455,52.012922514702396,0.9965635738831615,0.9970352438338204,0.0002290950744558992,5.1363360615669585e-05,979.1577370665414,944.2815913596289,0.9947610966793939,0.9945282044315487
2020-2025,,3,fixed_d53,fixed,53.0,base,0.2138948067126284,0.14790083301028298,0.6034364261168385,1455,0.08498531609799409,0.023563631473100595,53.04650630011455,53.012871871200595,0.9965635738831615,0.9970352438338204,0.0002290950744558992,5.362791733412602e-05,979.4558420925276,944.4300701733342,0.9947610966793939,0.9945282044315487
2020-2025,,3,fixed_d54,fixed,54.0,base,0.21022290783772496,0.1366088165362261,0.5979381443298969,1455,0.08567663689846697,0.024001768692051097,54.0405498281787,54.01282016352288,0.9965635738831615,0.9970352438338204,0.0002290950744558992,5.589276476886396e-05,979.6849578180116,944.5688817795043,0.9947610966793939,0.9945282044315487
2020-2025,,3,fixed_d55,fixed,55.0,base,0.2065261164151972,0.12952451230395115,0.5848797250859107,1455,0.08636923902955558,0.024460643716756162,55.039518900343644,55.01277101656092,0.9965635738831615,0.9970352438338204,0.0002290950744558992,5.815942679437986e-05,979.9491469942745,944.719142279894,0.9947610966793939,0.9945282044315487
2020-2025,,3,fixed_d56,fixed,56.0,base,0.2014025989223136,0.1355214177757904,0.5910652920962199,1455,0.08657940951641116,0.024897816937559044,56.035051546391756,56.012706045372724,0.9965635738831615,0.9970352438338204,0.0002290950744558992,6.0425675423955126e-05,979.9050907620286,944.859491977807,0.9947610966793939,0.9945282044315487
2020-2025,,3,fixed_d57,fixed,57.0,base,0.19639315785703507,0.14326280198400168,0.5869415807560138,1455,0.08705845288158275,0.02535953826396316,57.03287514318443,57.012638491013995,0.9965635738831615,0.9970352438338204,0.0002290950744558992,6.29226002201012e-05,980.0067720708437,945.0131457026807,0.9947610966793939,0.9945282044315487
2020-2025,,3,fixed_d58,fixed,58.0,base,0.19339667545909836,0.13977122236384215,0.5938144329896907,1455,0.08791372260664439,0.02579622042259049,58.031615120274914,58.01257464874876,0.9965635738831615,0.9970352438338204,0.0002290950744558992,6.541955882029081e-05,980.3335043569497,945.1558987727545,0.9947610966793939,0.9945282044315487
2020-2025,,3,fixed_d59,fixed,59.0,base,0.19028749798534367,0.1341994028904971,0.5821305841924399,1455,0.08892918562378731,0.02622061235637162,59.03127147766323,59.01250263331235,0.9965635738831615,0.9970352438338204,0.0002290950744558992,6.791647078143561e-05,980.7731261434328,945.2934463534707,0.9947610966793939,0.9945282044315487
2020-2025,,3,fixed_d6,fixed,6.0,base,0.3246736999968956,0.16672010659044043,0.5388316151202749,1455,0.010266256745739095,0.0008146516493246779,6.014203894616267,6.01021321925519,0.9965635738831615,0.9970352438338204,0.0,2.699583195301205e-06,942.2335875659688,936.660985679476,0.9947610966793939,0.9945282044315487
2020-2025,,3,fixed_d60,fixed,60.0,base,0.18697435471474527,0.1290375623454651,0.5890034364261169,1455,0.0899104885921848,0.02666367924635398,60.02863688430699,60.012432089501964,0.9965635738831615,0.9970352438338204,0.0002290950744558992,7.041351419935549e-05,981.1695200855852,945.4388777118864,0.9947610966793939,0.9945282044315487
2020-2025,,3,fixed_d7,fixed,7.0,base,0.31458781926373497,0.19303241812852337,0.5512027491408935,1455,0.01210529411884592,0.0013135958095993922,7.018098510882015,7.010766489328298,0.9965635738831615,0.9970352438338204,0.0,3.239478071672162e-06,943.1478261467224,936.8337115820447,0.9947610966793939,0.9945282044315487
2020-2025,,3,fixed_d8,fixed,8.0,base,0.30580298803511213,0.19352464052786966,0.5484536082474227,1455,0.013926540696509846,0.0018051004979199995,8.019931271477663,8.011198882399373,0.9965635738831615,0.9970352438338204,0.0,3.7793729480431185e-06,944.1142098793317,937.0012464563046,0.9947610966793939,0.9945282044315487
2020-2025,,3,fixed_d9,fixed,9.0,base,0.2984669232961966,0.17628081161591672,0.5498281786941581,1455,0.015670778638636924,0.002274095212126862,9.021076746849944,9.011565807854963,0.9965635738831615,0.9970352438338204,0.0,4.318950862007326e-06,944.9584869965722,937.1572580304711,0.9947610966793939,0.9945282044315487
2020-2025,,3,model_plan,model_plan,,base,0.2883245394409971,0.22757291886896905,0.5697594501718213,1455,0.03376539642271095,0.0015643570186895327,19.98865979381443,4.854628201886818,0.9965635738831615,0.9970352438338204,0.0,5.1412423926556124e-06,955.125161546635,937.5268550759354,0.9947610966793939,0.9945282044315487
2020-2025,,3,rolling_path,rolling,,base,0.4420634147682337,0.38980962651073264,0.5876288659793815,1455,0.02673882860385327,0.0010352280094001482,13.113058419243986,3.6060708049558534,0.9965635738831615,0.9970352438338204,0.0,5.40318571829951e-07,950.6640707584188,937.2200211368777,0.9947610966793939,0.9945282044315487
2020-2025,,3,fixed_d10,fixed,10.0,double_slippage,0.3050900281772353,0.22529707233776353,0.5580756013745705,1455,0.01641942110180729,0.0013536740579742463,10.021534936998854,10.011849511396814,0.9965635738831615,0.9970352438338204,0.0,4.858528110826142e-06,1413.5153446783413,1401.0449813890173,0.9947543178724362,0.9944943956183204
2020-2025,,3,fixed_d11,fixed,11.0,double_slippage,0.3092772517490773,0.22274139195370965,0.5608247422680412,1455,0.018546576357685574,0.0018357836369943565,11.02290950744559,11.012059923683893,0.9965635738831615,0.9970352438338204,0.0,5.398422320877694e-06,1415.2031769870744,1401.3209898631326,0.9947543178724362,0.9944943956183204
2020-2025,,3,fixed_d12,fixed,12.0,double_slippage,0.3108173529799193,0.20965891271179657,0.5656357388316151,1455,0.020514223255839292,0.002324195414487001,12.024742268041237,12.012196585115047,0.9965635738831615,0.9970352438338204,0.0,5.93810580614398e-06,1416.7536162515692,1401.6039190451168,0.9947543178724362,0.9944943956183204
2020-2025,,3,fixed_d13,fixed,13.0,double_slippage,0.30190046471039617,0.22986175900852898,0.5759450171821305,1455,0.021980389813517687,0.002818027780206827,13.024742268041237,13.012320229759506,0.9965635738831615,0.9970352438338204,0.0,6.477682223533364e-06,1417.8391384583063,1401.8895811991636,0.9947543178724362,0.9944943956183204
2020-2025,,3,fixed_d14,fixed,14.0,double_slippage,0.3064611869502211,0.2448376008397137,0.5773195876288659,1455,0.024240803001066825,0.003311022176281787,14.023825887743412,14.012423974198883,0.9965635738831615,0.9970352438338204,0.0,7.017258640922746e-06,1419.5666158784543,1402.1762807382406,0.9947543178724362,0.9944943956183204
2020-2025,,3,fixed_d15,fixed,15.0,double_slippage,0.29666377339155536,0.20443504041858562,0.5711340206185567,1455,0.02562007960727343,0.003807474133339204,15.021534936998856,15.012524356273925,0.9965635738831615,0.9970352438338204,0.0,7.556623335027331e-06,1420.5456476952565,1402.4648531956022,0.9947543178724362,0.9944943956183204
2020-2025,,3,fixed_d16,fixed,16.0,double_slippage,0.29611040581446346,0.24413680786210107,0.5814432989690722,1455,0.027629495846263247,0.004330677967033905,16.021534936998854,16.012634673147044,0.9965635738831615,0.9970352438338204,0.0,8.096093766133486e-06,1422.0723022065717,1402.7768793312991,0.9947543178724362,0.9944943956183204
2020-2025,,3,fixed_d17,fixed,17.0,double_slippage,0.29543526940753245,0.21395855304086783,0.593127147766323,1455,0.029664712675772455,0.004909460914568935,17.026116838487972,17.012198150278937,0.9965635738831615,0.9970352438338204,0.0,8.63545829414816e-06,1423.6078368663377,1403.1405913500082,0.9947543178724362,0.9944943956183204
2020-2025,,3,fixed_d18,fixed,18.0,double_slippage,0.2889485117492123,0.20247901036866062,0.5800687285223368,1455,0.031209670804558068,0.005485525167358511,18.024742268041237,18.01228363232122,0.9965635738831615,0.9970352438338204,0.0,9.174822822162831e-06,1424.750792957208,1403.5018812655328,0.9947543178724362,0.9944943956183204
2020-2025,,3,fixed_d19,fixed,19.0,double_slippage,0.27594077381524706,0.1885866695090737,0.5690721649484536,1455,0.03211815980045504,0.006060390933777695,19.020847651775487,19.012359958713894,0.9965635738831615,0.9970352438338204,0.0,9.714081613175933e-06,1425.31250034871,1403.8597816676406,0.9947543178724362,0.9944943956183204
2020-2025,,3,fixed_d2,fixed,2.0,double_slippage,0.3630118324390153,0.19314532729394232,0.5257731958762887,1455,0.0005227346550979371,-0.0026758791442685385,2.0090492554410084,2.006768127166697,0.9965635738831615,0.9970352438338204,0.0,5.40318571829951e-07,1401.6703984878231,1398.7013557776186,0.9947543178724362,0.9944943956183204
2020-2025,,3,fixed_d20,fixed,20.0,double_slippage,0.2746154838525467,0.17638173730569642,0.5718213058419244,1455,0.03394970433339298,0.00659385154597714,20.024742268041237,20.012471004574337,0.9965635738831615,0.9970352438338204,0.0,1.0253340404189033e-05,1426.7073476134444,1404.1854428761635,0.9947543178724362,0.9944943956183204
2020-2025,,3,fixed_d21,fixed,21.0,double_slippage,0.2736722052846068,0.1712849243973259,0.570446735395189,1455,0.03580086524488269,0.007114305295818129,21.034936998854523,21.012561820192992,0.9965635738831615,0.9970352438338204,0.0,1.0792810752201356e-05,1428.1314803723499,1404.501750376396,0.9947543178724362,0.9944943956183204
2020-2025,,3,fixed_d22,fixed,22.0,double_slippage,0.26442455142444604,0.15886380302611708,0.5656357388316151,1455,0.036904114227686594,0.007638086307532628,22.042840778923253,22.012619824295047,0.9965635738831615,0.9970352438338204,0.0,1.1332175280216029e-05,1428.8560625892171,1404.816609011879,0.9947543178724362,0.9944943956183204
2020-2025,,3,fixed_d23,fixed,23.0,double_slippage,0.2537721556131493,0.13798139720316613,0.5587628865979382,1455,0.037700032714040814,0.008167599738162551,23.045589919816727,23.012672943124862,0.9965635738831615,0.9970352438338204,0.0,1.187154030650074e-05,1429.2838359176803,1405.136662138228,0.9947543178724362,0.9944943956183204
2020-2025,,3,fixed_d24,fixed,24.0,double_slippage,0.252106072794675,0.1405930427862129,0.570446735395189,1455,0.03945198503497051,0.008675568969461724,24.047193585337915,24.012737408274432,0.9965635738831615,0.9970352438338204,0.0,1.2410905000605324e-05,1430.5594911364922,1405.43892533812,0.9947543178724362,0.9944943956183204
2020-2025,,3,fixed_d25,fixed,25.0,double_slippage,0.244312202858889,0.12787547583370767,0.5601374570446735,1455,0.040460150385397395,0.009177105115727694,25.056815578465066,25.012804086791274,0.9965635738831615,0.9970352438338204,0.0,1.2950375431711477e-05,1431.1719017671985,1405.7352960421458,0.9947543178724362,0.9944943956183204
2020-2025,,3,fixed_d26,fixed,26.0,double_slippage,0.241743933885672,0.13817060762757763,0.5567010309278351,1455,0.04197700986667159,0.00970406662576029,26.054868270332186,26.012860516336694,0.9965635738831615,0.9970352438338204,0.0,1.3489845862817634e-05,1432.183745838751,1406.0497633114278,0.9947543178724362,0.9944943956183204
2020-2025,,3,fixed_d27,fixed,27.0,double_slippage,0.23801701664738226,0.12945837387041392,0.5725085910652921,1455,0.0432862789754209,0.010204443189112377,27.052004581901492,27.012913420337668,0.9965635738831615,0.9970352438338204,0.0,1.402931629392379e-05,1433.1086932911946,1406.3403129934468,0.9947543178724362,0.9944943956183204
2020-2025,,3,fixed_d28,fixed,28.0,double_slippage,0.24076449665568758,0.13517036446488023,0.5628865979381443,1455,0.04518638900799609,0.010686982482203197,28.049369988545244,28.01296061650671,0.9965635738831615,0.9970352438338204,0.0,1.4569104434402302e-05,1434.5524464652924,1406.6152757012858,0.9947543178724362,0.9944943956183204
2020-2025,,3,fixed_d29,fixed,29.0,double_slippage,0.23514634115705046,0.1289959714714609,0.5553264604810997,1455,0.046131596242673434,0.011166232909634782,29.049942726231386,29.01299637830522,0.9965635738831615,0.9970352438338204,0.0,1.5108998561164046e-05,1435.1989933440034,1406.8884276631695,0.9947543178724362,0.9944943956183204
2020-2025,,3,fixed_d3,fixed,3.0,double_slippage,0.36437623566540484,0.1569117007072513,0.5292096219931272,1455,0.002738838173663909,-0.0021589069022036277,3.00893470790378,3.0077733158263964,0.9965635738831615,0.9970352438338204,0.0,1.080213448200908e-06,1403.3229086022166,1399.0043832106032,0.9947543178724362,0.9944943956183204
2020-2025,,3,fixed_d30,fixed,30.0,double_slippage,0.2398581140246974,0.10857477886640295,0.5553264604810997,1455,0.048528381787033205,0.011627163027165394,30.05177548682703,30.0130534055298,0.9965635738831615,0.9970352438338204,0.0,1.564921098003293e-05,1436.9884495696315,1407.1461949041618,0.9947543178724362,0.9944943956183204
2020-2025,,3,fixed_d31,fixed,31.0,double_slippage,0.24135536055473428,0.11041602446016816,0.5560137457044674,1455,0.05055849959171931,0.012085889408740164,31.05257731958763,31.013097824612153,0.9965635738831615,0.9970352438338204,0.0,1.618952963534928e-05,1438.5217526032504,1407.4025923890647,0.9947543178724362,0.9944943956183204
2020-2025,,3,fixed_d32,fixed,32.0,double_slippage,0.2412794295795789,0.11192434252207932,0.5580756013745705,1455,0.052288658200994736,0.012548537627756406,32.04868270332188,32.01314186655124,0.9965635738831615,0.9970352438338204,0.0,1.6729954610698038e-05,1439.7515130900763,1407.6602936671543,0.9947543178724362,0.9944943956183204
2020-2025,,3,fixed_d33,fixed,33.0,double_slippage,0.24209643210971998,0.11684968933712404,0.5587628865979382,1455,0.054028650777589504,0.013017969759287784,33.04616265750287,33.01317899661083,0.9965635738831615,0.9970352438338204,0.0,1.727037958604679e-05,1441.0661158816733,1407.9224690136239,0.9947543178724362,0.9944943956183204
2020-2025,,3,fixed_d34,fixed,34.0,double_slippage,0.2406457034852715,0.10402382015372308,0.5457044673539518,1455,0.055703272412585415,0.013521545237765378,34.047308132875145,34.01318878877582,0.9965635738831615,0.9970352438338204,0.0,1.781091071435661e-05,1442.2779341920454,1408.2130627877823,0.9947543178724362,0.9944943956183204
2020-2025,,3,fixed_d35,fixed,35.0,double_slippage,0.24431105713935428,0.11601873532055805,0.5525773195876289,1455,0.057897388726482694,0.013994996808914223,35.04558991981672,35.01321496318688,0.9965635738831615,0.9970352438338204,0.0,1.83514417590815e-05,1443.913023164039,1408.4799393762528,0.9947543178724362,0.9944943956183204
2020-2025,,3,fixed_d36,fixed,36.0,double_slippage,0.24212040260043505,0.1349510044965842,0.5697594501718213,1455,0.05926736278864819,0.014484688477636613,36.05463917525773,36.01322101582425,0.9965635738831615,0.9970352438338204,0.0002290950744558992,1.916223840975377e-05,1444.8959311850203,1408.7640294483024,0.9947543178724362,0.9944943956183204
2020-2025,,3,fixed_d37,fixed,37.0,double_slippage,0.242226503541465,0.15724890587627743,0.5731958762886598,1455,0.06106260877102419,0.014930306444035464,37.053264604811,37.013251206380346,0.9965635738831615,0.9970352438338204,0.0002290950744558992,2.044260154505575e-05,1446.2587320042971,1409.011214288513,0.9947543178724362,0.9944943956183204
2020-2025,,3,fixed_d38,fixed,38.0,double_slippage,0.2414407592992453,0.1472668630188592,0.5855670103092784,1455,0.0626642626662703,0.015384216223933721,38.05555555555556,38.01326434062841,0.9965635738831615,0.9970352438338204,0.0002290950744558992,2.1723493595838768e-05,1447.4156197095745,1409.2641808107653,0.9947543178724362,0.9944943956183204
2020-2025,,3,fixed_d39,fixed,39.0,double_slippage,0.23938004508671404,0.1505120701937704,0.5807560137457045,1455,0.063939419254876,0.015824037008606035,39.056930126002285,39.013267898603566,0.9965635738831615,0.9970352438338204,0.0002290950744558992,2.323669964537005e-05,1448.357371591511,1409.5048678180788,0.9947543178724362,0.9944943956183204
2020-2025,,3,fixed_d4,fixed,4.0,double_slippage,0.3617326320555412,0.1674291963919306,0.5395189003436426,1455,0.005064051151774805,-0.0016274852551306203,4.009278350515464,4.008709072425286,0.9965635738831615,0.9970352438338204,0.0,1.6200032534995944e-06,1405.1084198344706,1399.3188294871402,0.9947543178724362,0.9944943956183204
2020-2025,,3,fixed_d40,fixed,40.0,double_slippage,0.23726999208827676,0.16119372493856857,0.5910652920962199,1455,0.06513004751811712,0.016240956948144737,40.054868270332186,40.01326900180959,0.9965635738831615,0.9970352438338204,0.0002290950744558992,2.4989477600400754e-05,1449.245790788057,1409.7266016504439,0.9947543178724362,0.9944943956183204
2020-2025,,3,fixed_d41,fixed,41.0,double_slippage,0.23487318410278185,0.17466619254110666,0.5965635738831615,1455,0.06643474917954159,0.016678868582508576,41.05406643757159,41.013271260876834,0.9965635738831615,0.9970352438338204,0.0002290950744558992,2.674236565761228e-05,1450.2336822712205,1409.9633748244014,0.9947543178724362,0.9944943956183204
2020-2025,,3,fixed_d42,fixed,42.0,double_slippage,0.2349003854012994,0.15566037298720609,0.5917525773195876,1455,0.06828415315198534,0.01714406608495109,42.053035509736546,42.01325857103624,0.9965635738831615,0.9970352438338204,0.0002290950744558992,2.8765171231951967e-05,1451.5875660150812,1410.2219781292347,0.9947543178724362,0.9944943956183204
2020-2025,,3,fixed_d43,fixed,43.0,double_slippage,0.23477038616925897,0.16955423398552805,0.593127147766323,1455,0.06996837844628988,0.017588622462201376,43.05154639175258,43.01323172122289,0.9965635738831615,0.9970352438338204,0.0002290950744558992,3.078828192268119e-05,1452.8087755087583,1410.4621814731076,0.9947543178724362,0.9944943956183204
2020-2025,,3,fixed_d44,fixed,44.0,double_slippage,0.23130412200409028,0.1489795344986588,0.5938144329896907,1455,0.07110529757406615,0.018035070603017293,44.04845360824742,44.01322171016774,0.9965635738831615,0.9970352438338204,0.0002290950744558992,3.2811070305959196e-05,1453.5288024921126,1410.7047898357832,0.9947543178724362,0.9944943956183204
2020-2025,,3,fixed_d45,fixed,45.0,double_slippage,0.23005558618530542,0.16830291688655952,0.5965635738831615,1455,0.07268410665070985,0.018496865005707585,45.04902634593356,45.01319154517777,0.9965635738831615,0.9970352438338204,0.0002290950744558992,3.483369599451986e-05,1454.6907068033038,1410.9590820733952,0.9947543178724362,0.9944943956183204
2020-2025,,3,fixed_d46,fixed,46.0,double_slippage,0.2298939270126003,0.16421163324709853,0.5910652920962199,1455,0.07442180713629817,0.01895344864384424,46.047422680412375,46.01315601747577,0.9965635738831615,0.9970352438338204,0.0002290950744558992,3.7125764148515895e-05,1455.9524963592592,1411.2110282413946,0.9947543178724362,0.9944943956183204
2020-2025,,3,fixed_d47,fixed,47.0,double_slippage,0.2317757693582446,0.15956370274974876,0.5924398625429553,1455,0.07675445270231998,0.0194295594959705,47.05063001145475,47.013106358486056,0.9965635738831615,0.9970352438338204,0.0002290950744558992,3.941738429930279e-05,1457.7253757634435,1411.4827447256225,0.9947543178724362,0.9944943956183204
2020-2025,,3,fixed_d48,fixed,48.0,double_slippage,0.2304795840209251,0.18018316681291313,0.6027491408934708,1455,0.07841404129707148,0.01988643399728029,48.04891179839634,48.01306834546991,0.9965635738831615,0.9970352438338204,0.0002290950744558992,4.1709121342728844e-05,1458.9363754190595,1411.7398179528732,0.9947543178724362,0.9944943956183204
2020-2025,,3,fixed_d49,fixed,49.0,double_slippage,0.22701047296521631,0.1712450156596494,0.5993127147766323,1455,0.07951944288873314,0.020345215559443804,49.052462772050404,49.01304505531508,0.9965635738831615,0.9970352438338204,0.0002290950744558992,4.40009362958847e-05,1459.7400517134272,1412.0004585770675,0.9947543178724362,0.9944943956183204
2020-2025,,3,fixed_d5,fixed,5.0,double_slippage,0.3349339891199831,0.15461268533175535,0.5374570446735395,1455,0.006873943814549692,-0.0011070083861808254,5.011111111111111,5.00953249562707,0.9965635738831615,0.9970352438338204,0.0,2.1595819988978466e-06,1406.3902760895546,1399.6259811224973,0.9947543178724362,0.9944943956183204
2020-2025,,3,fixed_d50,fixed,50.0,double_slippage,0.22263676363270102,0.1650332405913888,0.5958762886597938,1455,0.08025030209035189,0.02076914369107936,50.053150057273776,50.01301566941685,0.9965635738831615,0.9970352438338204,0.0002290950744558992,4.6292673339310764e-05,1460.2501654044697,1412.2341150392333,0.9947543178724362,0.9944943956183204
2020-2025,,3,fixed_d51,fixed,51.0,double_slippage,0.22063602194599635,0.1623228855275042,0.5993127147766323,1455,0.08162795495559697,0.021216997386699805,51.05028636884306,51.012989136413914,0.9965635738831615,0.9970352438338204,0.0002290950744558992,4.8828131853668304e-05,1461.2562260826198,1412.4837111733302,0.9947543178724362,0.9944943956183204
2020-2025,,3,fixed_d52,fixed,52.0,double_slippage,0.21789783607463517,0.1547622086335121,0.6041237113402061,1455,0.08272458306838444,0.02168898353571004,52.04650630011455,52.012922514702396,0.9965635738831615,0.9970352438338204,0.0002290950744558992,5.1363360615669585e-05,1462.0168580635755,1412.7553832108758,0.9947543178724362,0.9944943956183204
2020-2025,,3,fixed_d53,fixed,53.0,double_slippage,0.213911228265902,0.14859693958290857,0.6034364261168385,1455,0.08347691323020702,0.02213838577657444,53.04650630011455,53.012871871200595,0.9965635738831615,0.9970352438338204,0.0002290950744558992,5.362791733412602e-05,1462.4911623705514,1413.0087675609961,0.9947543178724362,0.9944943956183204
2020-2025,,3,fixed_d54,fixed,54.0,double_slippage,0.21024498061101318,0.13688930446950676,0.5979381443298969,1455,0.08416867652433416,0.022575942385044845,54.0405498281787,54.01282016352288,0.9965635738831615,0.9970352438338204,0.0002290950744558992,5.589276476886396e-05,1462.8825167050834,1413.2497451868046,0.9947543178724362,0.9944943956183204
2020-2025,,3,fixed_d55,fixed,55.0,double_slippage,0.20654479150732086,0.1294188260869815,0.5848797250859107,1455,0.08485953851206608,0.02303409247889112,55.039518900343644,55.01277101656092,0.9965635738831615,0.9970352438338204,0.0002290950744558992,5.815942679437986e-05,1463.307509804638,1413.5069140500225,0.9947543178724362,0.9944943956183204
2020-2025,,3,fixed_d56,fixed,56.0,double_slippage,0.20142566467946182,0.1358909459668425,0.5910652920962199,1455,0.08507049011116113,0.023470672521053348,56.035051546391756,56.012706045372724,0.9965635738831615,0.9970352438338204,0.0002290950744558992,6.0425675423955126e-05,1463.3135066780037,1413.749187781265,0.9947543178724362,0.9944943956183204
2020-2025,,3,fixed_d57,fixed,57.0,double_slippage,0.19641986943100564,0.14438378769902915,0.5862542955326461,1455,0.08554995593515624,0.023931699239450065,57.03287514318443,57.012638491013995,0.9965635738831615,0.9970352438338204,0.0002290950744558992,6.29226002201012e-05,1463.5277472214102,1414.0104356752306,0.9947543178724362,0.9944943956183204
2020-2025,,3,fixed_d58,fixed,58.0,double_slippage,0.1934236366147572,0.13990405481834997,0.5938144329896907,1455,0.08640426374207057,0.02436776458829085,58.031615120274914,58.01257464874876,0.9965635738831615,0.9970352438338204,0.0002290950744558992,6.541955882029081e-05,1464.0539274653574,1414.2549791272306,0.9947543178724362,0.9944943956183204
2020-2025,,3,fixed_d59,fixed,59.0,double_slippage,0.1903172338718236,0.13436581104894874,0.5821305841924399,1455,0.08741895729663736,0.024791575827117836,59.03127147766323,59.01250263331235,0.9965635738831615,0.9970352438338204,0.0002290950744558992,6.791647078143561e-05,1464.7307928775863,1414.4914688870606,0.9947543178724362,0.9944943956183204
2020-2025,,3,fixed_d6,fixed,6.0,double_slippage,0.3246999024701348,0.16819290724841357,0.5381443298969072,1455,0.008860830968431266,-0.0005778409377781492,6.014203894616267,6.01021321925519,0.9965635738831615,0.9970352438338204,0.0,2.699583195301205e-06,1407.8593624302862,1399.93764515912,0.9947543178724362,0.9944943956183204
2020-2025,,3,fixed_d60,fixed,60.0,double_slippage,0.18700229179543235,0.129028508789999,0.5890034364261169,1455,0.08839879766229572,0.025234049547711232,60.02863688430699,60.012432089501964,0.9965635738831615,0.9970352438338204,0.0002290950744558992,7.041351419935549e-05,1465.3558438802293,1414.740210220247,0.9947543178724362,0.9944943956183204
2020-2025,,3,fixed_d7,fixed,7.0,double_slippage,0.3146296833487129,0.19285323936685167,0.5512027491408935,1455,0.010697185309937367,-7.967686804561458e-05,7.018098510882015,7.010766489328298,0.9965635738831615,0.9970352438338204,0.0,3.239478071672162e-06,1409.201965131147,1400.2266066178167,0.9947543178724362,0.9944943956183204
2020-2025,,3,fixed_d8,fixed,8.0,double_slippage,0.30583154353335845,0.19295366140333245,0.5484536082474227,1455,0.012515463826321719,0.00041109446450154425,8.019931271477663,8.011198882399373,0.9965635738831615,0.9970352438338204,0.0,3.7793729480431185e-06,1410.5922960315822,1400.5086733827022,0.9947543178724362,0.9944943956183204
2020-2025,,3,fixed_d9,fixed,9.0,double_slippage,0.2985002263153154,0.17442897962649653,0.5498281786941581,1455,0.014257470947897238,0.000879380736815467,9.021076746849944,9.011565807854963,0.9965635738831615,0.9970352438338204,0.0,4.318950862007326e-06,1411.843181636893,1400.773968755249,0.9947543178724362,0.9944943956183204
2020-2025,,3,model_plan,model_plan,,double_slippage,0.35644480369282816,0.2808118004621886,0.593127147766323,1455,0.032325219566226394,0.0001707366877625188,19.98865979381443,4.854628201886818,0.9965635738831615,0.9970352438338204,0.0,5.1412423926556124e-06,1426.2235175490032,1400.977754028135,0.9947543178724362,0.9944943956183204
2020-2025,,3,rolling_path,rolling,,double_slippage,0.5201932417043917,0.4559772375215873,0.6,1455,0.0253079220303321,-0.0003575517735012688,13.113058419243986,3.6060708049558534,0.9965635738831615,0.9970352438338204,0.0,5.40318571829951e-07,1420.1254831620965,1400.547758158557,0.9947543178724362,0.9944943956183204
annual,2020.0,1,fixed_d10,fixed,10.0,base,-0.3760278801252734,-0.7268826968594435,0.33884297520661155,242,-0.008623746937596327,0.002029256176873073,10.016528925619834,10.018201073949847,0.9958847736625515,0.9970831410236483,0.0,2.9091186836428137e-05,2991.1747540805227,3015.112440841898,0.9954374280829951,0.9962618553135314
annual,2020.0,1,fixed_d11,fixed,11.0,base,-0.40908164293371985,-0.6546497016067013,0.30991735537190085,242,-0.010640854528484256,0.0024148594901496024,11.016528925619834,11.018722297163519,0.9958847736625515,0.9970831410236483,0.0,3.2323886736119525e-05,2987.114059237515,3015.8887256875323,0.9954374280829951,0.9962618553135314
annual,2020.0,1,fixed_d12,fixed,12.0,base,-0.3445401395260959,-0.6608562798499652,0.3512396694214876,242,-0.008261975556714268,0.002808338554468346,12.012396694214877,12.019130177150295,0.9958847736625515,0.9970831410236483,0.0,3.5555324888639884e-05,2991.9030460106724,3016.6808654181677,0.9954374280829951,0.9962618553135314
annual,2020.0,1,fixed_d13,fixed,13.0,base,-0.3616830860845061,-0.6232998210679498,0.32231404958677684,242,-0.009744400768143726,0.0031924328042855837,13.00413223140496,13.019537085723135,0.9958847736625515,0.9970831410236483,0.0,3.878612195572446e-05,2988.918734991085,3017.4541123170575,0.9954374280829951,0.9962618553135314
annual,2020.0,1,fixed_d14,fixed,14.0,base,-0.39943009207480595,-0.6085010204245997,0.30165289256198347,242,-0.012748127206140322,0.003646769272954867,14.008264462809917,14.019946951154877,0.9958847736625515,0.9970831410236483,0.0,4.201691902280904e-05,2982.871850575171,3018.3687657612127,0.9954374280829951,0.9962618553135314
annual,2020.0,1,fixed_d15,fixed,15.0,base,-0.42285980483896113,-0.6961621456614743,0.30991735537190085,242,-0.014798087296466646,0.004050832831181788,15.00413223140496,15.020341097980154,0.9958847736625515,0.9970831410236483,0.0,4.524644836405253e-05,2978.74501946078,3019.1822134184717,0.9954374280829951,0.9962618553135314
annual,2020.0,1,fixed_d16,fixed,16.0,base,-0.40127164130967485,-0.6565847664905442,0.30165289256198347,242,-0.013712921689388069,0.004500719930503292,16.00413223140496,16.020668373923034,0.9958847736625515,0.9970831410236483,0.0,4.847661082191038e-05,2980.9295962301994,3020.0879097114753,0.9954374280829951,0.9962618553135314
annual,2020.0,1,fixed_d17,fixed,17.0,base,-0.3703590113721206,-0.6676119299907506,0.29338842975206614,242,-0.01157244931414397,0.005276339607761353,17.0,17.01781083544684,0.9958847736625515,0.9970831410236483,0.0,5.17061391686649e-05,2985.2386401180916,3021.6493472247257,0.9954374280829951,0.9962618553135314
annual,2020.0,1,fixed_d18,fixed,18.0,base,-0.3466095739127214,-0.6883494501255251,0.3140495867768595,242,-0.01015925961184158,0.006051260262598377,18.00413223140496,18.018127015887917,0.9958847736625515,0.9970831410236483,0.0,5.4935667515419426e-05,2988.08357122749,3023.2093775166886,0.9954374280829951,0.9962618553135314
annual,2020.0,1,fixed_d19,fixed,19.0,base,-0.3433206872858471,-0.6691317057951462,0.32644628099173556,242,-0.010789505540869713,0.006657010618866654,19.00413223140496,19.018480125283965,0.9958847736625515,0.9970831410236483,0.0,5.81645627455596e-05,2986.814805790588,3024.4288464184265,0.9954374280829951,0.9962618553135314
annual,2020.0,1,fixed_d2,fixed,2.0,base,-0.13012490291520423,-0.5597568823218813,0.43388429752066116,242,-0.0012950881125947198,-0.0009037308882673687,2.0041322314049586,2.0093010600698222,0.9958847736625515,0.9970831410236483,0.0,3.235240831327484e-06,3005.928278994727,3009.2078342656805,0.9954374280829951,0.9962618553135314
annual,2020.0,1,fixed_d20,fixed,20.0,base,-0.3343757707310693,-0.6494924422122852,0.3512396694214876,242,-0.010468942116141787,0.007160222945851227,20.0,20.018822874196804,0.9958847736625515,0.9970831410236483,0.0,6.139345797569976e-05,2987.4601408493277,3025.441893189484,0.9954374280829951,0.9962618553135314
annual,2020.0,1,fixed_d21,fixed,21.0,base,-0.332349984231874,-0.573513239377595,0.34297520661157027,242,-0.011451869640803122,0.007680321625699391,21.0,21.019126770999456,0.9958847736625515,0.9970831410236483,0.0,6.462361993602047e-05,2985.481382379294,3026.488934348893,0.9954374280829951,0.9962618553135314
annual,2020.0,1,fixed_d22,fixed,22.0,base,-0.25855183372772456,-0.4728264853601132,0.3512396694214876,242,-0.005027097648706997,0.008157577197091669,22.0,22.019363482110407,0.9958847736625515,0.9970831410236483,0.0,6.785314828277498e-05,2998.4152678168484,3027.4497268635814,0.9954374280829951,0.9962618553135314
annual,2020.0,1,fixed_d23,fixed,23.0,base,-0.26702181269116027,-0.5142068389859114,0.35537190082644626,242,-0.0067922213386576264,0.00859084203575874,23.00413223140496,23.01960652140846,0.9958847736625515,0.9970831410236483,0.0,7.108267961299825e-05,2994.8618487045433,3028.3219604227183,0.9954374280829951,0.9962618553135314
annual,2020.0,1,fixed_d24,fixed,24.0,base,-0.23768306107180334,-0.4516605169260171,0.38016528925619836,242,-0.004753747736486199,0.008903418270842216,24.053719008264462,24.019898034376343,0.9958847736625515,0.9970831410236483,0.0,7.431220895424176e-05,2998.9655560532865,3028.9512324301672,0.9954374280829951,0.9962618553135314
annual,2020.0,1,fixed_d25,fixed,25.0,base,-0.20695244711938504,-0.383606814371913,0.3760330578512397,242,-0.002610468302283717,0.009192729442022665,25.041322314049587,25.020196790523375,0.9958847736625515,0.9970831410236483,0.0,7.754237141209959e-05,3003.280250908877,3029.533668899918,0.9954374280829951,0.9962618553135314
annual,2020.0,1,fixed_d26,fixed,26.0,base,-0.19945808047125704,-0.3460705574709535,0.3760330578512397,242,-0.002453830014322566,0.009513615395647415,26.03305785123967,26.020456787908458,0.9958847736625515,0.9970831410236483,0.0,8.077253386995743e-05,3003.59558376024,3030.1796694337872,0.9954374280829951,0.9962618553135314
annual,2020.0,1,fixed_d27,fixed,27.0,base,-0.189529363204354,-0.3434153509297303,0.3925619834710744,242,-0.0015650148875163165,0.009780949435089609,27.02892561983471,27.020658975932857,0.9958847736625515,0.9970831410236483,0.0,8.400269632781529e-05,3005.3848819702666,3030.7178631343786,0.9954374280829951,0.9962618553135314
annual,2020.0,1,fixed_d28,fixed,28.0,base,-0.17986304280621548,-0.35088563985914645,0.3925619834710744,242,-0.0007862996001665686,0.009985394005130497,28.024793388429753,28.02084883879501,0.9958847736625515,0.9970831410236483,0.0,8.723476111956933e-05,3006.952535161295,3031.1294523216534,0.9954374280829951,0.9962618553135314
annual,2020.0,1,fixed_d29,fixed,29.0,base,-0.17377587723237903,-0.3155366276280144,0.39669421487603307,242,-8.03204180487152e-05,0.010291172295424754,29.020661157024794,29.020956037692933,0.9958847736625515,0.9970831410236483,0.0,9.046746052055015e-05,3008.373761295714,3031.7450392151127,0.9954374280829951,0.9962618553135314
annual,2020.0,1,fixed_d3,fixed,3.0,base,-0.07526443864392447,-0.6768528275404886,0.3884297520661157,242,-1.0840201457568807e-05,-0.00034164032596483725,3.0041322314049586,3.011010364188504,0.9958847736625515,0.9970831410236483,0.0,6.467944720709142e-06,3008.513633833232,3010.3394104528634,0.9954374280829951,0.9962618553135314
annual,2020.0,1,fixed_d30,fixed,30.0,base,-0.15217450271186403,-0.24498782982789086,0.4214876033057851,242,0.0022599973115419066,0.01062431660996226,30.016528925619834,30.021124732038786,0.9958847736625515,0.9970831410236483,0.0,9.370206574464162e-05,3013.0851193702388,3032.415717415193,0.9954374280829951,0.9962618553135314
annual,2020.0,1,fixed_d31,fixed,31.0,base,-0.1390282316669055,-0.20453672709322426,0.4256198347107438,242,0.003999420341104454,0.010995534595509346,31.016528925619834,31.02128547787606,0.9958847736625515,0.9970831410236483,0.0,9.693730707585682e-05,3016.586799775318,3033.1630427741306,0.9954374280829951,0.9962618553135314
annual,2020.0,1,fixed_d32,fixed,32.0,base,-0.1304185867667057,-0.19135591788333572,0.4214876033057851,242,0.0051542263744847544,0.01129705937855431,32.00826446280992,32.02141135498818,0.9958847736625515,0.9970831410236483,0.0,0.00010017318501467343,3018.9115716048395,3033.7700668309276,0.9954374280829951,0.9962618553135314
annual,2020.0,1,fixed_d33,fixed,33.0,base,-0.12030202482691293,-0.1768262512017429,0.43388429752066116,242,0.007125976683245273,0.011584837910272969,33.00413223140496,33.02155648058196,0.9958847736625515,0.9970831410236483,0.0,0.00010340906295349004,3022.880956454039,3034.349417930604,0.9954374280829951,0.9962618553135314
annual,2020.0,1,fixed_d34,fixed,34.0,base,-0.10992033067675529,-0.2198651612006681,0.4214876033057851,242,0.0090283400870425,0.01193608020184579,34.0,34.02155717551756,0.9958847736625515,0.9970831410236483,0.0,0.00010664557649954266,3026.7106566139155,3035.056529676239,0.9954374280829951,0.9962618553135314
annual,2020.0,1,fixed_d35,fixed,35.0,base,-0.10442153928933695,-0.21369530381448254,0.4380165289256198,242,0.009846734323509165,0.012231402060187559,35.0,35.02161370471392,0.9958847736625515,0.9970831410236483,0.0,0.00010988208954511762,3028.3581885901813,3035.6510664576676,0.9954374280829951,0.9962618553135314
annual,2020.0,1,fixed_d36,fixed,36.0,base,-0.11074009852878691,-0.16974884889620884,0.43388429752066116,242,0.00988692860382523,0.01281354255551087,36.0,36.02152605283539,0.9958847736625515,0.9970831410236483,0.0,0.00011473685961395774,3028.439104802851,3036.8230138438535,0.9954374280829951,0.9962618553135314
annual,2020.0,1,fixed_d37,fixed,37.0,base,-0.09968944217927397,-0.18409106165150668,0.45454545454545453,242,0.012306207164840925,0.013247721502391058,37.0,37.02160771874868,0.9958847736625515,0.9970831410236483,0.0,0.00011959354050892189,3033.3094211017287,3037.697095771535,0.9954374280829951,0.9962618553135314
annual,2020.0,1,fixed_d38,fixed,38.0,base,-0.10373151913348026,-0.12749187122112496,0.44214876033057854,242,0.012044706892920134,0.013674255520325796,38.00413223140496,38.02166297813769,0.9958847736625515,0.9970831410236483,0.0,0.0001244534175016998,3032.782987702527,3038.555787498224,0.9954374280829951,0.9962618553135314
annual,2020.0,1,fixed_d39,fixed,39.0,base,-0.1006018509696636,-0.14863745020480806,0.4380165289256198,242,0.012630085473026496,0.013986000378055403,39.00413223140496,39.021717648849744,0.9958847736625515,0.9970831410236483,0.0,0.00012931585702264807,3033.9614294436483,3039.1833940180136,0.9954374280829951,0.9962618553135314
annual,2020.0,1,fixed_d4,fixed,4.0,base,-0.075365535898932,-0.6858309118984891,0.4132231404958678,242,0.0007202707723184933,8.935828003339776e-05,4.0041322314049586,4.012568405274392,0.9958847736625515,0.9970831410236483,0.0,9.700019480830906e-06,3009.9854534695687,3011.207081809344,0.9954374280829951,0.9962618553135314
annual,2020.0,1,fixed_d40,fixed,40.0,base,-0.08986895151877686,-0.11138101974962246,0.4628099173553719,242,0.014632581658118954,0.014247307332484643,40.00413223140496,40.02172493704387,0.9958847736625515,0.9970831410236483,0.0,0.00013418340600735188,3037.992709663244,3039.7094626311914,0.9954374280829951,0.9962618553135314
annual,2020.0,1,fixed_d41,fixed,41.0,base,-0.07654300399626046,-0.06685790366758315,0.47107438016528924,242,0.017487228608064943,0.014477233568715862,41.0,41.02176288103864,0.9958847736625515,0.9970831410236483,0.0,0.00013905161424585446,3043.7394780560653,3040.1723578596334,0.9954374280829951,0.9962618553135314
annual,2020.0,1,fixed_d42,fixed,42.0,base,-0.08301023845299906,-0.05604329570828365,0.4793388429752066,242,0.016693645578746356,0.014762382835748126,42.0,42.021731622078796,0.9958847736625515,0.9970831410236483,0.0,0.00014553552952515768,3042.141894204214,3040.7464321870384,0.9954374280829951,0.9962618553135314
annual,2020.0,1,fixed_d43,fixed,43.0,base,-0.07168452800610763,-0.06275753782306408,0.48760330578512395,242,0.018824135880520114,0.014951420930849975,43.0,43.02168265321192,0.9958847736625515,0.9970831410236483,0.0,0.00015202074622536877,3046.430842905097,3041.127022473819,0.9954374280829951,0.9962618553135314
annual,2020.0,1,fixed_d44,fixed,44.0,base,-0.08045403027577204,-0.06046819724397561,0.47520661157024796,242,0.017790104082423822,0.015255091857241684,44.00413223140496,44.021614887824036,0.9958847736625515,0.9970831410236483,0.0,0.0001585040349459083,3044.349205014791,3041.7383832606342,0.9954374280829951,0.9962618553135314
annual,2020.0,1,fixed_d45,fixed,45.0,base,-0.06737078999767072,-0.00048773210088241294,0.5,242,0.020561702684794677,0.015675163012739683,45.0,45.02148842108996,0.9958847736625515,0.9970831410236483,0.0,0.00016498734076422295,3049.9287864919265,3042.5840725544476,0.9954374280829951,0.9962618553135314
annual,2020.0,1,fixed_d46,fixed,46.0,base,-0.07588776687864655,-0.05287467326826929,0.4669421487603306,242,0.01958964646231876,0.01612204761402168,46.00413223140496,46.021402103182254,0.9958847736625515,0.9970831410236483,0.0,0.0001730844422427162,3047.9719133397275,3043.4837488196426,0.9954374280829951,0.9962618553135314
annual,2020.0,1,fixed_d47,fixed,47.0,base,-0.06478229634032401,-0.0007455772600538416,0.5,242,0.022830561793813885,0.016735421256544047,47.074380165289256,47.02117718497317,0.9958847736625515,0.9970831410236483,0.0,0.00018118025941648878,3054.496289249398,3044.718588752485,0.9954374280829951,0.9962618553135314
annual,2020.0,1,fixed_d48,fixed,48.0,base,-0.0806995436236156,-0.05749867701233044,0.47107438016528924,242,0.020524530860196875,0.017339584870938108,48.070247933884296,48.02107428681115,0.9958847736625515,0.9970831410236483,0.0,0.0001892747932995994,3049.8539548681024,3045.9348877176253,0.9954374280829951,0.9962618553135314
annual,2020.0,1,fixed_d49,fixed,49.0,base,-0.0804937894598658,-0.057089076329503385,0.4669421487603306,242,0.020602310684801266,0.01802388053897019,49.107438016528924,49.02098231886171,0.9958847736625515,0.9970831410236483,0.0,0.0001973693266762814,3050.0105355750993,3047.312502726805,0.9954374280829951,0.9962618553135314
annual,2020.0,1,fixed_d5,fixed,5.0,base,-0.3233402129831928,-0.7875083080967189,0.35537190082644626,242,-0.003705798767280849,0.0005507666883494291,5.012396694214876,5.013910277985974,0.9958847736625515,0.9970831410236483,0.0,1.2930830487227848e-05,3001.0752109840387,3012.135971970034,0.9954374280829951,0.9962618553135314
annual,2020.0,1,fixed_d50,fixed,50.0,base,-0.08434841690597002,-0.06585216784513179,0.4669421487603306,242,0.020301186319068312,0.01865452271001005,50.09090909090909,50.02088245708075,0.9958847736625515,0.9970831410236483,0.0,0.00020546386055939208,3049.4043338213814,3048.5821064035576,0.9954374280829951,0.9962618553135314
annual,2020.0,1,fixed_d51,fixed,51.0,base,-0.07734568486066674,-0.07254355160512263,0.4669421487603306,242,0.02267258191087026,0.019291861118390877,51.074380165289256,51.02072028578957,0.9958847736625515,0.9970831410236483,0.0,0.00021355326997022744,3054.178255596226,3049.865190434443,0.9954374280829951,0.9962618553135314
annual,2020.0,1,fixed_d52,fixed,52.0,base,-0.08644383413320796,-0.037085275466665124,0.47520661157024796,242,0.021559083172217733,0.020027833233934537,52.06198347107438,52.020494145360274,0.9958847736625515,0.9970831410236483,0.0,0.0002216407830873101,3051.936640619335,3051.3468366881225,0.9954374280829951,0.9962618553135314
annual,2020.0,1,fixed_d53,fixed,53.0,base,-0.08891039121092309,-0.03332120477449589,0.45867768595041325,242,0.02134531226120354,0.020679446970206378,53.049586776859506,53.02031599196673,0.9958847736625515,0.9970831410236483,0.0,0.0002281036434523648,3051.5062925110547,3052.658650625615,0.9954374280829951,0.9962618553135314
annual,2020.0,1,fixed_d54,fixed,54.0,base,-0.08776965349757745,-0.0621927969487843,0.47107438016528924,242,0.021658297482562535,0.021222057528178677,54.03719008264463,54.02011972143498,0.9958847736625515,0.9970831410236483,0.0,0.0002345671384266462,3052.1363716798846,3053.751027266071,0.9954374280829951,0.9962618553135314
annual,2020.0,1,fixed_d55,fixed,55.0,base,-0.09116476828556552,-0.07651493248812663,0.45867768595041325,242,0.022713330951029526,0.021852511924078364,55.02892561983471,55.0198885539708,0.9958847736625515,0.9970831410236483,0.0,0.00024104149854324008,3054.2602886112127,3055.02024481034,0.9954374280829951,0.9962618553135314
annual,2020.0,1,fixed_d56,fixed,56.0,base,-0.09554814012123347,-0.07344913346352724,0.45867768595041325,242,0.022395531276046644,0.022505378944020715,56.02066115702479,56.01967380371,0.9958847736625515,0.9970831410236483,0.0,0.00024751391109143655,3053.6205173331923,3056.334581815563,0.9954374280829951,0.9962618553135314
annual,2020.0,1,fixed_d57,fixed,57.0,base,-0.10272882714031624,-0.07922349641542584,0.44214876033057854,242,0.021635121958229937,0.023168801095330704,57.00826446280992,57.01940951909637,0.9958847736625515,0.9970831410236483,0.0,0.00025398058060857153,3052.0897163935906,3057.6701676176617,0.9954374280829951,0.9962618553135314
annual,2020.0,1,fixed_d58,fixed,58.0,base,-0.10100745886990536,-0.12175033040368037,0.43388429752066116,242,0.022282027612591796,0.02382832653056516,58.049586776859506,58.01914444916293,0.9958847736625515,0.9970831410236483,0.0,0.00026044598240044885,3053.3920199823674,3058.9979088269592,0.9954374280829951,0.9962618553135314
annual,2020.0,1,fixed_d59,fixed,59.0,base,-0.10614158375275519,-0.1275482419737201,0.41735537190082644,242,0.022375372583980133,0.024546435968067645,59.12396694214876,59.01885892117462,0.9958847736625515,0.9970831410236483,0.0,0.0002669101184554649,3053.5799353150264,3060.443587098304,0.9954374280829951,0.9962618553135314
annual,2020.0,1,fixed_d6,fixed,6.0,base,-0.27627522814664685,-0.6761009290619444,0.3677685950413223,242,-0.002903229348817779,0.0008754300726446935,6.0041322314049586,6.015085677181049,0.9958847736625515,0.9970831410236483,0.0,1.6164170984210917e-05,3002.6908855833667,3012.7895769695406,0.9954374280829951,0.9962618553135314
annual,2020.0,1,fixed_d60,fixed,60.0,base,-0.11626966420952223,-0.12578240105141122,0.40082644628099173,242,0.020994465401928137,0.025219021835198155,60.1198347107438,60.0186120836536,0.9958847736625515,0.9970831410236483,0.0,0.0002733729907567561,3050.7999930362103,3061.797620610067,0.9954374280829951,0.9962618553135314
annual,2020.0,1,fixed_d7,fixed,7.0,base,-0.2976760730702194,-0.8827800523877156,0.34297520661157027,242,-0.0038123377283470574,0.0012066607303884119,7.008264462809917,7.016043361146095,0.9958847736625515,0.9970831410236483,0.0,1.9396874873592573e-05,3000.8607344673987,3013.4564027249007,0.9954374280829951,0.9962618553135314
annual,2020.0,1,fixed_d8,fixed,8.0,base,-0.3235831546883937,-0.7989849905913365,0.34297520661157027,242,-0.005222292256215525,0.0014822172204997039,8.00413223140496,8.016821811223247,0.9958847736625515,0.9970831410236483,0.0,2.262957876297423e-05,2998.022316176754,3014.011149280115,0.9954374280829951,0.9962618553135314
annual,2020.0,1,fixed_d9,fixed,9.0,base,-0.3856384118911322,-0.7296450124377067,0.34297520661157027,242,-0.00809425298829713,0.0017366949572633942,9.020661157024794,9.01758287696983,0.9958847736625515,0.9970831410236483,0.0,2.5860384791031523e-05,2992.2406929322865,3014.523461606943,0.9954374280829951,0.9962618553135314
annual,2020.0,1,model_plan,model_plan,,base,-0.45086385432653925,-0.6491351144074977,0.3305785123966942,242,-0.013616901245502147,0.002329716377284173,14.900826446280991,6.406333875516045,0.9958847736625515,0.9970831410236483,0.0,3.078398222762928e-05,2981.122897630221,3015.717314027131,0.9954374280829951,0.9962618553135314
annual,2020.0,1,rolling_path,rolling,,base,-0.41672897905402523,-0.5845649842381924,0.34710743801652894,242,-0.013942493929510245,0.001842708681094292,13.694214876033058,3.8301430224680053,0.9958847736625515,0.9970831410236483,0.0,3.235240831327484e-06,2980.467438031116,3014.7367674005823,0.9954374280829951,0.9962618553135314
annual,2020.0,1,fixed_d10,fixed,10.0,double_slippage,-0.3762147417841474,-0.7255517426142627,0.33884297520661155,242,-0.010005974991233027,0.0006328806224633445,10.016528925619834,10.018201073949847,0.9958847736625515,0.9970831410236483,0.0,2.9091186836428137e-05,4375.67852958706,4408.233907697906,0.9954367212876121,0.9962653847444664
annual,2020.0,1,fixed_d11,fixed,11.0,double_slippage,-0.40923431824349604,-0.6542344041886681,0.30991735537190085,242,-0.01201960116112444,0.0010179412186199293,11.016528925619834,11.018722297163519,0.9958847736625515,0.9970831410236483,0.0,3.2323886736119525e-05,4370.210487290817,4409.27956368585,0.9954367212876121,0.9962653847444664
annual,2020.0,1,fixed_d12,fixed,12.0,double_slippage,-0.3447065699191309,-0.6609719043461961,0.3512396694214876,242,-0.0096453558224645,0.0014108803323568987,12.012396694214877,12.019130177150295,0.9958847736625515,0.9970831410236483,0.0,3.5555324888639884e-05,4376.65779818078,4410.3466139401535,0.9954367212876121,0.9962653847444664
annual,2020.0,1,fixed_d13,fixed,13.0,double_slippage,-0.36185101321150975,-0.623405934471498,0.32231404958677684,242,-0.01112597514608359,0.0017944008740478107,13.00413223140496,13.019537085723135,0.9958847736625515,0.9970831410236483,0.0,3.878612195572446e-05,4372.637146677914,4411.388087869733,0.9954367212876121,0.9962653847444664
annual,2020.0,1,fixed_d14,fixed,14.0,double_slippage,-0.3995352754019792,-0.6084847372084077,0.30165289256198347,242,-0.014123005035554513,0.00224806692429456,14.008264462809917,14.019946951154877,0.9958847736625515,0.9970831410236483,0.0,4.201691902280904e-05,4364.498651835243,4412.620043336259,0.9954367212876121,0.9962653847444664
annual,2020.0,1,fixed_d15,fixed,15.0,double_slippage,-0.4229104102419065,-0.6960918054655355,0.30991735537190085,242,-0.016167137781034464,0.002651571661236147,15.00413223140496,15.020341097980154,0.9958847736625515,0.9970831410236483,0.0,4.524644836405253e-05,4358.947768320444,4413.715784742952,0.9954367212876121,0.9962653847444664
annual,2020.0,1,fixed_d16,fixed,16.0,double_slippage,-0.4013038405991221,-0.6548114401119809,0.30165289256198347,242,-0.015082486080453157,0.00310080995431807,16.00413223140496,16.020668373923034,0.9958847736625515,0.9970831410236483,0.0,4.847661082191038e-05,4361.8931617922535,4414.93571654281,0.9954367212876121,0.9962653847444664
annual,2020.0,1,fixed_d17,fixed,17.0,double_slippage,-0.37039349214729667,-0.6677821566787102,0.29338842975206614,242,-0.012944896157007857,0.0038753980162575096,17.0,17.01781083544684,0.9958847736625515,0.9970831410236483,0.0,5.17061391686649e-05,4367.697830150362,4417.039142169568,0.9954367212876121,0.9962653847444664
annual,2020.0,1,fixed_d18,fixed,18.0,double_slippage,-0.34666211247358436,-0.688690446329038,0.3140495867768595,242,-0.011534748422283202,0.0046492824421363365,18.00413223140496,18.018127015887917,0.9958847736625515,0.9970831410236483,0.0,5.4935667515419426e-05,4371.527114638572,4419.140657058474,0.9954367212876121,0.9962653847444664
annual,2020.0,1,fixed_d19,fixed,19.0,double_slippage,-0.3433626112150751,-0.6692933431100481,0.32644628099173556,242,-0.01216358020312044,0.005254150769748508,19.00413223140496,19.018480125283965,0.9958847736625515,0.9970831410236483,0.0,5.81645627455596e-05,4369.819509311307,4420.783205335665,0.9954367212876121,0.9962653847444664
annual,2020.0,1,fixed_d2,fixed,2.0,double_slippage,-0.13100630539674119,-0.563692943706796,0.43388429752066116,242,-0.002684345908635275,-0.0022962364320856465,2.0041322314049586,2.0093010600698222,0.9958847736625515,0.9970831410236483,0.0,3.235240831327484e-06,4395.560560372953,4400.279701891303,0.9954367212876121,0.9962653847444664
annual,2020.0,1,fixed_d20,fixed,20.0,double_slippage,-0.33443260256296947,-0.6497311404613286,0.3512396694214876,242,-0.01184424682788898,0.005756699249465071,20.0,20.018822874196804,0.9958847736625515,0.9970831410236483,0.0,6.139345797569976e-05,4370.6866655036865,4422.147902011398,0.9954367212876121,0.9962653847444664
annual,2020.0,1,fixed_d21,fixed,21.0,double_slippage,-0.3324347358390851,-0.5734941117634675,0.34297520661157027,242,-0.012828903126212049,0.006276104202834675,21.0,21.019126770999456,0.9958847736625515,0.9970831410236483,0.0,6.462361993602047e-05,4368.01281155453,4423.558372786151,0.9954367212876121,0.9962653847444664
annual,2020.0,1,fixed_d22,fixed,22.0,double_slippage,-0.25864936820616913,-0.4723401340772347,0.3512396694214876,242,-0.006414549710925755,0.006752729173307519,22.0,22.019363482110407,0.9958847736625515,0.9970831410236483,0.0,6.785314828277498e-05,4385.431117048506,4424.852673655186,0.9954367212876121,0.9962653847444664
annual,2020.0,1,fixed_d23,fixed,23.0,double_slippage,-0.2670884777680608,-0.5143925785027258,0.35537190082644626,242,-0.008174431364482324,0.00718545564113733,23.00413223140496,23.01960652140846,0.9958847736625515,0.9970831410236483,0.0,7.108267961299825e-05,4380.652123081343,4426.027767258863,0.9954367212876121,0.9962653847444664
annual,2020.0,1,fixed_d24,fixed,24.0,double_slippage,-0.23769556682415435,-0.45193595918735796,0.38016528925619836,242,-0.006135936954785156,0.007497578746200308,24.053719008264462,24.019898034376343,0.9958847736625515,0.9970831410236483,0.0,7.431220895424176e-05,4386.187695582112,4426.875360009325,0.9954367212876121,0.9962653847444664
annual,2020.0,1,fixed_d25,fixed,25.0,double_slippage,-0.20697567971793818,-0.3838252279186645,0.3760330578512397,242,-0.003997290281061917,0.007786468262094278,25.041322314049587,25.020196790523375,0.9958847736625515,0.9970831410236483,0.0,7.754237141209959e-05,4391.995233566812,4427.659861485062,0.9954367212876121,0.9962653847444664
annual,2020.0,1,fixed_d26,fixed,26.0,double_slippage,-0.19947191471037118,-0.3461596542383485,0.3760330578512397,242,-0.003840338996215734,0.008106849255583413,26.03305785123967,26.020456787908458,0.9958847736625515,0.9970831410236483,0.0,8.077253386995743e-05,4392.421437932267,4428.5298787005295,0.9954367212876121,0.9962653847444664
annual,2020.0,1,fixed_d27,fixed,27.0,double_slippage,-0.18952455719786784,-0.34339135919165753,0.3925619834710744,242,-0.002950845479520167,0.008373734204437506,27.02892561983471,27.020658975932857,0.9958847736625515,0.9970831410236483,0.0,8.400269632781529e-05,4394.836875437127,4429.254626332636,0.9954367212876121,0.9962653847444664
annual,2020.0,1,fixed_d28,fixed,28.0,double_slippage,-0.17986398767206235,-0.3509607091023518,0.3925619834710744,242,-0.002173410305744251,0.008577917619819691,28.024793388429753,28.02084883879501,0.9958847736625515,0.9970831410236483,0.0,8.723476111956933e-05,4396.948016261755,4429.809106701144,0.9954367212876121,0.9962653847444664
annual,2020.0,1,fixed_d29,fixed,29.0,double_slippage,-0.1737739333779033,-0.31501028659008296,0.39669421487603307,242,-0.0014675357675012907,0.00888326694613366,29.020661157024794,29.020956037692933,0.9958847736625515,0.9970831410236483,0.0,9.046746052055015e-05,4398.864832743715,4430.638305135293,0.9954367212876121,0.9962653847444664
annual,2020.0,1,fixed_d3,fixed,3.0,double_slippage,-0.07567298347779977,-0.6787235113735368,0.3884297520661157,242,-0.0014003696741781092,-0.0017349115313004585,3.0041322314049586,3.011010364188504,0.9958847736625515,0.9970831410236483,0.0,6.467944720709142e-06,4399.047223618776,4401.804007137725,0.9954367212876121,0.9962653847444664
annual,2020.0,1,fixed_d30,fixed,30.0,double_slippage,-0.152180645197923,-0.24517976241818765,0.4214876033057851,242,0.0008686103722601819,0.009215945504170445,30.016528925619834,30.021124732038786,0.9958847736625515,0.9970831410236483,0.0,9.370206574464162e-05,4405.208684494066,4431.541716656489,0.9954367212876121,0.9962653847444664
annual,2020.0,1,fixed_d31,fixed,31.0,double_slippage,-0.1390197308273063,-0.2047751405213645,0.4256198347107438,242,0.002607266399672092,0.009586612511016803,31.016528925619834,31.02128547787606,0.9958847736625515,0.9970831410236483,0.0,9.693730707585682e-05,4409.930039847238,4432.548286576393,0.9954367212876121,0.9962653847444664
annual,2020.0,1,fixed_d32,fixed,32.0,double_slippage,-0.13042106022071712,-0.1913317929023495,0.4214876033057851,242,0.0037588174708941984,0.009887715724510809,32.00826446280992,32.02141135498818,0.9958847736625515,0.9970831410236483,0.0,0.00010017318501467343,4413.05709990331,4433.365954621858,0.9954367212876121,0.9962653847444664
annual,2020.0,1,fixed_d33,fixed,33.0,double_slippage,-0.12029399254212701,-0.1768910625796723,0.43388429752066116,242,0.005729248148427281,0.01017501871019382,33.00413223140496,33.02155648058196,0.9958847736625515,0.9970831410236483,0.0,0.00010340906295349004,4418.407843972723,4434.1461478716055,0.9954367212876121,0.9962653847444664
annual,2020.0,1,fixed_d34,fixed,34.0,double_slippage,-0.10991171477971404,-0.21984134397405608,0.4214876033057851,242,0.007628887683813237,0.010525808670582988,34.0,34.02155717551756,0.9958847736625515,0.9970831410236483,0.0,0.00010664557649954266,4423.566353274212,4435.098741279117,0.9954367212876121,0.9962653847444664
annual,2020.0,1,fixed_d35,fixed,35.0,double_slippage,-0.1044036183262272,-0.21377609330855252,0.4380165289256198,242,0.008447521249672515,0.010820711356377535,35.0,35.02161370471392,0.9958847736625515,0.9970831410236483,0.0,0.00010988208954511762,4425.789369159773,4435.8995716702975,0.9954367212876121,0.9962653847444664
annual,2020.0,1,fixed_d36,fixed,36.0,double_slippage,-0.11072374872421199,-0.16981572731078315,0.43388429752066116,242,0.00848766275074666,0.011402011055379177,36.0,36.02152605283539,0.9958847736625515,0.9970831410236483,0.0,0.00011473685961395774,4425.898374211948,4437.478127014709,0.9954367212876121,0.9962653847444664
annual,2020.0,1,fixed_d37,fixed,37.0,double_slippage,-0.09966799021977316,-0.1841060034891569,0.45454545454545453,242,0.010903576267587896,0.011835608893498419,37.0,37.02160771874868,0.9958847736625515,0.9970831410236483,0.0,0.00011959354050892189,4432.458835876424,4438.655594999744,0.9954367212876121,0.9962653847444664
annual,2020.0,1,fixed_d38,fixed,38.0,double_slippage,-0.10372659211140395,-0.12761168342282286,0.44214876033057854,242,0.010640490313801751,0.012261569032664918,38.00413223140496,38.02166297813769,0.9958847736625515,0.9970831410236483,0.0,0.0001244534175016998,4431.744420686371,4439.812322675938,0.9954367212876121,0.9962653847444664
annual,2020.0,1,fixed_d39,fixed,39.0,double_slippage,-0.10061372240483381,-0.1486938986751819,0.4380165289256198,242,0.011222984081393507,0.01257286598259692,39.00413223140496,39.021717648849744,0.9958847736625515,0.9970831410236483,0.0,0.00012931585702264807,4433.326194208247,4440.657680172274,0.9954367212876121,0.9962653847444664
annual,2020.0,1,fixed_d4,fixed,4.0,double_slippage,-0.07570847568352317,-0.6863063222979577,0.4090909090909091,242,-0.0006714042641544092,-0.0013044683289147826,4.0041322314049586,4.012568405274392,0.9958847736625515,0.9970831410236483,0.0,9.700019480830906e-06,4401.026743826697,4402.972900500995,0.9954367212876121,0.9962653847444664
annual,2020.0,1,fixed_d40,fixed,40.0,double_slippage,-0.089882009489227,-0.11142393132536386,0.4628099173553719,242,0.01322294070698713,0.012833768782393246,40.00413223140496,40.02172493704387,0.9958847736625515,0.9970831410236483,0.0,0.00013418340600735188,4438.757116582478,4441.366191367662,0.9954367212876121,0.9962653847444664
annual,2020.0,1,fixed_d41,fixed,41.0,double_slippage,-0.07657796872141293,-0.06698928815951258,0.47107438016528924,242,0.016070207555012123,0.013063306512967438,41.0,41.02176288103864,0.9958847736625515,0.9970831410236483,0.0,0.00013905161424585446,4446.48892687899,4441.989530091099,0.9954367212876121,0.9962653847444664
annual,2020.0,1,fixed_d42,fixed,42.0,double_slippage,-0.08303823047530955,-0.0559166618094806,0.4793388429752066,242,0.015278965698359388,0.01334809143095088,42.0,42.021731622078796,0.9958847736625515,0.9970831410236483,0.0,0.00014553552952515768,4444.340293729787,4442.7629017617355,0.9954367212876121,0.9962653847444664
annual,2020.0,1,fixed_d43,fixed,43.0,double_slippage,-0.07170966228189413,-0.06275912146773441,0.48760330578512395,242,0.017406190646571108,0.013536862655339101,43.0,43.02168265321192,0.9958847736625515,0.9970831410236483,0.0,0.00015202074622536877,4450.116815789528,4443.275546326065,0.9954367212876121,0.9962653847444664
annual,2020.0,1,fixed_d44,fixed,44.0,double_slippage,-0.08047698757692369,-0.06045635620553384,0.47520661157024796,242,0.016372825719942224,0.013840118564721527,44.00413223140496,44.021614887824036,0.9958847736625515,0.9970831410236483,0.0,0.0001585040349459083,4447.310692582179,4444.099076341585,0.9954367212876121,0.9962653847444664
annual,2020.0,1,fixed_d45,fixed,45.0,double_slippage,-0.06740594539671685,-0.000321729070575525,0.49586776859504134,242,0.019138809693632266,0.014259603386059064,45.0,45.02148842108996,0.9958847736625515,0.9970831410236483,0.0,0.00016498734076422295,4454.821777601341,4445.238228301382,0.9954367212876121,0.9962653847444664
annual,2020.0,1,fixed_d46,fixed,46.0,double_slippage,-0.0759173795009976,-0.05290253930271985,0.4669421487603306,242,0.018169030872990113,0.014705808219792454,46.00413223140496,46.021402103182254,0.9958847736625515,0.9970831410236483,0.0,0.0001730844422427162,4452.188323741554,4446.449947082246,0.9954367212876121,0.9962653847444664
annual,2020.0,1,fixed_d47,fixed,47.0,double_slippage,-0.06479573316486789,-0.0007551865412355539,0.5,242,0.021406424230744712,0.015318318552185142,47.074380165289256,47.02117718497317,0.9958847736625515,0.9970831410236483,0.0,0.00018118025941648878,4460.979530408645,4448.113271777554,0.9954367212876121,0.9962653847444664
annual,2020.0,1,fixed_d48,fixed,48.0,double_slippage,-0.08072295817187733,-0.05756668377460149,0.47107438016528924,242,0.019101971712388192,0.015921726688544476,48.070247933884296,48.02107428681115,0.9958847736625515,0.9970831410236483,0.0,0.0001892747932995994,4454.721743323599,4449.751879270333,0.9954367212876121,0.9962653847444664
annual,2020.0,1,fixed_d49,fixed,49.0,double_slippage,-0.08052282564277918,-0.057211205854306425,0.4669421487603306,242,0.019178629994093584,0.016605126092924968,49.107438016528924,49.02098231886171,0.9958847736625515,0.9970831410236483,0.0,0.0001973693266762814,4454.9299104268,4451.60770465758,0.9954367212876121,0.9962653847444664
annual,2020.0,1,fixed_d5,fixed,5.0,double_slippage,-0.32356978667273756,-0.7882192271274626,0.35537190082644626,242,-0.005092432151012373,-0.0008435722295300829,5.012396694214876,5.013910277985974,0.9958847736625515,0.9970831410236483,0.0,1.2930830487227848e-05,4389.021353829446,4404.224489311198,0.9954367212876121,0.9962653847444664
annual,2020.0,1,fixed_d50,fixed,50.0,double_slippage,-0.08438448733449379,-0.065865985239831,0.4669421487603306,242,0.018876944993526483,0.017234846091924397,50.09090909090909,50.02088245708075,0.9958847736625515,0.9970831410236483,0.0,0.00020546386055939208,4454.1106787501785,4453.317762541679,0.9954367212876121,0.9962653847444664
annual,2020.0,1,fixed_d51,fixed,51.0,double_slippage,-0.07738465867801014,-0.07229376446145319,0.4669421487603306,242,0.02124460278381307,0.017871262474727978,51.074380165289256,51.02072028578957,0.9958847736625515,0.9970831410236483,0.0,0.00021355326997022744,4460.540101020259,4455.046004564766,0.9954367212876121,0.9962653847444664
annual,2020.0,1,fixed_d52,fixed,52.0,double_slippage,-0.08647621909988433,-0.03692472542022119,0.47520661157024796,242,0.020133734978341727,0.0186061596763638,52.06198347107438,52.020494145360274,0.9958847736625515,0.9970831410236483,0.0,0.0002216407830873101,4457.52351718922,4457.041673219293,0.9954367212876121,0.9962653847444664
annual,2020.0,1,fixed_d53,fixed,53.0,double_slippage,-0.08894798343507299,-0.033342318675269475,0.45867768595041325,242,0.019919592594113227,0.019256829613061802,53.049586776859506,53.02031599196673,0.9958847736625515,0.9970831410236483,0.0,0.0002281036434523648,4456.942009245057,4458.808612899348,0.9954367212876121,0.9962653847444664
annual,2020.0,1,fixed_d54,fixed,54.0,double_slippage,-0.08781789166713433,-0.062122949282726894,0.47107438016528924,242,0.02023029011444277,0.01979867575729789,54.03719008264463,54.02011972143498,0.9958847736625515,0.9970831410236483,0.0,0.0002345671384266462,4457.785714600048,4460.280039389066,0.9954367212876121,0.9962653847444664
annual,2020.0,1,fixed_d55,fixed,55.0,double_slippage,-0.0912238820634957,-0.0765332798338759,0.45867768595041325,242,0.021282007181842266,0.020428261418223202,55.02892561983471,55.0198885539708,0.9958847736625515,0.9970831410236483,0.0,0.00024104149854324008,4460.641673414159,4461.989724352559,0.9954367212876121,0.9962653847444664
annual,2020.0,1,fixed_d56,fixed,56.0,double_slippage,-0.09560185511790212,-0.07347314445377055,0.45867768595041325,242,0.020965981464129767,0.021080258510278754,56.02066115702479,56.01967380371,0.9958847736625515,0.9970831410236483,0.0,0.00024751391109143655,4459.783499232184,4463.760267997526,0.9954367212876121,0.9962653847444664
annual,2020.0,1,fixed_d57,fixed,57.0,double_slippage,-0.1027806866763831,-0.07916020404475776,0.44214876033057854,242,0.020206974871345266,0.02174276115584382,57.00826446280992,57.01940951909637,0.9958847736625515,0.9970831410236483,0.0,0.00025398058060857153,4457.722401589268,4465.559339655199,0.9954367212876121,0.9962653847444664
annual,2020.0,1,fixed_d58,fixed,58.0,double_slippage,-0.1010523528047037,-0.12147496073851236,0.43388429752066116,242,0.02085413327630032,0.022401428994473286,58.049586776859506,58.01914444916293,0.9958847736625515,0.9970831410236483,0.0,0.00026044598240044885,4459.479773232321,4467.347997811282,0.9954367212876121,0.9962653847444664
annual,2020.0,1,fixed_d59,fixed,59.0,double_slippage,-0.1061720213408073,-0.12737012163050787,0.41735537190082644,242,0.02094935409212871,0.023118520333453227,59.12396694214876,59.01885892117462,0.9958847736625515,0.9970831410236483,0.0,0.0002669101184554649,4459.738347269651,4469.2953061493145,0.9954367212876121,0.9962653847444664
annual,2020.0,1,fixed_d6,fixed,6.0,double_slippage,-0.2765006082121288,-0.6747874325257647,0.3677685950413223,242,-0.004289829835463957,-0.0005194265243882804,6.0041322314049586,6.015085677181049,0.9958847736625515,0.9970831410236483,0.0,1.6164170984210917e-05,4391.20083653289,4405.1047296926845,0.9954367212876121,0.9962653847444664
annual,2020.0,1,fixed_d60,fixed,60.0,double_slippage,-0.11629698462440657,-0.1257550056502017,0.40082644628099173,242,0.019571014813360252,0.023790115183700132,60.1198347107438,60.0186120836536,0.9958847736625515,0.9970831410236483,0.0,0.0002733729907567561,4455.995439282276,4471.119067852326,0.9954367212876121,0.9962653847444664
annual,2020.0,1,fixed_d7,fixed,7.0,double_slippage,-0.2978885093352686,-0.8830917756929979,0.34297520661157027,242,-0.005198781572694717,-0.00018856283037985567,7.008264462809917,7.016043361146095,0.9958847736625515,0.9970831410236483,0.0,1.9396874873592573e-05,4388.732559839468,4406.003212904638,0.9954367212876121,0.9962653847444664
annual,2020.0,1,fixed_d8,fixed,8.0,double_slippage,-0.32375341965172966,-0.7993344512952434,0.34297520661157027,242,-0.006605975476600294,8.658084218732516e-05,8.00413223140496,8.016821811223247,0.9958847736625515,0.9970831410236483,0.0,2.262957876297423e-05,4384.911296538149,4406.750387279558,0.9954367212876121,0.9962653847444664
annual,2020.0,1,fixed_d9,fixed,9.0,double_slippage,-0.38581215666956237,-0.7288777621177216,0.34297520661157027,242,-0.00947655645586541,0.00034075107496770227,9.020661157024794,9.01758287696983,0.9958847736625515,0.9970831410236483,0.0,2.5860384791031523e-05,4377.116176250133,4407.4406078480915,0.9954367212876121,0.9962653847444664
annual,2020.0,1,model_plan,model_plan,,double_slippage,-0.4146291519711445,-0.6126043629117914,0.33884297520661155,242,-0.01498930315065808,0.0009326964853976532,14.900826446280991,6.406333875516045,0.9958847736625515,0.9970831410236483,0.0,3.078398222762928e-05,4362.146201909148,4409.048072180713,0.9954367212876121,0.9962653847444664
annual,2020.0,1,rolling_path,rolling,,double_slippage,-0.3492245637208336,-0.5275857775048212,0.359504132231405,242,-0.015315574761137317,0.0004464313478733979,13.694214876033058,3.8301430224680053,0.9958847736625515,0.9970831410236483,0.0,3.235240831327484e-06,4361.260204799638,4407.727471318222,0.9954367212876121,0.9962653847444664
annual,2020.0,2,fixed_d10,fixed,10.0,base,-0.3032872574862711,-0.5477749451825695,0.34156378600823045,243,-0.007068237056617621,0.0020251894129511,10.01440329218107,10.018201073949847,0.9958847736625515,0.9970831410236483,0.0,2.9091186836428137e-05,1496.4251631391633,1506.2979433977007,0.9949557235781908,0.9954318609038098
annual,2020.0,2,fixed_d11,fixed,11.0,base,-0.33538559338205703,-0.47213856264993415,0.3374485596707819,243,-0.00904774564002317,0.002410207676625218,11.018518518518519,11.018722297163519,0.9958847736625515,0.9970831410236483,0.0,3.2323886736119525e-05,1494.4326615163873,1506.6855050288032,0.9949557235781908,0.9954318609038098
annual,2020.0,2,fixed_d12,fixed,12.0,base,-0.30386500268789823,-0.45210144224300697,0.39094650205761317,243,-0.00825246979585509,0.0028031321247485533,12.018518518518519,12.019130177150295,0.9958847736625515,0.9970831410236483,0.0,3.5555324888639884e-05,1495.2331573684096,1507.081024732411,0.9949557235781908,0.9954318609038098
annual,2020.0,2,fixed_d13,fixed,13.0,base,-0.32059557898088226,-0.4674403608869388,0.37448559670781895,243,-0.009621267049433576,0.0031867404678647547,13.008230452674898,13.019537085723135,0.9958847736625515,0.9970831410236483,0.0,3.878612195572446e-05,1493.8553756442645,1507.4671671790277,0.9949557235781908,0.9954318609038098
annual,2020.0,2,fixed_d14,fixed,14.0,base,-0.3241391738276061,-0.4495854738605106,0.3868312757201646,243,-0.010529921991306446,0.0036404558223144807,14.010288065843621,14.019946951154877,0.9958847736625515,0.9970831410236483,0.0,4.201691902280904e-05,1492.9407565002005,1507.9238768032872,0.9949557235781908,0.9954318609038098
annual,2020.0,2,fixed_d15,fixed,15.0,base,-0.3222146216613345,-0.4929341291106522,0.37448559670781895,243,-0.01073185440420222,0.004043762080206332,15.008230452674898,15.020341097980154,0.9958847736625515,0.9970831410236483,0.0,4.524644836405253e-05,1492.7374986493573,1508.3298464509132,0.9949557235781908,0.9954318609038098
annual,2020.0,2,fixed_d16,fixed,16.0,base,-0.31047751407968055,-0.5358603558697679,0.39094650205761317,243,-0.010485259878365754,0.004492788816156021,16.006172839506174,16.020668373923034,0.9958847736625515,0.9970831410236483,0.0,4.847661082191038e-05,1492.985711764985,1508.781836678479,0.9949557235781908,0.9954318609038098
annual,2020.0,2,fixed_d17,fixed,17.0,base,-0.279575009780962,-0.37284607278639614,0.3786008230452675,243,-0.00842119995845307,0.0052674844880624076,17.004115226337447,17.01781083544684,0.9958847736625515,0.9970831410236483,0.0,5.17061391686649e-05,1495.0633196998062,1509.5616334548681,0.9949557235781908,0.9954318609038098
annual,2020.0,2,fixed_d18,fixed,18.0,base,-0.2628681768838139,-0.38140122459190157,0.4074074074074074,243,-0.007098194400214268,0.00604161888067772,18.006172839506174,18.018127015887917,0.9958847736625515,0.9970831410236483,0.0,5.4935667515419426e-05,1496.3950091624492,1510.340865267858,0.9949557235781908,0.9954318609038098
annual,2020.0,2,fixed_d19,fixed,19.0,base,-0.2681048597572083,-0.3055475926196511,0.3991769547325103,243,-0.008087386099932816,0.006646526172600549,19.008230452674898,19.018480125283965,0.9958847736625515,0.9970831410236483,0.0,5.81645627455596e-05,1495.3993246357697,1510.9497592091893,0.9949557235781908,0.9954318609038098
annual,2020.0,2,fixed_d2,fixed,2.0,base,-0.2323292022071562,-0.4624668677676301,0.43209876543209874,243,-0.0023972363932235883,-0.0009031421234093807,2.0082304526748973,2.0093010600698222,0.9958847736625515,0.9970831410236483,0.0,3.235240831327484e-06,1501.1268231773233,1503.3502614261993,0.9949557235781908,0.9954318609038098
annual,2020.0,2,fixed_d20,fixed,20.0,base,-0.2305197204803315,-0.36486576887522404,0.411522633744856,243,-0.005204942113463017,0.007149228015191653,20.002057613168724,20.018822874196804,0.9958847736625515,0.9970831410236483,0.0,6.139345797569976e-05,1498.3006883220623,1511.4557768481106,0.9949557235781908,0.9954318609038098
annual,2020.0,2,fixed_d21,fixed,21.0,base,-0.2245819311898566,-0.34131558881121704,0.411522633744856,243,-0.005046881771006837,0.007668586182970998,21.006172839506174,21.019126770999456,0.9958847736625515,0.9970831410236483,0.0,6.462361993602047e-05,1498.4597861362777,1511.978560146857,0.9949557235781908,0.9954318609038098
annual,2020.0,2,fixed_d22,fixed,22.0,base,-0.20266841325690563,-0.2725611638506232,0.40329218106995884,243,-0.002879788095379762,0.008145142734066076,22.008230452674898,22.019363482110407,0.9958847736625515,0.9970831410236483,0.0,6.785314828277498e-05,1500.641104116705,1512.4582608857704,0.9949557235781908,0.9954318609038098
annual,2020.0,2,fixed_d23,fixed,23.0,base,-0.2212055103365294,-0.32047632976923385,0.37448559670781895,243,-0.004959487168089905,0.008577783293944014,23.006172839506174,23.01960652140846,0.9958847736625515,0.9970831410236483,0.0,7.108267961299825e-05,1498.5477543772815,1512.8937573790088,0.9949557235781908,0.9954318609038098
annual,2020.0,2,fixed_d24,fixed,24.0,base,-0.2097578882019742,-0.23489525652159152,0.3991769547325103,243,-0.0044689556252109535,0.008889796224483191,24.032921810699587,24.019898034376343,0.9958847736625515,0.9970831410236483,0.0,7.431220895424176e-05,1499.0415056564655,1513.2078344708648,0.9949557235781908,0.9954318609038098
annual,2020.0,2,fixed_d25,fixed,25.0,base,-0.1861041750897855,-0.22487626636346988,0.39094650205761317,243,-0.002937498839829847,0.009178264762594701,25.022633744855966,25.020196790523375,0.9958847736625515,0.9970831410236483,0.0,7.754237141209959e-05,1500.5830145721927,1513.4982126334844,0.9949557235781908,0.9954318609038098
annual,2020.0,2,fixed_d26,fixed,26.0,base,-0.1779810862989493,-0.20849101522982222,0.4156378600823045,243,-0.002352510578595268,0.009498666172290168,26.022633744855966,26.020456787908458,0.9958847736625515,0.9970831410236483,0.0,8.077253386995743e-05,1501.1718425619201,1513.8207332677175,0.9949557235781908,0.9954318609038098
annual,2020.0,2,fixed_d27,fixed,27.0,base,-0.1764197844462833,-0.20044059490284213,0.3991769547325103,243,-0.0024610505029328223,0.009765314700968003,27.022633744855966,27.020658975932857,0.9958847736625515,0.9970831410236483,0.0,8.400269632781529e-05,1501.062590206467,1514.089148199377,0.9949557235781908,0.9954318609038098
annual,2020.0,2,fixed_d28,fixed,28.0,base,-0.15699001350744746,-0.19521488908854565,0.4074074074074074,243,-0.0005973540089344985,0.009969182551525362,28.016460905349795,28.02084883879501,0.9958847736625515,0.9970831410236483,0.0,8.723476111956933e-05,1502.938519575898,1514.294370384505,0.9949557235781908,0.9954318609038098
annual,2020.0,2,fixed_d29,fixed,29.0,base,-0.1599373097434168,-0.19439910435313318,0.40329218106995884,243,-0.0009807790412846087,0.010274376266479807,29.01028806584362,29.020956037692933,0.9958847736625515,0.9970831410236483,0.0,9.046746052055015e-05,1502.5525778297626,1514.6015835168942,0.9949557235781908,0.9954318609038098
annual,2020.0,2,fixed_d3,fixed,3.0,base,-0.21132241465508447,-0.22156561679815417,0.4567901234567901,243,-0.0022663069494500356,-0.00034173651087909704,3.006172839506173,3.011010364188504,0.9958847736625515,0.9970831410236483,0.0,6.467944720709142e-06,1501.2586120118751,1503.915368172195,0.9949557235781908,0.9954318609038098
annual,2020.0,2,fixed_d30,fixed,30.0,base,-0.15108049661420672,-0.22408615202251492,0.4156378600823045,243,-0.00048061004731558555,0.010606951412676412,30.01028806584362,30.021124732038786,0.9958847736625515,0.9970831410236483,0.0,9.370206574464162e-05,1503.0560298180476,1514.9363578154957,0.9949557235781908,0.9954318609038098
annual,2020.0,2,fixed_d31,fixed,31.0,base,-0.13859597824382416,-0.20519054451951307,0.4156378600823045,243,0.0012339686887684704,0.010977595966953628,31.008230452674898,31.02128547787606,0.9958847736625515,0.9970831410236483,0.0,9.693730707585682e-05,1504.7818626548765,1515.3094514042095,0.9949557235781908,0.9954318609038098
annual,2020.0,2,fixed_d32,fixed,32.0,base,-0.12183178354418045,-0.16926061663224717,0.41975308641975306,243,0.0034640217866520567,0.01127870983886246,32.00617283950617,32.02141135498818,0.9958847736625515,0.9970831410236483,0.0,0.00010017318501467343,1507.0265533087354,1515.6125579303261,0.9949557235781908,0.9954318609038098
annual,2020.0,2,fixed_d33,fixed,33.0,base,-0.11571276867599255,-0.1088722118163263,0.4444444444444444,243,0.004152622660970671,0.011566129293386095,33.00205761316872,33.02155648058196,0.9958847736625515,0.9970831410236483,0.0,0.00010340906295349004,1507.7196740009256,1515.9018801520492,0.9949557235781908,0.9954318609038098
annual,2020.0,2,fixed_d34,fixed,34.0,base,-0.10871527386858545,-0.08349932322210793,0.4403292181069959,243,0.005354106743669745,0.0119167963174724,34.022633744855966,34.02155717551756,0.9958847736625515,0.9970831410236483,0.0,0.00010664557649954266,1508.929044348993,1516.2548650890294,0.9949557235781908,0.9954318609038098
annual,2020.0,2,fixed_d35,fixed,35.0,base,-0.09668123321231946,-0.06041275573301947,0.4567901234567901,243,0.0071384978267505774,0.012211837075172665,35.02057613168724,35.02161370471392,0.9958847736625515,0.9970831410236483,0.0,0.00010988208954511762,1510.7251477650168,1516.5518586415935,0.9949557235781908,0.9954318609038098
annual,2020.0,2,fixed_d36,fixed,36.0,base,-0.11536777882307384,-0.1244609067218892,0.4444444444444444,243,0.005259805919468209,0.012793448871521285,36.109053497942384,36.02152605283539,0.9958847736625515,0.9970831410236483,0.00205761316872428,0.00011473685961395774,1508.8444333328873,1517.1373123268118,0.9949557235781908,0.9954318609038098
annual,2020.0,2,fixed_d37,fixed,37.0,base,-0.11191646852091103,-0.08836176513731805,0.448559670781893,243,0.006077896426114576,0.013227140990990819,37.10493827160494,37.02160771874868,0.9958847736625515,0.9970831410236483,0.00205761316872428,0.00011959354050892189,1509.6678935975892,1517.5738754339634,0.9949557235781908,0.9954318609038098
annual,2020.0,2,fixed_d38,fixed,38.0,base,-0.11060672703766895,-0.10077344081435267,0.4567901234567901,243,0.006736814010059364,0.013653149146842595,38.123456790123456,38.02166297813769,0.9958847736625515,0.9970831410236483,0.00205761316872428,0.0001244534175016998,1510.3311361651088,1518.002704157739,0.9949557235781908,0.9954318609038098
annual,2020.0,2,fixed_d39,fixed,39.0,base,-0.1114292768925487,-0.05700056728535405,0.48148148148148145,243,0.0065165498032062116,0.013964485536895563,39.11522633744856,39.021717648849744,0.9958847736625515,0.9970831410236483,0.00205761316872428,0.00012931585702264807,1510.109426194628,1518.3161084494393,0.9949557235781908,0.9954318609038098
annual,2020.0,2,fixed_d4,fixed,4.0,base,-0.19172857700092708,-0.314602546405808,0.4279835390946502,243,-0.0019376139607167084,8.86847914574376e-05,4.004115226337449,4.012568405274392,0.9958847736625515,0.9970831410236483,0.0,9.700019480830906e-06,1501.589462465837,1504.3486308539382,0.9949557235781908,0.9954318609038098
annual,2020.0,2,fixed_d40,fixed,40.0,base,-0.10838652229420959,-0.015743887302602434,0.4897119341563786,243,0.00711986953336096,0.014225680469096995,40.13374485596708,40.02172493704387,0.9958847736625515,0.9970831410236483,0.00205761316872428,0.00013418340600735188,1510.7167059768235,1518.5790421918825,0.9949557235781908,0.9954318609038098
annual,2020.0,2,fixed_d41,fixed,41.0,base,-0.1060844498649958,-0.018287039219769128,0.4897119341563786,243,0.0074036885736294975,0.014455383234408573,41.11934156378601,41.02176288103864,0.9958847736625515,0.9970831410236483,0.00205761316872428,0.00013905161424585446,1511.00238794004,1518.8102770633936,0.9949557235781908,0.9954318609038098
annual,2020.0,2,fixed_d42,fixed,42.0,base,-0.10932070741590204,-0.02025388212579183,0.48559670781893005,243,0.007611557480059444,0.014740206556273552,42.13374485596708,42.021731622078796,0.9958847736625515,0.9970831410236483,0.00205761316872428,0.00014553552952515768,1511.211621250194,1519.0970023849202,0.9949557235781908,0.9954318609038098
annual,2020.0,2,fixed_d43,fixed,43.0,base,-0.10714168886671774,-0.033078748435152905,0.4732510288065844,243,0.007984367253966819,0.01492904605877638,43.12139917695473,43.02168265321192,0.9958847736625515,0.9970831410236483,0.00205761316872428,0.00015202074622536877,1511.5868780617707,1519.2871138778758,0.9949557235781908,0.9954318609038098
annual,2020.0,2,fixed_d44,fixed,44.0,base,-0.11446945240330104,-0.05282702703141084,0.4691358024691358,243,0.006853139462254259,0.015232400889933141,44.11934156378601,44.021614887824036,0.9958847736625515,0.9970831410236483,0.00205761316872428,0.0001585040349459083,1510.4482251508362,1519.5924923421226,0.9949557235781908,0.9954318609038098
annual,2020.0,2,fixed_d45,fixed,45.0,base,-0.10938600780405436,-0.03494345271563868,0.4732510288065844,243,0.00801764968339035,0.015652018056931734,45.10288065843621,45.02148842108996,0.9958847736625515,0.9970831410236483,0.00205761316872428,0.00016498734076422295,1511.6203789494111,1520.0148962615478,0.9949557235781908,0.9954318609038098
annual,2020.0,2,fixed_d46,fixed,46.0,base,-0.10629594750145355,-0.05069968350781033,0.48148148148148145,243,0.009118677384571268,0.016098465473618807,46.09670781893004,46.021402103182254,0.9958847736625515,0.9970831410236483,0.00205761316872428,0.0001730844422427162,1512.7286335433614,1520.4643146234762,0.9949557235781908,0.9954318609038098
annual,2020.0,2,fixed_d47,fixed,47.0,base,-0.1028020300459724,-0.034055631909316555,0.4732510288065844,243,0.010191594521976724,0.01671121529271602,47.12551440329218,47.02117718497317,0.9958847736625515,0.9970831410236483,0.00205761316872428,0.00018118025941648878,1513.808593062257,1521.0811269521266,0.9949557235781908,0.9954318609038098
annual,2020.0,2,fixed_d48,fixed,48.0,base,-0.1144534292713808,-0.046883643581435805,0.4691358024691358,243,0.008631554755492385,0.017314715512818626,48.11522633744856,48.02107428681115,0.9958847736625515,0.9970831410236483,0.00205761316872428,0.0001892747932995994,1512.238313553306,1521.6886289631107,0.9949557235781908,0.9954318609038098
annual,2020.0,2,fixed_d49,fixed,49.0,base,-0.11639023735485787,-0.09240935038409141,0.448559670781893,243,0.008458381816555652,0.01799833630307036,49.1275720164609,49.02098231886171,0.9958847736625515,0.9970831410236483,0.00205761316872428,0.0001973693266762814,1512.0640039470002,1522.3767774372493,0.9949557235781908,0.9954318609038098
annual,2020.0,2,fixed_d5,fixed,5.0,base,-0.3191908600537406,-0.5093472991320764,0.4074074074074074,243,-0.0045530863524773325,0.0005493506681196535,5.010288065843621,5.013910277985974,0.9958847736625515,0.9970831410236483,0.0,1.2930830487227848e-05,1498.9568227144407,1504.8123366221098,0.9949557235781908,0.9954318609038098
annual,2020.0,2,fixed_d50,fixed,50.0,base,-0.12158459406424527,-0.10944584232287739,0.4279835390946502,243,0.007635293195426388,0.01862833267738298,50.13374485596708,50.02088245708075,0.9958847736625515,0.9970831410236483,0.00205761316872428,0.00020546386055939208,1511.2355127613416,1523.0109495171102,0.9949557235781908,0.9954318609038098
annual,2020.0,2,fixed_d51,fixed,51.0,base,-0.11632944432095739,-0.09470724790489356,0.448559670781893,243,0.00930963541031015,0.019265014096990957,51.117283950617285,51.02072028578957,0.9958847736625515,0.9970831410236483,0.00205761316872428,0.00021355326997022744,1512.9208449736907,1523.651850495693,0.9949557235781908,0.9954318609038098
annual,2020.0,2,fixed_d52,fixed,52.0,base,-0.1204643677590361,-0.11294691245125012,0.448559670781893,243,0.0090369593333248,0.020000464296435823,52.1275720164609,52.020494145360274,0.9958847736625515,0.9970831410236483,0.00205761316872428,0.0002216407830873101,1512.6463791136075,1524.392168540182,0.9949557235781908,0.9954318609038098
annual,2020.0,2,fixed_d53,fixed,53.0,base,-0.11498071896691578,-0.11187747288299776,0.43621399176954734,243,0.010768079274591627,0.02065166369211218,53.11316872427984,53.02031599196673,0.9958847736625515,0.9970831410236483,0.00205761316872428,0.0002281036434523648,1514.3888617282887,1525.047674638374,0.9949557235781908,0.9954318609038098
annual,2020.0,2,fixed_d54,fixed,54.0,base,-0.11129225239413625,-0.09128920482281054,0.4403292181069959,243,0.01174428029036531,0.021193889150472583,54.12551440329218,54.02011972143498,0.9958847736625515,0.9970831410236483,0.00205761316872428,0.0002345671384266462,1515.3714703031585,1525.5934915225514,0.9949557235781908,0.9954318609038098
annual,2020.0,2,fixed_d55,fixed,55.0,base,-0.11424231851118155,-0.0961977746377404,0.411522633744856,243,0.011607079145055295,0.02182373203282016,55.111111111111114,55.0198885539708,0.9958847736625515,0.9970831410236483,0.00205761316872428,0.00024104149854324008,1515.233368601065,1526.227500985784,0.9949557235781908,0.9954318609038098
annual,2020.0,2,fixed_d56,fixed,56.0,base,-0.1211644402536376,-0.12953511167506496,0.4279835390946502,243,0.010238114929716694,0.02247616343850011,56.098765432098766,56.01967380371,0.9958847736625515,0.9970831410236483,0.00205761316872428,0.00024751391109143655,1513.8554188192609,1526.8842472284673,0.9949557235781908,0.9954318609038098
annual,2020.0,2,fixed_d57,fixed,57.0,base,-0.12651873064574967,-0.12539437049823182,0.41975308641975306,243,0.00977581538459371,0.02313898165983222,57.10699588477366,57.01940951909637,0.9958847736625515,0.9970831410236483,0.00205761316872428,0.00025398058060857153,1513.390084846181,1527.5514484347004,0.9949557235781908,0.9954318609038098
annual,2020.0,2,fixed_d58,fixed,58.0,base,-0.12434841611990648,-0.13646457075588558,0.4156378600823045,243,0.010836053276284579,0.023797795824823456,58.11522633744856,58.01914444916293,0.9958847736625515,0.9970831410236483,0.00205761316872428,0.00026044598240044885,1514.4572818957042,1528.2146192965354,0.9949557235781908,0.9954318609038098
annual,2020.0,2,fixed_d59,fixed,59.0,base,-0.12072391458455288,-0.13829959158386435,0.42386831275720166,243,0.012731093329386826,0.02451521802353686,59.13991769547325,59.01885892117462,0.9958847736625515,0.9970831410236483,0.00205761316872428,0.0002669101184554649,1516.3647605561591,1528.936782875414,0.9949557235781908,0.9954318609038098
annual,2020.0,2,fixed_d6,fixed,6.0,base,-0.2466746448770161,-0.5067474924650777,0.3950617283950617,243,-0.0033962059625065443,0.00087342953063431,6.004115226337449,6.015085677181049,0.9958847736625515,0.9970831410236483,0.0,1.6164170984210917e-05,1500.121296601392,1505.1385588630394,0.9949557235781908,0.9954318609038098
annual,2020.0,2,fixed_d60,fixed,60.0,base,-0.1346526329973266,-0.18609564588576435,0.41975308641975306,243,0.010002258759310191,0.02518715415861569,60.13168724279836,60.0186120836536,0.9958847736625515,0.9970831410236483,0.00205761316872428,0.0002733729907567561,1513.6180145431606,1529.6131618242594,0.9949557235781908,0.9954318609038098
annual,2020.0,2,fixed_d7,fixed,7.0,base,-0.27831401611166834,-0.47185741715452884,0.37037037037037035,243,-0.004841621706380019,0.0012040948014148036,7.016460905349795,7.016043361146095,0.9958847736625515,0.9970831410236483,0.0,1.9396874873592573e-05,1498.666393480793,1505.471410740716,0.9949557235781908,0.9954318609038098
annual,2020.0,2,fixed_d8,fixed,8.0,base,-0.28287156112665557,-0.5283628944860795,0.3786008230452675,243,-0.005317377796903841,0.0014791818294411,8.010288065843621,8.016821811223247,0.9958847736625515,0.9970831410236483,0.0,2.262957876297423e-05,1498.1875146366374,1505.7483195728266,0.9949557235781908,0.9954318609038098
annual,2020.0,2,fixed_d9,fixed,9.0,base,-0.319394176629883,-0.4821046237216426,0.3333333333333333,243,-0.00708447867112507,0.001733156805182126,9.016460905349794,9.01758287696983,0.9958847736625515,0.9970831410236483,0.0,2.5860384791031523e-05,1496.4088149184308,1506.003977768485,0.9949557235781908,0.9954318609038098
annual,2020.0,2,model_plan,model_plan,,base,-0.35847723517353436,-0.4773576235648128,0.3991769547325103,243,-0.011361437438441936,0.002324630540577907,15.061728395061728,6.406333875516045,0.9958847736625515,0.9970831410236483,0.0,3.078398222762928e-05,1492.103783176787,1506.5993584690812,0.9949557235781908,0.9954318609038098
annual,2020.0,2,rolling_path,rolling,,base,-0.36182887274617637,-0.43383349776985675,0.411522633744856,243,-0.010254341853443816,0.0018382926673528887,13.576131687242798,3.8301430224680053,0.9958847736625515,0.9970831410236483,0.0,3.235240831327484e-06,1493.218145482748,1506.109690364834,0.9949557235781908,0.9954318609038098
annual,2020.0,2,fixed_d10,fixed,10.0,double_slippage,-0.30342528895741583,-0.5497428616237782,0.34156378600823045,243,-0.00845425414778147,0.0006299507208068968,10.01440329218107,10.018201073949847,0.9958847736625515,0.9970831410236483,0.0,2.9091186836428137e-05,2188.9748612871426,2202.2874452779165,0.9949975348955737,0.9954398864084618
annual,2020.0,2,fixed_d11,fixed,11.0,double_slippage,-0.3355263438097266,-0.47227746764630063,0.3374485596707819,243,-0.010431682516361451,0.0010144788986317273,11.018518518518519,11.018722297163519,0.9958847736625515,0.9970831410236483,0.0,3.2323886736119525e-05,2186.289988067163,2202.8095584792495,0.9949975348955737,0.9954398864084618
annual,2020.0,2,fixed_d12,fixed,12.0,double_slippage,-0.304023713822867,-0.45247250529603605,0.39094650205761317,243,-0.009639426202429531,0.001406811281110225,12.018518518518519,12.019130177150295,0.9958847736625515,0.9970831410236483,0.0,3.5555324888639884e-05,2187.365682031321,2203.342267911477,0.9949975348955737,0.9954398864084618
annual,2020.0,2,fixed_d13,fixed,13.0,double_slippage,-0.3207932658790136,-0.4673649545304716,0.37448559670781895,243,-0.01100799515404968,0.0017898388486429916,13.008230452674898,13.019537085723135,0.9958847736625515,0.9970831410236483,0.0,3.878612195572446e-05,2185.5074937974073,2203.86234363458,0.9949975348955737,0.9954398864084618
annual,2020.0,2,fixed_d14,fixed,14.0,double_slippage,-0.3243122008785607,-0.44938348696224756,0.3868312757201646,243,-0.011914839824487456,0.002242910711285548,14.010288065843621,14.019946951154877,0.9958847736625515,0.9970831410236483,0.0,4.201691902280904e-05,2184.2762163417874,2204.4775227025834,0.9949975348955737,0.9954398864084618
annual,2020.0,2,fixed_d15,fixed,15.0,double_slippage,-0.32235779750087545,-0.49344940765146444,0.37448559670781895,243,-0.012115079442885791,0.0026456119858451355,15.008230452674898,15.020341097980154,0.9958847736625515,0.9970831410236483,0.0,4.524644836405253e-05,2184.0043389895845,2205.024310592563,0.9949975348955737,0.9954398864084618
annual,2020.0,2,fixed_d16,fixed,16.0,double_slippage,-0.31060443220345596,-0.535939185214627,0.39094650205761317,243,-0.01186846887152467,0.003094002023668241,16.006172839506174,16.020668373923034,0.9958847736625515,0.9970831410236483,0.0,4.847661082191038e-05,2184.3391769687164,2205.633132862733,0.9949975348955737,0.9954398864084618
annual,2020.0,2,fixed_d17,fixed,17.0,double_slippage,-0.2796383231111487,-0.37276101483538754,0.3786008230452675,243,-0.009803983340861909,0.0038676649221255233,17.004115226337447,17.01781083544684,0.9958847736625515,0.9970831410236483,0.0,5.17061391686649e-05,2187.142252924531,2206.683597621851,0.9949975348955737,0.9954398864084618
annual,2020.0,2,fixed_d18,fixed,18.0,double_slippage,-0.262932576221146,-0.3811298302595746,0.4074074074074074,243,-0.008483377900678803,0.004640712617847972,18.006172839506174,18.018127015887917,0.9958847736625515,0.9970831410236483,0.0,5.4935667515419426e-05,2188.935318219257,2207.7332270832803,0.9949975348955737,0.9954398864084618
annual,2020.0,2,fixed_d19,fixed,19.0,double_slippage,-0.26815751597576365,-0.3042030991943052,0.3991769547325103,243,-0.009470981991147528,0.005244708706304255,19.008230452674898,19.018480125283965,0.9958847736625515,0.9970831410236483,0.0,5.81645627455596e-05,2187.5943888502984,2208.553325024562,0.9949975348955737,0.9954398864084618
annual,2020.0,2,fixed_d2,fixed,2.0,double_slippage,-0.23228560762276643,-0.4639032809016693,0.43209876543209874,243,-0.0037848797405495302,-0.0022944804019315204,2.0082304526748973,2.0093010600698222,0.9958847736625515,0.9970831410236483,0.0,3.235240831327484e-06,2195.314751267099,2198.3166399301804,0.9949975348955737,0.9954398864084618
annual,2020.0,2,fixed_d20,fixed,20.0,double_slippage,-0.23057803748263955,-0.3646887565715865,0.411522633744856,243,-0.006592264425499479,0.005746705706248084,20.002057613168724,20.018822874196804,0.9958847736625515,0.9970831410236483,0.0,6.139345797569976e-05,2191.5029965261574,2209.234932679389,0.9949975348955737,0.9954398864084618
annual,2020.0,2,fixed_d21,fixed,21.0,double_slippage,-0.22464039404366398,-0.3415364780168164,0.411522633744856,243,-0.00643524232635463,0.006265411266962576,21.006172839506174,21.019126770999456,0.9958847736625515,0.9970831410236483,0.0,6.462361993602047e-05,2191.716194857708,2209.939226556701,0.9949975348955737,0.9954398864084618
annual,2020.0,2,fixed_d22,fixed,22.0,double_slippage,-0.2027161834506649,-0.2726477387510229,0.40329218106995884,243,-0.004270282290551888,0.006741328358091549,22.008230452674898,22.019363482110407,0.9958847736625515,0.9970831410236483,0.0,6.785314828277498e-05,2194.6556910815975,2210.585423956678,0.9949975348955737,0.9954398864084618
annual,2020.0,2,fixed_d23,fixed,23.0,double_slippage,-0.2212346857176885,-0.3210292131005534,0.37448559670781895,243,-0.00634549574068699,0.007173410997333277,23.006172839506174,23.01960652140846,0.9958847736625515,0.9970831410236483,0.0,7.108267961299825e-05,2191.8380491854136,2211.1721046895404,0.9949975348955737,0.9954398864084618
annual,2020.0,2,fixed_d24,fixed,24.0,double_slippage,-0.20975213556701902,-0.2341818559980212,0.3991769547325103,243,-0.0058543433529628765,0.007484912631910366,24.032921810699587,24.019898034376343,0.9958847736625515,0.9970831410236483,0.0,7.431220895424176e-05,2192.5049162708065,2211.5950653527275,0.9949975348955737,0.9954398864084618
annual,2020.0,2,fixed_d25,fixed,25.0,double_slippage,-0.18612160767081473,-0.22582012845576807,0.39094650205761317,243,-0.004326507972288642,0.007773033927988835,25.022633744855966,25.020196790523375,0.9958847736625515,0.9970831410236483,0.0,7.754237141209959e-05,2194.579350097735,2211.9862811297635,0.9949975348955737,0.9954398864084618
annual,2020.0,2,fixed_d26,fixed,26.0,double_slippage,-0.17801659367617959,-0.2090219990092634,0.4156378600823045,243,-0.0037444863345947317,0.008092877926514055,26.022633744855966,26.020456787908458,0.9958847736625515,0.9970831410236483,0.0,8.077253386995743e-05,2195.3695958195653,2212.420568724529,0.9949975348955737,0.9954398864084618
annual,2020.0,2,fixed_d27,fixed,27.0,double_slippage,-0.17645601308895884,-0.20084465855483338,0.3991769547325103,243,-0.0038530158908051666,0.00835903522450249,27.022633744855966,27.020658975932857,0.9958847736625515,0.9970831410236483,0.0,8.400269632781529e-05,2195.2222387250313,2212.7819626626497,0.9949975348955737,0.9954398864084618
annual,2020.0,2,fixed_d28,fixed,28.0,double_slippage,-0.15703101989950596,-0.18998297547389484,0.4074074074074074,243,-0.0019926358989711085,0.008562631794148588,28.016460905349795,28.02084883879501,0.9958847736625515,0.9970831410236483,0.0,8.723476111956933e-05,2197.7481883363685,2213.058414153317,0.9949975348955737,0.9954398864084618
annual,2020.0,2,fixed_d29,fixed,29.0,double_slippage,-0.15998326804270968,-0.19464241428514287,0.40329218106995884,243,-0.002375808762882317,0.008867408219894114,29.01028806584362,29.020956037692933,0.9958847736625515,0.9970831410236483,0.0,9.046746052055015e-05,2197.2279315335013,2213.472243612588,0.9949975348955737,0.9954398864084618
annual,2020.0,2,fixed_d3,fixed,3.0,double_slippage,-0.2114326297890272,-0.22213379620437998,0.4567901234567901,243,-0.003654472938914547,-0.001733861573198431,3.006172839506173,3.011010364188504,0.9958847736625515,0.9970831410236483,0.0,6.467944720709142e-06,2195.491812411249,2199.0778419806798,0.9949975348955737,0.9954398864084618
annual,2020.0,2,fixed_d30,fixed,30.0,double_slippage,-0.15110297248969284,-0.22407104621462579,0.4156378600823045,243,-0.001873798550417809,0.009199489022848154,30.01028806584362,30.021124732038786,0.9958847736625515,0.9970831410236483,0.0,9.370206574464162e-05,2197.9095409394426,2213.9231458736936,0.9949975348955737,0.9954398864084618
annual,2020.0,2,fixed_d31,fixed,31.0,double_slippage,-0.13861401847244828,-0.2052929424281701,0.4156378600823045,243,-0.00016065479554589724,0.009569615400203001,31.008230452674898,31.02128547787606,0.9958847736625515,0.9970831410236483,0.0,9.693730707585682e-05,2200.235579071855,2214.4257048985924,0.9949975348955737,0.9954398864084618
annual,2020.0,2,fixed_d32,fixed,32.0,double_slippage,-0.12186154706744176,-0.16933093574932073,0.41975308641975306,243,0.002064610364104514,0.00987027459970925,32.00617283950617,32.02141135498818,0.9958847736625515,0.9970831410236483,0.0,0.00010017318501467343,2203.256955183088,2214.833944168538,0.9949975348955737,0.9954398864084618
annual,2020.0,2,fixed_d33,fixed,33.0,double_slippage,-0.11573849025408668,-0.10880415176347831,0.4403292181069959,243,0.0027533978463432944,0.0101571595805223,33.00205761316872,33.02155648058196,0.9958847736625515,0.9970831410236483,0.0,0.00010340906295349004,2204.1921633022316,2215.2234813547657,0.9949975348955737,0.9954398864084618
annual,2020.0,2,fixed_d34,fixed,34.0,double_slippage,-0.10873867707113054,-0.08424952971443683,0.4403292181069959,243,0.003952300170824865,0.01050738913204396,34.022633744855966,34.02155717551756,0.9958847736625515,0.9970831410236483,0.0,0.00010664557649954266,2205.8199849697685,2215.699025271012,0.9949975348955737,0.9954398864084618
annual,2020.0,2,fixed_d35,fixed,35.0,double_slippage,-0.09668623292835876,-0.06058259192777387,0.4567901234567901,243,0.005735946106301151,0.01080206258221087,35.02057613168724,35.02161370471392,0.9958847736625515,0.9970831410236483,0.0,0.00010988208954511762,2208.2417481457087,2216.099137332881,0.9949975348955737,0.9954398864084618
annual,2020.0,2,fixed_d36,fixed,36.0,double_slippage,-0.1153626122266115,-0.12484879222288219,0.4444444444444444,243,0.0038596003151655824,0.011382835016662742,36.109053497942384,36.02152605283539,0.9958847736625515,0.9970831410236483,0.00205761316872428,0.00011473685961395774,2205.704436813372,2216.8877112762334,0.9949975348955737,0.9954398864084618
annual,2020.0,2,fixed_d37,fixed,37.0,double_slippage,-0.11191262749471903,-0.08851646735407329,0.448559670781893,243,0.0046763584998540456,0.01181588614687077,37.10493827160494,37.02160771874868,0.9958847736625515,0.9970831410236483,0.00205761316872428,0.00011959354050892189,2206.813398438541,2217.4757151452695,0.9949975348955737,0.9954398864084618
annual,2020.0,2,fixed_d38,fixed,38.0,double_slippage,-0.11060505505089936,-0.10077223194760765,0.4567901234567901,243,0.0053335012132343426,0.012241345257292152,38.123456790123456,38.02166297813769,0.9958847736625515,0.9970831410236483,0.00205761316872428,0.0001244534175016998,2207.7056405550643,2218.0534108892434,0.9949975348955737,0.9954398864084618
annual,2020.0,2,fixed_d39,fixed,39.0,double_slippage,-0.11144383533740393,-0.05577696066066844,0.48148148148148145,243,0.005112221635227482,0.012552218054139424,39.11522633744856,39.021717648849744,0.9958847736625515,0.9970831410236483,0.00205761316872428,0.00012931585702264807,2207.405195986473,2218.475525928411,0.9949975348955737,0.9954398864084618
annual,2020.0,2,fixed_d4,fixed,4.0,double_slippage,-0.19185384356497595,-0.31433751250228986,0.4279835390946502,243,-0.003326141527470519,-0.0013039986725992278,4.004115226337449,4.012568405274392,0.9958847736625515,0.9970831410236483,0.0,9.700019480830906e-06,2195.937607681443,2199.6615088538665,0.9949975348955737,0.9954398864084618
annual,2020.0,2,fixed_d40,fixed,40.0,double_slippage,-0.10839064430319229,-0.015255098132570135,0.4897119341563786,243,0.005715820543857059,0.01281293276647353,40.13374485596708,40.02172493704387,0.9958847736625515,0.9970831410236483,0.00205761316872428,0.00013418340600735188,2208.2247384645416,2218.829538350382,0.9949975348955737,0.9954398864084618
annual,2020.0,2,fixed_d41,fixed,41.0,double_slippage,-0.10610074120474704,-0.017696218839855046,0.4897119341563786,243,0.005997437981071389,0.01304218543910157,41.11934156378601,41.02176288103864,0.9958847736625515,0.9970831410236483,0.00205761316872428,0.00013905161424585446,2208.60710736724,2219.140832875383,0.9949975348955737,0.9954398864084618
annual,2020.0,2,fixed_d42,fixed,42.0,double_slippage,-0.1093345094358089,-0.02031376240512092,0.48559670781893005,243,0.006204582603459309,0.013326588398654686,42.13374485596708,42.021731622078796,0.9958847736625515,0.9970831410236483,0.00205761316872428,0.00014553552952515768,2208.8883600579306,2219.5270163566133,0.9949975348955737,0.9954398864084618
annual,2020.0,2,fixed_d43,fixed,43.0,double_slippage,-0.10716065387466181,-0.033153010027249005,0.4732510288065844,243,0.006576281682069175,0.013515151419750468,43.12139917695473,43.02168265321192,0.9958847736625515,0.9970831410236483,0.00205761316872428,0.00015202074622536877,2209.393038213613,2219.7830722057356,0.9949975348955737,0.9954398864084618
annual,2020.0,2,fixed_d44,fixed,44.0,double_slippage,-0.11449427062723451,-0.05197993453274444,0.4691358024691358,243,0.0054456082654985374,0.013818112516896158,44.11934156378601,44.021614887824036,0.9958847736625515,0.9970831410236483,0.00205761316872428,0.0001585040349459083,2207.857855030785,2220.1944531814574,0.9949975348955737,0.9954398864084618
annual,2020.0,2,fixed_d45,fixed,45.0,double_slippage,-0.10942097193275824,-0.03491395171610156,0.4732510288065844,243,0.006607587254966888,0.014237140117452675,45.10288065843621,45.02148842108996,0.9958847736625515,0.9970831410236483,0.00205761316872428,0.00016498734076422295,2209.435543669511,2220.7634246175285,0.9949975348955737,0.9954398864084618
annual,2020.0,2,fixed_d46,fixed,46.0,double_slippage,-0.10632502630462833,-0.05046605688660649,0.48148148148148145,243,0.007708274623958428,0.014682932223228962,46.09670781893004,46.021402103182254,0.9958847736625515,0.9970831410236483,0.00205761316872428,0.0001730844422427162,2210.9300129951944,2221.3687439201562,0.9949975348955737,0.9954398864084618
annual,2020.0,2,fixed_d47,fixed,47.0,double_slippage,-0.10282307202850813,-0.030958579317742513,0.4732510288065844,243,0.008779845100926123,0.015294799628125483,47.12551440329218,47.02117718497317,0.9958847736625515,0.9970831410236483,0.00205761316872428,0.00018118025941648878,2212.3849485684077,2222.1995536210516,0.9949975348955737,0.9954398864084618
annual,2020.0,2,fixed_d48,fixed,48.0,double_slippage,-0.11448202165399554,-0.04754831535878068,0.4691358024691358,243,0.007220344076253535,0.015897554361691754,48.11522633744856,48.02107428681115,0.9958847736625515,0.9970831410236483,0.00205761316872428,0.0001892747932995994,2210.2675203954304,2223.017990494526,0.9949975348955737,0.9954398864084618
annual,2020.0,2,fixed_d49,fixed,49.0,double_slippage,-0.11639963641959784,-0.09204818104025535,0.448559670781893,243,0.007050460797491784,0.016580268614228903,49.1275720164609,49.02098231886171,0.9958847736625515,0.9970831410236483,0.00205761316872428,0.0001973693266762814,2210.036859668137,2223.944993207641,0.9949975348955737,0.9954398864084618
annual,2020.0,2,fixed_d5,fixed,5.0,double_slippage,-0.31932221544702794,-0.5093475138194333,0.4074074074074074,243,-0.005940044467442385,-0.0008438198725315485,5.010288065843621,5.013910277985974,0.9958847736625515,0.9970831410236483,0.0,1.2930830487227848e-05,2192.388554722221,2200.28633743758,0.9949975348955737,0.9954398864084618
annual,2020.0,2,fixed_d50,fixed,50.0,double_slippage,-0.12159550584857275,-0.1095334590203266,0.4279835390946502,243,0.006228145734445276,0.017209427613731714,50.13374485596708,50.02088245708075,0.9958847736625515,0.9970831410236483,0.00205761316872428,0.00020546386055939208,2208.92035313559,2224.799280738279,0.9949975348955737,0.9954398864084618
annual,2020.0,2,fixed_d51,fixed,51.0,double_slippage,-0.11633024544577406,-0.0944349755403297,0.448559670781893,243,0.007901971742187907,0.017845193276299676,51.117283950617285,51.02072028578957,0.9958847736625515,0.9970831410236483,0.00205761316872428,0.00021355326997022744,2211.193007202104,2225.6625385063294,0.9949975348955737,0.9954398864084618
annual,2020.0,2,fixed_d52,fixed,52.0,double_slippage,-0.12047146082747358,-0.11292462740194775,0.4444444444444444,243,0.00762811590937531,0.018579472257908375,52.1275720164609,52.020494145360274,0.9958847736625515,0.9970831410236483,0.00205761316872428,0.0002216407830873101,2210.8211766957065,2226.659553712833,0.9949975348955737,0.9954398864084618
annual,2020.0,2,fixed_d53,fixed,53.0,double_slippage,-0.11499219601672808,-0.10897143210367118,0.43621399176954734,243,0.009356960260393132,0.019229754300171577,53.11316872427984,53.02031599196673,0.9958847736625515,0.9970831410236483,0.00205761316872428,0.0002281036434523648,2213.1685324701666,2227.5425130863227,0.9949975348955737,0.9954398864084618
annual,2020.0,2,fixed_d54,fixed,54.0,double_slippage,-0.11130624543470982,-0.0914839018476111,0.4403292181069959,243,0.010330786575445767,0.019771195589292065,54.12551440329218,54.02011972143498,0.9958847736625515,0.9970831410236483,0.00205761316872428,0.0002345671384266462,2214.4907549262302,2228.2776928377,0.9949975348955737,0.9954398864084618
annual,2020.0,2,fixed_d55,fixed,55.0,double_slippage,-0.11425845187844669,-0.09601980471773269,0.411522633744856,243,0.010193669226762769,0.020400226375151872,55.111111111111114,55.0198885539708,0.9958847736625515,0.9970831410236483,0.00205761316872428,0.00024104149854324008,2214.304582469456,2229.13179816211,0.9949975348955737,0.9954398864084618
annual,2020.0,2,fixed_d56,fixed,56.0,double_slippage,-0.12117857186724336,-0.12892976543974435,0.43209876543209874,243,0.008826657147769328,0.021051708240411516,56.098765432098766,56.01967380371,0.9958847736625515,0.9970831410236483,0.00205761316872428,0.00024751391109143655,2212.448508094982,2230.01638665521,0.9949975348955737,0.9954398864084618
annual,2020.0,2,fixed_d57,fixed,57.0,double_slippage,-0.12653953185937827,-0.12353196738991847,0.41975308641975306,243,0.0083628017654546,0.02171356314678971,57.10699588477366,57.01940951909637,0.9958847736625515,0.9970831410236483,0.00205761316872428,0.00025398058060857153,2211.818703792733,2230.915059220237,0.9949975348955737,0.9954398864084618
annual,2020.0,2,fixed_d58,fixed,58.0,double_slippage,-0.12436816767616571,-0.1364129350487049,0.4156378600823045,243,0.009420963145975134,0.02237154776195661,58.11522633744856,58.01914444916293,0.9958847736625515,0.9970831410236483,0.00205761316872428,0.00026044598240044885,2213.2554330306266,2231.8084768521594,0.9949975348955737,0.9954398864084618
annual,2020.0,2,fixed_d59,fixed,59.0,double_slippage,-0.12074581233441788,-0.13855943020621317,0.42386831275720166,243,0.01131252930834742,0.023087945672407937,59.13991769547325,59.01885892117462,0.9958847736625515,0.9970831410236483,0.00205761316872428,0.0002669101184554649,2215.823725978107,2232.781205715853,0.9949975348955737,0.9954398864084618
annual,2020.0,2,fixed_d6,fixed,6.0,double_slippage,-0.246805187849513,-0.5073981686137058,0.3950617283950617,243,-0.004783600989476883,-0.0005202436052216871,6.004115226337449,6.015085677181049,0.9958847736625515,0.9970831410236483,0.0,1.6164170984210917e-05,2193.9587274646287,2200.7256925736915,0.9949975348955737,0.9954398864084618
annual,2020.0,2,fixed_d60,fixed,60.0,double_slippage,-0.13467764616082561,-0.18620714123737175,0.41975308641975306,243,0.00858795789833383,0.023758962536673454,60.13168724279836,60.0186120836536,0.9958847736625515,0.9970831410236483,0.00205761316872428,0.0002733729907567561,2212.1244117926217,2233.692318002146,0.9949975348955737,0.9954398864084618
annual,2020.0,2,fixed_d7,fixed,7.0,double_slippage,-0.2784067599511592,-0.47497912132487813,0.37037037037037035,243,-0.006228545972032882,-0.00018997013105411016,7.016460905349795,7.016043361146095,0.9958847736625515,0.9970831410236483,0.0,1.9396874873592573e-05,2191.9968389079327,2201.1741409064607,0.9949975348955737,0.9954398864084618
annual,2020.0,2,fixed_d8,fixed,8.0,double_slippage,-0.2830251087609871,-0.5285323093067573,0.3786008230452675,243,-0.0067052410667652424,8.459688277356172e-05,8.010288065843621,8.016821811223247,0.9958847736625515,0.9970831410236483,0.0,2.262957876297423e-05,2191.349601357241,2201.5469532334328,0.9949975348955737,0.9954398864084618
annual,2020.0,2,fixed_d9,fixed,9.0,double_slippage,-0.3195241259823175,-0.4827205682813082,0.3333333333333333,243,-0.008470324326873621,0.0003382886736761905,9.016460905349794,9.01758287696983,0.9958847736625515,0.9970831410236483,0.0,2.5860384791031523e-05,2188.9530418401446,2201.8914220073852,0.9949975348955737,0.9954398864084618
annual,2020.0,2,model_plan,model_plan,,double_slippage,-0.3222273691195966,-0.44122049192736396,0.411522633744856,243,-0.012744537477722404,0.0009285091485363954,15.061728395061728,6.406333875516045,0.9958847736625515,0.9970831410236483,0.0,3.078398222762928e-05,2183.149686023295,2202.692824467527,0.9949975348955737,0.9954398864084618
annual,2020.0,2,rolling_path,rolling,,double_slippage,-0.2936075609736898,-0.356471173088549,0.42386831275720166,243,-0.011637417104818054,0.00044302995604988526,13.576131687242798,3.8301430224680053,0.9958847736625515,0.9970831410236483,0.0,3.235240831327484e-06,2184.652889824625,2202.033522102171,0.9949975348955737,0.9954398864084618
annual,2020.0,3,fixed_d10,fixed,10.0,base,-0.28228024367258625,-0.3646255924662803,0.39094650205761317,243,-0.007054766441644812,0.002021462883276688,10.013717421124827,10.018201073949847,0.9972565157750344,0.9970831410236483,0.0,2.9091186836428137e-05,998.5661775985236,1003.3799929555597,0.9958891402099305,0.994621705916457
annual,2020.0,3,fixed_d11,fixed,11.0,base,-0.2932015499956901,-0.2914132907642611,0.3786008230452675,243,-0.008119166307437581,0.002405884182323708,11.016460905349794,11.018722297163519,0.9972565157750344,0.9970831410236483,0.0,3.2323886736119525e-05,997.8519200372765,1003.6379721863306,0.9958891402099305,0.994621705916457
annual,2020.0,3,fixed_d12,fixed,12.0,base,-0.2650674845117387,-0.3235561236649384,0.3786008230452675,243,-0.007414896685754391,0.0027981409523857264,12.016460905349794,12.019130177150295,0.9972565157750344,0.9970831410236483,0.0,3.5555324888639884e-05,998.3245148943498,1003.9012093449439,0.9958891402099305,0.994621705916457
annual,2020.0,3,fixed_d13,fixed,13.0,base,-0.27484944115027926,-0.30113285174944704,0.4074074074074074,243,-0.00828723933304215,0.0031809865734581987,13.006858710562415,13.019537085723135,0.9972565157750344,0.9970831410236483,0.0,3.878612195572446e-05,997.739135891734,1004.158131219273,0.9958891402099305,0.994621705916457
annual,2020.0,3,fixed_d14,fixed,14.0,base,-0.25974296522676815,-0.23202131289128436,0.411522633744856,243,-0.007958743387800208,0.003633988212109699,14.00960219478738,14.019946951154877,0.9972565157750344,0.9970831410236483,0.0,4.201691902280904e-05,997.9595706364835,1004.4621307639711,0.9958891402099305,0.994621705916457
annual,2020.0,3,fixed_d15,fixed,15.0,base,-0.25495118065278877,-0.3356302123996699,0.40329218106995884,243,-0.007952584504457119,0.004036685199114838,15.008230452674898,15.020341097980154,0.9972565157750344,0.9970831410236483,0.0,4.524644836405253e-05,997.963703509042,1004.7323737424397,0.9958891402099305,0.994621705916457
annual,2020.0,3,fixed_d16,fixed,16.0,base,-0.2407367746266321,-0.3269426206886961,0.3991769547325103,243,-0.007344303907913808,0.004485133878702535,16.01371742112483,16.020668373923034,0.9972565157750344,0.9970831410236483,0.0,4.847661082191038e-05,998.3718856494232,1005.0333180548646,0.9958891402099305,0.994621705916457
annual,2020.0,3,fixed_d17,fixed,17.0,base,-0.22170379581363373,-0.25117064267704076,0.4156378600823045,243,-0.005920923767646205,0.005258974452851744,17.023319615912207,17.01781083544684,0.9972565157750344,0.9970831410236483,0.0,5.17061391686649e-05,999.3270342363279,1005.5526141588921,0.9958891402099305,0.994621705916457
annual,2020.0,3,fixed_d18,fixed,18.0,base,-0.22473226334120053,-0.25967735211266424,0.3868312757201646,243,-0.0059782516721158556,0.006032089053048777,18.01920438957476,18.018127015887917,0.9972565157750344,0.9970831410236483,0.0,5.4935667515419426e-05,999.2885647752229,1006.0714231035339,0.9958891402099305,0.994621705916457
annual,2020.0,3,fixed_d19,fixed,19.0,base,-0.23656458382076206,-0.29990017473385194,0.38271604938271603,243,-0.007015625275162014,0.006636268730338676,19.017832647462278,19.018480125283965,0.9972565157750344,0.9970831410236483,0.0,5.81645627455596e-05,998.5924429852587,1006.4768695297286,0.9958891402099305,0.994621705916457
annual,2020.0,3,fixed_d2,fixed,2.0,base,0.03784141119400191,-0.10427833449049015,0.48148148148148145,243,-0.00033560361887301915,-0.0009021951717910916,2.006858710562414,2.0093010600698222,0.9972565157750344,0.9970831410236483,0.0,3.235240831327484e-06,1003.0750215073239,1001.4179645658633,0.9958891402099305,0.994621705916457
annual,2020.0,3,fixed_d20,fixed,20.0,base,-0.2094595930741199,-0.22370725983857542,0.3868312757201646,243,-0.005161732337602758,0.00713821561418899,20.012345679012345,20.018822874196804,0.9972565157750344,0.9970831410236483,0.0,6.139345797569976e-05,999.8364839617258,1006.8137134052575,0.9958891402099305,0.994621705916457
annual,2020.0,3,fixed_d21,fixed,21.0,base,-0.20934773472672935,-0.25740763732367605,0.37037037037037035,243,-0.00538538958286379,0.007657146024371659,21.01440329218107,21.019126770999456,0.9972565157750344,0.9970831410236483,0.0,6.462361993602047e-05,999.6864004417167,1007.1619539553301,0.9958891402099305,0.994621705916457
annual,2020.0,3,fixed_d22,fixed,22.0,base,-0.18377925521107508,-0.23539196719868638,0.3868312757201646,243,-0.0033219455325317494,0.008132982749679751,22.012345679012345,22.019363482110407,0.9972565157750344,0.9970831410236483,0.0,6.785314828277498e-05,1001.0710591235935,1007.4812768076167,0.9958891402099305,0.994621705916457
annual,2020.0,3,fixed_d23,fixed,23.0,base,-0.20341420780134062,-0.21623181220503923,0.37037037037037035,243,-0.005466593099519111,0.008564787992580978,23.012345679012345,23.01960652140846,0.9972565157750344,0.9970831410236483,0.0,7.108267961299825e-05,999.6319094298007,1007.7710526632933,0.9958891402099305,0.994621705916457
annual,2020.0,3,fixed_d24,fixed,24.0,base,-0.19260716298973876,-0.25964890869512264,0.38271604938271603,243,-0.004830649745889402,0.008876239031314988,24.02880658436214,24.019898034376343,0.9972565157750344,0.9970831410236483,0.0,7.431220895424176e-05,1000.0586544562258,1007.9800657312927,0.9958891402099305,0.994621705916457
annual,2020.0,3,fixed_d25,fixed,25.0,base,-0.17547027388977604,-0.21842458822930216,0.40329218106995884,243,-0.0038807510436843352,0.009164451917243348,25.035665294924552,25.020196790523375,0.9972565157750344,0.9970831410236483,0.0,7.754237141209959e-05,1000.6960768688658,1008.1734850139976,0.9958891402099305,0.994621705916457
annual,2020.0,3,fixed_d26,fixed,26.0,base,-0.1642493831591278,-0.21088309734431843,0.40329218106995884,243,-0.003057359657173413,0.009484185605130419,26.0315500685871,26.020456787908458,0.9972565157750344,0.9970831410236483,0.0,8.077253386995743e-05,1001.2486074944152,1008.3880560948745,0.9958891402099305,0.994621705916457
annual,2020.0,3,fixed_d27,fixed,27.0,base,-0.1574098838815435,-0.20536264354353848,0.42386831275720166,243,-0.0024455410901907788,0.009750201874400342,27.027434842249654,27.020658975932857,0.9972565157750344,0.9970831410236483,0.0,8.400269632781529e-05,1001.6591637633715,1008.5665805041472,0.9958891402099305,0.994621705916457
annual,2020.0,3,fixed_d28,fixed,28.0,base,-0.1359827005245564,-0.16572548952734115,0.3868312757201646,243,-0.0002552025691548285,0.00995343081324414,28.023319615912207,28.02084883879501,0.9972565157750344,0.9970831410236483,0.0,8.723476111956933e-05,1003.1289740298105,1008.7029719549292,0.9958891402099305,0.994621705916457
annual,2020.0,3,fixed_d29,fixed,29.0,base,-0.13704277713330673,-0.1428131884414862,0.39094650205761317,243,-0.0005112434075795273,0.010257912281186377,29.017832647462274,29.020956037692933,0.9972565157750344,0.9970831410236483,0.0,9.046746052055015e-05,1002.9571597420517,1008.9073081605089,0.9958891402099305,0.994621705916457
annual,2020.0,3,fixed_d3,fixed,3.0,base,0.003550881682303698,-0.10743127076075643,0.48148148148148145,243,0.0001598543043086431,-0.000341252508478742,3.006858710562414,3.011010364188504,0.9972565157750344,0.9970831410236483,0.0,6.467944720709142e-06,1003.4074948374002,1001.7943971366064,0.9958891402099305,0.994621705916457
annual,2020.0,3,fixed_d30,fixed,30.0,base,-0.12420767322256719,-0.12697765237198316,0.3868312757201646,243,0.0008477945134942504,0.010589882172528367,30.013717421124827,30.021124732038786,0.9972565157750344,0.9970831410236483,0.0,9.370206574464162e-05,1003.8691319644666,1009.1300902763659,0.9958891402099305,0.994621705916457
annual,2020.0,3,fixed_d31,fixed,31.0,base,-0.11382973558859728,-0.16308720429440415,0.3950617283950617,243,0.0023210646824694202,0.010960156675487361,31.01097393689986,31.02128547787606,0.9972565157750344,0.9970831410236483,0.0,9.693730707585682e-05,1004.8577588816324,1009.3785764182654,0.9958891402099305,0.994621705916457
annual,2020.0,3,fixed_d32,fixed,32.0,base,-0.09840223511365855,-0.16521070544641234,0.40329218106995884,243,0.0043185237322614384,0.011260878142783228,32.008230452674894,32.02141135498818,0.9972565157750344,0.9970831410236483,0.0,0.00010017318501467343,1006.1981388228968,1009.5803895194858,0.9958891402099305,0.994621705916457
annual,2020.0,3,fixed_d33,fixed,33.0,base,-0.07697493752822333,-0.17091176852474063,0.4074074074074074,243,0.007076128690037125,0.011547532387336933,33.00548696844994,33.02155648058196,0.9972565157750344,0.9970831410236483,0.0,0.00010340906295349004,1008.0486089848358,1009.7727629161999,0.9958891402099305,0.994621705916457
annual,2020.0,3,fixed_d34,fixed,34.0,base,-0.061903869909879485,-0.1432839794213511,0.4156378600823045,243,0.009565340681730202,0.011897804777493557,34.016460905349795,34.02155717551756,0.9972565157750344,0.9970831410236483,0.0,0.00010664557649954266,1009.7189760562254,1010.0078267964243,0.9958891402099305,0.994621705916457
annual,2020.0,3,fixed_d35,fixed,35.0,base,-0.05303483259089586,-0.13807838894309693,0.411522633744856,243,0.011088696970656444,0.012192475391690109,35.01371742112483,35.02161370471392,0.9972565157750344,0.9970831410236483,0.0,0.00010988208954511762,1010.7412128892097,1010.2055795211544,0.9958891402099305,0.994621705916457
annual,2020.0,3,fixed_d36,fixed,36.0,base,-0.06393278730553327,-0.12454158379438492,0.42386831275720166,243,0.010191190682285639,0.01277349912057893,36.07544581618656,36.02152605283539,0.9972565157750344,0.9970831410236483,0.0013717421124828531,0.00011473685961395774,1010.1458205316551,1010.5954954672726,0.9958891402099305,0.994621705916457
annual,2020.0,3,fixed_d37,fixed,37.0,base,-0.06251520040617477,-0.11032886141001848,0.43209876543209874,243,0.010638895926922838,0.013206860766729531,37.071330589849104,37.02160771874868,0.9972565157750344,0.9970831410236483,0.0013717421124828531,0.00011959354050892189,1010.4462497842962,1010.8863238878237,0.9958891402099305,0.994621705916457
annual,2020.0,3,fixed_d38,fixed,38.0,base,-0.05913925669269124,-0.08360010691534092,0.4567901234567901,243,0.011777826027223808,0.013632542155923766,38.08504801097394,38.02166297813769,0.9972565157750344,0.9970831410236483,0.0013717421124828531,0.0001244534175016998,1011.2105203014338,1011.1719985454557,0.9958891402099305,0.994621705916457
annual,2020.0,3,fixed_d39,fixed,39.0,base,-0.05940722647487083,-0.07342270191575831,0.43209876543209874,243,0.01172781547340613,0.013943702409419818,39.093278463648836,39.021717648849744,0.9972565157750344,0.9970831410236483,0.0013717421124828531,0.00012931585702264807,1011.1769610937015,1011.3808246651852,0.9958891402099305,0.994621705916457
annual,2020.0,3,fixed_d4,fixed,4.0,base,-0.017290761498546123,-0.12923996812826885,0.45267489711934156,243,0.0006075835249811265,8.849462423557498e-05,4.004115226337449,4.012568405274392,0.9972565157750344,0.9970831410236483,0.0,9.700019480830906e-06,1003.7079401789798,1002.082791925593,0.9958891402099305,0.994621705916457
annual,2020.0,3,fixed_d40,fixed,40.0,base,-0.05294181181095077,-0.0434086976603106,0.46502057613168724,243,0.013211297791525039,0.0142044628012232,40.10288065843621,40.02172493704387,0.9972565157750344,0.9970831410236483,0.0013717421124828531,0.00013418340600735188,1012.1724407970946,1011.5558303606463,0.9958891402099305,0.994621705916457
annual,2020.0,3,fixed_d41,fixed,41.0,base,-0.0507089420367066,-0.035322457391974045,0.4732510288065844,243,0.013812418362452297,0.014434085373708888,41.10836762688614,41.02176288103864,0.9972565157750344,0.9970831410236483,0.0013717421124828531,0.00013905161424585446,1012.5758182558903,1011.7099412588722,0.9958891402099305,0.994621705916457
annual,2020.0,3,fixed_d42,fixed,42.0,base,-0.050112109204044866,-0.06266414425738635,0.4732510288065844,243,0.01450784400265975,0.014718720063162756,42.111111111111114,42.021731622078796,0.9972565157750344,0.9970831410236483,0.0013717421124828531,0.00014553552952515768,1013.0424784254051,1011.9009757211365,0.9958891402099305,0.994621705916457
annual,2020.0,3,fixed_d43,fixed,43.0,base,-0.04640334466913089,-0.03631655569848275,0.46502057613168724,243,0.015267361098275868,0.014907200077154409,43.104252400548695,43.02168265321192,0.9972565157750344,0.9970831410236483,0.0013717421124828531,0.00015202074622536877,1013.5521466862477,1012.0274863148201,0.9958891402099305,0.994621705916457
annual,2020.0,3,fixed_d44,fixed,44.0,base,-0.055356854666973,-0.06338838275182576,0.4691358024691358,243,0.014173547505911602,0.015210234590506634,44.096021947873794,44.021614887824036,0.9972565157750344,0.9970831410236483,0.0013717421124828531,0.0001585040349459083,1012.8181512639944,1012.2308678380209,0.9958891402099305,0.994621705916457
annual,2020.0,3,fixed_d45,fixed,45.0,base,-0.05448280378199592,-0.052214836042002465,0.46502057613168724,243,0.01459257840588685,0.015629430208123962,45.08504801097394,45.02148842108996,0.9972565157750344,0.9970831410236483,0.0013717421124828531,0.00016498734076422295,1013.0993388123215,1012.5121984006772,0.9958891402099305,0.994621705916457
annual,2020.0,3,fixed_d46,fixed,46.0,base,-0.05866553068367394,-0.050647811985987494,0.448559670781893,243,0.014238371566015439,0.016075569129279925,46.07818930041152,46.021402103182254,0.9972565157750344,0.9970831410236483,0.0013717421124828531,0.0001730844422427162,1012.861650964217,1012.8116171506829,0.9958891402099305,0.994621705916457
annual,2020.0,3,fixed_d47,fixed,47.0,base,-0.058746053417067,-0.08407465106206943,0.4444444444444444,243,0.014945071055464939,0.016688019422253248,47.09465020576132,47.02117718497317,0.9972565157750344,0.9970831410236483,0.0013717421124828531,0.00018118025941648878,1013.3358763658637,1013.2226378952117,0.9958891402099305,0.994621705916457
annual,2020.0,3,fixed_d48,fixed,48.0,base,-0.05991985450790899,-0.09604932961113868,0.4609053497942387,243,0.015564478199198685,0.0172909839292443,48.08230452674897,48.02107428681115,0.9972565157750344,0.9970831410236483,0.0013717421124828531,0.0001892747932995994,1013.7515248924368,1013.6272932676437,0.9958891402099305,0.994621705916457
annual,2020.0,3,fixed_d49,fixed,49.0,base,-0.062248907960814344,-0.08432296948274665,0.4567901234567901,243,0.015677068459326444,0.017973956099128982,49.08916323731138,49.02098231886171,0.9972565157750344,0.9970831410236483,0.0013717421124828531,0.0001973693266762814,1013.827077743582,1014.0856371832758,0.9958891402099305,0.994621705916457
annual,2020.0,3,fixed_d5,fixed,5.0,base,-0.12953276866058816,-0.23769571038210788,0.41975308641975306,243,-0.001175067375894183,0.0005486877919081933,5.009602194787379,5.013910277985974,0.9972565157750344,0.9970831410236483,0.0,1.2930830487227848e-05,1002.5117056378721,1002.3916172920709,0.9958891402099305,0.994621705916457
annual,2020.0,3,fixed_d50,fixed,50.0,base,-0.06635689398301782,-0.09950108824033292,0.4444444444444444,243,0.01535415245261759,0.0186034370800997,50.09190672153635,50.02088245708075,0.9972565157750344,0.9970831410236483,0.0013717421124828531,0.00020546386055939208,1013.6103873748101,1014.5080862370548,0.9958891402099305,0.994621705916457
annual,2020.0,3,fixed_d51,fixed,51.0,base,-0.06727341391007893,-0.07252906105313914,0.45267489711934156,243,0.015898175714886463,0.019239503821322727,51.09190672153635,51.02072028578957,0.9972565157750344,0.9970831410236483,0.0013717421124828531,0.00021355326997022744,1013.9754501120929,1014.9349545902724,0.9958891402099305,0.994621705916457
annual,2020.0,3,fixed_d52,fixed,52.0,base,-0.07341445786823125,-0.0892416078492254,0.4567901234567901,243,0.015534045067659439,0.019974009680513865,52.098765432098766,52.020494145360274,0.9972565157750344,0.9970831410236483,0.0013717421124828531,0.0002216407830873101,1013.7311029673563,1015.4278797671315,0.9958891402099305,0.994621705916457
annual,2020.0,3,fixed_d53,fixed,53.0,base,-0.07202828306635059,-0.06701730779135007,0.4732510288065844,243,0.016731001353802784,0.020624094485052993,53.10288065843621,53.02031599196673,0.9972565157750344,0.9970831410236483,0.0013717421124828531,0.0002281036434523648,1014.5343115220877,1015.8641466876727,0.9958891402099305,0.994621705916457
annual,2020.0,3,fixed_d54,fixed,54.0,base,-0.06794687901888757,-0.0604589070525723,0.46502057613168724,243,0.018175024968489252,0.021165828734407914,54.105624142661185,54.02011972143498,0.9972565157750344,0.9970831410236483,0.0013717421124828531,0.0002345671384266462,1015.5033127579522,1016.2277057825103,0.9958891402099305,0.994621705916457
annual,2020.0,3,fixed_d55,fixed,55.0,base,-0.07014472983634078,-0.08277077135154785,0.448559670781893,243,0.01834420541557914,0.02179533092548296,55.096021947873794,55.0198885539708,0.9972565157750344,0.9970831410236483,0.0013717421124828531,0.00024104149854324008,1015.6168400303932,1016.650160951994,0.9958891402099305,0.994621705916457
annual,2020.0,3,fixed_d56,fixed,56.0,base,-0.07454533044159342,-0.04417789230699596,0.4567901234567901,243,0.018036944317869823,0.02244722434604288,56.08367626886146,56.01967380371,0.9972565157750344,0.9970831410236483,0.0013717421124828531,0.00024751391109143655,1015.4106547711035,1017.0876415786328,0.9958891402099305,0.994621705916457
annual,2020.0,3,fixed_d57,fixed,57.0,base,-0.07953764283942653,-0.08659440887611235,0.4691358024691358,243,0.01765629821336179,0.023109219739585532,57.08504801097394,57.01940951909637,0.9972565157750344,0.9970831410236483,0.0013717421124828531,0.00025398058060857153,1015.1552250524041,1017.5319010298398,0.9958891402099305,0.994621705916457
annual,2020.0,3,fixed_d58,fixed,58.0,base,-0.08088268263617003,-0.07200296983342327,0.46502057613168724,243,0.018052468356234586,0.023767461301039863,58.08916323731138,58.01914444916293,0.9972565157750344,0.9970831410236483,0.0013717421124828531,0.00026044598240044885,1015.4210720608261,1017.9736414937756,0.9958891402099305,0.994621705916457
annual,2020.0,3,fixed_d59,fixed,59.0,base,-0.07767929769688232,-0.0619961669690859,0.448559670781893,243,0.020060167256134995,0.024483915430308405,59.10150891632374,59.01885892117462,0.9972565157750344,0.9970831410236483,0.0013717421124828531,0.0002669101184554649,1016.7683233768452,1018.4544450591899,0.9958891402099305,0.994621705916457
annual,2020.0,3,fixed_d6,fixed,6.0,base,-0.12540819380308615,-0.24179653897536427,0.4444444444444444,243,-0.0009609585781235974,0.0008725580881162831,6.004115226337449,6.015085677181049,0.9972565157750344,0.9970831410236483,0.0,1.6164170984210917e-05,1002.6553817436765,1002.6089642289149,0.9958891402099305,0.994621705916457
annual,2020.0,3,fixed_d60,fixed,60.0,base,-0.08659491068249965,-0.08581079829212925,0.45267489711934156,243,0.018722814641183128,0.025155009968173977,60.09465020576132,60.0186120836536,0.9972565157750344,0.9970831410236483,0.0013717421124828531,0.0002733729907567561,1015.870902916753,1018.904810404049,0.9958891402099305,0.994621705916457
annual,2020.0,3,fixed_d7,fixed,7.0,base,-0.1785121257376117,-0.24623826093171775,0.45267489711934156,243,-0.0025644735650036574,0.0012024982763203193,7.012345679012346,7.016043361146095,0.9972565157750344,0.9970831410236483,0.0,1.9396874873592573e-05,1001.579355016544,1002.8303843181507,0.9958891402099305,0.994621705916457
annual,2020.0,3,fixed_d8,fixed,8.0,base,-0.21023565302009112,-0.256340997685864,0.4403292181069959,243,-0.0035987016611452424,0.0014766877801837457,8.008230452674898,8.016821811223247,0.9972565157750344,0.9970831410236483,0.0,2.262957876297423e-05,1000.8853439954393,1003.0143933280406,0.9958891402099305,0.994621705916457
annual,2020.0,3,fixed_d9,fixed,9.0,base,-0.2663089142230623,-0.4028452541920873,0.4156378600823045,243,-0.005961029766357511,0.001730046311700985,9.016460905349794,9.01758287696983,0.9972565157750344,0.9970831410236483,0.0,2.5860384791031523e-05,999.3001214061484,1003.1844238603815,0.9958891402099305,0.994621705916457
annual,2020.0,3,model_plan,model_plan,,base,-0.28186021523996496,-0.34048161759591294,0.38271604938271603,243,-0.008519212130495687,0.00231891189400639,15.120713305898489,6.406333875516045,0.9972565157750344,0.9970831410236483,0.0,3.078398222762928e-05,997.5834722826816,1003.5796023683558,0.9958891402099305,0.994621705916457
annual,2020.0,3,rolling_path,rolling,,base,-0.2765640873534878,-0.3099704102456828,0.40329218106995884,243,-0.006560439438562362,0.001833444193829611,13.539780521262005,3.8301430224680053,0.9972565157750344,0.9970831410236483,0.0,3.235240831327484e-06,998.8978920331325,1003.2536948816331,0.9958891402099305,0.994621705916457
annual,2020.0,3,fixed_d10,fixed,10.0,double_slippage,-0.28223229958859825,-0.3645100358992127,0.39094650205761317,243,-0.008432885207166825,0.0006273986230332037,10.013717421124827,10.018201073949847,0.9972565157750344,0.9970831410236483,0.0,2.9091186836428137e-05,1460.6318294669802,1466.9321444626712,0.9958765103878447,0.994587152022799
annual,2020.0,3,fixed_d11,fixed,11.0,double_slippage,-0.2931917673168795,-0.2926386395594376,0.3786008230452675,243,-0.009497840467434841,0.001011228970413278,11.016460905349794,11.018722297163519,0.9972565157750344,0.9970831410236483,0.0,3.2323886736119525e-05,1459.6678603360954,1467.279593675162,0.9958765103878447,0.994587152022799
annual,2020.0,3,fixed_d12,fixed,12.0,double_slippage,-0.2650455636923168,-0.3238042196701758,0.3786008230452675,243,-0.008794470483905121,0.0014027928440682703,12.016460905349794,12.019130177150295,0.9972565157750344,0.9970831410236483,0.0,3.5555324888639884e-05,1460.3045321072107,1467.6340430632881,0.9958765103878447,0.994587152022799
annual,2020.0,3,fixed_d13,fixed,13.0,double_slippage,-0.27490152676622476,-0.30137308485145986,0.4074074074074074,243,-0.00966857011897375,0.0017850200014415383,13.006858710562415,13.019537085723135,0.9972565157750344,0.9970831410236483,0.0,3.878612195572446e-05,1459.5133204038084,1467.9800411013546,0.9958765103878447,0.994587152022799
annual,2020.0,3,fixed_d14,fixed,14.0,double_slippage,-0.2597863154290254,-0.23237647424504268,0.411522633744856,243,-0.009340677753358614,0.002237251700316546,14.00960219478738,14.019946951154877,0.9972565157750344,0.9970831410236483,0.0,4.201691902280904e-05,1459.8101198380182,1468.3894053854474,0.9958765103878447,0.994587152022799
annual,2020.0,3,fixed_d15,fixed,15.0,double_slippage,-0.25497983752259445,-0.3394790191026208,0.40329218106995884,243,-0.009333747510974126,0.00263932194759859,15.008230452674898,15.020341097980154,0.9972565157750344,0.9970831410236483,0.0,4.524644836405253e-05,1459.8163929088003,1468.7533648535177,0.9958765103878447,0.994587152022799
annual,2020.0,3,fixed_d16,fixed,16.0,double_slippage,-0.2407293939442853,-0.32626337434930425,0.3991769547325103,243,-0.00872502705116463,0.0030870985018726527,16.01371742112483,16.020668373923034,0.9972565157750344,0.9970831410236483,0.0,4.847661082191038e-05,1460.3673904525351,1469.1586964562227,0.9958765103878447,0.994587152022799
annual,2020.0,3,fixed_d17,fixed,17.0,double_slippage,-0.22167849817200508,-0.24955917356763135,0.4156378600823045,243,-0.007303091317453181,0.003859815672366825,17.023319615912207,17.01781083544684,0.9972565157750344,0.9970831410236483,0.0,5.17061391686649e-05,1461.6544887979205,1469.8581556450408,0.9958765103878447,0.994587152022799
annual,2020.0,3,fixed_d18,fixed,18.0,double_slippage,-0.22470382528599125,-0.25940821219405763,0.3868312757201646,243,-0.007359270962637849,0.004631971300403746,18.01920438957476,18.018127015887917,0.9972565157750344,0.9970831410236483,0.0,5.4935667515419426e-05,1461.60363647974,1470.5571065405866,0.9958765103878447,0.994587152022799
annual,2020.0,3,fixed_d19,fixed,19.0,double_slippage,-0.2364929208019917,-0.29986315516434703,0.38271604938271603,243,-0.008391945144773845,0.005235213591711093,19.017832647462278,19.018480125283965,0.9972565157750344,0.9970831410236483,0.0,5.81645627455596e-05,1460.6688873208038,1471.103161580449,0.9958765103878447,0.994587152022799
annual,2020.0,3,fixed_d2,fixed,2.0,double_slippage,0.03734562090058246,-0.10603418788692917,0.48148148148148145,243,-0.001728594905339172,-0.002292346558188925,2.006858710562414,2.0093010600698222,0.9972565157750344,0.9970831410236483,0.0,3.235240831327484e-06,1466.7003744440028,1464.2891392766753,0.9958765103878447,0.994587152022799
annual,2020.0,3,fixed_d20,fixed,20.0,double_slippage,-0.20940114751436464,-0.22441050102803764,0.3868312757201646,243,-0.006541033512343085,0.005736494033463642,20.012345679012345,20.018822874196804,0.9972565157750344,0.9970831410236483,0.0,6.139345797569976e-05,1462.344283221669,1471.5569234703876,0.9958765103878447,0.994587152022799
annual,2020.0,3,fixed_d21,fixed,21.0,double_slippage,-0.2092740184062012,-0.2584297468321276,0.37037037037037035,243,-0.006763171532866094,0.006254760632757005,21.01440329218107,21.019126770999456,0.9972565157750344,0.9970831410236483,0.0,6.462361993602047e-05,1462.1432098033124,1472.0260607839666,0.9958765103878447,0.994587152022799
annual,2020.0,3,fixed_d22,fixed,22.0,double_slippage,-0.1836712599609236,-0.23603572902449432,0.3868312757201646,243,-0.004699728270668285,0.0067298570244919715,22.012345679012345,22.019363482110407,0.9972565157750344,0.9970831410236483,0.0,6.785314828277498e-05,1464.010983673541,1472.4561215725535,0.9958765103878447,0.994587152022799
annual,2020.0,3,fixed_d23,fixed,23.0,double_slippage,-0.203306043330306,-0.2156440179560622,0.37037037037037035,243,-0.006841100568778399,0.0071610430046477255,23.012345679012345,23.01960652140846,0.9972565157750344,0.9970831410236483,0.0,7.108267961299825e-05,1462.0726705160555,1472.84643582638,0.9958765103878447,0.994587152022799
annual,2020.0,3,fixed_d24,fixed,24.0,double_slippage,-0.19250154047694837,-0.25990016423767437,0.38271604938271603,243,-0.006206460440643952,0.007472014801206384,24.02880658436214,24.019898034376343,0.9972565157750344,0.9970831410236483,0.0,7.431220895424176e-05,1462.6471298530496,1473.1279354037438,0.9958765103878447,0.994587152022799
annual,2020.0,3,fixed_d25,fixed,25.0,double_slippage,-0.17539732722064752,-0.2157166912156785,0.40329218106995884,243,-0.005260686874459079,0.0077598748054718055,25.035665294924552,25.020196790523375,0.9972565157750344,0.9970831410236483,0.0,7.754237141209959e-05,1463.5032188894843,1473.3885148056033,0.9958765103878447,0.994587152022799
annual,2020.0,3,fixed_d26,fixed,26.0,double_slippage,-0.16420782357212865,-0.209314150660281,0.40329218106995884,243,-0.004441024198956938,0.0080791403488612,26.0315500685871,26.020456787908458,0.9972565157750344,0.9970831410236483,0.0,8.077253386995743e-05,1464.2451557073034,1473.677521664825,0.9958765103878447,0.994587152022799
annual,2020.0,3,fixed_d27,fixed,27.0,double_slippage,-0.15737415612323233,-0.2056625381097551,0.42386831275720166,243,-0.0038304878538937734,0.008344667478851757,27.027434842249654,27.020658975932857,0.9972565157750344,0.9970831410236483,0.0,8.400269632781529e-05,1464.7977969419942,1473.9178859438448,0.9958765103878447,0.994587152022799
annual,2020.0,3,fixed_d28,fixed,28.0,double_slippage,-0.13594718002592993,-0.16509026654060766,0.3868312757201646,243,-0.0016428286828415752,0.008547637582981368,28.023319615912207,28.02084883879501,0.9972565157750344,0.9970831410236483,0.0,8.723476111956933e-05,1466.7780077437715,1474.1016252791292,0.9958765103878447,0.994587152022799
annual,2020.0,3,fixed_d29,fixed,29.0,double_slippage,-0.13702041072683158,-0.14326618682838316,0.39094650205761317,243,-0.0018998598320667927,0.00885161049273798,29.017832647462274,29.020956037692933,0.9972565157750344,0.9970831410236483,0.0,9.046746052055015e-05,1466.545349994875,1474.3767896665063,0.9958765103878447,0.994587152022799
annual,2020.0,3,fixed_d3,fixed,3.0,double_slippage,0.0034562923680614577,-0.10782658437676143,0.48148148148148145,243,-0.0012311488210294361,-0.0017322039342168311,3.006858710562414,3.011010364188504,0.9972565157750344,0.9970831410236483,0.0,6.467944720709142e-06,1467.1506493874158,1464.7961816649488,0.9958765103878447,0.994587152022799
annual,2020.0,3,fixed_d30,fixed,30.0,double_slippage,-0.12416555004968993,-0.12743278591999982,0.3868312757201646,243,-0.0005400214588133339,0.009183092005280098,30.013717421124827,30.021124732038786,0.9972565157750344,0.9970831410236483,0.0,9.370206574464162e-05,1467.7762394638644,1474.676854117842,0.9958765103878447,0.994587152022799
annual,2020.0,3,fixed_d31,fixed,31.0,double_slippage,-0.11376041249764532,-0.1635422832084091,0.3950617283950617,243,0.0009346257930325501,0.009552857457551097,31.01097393689986,31.02128547787606,0.9972565157750344,0.9970831410236483,0.0,9.693730707585682e-05,1469.1110508712147,1475.011572174715,0.9958765103878447,0.994587152022799
annual,2020.0,3,fixed_d32,fixed,32.0,double_slippage,-0.09832279854389817,-0.16489897065107478,0.40329218106995884,243,0.0029305953526820804,0.009853110002581926,32.008230452674894,32.02141135498818,0.9972565157750344,0.9970831410236483,0.0,0.00010017318501467343,1470.9177493434156,1475.2833690029893,0.9958765103878447,0.994587152022799
annual,2020.0,3,fixed_d33,fixed,33.0,double_slippage,-0.07690009220852727,-0.1709283849630431,0.4074074074074074,243,0.005684413589293314,0.010139228918443504,33.00548696844994,33.02155648058196,0.9972565157750344,0.9970831410236483,0.0,0.00010340906295349004,1473.4104322486987,1475.5423724466634,0.9958765103878447,0.994587152022799
annual,2020.0,3,fixed_d34,fixed,34.0,double_slippage,-0.0618135500427708,-0.1434243730553437,0.4156378600823045,243,0.00817172185375167,0.010489075965578742,34.016460905349795,34.02155717551756,0.9972565157750344,0.9970831410236483,0.0,0.00010664557649954266,1475.6618774270898,1475.8590609002179,0.9958765103878447,0.994587152022799
annual,2020.0,3,fixed_d35,fixed,35.0,double_slippage,-0.052942262007550846,-0.1380158340800061,0.411522633744856,243,0.009694593825782973,0.010783352863824099,35.01371742112483,35.02161370471392,0.9972565157750344,0.9970831410236483,0.0,0.00010988208954511762,1477.0403405664329,1476.1254487353988,0.9958765103878447,0.994587152022799
annual,2020.0,3,fixed_d36,fixed,36.0,double_slippage,-0.06382753235034345,-0.12496762953567826,0.42386831275720166,243,0.008798615011752282,0.011363521848722153,36.07544581618656,36.02152605283539,0.9972565157750344,0.9970831410236483,0.0013717421124828531,0.00011473685961395774,1476.2362017486305,1476.650626584429,0.9958765103878447,0.994587152022799
annual,2020.0,3,fixed_d37,fixed,37.0,double_slippage,-0.06241315193097879,-0.11084419449692896,0.43209876543209874,243,0.009245489527049502,0.011796181582893181,37.071330589849104,37.02160771874868,0.9972565157750344,0.9970831410236483,0.0013717421124828531,0.00011959354050892189,1476.6407006550141,1477.042282998969,0.9958765103878447,0.994587152022799
annual,2020.0,3,fixed_d38,fixed,38.0,double_slippage,-0.05905669826753974,-0.08365484593897923,0.4567901234567901,243,0.010379727044595569,0.012221255946208492,38.08504801097394,38.02166297813769,0.9972565157750344,0.9970831410236483,0.0013717421124828531,0.0001244534175016998,1477.667382239488,1477.4270733539115,0.9958765103878447,0.994587152022799
annual,2020.0,3,fixed_d39,fixed,39.0,double_slippage,-0.05934711516503498,-0.07088808331834003,0.43209876543209874,243,0.01032717005462985,0.012532049915260657,39.093278463648836,39.021717648849744,0.9972565157750344,0.9970831410236483,0.0013717421124828531,0.00012931585702264807,1477.6198090523037,1477.708420153276,0.9958765103878447,0.994587152022799
annual,2020.0,3,fixed_d4,fixed,4.0,double_slippage,-0.017428489919429996,-0.13007493076683468,0.4567901234567901,243,-0.0007842380341609685,-0.0013030658705334983,4.004115226337449,4.012568405274392,0.9972565157750344,0.9970831410236483,0.0,9.700019480830906e-06,1467.5551811258588,1465.1846422120927,0.9958765103878447,0.994587152022799
annual,2020.0,3,fixed_d40,fixed,40.0,double_slippage,-0.05286371344409194,-0.04092497724084952,0.46502057613168724,243,0.011810938827354109,0.012792278570950203,40.10288065843621,40.02172493704387,0.9972565157750344,0.9970831410236483,0.0013717421124828531,0.00013418340600735188,1478.9628770173545,1477.9439966036757,0.9958765103878447,0.994587152022799
annual,2020.0,3,fixed_d41,fixed,41.0,double_slippage,-0.05063970660154287,-0.034325155916353614,0.4732510288065844,243,0.012409857146367971,0.013021371966822093,41.10836762688614,41.02176288103864,0.9972565157750344,0.9970831410236483,0.0013717421124828531,0.00013905161424585446,1479.5050019243724,1478.1513902496456,0.9958765103878447,0.994587152022799
annual,2020.0,3,fixed_d42,fixed,42.0,double_slippage,-0.05005283670181829,-0.06283488963816183,0.4732510288065844,243,0.013102612278093964,0.013305666210424293,42.111111111111114,42.021731622078796,0.9972565157750344,0.9970831410236483,0.0013717421124828531,0.00014553552952515768,1480.132065414417,1478.4087583328876,0.9958765103878447,0.994587152022799
annual,2020.0,3,fixed_d43,fixed,43.0,double_slippage,-0.04634593186455073,-0.033262062459585386,0.46502057613168724,243,0.013861170514259002,0.013493913579604602,43.104252400548695,43.02168265321192,0.9972565157750344,0.9970831410236483,0.0013717421124828531,0.00015202074622536877,1480.818692121588,1478.5791873506435,0.9958765103878447,0.994587152022799
annual,2020.0,3,fixed_d44,fixed,44.0,double_slippage,-0.05530034265592076,-0.06322905500347807,0.4691358024691358,243,0.012768923422417205,0.01379660372190369,44.096021947873794,44.021614887824036,0.9972565157750344,0.9970831410236483,0.0013717421124828531,0.0001585040349459083,1479.8300191518244,1478.8532069081728,0.9958765103878447,0.994587152022799
annual,2020.0,3,fixed_d45,fixed,45.0,double_slippage,-0.054433926973823925,-0.05238888843399003,0.46502057613168724,243,0.013186097142274051,0.014215282525935458,45.08504801097394,45.02148842108996,0.9972565157750344,0.9970831410236483,0.0013717421124828531,0.00016498734076422295,1480.2076336894124,1479.2322163124172,0.9958765103878447,0.994587152022799
annual,2020.0,3,fixed_d46,fixed,46.0,double_slippage,-0.05861952935912315,-0.051893368728750014,0.448559670781893,243,0.012832819696745516,0.014660637917162697,46.07818930041152,46.021402103182254,0.9972565157750344,0.9970831410236483,0.0013717421124828531,0.0001730844422427162,1479.8878563571323,1479.635380743609,0.9958765103878447,0.994587152022799
annual,2020.0,3,fixed_d47,fixed,47.0,double_slippage,-0.05871027414853859,-0.08405085879709137,0.4444444444444444,243,0.013536959796542925,0.015272216244588384,47.09465020576132,47.02117718497317,0.9972565157750344,0.9970831410236483,0.0013717421124828531,0.00018118025941648878,1480.5252252169769,1480.1890057419826,0.9958765103878447,0.994587152022799
annual,2020.0,3,fixed_d48,fixed,48.0,double_slippage,-0.05990199374050482,-0.09656869882761591,0.4609053497942387,243,0.014153154588646575,0.015874437537319503,48.08230452674897,48.02107428681115,0.9972565157750344,0.9970831410236483,0.0013717421124828531,0.0001892747932995994,1481.0829883271847,1480.7341609953905,0.9958765103878447,0.994587152022799
annual,2020.0,3,fixed_d49,fixed,49.0,double_slippage,-0.06223583426180691,-0.0848523324462697,0.4567901234567901,243,0.014264434758637716,0.016556541204414146,49.08916323731138,49.02098231886171,0.9972565157750344,0.9970831410236483,0.0013717421124828531,0.0001973693266762814,1481.1837161725264,1481.3516236459811,0.9958765103878447,0.994587152022799
annual,2020.0,3,fixed_d5,fixed,5.0,double_slippage,-0.12951362450175705,-0.23943314526366005,0.41975308641975306,243,-0.002563120297472813,-0.0008433393862670073,5.009602194787379,5.013910277985974,0.9972565157750344,0.9970831410236483,0.0,1.2930830487227848e-05,1465.9449842910362,1465.6007905763288,0.9958765103878447,0.994587152022799
annual,2020.0,3,fixed_d50,fixed,50.0,double_slippage,-0.06632641478842152,-0.09986016202665009,0.4444444444444444,243,0.013945196482782182,0.017185158111642354,50.09190672153635,50.02088245708075,0.9972565157750344,0.9970831410236483,0.0013717421124828531,0.00020546386055939208,1480.8947501898197,1481.9206715064456,0.9958765103878447,0.994587152022799
annual,2020.0,3,fixed_d51,fixed,51.0,double_slippage,-0.0672403376264557,-0.07236779912146438,0.45267489711934156,243,0.014488534959769744,0.017820309336507384,51.09190672153635,51.02072028578957,0.9972565157750344,0.9970831410236483,0.0013717421124828531,0.00021355326997022744,1481.3865657044976,1482.4956340314668,0.9958765103878447,0.994587152022799
annual,2020.0,3,fixed_d52,fixed,52.0,double_slippage,-0.07337728758797801,-0.09046662014485331,0.4567901234567901,243,0.01412523395430445,0.01855364539155739,52.098765432098766,52.020494145360274,0.9972565157750344,0.9970831410236483,0.0013717421124828531,0.0002216407830873101,1481.0577153127922,1483.1594708395926,0.9958765103878447,0.994587152022799
annual,2020.0,3,fixed_d53,fixed,53.0,double_slippage,-0.07198214601679435,-0.06717149661650777,0.4732510288065844,243,0.015322279306032435,0.019202766735056057,53.10288065843621,53.02031599196673,0.9972565157750344,0.9970831410236483,0.0013717421124828531,0.0002281036434523648,1482.14124887555,1483.7470705890032,0.9958765103878447,0.994587152022799
annual,2020.0,3,fixed_d54,fixed,54.0,double_slippage,-0.06789742199488932,-0.06053017598300246,0.46502057613168724,243,0.016765028734609944,0.019743733300770196,54.105624142661185,54.02011972143498,0.9972565157750344,0.9970831410236483,0.0013717421124828531,0.0002345671384266462,1483.4471872230445,1484.2367715180187,0.9958765103878447,0.994587152022799
annual,2020.0,3,fixed_d55,fixed,55.0,double_slippage,-0.07009910496981289,-0.08284118518894487,0.448559670781893,243,0.01693267476713799,0.020372228463167583,55.096021947873794,55.0198885539708,0.9972565157750344,0.9970831410236483,0.0013717421124828531,0.00024104149854324008,1483.5989359455511,1484.8057010554385,0.9958765103878447,0.994587152022799
annual,2020.0,3,fixed_d56,fixed,56.0,double_slippage,-0.07449809526343469,-0.0438483151987696,0.4567901234567901,243,0.016626396365685307,0.021023135517957193,56.08367626886146,56.01967380371,0.9972565157750344,0.9970831410236483,0.0013717421124828531,0.00024751391109143655,1483.3217008958995,1485.3949172310288,0.9958765103878447,0.994587152022799
annual,2020.0,3,fixed_d57,fixed,57.0,double_slippage,-0.07948468013694363,-0.08643132127375108,0.4691358024691358,243,0.016247707779623893,0.021684211204346653,57.08504801097394,57.01940951909637,0.9972565157750344,0.9970831410236483,0.0013717421124828531,0.00025398058060857153,1482.9789220761675,1485.9933377522543,0.9958765103878447,0.994587152022799
annual,2020.0,3,fixed_d58,fixed,58.0,double_slippage,-0.08083380967650772,-0.07203810325379423,0.46502057613168724,243,0.016642672887281898,0.022341530594665298,58.08916323731138,58.01914444916293,0.9972565157750344,0.9970831410236483,0.0013717421124828531,0.00026044598240044885,1483.3364339696375,1486.5883581679898,0.9958765103878447,0.994587152022799
annual,2020.0,3,fixed_d59,fixed,59.0,double_slippage,-0.07761223502176134,-0.06233779908343103,0.448559670781893,243,0.01865175208347726,0.023057079728386106,59.10150891632374,59.01885892117462,0.9972565157750344,0.9970831410236483,0.0013717421124828531,0.0002669101184554649,1485.1549989355938,1487.23608658985,0.9958765103878447,0.994587152022799
annual,2020.0,3,fixed_d6,fixed,6.0,double_slippage,-0.12540018229630584,-0.24271965415815483,0.4444444444444444,243,-0.002348094420301068,-0.0005200664725408331,6.004115226337449,6.015085677181049,0.9972565157750344,0.9970831410236483,0.0,1.6164170984210917e-05,1466.1396199867006,1465.8934248163553,0.9958765103878447,0.994587152022799
annual,2020.0,3,fixed_d60,fixed,60.0,double_slippage,-0.08653038811284508,-0.08577419467710796,0.45267489711934156,243,0.017316333564740338,0.023727265122307023,60.09465020576132,60.0186120836536,0.9972565157750344,0.9970831410236483,0.0013717421124828531,0.0002733729907567561,1483.9462136683617,1487.8427529566104,0.9958765103878447,0.994587152022799
annual,2020.0,3,fixed_d7,fixed,7.0,double_slippage,-0.17845301421346393,-0.24651315108331565,0.45267489711934156,243,-0.0039492549359800835,-0.00019039102359718032,7.012345679012346,7.016043361146095,0.9972565157750344,0.9970831410236483,0.0,1.9396874873592573e-05,1464.6902921432788,1466.1918544575037,0.9958765103878447,0.994587152022799
annual,2020.0,3,fixed_d8,fixed,8.0,double_slippage,-0.21023541435222953,-0.25700397949376613,0.4403292181069959,243,-0.004983008915780124,8.33609525179544e-05,8.008230452674898,8.016821811223247,0.9972565157750344,0.9970831410236483,0.0,2.262957876297423e-05,1463.7545655802624,1466.4396636608649,0.9958765103878447,0.994587152022799
annual,2020.0,3,fixed_d9,fixed,9.0,double_slippage,-0.2662606507522586,-0.4034383341240845,0.4156378600823045,243,-0.0073412238855034605,0.00033642215579305555,9.016460905349794,9.01758287696983,0.9972565157750344,0.9970831410236483,0.0,2.5860384791031523e-05,1461.6199722131842,1466.6687441183437,0.9958765103878447,0.994587152022799
annual,2020.0,3,model_plan,model_plan,,double_slippage,-0.24545544299149216,-0.2897830789162089,0.39094650205761317,243,-0.00989969914430962,0.0009239718552582501,15.120713305898489,6.406333875516045,0.9972565157750344,0.9970831410236483,0.0,3.078398222762928e-05,1459.304108567417,1467.2006031386472,0.9958765103878447,0.994587152022799
annual,2020.0,3,rolling_path,rolling,,double_slippage,-0.2082885395257527,-0.2174926841554993,0.4156378600823045,243,-0.0079413710300415,0.0004395146267914153,13.539780521262005,3.8301430224680053,0.9972565157750344,0.9970831410236483,0.0,3.235240831327484e-06,1461.0767350060373,1466.761947243764,0.9958765103878447,0.994587152022799
annual,2021.0,1,fixed_d10,fixed,10.0,base,0.06739900517265363,-0.3608114670283592,0.4462809917355372,242,0.01675558534671264,0.007144509398565014,10.00413223140496,10.009763061063305,0.9958847736625515,0.9975822398931339,0.0,0.0,3038.910497686836,3026.5319899663814,0.9943269951762986,0.996633105170884
annual,2021.0,1,fixed_d11,fixed,11.0,base,0.09388228106292561,-0.21050475810448255,0.45454545454545453,242,0.019745341491019416,0.008060210616452585,11.008264462809917,11.0098908403101,0.9958847736625515,0.9975822398931339,0.0,0.0,3044.9292581197737,3028.3754133068137,0.9943269951762986,0.996633105170884
annual,2021.0,1,fixed_d12,fixed,12.0,base,0.0862532281694072,-0.29313533109185413,0.45041322314049587,242,0.021714868490419835,0.008971800576037494,12.00413223140496,12.00992374147273,0.9958847736625515,0.9975822398931339,0.0,0.0,3048.894167163667,3030.2105601599314,0.9943269951762986,0.996633105170884
annual,2021.0,1,fixed_d13,fixed,13.0,base,0.13980015454419453,-0.10163529284710045,0.4669421487603306,242,0.02643936450533182,0.009805255293843417,13.00413223140496,13.009936020541849,0.9958847736625515,0.9975822398931339,0.0,0.0,3058.405180205412,3031.888410805955,0.9943269951762986,0.996633105170884
annual,2021.0,1,fixed_d14,fixed,14.0,base,0.1411902220668457,-0.0705246406847688,0.4793388429752066,242,0.028704281891906606,0.010562390527140357,14.008264462809917,14.009953236841689,0.9958847736625515,0.9975822398931339,0.0,0.0,3062.964747772867,3033.41262059585,0.9943269951762986,0.996633105170884
annual,2021.0,1,fixed_d15,fixed,15.0,base,0.09771346956224362,-0.1515376795253493,0.45454545454545453,242,0.028339949502566988,0.01134310628176218,15.0,15.00999002950727,0.9958847736625515,0.9975822398931339,0.0,0.0,3062.2313002060578,3034.9843009826395,0.9943269951762986,0.996633105170884
annual,2021.0,1,fixed_d16,fixed,16.0,base,0.0595408141708151,-0.2529294682141774,0.4462809917355372,242,0.027284856932895705,0.012024250913417503,16.00826446280992,16.010063249681885,0.9958847736625515,0.9975822398931339,0.0,0.0,3060.1072642964646,3036.3555319995644,0.9943269951762986,0.996633105170884
annual,2021.0,1,fixed_d17,fixed,17.0,base,0.023370791614114844,-0.18692369867191239,0.45867768595041325,242,0.026450191631538,0.01279291985269825,17.024793388429753,17.010108238768797,0.9958847736625515,0.9975822398931339,0.0,0.0,3058.426976591357,3037.902960610618,0.9943269951762986,0.996633105170884
annual,2021.0,1,fixed_d18,fixed,18.0,base,0.03428425691247721,-0.18113986513511968,0.47520661157024796,242,0.027728613374770422,0.013430972032083122,18.020661157024794,18.010207067284004,0.9958847736625515,0.9975822398931339,0.0,0.0,3061.0006026108013,3039.187441025098,0.9943269951762986,0.996633105170884
annual,2021.0,1,fixed_d19,fixed,19.0,base,0.013222987684701643,-0.23128986833194598,0.45867768595041325,242,0.027886023537346573,0.014183875394013971,19.012396694214875,19.010183520115305,0.9958847736625515,0.9975822398931339,0.0,0.0,3061.3174893442097,3040.703131518199,0.9943269951762986,0.996633105170884
annual,2021.0,1,fixed_d2,fixed,2.0,base,0.33317046715671866,0.15754761352102414,0.5247933884297521,242,0.0030277813892980515,-0.0007823738621791207,2.0041322314049586,2.0052621047784633,0.9958847736625515,0.9975822398931339,0.0,0.0,3011.2746774720695,3010.5741629652907,0.9943269951762986,0.996633105170884
annual,2021.0,1,fixed_d20,fixed,20.0,base,0.049974202809457656,-0.15420493266681207,0.4669421487603306,242,0.032593397742735154,0.01505076709418585,20.012396694214875,20.010171187838214,0.9958847736625515,0.9975822398931339,0.0,0.0,3070.794033999661,3042.4482950742877,0.9943269951762986,0.996633105170884
annual,2021.0,1,fixed_d21,fixed,21.0,base,0.0611457970443417,-0.1402702106327883,0.4628099173553719,242,0.035369770077280774,0.01595706771732358,21.012396694214875,21.01015368019517,0.9958847736625515,0.9975822398931339,0.0,0.0,3076.383225608507,3044.2727938185335,0.9943269951762986,0.996633105170884
annual,2021.0,1,fixed_d22,fixed,22.0,base,0.07209921258937892,-0.029465589085355487,0.49586776859504134,242,0.03810662342361167,0.0168900537821473,22.00826446280992,22.010148140235913,0.9958847736625515,0.9975822398931339,0.0,0.0,3081.892860453817,3046.151013760363,0.9943269951762986,0.996633105170884
annual,2021.0,1,fixed_d23,fixed,23.0,base,0.06412926185996923,-0.05228386767042377,0.48760330578512395,242,0.03901441407070734,0.017886708912088104,23.037190082644628,23.010110783505283,0.9958847736625515,0.9975822398931339,0.0,0.0,3083.7203588063317,3048.1574076506463,0.9943269951762986,0.996633105170884
annual,2021.0,1,fixed_d24,fixed,24.0,base,0.05082288866469415,0.005029793618081642,0.5041322314049587,242,0.041126483639109056,0.018896156935713247,24.037190082644628,24.010073174140587,0.9958847736625515,0.9975822398931339,0.0,0.0,3087.9722242215457,3050.1895552675264,0.9943269951762986,0.996633105170884
annual,2021.0,1,fixed_d25,fixed,25.0,base,0.03940846122927537,-0.08367041796051891,0.48760330578512395,242,0.04185708803609987,0.019930566198519156,25.02892561983471,25.0099605351018,0.9958847736625515,0.9975822398931339,0.0,0.0,3089.4430240542074,3052.2719530424406,0.9943269951762986,0.996633105170884
annual,2021.0,1,fixed_d26,fixed,26.0,base,0.017570232094114336,-0.04872808676654764,0.49586776859504134,242,0.040248888781762686,0.020948182395035212,26.045454545454547,26.009919297300176,0.9958847736625515,0.9975822398931339,0.0,0.0,3086.20551384498,3054.3205442331214,0.9943269951762986,0.996633105170884
annual,2021.0,1,fixed_d27,fixed,27.0,base,0.01755909002539037,-0.006754148348912959,0.5,242,0.04259776872603114,0.0219271747599012,27.020661157024794,27.009887535582198,0.9958847736625515,0.9975822398931339,0.0,0.0,3090.934108749691,3056.2913807245936,0.9943269951762986,0.996633105170884
annual,2021.0,1,fixed_d28,fixed,28.0,base,0.03820194871830569,0.019799822696872395,0.5082644628099173,242,0.045954934729326914,0.02284943071398143,28.00826446280992,28.009885134959315,0.9958847736625515,0.9975822398931339,0.0,0.0,3097.692512088341,3058.147999584976,0.9943269951762986,0.996633105170884
annual,2021.0,1,fixed_d29,fixed,29.0,base,0.04823440408219209,0.01863984352084421,0.512396694214876,242,0.048166446972148516,0.02370838320753762,29.012396694214875,29.009853750216077,0.9958847736625515,0.9975822398931339,0.0,0.0,3102.14456829012,3059.877180505578,0.9943269951762986,0.996633105170884
annual,2021.0,1,fixed_d3,fixed,3.0,base,0.018171695702690786,-0.3475543433603262,0.4628099173553719,242,0.0018994672762888815,0.0001158493072298613,3.0041322314049586,3.0063477644023995,0.9958847736625515,0.9975822398931339,0.0,0.0,3009.0032372570436,3012.382400764979,0.9943269951762986,0.996633105170884
annual,2021.0,1,fixed_d30,fixed,30.0,base,0.036675031391146494,0.03129757804408782,0.5041322314049587,242,0.04784860230308551,0.02452133368261402,30.016528925619834,30.009836090995883,0.9958847736625515,0.9975822398931339,0.0,0.0,3101.5047064332853,3061.513753495869,0.9943269951762986,0.996633105170884
annual,2021.0,1,fixed_d31,fixed,31.0,base,0.04720787672733964,0.07492763825690976,0.512396694214876,242,0.050746658444337976,0.025256950191971574,31.012396694214875,31.00984234588924,0.9958847736625515,0.9975822398931339,0.0,0.0,3107.3388630646227,3062.99464334997,0.9943269951762986,0.996633105170884
annual,2021.0,1,fixed_d32,fixed,32.0,base,0.016018175099985644,0.07457369452929853,0.5082644628099173,242,0.048067937737771196,0.026044601220997762,32.01239669421488,32.00987320931829,0.9958847736625515,0.9975822398931339,0.0,0.0,3101.946256637417,3064.5802853286623,0.9943269951762986,0.996633105170884
annual,2021.0,1,fixed_d33,fixed,33.0,base,-0.0018216820245477315,-0.01409781177386079,0.49173553719008267,242,0.047407662184537507,0.026755274781815705,33.00826446280992,33.00992271508857,0.9958847736625515,0.9975822398931339,0.0,0.0,3100.617037737007,3066.0109618461206,0.9943269951762986,0.996633105170884
annual,2021.0,1,fixed_d34,fixed,34.0,base,-0.034216734302381424,0.04459855072068366,0.5165289256198347,242,0.044351452011728985,0.027517482104520687,34.01239669421488,34.009923334330416,0.9958847736625515,0.9975822398931339,0.0,0.0,3094.4644968691205,3067.54538239889,0.9943269951762986,0.996633105170884
annual,2021.0,1,fixed_d35,fixed,35.0,base,-0.03960722751557743,-0.005389376634704942,0.49586776859504134,242,0.044459940124576935,0.028312345392599407,35.00826446280992,35.0099425551237,0.9958847736625515,0.9975822398931339,0.0,0.0,3094.6828972768926,3069.1455435749094,0.9943269951762986,0.996633105170884
annual,2021.0,1,fixed_d36,fixed,36.0,base,-0.05052371765550974,0.04962481157239942,0.512396694214876,242,0.043770122491302695,0.02905790576221488,36.01239669421488,36.009902062233195,0.9958847736625515,0.9975822398931339,0.0,0.0,3093.2942064015547,3070.646451687952,0.9943269951762986,0.996633105170884
annual,2021.0,1,fixed_d37,fixed,37.0,base,-0.058421303461235426,0.026182643677347194,0.5206611570247934,242,0.04489967402508838,0.029835740108196337,37.00413223140496,37.00987029332799,0.9958847736625515,0.9975822398931339,0.0,0.0,3095.5681377024302,3072.2123314316527,0.9943269951762986,0.996633105170884
annual,2021.0,1,fixed_d38,fixed,38.0,base,-0.06845508735603689,0.000971652273203651,0.5,242,0.04386584098046609,0.030572374468087596,38.0,38.00982826073401,0.9958847736625515,0.9975822398931339,0.0,0.0,3093.48689992821,3073.6952703486945,0.9943269951762986,0.996633105170884
annual,2021.0,1,fixed_d39,fixed,39.0,base,-0.06081450475674633,-0.005026862809853958,0.49586776859504134,242,0.046249188863715956,0.0312884756739023,39.00413223140496,39.00980389636669,0.9958847736625515,0.9975822398931339,0.0,0.0,3098.2848831901333,3075.1368734077746,0.9943269951762986,0.996633105170884
annual,2021.0,1,fixed_d4,fixed,4.0,base,0.07961510623136475,-0.2988759462893441,0.47520661157024796,242,0.00473880995189828,0.0010432953821418803,4.0041322314049586,4.007320176290582,0.9958847736625515,0.9975822398931339,0.0,0.0,3014.719196193719,3014.249468000545,0.9943269951762986,0.996633105170884
annual,2021.0,1,fixed_d40,fixed,40.0,base,-0.06815101179547095,-0.0245832292422139,0.4834710743801653,242,0.045842084073854907,0.031933415854636785,40.00413223140496,40.009798904079865,0.9958847736625515,0.9975822398931339,0.0,0.0,3097.4653293258757,3076.435220247469,0.9943269951762986,0.996633105170884
annual,2021.0,1,fixed_d41,fixed,41.0,base,-0.07341425740356686,-0.0596701401503252,0.47520661157024796,242,0.04604039351942329,0.03248778390451796,41.00413223140496,41.00980496209666,0.9958847736625515,0.9975822398931339,0.0,0.0,3097.8645515322587,3077.5512338361573,0.9943269951762986,0.996633105170884
annual,2021.0,1,fixed_d42,fixed,42.0,base,-0.07130892129113148,-0.0034801498987160145,0.5,242,0.04728675937199395,0.033071366801609846,42.01239669421488,42.009764154473515,0.9958847736625515,0.9975822398931339,0.0,0.0,3100.373644955378,3078.7260606383516,0.9943269951762986,0.996633105170884
annual,2021.0,1,fixed_d43,fixed,43.0,base,-0.06279856833055533,0.005347071336548402,0.512396694214876,242,0.04974578716609929,0.033759640840894216,43.01652892561984,43.009725082313665,0.9958847736625515,0.9975822398931339,0.0,0.0,3105.3239815300967,3080.1116440621213,0.9943269951762986,0.996633105170884
annual,2021.0,1,fixed_d44,fixed,44.0,base,-0.06801525189263881,-0.011746165930178706,0.48760330578512395,242,0.04980594994765028,0.03439137603911406,44.00413223140496,44.00972743174464,0.9958847736625515,0.9975822398931339,0.0,0.0,3105.4450968825436,3081.383407587846,0.9943269951762986,0.996633105170884
annual,2021.0,1,fixed_d45,fixed,45.0,base,-0.05118174237431774,-0.029497449401089573,0.47107438016528924,242,0.05325547034066192,0.03491430465046172,45.02892561983471,45.00975782336024,0.9958847736625515,0.9975822398931339,0.0,0.0,3112.389421386594,3082.4361295769704,0.9943269951762986,0.996633105170884
annual,2021.0,1,fixed_d46,fixed,46.0,base,-0.021228678773806558,-0.01820602289978828,0.49586776859504134,242,0.06016649251584223,0.03523003802424519,46.02479338842975,46.00982327422449,0.9958847736625515,0.9975822398931339,0.0,0.0,3126.3021904592006,3083.071741127131,0.9943269951762986,0.996633105170884
annual,2021.0,1,fixed_d47,fixed,47.0,base,-0.033551899162061284,-0.031704077081234974,0.4793388429752066,242,0.05906197682825246,0.03561397487746136,47.02479338842975,47.00981334817703,0.9958847736625515,0.9975822398931339,0.0,0.0,3124.0786595098025,3083.8446549800838,0.9943269951762986,0.996633105170884
annual,2021.0,1,fixed_d48,fixed,48.0,base,-0.03834344402143279,0.010154801647902278,0.512396694214876,242,0.058608311371960604,0.03603331283805596,48.01239669421488,48.00978115905766,0.9958847736625515,0.9975822398931339,0.0,0.0,3123.165373085647,3084.688835777257,0.9943269951762986,0.996633105170884
annual,2021.0,1,fixed_d49,fixed,49.0,base,-0.034668515517409605,0.005517827836236555,0.5041322314049587,242,0.05986639279939256,0.03650562564961019,49.01652892561984,49.00973726788414,0.9958847736625515,0.9975822398931339,0.0,0.0,3125.6980514551765,3085.6396617058417,0.9943269951762986,0.996633105170884
annual,2021.0,1,fixed_d5,fixed,5.0,base,0.012960431139222753,-0.19481586222749464,0.4628099173553719,242,0.005346478310793145,0.0020060598077266596,5.0041322314049586,5.008110825453843,0.9958847736625515,0.9975822398931339,0.0,0.0,3015.94251010239,3016.187635580528,0.9943269951762986,0.996633105170884
annual,2021.0,1,fixed_d50,fixed,50.0,base,-0.03785218626888758,-0.00588400834961905,0.49586776859504134,242,0.05974663684444462,0.037044432468902336,50.0,50.00968854399216,0.9958847736625515,0.9975822398931339,0.0,0.0,3125.4569674441495,3086.7243485526706,0.9943269951762986,0.996633105170884
annual,2021.0,1,fixed_d51,fixed,51.0,base,-0.03767523047280499,0.009650993022000974,0.5041322314049587,242,0.06103339641495505,0.03752406504384968,51.00826446280992,51.009657620504676,0.9958847736625515,0.9975822398931339,0.0,0.0,3128.0473785733193,3087.689910098531,0.9943269951762986,0.996633105170884
annual,2021.0,1,fixed_d52,fixed,52.0,base,-0.03177809278889442,0.004343285128565173,0.5,242,0.06410383604090716,0.038067481954547934,52.0,52.00959200549065,0.9958847736625515,0.9975822398931339,0.0,0.0,3134.2285651452094,3088.7838776473322,0.9943269951762986,0.996633105170884
annual,2021.0,1,fixed_d53,fixed,53.0,base,-0.03325802682001437,0.018312254127041017,0.5041322314049587,242,0.06421505368117962,0.03860924616577168,53.00826446280992,53.00950349240251,0.9958847736625515,0.9975822398931339,0.0,0.0,3134.45246043981,3089.8745181013055,0.9943269951762986,0.996633105170884
annual,2021.0,1,fixed_d54,fixed,54.0,base,-0.03094405478843322,-0.0331884647155339,0.48760330578512395,242,0.06420084556803372,0.03915685146696387,54.0,54.009441801078644,0.9958847736625515,0.9975822398931339,0.0,0.0,3134.4238576959424,3090.97691741436,0.9943269951762986,0.996633105170884
annual,2021.0,1,fixed_d55,fixed,55.0,base,-0.04115070140333276,-0.04505229685985652,0.47520661157024796,242,0.06197684668223346,0.03963182679088054,55.00826446280992,55.00945799631568,0.9958847736625515,0.9975822398931339,0.0,0.0,3129.9466642892953,3091.933103319908,0.9943269951762986,0.996633105170884
annual,2021.0,1,fixed_d56,fixed,56.0,base,-0.050367152380540396,-0.03208046277344356,0.4628099173553719,242,0.06147548320872727,0.04007513013196215,56.00413223140496,56.00945432943542,0.9958847736625515,0.9975822398931339,0.0,0.0,3128.937355673065,3092.8255294845544,0.9943269951762986,0.996633105170884
annual,2021.0,1,fixed_d57,fixed,57.0,base,-0.05946876772620534,-0.06175895151820556,0.47520661157024796,242,0.06163008224729907,0.040597546261010725,57.00826446280992,57.009428667627745,0.9958847736625515,0.9975822398931339,0.0,0.0,3129.2485832553243,3093.8772197814487,0.9943269951762986,0.996633105170884
annual,2021.0,1,fixed_d58,fixed,58.0,base,-0.048286433866505815,-0.11734539201099156,0.45041322314049587,242,0.06671117067477735,0.04110229418396802,58.0,58.009423508266444,0.9958847736625515,0.9975822398931339,0.0,0.0,3139.4774623034687,3094.8933417260714,0.9943269951762986,0.996633105170884
annual,2021.0,1,fixed_d59,fixed,59.0,base,-0.038274857830530994,-0.11454407609750182,0.44214876033057854,242,0.07169114991710844,0.041581143834456186,59.0,59.00944456970934,0.9958847736625515,0.9975822398931339,0.0,0.0,3149.50279566642,3095.857327145142,0.9943269951762986,0.996633105170884
annual,2021.0,1,fixed_d6,fixed,6.0,base,-0.09414984207685205,-0.13333552049757277,0.4628099173553719,242,0.00429144132395378,0.0030259506014801694,6.008264462809917,6.008651421395251,0.9958847736625515,0.9975822398931339,0.0,0.0,3013.8185860881285,3018.24080582555,0.9943269951762986,0.996633105170884
annual,2021.0,1,fixed_d60,fixed,60.0,base,-0.03590969587879042,-0.12512732083610198,0.43388429752066116,242,0.07430944098740594,0.04213272781362025,60.00413223140496,60.00947585439647,0.9958847736625515,0.9975822398931339,0.0,0.0,3154.773749528604,3096.9677360443948,0.9943269951762986,0.996633105170884
annual,2021.0,1,fixed_d7,fixed,7.0,base,-0.03478773706638226,-0.3293522311215067,0.4380165289256198,242,0.007250780277840615,0.004050177236423019,7.008264462809917,7.009076412126803,0.9958847736625515,0.9975822398931339,0.0,0.0,3019.7761128373368,3020.3027046718807,0.9943269951762986,0.996633105170884
annual,2021.0,1,fixed_d8,fixed,8.0,base,0.013996625397889088,-0.23739295731951898,0.45041322314049587,242,0.010490798227860951,0.005097614113822765,8.008264462809917,8.009394006835732,0.9958847736625515,0.9975822398931339,0.0,0.0,3026.2986822036487,3022.4113286965194,0.9943269951762986,0.996633105170884
annual,2021.0,1,fixed_d9,fixed,9.0,base,0.029143690005541765,-0.28699924823978834,0.4462809917355372,242,0.013313264527934575,0.006108704920908939,9.00413223140496,9.009589794232571,0.9958847736625515,0.9975822398931339,0.0,0.0,3031.9806668439387,3024.446783446027,0.9943269951762986,0.996633105170884
annual,2021.0,1,model_plan,model_plan,,base,0.18812560401742578,0.03473037653206931,0.5082644628099173,242,0.03638962373806466,0.00039607905227874256,19.917355371900825,2.8945091220665695,0.9958847736625515,0.9975822398931339,0.0,0.0,3078.4363211001305,3012.946538982354,0.9943269951762986,0.996633105170884
annual,2021.0,1,rolling_path,rolling,,base,0.20620743689796517,-0.04438966546206651,0.49173553719008267,242,0.010055762191119488,8.625090329824427e-06,6.7190082644628095,2.4905090308895947,0.9958847736625515,0.9975822398931339,0.0,0.0,3025.4228991770565,3012.166544740949,0.9943269951762986,0.996633105170884
annual,2021.0,1,fixed_d10,fixed,10.0,double_slippage,0.0672214093172199,-0.36142895339173603,0.4462809917355372,242,0.015337760297314804,0.005740258841317241,10.00413223140496,10.009763061063305,0.9958847736625515,0.9975822398931339,0.0,0.0,4440.093568367536,4423.744077294871,0.9944404857207625,0.9966364258741403
annual,2021.0,1,fixed_d11,fixed,11.0,double_slippage,0.09372088640171541,-0.2096240378723295,0.45454545454545453,242,0.018323448081511845,0.006654712491291222,11.008264462809917,11.0098908403101,0.9958847736625515,0.9975822398931339,0.0,0.0,4448.201263495604,4426.227294542828,0.9944404857207625,0.9966364258741403
annual,2021.0,1,fixed_d12,fixed,12.0,double_slippage,0.08608170311860339,-0.29353578732966146,0.45041322314049587,242,0.020289403870240377,0.007564946588176898,12.00413223140496,12.00992374147273,0.9958847736625515,0.9975822398931339,0.0,0.0,4453.53985591461,4428.699053509649,0.9944404857207625,0.9966364258741403
annual,2021.0,1,fixed_d13,fixed,13.0,double_slippage,0.13962826371981746,-0.1018462929025446,0.4669421487603306,242,0.02500526332463688,0.008397246809771107,13.00413223140496,13.009936020541849,0.9958847736625515,0.9975822398931339,0.0,0.0,4466.345866953483,4430.9591814732685,0.9944404857207625,0.9966364258741403
annual,2021.0,1,fixed_d14,fixed,14.0,double_slippage,0.1410188379903887,-0.07085376775507636,0.4793388429752066,242,0.027266291763815148,0.009153281637530673,14.008264462809917,14.009953236841689,0.9958847736625515,0.9975822398931339,0.0,0.0,4472.485735079607,4433.0122092285865,0.9944404857207625,0.9966364258741403
annual,2021.0,1,fixed_d15,fixed,15.0,double_slippage,0.0975210768811898,-0.15148678195936532,0.45454545454545453,242,0.02690098336561492,0.009932911089626672,15.0,15.00999002950727,0.9958847736625515,0.9975822398931339,0.0,0.0,4471.493732789209,4435.129308660051,0.9944404857207625,0.9966364258741403
annual,2021.0,1,fixed_d16,fixed,16.0,double_slippage,0.059358585639370555,-0.2531366266759296,0.4462809917355372,242,0.0258476723152075,0.010613110335749446,16.00826446280992,16.010063249681885,0.9958847736625515,0.9975822398931339,0.0,0.0,4468.633445482232,4436.97640337072,0.9944404857207625,0.9966364258741403
annual,2021.0,1,fixed_d17,fixed,17.0,double_slippage,0.02322763622143715,-0.18687592561125838,0.45867768595041325,242,0.02501545493825329,0.011380694525532371,17.024793388429753,17.010108238768797,0.9958847736625515,0.9975822398931339,0.0,0.0,4466.3735424849,4439.060793650515,0.9944404857207625,0.9966364258741403
annual,2021.0,1,fixed_d18,fixed,18.0,double_slippage,0.034163186072649,-0.18119723003320332,0.4793388429752066,242,0.026293830706714445,0.012017862240244407,18.020661157024794,18.010207067284004,0.9958847736625515,0.9975822398931339,0.0,0.0,4469.8449975528465,4440.7910353736015,0.9944404857207625,0.9966364258741403
annual,2021.0,1,fixed_d19,fixed,19.0,double_slippage,0.013076365970457169,-0.23120301097955276,0.45867768595041325,242,0.026448746134865232,0.012769674499038118,19.012396694214875,19.010183520115305,0.9958847736625515,0.9975822398931339,0.0,0.0,4470.265673508563,4442.832596658108,0.9944404857207625,0.9966364258741403
annual,2021.0,1,fixed_d2,fixed,2.0,double_slippage,0.3327722251531013,0.15646507967003756,0.5247933884297521,242,0.001633748035433485,-0.0021755889402139445,2.0041322314049586,2.0052621047784633,0.9958847736625515,0.9975822398931339,0.0,0.0,4402.880047905472,4402.2484337006235,0.9944404857207625,0.9966364258741403
annual,2021.0,1,fixed_d20,fixed,20.0,double_slippage,0.04982461473231901,-0.15397072845175205,0.4669421487603306,242,0.031149227693997403,0.013635393671448611,20.012396694214875,20.010171187838214,0.9958847736625515,0.9975822398931339,0.0,0.0,4483.029925564068,4445.183474453695,0.9944404857207625,0.9966364258741403
annual,2021.0,1,fixed_d21,fixed,21.0,double_slippage,0.06100058389328634,-0.14028517394355536,0.4628099173553719,242,0.03392173859921077,0.01454041928589292,21.012396694214875,21.01015368019517,0.9958847736625515,0.9975822398931339,0.0,0.0,4490.558734596834,4447.641089681862,0.9944404857207625,0.9966364258741403
annual,2021.0,1,fixed_d22,fixed,22.0,double_slippage,0.07194556592140286,-0.029431567030618846,0.49586776859504134,242,0.03665363778752399,0.015472088227271029,22.00826446280992,22.010148140235913,0.9958847736625515,0.9975822398931339,0.0,0.0,4497.977261696918,4450.171055399296,0.9944404857207625,0.9966364258741403
annual,2021.0,1,fixed_d23,fixed,23.0,double_slippage,0.06402967534648067,-0.052397555611472316,0.48760330578512395,242,0.03756406348704685,0.016467315050737136,23.037190082644628,23.010110783505283,0.9958847736625515,0.9975822398931339,0.0,0.0,4500.449540964546,4452.873613821729,0.9944404857207625,0.9966364258741403
annual,2021.0,1,fixed_d24,fixed,24.0,double_slippage,0.05071766006983838,0.0049821409819708505,0.5041322314049587,242,0.03967332384797745,0.01747537971915354,24.037190082644628,24.010073174140587,0.9958847736625515,0.9975822398931339,0.0,0.0,4506.177279826806,4455.611033669895,0.9944404857207625,0.9966364258741403
annual,2021.0,1,fixed_d25,fixed,25.0,double_slippage,0.039294888008573635,-0.0837008433396936,0.48760330578512395,242,0.04040365450240098,0.018508384785519114,25.02892561983471,25.0099605351018,0.9958847736625515,0.9975822398931339,0.0,0.0,4508.160507383315,4458.416179669475,0.9944404857207625,0.9966364258741403
annual,2021.0,1,fixed_d26,fixed,26.0,double_slippage,0.017447702236295614,-0.048507473730151164,0.49586776859504134,242,0.038794775981235284,0.01952459712278314,26.045454545454547,26.009919297300176,0.9958847736625515,0.9975822398931339,0.0,0.0,4503.791565454174,4461.175724675996,0.9944404857207625,0.9966364258741403
annual,2021.0,1,fixed_d27,fixed,27.0,double_slippage,0.0174256152340645,-0.0067414571884152775,0.5,242,0.04113954400561543,0.020502209206516447,27.020661157024794,27.009887535582198,0.9958847736625515,0.9975822398931339,0.0,0.0,4510.158830105326,4463.830449918994,0.9944404857207625,0.9966364258741403
annual,2021.0,1,fixed_d28,fixed,28.0,double_slippage,0.03807686940903518,0.019633354544689216,0.5082644628099173,242,0.04449222422124491,0.021423075667473413,28.00826446280992,28.009885134959315,0.9958847736625515,0.9975822398931339,0.0,0.0,4519.263100549847,4466.33108128394,0.9944404857207625,0.9966364258741403
annual,2021.0,1,fixed_d29,fixed,29.0,double_slippage,0.04811877850356788,0.018487674114778876,0.512396694214876,242,0.046701785122166106,0.022280874421528037,29.012396694214875,29.009853750216077,0.9958847736625515,0.9975822398931339,0.0,0.0,4525.263207542395,4468.660451024445,0.9944404857207625,0.9966364258741403
annual,2021.0,1,fixed_d3,fixed,3.0,double_slippage,0.017908202956945993,-0.3474361782415586,0.4628099173553719,242,0.000506708575559904,-0.0012786680831138777,3.0041322314049586,3.0063477644023995,0.9958847736625515,0.9975822398931339,0.0,0.0,4399.819549622191,4404.684040297487,0.9944404857207625,0.9966364258741403
annual,2021.0,1,fixed_d30,fixed,30.0,double_slippage,0.03656571277136234,0.03126831829263535,0.5041322314049587,242,0.04638430263955139,0.0230926702585446,30.016528925619834,30.009836090995883,0.9958847736625515,0.9975822398931339,0.0,0.0,4524.401077486086,4470.864898920035,0.9944404857207625,0.9966364258741403
annual,2021.0,1,fixed_d31,fixed,31.0,double_slippage,0.04707163812965264,0.07498230022247566,0.512396694214876,242,0.04927562544310469,0.02382717365972904,31.012396694214875,31.00984234588924,0.9958847736625515,0.9975822398931339,0.0,0.0,4532.252522614428,4472.859457654155,0.9944404857207625,0.9966364258741403
annual,2021.0,1,fixed_d32,fixed,32.0,double_slippage,0.015869154701772425,0.07456082983155982,0.5082644628099173,242,0.04659847745287256,0.02461369862633255,32.01239669421488,32.00987320931829,0.9958847736625515,0.9975822398931339,0.0,0.0,4524.982673492102,4474.995281993721,0.9944404857207625,0.9966364258741403
annual,2021.0,1,fixed_d33,fixed,33.0,double_slippage,-0.001996115086590005,-0.014024721515905048,0.49173553719008267,242,0.04593720336247129,0.025323402729599206,33.00826446280992,33.00992271508857,0.9958847736625515,0.9975822398931339,0.0,0.0,4523.186970421796,4476.922497736397,0.9944404857207625,0.9966364258741403
annual,2021.0,1,fixed_d34,fixed,34.0,double_slippage,-0.03440154884324667,0.04453643867143761,0.5165289256198347,242,0.04288419288683714,0.026084561151180328,34.01239669421488,34.009923334330416,0.9958847736625515,0.9975822398931339,0.0,0.0,4514.896459173355,4478.989438713615,0.9944404857207625,0.9966364258741403
annual,2021.0,1,fixed_d35,fixed,35.0,double_slippage,-0.03979905953151291,-0.005315205630558454,0.49586776859504134,242,0.04299042163400158,0.02687827004600648,35.00826446280992,35.0099425551237,0.9958847736625515,0.9975822398931339,0.0,0.0,4515.184925469264,4481.144771154515,0.9944404857207625,0.9966364258741403
annual,2021.0,1,fixed_d36,fixed,36.0,double_slippage,-0.05071660834881295,0.049797402978492125,0.512396694214876,242,0.04230152635086179,0.027622822487308147,36.01239669421488,36.009902062233195,0.9958847736625515,0.9975822398931339,0.0,0.0,4513.314216495463,4483.1666182588515,0.9944404857207625,0.9966364258741403
annual,2021.0,1,fixed_d37,fixed,37.0,double_slippage,-0.05859648360497175,0.026299546521448135,0.5206611570247934,242,0.0434310869406416,0.028399603548845687,37.00413223140496,37.00987029332799,0.9958847736625515,0.9975822398931339,0.0,0.0,4516.381560957626,4485.27598282856,0.9944404857207625,0.9966364258741403
annual,2021.0,1,fixed_d38,fixed,38.0,double_slippage,-0.06862664785196762,0.0010394738066257622,0.5,242,0.04239901641862423,0.02913522844849298,38.0,38.00982826073401,0.9958847736625515,0.9975822398931339,0.0,0.0,4513.578952731992,4487.273587014275,0.9944404857207625,0.9966364258741403
annual,2021.0,1,fixed_d39,fixed,39.0,double_slippage,-0.060975613212645836,-0.005123643291071707,0.49586776859504134,242,0.04478073172199345,0.029850219408412076,39.00413223140496,39.00980389636669,0.9958847736625515,0.9975822398931339,0.0,0.0,4520.046548461112,4489.215159322346,0.9944404857207625,0.9966364258741403
annual,2021.0,1,fixed_d4,fixed,4.0,double_slippage,0.07936065531624913,-0.29901932298833295,0.47520661157024796,242,0.0033414685400736752,-0.00035247789705948314,4.0041322314049586,4.007320176290582,0.9958847736625515,0.9975822398931339,0.0,0.0,4407.5173972254015,4407.1991283448315,0.9944404857207625,0.9966364258741403
annual,2021.0,1,fixed_d40,fixed,40.0,double_slippage,-0.06830883949006152,-0.02451699138212705,0.4834710743801653,242,0.04437320210298988,0.03049431167967099,40.00413223140496,40.009798904079865,0.9958847736625515,0.9975822398931339,0.0,0.0,4518.939893597862,4490.964204817777,0.9944404857207625,0.9966364258741403
annual,2021.0,1,fixed_d41,fixed,41.0,double_slippage,-0.07356787669197867,-0.05968136746807265,0.47520661157024796,242,0.04457293628743256,0.0310478882771297,41.00413223140496,41.00980496209666,0.9958847736625515,0.9975822398931339,0.0,0.0,4519.48227578621,4492.4674531835235,0.9944404857207625,0.9966364258741403
annual,2021.0,1,fixed_d42,fixed,42.0,double_slippage,-0.07146940225186624,-0.00345112194948389,0.5,242,0.04581673408807908,0.0316306183528134,42.01239669421488,42.009764154473515,0.9958847736625515,0.9975822398931339,0.0,0.0,4522.859833688266,4494.049868404766,0.9944404857207625,0.9966364258741403
annual,2021.0,1,fixed_d43,fixed,43.0,double_slippage,-0.06295517304718064,0.005241542037179728,0.512396694214876,242,0.04827321853965809,0.032317855874882985,43.01652892561984,43.009725082313665,0.9958847736625515,0.9975822398931339,0.0,0.0,4529.530466540649,4495.916075695093,0.9944404857207625,0.9966364258741403
annual,2021.0,1,fixed_d44,fixed,44.0,double_slippage,-0.06815892053197409,-0.01179144585018621,0.48760330578512395,242,0.048334373406909464,0.03294874380722007,44.00413223140496,44.00972743174464,0.9958847736625515,0.9975822398931339,0.0,0.0,4529.6965338106065,4497.629264543048,0.9944404857207625,0.9966364258741403
annual,2021.0,1,fixed_d45,fixed,45.0,double_slippage,-0.051308604770840295,-0.029487095649052095,0.47107438016528924,242,0.05178050067321338,0.03347090475203317,45.02892561983471,45.00975782336024,0.9958847736625515,0.9975822398931339,0.0,0.0,4539.054561597563,4499.047203073236,0.9944404857207625,0.9966364258741403
annual,2021.0,1,fixed_d46,fixed,46.0,double_slippage,-0.021351531007770024,-0.018298121976908957,0.49586776859504134,242,0.05868118227145722,0.03378617270109141,46.02479338842975,46.00982327422449,0.9958847736625515,0.9975822398931339,0.0,0.0,4557.7935010374185,4499.903319519217,0.9944404857207625,0.9966364258741403
annual,2021.0,1,fixed_d47,fixed,47.0,double_slippage,-0.033674465068033205,-0.0317093240781883,0.4793388429752066,242,0.057578679720060914,0.034169615339437055,47.02479338842975,47.00981334817703,0.9958847736625515,0.9975822398931339,0.0,0.0,4554.799633221788,4500.944565702846,0.9944404857207625,0.9966364258741403
annual,2021.0,1,fixed_d48,fixed,48.0,double_slippage,-0.0384752967652615,0.010022318620862846,0.512396694214876,242,0.057123058389369846,0.03458837795113668,48.01239669421488,48.00978115905766,0.9958847736625515,0.9975822398931339,0.0,0.0,4553.562384349806,4502.081723983314,0.9944404857207625,0.9966364258741403
annual,2021.0,1,fixed_d49,fixed,49.0,double_slippage,-0.034790017904917515,0.005647761363590567,0.5041322314049587,242,0.05838128867081868,0.03506004514825303,49.01652892561984,49.00973726788414,0.9958847736625515,0.9975822398931339,0.0,0.0,4556.979133943275,4503.36254572776,0.9944404857207625,0.9966364258741403
annual,2021.0,1,fixed_d5,fixed,5.0,double_slippage,0.01272071121692085,-0.19564091794385408,0.4628099173553719,242,0.003947163994730269,0.0006089409476930001,5.0041322314049586,5.008110825453843,0.9958847736625515,0.9975822398931339,0.0,0.0,4409.162175394378,4409.809880522229,0.9944404857207625,0.9966364258741403
annual,2021.0,1,fixed_d50,fixed,50.0,double_slippage,-0.03796275199873231,-0.005888965599363135,0.49586776859504134,242,0.058264674145468875,0.03559811230153956,50.0,50.00968854399216,0.9958847736625515,0.9975822398931339,0.0,0.0,4556.662464858163,4504.823677886442,0.9944404857207625,0.9966364258741403
annual,2021.0,1,fixed_d51,fixed,51.0,double_slippage,-0.037791656411642165,0.0095956898942809,0.5041322314049587,242,0.05954994957350884,0.03607705732115026,51.00826446280992,51.009657620504676,0.9958847736625515,0.9975822398931339,0.0,0.0,4560.152656090254,4506.124262704003,0.9944404857207625,0.9966364258741403
annual,2021.0,1,fixed_d52,fixed,52.0,double_slippage,-0.03187251433144514,0.004290003737778879,0.5,242,0.06262120563335748,0.0366196417777404,52.0,52.00959200549065,0.9958847736625515,0.9975822398931339,0.0,0.0,4568.492713588983,4507.59766169051,0.9944404857207625,0.9966364258741403
annual,2021.0,1,fixed_d53,fixed,53.0,double_slippage,-0.03333737178082415,0.018184431012682134,0.5041322314049587,242,0.06273486937923375,0.03716062601576645,53.00826446280992,53.00950349240251,0.9958847736625515,0.9975822398931339,0.0,0.0,4568.801369773186,4509.066715251372,0.9944404857207625,0.9966364258741403
annual,2021.0,1,fixed_d54,fixed,54.0,double_slippage,-0.031023852601662648,-0.03303747138723167,0.48760330578512395,242,0.06271875871940287,0.03770751796687728,54.0,54.009441801078644,0.9958847736625515,0.9975822398931339,0.0,0.0,4568.757620952922,4510.55181132574,0.9944404857207625,0.9966364258741403
annual,2021.0,1,fixed_d55,fixed,55.0,double_slippage,-0.04122454500814453,-0.04506541298240593,0.47520661157024796,242,0.060497503800726646,0.03818178686115018,55.00826446280992,55.00945799631568,0.9958847736625515,0.9975822398931339,0.0,0.0,4562.725758620335,4511.8396980310545,0.9944404857207625,0.9966364258741403
annual,2021.0,1,fixed_d56,fixed,56.0,double_slippage,-0.05044570168634612,-0.03205169279548166,0.4628099173553719,242,0.05999492376814438,0.038624522017448135,56.00413223140496,56.00945432943542,0.9958847736625515,0.9975822398931339,0.0,0.0,4561.360992450483,4513.041954237727,0.9944404857207625,0.9966364258741403
annual,2021.0,1,fixed_d57,fixed,57.0,double_slippage,-0.05953481853290654,-0.06168678947026228,0.47520661157024796,242,0.06015437634573842,0.03914622576021374,57.00826446280992,57.009428667627745,0.9958847736625515,0.9975822398931339,0.0,0.0,4561.793989126614,4514.458651226575,0.9944404857207625,0.9966364258741403
annual,2021.0,1,fixed_d58,fixed,58.0,double_slippage,-0.04836167959803543,-0.11732529019407642,0.45041322314049587,242,0.06522804357821631,0.03965025539387599,58.0,58.009423508266444,0.9958847736625515,0.9975822398931339,0.0,0.0,4575.571634371336,4515.8273538172725,0.9944404857207625,0.9966364258741403
annual,2021.0,1,fixed_d59,fixed,59.0,double_slippage,-0.038347253978595064,-0.11452611740966798,0.44214876033057854,242,0.07020222379645084,0.04012845136713807,59.0,59.00944456970934,0.9958847736625515,0.9975822398931339,0.0,0.0,4589.079120631266,4517.125904584435,0.9944404857207625,0.9966364258741403
annual,2021.0,1,fixed_d6,fixed,6.0,double_slippage,-0.09427281560321817,-0.13327775437534992,0.4628099173553719,242,0.0028948975709959263,0.0016275330349335097,6.008264462809917,6.008651421395251,0.9958847736625515,0.9975822398931339,0.0,0.0,4406.304724792105,4412.575887787596,0.9944404857207625,0.9966364258741403
annual,2021.0,1,fixed_d60,fixed,60.0,double_slippage,-0.03597830635937418,-0.12514306479993573,0.43388429752066116,242,0.07281621422755499,0.04067932917226587,60.00413223140496,60.00947585439647,0.9958847736625515,0.9975822398931339,0.0,0.0,4596.177464133638,4518.621824325417,0.9944404857207625,0.9966364258741403
annual,2021.0,1,fixed_d7,fixed,7.0,double_slippage,-0.0349112528128084,-0.32876270708885136,0.4380165289256198,242,0.005849376866683516,0.0026502680528081046,7.008264462809917,7.009076412126803,0.9958847736625515,0.9975822398931339,0.0,0.0,4414.327672642979,4415.353145264284,0.9944404857207625,0.9966364258741403
annual,2021.0,1,fixed_d8,fixed,8.0,double_slippage,0.013774906028868645,-0.23776681355126583,0.45041322314049587,242,0.009081703720057828,0.0036962810443220777,8.008264462809917,8.009394006835732,0.9958847736625515,0.9975822398931339,0.0,0.0,4423.105121115698,4418.193614545793,0.9944404857207625,0.9966364258741403
annual,2021.0,1,fixed_d9,fixed,9.0,double_slippage,0.02890343696950104,-0.28685334093305914,0.4462809917355372,242,0.01189915589321913,0.004705902808509722,9.00413223140496,9.009589794232571,0.9958847736625515,0.9975822398931339,0.0,0.0,4430.755969063957,4420.935262718792,0.9944404857207625,0.9966364258741403
annual,2021.0,1,model_plan,model_plan,,double_slippage,0.2720081635431461,0.11126789656901705,0.5330578512396694,242,0.03495100263061979,-0.0009988052431156161,19.917355371900825,2.8945091220665695,0.9958847736625515,0.9975822398931339,0.0,0.0,4493.35372174087,4405.44401345891,0.9944404857207625,0.9966364258741403
annual,2021.0,1,rolling_path,rolling,,double_slippage,0.2900841166469789,0.03245798322235903,0.5041322314049587,242,0.008648125669602925,-0.0013856990922100022,6.7190082644628095,2.4905090308895947,0.9958847736625515,0.9975822398931339,0.0,0.0,4421.927731213807,4404.393395443195,0.9944404857207625,0.9966364258741403
annual,2021.0,2,fixed_d10,fixed,10.0,base,0.08113851156053734,-0.15070925495315365,0.48148148148148145,243,0.014819693888945546,0.007144977062141586,10.002057613168724,10.009763061063305,0.9979423868312757,0.9975822398931339,0.0,0.0,1518.332415036851,1511.8574912491274,0.9948734383212794,0.9957007273144818
annual,2021.0,2,fixed_d11,fixed,11.0,base,0.14066776976893425,-0.010239182191612246,0.4897119341563786,243,0.01922355913792113,0.00806052797777265,11.008230452674898,11.0098908403101,0.9979423868312757,0.9975822398931339,0.0,0.0,1522.7651862451312,1512.7790516305374,0.9948734383212794,0.9957007273144818
annual,2021.0,2,fixed_d12,fixed,12.0,base,0.12699314502769615,-0.22564493220185622,0.4773662551440329,243,0.020614058836565877,0.00897182668507227,12.004115226337449,12.00992374147273,0.9979423868312757,0.9975822398931339,0.0,0.0,1524.1648128642044,1513.6963318930977,0.9948734383212794,0.9957007273144818
annual,2021.0,2,fixed_d13,fixed,13.0,base,0.1285213748897377,-0.12058439215540082,0.4773662551440329,243,0.022299223048099587,0.009805218473180487,13.004115226337449,13.009936020541849,0.9979423868312757,0.9975822398931339,0.0,0.0,1525.8610381063024,1514.5351938733556,0.9948734383212794,0.9957007273144818
annual,2021.0,2,fixed_d14,fixed,14.0,base,0.13877971298564917,-0.09981325641184761,0.4773662551440329,243,0.02481802652994459,0.010562302188267791,14.006172839506172,14.009953236841689,0.9979423868312757,0.9975822398931339,0.0,0.0,1528.3963744352793,1515.2972469119402,0.9948734383212794,0.9957007273144818
annual,2021.0,2,fixed_d15,fixed,15.0,base,0.11133916998351971,-0.030201521491220327,0.4773662551440329,243,0.024622253047220974,0.011342977701461107,15.008230452674898,15.00999002950727,0.9979423868312757,0.9975822398931339,0.0,0.0,1528.1993159404108,1516.0830465997708,0.9948734383212794,0.9957007273144818
annual,2021.0,2,fixed_d16,fixed,16.0,base,0.1132652412215316,-0.014656806013943424,0.49794238683127573,243,0.02613789033599961,0.012024120384472403,16.012345679012345,16.010063249681885,0.9979423868312757,0.9975822398931339,0.0,0.0,1529.7249015239959,1516.7686601467992,0.9948734383212794,0.9957007273144818
annual,2021.0,2,fixed_d17,fixed,17.0,base,0.10512961195641245,0.03748108065127517,0.5102880658436214,243,0.027406032036722892,0.012792879402645582,17.01851851851852,17.010108238768797,0.9979423868312757,0.9975822398931339,0.0,0.0,1531.0013670153735,1517.542465122475,0.9948734383212794,0.9957007273144818
annual,2021.0,2,fixed_d18,fixed,18.0,base,0.1236222794220882,0.061114169414253565,0.5185185185185185,243,0.030184410391563717,0.013431131235791888,18.016460905349795,18.010207067284004,0.9979423868312757,0.9975822398931339,0.0,0.0,1533.7979820071512,1518.184906293958,0.9948734383212794,0.9957007273144818
annual,2021.0,2,fixed_d19,fixed,19.0,base,0.12085570833199338,-0.042987329699127476,0.4732510288065844,243,0.03129600999869448,0.014184060354527519,19.01028806584362,19.010183520115305,0.9979423868312757,0.9975822398931339,0.0,0.0,1534.9168778986123,1518.9427774663748,0.9948734383212794,0.9957007273144818
annual,2021.0,2,fixed_d2,fixed,2.0,base,0.24850174490029872,-0.07027995421442483,0.49382716049382713,243,0.0019133229533719294,-0.0007805913060061779,2.0020576131687244,2.0052621047784633,0.9979423868312757,0.9975822398931339,0.0,0.0,1505.3413296488666,1503.8799012718312,0.9948734383212794,0.9957007273144818
annual,2021.0,2,fixed_d20,fixed,20.0,base,0.13956066589506388,0.06470803221378828,0.522633744855967,243,0.03436054465179061,0.015050991096615294,20.008230452674898,20.010171187838214,0.9979423868312757,0.9975822398931339,0.0,0.0,1538.0015274528143,1519.8153985425974,0.9948734383212794,0.9957007273144818
annual,2021.0,2,fixed_d21,fixed,21.0,base,0.15151721258924203,0.083510905319445,0.5267489711934157,243,0.03758841002609547,0.01595726707153661,21.006172839506174,21.01015368019517,0.9979423868312757,0.9975822398931339,0.0,0.0,1541.2505797935385,1520.727623104719,0.9948734383212794,0.9957007273144818
annual,2021.0,2,fixed_d22,fixed,22.0,base,0.1384330977661157,0.07101270499403456,0.5267489711934157,243,0.038035151852800396,0.016890367041269533,22.008230452674898,22.010148140235913,0.9979423868312757,0.9975822398931339,0.0,0.0,1541.7002539309156,1521.6668477281885,0.9948734383212794,0.9957007273144818
annual,2021.0,2,fixed_d23,fixed,23.0,base,0.11616913534584243,0.10668281436540249,0.522633744855967,243,0.03779699237618152,0.01788701539110512,23.022633744855966,23.010110783505283,0.9979423868312757,0.9975822398931339,0.0,0.0,1541.460531230231,1522.6700378487221,0.9948734383212794,0.9957007273144818
annual,2021.0,2,fixed_d24,fixed,24.0,base,0.10498791897839209,0.007232639052554976,0.5061728395061729,243,0.03920392558880156,0.018896400397442205,24.022633744855966,24.010073174140587,0.9979423868312757,0.9975822398931339,0.0,0.0,1542.8766992290869,1523.6860482262427,0.9948734383212794,0.9957007273144818
annual,2021.0,2,fixed_d25,fixed,25.0,base,0.0818795614407681,-0.0557199861743968,0.49382716049382713,243,0.03866603984512943,0.01993081095652611,25.022633744855966,25.0099605351018,0.9979423868312757,0.9975822398931339,0.0,0.0,1542.3352829270232,1524.7272484184864,0.9948734383212794,0.9957007273144818
annual,2021.0,2,fixed_d26,fixed,26.0,base,0.06157969782839757,-0.06122275981726459,0.4732510288065844,243,0.03798912047262689,0.02094823981986773,26.026748971193417,26.009919297300176,0.9979423868312757,0.9975822398931339,0.0,0.0,1541.6539204113417,1525.7513554510401,0.9948734383212794,0.9957007273144818
annual,2021.0,2,fixed_d27,fixed,27.0,base,0.05951122765578346,-0.01877120129307119,0.49382716049382713,243,0.039582949894366275,0.021927168760082192,27.01028806584362,27.009887535582198,0.9979423868312757,0.9975822398931339,0.0,0.0,1543.258211363079,1526.7367098558202,0.9948734383212794,0.9957007273144818
annual,2021.0,2,fixed_d28,fixed,28.0,base,0.07388011547592199,0.05948250771283104,0.5185185185185185,243,0.041896146941498846,0.022849444719480156,28.006172839506174,28.009885134959315,0.9979423868312757,0.9975822398931339,0.0,0.0,1545.58659170396,1527.6650394226392,0.9948734383212794,0.9957007273144818
annual,2021.0,2,fixed_d29,fixed,29.0,base,0.07968670606805302,0.018182558802837263,0.5102880658436214,243,0.044075128644349974,0.023708401028910902,29.01028806584362,29.009853750216077,0.9979423868312757,0.9975822398931339,0.0,0.0,1547.7798757418916,1528.5296337238615,0.9948734383212794,0.9957007273144818
annual,2021.0,2,fixed_d3,fixed,3.0,base,0.17116123703727473,-0.18976061182734,0.48148148148148145,243,0.003269964267033712,0.00011758869161587817,3.0020576131687244,3.0063477644023995,0.9979423868312757,0.9975822398931339,0.0,0.0,1506.7068756442989,1504.783976716519,0.9948734383212794,0.9957007273144818
annual,2021.0,2,fixed_d30,fixed,30.0,base,0.0738283475878115,0.04089471561985572,0.5308641975308642,243,0.04538481307053473,0.024521425565764872,30.012345679012345,30.009836090995883,0.9979423868312757,0.9975822398931339,0.0,0.0,1549.098156635631,1529.3479947669093,0.9948734383212794,0.9957007273144818
annual,2021.0,2,fixed_d31,fixed,31.0,base,0.0780846844608443,0.023879625579115205,0.5061728395061729,243,0.047554873032742515,0.02525718936781544,31.012345679012345,31.00984234588924,0.9979423868312757,0.9975822398931339,0.0,0.0,1551.2824603726608,1530.0885879534478,0.9948734383212794,0.9957007273144818
annual,2021.0,2,fixed_d32,fixed,32.0,base,0.06427433282825867,0.0053125174538297985,0.5020576131687243,243,0.04691524124533026,0.026044647041534114,32.008230452674894,32.00987320931829,0.9979423868312757,0.9975822398931339,0.0,0.0,1550.6386301892094,1530.8812143183466,0.9948734383212794,0.9957007273144818
annual,2021.0,2,fixed_d33,fixed,33.0,base,0.06047667805863081,-0.030949560062558265,0.49382716049382713,243,0.04754278593971202,0.026755127542714825,33.008230452674894,33.00992271508857,0.9979423868312757,0.9975822398931339,0.0,0.0,1551.2702939427318,1531.5963582502397,0.9948734383212794,0.9957007273144818
annual,2021.0,2,fixed_d34,fixed,34.0,base,0.05021690114234397,-0.03376697821830151,0.49382716049382713,243,0.047606877788651206,0.027517361446609653,34.008230452674894,34.009923334330416,0.9979423868312757,0.9975822398931339,0.0,0.0,1551.3348064758338,1532.3635952822872,0.9948734383212794,0.9957007273144818
annual,2021.0,2,fixed_d35,fixed,35.0,base,0.039415887626957115,-0.07022789591848765,0.48148148148148145,243,0.04699241384182005,0.02831191840397477,35.01440329218107,35.0099425551237,0.9979423868312757,0.9975822398931339,0.0,0.0,1550.7163093288855,1533.1633675288986,0.9948734383212794,0.9957007273144818
annual,2021.0,2,fixed_d36,fixed,36.0,base,0.03750717309483205,0.0055490983248742696,0.5020576131687243,243,0.04797945310145318,0.029057421656537432,36.008230452674894,36.009902062233195,0.9979423868312757,0.9975822398931339,0.0,0.0,1551.709827287358,1533.9137640934641,0.9948734383212794,0.9957007273144818
annual,2021.0,2,fixed_d37,fixed,37.0,base,0.03414846207207024,-0.006976033163545315,0.49794238683127573,243,0.04900930559453592,0.02983517052460816,37.00205761316872,37.00987029332799,0.9979423868312757,0.9975822398931339,0.0,0.0,1552.7464394955043,1534.6966179263459,0.9948734383212794,0.9957007273144818
annual,2021.0,2,fixed_d38,fixed,38.0,base,0.016872438061003473,-0.01457433372958622,0.49382716049382713,243,0.04722560509063558,0.030571743426367527,38.00617283950617,38.00982826073401,0.9979423868312757,0.9975822398931339,0.0,0.0,1550.9510311914628,1535.4380255233384,0.9948734383212794,0.9957007273144818
annual,2021.0,2,fixed_d39,fixed,39.0,base,0.017830409476911217,-0.05071118812089529,0.48148148148148145,243,0.04868815545257444,0.031287871197512675,39.00411522633745,39.00980389636669,0.9979423868312757,0.9975822398931339,0.0,0.0,1552.423181397823,1536.1588537925777,0.9948734383212794,0.9957007273144818
annual,2021.0,2,fixed_d4,fixed,4.0,base,0.22706120445016603,0.012222152345242498,0.5020576131687243,243,0.006214239862608214,0.001045026585945303,4.004115226337449,4.007320176290582,0.9979423868312757,0.9975822398931339,0.0,0.0,1509.6704767881686,1505.7175021000235,0.9948734383212794,0.9957007273144818
annual,2021.0,2,fixed_d40,fixed,40.0,base,0.008145920301797461,-0.03970644800929072,0.4897119341563786,243,0.04791512605903448,0.03193278842543531,40.01234567901235,40.009798904079865,0.9979423868312757,0.9975822398931339,0.0,0.0,1551.6450780170178,1536.808004108956,0.9948734383212794,0.9957007273144818
annual,2021.0,2,fixed_d41,fixed,41.0,base,0.0076433837443194135,-0.07371336279854948,0.4773662551440329,243,0.04906119381180159,0.032487118769612,41.010288065843625,41.00980496209666,0.9979423868312757,0.9975822398931339,0.0,0.0,1552.7986682951014,1537.365972950104,0.9948734383212794,0.9957007273144818
annual,2021.0,2,fixed_d42,fixed,42.0,base,0.005728000792255868,-0.060647824595909845,0.4732510288065844,243,0.04952354285085332,0.03307066051495684,42.01440329218107,42.009764154473515,0.9979423868312757,0.9975822398931339,0.0,0.0,1553.2640520869795,1537.9533449293435,0.9948734383212794,0.9957007273144818
annual,2021.0,2,fixed_d43,fixed,43.0,base,0.009317771417189862,-0.06673564147883641,0.4732510288065844,243,0.050674531151221176,0.03375868641877586,43.01440329218107,43.009725082313665,0.9979423868312757,0.9975822398931339,0.0,0.0,1554.4225952100064,1538.6458868770587,0.9948734383212794,0.9957007273144818
annual,2021.0,2,fixed_d44,fixed,44.0,base,0.0011114003591264831,-0.03541232006163483,0.48148148148148145,243,0.050030366742954864,0.03439026482605882,44.00617283950617,44.00972743174464,0.9979423868312757,0.9975822398931339,0.0,0.0,1553.7742026546202,1539.2816108198444,0.9948734383212794,0.9957007273144818
annual,2021.0,2,fixed_d45,fixed,45.0,base,0.0070933909153094435,-0.06080149291891642,0.4732510288065844,243,0.0521831725918347,0.03491320461940632,45.01851851851852,45.00975782336024,0.9979423868312757,0.9975822398931339,0.0,0.0,1555.9411390262871,1539.8079830698023,0.9948734383212794,0.9957007273144818
annual,2021.0,2,fixed_d46,fixed,46.0,base,0.02358310837039217,-0.022505049103916437,0.48559670781893005,243,0.05612774383967884,0.03522904194103769,46.01851851851852,46.00982327422449,0.9979423868312757,0.9975822398931339,0.0,0.0,1559.9116015331779,1540.1258934750208,0.9948734383212794,0.9957007273144818
annual,2021.0,2,fixed_d47,fixed,47.0,base,0.02070408026489345,-0.03342906098132266,0.4691358024691358,243,0.05696393332350611,0.03561314467010378,47.01440329218107,47.00981334817703,0.9979423868312757,0.9975822398931339,0.0,0.0,1560.7532795725867,1540.512517366118,0.9948734383212794,0.9957007273144818
annual,2021.0,2,fixed_d48,fixed,48.0,base,0.02281791267166937,-0.033276323233979895,0.48559670781893005,243,0.05763819838162695,0.036032584170291565,48.01234567901235,48.00978115905766,0.9979423868312757,0.9975822398931339,0.0,0.0,1561.431970351576,1540.9347099707804,0.9948734383212794,0.9957007273144818
annual,2021.0,2,fixed_d49,fixed,49.0,base,0.028026085622561883,-0.045851963985107574,0.48148148148148145,243,0.05955536273354341,0.036504989360255764,49.01440329218107,49.00973726788414,0.9979423868312757,0.9975822398931339,0.0,0.0,1563.3617185296557,1541.4102159198333,0.9948734383212794,0.9957007273144818
annual,2021.0,2,fixed_d5,fixed,5.0,base,0.10398680383129591,-0.3302107044242689,0.4691358024691358,243,0.0058827934050778964,0.002007619152591337,5.006172839506172,5.008110825453843,0.9979423868312757,0.9975822398931339,0.0,0.0,1509.3368547922719,1506.6864129030337,0.9948734383212794,0.9957007273144818
annual,2021.0,2,fixed_d50,fixed,50.0,base,0.019915498077775772,-0.05819648757926345,0.46502057613168724,243,0.058553069607072974,0.03704364617959504,50.00205761316872,50.00968854399216,0.9979423868312757,0.9975822398931339,0.0,0.0,1562.3528465814702,1541.9524083587294,0.9948734383212794,0.9957007273144818
annual,2021.0,2,fixed_d51,fixed,51.0,base,0.02429266816592805,-0.09880678674660963,0.4609053497942387,243,0.06111413157006402,0.03752344790718427,51.00617283950617,51.009657620504676,0.9979423868312757,0.9975822398931339,0.0,0.0,1564.9307187665504,1542.4353593945807,0.9948734383212794,0.9957007273144818
annual,2021.0,2,fixed_d52,fixed,52.0,base,0.025558928781831577,-0.11064605050511023,0.46502057613168724,243,0.062957424802522,0.03806689524528834,52.00617283950617,52.00959200549065,0.9979423868312757,0.9975822398931339,0.0,0.0,1566.7861109521223,1542.9823737961053,0.9948734383212794,0.9957007273144818
annual,2021.0,2,fixed_d53,fixed,53.0,base,0.025622551446908517,-0.08506528389173879,0.4691358024691358,243,0.06395264578809698,0.038608711745858365,53.00617283950617,53.00950349240251,0.9979423868312757,0.9975822398931339,0.0,0.0,1567.7878643395038,1543.527746655654,0.9948734383212794,0.9957007273144818
annual,2021.0,2,fixed_d54,fixed,54.0,base,0.01982497492278209,-0.07895143206427416,0.4609053497942387,243,0.06354780742430358,0.03915644693815142,54.00205761316872,54.009441801078644,0.9979423868312757,0.9975822398931339,0.0,0.0,1567.3803687097395,1544.079077055857,0.9948734383212794,0.9957007273144818
annual,2021.0,2,fixed_d55,fixed,55.0,base,0.010163533626317616,-0.07349730494762534,0.4567901234567901,243,0.061914225961102125,0.03963158117784162,55.010288065843625,55.00945799631568,0.9979423868312757,0.9975822398931339,0.0,0.0,1565.736064793277,1544.5573299674911,0.9948734383212794,0.9957007273144818
annual,2021.0,2,fixed_d56,fixed,56.0,base,0.004235268586158298,-0.05903234985396277,0.4403292181069959,243,0.061504572424088966,0.04007524781293934,56.008230452674894,56.00945432943542,0.9979423868312757,0.9975822398931339,0.0,0.0,1565.3237223846004,1545.003908728409,0.9948734383212794,0.9957007273144818
annual,2021.0,2,fixed_d57,fixed,57.0,base,0.008144499527284297,-0.06941800219214873,0.4609053497942387,243,0.06432854602335045,0.04059793662495123,57.00617283950617,57.009428667627745,0.9979423868312757,0.9975822398931339,0.0,0.0,1568.166231897503,1545.5300283496476,0.9948734383212794,0.9957007273144818
annual,2021.0,2,fixed_d58,fixed,58.0,base,0.008921603808818273,-0.12122853056361492,0.43209876543209874,243,0.0660113198938998,0.04110279956310646,58.00205761316872,58.009423508266444,0.9979423868312757,0.9975822398931339,0.0,0.0,1569.8600511089678,1546.0382050920907,0.9948734383212794,0.9957007273144818
annual,2021.0,2,fixed_d59,fixed,59.0,base,0.009824264821962553,-0.13951747345102364,0.4279835390946502,243,0.06798866135372876,0.041581786999036,59.00205761316872,59.00944456970934,0.9979423868312757,0.9975822398931339,0.0,0.0,1571.8503713836649,1546.5203364914587,0.9948734383212794,0.9957007273144818
annual,2021.0,2,fixed_d6,fixed,6.0,base,-0.014776429452521191,-0.15069074656621229,0.4773662551440329,243,0.004828881771579792,0.0030273625132669875,6.006172839506172,6.008651421395251,0.9979423868312757,0.9975822398931339,0.0,0.0,1508.2760255250437,1507.7128496247506,0.9948734383212794,0.9957007273144818
annual,2021.0,2,fixed_d60,fixed,60.0,base,0.010521198876232315,-0.11486795415974134,0.45267489711934156,243,0.06948930815671535,0.04213357667026078,60.00205761316872,60.00947585439647,0.9979423868312757,0.9975822398931339,0.0,0.0,1573.3608680873565,1547.0757479832614,0.9948734383212794,0.9957007273144818
annual,2021.0,2,fixed_d7,fixed,7.0,base,0.010106896378340375,-0.1848883507247575,0.4609053497942387,243,0.006931094259303986,0.004051273282532547,7.012345679012346,7.009076412126803,0.9979423868312757,0.9975822398931339,0.0,0.0,1510.392036452363,1508.7434811089686,0.9948734383212794,0.9957007273144818
annual,2021.0,2,fixed_d8,fixed,8.0,base,0.06910009218267348,-0.11526204993584521,0.4732510288065844,243,0.01045477839906941,0.005098527676768852,8.008230452674898,8.009394006835732,0.9979423868312757,0.9975822398931339,0.0,0.0,1513.9388492449364,1509.7976094403468,0.9948734383212794,0.9957007273144818
annual,2021.0,2,fixed_d9,fixed,9.0,base,0.04105061103574794,-0.28859192794364463,0.4691358024691358,243,0.011298613582967137,0.00610927780370058,9.006172839506172,9.009589794232571,0.9979423868312757,0.9975822398931339,0.0,0.0,1514.7882231690312,1510.8149938988001,0.9948734383212794,0.9957007273144818
annual,2021.0,2,model_plan,model_plan,,base,0.18649780602884067,0.20258226051900474,0.5473251028806584,243,0.03284438233582406,0.00039785057878257156,17.967078189300413,2.8945091220665695,0.9979423868312757,0.9975822398931339,0.0,0.0,1536.4754133958834,1505.0660781782976,0.9948734383212794,0.9957007273144818
annual,2021.0,2,rolling_path,rolling,,base,0.23216424866740992,0.1673025426712952,0.5267489711934157,243,0.009540212918684185,1.063680356503324e-05,6.462962962962963,2.4905090308895947,0.9979423868312757,0.9975822398931339,0.0,0.0,1513.018280766942,1504.676322820857,0.9948734383212794,0.9957007273144818
annual,2021.0,2,fixed_d10,fixed,10.0,double_slippage,0.0811242529585385,-0.15117302957299714,0.48148148148148145,243,0.013407352820106834,0.005742362320864145,10.002057613168724,10.009763061063305,0.9979423868312757,0.9975822398931339,0.0,0.0,2218.3753761210814,2209.822571984908,0.9948698842645797,0.9957084099829798
annual,2021.0,2,fixed_d11,fixed,11.0,double_slippage,0.14068008856197683,-0.0099754060836276,0.4897119341563786,243,0.017805375260700945,0.006656704062841088,11.008230452674898,11.0098908403101,0.9979423868312757,0.9975822398931339,0.0,0.0,2224.3468352440777,2211.06402866468,0.9948698842645797,0.9957084099829798
annual,2021.0,2,fixed_d12,fixed,12.0,double_slippage,0.12697944585006732,-0.22238199194430894,0.4732510288065844,243,0.019193296231002504,0.0075666292432429805,12.004115226337449,12.00992374147273,0.9979423868312757,0.9975822398931339,0.0,0.0,2226.2312988756403,2212.2994887136333,0.9948698842645797,0.9957084099829798
annual,2021.0,2,fixed_d13,fixed,13.0,double_slippage,0.12849447108687062,-0.11908259590042616,0.4773662551440329,243,0.020874829866203,0.008398906483933755,13.004115226337449,13.009936020541849,0.9979423868312757,0.9975822398931339,0.0,0.0,2228.5144180507173,2213.4295214928907,0.9948698842645797,0.9957084099829798
annual,2021.0,2,fixed_d14,fixed,14.0,double_slippage,0.13867303018248758,-0.09975912348685681,0.4773662551440329,243,0.023384945364297017,0.0091549445926901,14.006172839506172,14.009953236841689,0.9979423868312757,0.9975822398931339,0.0,0.0,2231.9225525687502,2214.4560398253566,0.9948698842645797,0.9957084099829798
annual,2021.0,2,fixed_d15,fixed,15.0,double_slippage,0.11119326448762949,-0.030272632010387747,0.4773662551440329,243,0.02318578361332134,0.0099345088557689,15.008230452674898,15.00999002950727,0.9979423868312757,0.9975822398931339,0.0,0.0,2231.6521387018643,2215.5145010300457,0.9948698842645797,0.9957084099829798
annual,2021.0,2,fixed_d16,fixed,16.0,double_slippage,0.11314677335558862,-0.014485393099111388,0.49794238683127573,243,0.024700453604352086,0.010614634774889593,16.012345679012345,16.010063249681885,0.9979423868312757,0.9975822398931339,0.0,0.0,2233.7086970888263,2216.4379488249074,0.9948698842645797,0.9957084099829798
annual,2021.0,2,fixed_d17,fixed,17.0,double_slippage,0.10499841470052383,0.03764082998612718,0.5102880658436214,243,0.025965240433896163,0.011382342648451558,17.01851851851852,17.010108238768797,0.9979423868312757,0.9975822398931339,0.0,0.0,2235.425974104564,2217.4803118976974,0.9948698842645797,0.9957084099829798
annual,2021.0,2,fixed_d18,fixed,18.0,double_slippage,0.12348991718307438,0.060356123341783655,0.5185185185185185,243,0.02873979289061267,0.012019658220180189,18.016460905349795,18.010207067284004,0.9979423868312757,0.9975822398931339,0.0,0.0,2239.193150557998,2218.3456335135893,0.9948698842645797,0.9957084099829798
annual,2021.0,2,fixed_d19,fixed,19.0,double_slippage,0.12074045423553474,-0.04318772752487687,0.4732510288065844,243,0.02985097499658591,0.012771508372725615,19.01028806584362,19.010183520115305,0.9979423868312757,0.9975822398931339,0.0,0.0,2240.70186921818,2219.3664656064643,0.9948698842645797,0.9957084099829798
annual,2021.0,2,fixed_d2,fixed,2.0,double_slippage,0.24797267560162187,-0.06673957750978246,0.49382716049382713,243,0.0005161049234366569,-0.0021725549179549683,2.0020576131687244,2.0052621047784633,0.9979423868312757,0.9975822398931339,0.0,0.0,2200.8721548667236,2199.0760136414933,0.9948698842645797,0.9957084099829798
annual,2021.0,2,fixed_d20,fixed,20.0,double_slippage,0.1393989591065868,0.05825467211012343,0.522633744855967,243,0.03290732176420119,0.0136373179839754,20.008230452674898,20.010171187838214,0.9979423868312757,0.9975822398931339,0.0,0.0,2244.8516547263343,2220.542027298499,0.9948698842645797,0.9957084099829798
annual,2021.0,2,fixed_d21,fixed,21.0,double_slippage,0.1513582465357591,0.08323665602740422,0.5267489711934157,243,0.03613017631375953,0.014542322310390255,21.006172839506174,21.01015368019517,0.9979423868312757,0.9975822398931339,0.0,0.0,2249.227517847086,2221.7708060085483,0.9948698842645797,0.9957084099829798
annual,2021.0,2,fixed_d22,fixed,22.0,double_slippage,0.13825037877031063,0.07082616433456863,0.5267489711934157,243,0.036573124939683045,0.015474061648880768,22.008230452674898,22.010148140235913,0.9979423868312757,0.9975822398931339,0.0,0.0,2249.828935790949,2223.0358844496513,0.9948698842645797,0.9957084099829798
annual,2021.0,2,fixed_d23,fixed,23.0,double_slippage,0.11598313051043531,0.10714684926249585,0.522633744855967,243,0.0363338969612012,0.016469266990082696,23.022633744855966,23.010110783505283,0.9979423868312757,0.9975822398931339,0.0,0.0,2249.504121601419,2224.3871344931067,0.9948698842645797,0.9957084099829798
annual,2021.0,2,fixed_d24,fixed,24.0,double_slippage,0.10481617506588471,0.007703086044071186,0.5061728395061729,243,0.03773990208641024,0.017477201335684603,24.022633744855966,24.010073174140587,0.9979423868312757,0.9975822398931339,0.0,0.0,2251.413139175865,2225.7556674700813,0.9948698842645797,0.9957084099829798
annual,2021.0,2,fixed_d25,fixed,25.0,double_slippage,0.0817426169024228,-0.053287567717046444,0.49382716049382713,243,0.03720718259243272,0.018510217499773402,25.022633744855966,25.0099605351018,0.9979423868312757,0.9975822398931339,0.0,0.0,2250.689833934642,2227.158255537916,0.9948698842645797,0.9957084099829798
annual,2021.0,2,fixed_d26,fixed,26.0,double_slippage,0.061479412403598326,-0.0620696299040483,0.4732510288065844,243,0.036533630773181926,0.019526291578177434,26.026748971193417,26.009919297300176,0.9979423868312757,0.9975822398931339,0.0,0.0,2249.775312189879,2228.537840318821,0.9948698842645797,0.9957084099829798
annual,2021.0,2,fixed_d27,fixed,27.0,double_slippage,0.05938491045130186,-0.01881306454427597,0.49382716049382713,243,0.03812256387424965,0.020503889861859678,27.01028806584362,27.009887535582198,0.9979423868312757,0.9975822398931339,0.0,0.0,2251.9327020600686,2229.8651842031622,0.9948698842645797,0.9957084099829798
annual,2021.0,2,fixed_d28,fixed,28.0,double_slippage,0.07376090493232393,0.06047179449428648,0.5185185185185185,243,0.04043219931485568,0.02142473319945793,28.006172839506174,28.009885134959315,0.9979423868312757,0.9975822398931339,0.0,0.0,2255.068632767309,2231.1154684896624,0.9948698842645797,0.9957084099829798
annual,2021.0,2,fixed_d29,fixed,29.0,double_slippage,0.07955998980465227,0.018250404640225443,0.51440329218107,243,0.0426070321567533,0.022282584689731214,29.01028806584362,29.009853750216077,0.9979423868312757,0.9975822398931339,0.0,0.0,2258.0215338927933,2232.2802249630454,0.9948698842645797,0.9957084099829798
annual,2021.0,2,fixed_d3,fixed,3.0,double_slippage,0.1708829227642546,-0.18425287072497318,0.48148148148148145,243,0.0018718738963257628,-0.0012756865037753683,3.0020576131687244,3.0063477644023995,0.9979423868312757,0.9975822398931339,0.0,0.0,2202.712963801008,2200.293745735024,0.9948698842645797,0.9957084099829798
annual,2021.0,2,fixed_d30,fixed,30.0,double_slippage,0.07368649516318691,0.0404896156444556,0.5308641975308642,243,0.04391333671291659,0.023094496229054025,30.012345679012345,30.009836090995883,0.9979423868312757,0.9975822398931339,0.0,0.0,2259.795182018669,2233.382606006808,0.9948698842645797,0.9957084099829798
annual,2021.0,2,fixed_d31,fixed,31.0,double_slippage,0.07790878021445347,0.024910120536153456,0.5061728395061729,243,0.04607585177938166,0.02382903311722611,31.012345679012345,31.00984234588924,0.9979423868312757,0.9975822398931339,0.0,0.0,2262.731358560891,2234.379930841162,0.9948698842645797,0.9957084099829798
annual,2021.0,2,fixed_d32,fixed,32.0,double_slippage,0.06411431519191513,0.005384450838292186,0.5020576131687243,243,0.045438108580358134,0.02461541175187942,32.008230452674894,32.00987320931829,0.9979423868312757,0.9975822398931339,0.0,0.0,2261.865456329747,2235.4476443272697,0.9948698842645797,0.9957084099829798
annual,2021.0,2,fixed_d33,fixed,33.0,double_slippage,0.060327925029066955,-0.031375901742582445,0.49794238683127573,243,0.04606540657426261,0.025324937114123675,33.008230452674894,33.00992271508857,0.9979423868312757,0.9975822398931339,0.0,0.0,2262.717176478776,2236.411009511191,0.9948698842645797,0.9957084099829798
annual,2021.0,2,fixed_d34,fixed,34.0,double_slippage,0.05006513337914698,-0.033804490709402654,0.49382716049382713,243,0.04612869837522538,0.026086116463696105,34.008230452674894,34.009923334330416,0.9979423868312757,0.9975822398931339,0.0,0.0,2262.8031115569574,2237.44450841499,0.9948698842645797,0.9957084099829798
annual,2021.0,2,fixed_d35,fixed,35.0,double_slippage,0.03927656813704073,-0.06708163051961935,0.48148148148148145,243,0.04551616695320741,0.026879513995102324,35.01440329218107,35.0099425551237,0.9979423868312757,0.9975822398931339,0.0,0.0,2261.9714408691584,2238.5217518786317,0.9948698842645797,0.9957084099829798
annual,2021.0,2,fixed_d36,fixed,36.0,double_slippage,0.037359636228062196,0.005713207562750227,0.5020576131687243,243,0.04649979789987363,0.027624018465619703,36.008230452674894,36.009902062233195,0.9979423868312757,0.9975822398931339,0.0,0.0,2263.3069756622313,2239.5326102979843,0.9948698842645797,0.9957084099829798
annual,2021.0,2,fixed_d37,fixed,37.0,double_slippage,0.03398738772830894,-0.0071182966245349755,0.49794238683127573,243,0.047524939820995725,0.02840069565966306,37.00205761316872,37.00987029332799,0.9979423868312757,0.9975822398931339,0.0,0.0,2264.6988723976237,2240.5871515557064,0.9948698842645797,0.9957084099829798
annual,2021.0,2,fixed_d38,fixed,38.0,double_slippage,0.0167164034493731,-0.01463041560766526,0.49382716049382713,243,0.04574466394501983,0.02913632098269403,38.00617283950617,38.00982826073401,0.9979423868312757,0.9975822398931339,0.0,0.0,2262.2816849538035,2241.5859542234175,0.9948698842645797,0.9957084099829798
annual,2021.0,2,fixed_d39,fixed,39.0,double_slippage,0.017672453828588175,-0.050606647505867755,0.48148148148148145,243,0.04720480262154286,0.029851371477971123,39.00411522633745,39.00980389636669,0.9979423868312757,0.9975822398931339,0.0,0.0,2264.2642029010253,2242.556821212183,0.9948698842645797,0.9957084099829798
annual,2021.0,2,fixed_d4,fixed,4.0,double_slippage,0.227045835889395,0.012769836310947132,0.5020576131687243,243,0.00481447694584003,-0.00034946677569163055,4.004115226337449,4.007320176290582,0.9979423868312757,0.9975822398931339,0.0,0.0,2206.7083126339717,2201.5513298696833,0.9948698842645797,0.9957084099829798
annual,2021.0,2,fixed_d40,fixed,40.0,double_slippage,0.00798204107115042,-0.03797189914480396,0.4897119341563786,243,0.0464304719995751,0.030495445444086694,40.01234567901235,40.009798904079865,0.9979423868312757,0.9975822398931339,0.0,0.0,2263.2128477250994,2243.4313191059055,0.9948698842645797,0.9957084099829798
annual,2021.0,2,fixed_d41,fixed,41.0,double_slippage,0.0074771177316723236,-0.07543973522967976,0.4773662551440329,243,0.047575585089333725,0.031049012704567558,41.010288065843625,41.00980496209666,0.9979423868312757,0.9975822398931339,0.0,0.0,2264.767636519168,2244.1829306114037,0.9948698842645797,0.9957084099829798
annual,2021.0,2,fixed_d42,fixed,42.0,double_slippage,0.005559968714209397,-0.059801051049518814,0.4732510288065844,243,0.048036522675973144,0.03163176793583252,42.01440329218107,42.009764154473515,0.9979423868312757,0.9975822398931339,0.0,0.0,2265.3934791550455,2244.974172377269,0.9948698842645797,0.9957084099829798
annual,2021.0,2,fixed_d43,fixed,43.0,double_slippage,0.009191836330254515,-0.06688649458748858,0.4732510288065844,243,0.04919271720133149,0.0323188610446219,43.01440329218107,43.009725082313665,0.9979423868312757,0.9975822398931339,0.0,0.0,2266.9633138795507,2245.9070799438505,0.9948698842645797,0.9957084099829798
annual,2021.0,2,fixed_d44,fixed,44.0,double_slippage,0.000986629357542867,-0.03495401666972757,0.48148148148148145,243,0.048547542971370296,0.03294961509175129,44.00617283950617,44.00972743174464,0.9979423868312757,0.9975822398931339,0.0,0.0,2266.0873220915446,2246.7634925838433,0.9948698842645797,0.9957084099829798
annual,2021.0,2,fixed_d45,fixed,45.0,double_slippage,0.0069906285615694555,-0.06054069259280094,0.4732510288065844,243,0.050700650700670216,0.03347187632345709,45.01851851851852,45.00975782336024,0.9979423868312757,0.9975822398931339,0.0,0.0,2269.0107257272916,2247.472598014473,0.9948698842645797,0.9957084099829798
annual,2021.0,2,fixed_d46,fixed,46.0,double_slippage,0.023460994528871838,-0.02265137377379126,0.48559670781893005,243,0.05463533001982518,0.03378732651204625,46.01851851851852,46.00982327422449,0.9979423868312757,0.9975822398931339,0.0,0.0,2274.353076075382,2247.9009036750163,0.9948698842645797,0.9957084099829798
annual,2021.0,2,fixed_d47,fixed,47.0,double_slippage,0.02057928733376935,-0.03330131180989755,0.4691358024691358,243,0.055469329065093644,0.034170954910996205,47.01440329218107,47.00981334817703,0.9979423868312757,0.9975822398931339,0.0,0.0,2275.4854466520924,2248.421778985156,0.9948698842645797,0.9957084099829798
annual,2021.0,2,fixed_d48,fixed,48.0,double_slippage,0.02267822811843443,-0.03354475131965457,0.48559670781893005,243,0.05613811072411094,0.034589847932207075,48.01234567901235,48.00978115905766,0.9979423868312757,0.9975822398931339,0.0,0.0,2276.393491663906,2248.990535190213,0.9948698842645797,0.9957084099829798
annual,2021.0,2,fixed_d49,fixed,49.0,double_slippage,0.0278995885277707,-0.04542713456201675,0.48148148148148145,243,0.0580546421295849,0.035061660930372725,49.01440329218107,49.00973726788414,0.9979423868312757,0.9975822398931339,0.0,0.0,2278.99568142085,2249.631144025275,0.9948698842645797,0.9957084099829798
annual,2021.0,2,fixed_d5,fixed,5.0,double_slippage,0.10387317836937919,-0.3312469632043802,0.4691358024691358,243,0.004480447263207586,0.0006118198870935098,5.006172839506172,5.008110825453843,0.9979423868312757,0.9975822398931339,0.0,0.0,2206.2547804788637,2202.8565264869885,0.9948698842645797,0.9957084099829798
annual,2021.0,2,fixed_d50,fixed,50.0,double_slippage,0.01979155697808435,-0.05831734184137556,0.46502057613168724,243,0.0570558788149374,0.03559967842638177,50.00205761316872,50.00968854399216,0.9979423868312757,0.9975822398931339,0.0,0.0,2277.639600503226,2250.3616426819485,0.9948698842645797,0.9957084099829798
annual,2021.0,2,fixed_d51,fixed,51.0,double_slippage,0.024152313864632433,-0.09871344740314206,0.4609053497942387,243,0.05961099755012607,0.03607875975745279,51.00617283950617,51.009657620504676,0.9979423868312757,0.9975822398931339,0.0,0.0,2281.108838618237,2251.0121201689826,0.9948698842645797,0.9957084099829798
annual,2021.0,2,fixed_d52,fixed,52.0,double_slippage,0.025410711571593178,-0.11057647260600471,0.46502057613168724,243,0.06145146874945677,0.03662142787192589,52.00617283950617,52.00959200549065,0.9979423868312757,0.9975822398931339,0.0,0.0,2283.607756866677,2251.7489332495666,0.9948698842645797,0.9957084099829798
annual,2021.0,2,fixed_d53,fixed,53.0,double_slippage,0.025480813508840777,-0.08519233743080386,0.4691358024691358,243,0.062447351045341055,0.037162439874099715,53.00617283950617,53.00950349240251,0.9979423868312757,0.9975822398931339,0.0,0.0,2284.959926052151,2252.4834977270484,0.9948698842645797,0.9957084099829798
annual,2021.0,2,fixed_d54,fixed,54.0,double_slippage,0.019683806802092172,-0.07871310143644517,0.4609053497942387,243,0.06204304661545652,0.037709445627301,54.00205761316872,54.009441801078644,0.9979423868312757,0.9975822398931339,0.0,0.0,2284.410977653428,2253.226200280163,0.9948698842645797,0.9957084099829798
annual,2021.0,2,fixed_d55,fixed,55.0,double_slippage,0.010031671103609923,-0.0735716507707322,0.4609053497942387,243,0.060413925561785216,0.038183928042606806,55.010288065843625,55.00945799631568,0.9979423868312757,0.9975822398931339,0.0,0.0,2282.199022187119,2253.8704335431466,0.9948698842645797,0.9957084099829798
annual,2021.0,2,fixed_d56,fixed,56.0,double_slippage,0.004089944389503232,-0.05891616553882576,0.4403292181069959,243,0.059999149800872474,0.03862698619780642,56.008230452674894,56.00945432943542,0.9979423868312757,0.9975822398931339,0.0,0.0,2281.6358562335695,2254.4720002014847,0.9948698842645797,0.9957084099829798
annual,2021.0,2,fixed_d57,fixed,57.0,double_slippage,0.007989870504244108,-0.06942893470795597,0.4609053497942387,243,0.06281880590701189,0.03914902838549276,57.00617283950617,57.009428667627745,0.9979423868312757,0.9975822398931339,0.0,0.0,2285.46427261983,2255.1808082228977,0.9948698842645797,0.9957084099829798
annual,2021.0,2,fixed_d58,fixed,58.0,double_slippage,0.008767002503157963,-0.1211755222861697,0.43209876543209874,243,0.06449906718135046,0.03965315093657787,58.00205761316872,58.009423508266444,0.9979423868312757,0.9975822398931339,0.0,0.0,2287.7456642341745,2255.8652856778094,0.9948698842645797,0.9957084099829798
annual,2021.0,2,fixed_d59,fixed,59.0,double_slippage,0.009681026490687757,-0.13953942980172698,0.4279835390946502,243,0.06647673904117289,0.040131511493559015,59.00205761316872,59.00944456970934,0.9979423868312757,0.9975822398931339,0.0,0.0,2290.430868056833,2256.514784526588,0.9948698842645797,0.9957084099829798
annual,2021.0,2,fixed_d6,fixed,6.0,double_slippage,-0.014882394823293354,-0.15130558448311102,0.4773662551440329,243,0.0034279428485148914,0.0016303762655060106,6.006172839506172,6.008651421395251,0.9979423868312757,0.9975822398931339,0.0,0.0,2204.8257320431153,2204.239481635652,0.9948698842645797,0.9957084099829798
annual,2021.0,2,fixed_d60,fixed,60.0,double_slippage,0.010387710281762143,-0.11478777796065526,0.45267489711934156,243,0.06797621153352769,0.04068267356977642,60.00205761316872,60.00947585439647,0.9979423868312757,0.9975822398931339,0.0,0.0,2292.466791887395,2257.263130369005,0.9948698842645797,0.9957084099829798
annual,2021.0,2,fixed_d7,fixed,7.0,double_slippage,0.010101536891321646,-0.18498632436435983,0.4609053497942387,243,0.005528805882252242,0.00265288067434282,7.012345679012346,7.009076412126803,0.9979423868312757,0.9975822398931339,0.0,0.0,2207.6781999189434,2205.62779726226,0.9948698842645797,0.9957084099829798
annual,2021.0,2,fixed_d8,fixed,8.0,double_slippage,0.06898288271487243,-0.11890489035050116,0.4732510288065844,243,0.009044858778112659,0.003698716401243813,8.008230452674898,8.009394006835732,0.9979423868312757,0.9975822398931339,0.0,0.0,2212.4521560379776,2207.0477912202064,0.9948698842645797,0.9957084099829798
annual,2021.0,2,fixed_d9,fixed,9.0,double_slippage,0.04093314629141838,-0.2884468297996569,0.4691358024691358,243,0.009886764936579596,0.004708105421335049,9.006172839506172,9.009589794232571,0.9979423868312757,0.9975822398931339,0.0,0.0,2213.595262577015,2208.4182992960727,0.9948698842645797,0.9957084099829798
annual,2021.0,2,model_plan,model_plan,,double_slippage,0.27394069627803597,0.276472365019063,0.5720164609053497,243,0.0314194767067309,-0.0009957425531993706,17.967078189300413,2.8945091220665695,0.9979423868312757,0.9975822398931339,0.0,0.0,2242.8315181622197,2200.673842444437,0.9948698842645797,0.9957084099829798
annual,2021.0,2,rolling_path,rolling,,double_slippage,0.3155595812144324,0.2642311260908532,0.5349794238683128,243,0.008132382679292753,-0.0013824274110488968,6.462962962962963,2.4905090308895947,0.9979423868312757,0.9975822398931339,0.0,0.0,2211.213232453932,2200.14881719654,0.9948698842645797,0.9957084099829798
annual,2021.0,3,fixed_d10,fixed,10.0,base,0.1404469928077989,0.021213994595092142,0.5020576131687243,243,0.01586712028242459,0.007146496552583216,10.001371742112482,10.009763061063305,0.9958847736625515,0.9975822398931339,0.0,0.0,1009.5449434614461,1006.9326811413866,0.9915188677500572,0.9947345843710944
annual,2021.0,3,fixed_d11,fixed,11.0,base,0.15576865426504755,0.0359808670622859,0.5102880658436214,243,0.01851726759846872,0.008061943334371472,11.008230452674898,11.0098908403101,0.9958847736625515,0.9975822398931339,0.0,0.0,1011.323304977389,1007.5469848507579,0.9915188677500572,0.9947345843710944
annual,2021.0,3,fixed_d12,fixed,12.0,base,0.16725891110074323,0.09409002934253756,0.522633744855967,243,0.020885791120540818,0.008973065068165104,12.005486968449931,12.00992374147273,0.9958847736625515,0.9975822398931339,0.0,0.0,1012.9126849547807,1008.1583862690518,0.9915188677500572,0.9947345843710944
annual,2021.0,3,fixed_d13,fixed,13.0,base,0.18356718845814118,-0.03430033757265444,0.4897119341563786,243,0.02325086146911408,0.009806301056061971,13.002743484224967,13.009936020541849,0.9958847736625515,0.9975822398931339,0.0,0.0,1014.4997477059475,1008.7175230406583,0.9915188677500572,0.9947345843710944
annual,2021.0,3,fixed_d14,fixed,14.0,base,0.1815251369777772,-0.027390568710217528,0.4897119341563786,243,0.024987699300552228,0.010563394261404424,14.006858710562415,14.009953236841689,0.9958847736625515,0.9975822398931339,0.0,0.0,1015.665239729793,1009.2255647680792,0.9915188677500572,0.9947345843710944
annual,2021.0,3,fixed_d15,fixed,15.0,base,0.16874398901523943,0.0001300916582335273,0.5020576131687243,243,0.025883583457610135,0.011344131690806464,15.005486968449931,15.00999002950727,0.9958847736625515,0.9975822398931339,0.0,0.0,1016.2664160862947,1009.7494727750413,0.9915188677500572,0.9947345843710944
annual,2021.0,3,fixed_d16,fixed,16.0,base,0.16855050945587832,0.04774727114044114,0.5185185185185185,243,0.02747470392831289,0.012025569884394922,16.008230452674898,16.010063249681885,0.9958847736625515,0.9975822398931339,0.0,0.0,1017.3341255661394,1010.2067467732205,0.9915188677500572,0.9947345843710944
annual,2021.0,3,fixed_d17,fixed,17.0,base,0.15172552253354152,0.052705198861607065,0.522633744855967,243,0.02837378135727447,0.012794314465775504,17.019204389574757,17.010108238768797,0.9958847736625515,0.9975822398931339,0.0,0.0,1017.9374447438481,1010.7226070693031,0.9915188677500572,0.9947345843710944
annual,2021.0,3,fixed_d18,fixed,18.0,base,0.1523182409876495,0.05155186161530899,0.5390946502057613,243,0.02988702716995986,0.013432690083565568,18.016460905349795,18.010207067284004,0.9958847736625515,0.9975822398931339,0.0,0.0,1018.9528970174439,1011.1509842483833,0.9915188677500572,0.9947345843710944
annual,2021.0,3,fixed_d19,fixed,19.0,base,0.13123471318337798,0.0212212434735257,0.5102880658436214,243,0.029830959104923817,0.014185781107555173,19.00960219478738,19.010183520115305,0.9958847736625515,0.9975822398931339,0.0,0.0,1018.9152729621594,1011.6563403419699,0.9915188677500572,0.9947345843710944
annual,2021.0,3,fixed_d2,fixed,2.0,base,0.2280827554274657,0.022835278260233946,0.5061728395061729,243,0.0015812944858445736,-0.0007788740603050466,2.0027434842249656,2.0052621047784633,0.9958847736625515,0.9975822398931339,0.0,0.0,999.9585470123508,1001.6144205253754,0.9915188677500572,0.9947345843710944
annual,2021.0,3,fixed_d20,fixed,20.0,base,0.14355451633867192,0.03977516280292277,0.5102880658436214,243,0.03261715557878346,0.015052876783112158,20.006858710562412,20.010171187838214,0.9958847736625515,0.9975822398931339,0.0,0.0,1020.7849292469126,1012.2381984034882,0.9915188677500572,0.9947345843710944
annual,2021.0,3,fixed_d21,fixed,21.0,base,0.15958819306477576,0.023228618415694423,0.5102880658436214,243,0.036189594362705794,0.01595947186743593,21.012345679012345,21.01015368019517,0.9958847736625515,0.9975822398931339,0.0,0.0,1023.1821875475832,1012.8465622475444,0.9915188677500572,0.9947345843710944
annual,2021.0,3,fixed_d22,fixed,22.0,base,0.14431169021548138,0.01687022257122838,0.51440329218107,243,0.03658292158883229,0.016892419881396146,22.012345679012345,22.010148140235913,0.9958847736625515,0.9975822398931339,0.0,0.0,1023.4461268380078,1013.4726100277405,0.9915188677500572,0.9947345843710944
annual,2021.0,3,fixed_d23,fixed,23.0,base,0.12846192898794484,0.02619727004529291,0.5185185185185185,243,0.03684184692404219,0.017889263892731183,23.02469135802469,23.010110783505283,0.9958847736625515,0.9975822398931339,0.0,0.0,1023.6198767457405,1014.1415347386138,0.9915188677500572,0.9947345843710944
annual,2021.0,3,fixed_d24,fixed,24.0,base,0.13067292433241803,0.06143959728686464,0.522633744855967,243,0.03924466787764422,0.01889871830153601,24.019204389574757,24.010073174140587,0.9958847736625515,0.9975822398931339,0.0,0.0,1025.2322717577897,1014.8189215623007,0.9915188677500572,0.9947345843710944
annual,2021.0,3,fixed_d25,fixed,25.0,base,0.1187738684529849,0.01015592725660063,0.5102880658436214,243,0.039888728901115646,0.019933237629894834,25.016460905349795,25.0099605351018,0.9958847736625515,0.9975822398931339,0.0,0.0,1025.6644640857892,1015.5131280126042,0.9915188677500572,0.9947345843710944
annual,2021.0,3,fixed_d26,fixed,26.0,base,0.10578663828468256,-0.01766628726418208,0.48559670781893005,243,0.04013656198751304,0.02095086762254214,26.021947873799725,26.009919297300176,0.9958847736625515,0.9975822398931339,0.0,0.0,1025.830770622998,1016.1960010006215,0.9915188677500572,0.9947345843710944
annual,2021.0,3,fixed_d27,fixed,27.0,base,0.10403172811617953,0.022023243730223897,0.5102880658436214,243,0.04174971033328965,0.021929925908870832,27.01508916323731,27.009887535582198,0.9958847736625515,0.9975822398931339,0.0,0.0,1026.9132617434984,1016.8529907338832,0.9915188677500572,0.9947345843710944
annual,2021.0,3,fixed_d28,fixed,28.0,base,0.10877651846673254,0.044264557582440404,0.522633744855967,243,0.04323665600705664,0.022852102367308592,28.008230452674898,28.009885134959315,0.9958847736625515,0.9975822398931339,0.0,0.0,1027.9110655057702,1017.4718103423878,0.9915188677500572,0.9947345843710944
annual,2021.0,3,fixed_d29,fixed,29.0,base,0.10617172762915317,0.013825475558988866,0.5102880658436214,243,0.044252141027598654,0.02371109390045406,29.01097393689986,29.009853750216077,0.9958847736625515,0.9975822398931339,0.0,0.0,1028.5924991263162,1018.048230179813,0.9915188677500572,0.9947345843710944
annual,2021.0,3,fixed_d3,fixed,3.0,base,0.16083566415997325,-0.12171091634934034,0.48559670781893005,243,0.0028278360211504154,0.00011906906035030488,3.0027434842249656,3.0063477644023995,0.9958847736625515,0.9975822398931339,0.0,0.0,1000.7950293773098,1002.2169785339856,0.9915188677500572,0.9947345843710944
annual,2021.0,3,fixed_d30,fixed,30.0,base,0.10146952395814873,0.030440910367787274,0.5102880658436214,243,0.04541583592013539,0.024524107648186324,30.0315500685871,30.009836090995883,0.9958847736625515,0.9975822398931339,0.0,0.0,1029.3733878718804,1018.593796968552,0.9915188677500572,0.9947345843710944
annual,2021.0,3,fixed_d31,fixed,31.0,base,0.10437083454067306,0.03517936908561188,0.51440329218107,243,0.0474684567953801,0.025259890058019777,31.04458161865569,31.00984234588924,0.9958847736625515,0.9975822398931339,0.0,0.0,1030.7507837431424,1019.0875382461911,0.9915188677500572,0.9947345843710944
annual,2021.0,3,fixed_d32,fixed,32.0,base,0.0923401602400237,0.03595289851392432,0.51440329218107,243,0.04692684271891005,0.026047591538366565,32.040466392318244,32.00987320931829,0.9958847736625515,0.9975822398931339,0.0,0.0,1030.387337671954,1019.616119427403,0.9915188677500572,0.9947345843710944
annual,2021.0,3,fixed_d33,fixed,33.0,base,0.09483919397345332,0.0326211510229225,0.5267489711934157,243,0.04866012416164763,0.026757920765246503,33.03223593964335,33.00992271508857,0.9958847736625515,0.9975822398931339,0.0,0.0,1031.550443207787,1020.092780537178,0.9915188677500572,0.9947345843710944
annual,2021.0,3,fixed_d34,fixed,34.0,base,0.08511523652044259,0.027119440960836606,0.5102880658436214,243,0.048814829033393035,0.027519965871717247,34.02880658436214,34.009923334330416,0.9958847736625515,0.9975822398931339,0.0,0.0,1031.6542567537635,1020.6041452007781,0.9915188677500572,0.9947345843710944
annual,2021.0,3,fixed_d35,fixed,35.0,base,0.08137705038458566,-0.0010123346382373184,0.49794238683127573,243,0.049257936806255065,0.028314516124416673,35.03017832647462,35.0099425551237,0.9958847736625515,0.9975822398931339,0.0,0.0,1031.9516009073893,1021.1373221994036,0.9915188677500572,0.9947345843710944
annual,2021.0,3,fixed_d36,fixed,36.0,base,0.07741628152972868,0.03991448187945999,0.5267489711934157,243,0.04995136661468124,0.02905956369080571,36.021947873799725,36.009902062233195,0.9958847736625515,0.9975822398931339,0.0,0.0,1032.4169217889298,1021.6372807909852,0.9915188677500572,0.9947345843710944
annual,2021.0,3,fixed_d37,fixed,37.0,base,0.07005263413848302,0.07694290012105146,0.5473251028806584,243,0.05051086073224557,0.029837246450185224,37.01714677640604,37.00987029332799,0.9958847736625515,0.9975822398931339,0.0,0.0,1032.7923661278362,1022.1591389844976,0.9915188677500572,0.9947345843710944
annual,2021.0,3,fixed_d38,fixed,38.0,base,0.060043380409565784,0.051497089769243776,0.5185185185185185,243,0.050009751313777204,0.030573845828913145,38.01508916323731,38.00982826073401,0.9958847736625515,0.9975822398931339,0.0,0.0,1032.4561004041584,1022.6534284829971,0.9915188677500572,0.9947345843710944
annual,2021.0,3,fixed_d39,fixed,39.0,base,0.06680820826619766,0.029259238317693215,0.5185185185185185,243,0.05223526401620449,0.03128962548306976,39.00754458161866,39.00980389636669,0.9958847736625515,0.9975822398931339,0.0,0.0,1033.9495140416868,1023.1337470611911,0.9915188677500572,0.9947345843710944
annual,2021.0,3,fixed_d4,fixed,4.0,base,0.2210571613403096,0.02326885681089622,0.51440329218107,243,0.005623707215467021,0.0010464855608471604,4.004115226337449,4.007320176290582,0.9958847736625515,0.9975822398931339,0.0,0.0,1002.6711778107972,1002.8393144334842,0.9915188677500572,0.9947345843710944
annual,2021.0,3,fixed_d40,fixed,40.0,base,0.06069161815114508,0.00824566622919733,0.5061728395061729,243,0.05239241164991153,0.03193457299322851,40.01234567901235,40.009798904079865,0.9958847736625515,0.9975822398931339,0.0,0.0,1034.0549667847904,1023.5665342594444,0.9915188677500572,0.9947345843710944
annual,2021.0,3,fixed_d41,fixed,41.0,base,0.04501776059732515,0.0003027527736243355,0.5020576131687243,243,0.05115176188093392,0.03248910398468964,41.00960219478738,41.00980496209666,0.9958847736625515,0.9975822398931339,0.0,0.0,1033.2224380455177,1023.9386481297347,0.9915188677500572,0.9947345843710944
annual,2021.0,3,fixed_d42,fixed,42.0,base,0.04360203570998789,-0.018829097144627868,0.4897119341563786,243,0.05181531499244535,0.033072895550282984,42.010973936899866,42.009764154473515,0.9958847736625515,0.9975822398931339,0.0,0.0,1033.667710393267,1024.330397089235,0.9915188677500572,0.9947345843710944
annual,2021.0,3,fixed_d43,fixed,43.0,base,0.04389679499902882,-0.005140594592761311,0.49794238683127573,243,0.05256439605084834,0.03376108289962793,43.01097393689986,43.009725082313665,0.9958847736625515,0.9975822398931339,0.0,0.0,1034.1703756294667,1024.7922000578567,0.9915188677500572,0.9947345843710944
annual,2021.0,3,fixed_d44,fixed,44.0,base,0.038167780847893185,-0.044013146341977984,0.48148148148148145,243,0.05256152478947656,0.034392826847568,44.00411522633745,44.00972743174464,0.9958847736625515,0.9975822398931339,0.0,0.0,1034.16844889102,1025.2161271045325,0.9915188677500572,0.9947345843710944
annual,2021.0,3,fixed_d45,fixed,45.0,base,0.03635107264775095,0.010500766159558944,0.5020576131687243,243,0.05326410152651954,0.0349159652521234,45.01234567901235,45.00975782336024,0.9958847736625515,0.9975822398931339,0.0,0.0,1034.6399077505287,1025.567175214402,0.9915188677500572,0.9947345843710944
annual,2021.0,3,fixed_d46,fixed,46.0,base,0.045678538546272435,0.010050831154794488,0.5020576131687243,243,0.055726270268636545,0.03523220012050971,46.01234567901235,46.00982327422449,0.9958847736625515,0.9975822398931339,0.0,0.0,1036.2921276517504,1025.7793822553213,0.9915188677500572,0.9947345843710944
annual,2021.0,3,fixed_d47,fixed,47.0,base,0.044746557999251924,0.005010806852537802,0.5020576131687243,243,0.05657424319978515,0.03561618510823116,47.010973936899866,47.00981334817703,0.9958847736625515,0.9975822398931339,0.0,0.0,1036.8611535387972,1026.0370525066046,0.9915188677500572,0.9947345843710944
annual,2021.0,3,fixed_d48,fixed,48.0,base,0.04575998809088512,0.017440368501774238,0.5061728395061729,243,0.057386989553876874,0.03603574816236914,48.01097393689986,48.00978115905766,0.9958847736625515,0.9975822398931339,0.0,0.0,1037.4065408950357,1026.3185971529997,0.9915188677500572,0.9947345843710944
annual,2021.0,3,fixed_d49,fixed,49.0,base,0.045925143964460596,-0.014814981567191432,0.49382716049382713,243,0.05837341932893505,0.03650808907629218,49.010973936899866,49.00973726788414,0.9958847736625515,0.9975822398931339,0.0,0.0,1038.0684772106226,1026.6355579870788,0.9915188677500572,0.9947345843710944
annual,2021.0,3,fixed_d5,fixed,5.0,base,0.18120392989661502,0.0336236941564455,0.5185185185185185,243,0.006902393631864328,0.0020087536871061123,5.006858710562414,5.008110825453843,0.9958847736625515,0.9975822398931339,0.0,0.0,1003.5292307575565,1003.4850372555316,0.9915188677500572,0.9947345843710944
annual,2021.0,3,fixed_d50,fixed,50.0,base,0.042742526930464736,-0.006072995192166841,0.49794238683127573,243,0.058550333722058194,0.037047250136004045,50.00411522633745,50.00968854399216,0.9958847736625515,0.9975822398931339,0.0,0.0,1038.1871942896469,1026.9973579797365,0.9915188677500572,0.9947345843710944
annual,2021.0,3,fixed_d51,fixed,51.0,base,0.0409689077961453,-0.021896231421469712,0.49382716049382713,243,0.059026542559014156,0.037527241781481056,51.008230452674894,51.009657620504676,0.9958847736625515,0.9975822398931339,0.0,0.0,1038.5067506645205,1027.3194527799476,0.9915188677500572,0.9947345843710944
annual,2021.0,3,fixed_d52,fixed,52.0,base,0.039715026373107615,-0.020746213535078644,0.4773662551440329,243,0.05961154096122372,0.03807077110042214,52.00548696844994,52.00959200549065,0.9958847736625515,0.9975822398931339,0.0,0.0,1038.8993094626967,1027.6841840602576,0.9915188677500572,0.9947345843710944
annual,2021.0,3,fixed_d53,fixed,53.0,base,0.035624672810221025,-0.03575680706526271,0.4609053497942387,243,0.05976800804333668,0.038612658194255564,53.008230452674894,53.00950349240251,0.9958847736625515,0.9975822398931339,0.0,0.0,1039.0043055267479,1028.047813337704,0.9915188677500572,0.9947345843710944
annual,2021.0,3,fixed_d54,fixed,54.0,base,0.029037744147681968,-0.0656873515744299,0.4691358024691358,243,0.059200311530469917,0.03916035374146112,54.002743484224965,54.009441801078644,0.9958847736625515,0.9975822398931339,0.0,0.0,1038.6233570318839,1028.4153403343005,0.9915188677500572,0.9947345843710944
annual,2021.0,3,fixed_d55,fixed,55.0,base,0.02761232902653168,-0.047871031603526196,0.4691358024691358,243,0.05940689294800621,0.03963577784584261,55.00960219478738,55.00945799631568,0.9958847736625515,0.9975822398931339,0.0,0.0,1038.7619819455374,1028.7343701202542,0.9915188677500572,0.9947345843710944
annual,2021.0,3,fixed_d56,fixed,56.0,base,0.025309934137918752,-0.060998682961209964,0.4732510288065844,243,0.059970009540617625,0.04007951207277814,56.008230452674894,56.00945432943542,0.9958847736625515,0.9975822398931339,0.0,0.0,1039.1398571192017,1029.0321346511962,0.9915188677500572,0.9947345843710944
annual,2021.0,3,fixed_d57,fixed,57.0,base,0.029221938388084102,-0.04814131497414877,0.4691358024691358,243,0.062345671123716695,0.04060221599808219,57.00685871056242,57.009428667627745,0.9958847736625515,0.9975822398931339,0.0,0.0,1040.734027039006,1029.3828912070167,0.9915188677500572,0.9947345843710944
annual,2021.0,3,fixed_d58,fixed,58.0,base,0.027123015954874014,-0.10157580989111856,0.45267489711934156,243,0.06303216306338995,0.041107539853728434,58.00411522633745,58.009423508266444,0.9958847736625515,0.9975822398931339,0.0,0.0,1041.1946923156595,1029.7219849972105,0.9915188677500572,0.9947345843710944
annual,2021.0,3,fixed_d59,fixed,59.0,base,0.027609398239817756,-0.11351402418246537,0.4567901234567901,243,0.0647554774761666,0.04158678138041068,59.00548696844994,59.00944456970934,0.9958847736625515,0.9975822398931339,0.0,0.0,1042.3511095506553,1030.04357643582,0.9915188677500572,0.9947345843710944
annual,2021.0,3,fixed_d6,fixed,6.0,base,0.08342009006124272,0.0012395170502473157,0.5061728395061729,243,0.00651773140385008,0.003028484614376167,6.005486968449931,6.008651421395251,0.9958847736625515,0.9975822398931339,0.0,0.0,1003.2711060492455,1004.1693200599987,0.9915188677500572,0.9947345843710944
annual,2021.0,3,fixed_d60,fixed,60.0,base,0.028436991237867974,-0.11348574813539565,0.4567901234567901,243,0.06644093329116998,0.042138873291958916,60.00411522633745,60.00947585439647,0.9958847736625515,0.9975822398931339,0.0,0.0,1043.4821220570468,1030.4140535797947,0.9915188677500572,0.9947345843710944
annual,2021.0,3,fixed_d7,fixed,7.0,base,0.09267144087147246,-0.003554449685443743,0.49794238683127573,243,0.008501939216460998,0.004052562556505129,7.008230452674897,7.009076412126803,0.9958847736625515,0.9975822398931339,0.0,0.0,1004.6025938470054,1004.8565198962428,0.9915188677500572,0.9947345843710944
annual,2021.0,3,fixed_d8,fixed,8.0,base,0.15363683875031248,0.0024385129666028567,0.5061728395061729,243,0.012299343678532753,0.00510002062677808,8.008230452674898,8.009394006835732,0.9958847736625515,0.9975822398931339,0.0,0.0,1007.1508136817811,1005.5594087924409,0.9915188677500572,0.9947345843710944
annual,2021.0,3,fixed_d9,fixed,9.0,base,0.12757899909658751,0.046917611218687386,0.5102880658436214,243,0.013406295285167156,0.006110912965589252,9.004115226337449,9.009589794232571,0.9958847736625515,0.9975822398931339,0.0,0.0,1007.8936252701525,1006.2377605282935,0.9915188677500572,0.9947345843710944
annual,2021.0,3,model_plan,model_plan,,base,0.24104661077653355,0.16404722560970353,0.5390946502057613,243,0.02693804416581121,0.0003992388982563996,16.95610425240055,2.8945091220665695,0.9958847736625515,0.9975822398931339,0.0,0.0,1016.9740040502504,1002.404984406204,0.9915188677500572,0.9947345843710944
annual,2021.0,3,rolling_path,rolling,,base,0.3280631984757554,0.1536180300120037,0.5267489711934157,243,0.011891001648455126,1.2400024473997905e-05,6.299039780521262,2.4905090308895947,0.9958847736625515,0.9975822398931339,0.0,0.0,1006.8767988195744,1002.1453990760449,0.9915188677500572,0.9947345843710944
annual,2021.0,3,fixed_d10,fixed,10.0,double_slippage,0.1405039856255389,0.021253824193506847,0.5020576131687243,243,0.014456377808349552,0.005744436472683301,10.001371742112482,10.009763061063305,0.9958847736625515,0.9975822398931339,0.0,0.0,1474.95430034262,1471.7265065332017,0.9915381211960423,0.9946975072210918
annual,2021.0,3,fixed_d11,fixed,11.0,double_slippage,0.155770593452596,0.03561993755930904,0.5102880658436214,243,0.017099624804515108,0.006658536572864787,11.008230452674898,11.0098908403101,0.9958847736625515,0.9975822398931339,0.0,0.0,1477.3468971067018,1472.5539255920007,0.9915381211960423,0.9946975072210918
annual,2021.0,3,fixed_d12,fixed,12.0,double_slippage,0.16721185697147542,0.09463999165537657,0.522633744855967,243,0.01946319772381197,0.007568332386279999,12.005486968449931,12.00992374147273,0.9958847736625515,0.9975822398931339,0.0,0.0,1479.4863403469967,1473.377448525086,0.9915381211960423,0.9946975072210918
annual,2021.0,3,fixed_d13,fixed,13.0,double_slippage,0.18348100682286314,-0.03460859848032588,0.4897119341563786,243,0.021822724796034025,0.008400316594319819,13.002743484224967,13.009936020541849,0.9958847736625515,0.9975822398931339,0.0,0.0,1481.6221213943027,1474.1305384659088,0.9915381211960423,0.9946975072210918
annual,2021.0,3,fixed_d14,fixed,14.0,double_slippage,0.18144371192824083,-0.026775942742531728,0.4897119341563786,243,0.023557016268606575,0.009156290591876408,14.006858710562415,14.009953236841689,0.9958847736625515,0.9975822398931339,0.0,0.0,1483.1919558332609,1474.814825989136,0.9915381211960423,0.9946975072210918
annual,2021.0,3,fixed_d15,fixed,15.0,double_slippage,0.1686242914856208,0.00018453040661386456,0.5020576131687243,243,0.024448948562759483,0.00993583464005449,15.005486968449931,15.00999002950727,0.9958847736625515,0.9975822398931339,0.0,0.0,1483.9993091845988,1475.5204484942724,0.9915381211960423,0.9946975072210918
annual,2021.0,3,fixed_d16,fixed,16.0,double_slippage,0.16847575482459537,0.047799995939776914,0.5185185185185185,243,0.02604028829561132,0.010616302856740693,16.008230452674898,16.010063249681885,0.9958847736625515,0.9975822398931339,0.0,0.0,1485.4397475170344,1476.136390196151,0.9915381211960423,0.9946975072210918
annual,2021.0,3,fixed_d17,fixed,17.0,double_slippage,0.15169676152274003,0.052855493269877485,0.522633744855967,243,0.026940073860952478,0.011383883881616019,17.019204389574757,17.010108238768797,0.9958847736625515,0.9975822398931339,0.0,0.0,1486.2542094402393,1476.8311840912922,0.9915381211960423,0.9946975072210918
annual,2021.0,3,fixed_d18,fixed,18.0,double_slippage,0.15224983632107286,0.05008212955391362,0.5390946502057613,243,0.02844799551543349,0.012021314289924567,18.016460905349795,18.010207067284004,0.9958847736625515,0.9975822398931339,0.0,0.0,1487.6191399504153,1477.4081691155666,0.9915381211960423,0.9946975072210918
annual,2021.0,3,fixed_d19,fixed,19.0,double_slippage,0.13119654526343283,0.020585683827776594,0.5102880658436214,243,0.028394310162468312,0.012773356681654852,19.00960219478738,19.010183520115305,0.9958847736625515,0.9975822398931339,0.0,0.0,1487.5705453991043,1478.0888978539383,0.9915381211960423,0.9946975072210918
annual,2021.0,3,fixed_d2,fixed,2.0,double_slippage,0.22818260152482872,0.02516631603710421,0.5061728395061729,243,0.00019048686976755563,-0.002169383031564078,2.0027434842249656,2.0052621047784633,0.9958847736625515,0.9975822398931339,0.0,0.0,1462.041195912389,1464.5631279443494,0.9915381211960423,0.9946975072210918
annual,2021.0,3,fixed_d20,fixed,20.0,double_slippage,0.14349429827623703,0.03913744487701087,0.5102880658436214,243,0.031174828425837787,0.013639305547109635,20.006858710562412,20.010171187838214,0.9958847736625515,0.9975822398931339,0.0,0.0,1490.0873964573125,1478.8727316978252,0.9915381211960423,0.9946975072210918
annual,2021.0,3,fixed_d21,fixed,21.0,double_slippage,0.1595385109377191,0.022807163820819307,0.5102880658436214,243,0.034742774269826256,0.014544564525226372,21.012345679012345,21.01015368019517,0.9958847736625515,0.9975822398931339,0.0,0.0,1493.3170059842025,1479.692148008461,0.9915381211960423,0.9946975072210918
annual,2021.0,3,fixed_d22,fixed,22.0,double_slippage,0.14421423383405765,0.016249428396376296,0.51440329218107,243,0.035131069341850646,0.015476061431527773,22.012345679012345,22.010148140235913,0.9958847736625515,0.9975822398931339,0.0,0.0,1493.6684803391083,1480.5353141927037,0.9915381211960423,0.9946975072210918
annual,2021.0,3,fixed_d23,fixed,23.0,double_slippage,0.12837635510637477,0.026669417647213086,0.5185185185185185,243,0.035389415206874913,0.016471403979775198,23.02469135802469,23.010110783505283,0.9958847736625515,0.9975822398931339,0.0,0.0,1493.902328133722,1481.4362717511701,0.9915381211960423,0.9946975072210918
annual,2021.0,3,fixed_d24,fixed,24.0,double_slippage,0.13060243478039626,0.06227533924708337,0.522633744855967,243,0.0377904996545922,0.01747950297921857,24.019204389574757,24.010073174140587,0.9958847736625515,0.9975822398931339,0.0,0.0,1496.0757258102253,1482.3487761094234,0.9915381211960423,0.9946975072210918
annual,2021.0,3,fixed_d25,fixed,25.0,double_slippage,0.11867725857747134,0.009428364345847175,0.5102880658436214,243,0.03843167579974334,0.018512646944642795,25.016460905349795,25.0099605351018,0.9958847736625515,0.9975822398931339,0.0,0.0,1496.6561013757039,1483.2839505036777,0.9915381211960423,0.9946975072210918
annual,2021.0,3,fixed_d26,fixed,26.0,double_slippage,0.10567892343446944,-0.014995199787727148,0.48559670781893005,243,0.03867655271266169,0.019528763854141217,26.021947873799725,26.009919297300176,0.9958847736625515,0.9975822398931339,0.0,0.0,1496.877757433687,1484.2037124605133,0.9915381211960423,0.9946975072210918
annual,2021.0,3,fixed_d27,fixed,27.0,double_slippage,0.10396064352626001,0.022130960599098363,0.5102880658436214,243,0.04029126334283237,0.02050644463490747,27.01508916323731,27.009887535582198,0.9958847736625515,0.9975822398931339,0.0,0.0,1498.3393504797693,1485.0886830575703,0.9915381211960423,0.9946975072210918
annual,2021.0,3,fixed_d28,fixed,28.0,double_slippage,0.10870328620707692,0.04750236800708217,0.522633744855967,243,0.04177542729206495,0.021427207605257712,28.008230452674898,28.009885134959315,0.9958847736625515,0.9975822398931339,0.0,0.0,1499.6827761480668,1485.9221331689448,0.9915381211960423,0.9946975072210918
annual,2021.0,3,fixed_d29,fixed,29.0,double_slippage,0.1060651267709442,0.01402793196229517,0.5102880658436214,243,0.042785698801275314,0.022285061971502502,29.01097393689986,29.009853750216077,0.9958847736625515,0.9975822398931339,0.0,0.0,1500.597247004284,1486.6986400877865,0.9915381211960423,0.9946975072210918
annual,2021.0,3,fixed_d3,fixed,3.0,double_slippage,0.16078992501605308,-0.12246902324939969,0.48559670781893005,243,0.0014336968670816375,-0.0012728351812209154,3.0027434842249656,3.0063477644023995,0.9958847736625515,0.9975822398931339,0.0,0.0,1463.1665164824917,1465.3746591741915,0.9915381211960423,0.9946975072210918
annual,2021.0,3,fixed_d30,fixed,30.0,double_slippage,0.10139480569252213,0.030683376708031337,0.5102880658436214,243,0.04395184538341526,0.02309683556058859,30.0315500685871,30.009836090995883,0.9958847736625515,0.9975822398931339,0.0,0.0,1501.652811823962,1487.4334359147495,0.9915381211960423,0.9946975072210918
annual,2021.0,3,fixed_d31,fixed,31.0,double_slippage,0.10426781781859967,0.03539382968084062,0.51440329218107,243,0.045997483807010194,0.02383139645570742,31.04458161865569,31.00984234588924,0.9958847736625515,0.9975822398931339,0.0,0.0,1503.5044692286124,1488.0983408681004,0.9915381211960423,0.9946975072210918
annual,2021.0,3,fixed_d32,fixed,32.0,double_slippage,0.09227379875546103,0.03498397054581064,0.51440329218107,243,0.045460751303912306,0.024617942555033506,32.040466392318244,32.00987320931829,0.9958847736625515,0.9975822398931339,0.0,0.0,1503.0186332655144,1488.8103014433996,0.9915381211960423,0.9946975072210918
annual,2021.0,3,fixed_d33,fixed,33.0,double_slippage,0.09479990681775165,0.03222878911545846,0.5267489711934157,243,0.04719627012727889,0.02532735676271485,33.03223593964335,33.00992271508857,0.9958847736625515,0.9975822398931339,0.0,0.0,1504.5895786697126,1489.4524442851975,0.9915381211960423,0.9946975072210918
annual,2021.0,3,fixed_d34,fixed,34.0,double_slippage,0.08510062067328845,0.0257026244627633,0.5102880658436214,243,0.047354753191638066,0.02608824146931551,34.02880658436214,34.009923334330416,0.9958847736625515,0.9975822398931339,0.0,0.0,1504.7330333175385,1490.1411768514286,0.9915381211960423,0.9946975072210918
annual,2021.0,3,fixed_d35,fixed,35.0,double_slippage,0.08138293872935529,-0.0010306491361605267,0.49794238683127573,243,0.047799930946786154,0.02688170124282722,35.03017832647462,35.0099425551237,0.9958847736625515,0.9975822398931339,0.0,0.0,1505.1359963618363,1490.8593955004183,0.9915381211960423,0.9946975072210918
annual,2021.0,3,fixed_d36,fixed,36.0,double_slippage,0.07741425119420782,0.039766300436947837,0.5267489711934157,243,0.04849184899460741,0.027625739965488807,36.021947873799725,36.009902062233195,0.9958847736625515,0.9975822398931339,0.0,0.0,1505.7623021458326,1491.5328795307694,0.9915381211960423,0.9946975072210918
annual,2021.0,3,fixed_d37,fixed,37.0,double_slippage,0.07005036017110565,0.0771181899169876,0.5473251028806584,243,0.04905040945349222,0.028402233404450306,37.01714677640604,37.00987029332799,0.9958847736625515,0.9975822398931339,0.0,0.0,1506.2678961930053,1492.235740705712,0.9915381211960423,0.9946975072210918
annual,2021.0,3,fixed_d38,fixed,38.0,double_slippage,0.06001769400686304,0.051507933621350595,0.5185185185185185,243,0.04854673715863754,0.029137808954418868,38.01508916323731,38.00982826073401,0.9958847736625515,0.9975822398931339,0.0,0.0,1505.8119854496763,1492.901564097603,0.9915381211960423,0.9946975072210918
annual,2021.0,3,fixed_d39,fixed,39.0,double_slippage,0.06676978928512184,0.029436392403309503,0.51440329218107,243,0.05076739943070392,0.02985241118296494,39.00754458161866,39.00980389636669,0.9958847736625515,0.9975822398931339,0.0,0.0,1507.8220697792792,1493.548402997677,0.9915381211960423,0.9946975072210918
annual,2021.0,3,fixed_d4,fixed,4.0,double_slippage,0.2210313876562958,0.02402303310319281,0.51440329218107,243,0.004225298985561341,-0.0003466576426729176,4.004115226337449,4.007320176290582,0.9958847736625515,0.9975822398931339,0.0,0.0,1465.6934003510685,1466.2130104084533,0.9915381211960423,0.9946975072210918
annual,2021.0,3,fixed_d40,fixed,40.0,double_slippage,0.06066961857299531,0.008431687149563796,0.5061728395061729,243,0.050926784522819915,0.03049663314570948,40.01234567901235,40.009798904079865,0.9958847736625515,0.9975822398931339,0.0,0.0,1507.966340918599,1494.1315355560978,0.9915381211960423,0.9946975072210918
annual,2021.0,3,fixed_d41,fixed,41.0,double_slippage,0.045010485039710446,0.000300226585697949,0.5020576131687243,243,0.049691226916019085,0.031050302861635515,41.00960219478738,41.00980496209666,0.9958847736625515,0.9975822398931339,0.0,0.0,1506.8479470885272,1494.6327026330362,0.9915381211960423,0.9946975072210918
annual,2021.0,3,fixed_d42,fixed,42.0,double_slippage,0.04357225039380258,-0.018740862230175185,0.4897119341563786,243,0.05034987459982197,0.03163331539807559,42.010973936899866,42.009764154473515,0.9958847736625515,0.9975822398931339,0.0,0.0,1507.4441374253452,1495.1604300494025,0.9915381211960423,0.9946975072210918
annual,2021.0,3,fixed_d43,fixed,43.0,double_slippage,0.04386386778989232,-0.003801540450906737,0.49794238683127573,243,0.0510966333455484,0.03232038102883243,43.01097393689986,43.009725082313665,0.9958847736625515,0.9975822398931339,0.0,0.0,1508.1200835481116,1495.7823435547407,0.9915381211960423,0.9946975072210918
annual,2021.0,3,fixed_d44,fixed,44.0,double_slippage,0.038137128382637824,-0.043954551233477863,0.48148148148148145,243,0.05109340704134296,0.03295119536101799,44.00411522633745,44.00972743174464,0.9958847736625515,0.9975822398931339,0.0,0.0,1508.1171631834943,1496.3533398831626,0.9915381211960423,0.9946975072210918
annual,2021.0,3,fixed_d45,fixed,45.0,double_slippage,0.036333749835440354,0.010599824191721157,0.5020576131687243,243,0.0517975765061916,0.03347348177565019,45.01234567901235,45.00975782336024,0.9958847736625515,0.9975822398931339,0.0,0.0,1508.754558623801,1496.8260996318297,0.9915381211960423,0.9946975072210918
annual,2021.0,3,fixed_d46,fixed,46.0,double_slippage,0.04565550426254061,0.0101939521015955,0.5020576131687243,243,0.054255180495677166,0.03378923220092305,46.01234567901235,46.00982327422449,0.9958847736625515,0.9975822398931339,0.0,0.0,1510.9791162838171,1497.1119085051062,0.9915381211960423,0.9946975072210918
annual,2021.0,3,fixed_d47,fixed,47.0,double_slippage,0.044721317934799776,0.0047031103397705476,0.5020576131687243,243,0.05510166473604568,0.03417275961174554,47.010973936899866,47.00981334817703,0.9958847736625515,0.9975822398931339,0.0,0.0,1511.7453312676203,1497.459067300104,0.9915381211960423,0.9946975072210918
annual,2021.0,3,fixed_d48,fixed,48.0,double_slippage,0.04572546478323459,0.017638279258948644,0.5061728395061729,243,0.05591068162869408,0.03459169576977935,48.01097393689986,48.00978115905766,0.9958847736625515,0.9975822398931339,0.0,0.0,1512.477631806405,1497.8382771497782,0.9915381211960423,0.9946975072210918
annual,2021.0,3,fixed_d49,fixed,49.0,double_slippage,0.04589442106978756,-0.019031334710554113,0.49382716049382713,243,0.05689670770739986,0.03506350981575654,49.010973936899866,49.00973726788414,0.9958847736625515,0.9975822398931339,0.0,0.0,1513.370156344837,1498.2653506549368,0.9915381211960423,0.9946975072210918
annual,2021.0,3,fixed_d5,fixed,5.0,double_slippage,0.18129345154516913,0.033987584056874576,0.5185185185185185,243,0.005503483684610876,0.0006142119938817195,5.006858710562414,5.008110825453843,0.9958847736625515,0.9975822398931339,0.0,0.0,1466.850379089447,1467.0827640056234,0.9915381211960423,0.9946975072210918
annual,2021.0,3,fixed_d50,fixed,50.0,double_slippage,0.04271755304782655,-0.006073719141190185,0.49794238683127573,243,0.05707538194678555,0.035601956064784064,50.00411522633745,50.00968854399216,0.9958847736625515,0.9975822398931339,0.0,0.0,1513.5318875063956,1498.752737855196,0.9915381211960423,0.9946975072210918
annual,2021.0,3,fixed_d51,fixed,51.0,double_slippage,0.040947324346131964,-0.023197640149667825,0.49382716049382713,243,0.05755096991905066,0.036081146782860736,51.008230452674894,51.009657620504676,0.9958847736625515,0.9975822398931339,0.0,0.0,1513.9623770690916,1499.1864885274229,0.9915381211960423,0.9946975072210918
annual,2021.0,3,fixed_d52,fixed,52.0,double_slippage,0.03970154539944483,-0.02069999102429688,0.4773662551440329,243,0.0581364450181726,0.036623760584757366,52.00548696844994,52.00959200549065,0.9958847736625515,0.9975822398931339,0.0,0.0,1514.4923335315943,1499.6776480855144,0.9915381211960423,0.9946975072210918
annual,2021.0,3,fixed_d53,fixed,53.0,double_slippage,0.03561926038507155,-0.037298431563083774,0.4609053497942387,243,0.058294981763091266,0.03716484719762491,53.008230452674894,53.00950349240251,0.9958847736625515,0.9975822398931339,0.0,0.0,1514.635836769632,1500.1674252727814,0.9915381211960423,0.9946975072210918
annual,2021.0,3,fixed_d54,fixed,54.0,double_slippage,0.029032736057554114,-0.06573280679872236,0.4691358024691358,243,0.05772881564184155,0.0377118033797546,54.002743484224965,54.009441801078644,0.9958847736625515,0.9975822398931339,0.0,0.0,1514.1233582795016,1500.6625154377775,0.9915381211960423,0.9946975072210918
annual,2021.0,3,fixed_d55,fixed,55.0,double_slippage,0.027616267015582018,-0.047449796321422835,0.4691358024691358,243,0.05793696375614159,0.03818643513849297,55.00960219478738,55.00945799631568,0.9958847736625515,0.9975822398931339,0.0,0.0,1514.3117684074402,1501.0921394614634,0.9915381211960423,0.9946975072210918
annual,2021.0,3,fixed_d56,fixed,56.0,double_slippage,0.02532612175599146,-0.0608390850049832,0.4732510288065844,243,0.058501914404527955,0.038629637088580505,56.008230452674894,56.00945432943542,0.9958847736625515,0.9975822398931339,0.0,0.0,1514.8231466839147,1501.493314059657,0.9915381211960423,0.9946975072210918
annual,2021.0,3,fixed_d57,fixed,57.0,double_slippage,0.02923863587852616,-0.04797479813939846,0.4691358024691358,243,0.06087461907529816,0.03915158260021436,57.00685871056242,57.009428667627745,0.9958847736625515,0.9975822398931339,0.0,0.0,1516.9708557423714,1501.9657652320116,0.9915381211960423,0.9946975072210918
annual,2021.0,3,fixed_d58,fixed,58.0,double_slippage,0.027139587868646613,-0.10139252683773686,0.45267489711934156,243,0.061561065162956036,0.039656136102603594,58.00411522633745,58.009423508266444,0.9958847736625515,0.9975822398931339,0.0,0.0,1517.5922084538015,1502.4224736209267,0.9915381211960423,0.9946975072210918
annual,2021.0,3,fixed_d59,fixed,59.0,double_slippage,0.02762042839208789,-0.113805227396365,0.4567901234567901,243,0.06328144870029048,0.04013471640360511,59.00548696844994,59.00944456970934,0.9958847736625515,0.9975822398931339,0.0,0.0,1519.149453800292,1502.8556717598783,0.9915381211960423,0.9946975072210918
annual,2021.0,3,fixed_d6,fixed,6.0,double_slippage,0.08341652852161466,0.0030555513931735095,0.5020576131687243,243,0.005117605232153432,0.0016325044845532611,6.005486968449931,6.008651421395251,0.9958847736625515,0.9975822398931339,0.0,0.0,1466.501092194193,1468.0044952405788,0.9915381211960423,0.9946975072210918
annual,2021.0,3,fixed_d60,fixed,60.0,double_slippage,0.02844292890849444,-0.1135161269617153,0.4567901234567901,243,0.0649638359914331,0.04068609810904382,60.00411522633745,60.00947585439647,0.9958847736625515,0.9975822398931339,0.0,0.0,1520.672305956961,1503.3547677906768,0.9915381211960423,0.9946975072210918
annual,2021.0,3,fixed_d7,fixed,7.0,double_slippage,0.09275172025789381,-0.0012122869245791658,0.49794238683127573,243,0.007100706306393482,0.002654897306485751,7.008230452674897,7.009076412126803,0.9958847736625515,0.9975822398931339,0.0,0.0,1468.2961424562209,1468.9299379861584,0.9915381211960423,0.9946975072210918
annual,2021.0,3,fixed_d8,fixed,8.0,double_slippage,0.1537035422681223,0.003492855596969144,0.5061728395061729,243,0.010892955441519981,0.0037009798532972797,8.008230452674898,8.009394006835732,0.9958847736625515,0.9975822398931339,0.0,0.0,1471.7287853467471,1469.8768240395968,0.9915381211960423,0.9946975072210918
annual,2021.0,3,fixed_d9,fixed,9.0,double_slippage,0.12767915141741182,0.046072757865862256,0.5102880658436214,243,0.012000498301327588,0.004710303757174537,9.004115226337449,9.009589794232571,0.9958847736625515,0.9975822398931339,0.0,0.0,1472.7313036381888,1470.7904371487114,0.9915381211960423,0.9946975072210918
annual,2021.0,3,model_plan,model_plan,,double_slippage,0.3286041923318566,0.23951399557434322,0.5843621399176955,243,0.025516809189050964,-0.0009930382215481738,16.95610425240055,2.8945091220665695,0.9958847736625515,0.9975822398931339,0.0,0.0,1484.965908175407,1465.6279239282171,0.9915381211960423,0.9946975072210918
annual,2021.0,3,rolling_path,rolling,,double_slippage,0.4105207857418245,0.24334003418787356,0.5349794238683128,243,0.010483795452230885,-0.0013792219779249994,6.299039780521262,2.4905090308895947,0.9958847736625515,0.9975822398931339,0.0,0.0,1471.35842462458,1465.2783606799892,0.9915381211960423,0.9946975072210918
annual,2022.0,1,fixed_d10,fixed,10.0,base,0.1064958933076981,-0.25757207370566193,0.44214876033057854,242,0.005714923656934838,-0.003597549161657395,10.00413223140496,10.011031075457456,1.0,0.9973237680910411,0.0,0.0,3031.6393694973212,3004.3521692890486,0.9992752160869823,0.9964495753571834
annual,2022.0,1,fixed_d11,fixed,11.0,base,0.17686906639229624,-0.1217254991859508,0.4834710743801653,242,0.009555609197921242,-0.00368612093818298,11.012396694214877,11.011104389778579,1.0,0.9973237680910411,0.0,0.0,3039.3711593335847,3004.1738630064306,0.9992752160869823,0.9964495753571834
annual,2022.0,1,fixed_d12,fixed,12.0,base,0.16108454629298583,-0.16301743874790112,0.4669421487603306,242,0.009297595671258006,-0.003772619655567271,12.012396694214877,12.01117173719096,1.0,0.9973237680910411,0.0,0.0,3038.8517451972807,3003.999730056262,0.9992752160869823,0.9964495753571834
annual,2022.0,1,fixed_d13,fixed,13.0,base,0.15922435014753478,-0.22659955995691977,0.4628099173553719,242,0.010256011640110304,-0.0037844826268929686,13.00413223140496,13.011233061760747,1.0,0.9973237680910411,0.0,0.0,3040.7811587792594,3003.975848381976,0.9992752160869823,0.9964495753571834
annual,2022.0,1,fixed_d14,fixed,14.0,base,0.15917489983903993,-0.14819814835174813,0.47107438016528924,242,0.011602830541279903,-0.0037163792319786343,14.00413223140496,14.011185374209937,1.0,0.9973237680910411,0.0,0.0,3043.4924770010275,3004.112949201867,0.9992752160869823,0.9964495753571834
annual,2022.0,1,fixed_d15,fixed,15.0,base,0.1531071063367553,-0.10430230783656258,0.4793388429752066,242,0.012448830373150813,-0.003598894264805577,15.00413223140496,15.011122403593971,1.0,0.9973237680910411,0.0,0.0,3045.195582561674,3004.3494614248566,0.9992752160869823,0.9964495753571834
annual,2022.0,1,fixed_d16,fixed,16.0,base,0.17093330762576897,-0.11948338220211384,0.47107438016528924,242,0.01551301459559314,-0.0032931809715019793,16.0,16.01110601321787,1.0,0.9973237680910411,0.0,0.0,3051.3641762084835,3004.964901275048,0.9992752160869823,0.9964495753571834
annual,2022.0,1,fixed_d17,fixed,17.0,base,0.1377019521878292,-0.03693033821295904,0.4793388429752066,242,0.01444182729970496,-0.0029722471816365182,17.00413223140496,17.011083141313154,1.0,0.9973237680910411,0.0,0.0,3049.2077395622905,3005.6109819260446,0.9992752160869823,0.9964495753571834
annual,2022.0,1,fixed_d18,fixed,18.0,base,0.14362217822999837,-0.004208821636363307,0.49586776859504134,242,0.01678692801228018,-0.0025116842072163527,18.00826446280992,18.01103201451471,1.0,0.9973237680910411,0.0,0.0,3053.928726391591,3006.5381539339005,0.9992752160869823,0.9964495753571834
annual,2022.0,1,fixed_d19,fixed,19.0,base,0.15673637940904062,-0.10663076538387424,0.4628099173553719,242,0.019673703714837593,-0.0021143753925920725,19.00413223140496,19.011031753507666,1.0,0.9973237680910411,0.0,0.0,3059.7401740611285,3007.337987250632,0.9992752160869823,0.9964495753571834
annual,2022.0,1,fixed_d2,fixed,2.0,base,-0.3676877962724778,-0.7564968881358974,0.43388429752066116,242,-0.005247621820197894,-0.0026401063558184326,2.012396694214876,2.006538030344332,1.0,0.9973237680910411,0.0,0.0,3009.570367285318,3006.2796237697635,0.9992752160869823,0.9964495753571834
annual,2022.0,1,fixed_d20,fixed,20.0,base,0.15024212037089968,-0.044381725485600446,0.4834710743801653,242,0.020952819450337692,-0.001807742832353141,20.00413223140496,20.011060926374693,1.0,0.9973237680910411,0.0,0.0,3062.3151971755196,3007.955277702407,0.9992752160869823,0.9964495753571834
annual,2022.0,1,fixed_d21,fixed,21.0,base,0.1676307222880584,-0.05670816533122881,0.48760330578512395,242,0.023395234262936524,-0.0015041615629807705,21.00826446280992,21.011072956966828,1.0,0.9973237680910411,0.0,0.0,3067.232089699644,3008.566425516505,0.9992752160869823,0.9964495753571834
annual,2022.0,1,fixed_d22,fixed,22.0,base,0.14696538271767845,-0.11457047400161047,0.45867768595041325,242,0.022292808405497952,-0.0012838990351302978,22.024793388429753,22.011096708968214,1.0,0.9973237680910411,0.0,0.0,3065.012765844876,3009.009842077421,0.9992752160869823,0.9964495753571834
annual,2022.0,1,fixed_d23,fixed,23.0,base,0.13543433401590182,-0.12662245384631812,0.45041322314049587,242,0.022318632176747594,-0.0010360736630873125,23.024793388429753,23.01113507821119,1.0,0.9973237680910411,0.0,0.0,3065.0647523899725,3009.5087461590706,0.9992752160869823,0.9964495753571834
annual,2022.0,1,fixed_d24,fixed,24.0,base,0.10877820984105238,-0.14942615671652565,0.45041322314049587,242,0.020894894775155125,-0.0007576657708529674,24.016528925619834,24.011111823018425,1.0,0.9973237680910411,0.0,0.0,3062.198587416649,3010.0692167543693,0.9992752160869823,0.9964495753571834
annual,2022.0,1,fixed_d25,fixed,25.0,base,0.09140266459997574,-0.20806480200237104,0.45454545454545453,242,0.020196207202723634,-0.00044380701037769084,25.012396694214875,25.01111408455049,1.0,0.9973237680910411,0.0,0.0,3060.792040222505,3010.701054468852,0.9992752160869823,0.9964495753571834
annual,2022.0,1,fixed_d26,fixed,26.0,base,0.07660452506116415,-0.17780878014141255,0.47520661157024796,242,0.018963832065314455,-0.00012614409915319,26.012396694214875,26.01108779176866,1.0,0.9973237680910411,0.0,0.0,3058.3111118933834,3011.340550423976,0.9992752160869823,0.9964495753571834
annual,2022.0,1,fixed_d27,fixed,27.0,base,0.09233427902002395,-0.03196182102847249,0.49173553719008267,242,0.021326951121658697,0.00013446033698768126,27.00826446280992,27.01107260360308,1.0,0.9973237680910411,0.0,0.0,3063.0683719467647,3011.8651803915004,0.9992752160869823,0.9964495753571834
annual,2022.0,1,fixed_d28,fixed,28.0,base,0.1118188703893859,0.029628579631720237,0.5082644628099173,242,0.024512879457512793,0.00029666736353365795,28.0,28.011063538339332,1.0,0.9973237680910411,0.0,0.0,3069.4820520211565,3012.191723823873,0.9992752160869823,0.9964495753571834
annual,2022.0,1,fixed_d29,fixed,29.0,base,0.12299394602416155,-0.059322730678696776,0.4793388429752066,242,0.026339759281519257,0.00043883728504060134,29.00413223140496,29.01105816411536,1.0,0.9973237680910411,0.0,0.0,3073.1597941077134,3012.477930008264,0.9992752160869823,0.9964495753571834
annual,2022.0,1,fixed_d3,fixed,3.0,base,-0.4719708757087668,-0.5941987061419612,0.44214876033057854,242,-0.007422368551145227,-0.002765006023735015,3.0082644628099175,3.0074944032440127,1.0,0.9973237680910411,0.0,0.0,3005.1923247480318,3006.028184808503,0.9992752160869823,0.9964495753571834
annual,2022.0,1,fixed_d30,fixed,30.0,base,0.15421277532088298,-0.030553732572334104,0.48760330578512395,242,0.030897324457358554,0.0005928409246871206,30.0,30.01107267725759,1.0,0.9973237680910411,0.0,0.0,3082.3347540799914,3012.7879589765453,0.9992752160869823,0.9964495753571834
annual,2022.0,1,fixed_d31,fixed,31.0,base,0.1721436535975432,-0.020699818442796745,0.49173553719008267,242,0.03403919177938804,0.0008260085138178242,31.0,31.01105584406439,1.0,0.9973237680910411,0.0,0.0,3088.65973371399,3013.2573550717343,0.9992752160869823,0.9964495753571834
annual,2022.0,1,fixed_d32,fixed,32.0,base,0.19134590141710414,0.00833944331534147,0.5,242,0.038069681758951805,0.001007080603449537,32.0,32.01104391440436,1.0,0.9973237680910411,0.0,0.0,3096.7736240928275,3013.6218762821545,0.9992752160869823,0.9964495753571834
annual,2022.0,1,fixed_d33,fixed,33.0,base,0.2056486978851411,0.030053021285733096,0.512396694214876,242,0.042310917492193616,0.0012713017488553999,33.01239669421488,33.011010255396556,1.0,0.9973237680910411,0.0,0.0,3105.311772552402,3014.1537871467053,0.9992752160869823,0.9964495753571834
annual,2022.0,1,fixed_d34,fixed,34.0,base,0.21824828878140182,-0.028040174237353162,0.49173553719008267,242,0.045470415828642675,0.0014992969856667492,34.00826446280992,34.011000460522745,1.0,0.9973237680910411,0.0,0.0,3111.672245667084,3014.612770636991,0.9992752160869823,0.9964495753571834
annual,2022.0,1,fixed_d35,fixed,35.0,base,0.21321250987692975,0.0002816884412655202,0.5,242,0.04637881811901106,0.0016842398478125672,35.00826446280992,35.01099726687727,1.0,0.9973237680910411,0.0,0.0,3113.500975335517,3014.985084206163,0.9992752160869823,0.9964495753571834
annual,2022.0,1,fixed_d36,fixed,36.0,base,0.21757160756945257,0.015715215323922446,0.5041322314049587,242,0.04837112138769231,0.0018608062502987858,36.00413223140496,36.011001035260485,1.0,0.9973237680910411,0.0,0.0,3117.5117359143655,3015.3405348937026,0.9992752160869823,0.9964495753571834
annual,2022.0,1,fixed_d37,fixed,37.0,base,0.2294561276882286,0.0213241002021415,0.5,242,0.05114063318438348,0.002038544262179902,37.00826446280992,37.0109962479113,1.0,0.9973237680910411,0.0,0.0,3123.087116385527,3015.698344180382,0.9992752160869823,0.9964495753571834
annual,2022.0,1,fixed_d38,fixed,38.0,base,0.23471354532996422,0.001735663198837461,0.5,242,0.05355803971540374,0.002231656584044327,38.00826446280992,38.010983483300016,1.0,0.9973237680910411,0.0,0.0,3127.953664049265,3016.087103913902,0.9992752160869823,0.9964495753571834
annual,2022.0,1,fixed_d39,fixed,39.0,base,0.2512144436149331,0.10448171076086071,0.5247933884297521,242,0.057921368501527626,0.0024751313767476042,39.00826446280992,39.01093903671087,1.0,0.9973237680910411,0.0,0.0,3136.7376013960784,3016.577249724466,0.9992752160869823,0.9964495753571834
annual,2022.0,1,fixed_d4,fixed,4.0,base,-0.23665860333648317,-0.3681222548520624,0.43388429752066116,242,-0.0042747927413926785,-0.002834122974381521,4.0,4.008383890345391,1.0,0.9973237680910411,0.0,0.0,3011.528796295883,3005.889043571654,0.9992752160869823,0.9964495753571834
annual,2022.0,1,fixed_d40,fixed,40.0,base,0.2664924813400522,0.1913234472377516,0.5330578512396694,242,0.06286581245631376,0.00276321013375345,40.00413223140496,40.01091774468703,1.0,0.9973237680910411,0.0,0.0,3146.69139769301,3017.157189003975,0.9992752160869823,0.9964495753571834
annual,2022.0,1,fixed_d41,fixed,41.0,base,0.2852808208962182,0.16092159312150156,0.5330578512396694,242,0.0690506663467916,0.0031008326375077636,41.00413223140496,41.01083913294772,1.0,0.9973237680910411,0.0,0.0,3159.1422973927747,3017.836866164514,0.9992752160869823,0.9964495753571834
annual,2022.0,1,fixed_d42,fixed,42.0,base,0.2822293731092672,0.1758877142437903,0.5454545454545454,242,0.07176351070434768,0.0034911268530701638,42.01652892561984,42.01081260283611,1.0,0.9973237680910411,0.0,0.0,3164.6035990815712,3018.6225781986896,0.9992752160869823,0.9964495753571834
annual,2022.0,1,fixed_d43,fixed,43.0,base,0.2605178778746573,0.1888239051602758,0.5413223140495868,242,0.0694513030225614,0.0037750167430594013,43.00413223140496,43.010781309889424,1.0,0.9973237680910411,0.0,0.0,3159.9488301184333,3019.194084754645,0.9992752160869823,0.9964495753571834
annual,2022.0,1,fixed_d44,fixed,44.0,base,0.25222067846005314,0.13294567709805594,0.5578512396694215,242,0.07025467274432752,0.003968270309774944,44.00413223140496,44.010780833452344,1.0,0.9973237680910411,0.0,0.0,3161.5661158303774,3019.583128832064,0.9992752160869823,0.9964495753571834
annual,2022.0,1,fixed_d45,fixed,45.0,base,0.2785622417814634,0.1438835975373095,0.5371900826446281,242,0.07708805330713049,0.004253511301227964,45.01652892561984,45.01072990316484,1.0,0.9973237680910411,0.0,0.0,3175.3225824348283,3020.157355327586,0.9992752160869823,0.9964495753571834
annual,2022.0,1,fixed_d46,fixed,46.0,base,0.273371940833692,0.07074082315840198,0.5371900826446281,242,0.07845696512671414,0.004688976541992418,46.03305785123967,46.01057876952548,1.0,0.9973237680910411,0.0,0.0,3178.0783765191004,3021.03400239662,0.9992752160869823,0.9964495753571834
annual,2022.0,1,fixed_d47,fixed,47.0,base,0.2806916420828937,0.12569867591331757,0.5578512396694215,242,0.08216914230506794,0.005062910130272452,47.00826446280992,47.010564659758515,1.0,0.9973237680910411,0.0,0.0,3185.551462631387,3021.7867784014365,0.9992752160869823,0.9964495753571834
annual,2022.0,1,fixed_d48,fixed,48.0,base,0.2771182689928805,0.13470070110886773,0.5702479338842975,242,0.08338416127953473,0.005299028314418302,48.0,48.01057310254141,1.0,0.9973237680910411,0.0,0.0,3187.9974507908933,3022.2621144207105,0.9992752160869823,0.9964495753571834
annual,2022.0,1,fixed_d49,fixed,49.0,base,0.2709823574243042,0.13284936410406564,0.5495867768595041,242,0.08357285310704853,0.005491459333491213,49.02066115702479,49.01058496652291,1.0,0.9973237680910411,0.0,0.0,3188.377311505492,3022.6495026048183,0.9992752160869823,0.9964495753571834
annual,2022.0,1,fixed_d5,fixed,5.0,base,-0.21262383781673216,-0.6445785170503624,0.4297520661157025,242,-0.0043203323027484735,-0.0029173196006016143,5.008264462809917,5.009145535200806,1.0,0.9973237680910411,0.0,0.0,3011.4371193507454,3005.721558152149,0.9992752160869823,0.9964495753571834
annual,2022.0,1,fixed_d50,fixed,50.0,base,0.26200381381653914,0.1494732994807328,0.5371900826446281,242,0.08381232085380656,0.005618931836910798,50.03305785123967,50.01057134037687,1.0,0.9973237680910411,0.0,0.0,3188.8593906215124,3022.906121012085,0.9992752160869823,0.9964495753571834
annual,2022.0,1,fixed_d51,fixed,51.0,base,0.2707415412248331,0.1631586724166676,0.5413223140495868,242,0.0886037048665385,0.005818783624260051,51.01652892561984,51.01058632569262,1.0,0.9973237680910411,0.0,1.4694990771545797e-06,3198.505057733781,3023.3084555114665,0.9992752160869823,0.9964495753571834
annual,2022.0,1,fixed_d52,fixed,52.0,base,0.25571864621120377,0.11575347962642502,0.5371900826446281,242,0.08672470839994567,0.006027166689281916,52.02892561983471,52.01060512235659,1.0,0.9973237680910411,0.0,2.9395209216791895e-06,3194.722398198719,3023.727964563504,0.9992752160869823,0.9964495753571834
annual,2022.0,1,fixed_d53,fixed,53.0,base,0.23573561580065572,0.11824911362932286,0.5371900826446281,242,0.08227976139386141,0.006275818272609952,53.02892561983471,53.01060221600978,1.0,0.9973237680910411,0.0,4.410589417570495e-06,3185.7741529655227,3024.2285392839954,0.9992752160869823,0.9964495753571834
annual,2022.0,1,fixed_d54,fixed,54.0,base,0.2290680225189038,0.0795152120484052,0.5537190082644629,242,0.08126199701944418,0.006530635784265898,54.03719008264463,54.01059136249356,1.0,0.9973237680910411,0.0,5.8827060563160165e-06,3183.7252634738297,3024.7415268098657,0.9992752160869823,0.9964495753571834
annual,2022.0,1,fixed_d55,fixed,55.0,base,0.23758305135346428,0.09938389392163963,0.5537190082644629,242,0.08415362858702634,0.006800626697224282,55.02066115702479,55.01053889661323,1.0,0.9973237680910411,0.0,7.354822695061537e-06,3189.5464866189777,3025.2850603277793,0.9992752160869823,0.9964495753571834
annual,2022.0,1,fixed_d56,fixed,56.0,base,0.2407920982923836,0.11544874638141076,0.5454545454545454,242,0.0855503558348606,0.00708609771973198,56.00826446280992,56.01049760580785,1.0,0.9973237680910411,0.0,8.826939333807058e-06,3192.358276707905,3025.8597572805534,0.9992752160869823,0.9964495753571834
annual,2022.0,1,fixed_d57,fixed,57.0,base,0.22963740405549485,0.12605671957568237,0.5495867768595041,242,0.08355721634174569,0.0073012018420366585,57.02479338842975,57.010469134466646,1.0,0.9973237680910411,0.0,1.0298007829698365e-05,3188.3458327026187,3026.2927966833504,0.9992752160869823,0.9964495753571834
annual,2022.0,1,fixed_d58,fixed,58.0,base,0.22952243240336492,0.14525589668044753,0.5537190082644629,242,0.08505795461691835,0.007524564208712025,58.01239669421488,58.01040550185647,1.0,0.9973237680910411,0.0,1.1768552813669424e-05,3191.3670102551773,3026.7424609827017,0.9992752160869823,0.9964495753571834
annual,2022.0,1,fixed_d59,fixed,59.0,base,0.21785196312458854,0.1407813851024169,0.5743801652892562,242,0.08265176179620091,0.007801537479983991,59.01652892561984,59.010361530490684,1.0,0.9973237680910411,0.0,1.3239621309560729e-05,3186.5230372204787,3027.3000508731816,0.9992752160869823,0.9964495753571834
annual,2022.0,1,fixed_d6,fixed,6.0,base,-0.1625467014492418,-0.26947988166393433,0.4380165289256198,242,-0.003614196347639703,-0.0030115225081841206,6.0041322314049586,6.009757568367283,1.0,0.9973237680910411,0.0,0.0,3012.858661089179,3005.531915684516,0.9992752160869823,0.9964495753571834
annual,2022.0,1,fixed_d60,fixed,60.0,base,0.20547521937737792,0.13481827474717722,0.5619834710743802,242,0.08056203897537963,0.008066464071519544,60.01239669421488,60.01029782940431,1.0,0.9973237680910411,0.0,1.4711213690244018e-05,3182.3161586582532,3027.8333892635387,0.9992752160869823,0.9964495753571834
annual,2022.0,1,fixed_d7,fixed,7.0,base,-0.18447450815440203,-0.32486415049242756,0.41735537190082644,242,-0.004746872623625639,-0.0032040694017024217,7.008264462809917,7.010244256636238,1.0,0.9973237680910411,0.0,0.0,3010.578439283724,3005.1442942303725,0.9992752160869823,0.9964495753571834
annual,2022.0,1,fixed_d8,fixed,8.0,base,-0.07748685288194838,-0.38424537452472196,0.4214876033057851,242,-0.001997475239031897,-0.0033679472017089144,8.00413223140496,8.010605058756427,1.0,0.9973237680910411,0.0,0.0,3016.113326877931,3004.8143873179324,0.9992752160869823,0.9964495753571834
annual,2022.0,1,fixed_d9,fixed,9.0,base,0.04841708787492484,-0.23449884786525546,0.4462809917355372,242,0.002851350387445053,-0.0034811599608518358,9.00413223140496,9.010871769436863,1.0,0.9973237680910411,0.0,0.0,3025.874631284791,3004.586475594586,0.9992752160869823,0.9964495753571834
annual,2022.0,1,model_plan,model_plan,,base,0.13849006249890058,0.008709082526296147,0.5,242,0.04414643774847737,0.002178150530509537,37.00826446280992,7.42963148124115,1.0,0.9973237680910411,0.0,0.0,3109.0069089311314,3015.979389403957,0.9992752160869823,0.9964495753571834
annual,2022.0,1,rolling_path,rolling,,base,0.48905637592362766,0.053371152298691604,0.5247933884297521,242,0.015653277744255917,0.0007996529493194808,17.512396694214875,4.694512625635897,1.0,0.9973237680910411,0.0,0.0,3051.646543815951,3013.2042979590015,0.9992752160869823,0.9964495753571834
annual,2022.0,1,fixed_d10,fixed,10.0,double_slippage,0.1063323633035072,-0.25802520436819376,0.4380165289256198,242,0.004307970018224795,-0.004986494388612723,10.00413223140496,10.011031075457456,1.0,0.9973237680910411,0.0,0.0,4431.663254030955,4393.799784348131,0.9993062193135552,0.9964520322518478
annual,2022.0,1,fixed_d11,fixed,11.0,double_slippage,0.17682375189805244,-0.12243277486560616,0.4834710743801653,242,0.008147131452757661,-0.005074935244712658,11.012396694214877,11.011104389778579,1.0,0.9973237680910411,0.0,0.0,4442.088573993528,4393.559621427574,0.9993062193135552,0.9964520322518478
annual,2022.0,1,fixed_d12,fixed,12.0,double_slippage,0.1610181955403655,-0.1630293718393891,0.4669421487603306,242,0.0078883714294089,-0.0051612830141429,12.012396694214877,12.01117173719096,1.0,0.9973237680910411,0.0,0.0,4441.385905954437,4393.325142325897,0.9993062193135552,0.9964520322518478
annual,2022.0,1,fixed_d13,fixed,13.0,double_slippage,0.1591436403314713,-0.2269128022444376,0.4628099173553719,242,0.00884595531335806,-0.005173103465473349,13.00413223140496,13.011233061760747,1.0,0.9973237680910411,0.0,0.0,4443.986244218778,4393.293043652965,0.9993062193135552,0.9964520322518478
annual,2022.0,1,fixed_d14,fixed,14.0,double_slippage,0.15909366364832794,-0.14883587574186746,0.47107438016528924,242,0.010190676891303313,-0.005105105284323682,14.00413223140496,14.011185374209937,1.0,0.9973237680910411,0.0,0.0,4447.637862664554,4393.477694079223,0.9993062193135552,0.9964520322518478
annual,2022.0,1,fixed_d15,fixed,15.0,double_slippage,0.153023784559444,-0.10392428261713745,0.4793388429752066,242,0.011035066212395188,-0.004987789082246336,15.00413223140496,15.011122403593971,1.0,0.9973237680910411,0.0,0.0,4449.930818820598,4393.796268581573,0.9993062193135552,0.9964520322518478
annual,2022.0,1,fixed_d16,fixed,16.0,double_slippage,0.1708555478897121,-0.11923967541314107,0.47107438016528924,242,0.014095702847166035,-0.004682512162764035,16.0,16.01110601321787,1.0,0.9973237680910411,0.0,0.0,4458.242039057309,4394.625254186129,0.9993062193135552,0.9964520322518478
annual,2022.0,1,fixed_d17,fixed,17.0,double_slippage,0.13764788114209084,-0.03670027425063342,0.4793388429752066,242,0.013026423920275318,-0.0043620178309609564,17.00413223140496,17.011083141313154,1.0,0.9973237680910411,0.0,0.0,4455.338390661116,4395.495562979393,0.9993062193135552,0.9964520322518478
annual,2022.0,1,fixed_d18,fixed,18.0,double_slippage,0.14360047874447768,-0.004182137368081218,0.49586776859504134,242,0.01536982833877374,-0.003902121047521814,18.00826446280992,18.01103201451471,1.0,0.9973237680910411,0.0,0.0,4461.701952413129,4396.744421929159,0.9993062193135552,0.9964520322518478
annual,2022.0,1,fixed_d19,fixed,19.0,double_slippage,0.15670504956220982,-0.10717621876024805,0.4628099173553719,242,0.018252327675062317,-0.003505393325113665,19.00413223140496,19.011031753507666,1.0,0.9973237680910411,0.0,0.0,4469.529437238958,4397.821744025314,0.9993062193135552,0.9964520322518478
annual,2022.0,1,fixed_d2,fixed,2.0,double_slippage,-0.368245897176202,-0.7574010664227453,0.43388429752066116,242,-0.006638575919858556,-0.004030468087179316,2.012396694214876,2.006538030344332,1.0,0.9973237680910411,0.0,0.0,4401.937688738737,4396.395892965869,0.9993062193135552,0.9964520322518478
annual,2022.0,1,fixed_d20,fixed,20.0,double_slippage,0.15018753073403748,-0.04418278569691676,0.4834710743801653,242,0.01952815307770655,-0.0031991330820016865,20.00413223140496,20.011060926374693,1.0,0.9973237680910411,0.0,0.0,4472.993966737329,4398.653399864931,0.9993062193135552,0.9964520322518478
annual,2022.0,1,fixed_d21,fixed,21.0,double_slippage,0.1675680311510785,-0.05569635437843786,0.48760330578512395,242,0.021966417344851257,-0.002895915194856105,21.00826446280992,21.011072956966828,1.0,0.9973237680910411,0.0,0.0,4479.61512231303,4399.4767941258315,0.9993062193135552,0.9964520322518478
annual,2022.0,1,fixed_d22,fixed,22.0,double_slippage,0.14690631646083888,-0.11377703001328893,0.45867768595041325,242,0.020864384592078542,-0.002675985113774338,22.024793388429753,22.011096708968214,1.0,0.9973237680910411,0.0,0.0,4476.622530244991,4400.074018677019,0.9993062193135552,0.9964520322518478
annual,2022.0,1,fixed_d23,fixed,23.0,double_slippage,0.13536521648966526,-0.12667963069949828,0.45041322314049587,242,0.020888418225441886,-0.0024285778696561807,23.024793388429753,23.01113507821119,1.0,0.9973237680910411,0.0,0.0,4476.687794058972,4400.745858016148,0.9993062193135552,0.9964520322518478
annual,2022.0,1,fixed_d24,fixed,24.0,double_slippage,0.10867658409741746,-0.149491648390224,0.45041322314049587,242,0.01946387312436798,-0.002150590831669117,24.016528925619834,24.011111823018425,1.0,0.9973237680910411,0.0,0.0,4472.819413233349,4401.500737399546,0.9993062193135552,0.9964520322518478
annual,2022.0,1,fixed_d25,fixed,25.0,double_slippage,0.09130460006627399,-0.208128699468896,0.45454545454545453,242,0.018765819210006175,-0.001837191840407098,25.012396694214875,25.01111408455049,1.0,0.9973237680910411,0.0,0.0,4470.923833812571,4402.351778653104,0.9993062193135552,0.9964520322518478
annual,2022.0,1,fixed_d26,fixed,26.0,double_slippage,0.07651985796480432,-0.1778332408638892,0.47520661157024796,242,0.017536594520501537,-0.0015199975913635644,26.012396694214875,26.01108779176866,1.0,0.9973237680910411,0.0,0.0,4467.585849486428,4403.213126005373,0.9993062193135552,0.9964520322518478
annual,2022.0,1,fixed_d27,fixed,27.0,double_slippage,0.09227985973272969,-0.0313849459466389,0.49173553719008267,242,0.019900061057083224,-0.0012597703785354724,27.00826446280992,27.01107260360308,1.0,0.9973237680910411,0.0,0.0,4474.003890322917,4403.9197782269475,0.9993062193135552,0.9964520322518478
annual,2022.0,1,fixed_d28,fixed,28.0,double_slippage,0.1117863957365078,0.029478380902258284,0.5082644628099173,242,0.023083984338905142,-0.0010978385824349048,28.0,28.011063538339332,1.0,0.9973237680910411,0.0,0.0,4482.649897925178,4404.359507270711,0.9993062193135552,0.9964520322518478
annual,2022.0,1,fixed_d29,fixed,29.0,double_slippage,0.12296367298870944,-0.05947839021067808,0.4793388429752066,242,0.02490710770694802,-0.0009558132554001652,29.00413223140496,29.01105816411536,1.0,0.9973237680910411,0.0,0.0,4487.600626037872,4404.745179898023,0.9993062193135552,0.9964520322518478
annual,2022.0,1,fixed_d3,fixed,3.0,double_slippage,-0.4724365745551501,-0.5944494757597512,0.44214876033057854,242,-0.00881060827941181,-0.00415511501121676,3.0082644628099175,3.0074944032440127,1.0,0.9973237680910411,0.0,0.0,4396.0394912538095,4396.057411740842,0.9993062193135552,0.9964520322518478
annual,2022.0,1,fixed_d30,fixed,30.0,double_slippage,0.1541771880582703,-0.030604476804707077,0.48760330578512395,242,0.02945819176048348,-0.0008019910389274101,30.0,30.01107267725759,1.0,0.9973237680910411,0.0,0.0,4499.959186167142,4405.162887215474,0.9993062193135552,0.9964520322518478
annual,2022.0,1,fixed_d31,fixed,31.0,double_slippage,0.17210661268048175,-0.02076864139530245,0.49173553719008267,242,0.032595669963271456,-0.0005691460623078776,31.0,31.01105584406439,1.0,0.9973237680910411,0.0,0.0,4508.479071224712,4405.795182424815,0.9993062193135552,0.9964520322518478
annual,2022.0,1,fixed_d32,fixed,32.0,double_slippage,0.19130116710928943,0.00828163936737899,0.5,242,0.03661996973231213,-0.0003883060405133717,32.0,32.01104391440436,1.0,0.9973237680910411,0.0,0.0,4519.407138052068,4406.286257135112,0.9993062193135552,0.9964520322518478
annual,2022.0,1,fixed_d33,fixed,33.0,double_slippage,0.2056064548664829,0.029943864366827853,0.512396694214876,242,0.04085543221223468,-0.00012445652917323835,33.01239669421488,33.011010255396556,1.0,0.9973237680910411,0.0,0.0,4530.908621460782,4407.002745781029,0.9993062193135552,0.9964520322518478
annual,2022.0,1,fixed_d34,fixed,34.0,double_slippage,0.2182024425559554,-0.028145251494459567,0.49173553719008267,242,0.04400947821045278,0.00010320614103802272,34.00826446280992,34.011000460522745,1.0,0.9973237680910411,0.0,0.0,4539.473496699506,4407.620968333261,0.9993062193135552,0.9964520322518478
annual,2022.0,1,fixed_d35,fixed,35.0,double_slippage,0.21315680913879692,-8.182080728480739e-05,0.5,242,0.04491520014154777,0.0002878849520109957,35.00826446280992,35.01099726687727,1.0,0.9973237680910411,0.0,0.0,4541.933002789527,4408.122467352653,0.9993062193135552,0.9964520322518478
annual,2022.0,1,fixed_d36,fixed,36.0,double_slippage,0.21751008218143475,0.015674489933680695,0.5041322314049587,242,0.04690422862657104,0.00046422526990643094,36.00413223140496,36.011001035260485,1.0,0.9973237680910411,0.0,0.0,4547.334249578613,4408.601323026661,0.9993062193135552,0.9964520322518478
annual,2022.0,1,fixed_d37,fixed,37.0,double_slippage,0.2294104511013698,0.021465581450934773,0.5,242,0.04967122346160864,0.0006417847142347744,37.00826446280992,37.0109962479113,1.0,0.9973237680910411,0.0,0.0,4554.848079612062,4409.083489262978,0.9993062193135552,0.9964520322518478
annual,2022.0,1,fixed_d38,fixed,38.0,double_slippage,0.23467224455169092,0.0016940983218647222,0.5,242,0.0520851316066558,0.0008346194014502318,38.00826446280992,38.010983483300016,1.0,0.9973237680910411,0.0,0.0,4561.40309564916,4409.607135728068,0.9993062193135552,0.9964520322518478
annual,2022.0,1,fixed_d39,fixed,39.0,double_slippage,0.2511686995036765,0.10460570689210674,0.5247933884297521,242,0.05644148481119959,0.001077727091970227,39.00826446280992,39.01093903671087,1.0,0.9973237680910411,0.0,0.0,4573.232860247968,4410.267299543071,0.9993062193135552,0.9964520322518478
annual,2022.0,1,fixed_d4,fixed,4.0,double_slippage,-0.23714145504335457,-0.3682821366114805,0.43388429752066116,242,-0.005667145358127784,-0.004224164640740485,4.0,4.008383890345391,1.0,0.9973237680910411,0.0,0.0,4404.575627934619,4395.8699060854115,0.9993062193135552,0.9964520322518478
annual,2022.0,1,fixed_d40,fixed,40.0,double_slippage,0.2664525686478072,0.1912671437021732,0.5330578512396694,242,0.06138009563331017,0.0013654348752239792,40.00413223140496,40.01091774468703,1.0,0.9973237680910411,0.0,0.0,4586.643757098524,4411.048575805423,0.9993062193135552,0.9964520322518478
annual,2022.0,1,fixed_d41,fixed,41.0,double_slippage,0.28524426897896893,0.16096324834252318,0.5330578512396694,242,0.0675568463402084,0.0017025634878492257,41.00413223140496,41.01083913294772,1.0,0.9973237680910411,0.0,0.0,4603.416847667019,4411.964055322264,0.9993062193135552,0.9964520322518478
annual,2022.0,1,fixed_d42,fixed,42.0,double_slippage,0.28218976443311977,0.1757008869466211,0.5454545454545454,242,0.07026487268019233,0.0020923319792331037,42.01652892561984,42.01081260283611,1.0,0.9973237680910411,0.0,0.0,4610.77054756811,4413.022479486838,0.9993062193135552,0.9964520322518478
annual,2022.0,1,fixed_d43,fixed,43.0,double_slippage,0.26047155959336904,0.1888230335237575,0.5413223140495868,242,0.06795465144997295,0.0023757625520676616,43.00413223140496,43.010781309889424,1.0,0.9973237680910411,0.0,0.0,4604.497095430169,4413.792140898415,0.9993062193135552,0.9964520322518478
annual,2022.0,1,fixed_d44,fixed,44.0,double_slippage,0.25217261302698724,0.13295300307259938,0.5578512396694215,242,0.06875692680566484,0.002568744417351918,44.00413223140496,44.010780833452344,1.0,0.9973237680910411,0.0,0.0,4606.675690267554,4414.316187028508,0.9993062193135552,0.9964520322518478
annual,2022.0,1,fixed_d45,fixed,45.0,double_slippage,0.2785127434653911,0.143875127020402,0.5371900826446281,242,0.07557945859994142,0.0028535773408207336,45.01652892561984,45.01072990316484,1.0,0.9973237680910411,0.0,0.0,4625.202412345558,4415.089656551389,0.9993062193135552,0.9964520322518478
annual,2022.0,1,fixed_d46,fixed,46.0,double_slippage,0.2733273579914195,0.07067543009787393,0.5371900826446281,242,0.076945894967426,0.0032884508147038726,46.03305785123967,46.01057876952548,1.0,0.9973237680910411,0.0,0.0,4628.912997738341,4416.270564201609,0.9993062193135552,0.9964520322518478
annual,2022.0,1,fixed_d47,fixed,47.0,double_slippage,0.2806457292416262,0.12563333130602683,0.5578512396694215,242,0.08065337007019009,0.003661887659885203,47.00826446280992,47.010564659758515,1.0,0.9973237680910411,0.0,0.0,4638.980720822848,4417.284639452993,0.9993062193135552,0.9964520322518478
annual,2022.0,1,fixed_d48,fixed,48.0,double_slippage,0.27710142491130707,0.1344275195498898,0.5702479338842975,242,0.08187115621186908,0.003897804108787085,48.0,48.01057310254141,1.0,0.9973237680910411,0.0,0.0,4642.287643542691,4417.925275306988,0.9993062193135552,0.9964520322518478
annual,2022.0,1,fixed_d49,fixed,49.0,double_slippage,0.27096408235410047,0.13277916795576755,0.5495867768595041,242,0.0820606430931859,0.004089987982016318,49.02066115702479,49.01058496652291,1.0,0.9973237680910411,0.0,0.0,4642.802198973639,4418.447154473631,0.9993062193135552,0.9964520322518478
annual,2022.0,1,fixed_d5,fixed,5.0,double_slippage,-0.212792963511844,-0.6452014773436503,0.4297520661157025,242,-0.005711058177321895,-0.004307257772944069,5.008264462809917,5.009145535200806,1.0,0.9973237680910411,0.0,0.0,4404.456381792368,4395.644265016474,0.9993062193135552,0.9964520322518478
annual,2022.0,1,fixed_d50,fixed,50.0,double_slippage,0.2619871008744755,0.14932101976880519,0.5371900826446281,242,0.08230105165534933,0.004217290051785829,50.03305785123967,50.01057134037687,1.0,0.9973237680910411,0.0,0.0,4643.455033251394,4418.792845800207,0.9993062193135552,0.9964520322518478
annual,2022.0,1,fixed_d51,fixed,51.0,double_slippage,0.27071727690730724,0.16302830811989766,0.5413223140495868,242,0.08708552701267172,0.004416903885452306,51.01652892561984,51.01058632569262,1.0,0.9973237680910411,0.0,1.4694990771545797e-06,4656.447372152406,4419.334908541054,0.9993062193135552,0.9964520322518478
annual,2022.0,1,fixed_d52,fixed,52.0,double_slippage,0.25569041809216897,0.11572455236693649,0.5371900826446281,242,0.0852089017512889,0.004625019214905962,52.02892561983471,52.01060512235659,1.0,0.9973237680910411,0.0,2.9395209216791895e-06,4651.351358574078,4419.900057267032,0.9993062193135552,0.9964520322518478
annual,2022.0,1,fixed_d53,fixed,53.0,double_slippage,0.2357030812962853,0.11819471398921966,0.5371900826446281,242,0.0807684489373133,0.004873368414557719,53.02892561983471,53.01060221600978,1.0,0.9973237680910411,0.0,4.410589417570495e-06,4639.293219797206,4420.574461880643,0.9993062193135552,0.9964520322518478
annual,2022.0,1,fixed_d54,fixed,54.0,double_slippage,0.22904278859695906,0.07964457347739506,0.5537190082644629,242,0.07975319014812667,0.005127878282430124,54.03719008264463,54.01059136249356,1.0,0.9973237680910411,0.0,5.8827060563160165e-06,4636.536264169636,4421.265595917764,0.9993062193135552,0.9964520322518478
annual,2022.0,1,fixed_d55,fixed,55.0,double_slippage,0.23755928877941748,0.09933311868915093,0.5537190082644629,242,0.08264170820227469,0.0053975093475285875,55.02066115702479,55.01053889661323,1.0,0.9973237680910411,0.0,7.354822695061537e-06,4644.38009294467,4421.997791869571,0.9993062193135552,0.9964520322518478
annual,2022.0,1,fixed_d56,fixed,56.0,double_slippage,0.24075849467249774,0.11520069532296226,0.5454545454545454,242,0.08403508333837825,0.005682558807135882,56.00826446280992,56.01049760580785,1.0,0.9973237680910411,0.0,8.826939333807058e-06,4648.163831104547,4422.771856781259,0.9993062193135552,0.9964520322518478
annual,2022.0,1,fixed_d57,fixed,57.0,double_slippage,0.2296050328596772,0.12588078763541782,0.5495867768595041,242,0.08204523157868285,0.005897377461204023,57.02479338842975,57.010469134466646,1.0,0.9973237680910411,0.0,1.0298007829698365e-05,4642.760348696557,4423.355208525072,0.9993062193135552,0.9964520322518478
annual,2022.0,1,fixed_d58,fixed,58.0,double_slippage,0.2294908501416319,0.14515671206367492,0.5537190082644629,242,0.08354413972392216,0.006120426489325823,58.01239669421488,58.01040550185647,1.0,0.9973237680910411,0.0,1.1768552813669424e-05,4646.830663861757,4423.960910012263,0.9993062193135552,0.9964520322518478
annual,2022.0,1,fixed_d59,fixed,59.0,double_slippage,0.2178084800723711,0.1406634748173134,0.5743801652892562,242,0.08113803757167601,0.006396959996230684,59.01652892561984,59.010361530490684,1.0,0.9973237680910411,0.0,1.3239621309560729e-05,4640.29684515485,4424.711849678138,0.9993062193135552,0.9964520322518478
annual,2022.0,1,fixed_d6,fixed,6.0,double_slippage,-0.16270275611592622,-0.2698005091255393,0.4380165289256198,242,-0.005005264383847908,-0.004401336717571865,6.0041322314049586,6.009757568367283,1.0,0.9973237680910411,0.0,0.0,4406.37297901029,4395.388791753312,0.9993062193135552,0.9964520322518478
annual,2022.0,1,fixed_d60,fixed,60.0,double_slippage,0.20544309085649712,0.13508027082871712,0.5619834710743802,242,0.07905366884369855,0.006661544241088385,60.01239669421488,60.01029782940431,1.0,0.9973237680910411,0.0,1.4711213690244018e-05,4634.636700021674,4425.430340885618,0.9993062193135552,0.9964520322518478
annual,2022.0,1,fixed_d7,fixed,7.0,double_slippage,-0.18455773721542043,-0.32479318610427577,0.41735537190082644,242,-0.006136327144539432,-0.004593619764833591,7.008264462809917,7.010244256636238,1.0,0.9973237680910411,0.0,0.0,4403.3015553728455,4394.866643277593,0.9993062193135552,0.9964520322518478
annual,2022.0,1,fixed_d8,fixed,8.0,double_slippage,-0.07762117176122285,-0.3855166548336927,0.4214876033057851,242,-0.003392049492903915,-0.004757243913313853,8.00413223140496,8.010605058756427,1.0,0.9973237680910411,0.0,0.0,4410.753696438634,4394.42231861696,0.9993062193135552,0.9964520322518478
annual,2022.0,1,fixed_d9,fixed,9.0,double_slippage,0.0483108229222378,-0.23401468598577468,0.4462809917355372,242,0.0014508368946642724,-0.004870329980130928,9.00413223140496,9.010871769436863,1.0,0.9973237680910411,0.0,0.0,4423.9046516651215,4394.1152311318465,0.9993062193135552,0.9964520322518478
annual,2022.0,1,model_plan,model_plan,,double_slippage,0.18053766691887213,0.05507982540570752,0.5330578512396694,242,0.04268987275835008,0.0007811331501010297,37.00826446280992,7.42963148124115,1.0,0.9973237680910411,0.0,0.0,4535.890081597773,4409.461892738571,0.9993062193135552,0.9964520322518478
annual,2022.0,1,rolling_path,rolling,,double_slippage,0.5455546777469774,0.11031706235375582,0.5413223140495868,242,0.014231099699792296,-0.0005954845929284928,17.512396694214875,4.694512625635897,1.0,0.9973237680910411,0.0,0.0,4458.609711929274,4405.723659616058,0.9993062193135552,0.9964520322518478
annual,2022.0,2,fixed_d10,fixed,10.0,base,0.15997108919161046,0.05918755163798461,0.5165289256198347,242,0.004900127238656881,-0.0035891241827129203,10.006198347107437,10.011031075457456,1.0,0.9973237680910411,0.0,0.0,1514.1388463427127,1500.830795903703,0.9987056586487959,0.9955537292750298
annual,2022.0,2,fixed_d11,fixed,11.0,base,0.214957889875256,0.05884943611128696,0.5206611570247934,242,0.008123836381807237,-0.0036770461150914826,11.008264462809917,11.011104389778579,1.0,0.9973237680910411,0.0,0.0,1517.3837151717398,1500.7422968719684,0.9987056586487959,0.9955537292750298
annual,2022.0,2,fixed_d12,fixed,12.0,base,0.2553859604131191,0.09540314038085027,0.5289256198347108,242,0.010877392266169095,-0.003763026070059855,12.006198347107437,12.01117173719096,1.0,0.9973237680910411,0.0,0.0,1520.155344764046,1500.655752564337,0.9987056586487959,0.9955537292750298
annual,2022.0,2,fixed_d13,fixed,13.0,base,0.24106578249575608,0.1170625080836642,0.5454545454545454,242,0.011263082931498613,-0.00377447809798446,13.006198347107437,13.011233061760747,1.0,0.9973237680910411,0.0,0.0,1520.543567014256,1500.6442253679334,0.9987056586487959,0.9955537292750298
annual,2022.0,2,fixed_d14,fixed,14.0,base,0.24787959444413674,0.18508080379245895,0.5785123966942148,242,0.01289020868343523,-0.0037060077905291667,14.00206611570248,14.011185374209937,1.0,0.9973237680910411,0.0,0.0,1522.1813728456475,1500.7131450987495,0.9987056586487959,0.9955537292750298
annual,2022.0,2,fixed_d15,fixed,15.0,base,0.2415964841911462,0.15485774196342697,0.5661157024793388,242,0.013892843763343005,-0.0035881881030678433,15.00206611570248,15.011122403593971,1.0,0.9973237680910411,0.0,0.0,1523.1905889917753,1500.8317381275594,0.9987056586487959,0.9955537292750298
annual,2022.0,2,fixed_d16,fixed,16.0,base,0.2538805699940922,0.11051670793639246,0.5578512396694215,242,0.016533210768765464,-0.003282251086461388,16.00206611570248,16.01110601321787,1.0,0.9973237680910411,0.0,0.0,1525.8482867593573,1501.1396832444261,0.9987056586487959,0.9955537292750298
annual,2022.0,2,fixed_d17,fixed,17.0,base,0.22806146725887413,0.104464237794735,0.5537190082644629,242,0.016578641961573572,-0.0029611144983377915,17.00413223140496,17.011083141313154,1.0,0.9973237680910411,0.0,0.0,1525.8940161520718,1501.4629276993041,0.9987056586487959,0.9955537292750298
annual,2022.0,2,fixed_d18,fixed,18.0,base,0.2382043994578284,0.09698169173318028,0.5578512396694215,242,0.019246371600411497,-0.0025005240769330147,18.00413223140496,18.01103201451471,1.0,0.9973237680910411,0.0,0.0,1528.5792561551038,1501.9265413303722,0.9987056586487959,0.9955537292750298
annual,2022.0,2,fixed_d19,fixed,19.0,base,0.24347409799612799,0.08286597061378301,0.5413223140495868,242,0.021175653037163213,-0.002103042695879893,19.00413223140496,19.011031753507666,1.0,0.9973237680910411,0.0,0.0,1530.5212009517777,1502.326631687853,0.9987056586487959,0.9955537292750298
annual,2022.0,2,fixed_d2,fixed,2.0,base,-0.07378151190027867,-0.2126705863570229,0.47107438016528924,242,-0.0029459907483955473,-0.0026366092370433193,2.0082644628099175,2.006538030344332,1.0,0.9973237680910411,0.0,0.0,1506.2412282405521,1501.7895629385487,0.9987056586487959,0.9955537292750298
annual,2022.0,2,fixed_d20,fixed,20.0,base,0.2502731289656829,0.045830337231351104,0.5165289256198347,242,0.02352672852798086,-0.0017962213464298637,20.00206611570248,20.011060926374693,1.0,0.9973237680910411,0.0,0.0,1532.8877083617456,1502.6354669421205,0.9987056586487959,0.9955537292750298
annual,2022.0,2,fixed_d21,fixed,21.0,base,0.25392651906168684,0.09402452728951802,0.5289256198347108,242,0.02526221115514046,-0.0014925227326613088,21.00826446280992,21.011072956966828,1.0,0.9973237680910411,0.0,0.0,1534.634582297985,1502.9411589637878,0.9987056586487959,0.9955537292750298
annual,2022.0,2,fixed_d22,fixed,22.0,base,0.22218329393429526,0.061017204050303225,0.5330578512396694,242,0.02389819644627644,-0.0012720431073156742,22.014462809917354,22.011096708968214,1.0,0.9973237680910411,0.0,0.0,1533.261614510078,1503.163085766719,0.9987056586487959,0.9955537292750298
annual,2022.0,2,fixed_d23,fixed,23.0,base,0.19722369608261933,0.03951229697290437,0.5082644628099173,242,0.022967253015867342,-0.0010240730676443653,23.012396694214875,23.01113507821119,1.0,0.9973237680910411,0.0,0.0,1532.32456058096,1503.412683424737,0.9987056586487959,0.9955537292750298
annual,2022.0,2,fixed_d24,fixed,24.0,base,0.17749716286483128,-0.0010275026780559825,0.5,242,0.022411773119182767,-0.0007455204615882318,24.020661157024794,24.011111823018425,1.0,0.9973237680910411,0.0,0.0,1531.7654346419063,1503.6930643860762,0.9987056586487959,0.9955537292750298
annual,2022.0,2,fixed_d25,fixed,25.0,base,0.14980511684088918,-0.04792733841062906,0.4793388429752066,242,0.020856560538982084,-0.00043163096121413136,25.016528925619834,25.01111408455049,1.0,0.9973237680910411,0.0,0.0,1530.20001400378,1504.0090141849864,0.9987056586487959,0.9955537292750298
annual,2022.0,2,fixed_d26,fixed,26.0,base,0.13957721418343236,-0.03235082608815902,0.47107438016528924,242,0.020813645343392796,-0.00011392135955138759,26.016528925619834,26.01108779176866,1.0,0.9973237680910411,0.0,0.0,1530.156817122711,1504.3288091594516,0.9987056586487959,0.9955537292750298
annual,2022.0,2,fixed_d27,fixed,27.0,base,0.14378404620939134,0.030644332227344962,0.5082644628099173,242,0.02229778301332926,0.00014693282260414779,27.00826446280992,27.01107260360308,1.0,0.9973237680910411,0.0,0.0,1531.6506963311974,1504.5913755285044,0.9987056586487959,0.9955537292750298
annual,2022.0,2,fixed_d28,fixed,28.0,base,0.16845827888097267,0.007643228617293383,0.5041322314049587,242,0.025818456296621644,0.00030937149976287433,28.00413223140496,28.011063538339332,1.0,0.9973237680910411,0.0,0.0,1535.1944785047274,1504.7548804158046,0.9987056586487959,0.9955537292750298
annual,2022.0,2,fixed_d29,fixed,29.0,base,0.17047897477791088,0.00414660913089565,0.5,242,0.027117859965145718,0.000451701777089913,29.00206611570248,29.01105816411536,1.0,0.9973237680910411,0.0,0.0,1536.5024111602754,1504.8981449163584,0.9987056586487959,0.9955537292750298
annual,2022.0,2,fixed_d3,fixed,3.0,base,-0.05733894301600138,-0.21952175496498572,0.48760330578512395,242,-0.0027446474208190122,-0.0027607006556863408,3.0041322314049586,3.0074944032440127,1.0,0.9973237680910411,0.0,0.0,1506.4438931394548,1501.6646570123553,0.9987056586487959,0.9955537292750298
annual,2022.0,2,fixed_d30,fixed,30.0,base,0.18228387348888225,-0.034465622781963585,0.48760330578512395,242,0.02973894361740334,0.0006060137178226066,30.00413223140496,30.01107267725759,1.0,0.9973237680910411,0.0,0.0,1539.1406990031949,1505.053469725203,0.9987056586487959,0.9955537292750298
annual,2022.0,2,fixed_d31,fixed,31.0,base,0.20112803152699563,0.02268188918815664,0.512396694214876,242,0.03348548994070267,0.0008393135475676813,31.00206611570248,31.01105584406439,1.0,0.9973237680910411,0.0,0.0,1542.9118367954502,1505.2883008814085,0.9987056586487959,0.9955537292750298
annual,2022.0,2,fixed_d32,fixed,32.0,base,0.21094896621204134,0.041306714074401125,0.5206611570247934,242,0.036216006159381926,0.0010207580294239356,32.002066115702476,32.01104391440436,1.0,0.9973237680910411,0.0,0.0,1545.6602754950047,1505.4709363231404,0.9987056586487959,0.9955537292750298
annual,2022.0,2,fixed_d33,fixed,33.0,base,0.2116848091005164,0.020226019562000493,0.5165289256198347,242,0.03793079841043298,0.0012851217363323809,33.00826446280992,33.011010255396556,1.0,0.9973237680910411,0.0,0.0,1547.3863232482622,1505.7370352526596,0.9987056586487959,0.9955537292750298
annual,2022.0,2,fixed_d34,fixed,34.0,base,0.21784478578141034,0.026040075915651904,0.5206611570247934,242,0.04024090221023049,0.0015134100729070387,34.010330578512395,34.011000460522745,1.0,0.9973237680910411,0.0,0.0,1549.711590038442,1505.966822021405,0.9987056586487959,0.9955537292750298
annual,2022.0,2,fixed_d35,fixed,35.0,base,0.21823103012938336,0.07963924574865358,0.5537190082644629,242,0.04191956209548675,0.0016987502939737366,35.010330578512395,35.01099726687727,1.0,0.9973237680910411,0.0,0.0,1551.4012682613609,1506.1533787730843,0.9987056586487959,0.9955537292750298
annual,2022.0,2,fixed_d36,fixed,36.0,base,0.23566872464833366,0.09818080628777726,0.5371900826446281,242,0.04602354352010349,0.0018755202439604255,36.00413223140496,36.011001035260485,1.0,0.9973237680910411,0.0,0.0,1555.5321872767875,1506.3313090003937,0.9987056586487959,0.9955537292750298
annual,2022.0,2,fixed_d37,fixed,37.0,base,0.2581078097547292,0.12654402688383476,0.5619834710743802,242,0.05107914247794063,0.002053434175363213,37.006198347107436,37.0109962479113,1.0,0.9973237680910411,0.0,0.0,1560.6209700242002,1506.5103907179505,0.9987056586487959,0.9955537292750298
annual,2022.0,2,fixed_d38,fixed,38.0,base,0.26402227593973926,0.14419877945794107,0.5702479338842975,242,0.053717244797039966,0.0022467912593493447,38.00826446280992,38.010983483300016,1.0,0.9973237680910411,0.0,0.0,1563.2763882405793,1506.7050169533943,0.9987056586487959,0.9955537292750298
annual,2022.0,2,fixed_d39,fixed,39.0,base,0.2797106909361719,0.19119970507947137,0.5991735537190083,242,0.05775744554339122,0.0024904894385081697,39.006198347107436,39.01093903671087,1.0,0.9973237680910411,0.0,0.0,1567.3431079360248,1506.9503147113896,0.9987056586487959,0.9955537292750298
annual,2022.0,2,fixed_d4,fixed,4.0,base,0.055542160779939696,-0.09423812545257673,0.48760330578512395,242,-0.0006567353245002376,-0.0028292233508506104,4.0041322314049586,4.008383890345391,1.0,0.9973237680910411,0.0,0.0,1508.5455098108873,1501.5956845499693,0.9987056586487959,0.9955537292750298
annual,2022.0,2,fixed_d40,fixed,40.0,base,0.28161241278063415,0.182523692670032,0.5950413223140496,242,0.060087926819069576,0.0027786362559911572,40.00413223140496,40.01091774468703,1.0,0.9973237680910411,0.0,0.0,1569.6888859551564,1507.2403528583543,0.9987056586487959,0.9955537292750298
annual,2022.0,2,fixed_d41,fixed,41.0,base,0.28986281655386176,0.18106950508263464,0.5867768595041323,242,0.06389820534280544,0.003116257006389005,41.006198347107436,41.01083913294772,1.0,0.9973237680910411,0.0,0.0,1573.524174271363,1507.5801896737592,0.9987056586487959,0.9955537292750298
annual,2022.0,2,fixed_d42,fixed,42.0,base,0.28630960252205395,0.1528994493872472,0.5826446280991735,242,0.06576625008767713,0.003506559239737481,42.01239669421488,42.01081260283611,1.0,0.9973237680910411,0.0,0.0,1575.4044804325888,1507.9730537612595,0.9987056586487959,0.9955537292750298
annual,2022.0,2,fixed_d43,fixed,43.0,base,0.2708022911581378,0.12582474373834004,0.5743801652892562,242,0.0651038766134387,0.003790440445465393,43.00826446280992,43.010781309889424,1.0,0.9973237680910411,0.0,0.0,1574.737759291107,1508.2587982979744,0.9987056586487959,0.9955537292750298
annual,2022.0,2,fixed_d44,fixed,44.0,base,0.266557442871522,0.1221477002268604,0.5743801652892562,242,0.06620714693775415,0.003983826564275825,44.006198347107436,44.010780833452344,1.0,0.9973237680910411,0.0,0.0,1575.8482712282544,1508.4534537588204,0.9987056586487959,0.9955537292750298
annual,2022.0,2,fixed_d45,fixed,45.0,base,0.2691676681787434,0.13575498608129866,0.5909090909090909,242,0.06794667578856657,0.00426918049428611,45.00826446280992,45.01072990316484,1.0,0.9973237680910411,0.0,0.0,1577.5992179466286,1508.7406806864417,0.9987056586487959,0.9955537292750298
annual,2022.0,2,fixed_d46,fixed,46.0,base,0.2578051839353622,0.10286964761039738,0.5702479338842975,242,0.06761570583337762,0.004704529455360781,46.02479338842975,46.01057876952548,1.0,0.9973237680910411,0.0,0.0,1577.2660755807249,1509.1788871780357,0.9987056586487959,0.9955537292750298
annual,2022.0,2,fixed_d47,fixed,47.0,base,0.26485645347014963,0.12026778705472457,0.5867768595041323,242,0.07106007483391207,0.005078441655282131,47.018595041322314,47.010564659758515,1.0,0.9973237680910411,0.0,0.0,1580.7330526277203,1509.555253651697,0.9987056586487959,0.9955537292750298
annual,2022.0,2,fixed_d48,fixed,48.0,base,0.26743043420398666,0.12029214198468227,0.5909090909090909,242,0.07393344043818671,0.00531470472905577,48.00826446280992,48.01057310254141,1.0,0.9973237680910411,0.0,0.0,1583.6252783434043,1509.7930675019838,0.9987056586487959,0.9955537292750298
annual,2022.0,2,fixed_d49,fixed,49.0,base,0.2650317445173062,0.09193537352146106,0.5950413223140496,242,0.0750412267391011,0.0055073192985959085,49.01652892561984,49.01058496652291,1.0,0.9973237680910411,0.0,0.0,1584.7403358989823,1509.9869463492876,0.9987056586487959,0.9955537292750298
annual,2022.0,2,fixed_d5,fixed,5.0,base,0.023599097037611552,-0.08825460781813604,0.4793388429752066,242,-0.0009178542798717081,-0.0029117982254835764,5.006198347107438,5.009145535200806,1.0,0.9973237680910411,0.0,0.0,1508.2826769307087,1501.512567672838,0.9987056586487959,0.9955537292750298
annual,2022.0,2,fixed_d50,fixed,50.0,base,0.2745868070365491,0.07921308500902985,0.5702479338842975,242,0.07870369307199486,0.0056350117675097846,50.02685950413223,50.01057134037687,1.0,0.9973237680910411,0.0,0.0,1588.4268418191016,1510.1154769622187,0.9987056586487959,0.9955537292750298
annual,2022.0,2,fixed_d51,fixed,51.0,base,0.28628865709697576,0.11502979406360964,0.5578512396694215,242,0.0833831807114118,0.005835056566421818,51.02479338842975,51.01058632569262,1.0,0.9973237680910411,0.0,1.4694990771545797e-06,1593.1370445398452,1510.3168421714993,0.9987056586487959,0.9955537292750298
annual,2022.0,2,fixed_d52,fixed,52.0,base,0.28582668589124305,0.1015536165847026,0.5950413223140496,242,0.08447988307943029,0.006043531546824534,52.02892561983471,52.01060512235659,1.0,0.9973237680910411,0.0,2.9395209216791895e-06,1594.2409454101396,1510.526692898663,0.9987056586487959,0.9955537292750298
annual,2022.0,2,fixed_d53,fixed,53.0,base,0.27746349519958635,0.10611800244218296,0.5826446280991735,242,0.08344395152207491,0.0062923370022949935,53.02685950413223,53.01060221600978,1.0,0.9973237680910411,0.0,4.410589417570495e-06,1593.1982142361421,1510.7771388261074,0.9987056586487959,0.9955537292750298
annual,2022.0,2,fixed_d54,fixed,54.0,base,0.2724881748515997,0.13866087638213762,0.5537190082644629,242,0.08376979604297138,0.006547194333096299,54.03099173553719,54.01059136249356,1.0,0.9973237680910411,0.0,5.8827060563160165e-06,1593.52619752558,1511.0336763572525,0.9987056586487959,0.9955537292750298
annual,2022.0,2,fixed_d55,fixed,55.0,base,0.27690728174820534,0.1396593931826907,0.5909090909090909,242,0.08643322241508007,0.0068171848400831086,55.02272727272727,55.01053889661323,1.0,0.9973237680910411,0.0,7.354822695061537e-06,1596.2071060162311,1511.3054463952733,0.9987056586487959,0.9955537292750298
annual,2022.0,2,fixed_d56,fixed,56.0,base,0.2752511157276304,0.1242671996222573,0.5950413223140496,242,0.08740022171380847,0.007102590689362033,56.014462809917354,56.01049760580785,1.0,0.9973237680910411,0.0,8.826939333807058e-06,1597.1804524761017,1511.5927329583499,0.9987056586487959,0.9955537292750298
annual,2022.0,2,fixed_d57,fixed,57.0,base,0.2670902613662502,0.13564919684631532,0.5991735537190083,242,0.08703483809493345,0.007317746264407427,57.018595041322314,57.010469134466646,1.0,0.9973237680910411,0.0,1.0298007829698365e-05,1596.8126705631314,1511.809308135288,0.9987056586487959,0.9955537292750298
annual,2022.0,2,fixed_d58,fixed,58.0,base,0.2572487032814156,0.13729370740536165,0.5785123966942148,242,0.08651868591636126,0.007541169394368115,58.01652892561984,58.01040550185647,1.0,0.9973237680910411,0.0,1.1768552813669424e-05,1596.2931304802917,1512.034205130849,0.9987056586487959,0.9955537292750298
annual,2022.0,2,fixed_d59,fixed,59.0,base,0.24272939542467536,0.10713667146220836,0.5702479338842975,242,0.08398703205490848,0.007818185159560571,59.02272727272727,59.010361530490684,1.0,0.9973237680910411,0.0,1.3239621309560729e-05,1593.7448594247708,1512.3130465340041,0.9987056586487959,0.9955537292750298
annual,2022.0,2,fixed_d6,fixed,6.0,base,0.06089617893319974,-0.18011022059492016,0.4793388429752066,242,0.00022131336713404615,-0.003005471480545995,6.006198347107438,6.009757568367283,1.0,0.9973237680910411,0.0,0.0,1509.429321812321,1501.4182795680595,0.9987056586487959,0.9955537292750298
annual,2022.0,2,fixed_d60,fixed,60.0,base,0.22887597440953808,0.10553783012306436,0.5661157024793388,242,0.08192711714352417,0.008083084754322706,60.02479338842975,60.01029782940431,1.0,0.9973237680910411,0.0,1.4711213690244018e-05,1591.6714237053602,1512.579692241596,0.9987056586487959,0.9955537292750298
annual,2022.0,2,fixed_d7,fixed,7.0,base,0.046851947992630344,-0.029166983056117923,0.49586776859504134,242,4.3831871033566815e-05,-0.0031973622398385362,7.008264462809917,7.010244256636238,1.0,0.9973237680910411,0.0,0.0,1509.2506753684715,1501.2251292819274,0.9987056586487959,0.9955537292750298
annual,2022.0,2,fixed_d8,fixed,8.0,base,0.05080036532692226,-0.05802846872363826,0.4834710743801653,242,0.00020646570434736306,-0.0033607170131021704,8.010330578512397,8.010605058756427,1.0,0.9973237680910411,0.0,0.0,1509.4143766928871,1501.0607022854776,0.9987056586487959,0.9955537292750298
annual,2022.0,2,fixed_d9,fixed,9.0,base,0.10159902999376437,0.03125304419910679,0.5041322314049587,242,0.002296125060685948,-0.003473342541663489,9.00413223140496,9.010871769436863,1.0,0.9973237680910411,0.0,0.0,1511.5177520929517,1500.9473375088328,0.9987056586487959,0.9955537292750298
annual,2022.0,2,model_plan,model_plan,,base,0.19561653053148606,0.06106876423732534,0.5165289256198347,242,0.04125239681349042,0.0021812792624952555,35.320247933884296,7.42963148124115,1.0,0.9973237680910411,0.0,0.0,1550.7297238597969,1506.6390749508505,0.9987056586487959,0.9955537292750298
annual,2022.0,2,rolling_path,rolling,,base,0.2979802485122129,0.3804088764135373,0.5537190082644629,242,0.01580162240841987,0.0008027709025536466,17.175619834710744,4.694512625635897,1.0,0.9973237680910411,0.0,0.0,1525.1118964211648,1505.2515183788717,0.9987056586487959,0.9955537292750298
annual,2022.0,2,fixed_d10,fixed,10.0,double_slippage,0.1600623581831877,0.059064487485440326,0.5165289256198347,242,0.003503683845209098,-0.004976628595691985,10.006198347107437,10.011031075457456,1.0,0.9973237680910411,0.0,0.0,2213.424592180482,2194.946311893573,0.9987116015193112,0.9955626084370577
annual,2022.0,2,fixed_d11,fixed,11.0,double_slippage,0.2150435855927514,0.059780879716162236,0.5206611570247934,242,0.0067228970849140405,-0.0050645004533690025,11.008264462809917,11.011104389778579,1.0,0.9973237680910411,0.0,0.0,2217.7955112762247,2194.827002996615,0.9987116015193112,0.9955626084370577
annual,2022.0,2,fixed_d12,fixed,12.0,double_slippage,0.25543993331202214,0.09927046197962275,0.5289256198347108,242,0.009471890784517335,-0.005150334434571418,12.006198347107437,12.01117173719096,1.0,0.9973237680910411,0.0,0.0,2221.5279850705883,2194.710461046901,0.9987116015193112,0.9955626084370577
annual,2022.0,2,fixed_d13,fixed,13.0,double_slippage,0.24109746761287004,0.11912572051043438,0.5454545454545454,242,0.009856548885666151,-0.005161799041353385,13.006198347107437,13.011233061760747,1.0,0.9973237680910411,0.0,0.0,2222.050258469229,2194.6948948619433,0.9987116015193112,0.9955626084370577
annual,2022.0,2,fixed_d14,fixed,14.0,double_slippage,0.24788587315171312,0.1844212643974582,0.5785123966942148,242,0.011480461968347134,-0.005093411820053107,14.00206611570248,14.011185374209937,1.0,0.9973237680910411,0.0,0.0,2224.2551427606354,2194.787748298242,0.9987116015193112,0.9955626084370577
annual,2022.0,2,fixed_d15,fixed,15.0,double_slippage,0.24157987164225406,0.15425467064477802,0.5661157024793388,242,0.012480387766696455,-0.004975740153819292,15.00206611570248,15.011122403593971,1.0,0.9973237680910411,0.0,0.0,2225.6128020521764,2194.9475181844446,0.9987116015193112,0.9955626084370577
annual,2022.0,2,fixed_d16,fixed,16.0,double_slippage,0.25388419293949516,0.11132283582321865,0.5578512396694215,242,0.015117582364258302,-0.00467026164487808,16.00206611570248,16.01110601321787,1.0,0.9973237680910411,0.0,0.0,2229.1934794933295,2195.362284696834,0.9987116015193112,0.9955626084370577
annual,2022.0,2,fixed_d17,fixed,17.0,double_slippage,0.22807262921848193,0.10478530007300726,0.5537190082644629,242,0.015162994098815786,-0.004349488405942603,17.00413223140496,17.011083141313154,1.0,0.9973237680910411,0.0,0.0,2229.2551377318377,2195.7978177824257,0.9987116015193112,0.9955626084370577
annual,2022.0,2,fixed_d18,fixed,18.0,double_slippage,0.23819963535470773,0.09845341757024016,0.5578512396694215,242,0.017825817809936403,-0.0038895348193906712,18.00413223140496,18.01103201451471,1.0,0.9973237680910411,0.0,0.0,2232.8706133592323,2196.4223243823058,0.9987116015193112,0.9955626084370577
annual,2022.0,2,fixed_d19,fixed,19.0,double_slippage,0.24348138055255994,0.08256747653481515,0.5413223140495868,242,0.019753603567878832,-0.0034926502511159817,19.00413223140496,19.011031753507666,1.0,0.9973237680910411,0.0,0.0,2235.488083826229,2196.961198389433,0.9987116015193112,0.9955626084370577
annual,2022.0,2,fixed_d2,fixed,2.0,double_slippage,-0.07410743026998766,-0.21380131037972522,0.47107438016528924,242,-0.004336719596770397,-0.004025737564575867,2.0082644628099175,2.006538030344332,1.0,0.9973237680910411,0.0,0.0,2202.779205692811,2196.237393737612,0.9987116015193112,0.9955626084370577
annual,2022.0,2,fixed_d20,fixed,20.0,double_slippage,0.2502926937922014,0.04532856426663001,0.5165289256198347,242,0.02210182880843389,-0.0031861981609108392,20.00206611570248,20.011060926374693,1.0,0.9973237680910411,0.0,0.0,2238.6764102217776,2197.377286791558,0.9987116015193112,0.9955626084370577
annual,2022.0,2,fixed_d21,fixed,21.0,double_slippage,0.25393054914873564,0.09340452563965233,0.5289256198347108,242,0.023833285198805256,-0.002882798791244293,21.00826446280992,21.011072956966828,1.0,0.9973237680910411,0.0,0.0,2241.027312518889,2197.789230331723,0.9987116015193112,0.9955626084370577
annual,2022.0,2,fixed_d22,fixed,22.0,double_slippage,0.22218110178836978,0.061294087617950584,0.5371900826446281,242,0.022470897698105077,-0.0026626450752390133,22.014462809917354,22.011096708968214,1.0,0.9973237680910411,0.0,0.0,2239.1775172120206,2198.088146249879,0.9987116015193112,0.9955626084370577
annual,2022.0,2,fixed_d23,fixed,23.0,double_slippage,0.19721367043047594,0.03973204111085642,0.5082644628099173,242,0.021540206642888676,-0.0024151197798704485,23.012396694214875,23.01113507821119,1.0,0.9973237680910411,0.0,0.0,2237.913862088061,2198.424226204715,0.9987116015193112,0.9955626084370577
annual,2022.0,2,fixed_d24,fixed,24.0,double_slippage,0.17747411225477872,-0.0012697704187632428,0.5,242,0.020984427640247737,-0.0021369892121267044,24.020661157024794,24.011111823018425,1.0,0.9973237680910411,0.0,0.0,2237.1592475674393,2198.8018607753816,0.9987116015193112,0.9955626084370577
annual,2022.0,2,fixed_d25,fixed,25.0,double_slippage,0.14978576452293124,-0.04802357258563403,0.4793388429752066,242,0.01943193640492443,-0.0018235539712211854,25.016528925619834,25.01111408455049,1.0,0.9973237680910411,0.0,0.0,2235.051337006327,2199.227430620478,0.9987116015193112,0.9955626084370577
annual,2022.0,2,fixed_d26,fixed,26.0,double_slippage,0.1395733248309909,-0.03171783075554854,0.47107438016528924,242,0.019390773866274347,-0.0015063040257450545,26.016528925619834,26.01108779176866,1.0,0.9973237680910411,0.0,0.0,2234.9954481562186,2199.6581799190026,0.9987116015193112,0.9955626084370577
annual,2022.0,2,fixed_d27,fixed,27.0,double_slippage,0.14379373863970243,0.030009666908962614,0.5082644628099173,242,0.020875071134032162,-0.0012458078911643559,27.00826446280992,27.01107260360308,1.0,0.9973237680910411,0.0,0.0,2237.010767673231,2200.0118711610003,0.9987116015193112,0.9955626084370577
annual,2022.0,2,fixed_d28,fixed,28.0,double_slippage,0.16847145558820195,0.008671345097941255,0.5041322314049587,242,0.02439173694920868,-0.0010836588499580583,28.00413223140496,28.011063538339332,1.0,0.9973237680910411,0.0,0.0,2241.785555989618,2200.232030649605,0.9987116015193112,0.9955626084370577
annual,2022.0,2,fixed_d29,fixed,29.0,double_slippage,0.17047611306700874,0.004464580675428598,0.5,242,0.025687535239268203,-0.0009414665494548545,29.00206611570248,29.01105816411536,1.0,0.9973237680910411,0.0,0.0,2243.544939127211,2200.4250936731637,0.9987116015193112,0.9955626084370577
annual,2022.0,2,fixed_d3,fixed,3.0,double_slippage,-0.057765749468262434,-0.2207652823469945,0.48760330578512395,242,-0.004136976153721603,-0.004149560490132691,3.0041322314049586,3.0074944032440127,1.0,0.9973237680910411,0.0,0.0,2203.0504093579516,2196.0692719173076,0.9987116015193112,0.9955626084370577
annual,2022.0,2,fixed_d30,fixed,30.0,double_slippage,0.18229346587290135,-0.03445346969609082,0.48760330578512395,242,0.028306906478299365,-0.0007873017874484165,30.00413223140496,30.01107267725759,1.0,0.9973237680910411,0.0,0.0,2247.1014167243798,2200.6344124265274,0.9987116015193112,0.9955626084370577
annual,2022.0,2,fixed_d31,fixed,31.0,double_slippage,0.20114261294547364,0.022613039408794555,0.512396694214876,242,0.03204866071495357,-0.0005543175333746371,31.00206611570248,31.01105584406439,1.0,0.9973237680910411,0.0,0.0,2252.1818211048217,2200.950749136559,0.9987116015193112,0.9955626084370577
annual,2022.0,2,fixed_d32,fixed,32.0,double_slippage,0.21095251904713577,0.040857925859458355,0.5206611570247934,242,0.03477358002662333,-0.00037311726126677537,32.002066115702476,32.01104391440436,1.0,0.9973237680910411,0.0,0.0,2255.8816076572753,2201.1967756251865,0.9987116015193112,0.9955626084370577
annual,2022.0,2,fixed_d33,fixed,33.0,double_slippage,0.21166829074252466,0.020200606756232142,0.5165289256198347,242,0.036483210758765566,-0.00010914233777331354,33.00826446280992,33.011010255396556,1.0,0.9973237680910411,0.0,0.0,2258.202875947807,2201.5551902277566,0.9987116015193112,0.9955626084370577
annual,2022.0,2,fixed_d34,fixed,34.0,double_slippage,0.21780349727248383,0.025554993775421538,0.5206611570247934,242,0.03878671813290891,0.00011883510656369851,34.010330578512395,34.011000460522745,1.0,0.9973237680910411,0.0,0.0,2261.330486211285,2201.8647288916013,0.9987116015193112,0.9955626084370577
annual,2022.0,2,fixed_d35,fixed,35.0,double_slippage,0.2181760687293281,0.0793911545125831,0.5537190082644629,242,0.040461004207069884,0.0003038573995028538,35.010330578512395,35.01099726687727,1.0,0.9973237680910411,0.0,0.0,2263.603764937599,2202.1159447673854,0.9987116015193112,0.9955626084370577
annual,2022.0,2,fixed_d36,fixed,36.0,double_slippage,0.23560925115000894,0.09810264721374409,0.5371900826446281,242,0.04455984838381676,0.0004804067871071199,36.00413223140496,36.011001035260485,1.0,0.9973237680910411,0.0,0.0,2269.1690117692315,2202.355656470886,0.9987116015193112,0.9955626084370577
annual,2022.0,2,fixed_d37,fixed,37.0,double_slippage,0.25803219665241,0.12586399924872937,0.5619834710743802,242,0.049605765594241846,0.0006581565777184444,37.006198347107436,37.0109962479113,1.0,0.9973237680910411,0.0,0.0,2276.020156520552,2202.596998033621,0.9987116015193112,0.9955626084370577
annual,2022.0,2,fixed_d38,fixed,38.0,double_slippage,0.2639547327292833,0.1440516680650532,0.5702479338842975,242,0.052241183377494296,0.0008513023606528947,38.00826446280992,38.010983483300016,1.0,0.9973237680910411,0.0,0.0,2279.5984214742375,2202.8592436595018,0.9987116015193112,0.9955626084370577
annual,2022.0,2,fixed_d39,fixed,39.0,double_slippage,0.2796366806885815,0.1909797756225064,0.5991735537190083,242,0.056274082668323275,0.0010946152238762467,39.006198347107436,39.01093903671087,1.0,0.9973237680910411,0.0,0.0,2285.074130974957,2203.1896041423006,0.9987116015193112,0.9955626084370577
annual,2022.0,2,fixed_d4,fixed,4.0,double_slippage,0.055319486989108865,-0.09299321478978924,0.48760330578512395,242,-0.002050687342944705,-0.004218041188329928,4.0041322314049586,4.008383890345391,1.0,0.9973237680910411,0.0,0.0,2205.8830889362366,2195.976291561814,0.9987116015193112,0.9955626084370577
annual,2022.0,2,fixed_d40,fixed,40.0,double_slippage,0.2815412595065523,0.18191517539174426,0.5950413223140496,242,0.058602053683849256,0.0013823904225532945,40.00413223140496,40.01091774468703,1.0,0.9973237680910411,0.0,0.0,2288.234956993128,2203.580333807445,0.9987116015193112,0.9955626084370577
annual,2022.0,2,fixed_d41,fixed,41.0,double_slippage,0.28980944606579007,0.18100105830532387,0.5867768595041323,242,0.0624100463994597,0.001719531991650401,41.006198347107436,41.01083913294772,1.0,0.9973237680910411,0.0,0.0,2293.4052973333796,2204.0380911576453,0.9987116015193112,0.9955626084370577
annual,2022.0,2,fixed_d42,fixed,42.0,double_slippage,0.2862541040889909,0.1529416091515001,0.5826446280991735,242,0.06427395556451997,0.0021093556674652287,42.01239669421488,42.01081260283611,1.0,0.9973237680910411,0.0,0.0,2295.9360387150946,2204.5673781671467,0.9987116015193112,0.9955626084370577
annual,2022.0,2,fixed_d43,fixed,43.0,double_slippage,0.2707270672859404,0.12623958157271145,0.5743801652892562,242,0.06360906244494602,0.0023928150955980394,43.00826446280992,43.010781309889424,1.0,0.9973237680910411,0.0,0.0,2295.0332734067492,2204.9522480515066,0.9987116015193112,0.9955626084370577
annual,2022.0,2,fixed_d44,fixed,44.0,double_slippage,0.26647624632348516,0.12291008751369209,0.5743801652892562,242,0.06471021647799209,0.0025859593517967624,44.006198347107436,44.010780833452344,1.0,0.9973237680910411,0.0,0.0,2296.5283763502357,2205.2144916044467,0.9987116015193112,0.9955626084370577
annual,2022.0,2,fixed_d45,fixed,45.0,double_slippage,0.26906748960360194,0.13515065760239506,0.5909090909090909,242,0.0664434125933425,0.0028708483545786517,45.00826446280992,45.01072990316484,1.0,0.9973237680910411,0.0,0.0,2298.881640776406,2205.601302508138,0.9987116015193112,0.9955626084370577
annual,2022.0,2,fixed_d46,fixed,46.0,double_slippage,0.2577136376784005,0.10287473328896504,0.5702479338842975,242,0.06611372534460629,0.0033056560272964105,46.02479338842975,46.01057876952548,1.0,0.9973237680910411,0.0,0.0,2298.4340046045154,2206.1916669910556,0.9987116015193112,0.9955626084370577
annual,2022.0,2,fixed_d47,fixed,47.0,double_slippage,0.264790067363998,0.12019945124947212,0.5867768595041323,242,0.06955788635501148,0.0036790505961576785,47.018595041322314,47.010564659758515,1.0,0.9973237680910411,0.0,0.0,2303.1103487943046,2206.6986472156495,0.9987116015193112,0.9955626084370577
annual,2022.0,2,fixed_d48,fixed,48.0,double_slippage,0.2673775722211673,0.1199662142805415,0.5867768595041323,242,0.07243021588233778,0.003915147226705895,48.00826446280992,48.01057310254141,1.0,0.9973237680910411,0.0,0.0,2307.0102830470014,2207.0192097860863,0.9987116015193112,0.9955626084370577
annual,2022.0,2,fixed_d49,fixed,49.0,double_slippage,0.2649889560501777,0.09170814986826364,0.5950413223140496,242,0.07353765889825455,0.004107510623898123,49.01652892561984,49.01058496652291,1.0,0.9973237680910411,0.0,0.0,2308.513924920119,2207.2803931198705,0.9987116015193112,0.9955626084370577
annual,2022.0,2,fixed_d5,fixed,5.0,double_slippage,0.02359599030656105,-0.08782188588279877,0.4793388429752066,242,-0.002309101309450318,-0.004300467802946421,5.006198347107438,5.009145535200806,1.0,0.9973237680910411,0.0,0.0,2205.532224778847,2195.86437599829,0.9987116015193112,0.9955626084370577
annual,2022.0,2,fixed_d50,fixed,50.0,double_slippage,0.2745508911734772,0.07897015232616465,0.5702479338842975,242,0.07719760091965887,0.004235072878151017,50.02685950413223,50.01057134037687,1.0,0.9973237680910411,0.0,0.0,2313.4832479439447,2207.4535920512535,0.9987116015193112,0.9955626084370577
annual,2022.0,2,fixed_d51,fixed,51.0,double_slippage,0.286256827515235,0.11499871696681585,0.5578512396694215,242,0.0818718407663011,0.004434871122653255,51.02479338842975,51.01058632569262,1.0,0.9973237680910411,0.0,1.4694990771545797e-06,2319.8297440231067,2207.7248774910636,0.9987116015193112,0.9955626084370577
annual,2022.0,2,fixed_d52,fixed,52.0,double_slippage,0.28578830968631935,0.10114294426165245,0.5950413223140496,242,0.08296527343375386,0.004643130779921421,52.02892561983471,52.01060512235659,1.0,0.9973237680910411,0.0,2.9395209216791895e-06,2321.3143632049396,2208.0076515016262,0.9987116015193112,0.9955626084370577
annual,2022.0,2,fixed_d53,fixed,53.0,double_slippage,0.2774130323020987,0.10582437543675427,0.5826446280991735,242,0.08192721165290409,0.004891614874809153,53.02685950413223,53.01060221600978,1.0,0.9973237680910411,0.0,4.410589417570495e-06,2319.9049244002913,2208.345040651451,0.9987116015193112,0.9955626084370577
annual,2022.0,2,fixed_d54,fixed,54.0,double_slippage,0.272429795291963,0.13860160321165188,0.5537190082644629,242,0.0822503058475118,0.00514618737890142,54.03099173553719,54.01059136249356,1.0,0.9973237680910411,0.0,5.8827060563160165e-06,2320.3436087867494,2208.6906964052537,0.9987116015193112,0.9955626084370577
annual,2022.0,2,fixed_d55,fixed,55.0,double_slippage,0.27684629917048525,0.13973985975941194,0.5909090909090909,242,0.08490990077923333,0.005415763408021875,55.02272727272727,55.01053889661323,1.0,0.9973237680910411,0.0,7.354822695061537e-06,2323.9547005064974,2209.056723345792,0.9987116015193112,0.9955626084370577
annual,2022.0,2,fixed_d56,fixed,56.0,double_slippage,0.2751883396130702,0.12390139106736495,0.5950413223140496,242,0.08587549740060259,0.005700735360075901,56.014462809917354,56.01049760580785,1.0,0.9973237680910411,0.0,8.826939333807058e-06,2325.265749013344,2209.443654255261,0.9987116015193112,0.9955626084370577
annual,2022.0,2,fixed_d57,fixed,57.0,double_slippage,0.26703243894176504,0.13543056924069113,0.5991735537190083,242,0.08551185330362093,0.005915573117966801,57.018595041322314,57.010469134466646,1.0,0.9973237680910411,0.0,1.0298007829698365e-05,2324.772007589833,2209.7353597532333,0.9987116015193112,0.9955626084370577
annual,2022.0,2,fixed_d58,fixed,58.0,double_slippage,0.2571919408861632,0.1369900782673249,0.5785123966942148,242,0.08499614098554197,0.006138683107667936,58.01652892561984,58.01040550185647,1.0,0.9973237680910411,0.0,1.1768552813669424e-05,2324.0717940124273,2210.0382969543716,0.9987116015193112,0.9955626084370577
annual,2022.0,2,fixed_d59,fixed,59.0,double_slippage,0.2426820879516116,0.10677234513975303,0.5702479338842975,242,0.08246903398367504,0.0064152494650448685,59.02272727272727,59.010361530490684,1.0,0.9973237680910411,0.0,1.3239621309560729e-05,2320.6405891095624,2210.4138150780245,0.9987116015193112,0.9955626084370577
annual,2022.0,2,fixed_d6,fixed,6.0,double_slippage,0.06087264627702801,-0.18003757556778077,0.4793388429752066,242,-0.0011720998220758273,-0.004393997071649446,6.006198347107438,6.009757568367283,1.0,0.9973237680910411,0.0,0.0,2207.0759999633437,2195.7373856947142,0.9987116015193112,0.9955626084370577
annual,2022.0,2,fixed_d60,fixed,60.0,double_slippage,0.2288366791627609,0.10569682810989647,0.5661157024793388,242,0.08041295634354834,0.006679810331085925,60.02479338842975,60.01029782940431,1.0,0.9973237680910411,0.0,1.4711213690244018e-05,2317.8489290515345,2210.7730326279134,0.9987116015193112,0.9955626084370577
annual,2022.0,2,fixed_d7,fixed,7.0,double_slippage,0.04695373304022774,-0.02926191619822558,0.49586776859504134,242,-0.0013465846300441376,-0.004585614917024452,7.008264462809917,7.010244256636238,1.0,0.9973237680910411,0.0,0.0,2206.8390914635706,2195.4772146413948,0.9987116015193112,0.9955626084370577
annual,2022.0,2,fixed_d8,fixed,8.0,double_slippage,0.050937372665831766,-0.05930984956843195,0.4834710743801653,242,-0.0011831663357792942,-0.004748665835068371,8.010330578512397,8.010605058756427,1.0,0.9973237680910411,0.0,0.0,2207.060974293259,2195.2558306204583,0.9987116015193112,0.9955626084370577
annual,2022.0,2,fixed_d9,fixed,9.0,double_slippage,0.10169021251977721,0.031266998154035296,0.5082644628099173,242,0.0009035539041029811,-0.004861096739619568,9.00413223140496,9.010871769436863,1.0,0.9973237680910411,0.0,0.0,2209.8942396487437,2195.1031764310455,0.9987116015193112,0.9955626084370577
annual,2022.0,2,model_plan,model_plan,,double_slippage,0.23770186428401988,0.09207865709787089,0.5289256198347108,242,0.03980447287646957,0.0007855142745138751,35.320247933884296,7.42963148124115,1.0,0.9973237680910411,0.0,0.0,2262.7123529321816,2202.769919225062,0.9987116015193112,0.9955626084370577
annual,2022.0,2,rolling_path,rolling,,double_slippage,0.3556528481813091,0.44952100570693876,0.5619834710743802,242,0.014383308549322535,-0.0005911135791125485,17.175619834710744,4.694512625635897,1.0,0.9973237680910411,0.0,0.0,2228.196511849306,2200.9007889360414,0.9987116015193112,0.9955626084370577
annual,2022.0,3,fixed_d10,fixed,10.0,base,0.20416739701098408,0.0895286928662525,0.5206611570247934,242,0.006166531723807185,-0.0035799299729322312,10.005509641873276,10.011031075457456,1.0,0.9973237680910411,0.0,0.0,1009.6314528853746,999.6669126670758,0.9980661616538768,0.9946672055243221
annual,2022.0,3,fixed_d11,fixed,11.0,base,0.2616123612668851,0.20741358403087679,0.5619834710743802,242,0.009547255343140418,-0.003667239086993476,11.006887052341597,11.011104389778579,1.0,0.9973237680910411,0.0,0.0,1011.9000621601364,999.60832453973,0.9980661616538768,0.9946672055243221
annual,2022.0,3,fixed_d12,fixed,12.0,base,0.2818791233125239,0.18129707331907,0.5702479338842975,242,0.011501330373900344,-0.0037526273101194246,12.005509641873276,12.01117173719096,1.0,0.9973237680910411,0.0,0.0,1013.2113295802264,999.5510254118655,0.9980661616538768,0.9946672055243221
annual,2022.0,3,fixed_d13,fixed,13.0,base,0.27057942132520435,0.1221601745726425,0.5867768595041323,242,0.012172569351246755,-0.0037635189068425286,13.005509641873278,13.011233061760747,1.0,0.9973237680910411,0.0,0.0,1013.6617594707033,999.5437166874251,0.9980661616538768,0.9946672055243221
annual,2022.0,3,fixed_d14,fixed,14.0,base,0.2808709069573459,0.14875336211116402,0.5661157024793388,242,0.014229634538933215,-0.0036946475867555015,14.005509641873276,14.011185374209937,1.0,0.9973237680910411,0.0,0.0,1015.0421376645575,999.5899322711603,0.9980661616538768,0.9946672055243221
annual,2022.0,3,fixed_d15,fixed,15.0,base,0.26932644550214574,0.10651672161963827,0.5537190082644629,242,0.015004048271645646,-0.003576229684504377,15.013774104683197,15.011122403593971,1.0,0.9973237680910411,0.0,0.0,1015.5618022021994,999.6693957179231,0.9980661616538768,0.9946672055243221
annual,2022.0,3,fixed_d16,fixed,16.0,base,0.28562769128931564,0.15334863369999796,0.5743801652892562,242,0.01774616808045347,-0.0032700285487770897,16.00826446280992,16.01110601321787,1.0,0.9973237680910411,0.0,0.0,1017.4018811708538,999.8748696976594,0.9980661616538768,0.9946672055243221
annual,2022.0,3,fixed_d17,fixed,17.0,base,0.28791508483276446,0.16151767125688543,0.5743801652892562,242,0.019698831143403515,-0.002948759592315416,17.006887052341597,17.011083141313154,1.0,0.9973237680910411,0.0,0.0,1018.7122011005154,1000.0904548256934,0.9980661616538768,0.9946672055243221
annual,2022.0,3,fixed_d18,fixed,18.0,base,0.30280266734960837,0.11982582131444985,0.5661157024793388,242,0.022692165028558205,-0.0024880380030762243,18.00826446280992,18.01103201451471,1.0,0.9973237680910411,0.0,0.0,1020.7208553943725,1000.3996185989324,0.9980661616538768,0.9946672055243221
annual,2022.0,3,fixed_d19,fixed,19.0,base,0.29590886130891153,0.07357855881365266,0.5289256198347108,242,0.023911982240067554,-0.002090460232630604,19.00550964187328,19.011031753507666,1.0,0.9973237680910411,0.0,0.0,1021.5394046019198,1000.6664101852997,0.9980661616538768,0.9946672055243221
annual,2022.0,3,fixed_d2,fixed,2.0,base,0.15202344597803577,0.0057378074961938206,0.5041322314049587,242,-0.001100841372000899,-0.0026331230751030087,2.0068870523415976,2.006538030344332,1.0,0.9973237680910411,0.0,0.0,1004.7547365770613,1000.3022603475368,0.9980661616538768,0.9946672055243221
annual,2022.0,3,fixed_d20,fixed,20.0,base,0.28835966879920777,0.09681936531888884,0.5619834710743802,242,0.024882081056573833,-0.001783434484661013,20.0068870523416,20.011060926374693,1.0,0.9973237680910411,0.0,0.0,1022.190382150033,1000.872437514908,0.9980661616538768,0.9946672055243221
annual,2022.0,3,fixed_d21,fixed,21.0,base,0.30201659318247376,0.0967470680926838,0.5454545454545454,242,0.027498683146062703,-0.001479428795536941,21.00550964187328,21.011072956966828,1.0,0.9973237680910411,0.0,0.0,1023.9462333928344,1001.0764382566375,0.9980661616538768,0.9946672055243221
annual,2022.0,3,fixed_d22,fixed,22.0,base,0.2740269339303339,0.08606998015942732,0.5289256198347108,242,0.026773580764603348,-0.001258697685554912,22.011019283746553,22.011096708968214,1.0,0.9973237680910411,0.0,0.0,1023.4596588682788,1001.2245582154743,0.9980661616538768,0.9946672055243221
annual,2022.0,3,fixed_d23,fixed,23.0,base,0.26391520544299146,0.05615192931660671,0.5247933884297521,242,0.02736419772200013,-0.0010105868752167267,23.00826446280992,23.01113507821119,1.0,0.9973237680910411,0.0,0.0,1023.8559879558509,1001.3910511172551,0.9980661616538768,0.9946672055243221
annual,2022.0,3,fixed_d24,fixed,24.0,base,0.2523868821959929,0.06025138647810392,0.5289256198347108,242,0.02799011606014817,-0.000731775814030313,24.016528925619834,24.011111823018425,1.0,0.9973237680910411,0.0,0.0,1024.2760057706896,1001.5781451925284,0.9980661616538768,0.9946672055243221
annual,2022.0,3,fixed_d25,fixed,25.0,base,0.22411430306865468,0.08821171314739762,0.5371900826446281,242,0.026511884873503082,-0.0004176657921189866,25.015151515151512,25.01111408455049,1.0,0.9973237680910411,0.0,0.0,1023.2840497997582,1001.7889263711281,0.9980661616538768,0.9946672055243221
annual,2022.0,3,fixed_d26,fixed,26.0,base,0.2174267145583398,0.06573155986345595,0.5247933884297521,242,0.027163054247592064,-9.959134324107089e-05,26.011019283746556,26.01108779176866,1.0,0.9973237680910411,0.0,0.0,1023.7210121332215,1002.0023678487639,0.9980661616538768,0.9946672055243221
annual,2022.0,3,fixed_d27,fixed,27.0,base,0.22233410899622766,0.10731875211191094,0.5578512396694215,242,0.029047045759457647,0.00016142004381623328,27.00826446280992,27.01107260360308,1.0,0.9973237680910411,0.0,0.0,1024.9852505326423,1002.1775175859714,0.9980661616538768,0.9946672055243221
annual,2022.0,3,fixed_d28,fixed,28.0,base,0.23759998431972276,0.1317185306298802,0.5785123966942148,242,0.03196065949038203,0.00032406441015652576,28.00275482093664,28.011063538339332,1.0,0.9973237680910411,0.0,0.0,1026.9404092138334,1002.2866588703571,0.9980661616538768,0.9946672055243221
annual,2022.0,3,fixed_d29,fixed,29.0,base,0.23920218166470275,0.13533175940126316,0.5619834710743802,242,0.03349657939795392,0.00046680780092952953,29.00275482093664,29.01105816411536,1.0,0.9973237680910411,0.0,0.0,1027.9710767690522,1002.3824457540782,0.9980661616538768,0.9946672055243221
annual,2022.0,3,fixed_d3,fixed,3.0,base,0.11980911725544574,-0.0781158813608904,0.48760330578512395,242,-0.0006941350869246939,-0.0027564715150056036,3.0027548209366395,3.0074944032440127,1.0,0.9973237680910411,0.0,0.0,1005.0276537848305,1000.2194883003958,0.9980661616538768,0.9946672055243221
annual,2022.0,3,fixed_d30,fixed,30.0,base,0.23900801947497277,0.0966762794457352,0.5578512396694215,242,0.0349849844543639,0.0006215396115652256,30.00413223140496,30.01107267725759,1.0,0.9973237680910411,0.0,0.0,1028.9698598391221,1002.4862773771961,0.9980661616538768,0.9946672055243221
annual,2022.0,3,fixed_d31,fixed,31.0,base,0.23736092844153386,0.09660991930331868,0.5661157024793388,242,0.03612026030497553,0.0008549694421810046,31.00413223140496,31.01105584406439,1.0,0.9973237680910411,0.0,0.0,1029.7316781993636,1002.6429187174444,0.9980661616538768,0.9946672055243221
annual,2022.0,3,fixed_d32,fixed,32.0,base,0.2440060604500516,0.08106774741304623,0.5413223140495868,242,0.038549758756006226,0.0010365920033403551,32.00413223140496,32.01104391440436,1.0,0.9973237680910411,0.0,0.0,1031.361974946341,1002.7647951773819,0.9980661616538768,0.9946672055243221
annual,2022.0,3,fixed_d33,fixed,33.0,base,0.2434422332296138,0.10107862255142638,0.5495867768595041,242,0.040096334790063005,0.0013011947459734556,33.00826446280992,33.011010255396556,1.0,0.9973237680910411,0.0,0.0,1032.3997932154584,1002.9423548668615,0.9980661616538768,0.9946672055243221
annual,2022.0,3,fixed_d34,fixed,34.0,base,0.24236436673036998,0.07973057608263984,0.5413223140495868,242,0.041415243301542844,0.0015296948067268195,34.009641873278234,34.011000460522745,1.0,0.9973237680910411,0.0,0.0,1033.284836897997,1003.0956881219504,0.9980661616538768,0.9946672055243221
annual,2022.0,3,fixed_d35,fixed,35.0,base,0.24873830731549512,0.09955048374805592,0.5454545454545454,242,0.043853465585523665,0.0017151911586299814,35.00826446280992,35.01099726687727,1.0,0.9973237680910411,0.0,0.0,1034.920987707764,1003.2201640601652,0.9980661616538768,0.9946672055243221
annual,2022.0,3,fixed_d36,fixed,36.0,base,0.2634916432759584,0.15263967527290762,0.5619834710743802,242,0.04737264048872621,0.0018923960142016344,36.00826446280992,36.011001035260485,1.0,0.9973237680910411,0.0,0.0,1037.2825036800423,1003.3390760518419,0.9980661616538768,0.9946672055243221
annual,2022.0,3,fixed_d37,fixed,37.0,base,0.28792586447504964,0.17785886898781253,0.5785123966942148,242,0.052638915489795705,0.002070341442773852,37.00413223140496,37.0109962479113,1.0,0.9973237680910411,0.0,0.0,1040.8163980932225,1003.458484999486,0.9980661616538768,0.9946672055243221
annual,2022.0,3,fixed_d38,fixed,38.0,base,0.295004410670403,0.1419612410438658,0.6115702479338843,242,0.05547311557951463,0.002263809626568338,38.01239669421488,38.010983483300016,1.0,0.9973237680910411,0.0,0.0,1042.7182668450184,1003.5883103758099,0.9980661616538768,0.9946672055243221
annual,2022.0,3,fixed_d39,fixed,39.0,base,0.2982254231223715,0.19308694488860859,0.6322314049586777,242,0.05758795882598316,0.0025075911793718602,39.01239669421488,39.01093903671087,1.0,0.9973237680910411,0.0,0.0,1044.1374165726584,1003.7518981617334,0.9980661616538768,0.9946672055243221
annual,2022.0,3,fixed_d4,fixed,4.0,base,0.16638996940984183,0.13886044529053249,0.5289256198347108,242,0.0008122573075152767,-0.002824298831343418,4.002754820936639,4.008383890345391,1.0,0.9973237680910411,0.0,0.0,1006.038507123423,1000.1739732875608,0.9980661616538768,0.9946672055243221
annual,2022.0,3,fixed_d40,fixed,40.0,base,0.3036273920045234,0.18152313483004184,0.6363636363636364,242,0.06042339056218387,0.002795727972105192,40.00550964187328,40.01091774468703,1.0,0.9973237680910411,0.0,0.0,1046.0401118116044,1003.9452501993435,0.9980661616538768,0.9946672055243221
annual,2022.0,3,fixed_d41,fixed,41.0,base,0.315694453544304,0.19785789594029918,0.6446280991735537,242,0.06473179905258243,0.003133308024097501,41.00550964187328,41.01083913294772,1.0,0.9973237680910411,0.0,0.0,1048.9312370739246,1004.1717807659195,0.9980661616538768,0.9946672055243221
annual,2022.0,3,fixed_d42,fixed,42.0,base,0.31269095288968,0.17531887497817636,0.640495867768595,242,0.06636169512561715,0.0035235346142631877,42.00964187327824,42.01081260283611,1.0,0.9973237680910411,0.0,0.0,1050.0249666314196,1004.4336393977951,0.9980661616538768,0.9946672055243221
annual,2022.0,3,fixed_d43,fixed,43.0,base,0.3041608898141598,0.18189228758724468,0.6363636363636364,242,0.06667477146574959,0.003807705059779801,43.01239669421488,43.010781309889424,1.0,0.9973237680910411,0.0,0.0,1050.2350541656015,1004.6243298477997,0.9980661616538768,0.9946672055243221
annual,2022.0,3,fixed_d44,fixed,44.0,base,0.3015527845510815,0.18623014647392233,0.640495867768595,242,0.0677705487936189,0.0040012834043767105,44.0137741046832,44.010780833452344,1.0,0.9973237680910411,0.0,0.0,1050.970367337864,1004.7542291467056,0.9980661616538768,0.9946672055243221
annual,2022.0,3,fixed_d45,fixed,45.0,base,0.30817749907287567,0.2115097064921932,0.640495867768595,242,0.07052916624806191,0.004286463506258478,45.0137741046832,45.01072990316484,1.0,0.9973237680910411,0.0,0.0,1052.821516928111,1004.9455971190553,0.9980661616538768,0.9946672055243221
annual,2022.0,3,fixed_d46,fixed,46.0,base,0.30130424032061665,0.21145473351005387,0.6198347107438017,242,0.07133096049328422,0.004721666202722119,46.01790633608816,46.01057876952548,1.0,0.9973237680910411,0.0,0.0,1053.3595549536863,1005.2376366303457,0.9980661616538768,0.9946672055243221
annual,2022.0,3,fixed_d47,fixed,47.0,base,0.311722749690562,0.2347894133588973,0.6198347107438017,242,0.07565316256303567,0.005095552640479532,47.015151515151516,47.010564659758515,1.0,0.9973237680910411,0.0,0.0,1056.2599362941655,1005.4885303252794,0.9980661616538768,0.9946672055243221
annual,2022.0,3,fixed_d48,fixed,48.0,base,0.3138279516024873,0.22237813808231027,0.6487603305785123,242,0.07823096711580074,0.00533190136009147,48.017906336088146,48.01057310254141,1.0,0.9973237680910411,0.0,0.0,1057.9897527404075,1005.6471303641358,0.9980661616538768,0.9946672055243221
annual,2022.0,3,fixed_d49,fixed,49.0,base,0.3173067445631126,0.21237422415127433,0.6528925619834711,242,0.08043608110503281,0.005524560741840683,49.02479338842975,49.01058496652291,1.0,0.9973237680910411,0.0,0.0,1059.4694779741621,1005.7764129999025,0.9980661616538768,0.9946672055243221
annual,2022.0,3,fixed_d5,fixed,5.0,base,0.12000422249461798,-0.015398948327769533,0.49586776859504134,242,0.0006691766404237927,-0.0029062279383167723,5.0041322314049586,5.009145535200806,1.0,0.9973237680910411,0.0,0.0,1005.9424939129534,1000.1189953736935,0.9980661616538768,0.9946672055243221
annual,2022.0,3,fixed_d50,fixed,50.0,base,0.32468940130402085,0.19905928082924654,0.6611570247933884,242,0.08349696839747417,0.005652415430854094,50.02479338842975,50.01057134037687,1.0,0.9973237680910411,0.0,0.0,1061.5234634762367,1005.8622089317732,0.9980661616538768,0.9946672055243221
annual,2022.0,3,fixed_d51,fixed,51.0,base,0.3284786802897761,0.22370125817288325,0.6652892561983471,242,0.08642316058381351,0.005852507612024997,51.02479338842975,51.01058632569262,1.0,0.9973237680910411,0.0,1.4694990771545797e-06,1063.487062835765,1005.9964866542324,0.9980661616538768,0.9946672055243221
annual,2022.0,3,fixed_d52,fixed,52.0,base,0.33101960223269067,0.24304352275345423,0.6694214876033058,242,0.08868857595950269,0.006061247118234897,52.02479338842975,52.01060512235659,1.0,0.9973237680910411,0.0,2.9395209216791895e-06,1065.0072528634512,1006.1365671020396,0.9980661616538768,0.9946672055243221
annual,2022.0,3,fixed_d53,fixed,53.0,base,0.326646735357389,0.22542072545005698,0.6570247933884298,242,0.08910497741644276,0.006310085374629754,53.023415977961434,53.01060221600978,1.0,0.9973237680910411,0.0,4.410589417570495e-06,1065.286675943717,1006.3035555212002,0.9980661616538768,0.9946672055243221
annual,2022.0,3,fixed_d54,fixed,54.0,base,0.31838966376892924,0.2070533483421707,0.640495867768595,242,0.0889093500164289,0.00656501639960096,54.022038567493105,54.01059136249356,1.0,0.9973237680910411,0.0,5.8827060563160165e-06,1065.155401641514,1006.4746324523519,0.9980661616538768,0.9946672055243221
annual,2022.0,3,fixed_d55,fixed,55.0,base,0.3192979966369633,0.1979869966093327,0.6487603305785123,242,0.09094903338101196,0.006835158174935398,55.01652892561984,55.01053889661323,1.0,0.9973237680910411,0.0,7.354822695061537e-06,1066.5241158931033,1006.655916443658,0.9980661616538768,0.9946672055243221
annual,2022.0,3,fixed_d56,fixed,56.0,base,0.3130592874362745,0.21767478475941926,0.6528925619834711,242,0.09096325977899274,0.007120677566014613,56.015151515151516,56.01049760580785,1.0,0.9973237680910411,0.0,8.826939333807058e-06,1066.5336624109618,1006.8475194688846,0.9980661616538768,0.9946672055243221
annual,2022.0,3,fixed_d57,fixed,57.0,base,0.30165231448960894,0.21106109285676067,0.640495867768595,242,0.08968181112902834,0.00733590650320241,57.01652892561984,57.010469134466646,1.0,0.9973237680910411,0.0,1.0298007829698365e-05,1065.6737558880457,1006.9919546060096,0.9980661616538768,0.9946672055243221
annual,2022.0,3,fixed_d58,fixed,58.0,base,0.2925396413049254,0.1776653620346324,0.6487603305785123,242,0.08917894666073241,0.007559499506257403,58.02066115702479,58.01040550185647,1.0,0.9973237680910411,0.0,1.1768552813669424e-05,1065.3363124513207,1007.1420023842941,0.9980661616538768,0.9946672055243221
annual,2022.0,3,fixed_d59,fixed,59.0,base,0.280651861240404,0.1579648315300761,0.640495867768595,242,0.08765889981905885,0.007836496720101806,59.02203856749311,59.010361530490684,1.0,0.9973237680910411,0.0,1.3239621309560729e-05,1064.3162963981395,1007.3278866610374,0.9980661616538768,0.9946672055243221
annual,2022.0,3,fixed_d6,fixed,6.0,base,0.13956634339757815,-0.08223414575952265,0.49173553719008267,242,0.001719726833989691,-0.002999132649987779,6.005509641873278,6.009757568367283,1.0,0.9973237680910411,0.0,0.0,1006.6474577553374,1000.0566523624634,0.9980661616538768,0.9946672055243221
annual,2022.0,3,fixed_d60,fixed,60.0,base,0.27490598995761095,0.15004209616125738,0.6611570247933884,242,0.08787602874102934,0.008101240017860327,60.02066115702479,60.01029782940431,1.0,0.9973237680910411,0.0,1.4711213690244018e-05,1064.4619991356783,1007.5055480417561,0.9980661616538768,0.9946672055243221
annual,2022.0,3,fixed_d7,fixed,7.0,base,0.1312783871309176,0.16683538249682067,0.5247933884297521,242,0.00197106393699452,-0.0031900356776819964,7.005509641873279,7.010244256636238,1.0,0.9973237680910411,0.0,0.0,1006.8161156366575,999.9285483149363,0.9980661616538768,0.9946672055243221
annual,2022.0,3,fixed_d8,fixed,8.0,base,0.14399309816193243,0.023066455243949832,0.5041322314049587,242,0.00279035731110453,-0.0033526948282114116,8.008264462809917,8.010605058756427,1.0,0.9973237680910411,0.0,0.0,1007.3658963216645,999.8193971097311,0.9980661616538768,0.9946672055243221
annual,2022.0,3,fixed_d9,fixed,9.0,base,0.1589007657311307,0.07142002094651437,0.5247933884297521,242,0.00389971473947956,-0.0034647392565931613,9.005509641873278,9.010871769436863,1.0,0.9973237680910411,0.0,0.0,1008.1103223187042,999.744210534893,0.9980661616538768,0.9946672055243221
annual,2022.0,3,model_plan,model_plan,,base,0.2632836524648091,0.15673996694666825,0.5661157024793388,242,0.04441830810780288,0.002184651658806808,34.659779614325075,7.42963148124115,1.0,0.9973237680910411,0.0,0.0,1035.3000210536125,1003.5351920141645,0.9980661616538768,0.9946672055243221
annual,2022.0,3,rolling_path,rolling,,base,0.348084893394251,0.2444638345468504,0.5661157024793388,242,0.02010615897930475,0.0008059702199133606,16.929752066115704,4.694512625635897,1.0,0.9973237680910411,0.0,0.0,1018.985535395314,1002.6100381561774,0.9980661616538768,0.9946672055243221
annual,2022.0,3,fixed_d10,fixed,10.0,double_slippage,0.20401314288494052,0.08864382887731262,0.5247933884297521,242,0.004760830702592333,-0.004966416224187511,10.005509641873276,10.011031075457456,1.0,0.9973237680910411,0.0,0.0,1475.7893688495476,1461.9382917096784,0.9980570992749963,0.9946344037180291
annual,2022.0,3,fixed_d11,fixed,11.0,double_slippage,0.2614534905949251,0.2076398070425642,0.5619834710743802,242,0.008135860476044211,-0.0050536036411561,11.006887052341597,11.011104389778579,1.0,0.9973237680910411,0.0,0.0,1478.8443558887273,1461.859371982536,0.9980570992749963,0.9946344037180291
annual,2022.0,3,fixed_d12,fixed,12.0,double_slippage,0.2817036239644741,0.1814503289303978,0.5702479338842975,242,0.010086188857591733,-0.00513883284841808,12.005509641873276,12.01117173719096,1.0,0.9973237680910411,0.0,0.0,1480.6097411824028,1461.7822247746526,0.9980570992749963,0.9946344037180291
annual,2022.0,3,fixed_d13,fixed,13.0,double_slippage,0.2703678890349831,0.12393503519073323,0.5867768595041323,242,0.010754233630011344,-0.00514977410851673,13.005509641873278,13.011233061760747,1.0,0.9973237680910411,0.0,0.0,1481.2144375134958,1461.7723210374897,0.9980570992749963,0.9946344037180291
annual,2022.0,3,fixed_d14,fixed,14.0,double_slippage,0.2807145138313901,0.14909953256621608,0.5661157024793388,242,0.012810265843428622,-0.005081151195877657,14.005509641873276,14.011185374209937,1.0,0.9973237680910411,0.0,0.0,1483.0755030998012,1461.8344366698764,0.9980570992749963,0.9946344037180291
annual,2022.0,3,fixed_d15,fixed,15.0,double_slippage,0.2692134100102217,0.10823478606550682,0.5537190082644629,242,0.013585076705821474,-0.004962979564306778,15.013774104683197,15.011122403593971,1.0,0.9973237680910411,0.0,0.0,1483.7768412512582,1461.9414024826488,0.9980570992749963,0.9946344037180291
annual,2022.0,3,fixed_d16,fixed,16.0,double_slippage,0.28550927481897553,0.15390325757049272,0.5743801652892562,242,0.016322807185392686,-0.0046571681587672,16.00826446280992,16.01110601321787,1.0,0.9973237680910411,0.0,0.0,1486.2549619474512,1462.2182148200409,0.9980570992749963,0.9946344037180291
annual,2022.0,3,fixed_d17,fixed,17.0,double_slippage,0.28776846960112673,0.16062034492988597,0.5743801652892562,242,0.018269919567932866,-0.00433633387176929,17.006887052341597,17.011083141313154,1.0,0.9973237680910411,0.0,0.0,1488.0174362045016,1462.508625469515,0.9980570992749963,0.9946344037180291
annual,2022.0,3,fixed_d18,fixed,18.0,double_slippage,0.3026545454424767,0.11876524993912194,0.5661157024793388,242,0.02125858100071791,-0.0038762702030939976,18.00826446280992,18.01103201451471,1.0,0.9973237680910411,0.0,0.0,1490.7226929146718,1462.9250628461734,0.9980570992749963,0.9946344037180291
annual,2022.0,3,fixed_d19,fixed,19.0,double_slippage,0.29580064901128694,0.07359286043718194,0.5289256198347108,242,0.022479468270564164,-0.003479224592240424,19.00550964187328,19.011031753507666,1.0,0.9973237680910411,0.0,0.0,1491.8278075465544,1463.2844579557109,0.9980570992749963,0.9946344037180291
annual,2022.0,3,fixed_d2,fixed,2.0,double_slippage,0.15163288361034008,0.005963333808147198,0.5,242,-0.0024929499634299946,-0.0040207169685594546,2.0068870523415976,2.006538030344332,1.0,0.9973237680910411,0.0,0.0,1469.2234398334335,1462.794313482177,0.9980570992749963,0.9946344037180291
annual,2022.0,3,fixed_d20,fixed,20.0,double_slippage,0.2882705133624159,0.0965179365096332,0.5619834710743802,242,0.02344967466307772,-0.003172599085327096,20.0068870523416,20.011060926374693,1.0,0.9973237680910411,0.0,0.0,1492.7060125264848,1463.5620071959781,0.9980570992749963,0.9946344037180291
annual,2022.0,3,fixed_d21,fixed,21.0,double_slippage,0.3019211379997079,0.09707487753377576,0.5454545454545454,242,0.026062016549934466,-0.0028690389742746245,21.00550964187328,21.011072956966828,1.0,0.9973237680910411,0.0,0.0,1495.0706348089393,1463.8367817215756,0.9980570992749963,0.9946344037180291
annual,2022.0,3,fixed_d22,fixed,22.0,double_slippage,0.2739132989001861,0.08591430380588311,0.5289256198347108,242,0.02533553466245178,-0.0026486532603112027,22.011019283746553,22.011096708968214,1.0,0.9973237680910411,0.0,0.0,1494.4130427580728,1464.0362689987178,0.9980570992749963,0.9946344037180291
annual,2022.0,3,fixed_d23,fixed,23.0,double_slippage,0.26378597090754924,0.056378285132883135,0.5247933884297521,242,0.02592300976775067,-0.0024010378791844604,23.00826446280992,23.01113507821119,1.0,0.9973237680910411,0.0,0.0,1494.944809572887,1464.2604038451698,0.9980570992749963,0.9946344037180291
annual,2022.0,3,fixed_d24,fixed,24.0,double_slippage,0.2522729520059158,0.060625240283697486,0.5289256198347108,242,0.026548724558629184,-0.0021226707122629744,24.016528925619834,24.011111823018425,1.0,0.9973237680910411,0.0,0.0,1495.5111899323708,1464.5123743888867,0.9980570992749963,0.9946344037180291
annual,2022.0,3,fixed_d25,fixed,25.0,double_slippage,0.22402353476676304,0.08789037071722278,0.5371900826446281,242,0.025074191046942966,-0.001808971057128749,25.015151515151512,25.01111408455049,1.0,0.9973237680910411,0.0,0.0,1494.1764814795827,1464.7963269596669,0.9980570992749963,0.9946344037180291
annual,2022.0,3,fixed_d26,fixed,26.0,double_slippage,0.21734575610168164,0.06626561862436003,0.5247933884297521,242,0.025725592495615776,-0.0014913856769213053,26.011019283746556,26.01108779176866,1.0,0.9973237680910411,0.0,0.0,1494.7661127174008,1465.083796785266,0.9980570992749963,0.9946344037180291
annual,2022.0,3,fixed_d27,fixed,27.0,double_slippage,0.22226823119574807,0.10861378627451018,0.5578512396694215,242,0.027608363196270042,-0.0012308371072790568,27.00826446280992,27.01107260360308,1.0,0.9973237680910411,0.0,0.0,1496.4703465980895,1465.3196384094185,0.9980570992749963,0.9946344037180291
annual,2022.0,3,fixed_d28,fixed,28.0,double_slippage,0.23754672550687533,0.13189004340979182,0.5785123966942148,242,0.030518827411364417,-0.0010685386670833807,28.00275482093664,28.011063538339332,1.0,0.9973237680910411,0.0,0.0,1499.1048212700025,1465.4665466338076,0.9980570992749963,0.9946344037180291
annual,2022.0,3,fixed_d29,fixed,29.0,double_slippage,0.23915991080677412,0.13486646736721558,0.5619834710743802,242,0.032053609605192566,-0.0009260555478414559,29.00275482093664,29.01105816411536,1.0,0.9973237680910411,0.0,0.0,1500.494065224823,1465.5955185575544,0.9980570992749963,0.9946344037180291
annual,2022.0,3,fixed_d3,fixed,3.0,double_slippage,0.11932778050349835,-0.07799570537789884,0.48760330578512395,242,-0.0020877442797759063,-0.004143792187616122,3.0027548209366395,3.0074944032440127,1.0,0.9973237680910411,0.0,0.0,1469.590221223484,1462.6829090726455,0.9980570992749963,0.9946344037180291
annual,2022.0,3,fixed_d30,fixed,30.0,double_slippage,0.2389549966701612,0.09682575833242847,0.5578512396694215,242,0.03353854887304999,-0.000771578619610102,30.00413223140496,30.01107267725759,1.0,0.9973237680910411,0.0,0.0,1501.838192690886,1465.7353469576803,0.9980570992749963,0.9946344037180291
annual,2022.0,3,fixed_d31,fixed,31.0,double_slippage,0.23733255537058232,0.09666634841813505,0.5661157024793388,242,0.03467518890066255,-0.0005384830609633928,31.00413223140496,31.01105584406439,1.0,0.9973237680910411,0.0,0.0,1502.867048963469,1465.9463388476356,0.9980570992749963,0.9946344037180291
annual,2022.0,3,fixed_d32,fixed,32.0,double_slippage,0.24397274837973512,0.08112318061137333,0.5413223140495868,242,0.0371008425741707,-0.00035693067470384974,32.00413223140496,32.01104391440436,1.0,0.9973237680910411,0.0,0.0,1505.062686048628,1466.1106752310711,0.9980570992749963,0.9946344037180291
annual,2022.0,3,fixed_d33,fixed,33.0,double_slippage,0.24342856555267206,0.10115172332556403,0.5495867768595041,242,0.03864759216318983,-9.27445311810821e-05,33.00826446280992,33.011010255396556,1.0,0.9973237680910411,0.0,0.0,1506.4627625707606,1466.349809490194,0.9980570992749963,0.9946344037180291
annual,2022.0,3,fixed_d34,fixed,34.0,double_slippage,0.242354556801782,0.07856524516861857,0.5454545454545454,242,0.03996473609416834,0.00013536976677217647,34.009641873278234,34.011000460522745,1.0,0.9973237680910411,0.0,0.0,1507.6550061679945,1466.556292475672,0.9980570992749963,0.9946344037180291
annual,2022.0,3,fixed_d35,fixed,35.0,double_slippage,0.24873850319253613,0.09948238686960956,0.5454545454545454,242,0.04240027786482735,0.00032064674081749844,35.00826446280992,35.01099726687727,1.0,0.9973237680910411,0.0,0.0,1509.8595936952731,1466.7240002567466,0.9980570992749963,0.9946344037180291
annual,2022.0,3,fixed_d36,fixed,36.0,double_slippage,0.26346203987705785,0.152858161337567,0.5619834710743802,242,0.045910876118333784,0.0004975942974201942,36.00826446280992,36.011001035260485,1.0,0.9973237680910411,0.0,0.0,1513.0372937110155,1466.8841684710505,0.9980570992749963,0.9946344037180291
annual,2022.0,3,fixed_d37,fixed,37.0,double_slippage,0.2878884528211383,0.17764054208748886,0.5743801652892562,242,0.0511679234666691,0.0006754306478329193,37.00413223140496,37.0109962479113,1.0,0.9973237680910411,0.0,0.0,1517.795832921498,1467.0451411978333,0.9980570992749963,0.9946344037180291
annual,2022.0,3,fixed_d38,fixed,38.0,double_slippage,0.2949784099770944,0.1417395476982657,0.6115702479338843,242,0.054000282461798325,0.0008686138077152163,38.01239669421488,38.010983483300016,1.0,0.9973237680910411,0.0,0.0,1520.359608829044,1467.2200054477048,0.9980570992749963,0.9946344037180291
annual,2022.0,3,fixed_d39,fixed,39.0,double_slippage,0.29818211302003883,0.19302566953666025,0.6322314049586777,242,0.056109836434530616,0.0011120260454480912,39.01239669421488,39.01093903671087,1.0,0.9973237680910411,0.0,0.0,1522.2691208860463,1467.4403357207293,0.9980570992749963,0.9946344037180291
annual,2022.0,3,fixed_d4,fixed,4.0,double_slippage,0.1662051900420707,0.13813724259973295,0.5289256198347108,242,-0.0005810760021349522,-0.004211546110570656,4.002754820936639,4.008383890345391,1.0,0.9973237680910411,0.0,0.0,1470.9540172103336,1462.6215800265709,0.9980570992749963,0.9946344037180291
annual,2022.0,3,fixed_d40,fixed,40.0,double_slippage,0.30358245149316154,0.18213967616266047,0.6363636363636364,242,0.058940994804184806,0.0013997803345572846,40.00550964187328,40.01091774468703,1.0,0.9973237680910411,0.0,0.0,1524.8318100193974,1467.7008032373756,0.9980570992749963,0.9946344037180291
annual,2022.0,3,fixed_d41,fixed,41.0,double_slippage,0.3156727093817124,0.19863255215187176,0.6446280991735537,242,0.06324766281560235,0.0017368668669059946,41.00550964187328,41.01083913294772,1.0,0.9973237680910411,0.0,0.0,1528.7300911724776,1468.0059249863768,0.9980570992749963,0.9946344037180291
annual,2022.0,3,fixed_d42,fixed,42.0,double_slippage,0.3126749090013375,0.17527245561676527,0.640495867768595,242,0.06487579076715268,0.0021265667991769593,42.00964187327824,42.01081260283611,1.0,0.9973237680910411,0.0,0.0,1530.2038292204306,1468.3586709833519,0.9980570992749963,0.9946344037180291
annual,2022.0,3,fixed_d43,fixed,43.0,double_slippage,0.3041270480543177,0.18182255637636718,0.6363636363636364,242,0.06518626171609998,0.0024101924578462616,43.01239669421488,43.010781309889424,1.0,0.9973237680910411,0.0,0.0,1530.4848592523826,1468.6154013737114,0.9980570992749963,0.9946344037180291
annual,2022.0,3,fixed_d44,fixed,44.0,double_slippage,0.3015283332850071,0.18706398199242097,0.640495867768595,242,0.06628202149278535,0.0026035233311989345,44.0137741046832,44.010780833452344,1.0,0.9973237680910411,0.0,0.0,1531.4767118108873,1468.7903993298812,0.9980570992749963,0.9946344037180291
annual,2022.0,3,fixed_d45,fixed,45.0,double_slippage,0.30815130627194415,0.2113536247528184,0.640495867768595,242,0.0690351871934566,0.0028883619483388366,45.0137741046832,45.01072990316484,1.0,0.9973237680910411,0.0,0.0,1533.9688040580218,1469.0482276579348,0.9980570992749963,0.9946344037180291
annual,2022.0,3,fixed_d46,fixed,46.0,double_slippage,0.30128466674052345,0.21105019038211026,0.6198347107438017,242,0.06983771379704368,0.0033229598433183226,46.01790633608816,46.01057876952548,1.0,0.9973237680910411,0.0,0.0,1534.6952297600537,1469.4416140946594,0.9980570992749963,0.9946344037180291
annual,2022.0,3,fixed_d47,fixed,47.0,double_slippage,0.311701595151455,0.23429154968584837,0.6198347107438017,242,0.07415296497579704,0.0036963577364362036,47.015151515151516,47.010564659758515,1.0,0.9973237680910411,0.0,0.0,1538.6012801675483,1469.779603920084,0.9980570992749963,0.9946344037180291
annual,2022.0,3,fixed_d48,fixed,48.0,double_slippage,0.3138084488014505,0.22226749409046856,0.6487603305785123,242,0.07672758325117109,0.003932512199039373,48.017906336088146,48.01057310254141,1.0,0.9973237680910411,0.0,0.0,1540.9317560418567,1469.9933646484108,0.9980570992749963,0.9946344037180291
annual,2022.0,3,fixed_d49,fixed,49.0,double_slippage,0.3173056720495518,0.21217157334665104,0.6528925619834711,242,0.07893329964148608,0.004124931082191283,49.02479338842975,49.01058496652291,1.0,0.9973237680910411,0.0,0.0,1542.9283117574605,1470.1675370953462,0.9980570992749963,0.9946344037180291
annual,2022.0,3,fixed_d5,fixed,5.0,double_slippage,0.12008720259519506,-0.015869255365736776,0.49586776859504134,242,-0.0007203557442205137,-0.004293462605864153,5.0041322314049586,5.009145535200806,1.0,0.9973237680910411,0.0,0.0,1470.8279448982503,1462.5474313973098,0.9980570992749963,0.9946344037180291
annual,2022.0,3,fixed_d50,fixed,50.0,double_slippage,0.3247058019830825,0.19925223107237716,0.6611570247933884,242,0.08199419811718056,0.004252626462567353,50.02479338842975,50.01057134037687,1.0,0.9973237680910411,0.0,0.0,1545.6989555144567,1470.2831235518213,0.9980570992749963,0.9946344037180291
annual,2022.0,3,fixed_d51,fixed,51.0,double_slippage,0.3284938783820564,0.2235736188144079,0.6652892561983471,242,0.08491545168353883,0.004452468218988011,51.02479338842975,51.01058632569262,1.0,0.9973237680910411,0.0,1.4694990771545797e-06,1548.343196419703,1470.4640223533402,0.9980570992749963,0.9946344037180291
annual,2022.0,3,fixed_d52,fixed,52.0,double_slippage,0.33103242032805275,0.24319958860143642,0.6652892561983471,242,0.0871768693493922,0.004660997372203318,52.02479338842975,52.01060512235659,1.0,0.9973237680910411,0.0,2.9395209216791895e-06,1550.390171446026,1470.6527847576237,0.9980570992749963,0.9946344037180291
annual,2022.0,3,fixed_d53,fixed,53.0,double_slippage,0.3266677129215262,0.225244307100264,0.6570247933884298,242,0.08759498194674055,0.004909621601172302,53.023415977961434,53.01060221600978,1.0,0.9973237680910411,0.0,4.410589417570495e-06,1550.7686358305084,1470.8778401615823,0.9980570992749963,0.9946344037180291
annual,2022.0,3,fixed_d54,fixed,54.0,double_slippage,0.31841657575640736,0.20728481182935765,0.640495867768595,242,0.08740013446512951,0.005164209980810708,54.022038567493105,54.01059136249356,1.0,0.9973237680910411,0.0,5.8827060563160165e-06,1550.5922650809462,1471.1082941610957,0.9980570992749963,0.9946344037180291
annual,2022.0,3,fixed_d55,fixed,55.0,double_slippage,0.3193231776678875,0.1979395307906524,0.6487603305785123,242,0.0894370455892178,0.00543395700897488,55.01652892561984,55.01053889661323,1.0,0.9973237680910411,0.0,7.354822695061537e-06,1552.4360227665807,1471.3524693654238,0.9980570992749963,0.9946344037180291
annual,2022.0,3,fixed_d56,fixed,56.0,double_slippage,0.3130970416136704,0.2171825776145223,0.6528925619834711,242,0.08945342969363462,0.005719041804717737,56.015151515151516,56.01049760580785,1.0,0.9973237680910411,0.0,8.826939333807058e-06,1552.4508532214234,1471.6105279083615,0.9980570992749963,0.9946344037180291
annual,2022.0,3,fixed_d57,fixed,57.0,double_slippage,0.30169651610236076,0.21121709893916363,0.6363636363636364,242,0.08817498453504574,0.005933995381384433,57.01652892561984,57.010469134466646,1.0,0.9973237680910411,0.0,1.0298007829698365e-05,1551.293638722009,1471.8051055348521,0.9980570992749963,0.9946344037180291
annual,2022.0,3,fixed_d58,fixed,58.0,double_slippage,0.2925824267355573,0.17746621415326405,0.6487603305785123,242,0.08767207257917062,0.00615731441638472,58.02066115702479,58.01040550185647,1.0,0.9973237680910411,0.0,1.1768552813669424e-05,1550.838416217267,1472.0072553487435,0.9980570992749963,0.9946344037180291
annual,2022.0,3,fixed_d59,fixed,59.0,double_slippage,0.28070480559814665,0.15800837132829731,0.640495867768595,242,0.08615505212866095,0.00643388827683853,59.02203856749311,59.010361530490684,1.0,0.9973237680910411,0.0,1.3239621309560729e-05,1549.4652497193204,1472.2576100145363,0.9980570992749963,0.9946344037180291
annual,2022.0,3,fixed_d6,fixed,6.0,double_slippage,0.1395852922776087,-0.0828892475019514,0.49173553719008267,242,0.00032748869117604383,-0.004386140724365097,6.005509641873278,6.009757568367283,1.0,0.9973237680910411,0.0,0.0,1471.7764257662993,1462.4635416334138,0.9980570992749963,0.9946344037180291
annual,2022.0,3,fixed_d60,fixed,60.0,double_slippage,0.2749677872958951,0.15019819966381565,0.6611570247933884,242,0.08637448921592694,0.006698386554902539,60.02066115702479,60.01029782940431,1.0,0.9973237680910411,0.0,1.4711213690244018e-05,1549.6638783248477,1472.4970341874734,0.9980570992749963,0.9946344037180291
annual,2022.0,3,fixed_d7,fixed,7.0,double_slippage,0.13124798552783365,0.16485622949349016,0.5247933884297521,242,0.0005763501907374239,-0.004576947173819841,7.005509641873279,7.010244256636238,1.0,0.9973237680910411,0.0,0.0,1472.0016885659618,1462.2908287185053,0.9980570992749963,0.9946344037180291
annual,2022.0,3,fixed_d8,fixed,8.0,double_slippage,0.14393826970776633,0.022316369467612486,0.5041322314049587,242,0.0013935242685436016,-0.004739499255963971,8.008264462809917,8.010605058756427,1.0,0.9973237680910411,0.0,0.0,1472.741372771443,1462.143690904182,0.9980570992749963,0.9946344037180291
annual,2022.0,3,fixed_d9,fixed,9.0,double_slippage,0.1587966267611651,0.071623994796334,0.5247933884297521,242,0.0024997061580634026,-0.004851436162282579,9.005509641873278,9.010871769436863,1.0,0.9973237680910411,0.0,0.0,1473.7426591488374,1462.0423685986134,0.9980570992749963,0.9946344037180291
annual,2022.0,3,model_plan,model_plan,,double_slippage,0.30522398435957004,0.18099734650678329,0.5826446280991735,242,0.04295499494244336,0.0007901263169762645,34.659779614325075,7.42963148124115,1.0,0.9973237680910411,0.0,0.0,1510.361708816112,1467.1489606620166,0.9980570992749963,0.9946344037180291
annual,2022.0,3,rolling_path,rolling,,double_slippage,0.40539724519172526,0.30549586799646267,0.5785123966942148,242,0.018676273861292076,-0.0005865463395571028,16.929752066115704,4.694512625635897,1.0,0.9973237680910411,0.0,0.0,1488.3852572854582,1465.9028332482721,0.9980570992749963,0.9946344037180291
annual,2023.0,1,fixed_d10,fixed,10.0,base,0.8912861044550551,0.8371934157048135,0.628099173553719,242,0.038027493204912964,-0.002836669082443581,10.008264462809917,10.005805423212646,1.0,0.9984411898726215,0.0,0.0,2902.1993667033953,2815.7450558207834,0.999723996166121,0.9976021371738145
annual,2023.0,1,fixed_d11,fixed,11.0,base,0.9164252344595171,0.7409730717840746,0.6611570247933884,242,0.04299964263695362,-0.0029472637348943714,11.00413223140496,11.005931138748373,1.0,0.9984411898726215,0.0,0.0,2909.6082287383274,2813.523695685547,0.999723996166121,0.9976021371738145
annual,2023.0,1,fixed_d12,fixed,12.0,base,0.9029924134561219,0.5905749826291253,0.6487603305785123,242,0.04664212364305885,-0.0031716251489791692,12.008264462809917,12.006018205430149,1.0,0.9984411898726215,0.0,0.0,2914.8564359102675,2811.168852833605,0.999723996166121,0.9976021371738145
annual,2023.0,1,fixed_d13,fixed,13.0,base,0.9556125308235709,0.6252154547317679,0.6652892561983471,242,0.0540542773682383,-0.0034374408010182118,13.012396694214877,13.00609215843766,1.0,0.9984411898726215,0.0,0.0,2926.71665365425,2808.7350177666444,0.999723996166121,0.9976021371738145
annual,2023.0,1,fixed_d14,fixed,14.0,base,0.9329618823920018,0.6413849041448235,0.6694214876033058,242,0.05728621094971966,-0.0037847124323811417,14.012396694214877,14.006185020258838,1.0,0.9984411898726215,0.0,0.0,2931.4097242284306,2806.1710611351377,0.999723996166121,0.9976021371738145
annual,2023.0,1,fixed_d15,fixed,15.0,base,0.9065054479962347,0.6133311281019457,0.6735537190082644,242,0.05937616580820988,-0.00439834946287635,15.016528925619834,15.006336666540504,1.0,0.9984411898726215,0.0,0.0,2933.1023040613973,2803.180772867685,0.999723996166121,0.9976021371738145
annual,2023.0,1,fixed_d16,fixed,16.0,base,0.8856523090630882,0.5973321151890978,0.6776859504132231,242,0.06125437360240124,-0.00502917624914251,16.00413223140496,16.006419048417843,1.0,0.9984411898726215,0.0,0.0,2934.784991221862,2800.1640392264453,0.999723996166121,0.9976021371738145
annual,2023.0,1,fixed_d17,fixed,17.0,base,0.8749782671163658,0.6052692204670664,0.6818181818181818,242,0.06385167944109735,-0.005655254222846904,17.045454545454547,17.00647013027781,1.0,0.9984411898726215,0.0,0.0,2937.3144394247847,2797.131869858605,0.999723996166121,0.9976021371738145
annual,2023.0,1,fixed_d18,fixed,18.0,base,0.8378722994938433,0.5972511266582928,0.6818181818181818,242,0.06435352322661021,-0.006152515640497975,18.037190082644628,18.006521665077493,1.0,0.9984411898726215,0.0,0.0,2935.402207386062,2794.282877172841,0.999723996166121,0.9976021371738145
annual,2023.0,1,fixed_d19,fixed,19.0,base,0.8112012386005292,0.536573007012566,0.6818181818181818,242,0.06604064784485512,-0.006624542999248157,19.041322314049587,19.00658281649261,1.0,0.9984411898726215,0.0,0.0,2936.0213645522526,2791.4859129870742,0.999723996166121,0.9976021371738145
annual,2023.0,1,fixed_d2,fixed,2.0,base,1.0116170371816822,0.8134681219239492,0.5826446280991735,242,0.005737729489760744,-0.002531502040292865,2.012396694214876,2.002808467835037,1.0,0.9984411898726215,0.0,0.0,2854.3510228082237,2832.5939298788117,0.999723996166121,0.9976021371738145
annual,2023.0,1,fixed_d20,fixed,20.0,base,0.7754980623090098,0.5723264540867548,0.6735537190082644,242,0.06661769785751075,-0.007191737625767268,20.02892561983471,20.006717754905583,1.0,0.9984411898726215,0.0,0.0,2934.4378134624785,2788.5539378822373,0.999723996166121,0.9976021371738145
annual,2023.0,1,fixed_d21,fixed,21.0,base,0.736377684186856,0.5143926006795088,0.6652892561983471,242,0.06569363605760802,-0.007884506220473713,21.02892561983471,21.006876743438895,1.0,0.9984411898726215,0.0,0.0,2931.040258481833,2785.4095723644036,0.999723996166121,0.9976021371738145
annual,2023.0,1,fixed_d22,fixed,22.0,base,0.7062494576452796,0.4126771615055706,0.6694214876033058,242,0.06543758190899109,-0.008712479910782242,22.02892561983471,22.007089033913694,1.0,0.9984411898726215,0.0,0.0,2928.302096244149,2782.0408520785522,0.999723996166121,0.9976021371738145
annual,2023.0,1,fixed_d23,fixed,23.0,base,0.6911001555964185,0.4358363135197839,0.640495867768595,242,0.06661514983777912,-0.009640004954509016,23.020661157024794,23.007225469970564,1.0,0.9984411898726215,0.0,0.0,2928.8003059975176,2778.5152545192695,0.999723996166121,0.9976021371738145
annual,2023.0,1,fixed_d24,fixed,24.0,base,0.6783313597028547,0.45588503171633127,0.6528925619834711,242,0.06748786343704827,-0.010694125085672732,24.012396694214875,24.007385630043757,1.0,0.9984411898726215,0.0,0.0,2928.125022322081,2774.802870828813,0.999723996166121,0.9976021371738145
annual,2023.0,1,fixed_d25,fixed,25.0,base,0.6437549702179355,0.46336264094192603,0.6487603305785123,242,0.06492591689762618,-0.012024817204707196,25.016528925619834,25.009198695998396,1.0,0.9984411898726215,0.0,0.0,2921.279362296022,2770.6328778194047,0.999723996166121,0.9976021371738145
annual,2023.0,1,fixed_d26,fixed,26.0,base,0.5995117308953933,0.42447458761393475,0.640495867768595,242,0.06091301264450445,-0.013276369078996781,26.00826446280992,26.00942615390841,1.0,0.9984411898726215,0.0,0.0,2911.708779099803,2766.561355432052,0.999723996166121,0.9976021371738145
annual,2023.0,1,fixed_d27,fixed,27.0,base,0.5509039848303746,0.39524957718867904,0.628099173553719,242,0.05645118882886334,-0.014513003285788818,27.00826446280992,27.009746034151405,1.0,0.9984411898726215,0.0,0.0,2902.0019575712513,2762.5100541932543,0.999723996166121,0.9976021371738145
annual,2023.0,1,fixed_d28,fixed,28.0,base,0.5200059917883894,0.36399492225505814,0.6033057851239669,242,0.0543648763697736,-0.015523484731566511,28.00826446280992,28.00977534009005,1.0,0.9984411898726215,0.0,0.0,2896.3315099490087,2758.8662736413603,0.999723996166121,0.9976021371738145
annual,2023.0,1,fixed_d29,fixed,29.0,base,0.5083634084110834,0.3785898641563129,0.6115702479338843,242,0.0546023448127221,-0.01643168613916311,29.00413223140496,29.009815605066553,1.0,0.9984411898726215,0.0,0.0,2894.5372816591653,2755.378903629092,0.999723996166121,0.9976021371738145
annual,2023.0,1,fixed_d3,fixed,3.0,base,1.0869461856876963,0.654739132028838,0.5991735537190083,242,0.01150631363775316,-0.00246903464321606,3.012396694214876,3.0034360234169055,1.0,0.9984411898726215,0.0,0.0,2863.7161660864385,2830.595784765141,0.999723996166121,0.9976021371738145
annual,2023.0,1,fixed_d30,fixed,30.0,base,0.5061199341110829,0.38674934652633586,0.6033057851239669,242,0.05654155078702972,-0.017357992153464674,30.00413223140496,30.00983238616321,1.0,0.9984411898726215,0.0,0.0,2895.862795594769,2751.833866280148,0.999723996166121,0.9976021371738145
annual,2023.0,1,fixed_d31,fixed,31.0,base,0.5101418574362572,0.3704214284579621,0.6115702479338843,242,0.059649154790940406,-0.018256408524989262,31.037190082644628,31.009843586597636,1.0,0.9984411898726215,0.0,0.0,2899.6589676160784,2748.31576936673,0.999723996166121,0.9976021371738145
annual,2023.0,1,fixed_d32,fixed,32.0,base,0.5066558070469016,0.3946074231030413,0.6074380165289256,242,0.06076885736275336,-0.01909290514167735,32.03719008264463,32.00987782834707,1.0,0.9984411898726215,0.0,0.0,2899.2439948721653,2744.8974668098062,0.999723996166121,0.9976021371738145
annual,2023.0,1,fixed_d33,fixed,33.0,base,0.5018842372979172,0.36935099852542286,0.5785123966942148,242,0.06159114852046349,-0.01984711828042581,33.02892561983471,33.00989875787801,1.0,0.9984411898726215,0.0,0.0,2898.8016852546916,2741.5984173102934,0.999723996166121,0.9976021371738145
annual,2023.0,1,fixed_d34,fixed,34.0,base,0.4993609025202482,0.345496551989395,0.6033057851239669,242,0.062432874903115596,-0.020572191601365294,34.02479338842975,34.00993601833842,1.0,0.9984411898726215,0.0,0.0,2898.890251454981,2738.36161177991,0.999723996166121,0.9976021371738145
annual,2023.0,1,fixed_d35,fixed,35.0,base,0.4914523288532912,0.3840326582078632,0.5909090909090909,242,0.06271000139966598,-0.02116729611621623,35.02479338842975,35.00995704394809,1.0,0.9984411898726215,0.0,0.0,2897.5035856369504,2735.327638264497,0.999723996166121,0.9976021371738145
annual,2023.0,1,fixed_d36,fixed,36.0,base,0.48922362416922904,0.3449861495041774,0.6239669421487604,242,0.06410855964825453,-0.021978770156106518,36.02066115702479,36.010346128202755,1.0,0.9984411898726215,0.0,0.0,2897.665635226327,2731.9457462609334,0.999723996166121,0.9976021371738145
annual,2023.0,1,fixed_d37,fixed,37.0,base,0.46841548999332866,0.3182755705447401,0.6157024793388429,242,0.06243952226137211,-0.022727148276419282,37.02066115702479,37.010380509373576,1.0,0.9984411898726215,0.0,1.432315911597462e-06,2892.6209531452723,2728.6374767660973,0.999723996166121,0.9976021371738145
annual,2023.0,1,fixed_d38,fixed,38.0,base,0.4555610972693649,0.3088858916325692,0.6033057851239669,242,0.06149656132379064,-0.023436709057773692,38.01239669421488,38.01040679883345,1.0,0.9984411898726215,0.0,2.8641355252352573e-06,2889.396967097616,2725.3988398281335,0.999723996166121,0.9976021371738145
annual,2023.0,1,fixed_d39,fixed,39.0,base,0.4272250244798638,0.3038149042784075,0.6198347107438017,242,0.05756926493226138,-0.024157093486390974,39.02066115702479,39.01042636637603,1.0,0.9984411898726215,0.0,4.296948078965728e-06,2881.3826918095815,2722.1526467000763,0.999723996166121,0.9976021371738145
annual,2023.0,1,fixed_d4,fixed,4.0,base,1.018869572939488,0.9187829694333935,0.640495867768595,242,0.015735016193076823,-0.0024507231087137855,4.008264462809917,4.003989011773348,1.0,0.9984411898726215,0.0,0.0,2869.922756801718,2828.5676158286096,0.999723996166121,0.9976021371738145
annual,2023.0,1,fixed_d40,fixed,40.0,base,0.4155142523923193,0.34753791002008666,0.6115702479338843,242,0.056444230095017756,-0.02491446655108319,40.00826446280992,40.01043586870335,1.0,0.9984411898726215,0.0,7.1645618228648805e-06,2876.982170591942,2718.852286649838,0.999723996166121,0.9976021371738145
annual,2023.0,1,fixed_d41,fixed,41.0,base,0.4227322258056759,0.36818065030617364,0.6115702479338843,242,0.058801185459238174,-0.025546420493686564,41.00826446280992,41.010434903936456,1.0,0.9984411898726215,0.0,1.0032175566764033e-05,2878.9497481449257,2715.7699542604637,0.999723996166121,0.9976021371738145
annual,2023.0,1,fixed_d42,fixed,42.0,base,0.43340898447518345,0.33679772811255415,0.6322314049586777,242,0.062165229168414875,-0.02622992665218493,42.00413223140496,42.01043827219308,1.0,0.9984411898726215,0.0,1.2899789310663184e-05,2882.0852554496687,2712.57137487505,0.999723996166121,0.9976021371738145
annual,2023.0,1,fixed_d43,fixed,43.0,base,0.43100379105107955,0.3536808879563,0.640495867768595,242,0.06261764229857142,-0.026867240269612652,43.00826446280992,43.01041829124965,1.0,0.9984411898726215,0.0,1.5768398408170074e-05,2880.4653624768325,2709.4346916634036,0.999723996166121,0.9976021371738145
annual,2023.0,1,fixed_d44,fixed,44.0,base,0.4321156395592695,0.3508369867913115,0.628099173553719,242,0.06471533237445125,-0.027377875861738253,44.04132231404959,44.0104044615548,1.0,0.9984411898726215,0.0,1.863700750567697e-05,2881.297215394079,2706.5237260692475,0.999723996166121,0.9976021371738145
annual,2023.0,1,fixed_d45,fixed,45.0,base,0.4345981287306778,0.3633560168803787,0.628099173553719,242,0.06687726674925219,-0.02788197589865669,45.074380165289256,45.01040465148838,1.0,0.9984411898726215,0.0,2.1504621249576118e-05,2882.24002489352,2703.579335027477,0.999723996166121,0.9976021371738145
annual,2023.0,1,fixed_d46,fixed,46.0,base,0.4352144262124152,0.36555722519508693,0.6487603305785123,242,0.06895833404888577,-0.028322108333139553,46.06611570247934,46.01037528376642,1.0,0.9984411898726215,0.0,2.437223499347527e-05,2882.2954505752596,2700.7741642715623,0.999723996166121,0.9976021371738145
annual,2023.0,1,fixed_d47,fixed,47.0,base,0.4178247084651735,0.32370617179730177,0.6363636363636364,242,0.06696207054448416,-0.02881961775002057,47.070247933884296,47.010360287758,1.0,0.9984411898726215,0.0,2.7239848737374423e-05,2875.3469509635897,2697.8917856795038,0.999723996166121,0.9976021371738145
annual,2023.0,1,fixed_d48,fixed,48.0,base,0.4002631798768698,0.36629203541524924,0.6322314049586777,242,0.06487046126754895,-0.029201202395082136,48.078512396694215,48.01031878084783,1.0,0.9984411898726215,0.0,3.0109453879706835e-05,2869.130948584124,2695.2323809128065,0.999723996166121,0.9976021371738145
annual,2023.0,1,fixed_d49,fixed,49.0,base,0.38420483677623135,0.3194762542384807,0.6239669421487604,242,0.06269669551836875,-0.02955901808117251,49.05785123966942,49.01030053504546,1.0,0.9984411898726215,0.0,3.2979059022039254e-05,2863.4048002581603,2692.6030821586037,0.999723996166121,0.9976021371738145
annual,2023.0,1,fixed_d5,fixed,5.0,base,1.0474749348888066,0.9895763848680117,0.6239669421487604,242,0.020934237072718243,-0.0025379205551597657,5.008264462809917,5.004456041532959,1.0,0.9984411898726215,0.0,0.0,2878.19659544001,2826.368347237108,0.999723996166121,0.9976021371738145
annual,2023.0,1,fixed_d50,fixed,50.0,base,0.3774514122243331,0.3166965613114012,0.6487603305785123,242,0.0624725391880841,-0.029915245359158182,50.03719008264463,50.01024188706143,1.0,0.9984411898726215,0.0,3.584866416437167e-05,2860.994832889516,2689.9790946048724,0.999723996166121,0.9976021371738145
annual,2023.0,1,fixed_d51,fixed,51.0,base,0.37531127058427577,0.295098699105799,0.6611570247933884,242,0.0629487995225297,-0.030308205328847954,51.02479338842975,51.0102101070118,1.0,0.9984411898726215,0.0,3.871926604346766e-05,2859.2542435750943,2687.258872566665,0.999723996166121,0.9976021371738145
annual,2023.0,1,fixed_d52,fixed,52.0,base,0.3636037479324703,0.3171637817845107,0.6446280991735537,242,0.06130759388281301,-0.030710774359231592,52.01652892561984,52.01016995472202,1.0,0.9984411898726215,0.0,4.1589867922563644e-05,2854.6460869488797,2684.5153741262257,0.999723996166121,0.9976021371738145
annual,2023.0,1,fixed_d53,fixed,53.0,base,0.35272514441176056,0.31869753300795867,0.6528925619834711,242,0.05972293632651025,-0.031168919985520783,53.00826446280992,53.0101637424,1.0,0.9984411898726215,0.0,4.446246535388703e-05,2849.6535272651417,2681.681742583135,0.999723996166121,0.9976021371738145
annual,2023.0,1,fixed_d54,fixed,54.0,base,0.34589072361432477,0.2906776907004376,0.6528925619834711,242,0.05924757811471175,-0.03171652464804862,54.00413223140496,54.01013821971201,1.0,0.9984411898726215,0.0,4.733606160211976e-05,2846.031646002222,2678.6950737272505,0.999723996166121,0.9976021371738145
annual,2023.0,1,fixed_d55,fixed,55.0,base,0.3322056986795142,0.2471677327359529,0.6363636363636364,242,0.05728027418485375,-0.03225405083654276,55.00413223140496,55.01010255750714,1.0,0.9984411898726215,0.0,5.02096578503525e-05,2839.4640919786316,2675.726339403939,0.999723996166121,0.9976021371738145
annual,2023.0,1,fixed_d56,fixed,56.0,base,0.32730258831755565,0.2303378742600638,0.6446280991735537,242,0.05700157374091235,-0.03286893256465328,56.00826446280992,56.01010249606886,1.0,0.9984411898726215,0.0,5.308225528167587e-05,2835.4369142149317,2672.656276250525,0.999723996166121,0.9976021371738145
annual,2023.0,1,fixed_d57,fixed,57.0,base,0.32017333081471305,0.2805856698160497,0.628099173553719,242,0.05656436163883131,-0.033390257212591125,57.02066115702479,57.010066915705686,1.0,0.9984411898726215,0.0,5.595585152990861e-05,2832.347584050928,2669.7347979753904,0.999723996166121,0.9976021371738145
annual,2023.0,1,fixed_d58,fixed,58.0,base,0.31526395621332665,0.3008843383947311,0.628099173553719,242,0.05621500878598708,-0.033868744472584054,58.02066115702479,58.01002871193578,1.0,0.9984411898726215,0.0,5.8831447497172835e-05,2829.5397410842174,2666.915421490662,0.999723996166121,0.9976021371738145
annual,2023.0,1,fixed_d59,fixed,59.0,base,0.30484572001646304,0.30006758991942284,0.6239669421487604,242,0.05474819112568962,-0.03430507133194096,59.01652892561984,59.00997489212816,1.0,0.9984411898726215,0.0,6.170704346443704e-05,2825.28956999348,2664.134463330726,0.999723996166121,0.9976021371738145
annual,2023.0,1,fixed_d6,fixed,6.0,base,1.0258183480807475,0.8636255895554041,0.628099173553719,242,0.025125077342850657,-0.0026063716378258543,6.008264462809917,6.004884674314228,1.0,0.9984411898726215,0.0,0.0,2884.879073415366,2824.208315368594,0.999723996166121,0.9976021371738145
annual,2023.0,1,fixed_d60,fixed,60.0,base,0.2937089723962501,0.28753165475628206,0.6198347107438017,242,0.05356530913090182,-0.034783295831389574,60.00826446280992,60.00992162047208,1.0,0.9984411898726215,0.0,6.458464193585673e-05,2821.6097049942673,2661.255262804782,0.999723996166121,0.9976021371738145
annual,2023.0,1,fixed_d7,fixed,7.0,base,1.0233285982241638,0.7614215886078755,0.6239669421487604,242,0.02974986145308726,-0.002665329348399082,7.008264462809917,7.005186434292215,1.0,0.9984411898726215,0.0,0.0,2891.6036256133993,2822.110105322371,0.999723996166121,0.9976021371738145
annual,2023.0,1,fixed_d8,fixed,8.0,base,0.988720479827966,1.0196801161388318,0.6446280991735537,242,0.033392562677534945,-0.0026816956559660883,8.016528925619834,8.005423042214812,1.0,0.9984411898726215,0.0,0.0,2896.7880183115335,2820.052071519259,0.999723996166121,0.9976021371738145
annual,2023.0,1,fixed_d9,fixed,9.0,base,0.8983047281402966,0.8529027535689934,0.6446280991735537,242,0.034485405577118704,-0.0027382456885560154,9.016528925619834,9.005626330431019,1.0,0.9984411898726215,0.0,0.0,2897.4091218493386,2817.933666309844,0.999723996166121,0.9976021371738145
annual,2023.0,1,model_plan,model_plan,,base,0.6505956665327719,0.6955164407620174,0.6652892561983471,242,0.06180533258260789,-0.0013264792720718167,21.24793388429752,3.4741876430095378,1.0,0.9984411898726215,0.0,0.0,2930.631743620099,2832.956770558707,0.999723996166121,0.9976021371738145
annual,2023.0,1,rolling_path,rolling,,base,1.1149013109870851,1.039906944398932,0.7107438016528925,242,0.06987598808210456,-0.0016576191782349324,16.09504132231405,2.9775910319315995,1.0,0.9984411898726215,0.0,0.0,2953.152493162488,2832.862439415383,0.999723996166121,0.9976021371738145
annual,2023.0,1,fixed_d10,fixed,10.0,double_slippage,0.8912323790539537,0.83700506036269,0.628099173553719,242,0.0365763969820769,-0.004228548384496361,10.008264462809917,10.005805423212646,1.0,0.9984411898726215,0.0,0.0,4325.440219278033,4207.469384415387,0.9997272323118975,0.9976047276107408
annual,2023.0,1,fixed_d11,fixed,11.0,double_slippage,0.9163648985077664,0.7404768649454899,0.6611570247933884,242,0.04154163313263168,-0.004339017782834848,11.00413223140496,11.005931138748373,1.0,0.9984411898726215,0.0,0.0,4336.324345263021,4205.172110049695,0.9997272323118975,0.9976047276107408
annual,2023.0,1,fixed_d12,fixed,12.0,double_slippage,0.9029427229758009,0.5904966130892298,0.6487603305785123,242,0.0451790221742225,-0.004563070171397374,12.008264462809917,12.006018205430149,1.0,0.9984411898726215,0.0,0.0,4344.119065422568,4202.66178875373,0.9997272323118975,0.9976047276107408
annual,2023.0,1,fixed_d13,fixed,13.0,double_slippage,0.955568363094017,0.625102339936991,0.6652892561983471,242,0.05258056294049971,-0.004828476171019966,13.012396694214877,13.00609215843766,1.0,0.9984411898726215,0.0,0.0,4361.158355859993,4200.043630451064,0.9997272323118975,0.9976047276107408
annual,2023.0,1,fixed_d14,fixed,14.0,double_slippage,0.9329130408446974,0.641210121389777,0.6694214876033058,242,0.05580752015326615,-0.005175244572779678,14.012396694214877,14.006185020258838,1.0,0.9984411898726215,0.0,0.0,4368.1087872609605,4197.238407178603,0.9997272323118975,0.9976047276107408
annual,2023.0,1,fixed_d15,fixed,15.0,double_slippage,0.9064707163459141,0.613284094271461,0.6735537190082644,242,0.057894851049492074,-0.0057880371863721245,15.016528925619834,15.006336666540504,1.0,0.9984411898726215,0.0,0.0,4371.264171618181,4193.820599364575,0.9997272323118975,0.9976047276107408
annual,2023.0,1,fixed_d16,fixed,16.0,double_slippage,0.8856113101601649,0.5974812535710525,0.6776859504132231,242,0.05977096322294624,-0.006417987450749782,16.00413223140496,16.006419048417843,1.0,0.9984411898726215,0.0,0.0,4374.261487145839,4190.364410667964,0.9997272323118975,0.9976047276107408
annual,2023.0,1,fixed_d17,fixed,17.0,double_slippage,0.8749614120818997,0.6053240049353074,0.6818181818181818,242,0.0623637977449566,-0.007043197453563364,17.045454545454547,17.00647013027781,1.0,0.9984411898726215,0.0,0.0,4378.605225637203,4186.896073770434,0.9997272323118975,0.9976047276107408
annual,2023.0,1,fixed_d18,fixed,18.0,double_slippage,0.8378469774485819,0.5972104727750583,0.6818181818181818,242,0.06286470222445736,-0.007539733776970999,18.037190082644628,18.006521665077493,1.0,0.9984411898726215,0.0,0.0,4377.045524394426,4183.701007236472,0.9997272323118975,0.9976047276107408
annual,2023.0,1,fixed_d19,fixed,19.0,double_slippage,0.8111811735141309,0.5366731463351015,0.6818181818181818,242,0.06454925391416606,-0.0080111156016579,19.041322314049587,19.00658281649261,1.0,0.9984411898726215,0.0,0.0,4378.845047963568,4180.575506304218,0.9997272323118975,0.9976047276107408
annual,2023.0,1,fixed_d2,fixed,2.0,double_slippage,1.011830370176141,0.8131936065591565,0.5826446280991735,242,0.004331885891595219,-0.003923686073270598,2.012396694214876,2.002808467835037,1.0,0.9984411898726215,0.0,0.0,4255.0210681493145,4224.520506031839,0.9997272323118975,0.9976047276107408
annual,2023.0,1,fixed_d20,fixed,20.0,double_slippage,0.775473429361473,0.572339978989524,0.6735537190082644,242,0.06512574531563471,-0.00857749666611479,20.02892561983471,20.006717754905583,1.0,0.9984411898726215,0.0,0.0,4377.667215447571,4177.248581627813,0.9997272323118975,0.9976047276107408
annual,2023.0,1,fixed_d21,fixed,21.0,double_slippage,0.7363509452986966,0.5144142718192636,0.6652892561983471,242,0.06420286185638507,-0.00926929966544551,21.02892561983471,21.006876743438895,1.0,0.9984411898726215,0.0,0.0,4373.624379225645,4173.621454734954,0.9997272323118975,0.9976047276107408
annual,2023.0,1,fixed_d22,fixed,22.0,double_slippage,0.7062243925255511,0.41262317192618386,0.6694214876033058,242,0.06394718276706915,-0.010096091065555115,22.02892561983471,22.007089033913694,1.0,0.9984411898726215,0.0,0.0,4370.70950342299,4169.675532889692,0.9997272323118975,0.9976047276107408
annual,2023.0,1,fixed_d23,fixed,23.0,double_slippage,0.6910638254653619,0.43575548159084126,0.640495867768595,242,0.06512236270611889,-0.011022306464766355,23.020661157024794,23.007225469970564,1.0,0.9984411898726215,0.0,0.0,4372.02958683384,4165.5031272162405,0.9997272323118975,0.9976047276107408
annual,2023.0,1,fixed_d24,fixed,24.0,double_slippage,0.6782963332965543,0.4561483763336109,0.6528925619834711,242,0.06599423671774719,-0.012075015727725581,24.012396694214875,24.007385630043757,1.0,0.9984411898726215,0.0,0.0,4371.966618239462,4161.055320534052,0.9997272323118975,0.9976047276107408
annual,2023.0,1,fixed_d25,fixed,25.0,double_slippage,0.6437205044398114,0.4630879623049371,0.6487603305785123,242,0.06343549718011479,-0.013403871381096244,25.016528925619834,25.009198695998396,1.0,0.9984411898726215,0.0,0.0,4363.33131261138,4155.956687539391,0.9997272323118975,0.9976047276107408
annual,2023.0,1,fixed_d26,fixed,26.0,double_slippage,0.5994687377455696,0.4244026014559276,0.640495867768595,242,0.05942778958049267,-0.014653680093114935,26.00826446280992,26.00942615390841,1.0,0.9984411898726215,0.0,0.0,4350.9566373413845,4151.011934044468,0.9997272323118975,0.9976047276107408
annual,2023.0,1,fixed_d27,fixed,27.0,double_slippage,0.5508643860495414,0.39521919113311343,0.628099173553719,242,0.05497229295138436,-0.01588862055914518,27.00826446280992,27.009746034151405,1.0,0.9984411898726215,0.0,0.0,4338.133372531936,4146.097714813336,0.9997272323118975,0.9976047276107408
annual,2023.0,1,fixed_d28,fixed,28.0,double_slippage,0.5199696242416536,0.3637950665733536,0.6033057851239669,242,0.052888664107309434,-0.01689771149644398,28.00826446280992,28.00977534009005,1.0,0.9984411898726215,0.0,0.0,4331.006583274358,4141.749112067478,0.9997272323118975,0.9976047276107408
annual,2023.0,1,fixed_d29,fixed,29.0,double_slippage,0.5083249977479195,0.3785547213954488,0.6115702479338843,242,0.05312547536076283,-0.017804638047337527,29.00413223140496,29.009815605066553,1.0,0.9984411898726215,0.0,0.0,4329.377807096151,4137.628475955496,0.9997272323118975,0.9976047276107408
annual,2023.0,1,fixed_d3,fixed,3.0,double_slippage,1.0869756282451346,0.6544546583029138,0.5991735537190083,242,0.010092157840688365,-0.003861287329412276,3.012396694214876,3.0034360234169055,1.0,0.9984411898726215,0.0,0.0,4268.41741740309,4222.567536866274,0.9997272323118975,0.9976047276107408
annual,2023.0,1,fixed_d30,fixed,30.0,double_slippage,0.5060879648175935,0.3867499413055574,0.6033057851239669,242,0.05506210095142956,-0.01872962979471224,30.00413223140496,30.00983238616321,1.0,0.9984411898726215,0.0,0.0,4332.060565885116,4133.43753157161,0.9997272323118975,0.9976047276107408
annual,2023.0,1,fixed_d31,fixed,31.0,double_slippage,0.5101099226915025,0.37029214445203684,0.6115702479338843,242,0.05816389163010511,-0.019626823204840986,31.037190082644628,31.009843586597636,1.0,0.9984411898726215,0.0,0.0,4338.025434971471,4129.292896309262,0.9997272323118975,0.9976047276107408
annual,2023.0,1,fixed_d32,fixed,32.0,double_slippage,0.506622032103747,0.3945363950267018,0.6074380165289256,242,0.05928194227119035,-0.020462155965213915,32.03719008264463,32.00987782834707,1.0,0.9984411898726215,0.0,0.0,4338.394625581863,4125.291412332983,0.9997272323118975,0.9976047276107408
annual,2023.0,1,fixed_d33,fixed,33.0,double_slippage,0.5018505259835979,0.36937726539587656,0.5785123966942148,242,0.060103239761468495,-0.021215328132466186,33.02892561983471,33.00989875787801,1.0,0.9984411898726215,0.0,0.0,4338.528626649126,4121.4666823547595,0.9997272323118975,0.9976047276107408
annual,2023.0,1,fixed_d34,fixed,34.0,double_slippage,0.4993272362698584,0.34549634486121866,0.6033057851239669,242,0.060943955571863835,-0.021939375155186666,34.02479338842975,34.00993601833842,1.0,0.9984411898726215,0.0,0.0,4339.20627711669,4117.724646272892,0.9997272323118975,0.9976047276107408
annual,2023.0,1,fixed_d35,fixed,35.0,double_slippage,0.4914197322088611,0.38402388871695503,0.5909090909090909,242,0.06122033833812772,-0.022533611608186177,35.02479338842975,35.00995704394809,1.0,0.9984411898726215,0.0,0.0,4338.013757647654,4114.276346167124,0.9997272323118975,0.9976047276107408
annual,2023.0,1,fixed_d36,fixed,36.0,double_slippage,0.48919223999402145,0.34485471529838263,0.6239669421487604,242,0.06261720632588316,-0.023343920725761285,36.02066115702479,36.010346128202755,1.0,0.9984411898726215,0.0,0.0,4339.155323025157,4110.328837883878,0.9997272323118975,0.9976047276107408
annual,2023.0,1,fixed_d37,fixed,37.0,double_slippage,0.46838398064386166,0.31828577027457694,0.6157024793388429,242,0.06095028084393719,-0.02409120126355356,37.02066115702479,37.010380509373576,1.0,0.9984411898726215,0.0,1.432315911597462e-06,4332.945016392524,4106.499097789919,0.9997272323118975,0.9976047276107408
annual,2023.0,1,fixed_d38,fixed,38.0,double_slippage,0.4555325721096174,0.30887380377696394,0.6033057851239669,242,0.06000987136318677,-0.024799780017759517,38.01239669421488,38.01040679883345,1.0,0.9984411898726215,0.0,2.8641355252352573e-06,4329.06626734838,4102.766026668777,0.9997272323118975,0.9976047276107408
annual,2023.0,1,fixed_d39,fixed,39.0,double_slippage,0.42720304222457134,0.3037784736007613,0.6198347107438017,242,0.056088301005225646,-0.025519202178642796,39.02066115702479,39.01042636637603,1.0,0.9984411898726215,0.0,4.296948078965728e-06,4318.309430612913,4099.017758080549,0.9997272323118975,0.9976047276107408
annual,2023.0,1,fixed_d4,fixed,4.0,double_slippage,1.018823371142749,0.9177915097355286,0.640495867768595,242,0.01431562237194976,-0.003843035177608279,4.008264462809917,4.003989011773348,1.0,0.9984411898726215,0.0,0.0,4277.581044246029,4220.553537166656,0.9997272323118975,0.9976047276107408
annual,2023.0,1,fixed_d40,fixed,40.0,double_slippage,0.41549045596655537,0.3474767218913649,0.6115702479338843,242,0.0549647654820472,-0.026275545946257126,40.00826446280992,40.01043586870335,1.0,0.9984411898726215,0.0,7.1645618228648805e-06,4313.124469449854,4095.1893874576517,0.9997272323118975,0.9976047276107408
annual,2023.0,1,fixed_d41,fixed,41.0,double_slippage,0.4227098413520136,0.368194464460701,0.6115702479338843,242,0.05731817158169984,-0.026906625142327306,41.00826446280992,41.010434903936456,1.0,0.9984411898726215,0.0,1.0032175566764033e-05,4316.740486247466,4091.6667743625776,0.9997272323118975,0.9976047276107408
annual,2023.0,1,fixed_d42,fixed,42.0,double_slippage,0.4333856518996764,0.3367868823153146,0.6322314049586777,242,0.06067735973852923,-0.027589204242232778,42.00413223140496,42.01043827219308,1.0,0.9984411898726215,0.0,1.2899789310663184e-05,4322.227412805073,4087.9918783298226,0.9997272323118975,0.9976047276107408
annual,2023.0,1,fixed_d43,fixed,43.0,double_slippage,0.43098255969567656,0.3536576281000152,0.640495867768595,242,0.06112958211993434,-0.028225682644129745,43.00826446280992,43.01041829124965,1.0,0.9984411898726215,0.0,1.5768398408170074e-05,4320.926368521739,4084.411066922033,0.9997272323118975,0.9976047276107408
annual,2023.0,1,fixed_d44,fixed,44.0,double_slippage,0.43210074645793095,0.35069435015965145,0.628099173553719,242,0.06322479468712232,-0.028735633543998308,44.04132231404959,44.0104044615548,1.0,0.9984411898726215,0.0,1.863700750567697e-05,4323.227467122192,4081.1446273188053,0.9997272323118975,0.9976047276107408
annual,2023.0,1,fixed_d45,fixed,45.0,double_slippage,0.43458681279334066,0.3633377754248586,0.628099173553719,242,0.06538323518370849,-0.029239045047789982,45.074380165289256,45.01040465148838,1.0,0.9984411898726215,0.0,2.1504621249576118e-05,4325.680682993567,4077.8494415111504,0.9997272323118975,0.9976047276107408
annual,2023.0,1,fixed_d46,fixed,46.0,double_slippage,0.43520220149429334,0.3655524301908687,0.6487603305785123,242,0.06746078505951995,-0.02967857634268788,46.06611570247934,46.01037528376642,1.0,0.9984411898726215,0.0,2.437223499347527e-05,4327.1915498598255,4074.7380235635965,0.9997272323118975,0.9976047276107408
annual,2023.0,1,fixed_d47,fixed,47.0,double_slippage,0.4178195085706011,0.32369842437983565,0.6363636363636364,242,0.06546872085777698,-0.030175410102198725,47.070247933884296,47.010360287758,1.0,0.9984411898726215,0.0,2.7239848737374423e-05,4318.853662511446,4071.5093213445293,0.9997272323118975,0.9976047276107408
annual,2023.0,1,fixed_d48,fixed,48.0,double_slippage,0.4002579995872539,0.3663150552825279,0.6322314049586777,242,0.06337931249160232,-0.030556434045030473,48.078512396694215,48.01031878084783,1.0,0.9984411898726215,0.0,3.0109453879706835e-05,4311.176417594912,4068.584736778826,0.9997272323118975,0.9976047276107408
annual,2023.0,1,fixed_d49,fixed,49.0,double_slippage,0.38419997525710836,0.31949873038202004,0.6239669421487604,242,0.0612089556914214,-0.030913771134349607,49.05785123966942,49.01030053504546,1.0,0.9984411898726215,0.0,3.2979059022039254e-05,4303.933883206812,4065.706728296663,0.9997272323118975,0.9976047276107408
annual,2023.0,1,fixed_d5,fixed,5.0,double_slippage,1.0474324657161187,0.9885380651638256,0.6239669421487604,242,0.019507743323736986,-0.003930111656451832,5.008264462809917,5.004456041532959,1.0,0.9984411898726215,0.0,0.0,4289.491998606425,4218.294722088106,0.9997272323118975,0.9976047276107408
annual,2023.0,1,fixed_d50,fixed,50.0,double_slippage,0.3774420331919629,0.3167030676148782,0.6487603305785123,242,0.06098454698301659,-0.03126952397807559,50.03719008264463,50.01024188706143,1.0,0.9984411898726215,0.0,3.584866416437167e-05,4301.367201912335,4062.8351617962994,0.9997272323118975,0.9976047276107408
annual,2023.0,1,fixed_d51,fixed,51.0,double_slippage,0.3753049022903885,0.2950970017530913,0.6611570247933884,242,0.061461329381888995,-0.03166196568870822,51.02479338842975,51.0102101070118,1.0,0.9984411898726215,0.0,3.871926604346766e-05,4299.964053946641,4059.8416996745996,0.9997272323118975,0.9976047276107408
annual,2023.0,1,fixed_d52,fixed,52.0,double_slippage,0.3635970705939053,0.31715015049511336,0.6446280991735537,242,0.05982260771437348,-0.032063940176765525,52.01652892561984,52.01016995472202,1.0,0.9984411898726215,0.0,4.1589867922563644e-05,4294.21076780286,4056.818344632635,0.9997272323118975,0.9976047276107408
annual,2023.0,1,fixed_d53,fixed,53.0,double_slippage,0.3527159096092467,0.3185499342178979,0.6528925619834711,242,0.05824007356666317,-0.03252145470954013,53.00826446280992,53.0101637424,1.0,0.9984411898726215,0.0,4.446246535388703e-05,4288.1113301921405,4053.6659459271386,0.9997272323118975,0.9976047276107408
annual,2023.0,1,fixed_d54,fixed,54.0,double_slippage,0.34588172621077423,0.2906605209015274,0.6528925619834711,242,0.057765719089766084,-0.03306830920667004,54.00413223140496,54.01013821971201,1.0,0.9984411898726215,0.0,4.733606160211976e-05,4284.159267153719,4050.298021314621,0.9997272323118975,0.9976047276107408
annual,2023.0,1,fixed_d55,fixed,55.0,double_slippage,0.3321938816715492,0.24717963558733286,0.6363636363636364,242,0.05580004642940353,-0.033605084433117806,55.00413223140496,55.01010255750714,1.0,0.9984411898726215,0.0,5.02096578503525e-05,4276.216642427076,4046.955085209327,0.9997272323118975,0.9976047276107408
annual,2023.0,1,fixed_d56,fixed,56.0,double_slippage,0.3272913648807619,0.23032703172500532,0.6446280991735537,242,0.05552224346041801,-0.034219047326609006,56.00826446280992,56.01010249606886,1.0,0.9984411898726215,0.0,5.308225528167587e-05,4271.998602426517,4043.4568769212924,0.9997272323118975,0.9976047276107408
annual,2023.0,1,fixed_d57,fixed,57.0,double_slippage,0.32016249014117193,0.28061037347859796,0.628099173553719,242,0.05508524555588385,-0.03473966427694774,57.02066115702479,57.010066915705686,1.0,0.9984411898726215,0.0,5.595585152990861e-05,4268.604164135111,4040.1724713206404,0.9997272323118975,0.9976047276107408
annual,2023.0,1,fixed_d58,fixed,58.0,double_slippage,0.3152528006232554,0.30081286681978286,0.628099173553719,242,0.05473634647039335,-0.03521751941549349,58.02066115702479,58.01002871193578,1.0,0.9984411898726215,0.0,5.8831447497172835e-05,4265.5532980557045,4037.019991300744,0.9997272323118975,0.9976047276107408
annual,2023.0,1,fixed_d59,fixed,59.0,double_slippage,0.30483399213760437,0.30005242793218356,0.6239669421487604,242,0.053271186232594844,-0.03565321783369437,59.01652892561984,59.00997489212816,1.0,0.9984411898726215,0.0,6.170704346443704e-05,4260.277937632531,4033.9356573030964,0.9997272323118975,0.9976047276107408
annual,2023.0,1,fixed_d6,fixed,6.0,double_slippage,1.0257564004818263,0.8635016242111729,0.628099173553719,242,0.023692330641202554,-0.003998491177189759,6.008264462809917,6.004884674314228,1.0,0.9984411898726215,0.0,0.0,4299.100983233636,4216.088241367856,0.9997272323118975,0.9976047276107408
annual,2023.0,1,fixed_d60,fixed,60.0,double_slippage,0.29369727398175366,0.2875208237072513,0.6198347107438017,242,0.052090656909446933,-0.0361307711733168,60.00826446280992,60.00992162047208,1.0,0.9984411898726215,0.0,6.458464193585673e-05,4255.7743255492405,4030.7237236569704,0.9997272323118975,0.9976047276107408
annual,2023.0,1,fixed_d7,fixed,7.0,double_slippage,1.0232831169659842,0.7597495235077363,0.6239669421487604,242,0.02831104635531391,-0.00405737447034342,7.008264462809917,7.005186434292215,1.0,0.9984411898726215,0.0,0.0,4309.059220659423,4213.950151511575,0.9997272323118975,0.9976047276107408
annual,2023.0,1,fixed_d8,fixed,8.0,double_slippage,0.988702856651932,1.019965722669946,0.6446280991735537,242,0.03194809532107128,-0.004073708827628018,8.016528925619834,8.005423042214812,1.0,0.9984411898726215,0.0,0.0,4316.788434728878,4211.882088868066,0.9997272323118975,0.9976047276107408
annual,2023.0,1,fixed_d9,fixed,9.0,double_slippage,0.8982791449377683,0.851563342403759,0.6446280991735537,242,0.03303921993209405,-0.004130246454299916,9.016528925619834,9.005626330431019,1.0,0.9984411898726215,0.0,0.0,4318.173279623407,4209.725415658917,0.9997272323118975,0.9976047276107408
annual,2023.0,1,model_plan,model_plan,,double_slippage,0.7368407565126164,0.7802298630273496,0.6859504132231405,242,0.06032037036765809,-0.002720352638075204,21.24793388429752,3.4741876430095378,1.0,0.9984411898726215,0.0,0.0,4370.494784381708,4225.726596701387,0.9997272323118975,0.9976047276107408
annual,2023.0,1,rolling_path,rolling,,double_slippage,1.2102493446509761,1.1291588207693892,0.7272727272727273,242,0.06837994465105934,-0.003051021800882677,16.09504132231405,2.9775910319315995,1.0,0.9984411898726215,0.0,0.0,4398.650470428767,4225.400541632753,0.9997272323118975,0.9976047276107408
annual,2023.0,2,fixed_d10,fixed,10.0,base,0.8197542143663884,0.6448412523597176,0.6735537190082644,242,0.032767562534590726,-0.0028291366756675687,10.026859504132231,10.005805423212646,0.9958677685950413,0.9984411898726215,0.0,0.0,1439.056304393557,1406.6496577397722,0.9952745276484702,0.9967360841976838
annual,2023.0,2,fixed_d11,fixed,11.0,base,0.8523280052385518,0.6360067509889422,0.6942148760330579,242,0.03779652037225772,-0.002939054965046372,11.022727272727273,11.005931138748373,0.9958677685950413,0.9984411898726215,0.0,0.0,1442.8381238629115,1405.5404435295902,0.9952745276484702,0.9967360841976838
annual,2023.0,2,fixed_d12,fixed,12.0,base,0.8510508569018751,0.6032923404742865,0.6818181818181818,242,0.041545294538676,-0.0031626665498821534,12.018595041322314,12.006018205430149,0.9958677685950413,0.9984411898726215,0.0,0.0,1445.518484456108,1404.3645463116293,0.9952745276484702,0.9967360841976838
annual,2023.0,2,fixed_d13,fixed,13.0,base,0.8328322487508131,0.6511081296208996,0.6570247933884298,242,0.044329121376709586,-0.0034278245436402694,13.020661157024794,13.00609215843766,0.9958677685950413,0.9984411898726215,0.0,0.0,1447.3345500624455,1403.1490794201209,0.9952745276484702,0.9967360841976838
annual,2023.0,2,fixed_d14,fixed,14.0,base,0.839040152843265,0.5831706893453861,0.6942148760330579,242,0.04824765687035659,-0.003774287219080056,14.016528925619834,14.006185020258838,0.9958677685950413,0.9984411898726215,0.0,0.0,1450.124520272599,1401.8687207850528,0.9952745276484702,0.9967360841976838
annual,2023.0,2,fixed_d15,fixed,15.0,base,0.8373234606065915,0.6342261480557883,0.6818181818181818,242,0.051458336066595445,-0.004386954586016626,15.012396694214877,15.006336666540504,0.9958677685950413,0.9984411898726215,0.0,0.0,1451.9939477351757,1400.3753014194483,0.9952745276484702,0.9967360841976838
annual,2023.0,2,fixed_d16,fixed,16.0,base,0.8167900826866797,0.6085504309385595,0.6735537190082644,242,0.053041942823126687,-0.005016827744957449,16.00619834710744,16.006419048417843,0.9958677685950413,0.9984411898726215,0.0,0.0,1452.443566526066,1398.8686476222201,0.9952745276484702,0.9967360841976838
annual,2023.0,2,fixed_d17,fixed,17.0,base,0.802248225219496,0.5919483404288843,0.6900826446280992,242,0.05492151903965021,-0.005641962904459369,17.02892561983471,17.00647013027781,0.9958677685950413,0.9984411898726215,0.0,0.0,1452.88472095915,1397.3542311088845,0.9952745276484702,0.9967360841976838
annual,2023.0,2,fixed_d18,fixed,18.0,base,0.7759987365034244,0.5370725846080495,0.7024793388429752,242,0.05608651226731584,-0.0061383359571099355,18.026859504132233,18.006521665077493,0.9958677685950413,0.9984411898726215,0.0,0.0,1452.8420073817713,1395.931405462203,0.9952745276484702,0.9967360841976838
annual,2023.0,2,fixed_d19,fixed,19.0,base,0.7461405948069036,0.5782591177978547,0.7066115702479339,242,0.056767657472022524,-0.006609497733642624,19.026859504132233,19.00658281649261,0.9958677685950413,0.9984411898726215,0.0,0.0,1452.264060787319,1394.5345744942329,0.9952745276484702,0.9967360841976838
annual,2023.0,2,fixed_d2,fixed,2.0,base,0.816272109863863,0.7132927753136655,0.6033057851239669,242,0.004282194497896602,-0.002528488086238617,2.0082644628099175,2.002808467835037,0.9958677685950413,0.9984411898726215,0.0,0.0,1419.4846644943527,1415.0631382865204,0.9952745276484702,0.9967360841976838
annual,2023.0,2,fixed_d20,fixed,20.0,base,0.7078471893271119,0.5796233338434014,0.6983471074380165,242,0.05640421035672239,-0.0071756775756210405,20.014462809917354,20.006717754905583,0.9958677685950413,0.9984411898726215,0.0,0.0,1450.7208532872216,1393.0703391437894,0.9952745276484702,0.9967360841976838
annual,2023.0,2,fixed_d21,fixed,21.0,base,0.6887337435242773,0.6062466583400219,0.6776859504132231,242,0.05681280186644996,-0.007867372406427469,21.014462809917354,21.006876743438895,0.9958677685950413,0.9984411898726215,0.0,0.0,1450.0944522257817,1391.4999347593287,0.9952745276484702,0.9967360841976838
annual,2023.0,2,fixed_d22,fixed,22.0,base,0.6642746326087741,0.5205731479806457,0.6859504132231405,242,0.056555729110398814,-0.008694212650871686,22.014462809917354,22.007089033913694,0.9958677685950413,0.9984411898726215,0.0,0.0,1448.8100482559107,1389.8174583604634,0.9952745276484702,0.9967360841976838
annual,2023.0,2,fixed_d23,fixed,23.0,base,0.6519708954164393,0.4767524259030182,0.6942148760330579,242,0.057295290129706904,-0.009620449331569636,23.010330578512395,23.007225469970564,0.9958677685950413,0.9984411898726215,0.0,0.0,1448.5812507286416,1388.0566510907486,0.9952745276484702,0.9967360841976838
annual,2023.0,2,fixed_d24,fixed,24.0,base,0.6457585843506776,0.4687189462641548,0.6818181818181818,242,0.058268098697089925,-0.01067330477086771,24.00619834710744,24.007385630043757,0.9958677685950413,0.9984411898726215,0.0,0.0,1448.1652850213327,1386.202410598466,0.9952745276484702,0.9967360841976838
annual,2023.0,2,fixed_d25,fixed,25.0,base,0.6363099970528479,0.45383921291479234,0.6776859504132231,242,0.05861941763572921,-0.012002530661861837,25.00826446280992,25.009198695998396,0.9958677685950413,0.9984411898726215,0.0,0.0,1447.1428317153147,1384.1195124382157,0.9952745276484702,0.9967360841976838
annual,2023.0,2,fixed_d26,fixed,26.0,base,0.6065426952006595,0.40596049893720604,0.6818181818181818,242,0.056659817887656914,-0.01325271073061413,26.00826446280992,26.00942615390841,0.9958677685950413,0.9984411898726215,0.0,0.0,1443.9377204574027,1382.0858424539028,0.9952745276484702,0.9967360841976838
annual,2023.0,2,fixed_d27,fixed,27.0,base,0.5650662290819194,0.37047446675350093,0.6776859504132231,242,0.05322769129925627,-0.014488003333899343,27.00619834710744,27.009746034151405,0.9958677685950413,0.9984411898726215,0.0,0.0,1439.8815167142047,1380.0622185628633,0.9952745276484702,0.9967360841976838
annual,2023.0,2,fixed_d28,fixed,28.0,base,0.5380786832448186,0.37381712151257585,0.6611570247933884,242,0.05165850056945767,-0.015497351223806952,28.00619834710744,28.00977534009005,0.9958677685950413,0.9984411898726215,0.0,0.0,1437.380932264183,1378.242183516281,0.9952745276484702,0.9967360841976838
annual,2023.0,2,fixed_d29,fixed,29.0,base,0.5193055970763724,0.3584947905987593,0.6694214876033058,242,0.0511744650026431,-0.016404516712306062,29.00413223140496,29.009815605066553,0.9958677685950413,0.9984411898726215,0.0,0.0,1436.0006590796286,1376.5002915216683,0.9952745276484702,0.9967360841976838
annual,2023.0,2,fixed_d3,fixed,3.0,base,0.8612318759272524,0.8862714666359128,0.6074380165289256,242,0.008450578854761283,-0.00246551354146886,3.006198347107438,3.0034360234169055,0.9958677685950413,0.9984411898726215,0.0,0.0,1422.373247482832,1414.0653991546183,0.9952745276484702,0.9967360841976838
annual,2023.0,2,fixed_d30,fixed,30.0,base,0.5119077445102632,0.3333133634123311,0.6942148760330579,242,0.05209213381423548,-0.017329719611604035,30.00413223140496,30.00983238616321,0.9958677685950413,0.9984411898726215,0.0,0.0,1435.9073050548673,1374.7296062859923,0.9952745276484702,0.9967360841976838
annual,2023.0,2,fixed_d31,fixed,31.0,base,0.5149098566635376,0.35263533160977945,0.6942148760330579,242,0.05424828179269421,-0.018227050482579457,31.018595041322314,31.009843586597636,0.9958677685950413,0.9984411898726215,0.0,0.0,1436.7254976515273,1372.9724153594423,0.9952745276484702,0.9967360841976838
annual,2023.0,2,fixed_d32,fixed,32.0,base,0.502145644998439,0.3760853673189424,0.6942148760330579,242,0.05423217405348328,-0.019062453158379393,32.018595041322314,32.00987782834707,0.9958677685950413,0.9984411898726215,0.0,0.0,1435.3463095005347,1371.2651171074433,0.9952745276484702,0.9967360841976838
annual,2023.0,2,fixed_d33,fixed,33.0,base,0.47734945519603206,0.3667634395105792,0.6818181818181818,242,0.052629895393440214,-0.019815653866421933,33.018595041322314,33.00989875787801,0.9958677685950413,0.9984411898726215,0.0,0.0,1432.7734221231547,1369.6173855039042,0.9952745276484702,0.9967360841976838
annual,2023.0,2,fixed_d34,fixed,34.0,base,0.461398153989477,0.32011291337540415,0.6652892561983471,242,0.05139361646111073,-0.020539712824691754,34.01652892561984,34.00993601833842,0.9958677685950413,0.9984411898726215,0.0,0.0,1430.808998904335,1368.0007322562892,0.9952745276484702,0.9967360841976838
annual,2023.0,2,fixed_d35,fixed,35.0,base,0.4465400545080627,0.3696579019229279,0.6652892561983471,242,0.05049245372566412,-0.0211338360429657,35.01239669421488,35.00995704394809,0.9958677685950413,0.9984411898726215,0.0,0.0,1429.154155574041,1366.4854731480648,0.9952745276484702,0.9967360841976838
annual,2023.0,2,fixed_d36,fixed,36.0,base,0.4424293932671594,0.37971356119758154,0.6776859504132231,242,0.050851918610465965,-0.021944218606375184,36.010330578512395,36.010346128202755,0.9958677685950413,0.9984411898726215,0.0,0.0,1428.3806828164124,1364.7963514473836,0.9952745276484702,0.9967360841976838
annual,2023.0,2,fixed_d37,fixed,37.0,base,0.43459512316007765,0.32699169795398747,0.6859504132231405,242,0.050703798202067774,-0.022691643336920544,37.014462809917354,37.010380509373576,0.9958677685950413,0.9984411898726215,0.0,1.432315911597462e-06,1427.0771623059645,1363.1439334406953,0.9952745276484702,0.9967360841976838
annual,2023.0,2,fixed_d38,fixed,38.0,base,0.42608697943841967,0.36040456212782007,0.7066115702479339,242,0.05054274533698285,-0.02340023219775041,38.02685950413223,38.01040679883345,0.9958677685950413,0.9984411898726215,0.0,2.8641355252352573e-06,1425.7075809649127,1361.5263415579627,0.9952745276484702,0.9967360841976838
annual,2023.0,2,fixed_d39,fixed,39.0,base,0.4129619332398568,0.3329141768120164,0.6776859504132231,242,0.049969586978854896,-0.02411972145592753,39.05165289256198,39.01042636637603,0.9958677685950413,0.9984411898726215,0.0,4.296948078965728e-06,1423.9954275584125,1359.9049427930386,0.9952745276484702,0.9967360841976838
annual,2023.0,2,fixed_d4,fixed,4.0,base,0.8116002002852906,0.7765306491785531,0.5991735537190083,242,0.011508890804475902,-0.0024466814241545457,4.006198347107438,4.003989011773348,0.9958677685950413,0.9984411898726215,0.0,0.0,1424.1688933747296,1413.0526578613853,0.9952745276484702,0.9967360841976838
annual,2023.0,2,fixed_d40,fixed,40.0,base,0.4056975023754758,0.3586689495701245,0.6942148760330579,242,0.04976915339809459,-0.0248762452892214,40.04132231404959,40.01043586870335,0.9958677685950413,0.9984411898726215,0.0,7.1645618228648805e-06,1422.603431040346,1358.2564170621429,0.9952745276484702,0.9967360841976838
annual,2023.0,2,fixed_d41,fixed,41.0,base,0.4044529243140668,0.364903593770063,0.6942148760330579,242,0.05099770582766962,-0.02550736445868734,41.039256198347104,41.010434903936456,0.9958677685950413,0.9984411898726215,0.0,1.0032175566764033e-05,1422.4565419264318,1356.716839232289,0.9952745276484702,0.9967360841976838
annual,2023.0,2,fixed_d42,fixed,42.0,base,0.41070758874137603,0.335914584982819,0.6942148760330579,242,0.05336468337364946,-0.02619001458206719,42.04545454545455,42.01043827219308,0.9958677685950413,0.9984411898726215,0.0,1.2899789310663184e-05,1423.343732216535,1355.1191817777383,0.9952745276484702,0.9967360841976838
annual,2023.0,2,fixed_d43,fixed,43.0,base,0.4169776203479914,0.35997515908277167,0.6776859504132231,242,0.05608908656960623,-0.026826457412333384,43.06404958677686,43.01041829124965,0.9958677685950413,0.9984411898726215,0.0,1.5768398408170074e-05,1424.5741819205152,1353.5524940917687,0.9952745276484702,0.9967360841976838
annual,2023.0,2,fixed_d44,fixed,44.0,base,0.4225636005150875,0.3310907370002125,0.6735537190082644,242,0.058699213273703726,-0.027336397058208034,44.070247933884296,44.0104044615548,0.9958677685950413,0.9984411898726215,0.0,1.863700750567697e-05,1425.6350867801596,1352.0984848826317,0.9952745276484702,0.9967360841976838
annual,2023.0,2,fixed_d45,fixed,45.0,base,0.4287162059409728,0.3451228804908715,0.6859504132231405,242,0.06150077564641886,-0.027839837500649965,45.08057851239669,45.01040465148838,0.9958677685950413,0.9984411898726215,0.0,2.1504621249576118e-05,1426.774128092083,1350.6277345623862,0.9952745276484702,0.9967360841976838
annual,2023.0,2,fixed_d46,fixed,46.0,base,0.43093064274938725,0.30998072592665316,0.6900826446280992,242,0.06337481110861792,-0.028279301455552706,46.06611570247934,46.01037528376642,0.9958677685950413,0.9984411898726215,0.0,2.437223499347527e-05,1427.173721261657,1349.2266258707814,0.9952745276484702,0.9967360841976838
annual,2023.0,2,fixed_d47,fixed,47.0,base,0.43212721484038913,0.34522542899965025,0.6818181818181818,242,0.06513701605610236,-0.02877608703021994,47.05785123966942,47.010360287758,0.9958677685950413,0.9984411898726215,0.0,2.7239848737374423e-05,1427.4332746217078,1347.786898472653,0.9952745276484702,0.9967360841976838
annual,2023.0,2,fixed_d48,fixed,48.0,base,0.4196197207241661,0.34406433982921647,0.6776859504132231,242,0.06401640546468942,-0.029157079959478468,48.0599173553719,48.01031878084783,0.9958677685950413,0.9984411898726215,0.0,3.0109453879706835e-05,1425.3298385612054,1346.4585604222264,0.9952745276484702,0.9967360841976838
annual,2023.0,2,fixed_d49,fixed,49.0,base,0.4104796749640457,0.3309494869715361,0.6859504132231405,242,0.06441199310404375,-0.029514362548202163,49.06404958677686,49.01030053504546,0.9958677685950413,0.9984411898726215,0.0,3.2979059022039254e-05,1424.566815672007,1345.1452856239885,0.9952745276484702,0.9967360841976838
annual,2023.0,2,fixed_d5,fixed,5.0,base,0.8276809576207692,0.6511913078898912,0.6322314049586777,242,0.015513883074302943,-0.002533282991264083,5.0041322314049586,5.004456041532959,0.9958677685950413,0.9984411898726215,0.0,0.0,1426.936775939703,1411.9544336951199,0.9952745276484702,0.9967360841976838
annual,2023.0,2,fixed_d50,fixed,50.0,base,0.3954627567875299,0.3319173135879126,0.6818181818181818,242,0.06261583113086146,-0.029870063950689613,50.053719008264466,50.01024188706143,0.9958677685950413,0.9984411898726215,0.0,3.584866416437167e-05,1421.8427890242594,1343.8346059629228,0.9952745276484702,0.9967360841976838
annual,2023.0,2,fixed_d51,fixed,51.0,base,0.39323672189291375,0.33608677860294933,0.6735537190082644,242,0.06359711542017718,-0.030262394868660895,51.04338842975206,51.0102101070118,0.9958677685950413,0.9984411898726215,0.0,3.871926604346766e-05,1421.663152326622,1342.4759552563519,0.9952745276484702,0.9967360841976838
annual,2023.0,2,fixed_d52,fixed,52.0,base,0.38483369229235176,0.2945263440203054,0.6859504132231405,242,0.06302400154579467,-0.03066446648667855,52.02892561983471,52.01016995472202,0.9958677685950413,0.9984411898726215,0.0,4.1589867922563644e-05,1420.2573993250749,1341.1055046166964,0.9952745276484702,0.9967360841976838
annual,2023.0,2,fixed_d53,fixed,53.0,base,0.3691603692445099,0.29620450161254686,0.6859504132231405,242,0.060282137529962226,-0.031121958740621392,53.018595041322314,53.0101637424,0.9958677685950413,0.9984411898726215,0.0,4.446246535388703e-05,1416.8190672112328,1339.6900976951144,0.9952745276484702,0.9967360841976838
annual,2023.0,2,fixed_d54,fixed,54.0,base,0.3569889763898878,0.3007890814410316,0.6694214876033058,242,0.058164908397302914,-0.031668822946002984,54.01239669421488,54.01013821971201,0.9958677685950413,0.9984411898726215,0.0,4.733606160211976e-05,1413.7870345200572,1338.1982514846077,0.9952745276484702,0.9967360841976838
annual,2023.0,2,fixed_d55,fixed,55.0,base,0.3476110226967929,0.30138049254231647,0.6776859504132231,242,0.05669964117190868,-0.03220562360201019,55.00826446280992,55.01010255750714,0.9958677685950413,0.9984411898726215,0.0,5.02096578503525e-05,1411.5815470297007,1336.7153704466812,0.9952745276484702,0.9967360841976838
annual,2023.0,2,fixed_d56,fixed,56.0,base,0.33969033133286347,0.2982573990495305,0.6652892561983471,242,0.05530055425837739,-0.03281963602435807,56.010330578512395,56.01010249606886,0.9958677685950413,0.9984411898726215,0.0,5.308225528167587e-05,1409.1352663713606,1335.1818936491734,0.9952745276484702,0.9967360841976838
annual,2023.0,2,fixed_d57,fixed,57.0,base,0.33292094830636876,0.3088818467530727,0.6859504132231405,242,0.0541715809491398,-0.033340225867651056,57.01239669421488,57.010066915705686,0.9958677685950413,0.9984411898726215,0.0,5.595585152990861e-05,1406.8202331367565,1333.7226579165417,0.9952745276484702,0.9967360841976838
annual,2023.0,2,fixed_d58,fixed,58.0,base,0.3317422371984171,0.3017258324606912,0.7024793388429752,242,0.05425258738207325,-0.033818039974286035,58.010330578512395,58.01002871193578,0.9958677685950413,0.9984411898726215,0.0,5.8831447497172835e-05,1405.7803174636567,1332.3144300110396,0.9952745276484702,0.9967360841976838
annual,2023.0,2,fixed_d59,fixed,59.0,base,0.3260047819593299,0.29267776527752803,0.71900826446281,242,0.053761224941633386,-0.03425369174007525,59.010330578512395,59.00997489212816,0.9958677685950413,0.9984411898726215,0.0,6.170704346443704e-05,1404.3231546103286,1330.9254326602013,0.9952745276484702,0.9967360841976838
annual,2023.0,2,fixed_d6,fixed,6.0,base,0.796576886230239,0.6457682470720416,0.6157024793388429,242,0.018338332429820848,-0.002601142603873249,6.024793388429752,6.004884674314228,0.9958677685950413,0.9984411898726215,0.0,0.0,1428.7413883199329,1410.8758413773958,0.9952745276484702,0.9967360841976838
annual,2023.0,2,fixed_d60,fixed,60.0,base,0.31435786009610206,0.31281083467365733,0.7107438016528925,242,0.05187333583033488,-0.03473118169925513,60.010330578512395,60.00992162047208,0.9958677685950413,0.9984411898726215,0.0,6.458464193585673e-05,1401.7751187593099,1329.48728400156,0.9952745276484702,0.9967360841976838
annual,2023.0,2,fixed_d7,fixed,7.0,base,0.8070972416520249,0.7029442162308273,0.6363636363636364,242,0.022182144547744382,-0.002659554578978239,7.039256198347108,7.005186434292215,0.9958677685950413,0.9984411898726215,0.0,0.0,1431.5708297569097,1409.8280703226908,0.9952745276484702,0.9967360841976838
annual,2023.0,2,fixed_d8,fixed,8.0,base,0.795571851165014,0.7281908572603416,0.628099173553719,242,0.02525239078651721,-0.0026754218574147385,8.041322314049587,8.005423042214812,0.9958677685950413,0.9984411898726215,0.0,0.0,1433.7362861192655,1408.800352373955,0.9952745276484702,0.9967360841976838
annual,2023.0,2,fixed_d9,fixed,9.0,base,0.7937447195576345,0.6930363702890716,0.6487603305785123,242,0.02853415585650279,-0.002731387259755566,9.037190082644628,9.005626330431019,0.9958677685950413,0.9984411898726215,0.0,0.0,1436.0144856430068,1407.7425012486426,0.9952745276484702,0.9967360841976838
annual,2023.0,2,model_plan,model_plan,,base,0.6679540969582918,0.5913782475548842,0.6611570247933884,242,0.054569923727819596,-0.0013239319134424508,20.08677685950413,3.4741876430095378,0.9958677685950413,0.9984411898726215,0.0,0.0,1452.7879541068753,1415.2446389958895,0.9952745276484702,0.9967360841976838
annual,2023.0,2,rolling_path,rolling,,base,0.9343738023706688,0.9281211658703813,0.6900826446280992,242,0.05281284193183004,-0.0016549866523679927,15.287190082644628,2.9775910319315995,0.9958677685950413,0.9984411898726215,0.0,0.0,1453.077711432299,1415.1974002033817,0.9952745276484702,0.9967360841976838
annual,2023.0,2,fixed_d10,fixed,10.0,double_slippage,0.8198685435963362,0.6444841771664571,0.6735537190082644,242,0.03133015062994431,-0.004219703294997203,10.026859504132231,10.005805423212646,0.9958677685950413,0.9984411898726215,0.0,0.0,2145.708539302556,2101.9247163845002,0.9952691998864385,0.9967457428079796
annual,2023.0,2,fixed_d11,fixed,11.0,double_slippage,0.8523993272534003,0.635989576955141,0.6942148760330579,242,0.0363511164170369,-0.004329496897797584,11.022727272727273,11.005931138748373,0.9958677685950413,0.9984411898726215,0.0,0.0,2151.2467138179404,2100.7777278245417,0.9952691998864385,0.9967457428079796
annual,2023.0,2,fixed_d12,fixed,12.0,double_slippage,0.8510990387982275,0.6036895420521033,0.6818181818181818,242,0.040094242367763384,-0.004552755183956032,12.018595041322314,12.006018205430149,0.9958677685950413,0.9984411898726215,0.0,0.0,2155.236720251035,2099.524375922298,0.9952691998864385,0.9967457428079796
annual,2023.0,2,fixed_d13,fixed,13.0,double_slippage,0.8328767924315754,0.6510850198727749,0.6570247933884298,242,0.04287420127462528,-0.004817469195134678,13.020661157024794,13.00609215843766,0.9958677685950413,0.9984411898726215,0.0,0.0,2158.0260074740813,2098.2170051356948,0.9952691998864385,0.9967457428079796
annual,2023.0,2,fixed_d14,fixed,14.0,double_slippage,0.8390556660067392,0.5832050204024777,0.6942148760330579,242,0.04678644187740933,-0.005163409322929289,14.016528925619834,14.006185020258838,0.9958677685950413,0.9984411898726215,0.0,0.0,2162.1844974436617,2096.8163105411304,0.9952691998864385,0.9967457428079796
annual,2023.0,2,fixed_d15,fixed,15.0,double_slippage,0.8373138218741933,0.63882619488701,0.6818181818181818,242,0.04999172521763301,-0.00577524542290498,15.012396694214877,15.006336666540504,0.9958677685950413,0.9984411898726215,0.0,0.0,2165.175406067333,2095.109477550665,0.9952691998864385,0.9967457428079796
annual,2023.0,2,fixed_d16,fixed,16.0,double_slippage,0.8167704286387605,0.6086162566313945,0.6735537190082644,242,0.0515730889122084,-0.006404280852395991,16.00619834710744,16.006419048417843,0.9958677685950413,0.9984411898726215,0.0,0.0,2166.178375052424,2093.383338653042,0.9952691998864385,0.9967457428079796
annual,2023.0,2,fixed_d17,fixed,17.0,double_slippage,0.802233778294256,0.5917603772640603,0.6900826446280992,242,0.05344872539760692,-0.007028590846575406,17.02892561983471,17.00647013027781,0.9958677685950413,0.9984411898726215,0.0,0.0,2167.2753438080595,2091.6511076617435,0.9952691998864385,0.9967457428079796
annual,2023.0,2,fixed_d18,fixed,18.0,double_slippage,0.7759831121276846,0.5370260147873478,0.7024793388429752,242,0.05461219997481449,-0.007524244576451839,18.026859504132233,18.006521665077493,0.9958677685950413,0.9984411898726215,0.0,0.0,2167.640717061212,2090.0555281185516,0.9952691998864385,0.9967457428079796
annual,2023.0,2,fixed_d19,fixed,19.0,double_slippage,0.7461167204053742,0.5780652848595405,0.7066115702479339,242,0.05529146889552272,-0.007994742381612746,19.026859504132233,19.00658281649261,0.9958677685950413,0.9984411898726215,0.0,0.0,2167.3004988517114,2088.4947647456393,0.9952691998864385,0.9967457428079796
annual,2023.0,2,fixed_d2,fixed,2.0,double_slippage,0.8170827925773831,0.7123167633892301,0.6074380165289256,242,0.0028857044938047794,-0.003919433416649771,2.0082644628099175,2.002808467835037,0.9958677685950413,0.9984411898726215,0.0,0.0,2116.1780134526257,2110.437675467831,0.9952691998864385,0.9967457428079796
annual,2023.0,2,fixed_d20,fixed,20.0,double_slippage,0.7078145077961009,0.5797586752948107,0.6983471074380165,242,0.054928629356458696,-0.008560145069710957,20.014462809917354,20.006717754905583,0.9958677685950413,0.9984411898726215,0.0,0.0,2165.631188768223,2086.833334079471,0.9952691998864385,0.9967457428079796
annual,2023.0,2,fixed_d21,fixed,21.0,double_slippage,0.6887070182563912,0.606218737343095,0.6776859504132231,242,0.05533709800271657,-0.009250876894711588,21.014462809917354,21.006876743438895,0.9958677685950413,0.9984411898726215,0.0,0.0,2165.148864582034,2085.0219148141173,0.9952691998864385,0.9967457428079796
annual,2023.0,2,fixed_d22,fixed,22.0,double_slippage,0.6642448868262938,0.5212830419041348,0.6859504132231405,242,0.055079902819951974,-0.010076567933730988,22.014462809917354,22.007089033913694,0.9958677685950413,0.9984411898726215,0.0,0.0,2163.774848232939,2083.051170143735,0.9952691998864385,0.9967457428079796
annual,2023.0,2,fixed_d23,fixed,23.0,double_slippage,0.6519291015085501,0.47681786366152246,0.6942148760330579,242,0.055817428320973535,-0.011001497592949301,23.010330578512395,23.007225469970564,0.9958677685950413,0.9984411898726215,0.0,0.0,2163.8034783453113,2080.9673932987866,0.9952691998864385,0.9967457428079796
annual,2023.0,2,fixed_d24,fixed,24.0,double_slippage,0.6457214707181369,0.46833033896246856,0.6818181818181818,242,0.05678933134672175,-0.012052981704625428,24.00619834710744,24.007385630043757,0.9958677685950413,0.9984411898726215,0.0,0.0,2163.7287139542495,2078.74580684983,0.9952691998864385,0.9967457428079796
annual,2023.0,2,fixed_d25,fixed,25.0,double_slippage,0.6362692282073424,0.45378907414858105,0.6776859504132231,242,0.057139488225442646,-0.013380378109629186,25.00826446280992,25.009198695998396,0.9958677685950413,0.9984411898726215,0.0,0.0,2162.8286129894705,2076.199061390086,0.9952691998864385,0.9967457428079796
annual,2023.0,2,fixed_d26,fixed,26.0,double_slippage,0.6064965251873544,0.4056725847221827,0.6818181818181818,242,0.05518184951777715,-0.014628801809828056,26.00826446280992,26.00942615390841,0.9958677685950413,0.9984411898726215,0.0,0.0,2158.938435028301,2073.729255642099,0.9952691998864385,0.9967457428079796
annual,2023.0,2,fixed_d27,fixed,27.0,double_slippage,0.5650132089566159,0.3696813007481189,0.6776859504132231,242,0.051753238584788294,-0.0158624044589046,27.00619834710744,27.009746034151405,0.9958677685950413,0.9984411898726215,0.0,0.0,2153.6822546070675,2071.2746337621825,0.9952691998864385,0.9967457428079796
annual,2023.0,2,fixed_d28,fixed,28.0,double_slippage,0.538027798203785,0.37373320333068627,0.6611570247933884,242,0.05018594493559577,-0.016870322098184377,28.00619834710744,28.00977534009005,0.9958677685950413,0.9984411898726215,0.0,0.0,2150.6339578145394,2069.1025889422235,0.9952691998864385,0.9967457428079796
annual,2023.0,2,fixed_d29,fixed,29.0,double_slippage,0.5192577830070463,0.35850839441963955,0.6694214876033058,242,0.04970258098772712,-0.01777621005733712,29.00413223140496,29.009815605066553,0.9958677685950413,0.9984411898726215,0.0,0.0,2149.085229827463,2067.0444158013697,0.9952691998864385,0.9967457428079796
annual,2023.0,2,fixed_d3,fixed,3.0,double_slippage,0.8615696075355551,0.8857246262366341,0.6074380165289256,242,0.007047602020263033,-0.0038565671540685695,3.006198347107438,3.0034360234169055,0.9958677685950413,0.9984411898726215,0.0,0.0,2120.522822945885,2109.4626551884594,0.9952691998864385,0.9967457428079796
annual,2023.0,2,fixed_d30,fixed,30.0,double_slippage,0.5118670474028891,0.3332567384463148,0.6942148760330579,242,0.05061916407809782,-0.018700118566389024,30.00413223140496,30.00983238616321,0.9958677685950413,0.9984411898726215,0.0,0.0,2149.3136620717905,2064.9511320524753,0.9952691998864385,0.9967457428079796
annual,2023.0,2,fixed_d31,fixed,31.0,double_slippage,0.5148606924765221,0.3525596330777361,0.6942148760330579,242,0.05277023931198233,-0.019596197030385686,31.018595041322314,31.009843586597636,0.9958677685950413,0.9984411898726215,0.0,0.0,2150.883102301949,2062.881087810384,0.9952691998864385,0.9967457428079796
annual,2023.0,2,fixed_d32,fixed,32.0,double_slippage,0.5020885463279013,0.37603212238640005,0.6942148760330579,242,0.05275287073542896,-0.020430463161522108,32.018595041322314,32.00987782834707,0.9958677685950413,0.9984411898726215,0.0,0.0,2149.4979696449072,2060.882526044311,0.9952691998864385,0.9967457428079796
annual,2023.0,2,fixed_d33,fixed,33.0,double_slippage,0.47729738419870266,0.3670750531302262,0.6818181818181818,242,0.05115333286489236,-0.0211826336742662,33.018595041322314,33.00989875787801,0.9958677685950413,0.9984411898726215,0.0,0.0,2146.3666706543368,2058.972273432624,0.9952691998864385,0.9967457428079796
annual,2023.0,2,fixed_d34,fixed,34.0,double_slippage,0.4613389478012189,0.3201850600399693,0.6652892561983471,242,0.04991777517902865,-0.02190568387481369,34.01652892561984,34.00993601833842,0.9958677685950413,0.9984411898726215,0.0,0.0,2143.9693108377546,2057.1033406197203,0.9952691998864385,0.9967457428079796
annual,2023.0,2,fixed_d35,fixed,35.0,double_slippage,0.4464759183517212,0.36988967306677356,0.6652892561983471,242,0.049016883493354105,-0.022498929605258126,35.01239669421488,35.00995704394809,0.9958677685950413,0.9984411898726215,0.0,0.0,2141.999190480449,2055.381260804095,0.9952691998864385,0.9967457428079796
annual,2023.0,2,fixed_d36,fixed,36.0,double_slippage,0.44237458641816685,0.38005699239334734,0.6776859504132231,242,0.049377343259586794,-0.023308161515314313,36.010330578512395,36.010346128202755,0.9958677685950413,0.9984411898726215,0.0,0.0,2141.354309468214,2053.409655403507,0.9952691998864385,0.9967457428079796
annual,2023.0,2,fixed_d37,fixed,37.0,double_slippage,0.43454420203116567,0.32698542616170967,0.6859504132231405,242,0.049229497846584175,-0.02405445942078536,37.014462809917354,37.010380509373576,0.9958677685950413,0.9984411898726215,0.0,1.432315911597462e-06,2140.000068800264,2051.4968656183105,0.9952691998864385,0.9967457428079796
annual,2023.0,2,fixed_d38,fixed,38.0,double_slippage,0.4260495682560247,0.3603091397215648,0.7066115702479339,242,0.04907035778937917,-0.024762050084825068,38.02685950413223,38.01040679883345,0.9958677685950413,0.9984411898726215,0.0,2.8641355252352573e-06,2138.5769754664666,2049.6324056634944,0.9952691998864385,0.9967457428079796
annual,2023.0,2,fixed_d39,fixed,39.0,double_slippage,0.41292727747378843,0.3328398040178927,0.6776859504132231,242,0.04849750401531185,-0.02548052895114904,39.05165289256198,39.01042636637603,0.9958677685950413,0.9984411898726215,0.0,4.296948078965728e-06,2136.6650089458376,2047.760315500255,0.9952691998864385,0.9967457428079796
annual,2023.0,2,fixed_d4,fixed,4.0,double_slippage,0.8118635383352015,0.7757717017883463,0.5991735537190083,242,0.01010211361970334,-0.0038378006144201087,4.006198347107438,4.003989011773348,0.9958677685950413,0.9984411898726215,0.0,0.0,2123.38806554038,2108.457166074194,0.9952691998864385,0.9967457428079796
annual,2023.0,2,fixed_d40,fixed,40.0,double_slippage,0.40567318872324565,0.3585249857058921,0.6942148760330579,242,0.04829955513579338,-0.026235950950642226,40.04132231404959,40.01043586870335,0.9958677685950413,0.9984411898726215,0.0,7.1645618228648805e-06,2135.2062820967294,2045.8481304892248,0.9952691998864385,0.9967457428079796
annual,2023.0,2,fixed_d41,fixed,41.0,double_slippage,0.40443274657041045,0.3649581797146721,0.6942148760330579,242,0.0495266308999318,-0.02686617593676561,41.039256198347104,41.010434903936456,0.9958677685950413,0.9984411898726215,0.0,1.0032175566764033e-05,2135.4898740900317,2044.088712800271,0.9952691998864385,0.9967457428079796
annual,2023.0,2,fixed_d42,fixed,42.0,double_slippage,0.4106884352110942,0.33566469015829314,0.6942148760330579,242,0.051890210044948155,-0.027547918185446555,42.04545454545455,42.01043827219308,0.9958677685950413,0.9984411898726215,0.0,1.2899789310663184e-05,2137.20436415267,2042.2531999346616,0.9952691998864385,0.9967457428079796
annual,2023.0,2,fixed_d43,fixed,43.0,double_slippage,0.41695122683083385,0.3598121121739646,0.6776859504132231,242,0.05460844184648932,-0.02818352734629339,43.06404958677686,43.01041829124965,0.9958677685950413,0.9984411898726215,0.0,1.5768398408170074e-05,2139.3841471748924,2040.4647266141505,0.9952691998864385,0.9967457428079796
annual,2023.0,2,fixed_d44,fixed,44.0,double_slippage,0.4225400663264573,0.3311617738664122,0.6735537190082644,242,0.05721550242617882,-0.028692790942185697,44.070247933884296,44.0104044615548,0.9958677685950413,0.9984411898726215,0.0,1.863700750567697e-05,2141.358280857815,2038.833203121023,0.9952691998864385,0.9967457428079796
annual,2023.0,2,fixed_d45,fixed,45.0,double_slippage,0.4286943468100267,0.34512512017162855,0.6859504132231405,242,0.06001328874582899,-0.029195482632496727,45.08057851239669,45.01040465148838,0.9958677685950413,0.9984411898726215,0.0,2.1504621249576118e-05,2143.4762568867372,2037.187362830265,0.9952691998864385,0.9967457428079796
annual,2023.0,2,fixed_d46,fixed,46.0,double_slippage,0.4309002899190295,0.3100253181844688,0.6900826446280992,242,0.061883100234214665,-0.029634385625730227,46.06611570247934,46.01037528376642,0.9958677685950413,0.9984411898726215,0.0,2.437223499347527e-05,2144.529159806123,2035.6333142865926,0.9952691998864385,0.9967457428079796
annual,2023.0,2,fixed_d47,fixed,47.0,double_slippage,0.4321037390365005,0.344938188614679,0.6818181818181818,242,0.06364451906267367,-0.03013049727547811,47.05785123966942,47.010360287758,0.9958677685950413,0.9984411898726215,0.0,2.7239848737374423e-05,2145.4069797160655,2034.0206910849597,0.9952691998864385,0.9967457428079796
annual,2023.0,2,fixed_d48,fixed,48.0,double_slippage,0.419590770159666,0.3440910182225986,0.6776859504132231,242,0.06252355356463665,-0.0305109196136176,48.0599173553719,48.01031878084783,0.9958677685950413,0.9984411898726215,0.0,3.0109453879706835e-05,2142.910747779553,2032.5599848301765,0.9952691998864385,0.9967457428079796
annual,2023.0,2,fixed_d49,fixed,49.0,double_slippage,0.41045037087019387,0.3307480463042465,0.6859504132231405,242,0.06291772146468139,-0.030867761537065698,49.06404958677686,49.01030053504546,0.9958677685950413,0.9984411898726215,0.0,3.2979059022039254e-05,2142.2852805733814,2031.1224665658847,0.9952691998864385,0.9967457428079796
annual,2023.0,2,fixed_d5,fixed,5.0,double_slippage,0.827849674780242,0.6505410857995102,0.6322314049586777,242,0.0141016207823827,-0.003924215059825553,5.0041322314049586,5.004456041532959,0.9958677685950413,0.9984411898726215,0.0,0.0,2127.5575929557576,2107.329446955112,0.9952691998864385,0.9967457428079796
annual,2023.0,2,fixed_d50,fixed,50.0,double_slippage,0.3954265295681984,0.3317114223457479,0.6818181818181818,242,0.06112258107846942,-0.031222935884899123,50.053719008264466,50.01024188706143,0.9958677685950413,0.9984411898726215,0.0,3.584866416437167e-05,2138.9326910710665,2029.688245533988,0.9952691998864385,0.9967457428079796
annual,2023.0,2,fixed_d51,fixed,51.0,double_slippage,0.39320272334988016,0.3360619550333177,0.6735537190082644,242,0.062102962463339906,-0.03161473256239981,51.04338842975206,51.0102101070118,0.9958677685950413,0.9984411898726215,0.0,3.871926604346766e-05,2139.0970693716263,2028.1932181085485,0.9952691998864385,0.9967457428079796
annual,2023.0,2,fixed_d52,fixed,52.0,double_slippage,0.3847925234912679,0.2945418366056226,0.6859504132231405,242,0.06152918501562339,-0.03201624459829418,52.02892561983471,52.01016995472202,0.9958677685950413,0.9984411898726215,0.0,4.1589867922563644e-05,2137.490045053823,2026.6829622276425,0.9952691998864385,0.9967457428079796
annual,2023.0,2,fixed_d53,fixed,53.0,double_slippage,0.3691225143101944,0.29630251318367334,0.6859504132231405,242,0.058792492387948994,-0.032473101697339184,53.018595041322314,53.0101637424,0.9958677685950413,0.9984411898726215,0.0,4.446246535388703e-05,2133.096184763019,2025.1084159517181,0.9952691998864385,0.9967457428079796
annual,2023.0,2,fixed_d54,fixed,54.0,double_slippage,0.3569514203854456,0.3004560932054178,0.6694214876033058,242,0.0566787901168909,-0.033019221351510586,54.01239669421488,54.01013821971201,0.9958677685950413,0.9984411898726215,0.0,4.733606160211976e-05,2129.3255142734592,2023.4262199488066,0.9952691998864385,0.9967457428079796
annual,2023.0,2,fixed_d55,fixed,55.0,double_slippage,0.34756474049575936,0.30153256928417665,0.6776859504132231,242,0.05521359127827226,-0.033555234399960915,55.00826446280992,55.01010255750714,0.9958677685950413,0.9984411898726215,0.0,5.02096578503525e-05,2126.6064945661146,2021.7565468792343,0.9952691998864385,0.9967457428079796
annual,2023.0,2,fixed_d56,fixed,56.0,double_slippage,0.339644179300645,0.2981968821620791,0.6652892561983471,242,0.053816818394485176,-0.034168375174636494,56.010330578512395,56.01010249606886,0.9958677685950413,0.9984411898726215,0.0,5.308225528167587e-05,2123.672621313405,2020.0092650042955,0.9952691998864385,0.9967457428079796
annual,2023.0,2,fixed_d57,fixed,57.0,double_slippage,0.3328761915917022,0.3088880435650283,0.6859504132231405,242,0.05268944159520053,-0.034688296601502355,57.01239669421488,57.010066915705686,0.9958677685950413,0.9984411898726215,0.0,5.595585152990861e-05,2120.964291714016,2018.368780310288,0.9952691998864385,0.9967457428079796
annual,2023.0,2,fixed_d58,fixed,58.0,double_slippage,0.33169864064874033,0.3016754578422849,0.7024793388429752,242,0.052770480617411984,-0.0351654962564461,58.010330578512395,58.01002871193578,0.9958677685950413,0.9984411898726215,0.0,5.8831447497172835e-05,2119.9535356084602,2016.794192582009,0.9952691998864385,0.9967457428079796
annual,2023.0,2,fixed_d59,fixed,59.0,double_slippage,0.32596063320803603,0.29262051510800047,0.71900826446281,242,0.0522789698008324,-0.03560059812440254,59.010330578512395,59.00997489212816,0.9958677685950413,0.9984411898726215,0.0,6.170704346443704e-05,2118.324692773652,2015.2536292654001,0.9952691998864385,0.9967457428079796
annual,2023.0,2,fixed_d6,fixed,6.0,double_slippage,0.7968459569568677,0.6455699558556189,0.6157024793388429,242,0.016922240069232902,-0.003992038424389763,6.024793388429752,6.004884674314228,0.9958677685950413,0.9984411898726215,0.0,0.0,2130.349553471164,2106.22779320564,0.9952691998864385,0.9967457428079796
annual,2023.0,2,fixed_d60,fixed,60.0,double_slippage,0.3143219794304937,0.31279458219365586,0.7107438016528925,242,0.05039560473478864,-0.03607740270000107,60.010330578512395,60.00992162047208,0.9958677685950413,0.9984411898726215,0.0,6.458464193585673e-05,2115.1200064137925,2013.6494156522283,0.9952691998864385,0.9967457428079796
annual,2023.0,2,fixed_d7,fixed,7.0,double_slippage,0.8073831380065005,0.7030958061422659,0.6363636363636364,242,0.020760927255112537,-0.004050366696269738,7.039256198347108,7.005186434292215,0.9958677685950413,0.9984411898726215,0.0,0.0,2134.5245187842816,2105.1602624424586,0.9952691998864385,0.9967457428079796
annual,2023.0,2,fixed_d8,fixed,8.0,double_slippage,0.7957848426213723,0.7280505516182202,0.628099173553719,242,0.023825427190882084,-0.0040661757875276065,8.041322314049587,8.005423042214812,0.9958677685950413,0.9984411898726215,0.0,0.0,2137.76147269072,2104.127733823922,0.9952691998864385,0.9967457428079796
annual,2023.0,2,fixed_d9,fixed,9.0,double_slippage,0.7939119909611162,0.692983170084964,0.6487603305785123,242,0.027102749109171934,-0.004122100765078319,9.037190082644628,9.005626330431019,0.9958677685950413,0.9984411898726215,0.0,0.0,2141.1868679118033,2103.051002063306,0.9952691998864385,0.9967457428079796
annual,2023.0,2,model_plan,model_plan,,double_slippage,0.7534370576767081,0.6844991299142723,0.6942148760330579,242,0.05309738594715984,-0.002716524404505648,20.08677685950413,3.4741876430095378,0.9958677685950413,0.9984411898726215,0.0,0.0,2167.054779230392,2111.0406756977377,0.9952691998864385,0.9967457428079796
annual,2023.0,2,rolling_path,rolling,,double_slippage,1.0299496140445483,1.0175487572627206,0.7231404958677686,242,0.05134411718016506,-0.003047134881792821,15.287190082644628,2.9775910319315995,0.9958677685950413,0.9984411898726215,0.0,0.0,2166.7314115206627,2110.877581467062,0.9952691998864385,0.9967457428079796
annual,2023.0,3,fixed_d10,fixed,10.0,base,0.7087169831238584,0.588727125750802,0.6776859504132231,242,0.027435576045775456,-0.0028206324164457156,10.019283746556473,10.005805423212646,0.9958677685950413,0.9984411898726215,0.0,0.0,955.6449221624704,936.9720709259232,0.9948892504797593,0.9958904208567861
annual,2023.0,3,fixed_d11,fixed,11.0,base,0.7294307726877399,0.5465766433062451,0.6818181818181818,242,0.03139671846169301,-0.002929875334186167,11.015151515151514,11.005931138748373,0.9958677685950413,0.9984411898726215,0.0,0.0,957.521580125288,936.2336283236776,0.9948892504797593,0.9958904208567861
annual,2023.0,3,fixed_d12,fixed,12.0,base,0.7191126481994815,0.5575753037802471,0.6735537190082644,242,0.03396449263309502,-0.0031528722659837846,12.016528925619834,12.006018205430149,0.9958677685950413,0.9984411898726215,0.0,0.0,958.5662377378043,935.4505911001576,0.9948892504797593,0.9958904208567861
annual,2023.0,3,fixed_d13,fixed,13.0,base,0.7055314965413277,0.5843023760733597,0.7066115702479339,242,0.03613380607419667,-0.003417114229545904,13.013774104683195,13.00609215843766,0.9958677685950413,0.9984411898726215,0.0,0.0,959.3199797277531,934.6414013587057,0.9948892504797593,0.9958904208567861
annual,2023.0,3,fixed_d14,fixed,14.0,base,0.7101060585107171,0.5439966651380241,0.6900826446280992,242,0.03920667199611566,-0.0037628772018487287,14.012396694214877,14.006185020258838,0.9958677685950413,0.9984411898726215,0.0,0.0,960.5354772096842,933.7887510770212,0.9948892504797593,0.9958904208567861
annual,2023.0,3,fixed_d15,fixed,15.0,base,0.7036867718663027,0.5478790061671215,0.6983471074380165,242,0.0412624403235237,-0.004374692401004535,15.008264462809917,15.006336666540504,0.9958677685950413,0.9984411898726215,0.0,0.0,961.0573858796262,932.7941499002479,0.9948892504797593,0.9958904208567861
annual,2023.0,3,fixed_d16,fixed,16.0,base,0.6955318951356916,0.5139134339488347,0.6900826446280992,242,0.0431596276607404,-0.0050036378261993295,16.005509641873278,16.006419048417843,0.9958677685950413,0.9984411898726215,0.0,0.0,961.4489730885941,931.7908263191122,0.9948892504797593,0.9958904208567861
annual,2023.0,3,fixed_d17,fixed,17.0,base,0.6972127581229078,0.47568867149410377,0.731404958677686,242,0.0456550852399256,-0.005627640981103363,17.020661157024794,17.00647013027781,0.9958677685950413,0.9984411898726215,0.0,0.0,962.1928900224347,930.7824515817126,0.9948892504797593,0.9958904208567861
annual,2023.0,3,fixed_d18,fixed,18.0,base,0.6740699471468864,0.4874724197215531,0.7355371900826446,242,0.046409636176843086,-0.006123103053202926,18.030303030303028,18.006521665077493,0.9958677685950413,0.9984411898726215,0.0,0.0,961.8464288209793,929.8350015854246,0.9948892504797593,0.9958904208567861
annual,2023.0,3,fixed_d19,fixed,19.0,base,0.646305229400489,0.4489497420906379,0.7272727272727273,242,0.04667440596789299,-0.006593323320150718,19.030303030303028,19.00658281649261,0.9958677685950413,0.9984411898726215,0.0,0.0,961.3039145951444,928.9048474912336,0.9948892504797593,0.9958904208567861
annual,2023.0,3,fixed_d2,fixed,2.0,base,0.6119122805913336,0.5692858417759374,0.6033057851239669,242,0.0025404528291853596,-0.002525498298787749,2.005509641873278,2.002808467835037,0.9958677685950413,0.9984411898726215,0.0,0.0,944.8956421716309,942.5731226303981,0.9948892504797593,0.9958904208567861
annual,2023.0,3,fixed_d20,fixed,20.0,base,0.6316007432100521,0.45037839279593306,0.7231404958677686,242,0.04775648854267302,-0.007158479550339087,20.020661157024794,20.006717754905583,0.9958677685950413,0.9984411898726215,0.0,0.0,961.1688513703291,927.9298605456509,0.9948892504797593,0.9958904208567861
annual,2023.0,3,fixed_d21,fixed,21.0,base,0.6169736533398464,0.4487971571317452,0.731404958677686,242,0.04836424499587052,-0.007849099430320585,21.022038567493116,21.006876743438895,0.9958677685950413,0.9984411898726215,0.0,0.0,960.8254753707039,926.8841561443602,0.9948892504797593,0.9958904208567861
annual,2023.0,3,fixed_d22,fixed,22.0,base,0.591676045372842,0.4247335143078072,0.7272727272727273,242,0.047751682620623445,-0.008674743117462186,22.016528925619834,22.007089033913694,0.9958677685950413,0.9984411898726215,0.0,0.0,959.6876422158414,925.7637252384402,0.9948892504797593,0.9958904208567861
annual,2023.0,3,fixed_d23,fixed,23.0,base,0.5739993541600581,0.3932329864957622,0.7024793388429752,242,0.04757645711777162,-0.009599924304020808,23.013774104683197,23.007225469970564,0.9958677685950413,0.9984411898726215,0.0,0.0,958.8577044353967,924.5910004270276,0.9948892504797593,0.9958904208567861
annual,2023.0,3,fixed_d24,fixed,24.0,base,0.5715250002867192,0.3521545973111304,0.7272727272727273,242,0.04869078213689704,-0.010651486463084765,24.00826446280992,24.007385630043757,0.9958677685950413,0.9984411898726215,0.0,0.0,958.7012077200127,923.3561413328321,0.9948892504797593,0.9958904208567861
annual,2023.0,3,fixed_d25,fixed,25.0,base,0.5636528028841072,0.3584158118641144,0.7066115702479339,242,0.049058544477790074,-0.011979276381351132,25.00964187327824,25.009198695998396,0.9958677685950413,0.9984411898726215,0.0,0.0,958.0753265845156,921.9689435098607,0.9948892504797593,0.9958904208567861
annual,2023.0,3,fixed_d26,fixed,26.0,base,0.5433828158931963,0.3551808317620916,0.7024793388429752,242,0.047996117610245775,-0.01322798093637834,26.006887052341597,26.00942615390841,0.9958677685950413,0.9984411898726215,0.0,0.0,956.6050964399847,920.6145277754483,0.9948892504797593,0.9958904208567861
annual,2023.0,3,fixed_d27,fixed,27.0,base,0.5149469038166357,0.3289862310729569,0.7066115702479339,242,0.045932304152525784,-0.014462133411483905,27.00413223140496,27.009746034151405,0.9958677685950413,0.9984411898726215,0.0,0.0,954.6283869705152,919.2666170294377,0.9948892504797593,0.9958904208567861
annual,2023.0,3,fixed_d28,fixed,28.0,base,0.49743740152248866,0.36766508899605066,0.6900826446280992,242,0.045317879696622765,-0.015470284913224466,28.016528925619834,28.00977534009005,0.9958677685950413,0.9984411898726215,0.0,0.0,953.4648839266841,918.0545306900941,0.9948892504797593,0.9958904208567861
annual,2023.0,3,fixed_d29,fixed,29.0,base,0.4803047127986672,0.33611233778294725,0.6818181818181818,242,0.04468090790340116,-0.01637621074580149,29.016528925619834,29.009815605066553,0.9958677685950413,0.9984411898726215,0.0,0.0,952.4543467061133,916.894523437062,0.9948892504797593,0.9958904208567861
annual,2023.0,3,fixed_d3,fixed,3.0,base,0.7229922059843928,0.5730691735046264,0.6157024793388429,242,0.006608717783396049,-0.002462145472693614,3.0068870523415976,3.0034360234169055,0.9958677685950413,0.9984411898726215,0.0,0.0,946.6887249033189,941.9087396663732,0.9948892504797593,0.9958904208567861
annual,2023.0,3,fixed_d30,fixed,30.0,base,0.4760822328146792,0.32232233273170396,0.6694214876033058,242,0.04549586936500189,-0.017300159008744008,30.013774104683197,30.00983238616321,0.9958677685950413,0.9984411898726215,0.0,0.0,952.3167949447344,915.7153783868563,0.9948892504797593,0.9958904208567861
annual,2023.0,3,fixed_d31,fixed,31.0,base,0.47820539897672293,0.3591338770765976,0.6611570247933884,242,0.04709657563729038,-0.01819651926753627,31.024793388429753,31.009843586597636,0.9958677685950413,0.9984411898726215,0.0,0.0,952.5537741436874,914.5450721267316,0.9948892504797593,0.9958904208567861
annual,2023.0,3,fixed_d32,fixed,32.0,base,0.4663199228060809,0.2979043279502294,0.6900826446280992,242,0.04678916954301162,-0.019031052715025813,32.02203856749311,32.00987782834707,0.9958677685950413,0.9984411898726215,0.0,0.0,951.4651517843462,913.407889998843,0.9948892504797593,0.9958904208567861
annual,2023.0,3,fixed_d33,fixed,33.0,base,0.4450474400334853,0.26369748008079913,0.6776859504132231,242,0.04522410958464386,-0.019783291095783487,33.02066115702479,33.00989875787801,0.9958677685950413,0.9984411898726215,0.0,0.0,949.8473282822445,912.3105319078268,0.9948892504797593,0.9958904208567861
annual,2023.0,3,fixed_d34,fixed,34.0,base,0.4253228737294463,0.26768910937931434,0.628099173553719,242,0.043539570392339376,-0.02050653077525704,34.01652892561984,34.00993601833842,0.9958677685950413,0.9984411898726215,0.0,0.0,948.1896017606928,911.233823014198,0.9948892504797593,0.9958904208567861
annual,2023.0,3,fixed_d35,fixed,35.0,base,0.4181699219541656,0.27931480208002235,0.6528925619834711,242,0.04356581081173346,-0.021099854691428804,35.0137741046832,35.00995704394809,0.9958677685950413,0.9984411898726215,0.0,0.0,947.5608552727044,910.2246825775768,0.9948892504797593,0.9958904208567861
annual,2023.0,3,fixed_d36,fixed,36.0,base,0.4107898125484112,0.2656417186762837,0.6735537190082644,242,0.043217067200944335,-0.021909186519477014,36.00826446280992,36.010346128202755,0.9958677685950413,0.9984411898726215,0.0,0.0,946.6561932327726,909.0997857527063,0.9948892504797593,0.9958904208567861
annual,2023.0,3,fixed_d37,fixed,37.0,base,0.4060273043035378,0.2699016997556738,0.6735537190082644,242,0.043551596080672564,-0.02265541049402123,37.02341597796143,37.010380509373576,0.9958677685950413,0.9984411898726215,0.0,1.432315911597462e-06,946.0049869577707,907.99947632353,0.9948892504797593,0.9958904208567861
annual,2023.0,3,fixed_d38,fixed,38.0,base,0.4031557456065021,0.2622122749649052,0.6859504132231405,242,0.04413233395188266,-0.023363005387971977,38.02892561983471,38.01040679883345,0.9958677685950413,0.9984411898726215,0.0,2.8641355252352573e-06,945.5675088211282,906.9222037430984,0.9948892504797593,0.9958904208567861
annual,2023.0,3,fixed_d39,fixed,39.0,base,0.392630057524389,0.29919551324610316,0.6776859504132231,242,0.04397365839301924,-0.024081629300982958,39.04545454545455,39.01042636637603,0.9958677685950413,0.9984411898726215,0.0,4.296948078965728e-06,944.774988834279,905.8423427363103,0.9948892504797593,0.9958904208567861
annual,2023.0,3,fixed_d4,fixed,4.0,base,0.6721270127242053,0.5400379869425633,0.6033057851239669,242,0.008925130265969678,-0.00244265239364205,4.004820936639119,4.003989011773348,0.9958677685950413,0.9984411898726215,0.0,0.0,947.4789341721679,941.2345699935303,0.9948892504797593,0.9958904208567861
annual,2023.0,3,fixed_d40,fixed,40.0,base,0.3871674249637589,0.26872799914196355,0.6859504132231405,242,0.044180649408176315,-0.024837075575030954,40.03856749311294,40.01043586870335,0.9958677685950413,0.9984411898726215,0.0,7.1645618228648805e-06,944.188618858526,904.7445356429098,0.9948892504797593,0.9958904208567861
annual,2023.0,3,fixed_d41,fixed,41.0,base,0.3937493165572041,0.3018656865521061,0.6900826446280992,242,0.04656711399025612,-0.025467290187269044,41.03856749311295,41.010434903936456,0.9958677685950413,0.9984411898726215,0.0,1.0032175566764033e-05,944.928489481947,903.7193026090323,0.9948892504797593,0.9958904208567861
annual,2023.0,3,fixed_d42,fixed,42.0,base,0.4028290567941645,0.3287209649326599,0.6859504132231405,242,0.049331965605621135,-0.0261490758138072,42.04132231404959,42.01043827219308,0.9958677685950413,0.9984411898726215,0.0,1.2899789310663184e-05,945.757535817661,902.6552833627651,0.9948892504797593,0.9958904208567861
annual,2023.0,3,fixed_d43,fixed,43.0,base,0.40852306524308074,0.3045915874579404,0.6859504132231405,242,0.05181292814481714,-0.026784720695814772,43.049586776859506,43.01041829124965,0.9958677685950413,0.9984411898726215,0.0,1.5768398408170074e-05,946.5730548976836,901.6118617162205,0.9948892504797593,0.9958904208567861
annual,2023.0,3,fixed_d44,fixed,44.0,base,0.4109091916459479,0.3334522924354979,0.6983471074380165,242,0.0537913202972395,-0.02729381289284683,44.0564738292011,44.0104044615548,0.9958677685950413,0.9984411898726215,0.0,1.863700750567697e-05,946.854894353585,900.6435582753799,0.9948892504797593,0.9958904208567861
annual,2023.0,3,fixed_d45,fixed,45.0,base,0.40916745874656213,0.3167962858283857,0.6983471074380165,242,0.05503943432186812,-0.02779649413285025,45.06198347107438,45.01040465148838,0.9958677685950413,0.9984411898726215,0.0,2.1504621249576118e-05,946.8161033317785,899.6640576397833,0.9948892504797593,0.9958904208567861
annual,2023.0,3,fixed_d46,fixed,46.0,base,0.41398992319802064,0.2825926909871791,0.7148760330578512,242,0.057543667038835296,-0.02823520069106444,46.06473829201102,46.01037528376642,0.9958677685950413,0.9984411898726215,0.0,2.437223499347527e-05,947.4670243071051,898.731003558592,0.9948892504797593,0.9958904208567861
annual,2023.0,3,fixed_d47,fixed,47.0,base,0.41340902697611953,0.30058811732399804,0.731404958677686,242,0.05883121846548039,-0.02873138851335392,47.070247933884296,47.010360287758,0.9958677685950413,0.9984411898726215,0.0,2.7239848737374423e-05,947.443181823948,897.7721465110349,0.9948892504797593,0.9958904208567861
annual,2023.0,3,fixed_d48,fixed,48.0,base,0.4024303695650636,0.28833503120110404,0.7396694214876033,242,0.05814169211545619,-0.029111865181825625,48.07988980716254,48.01031878084783,0.9958677685950413,0.9984411898726215,0.0,3.0109453879706835e-05,946.3432378501062,896.8874869559286,0.9948892504797593,0.9958904208567861
annual,2023.0,3,fixed_d49,fixed,49.0,base,0.39394041077271247,0.28214666619352763,0.731404958677686,242,0.05858076351266758,-0.029468580978811377,49.07988980716254,49.01030053504546,0.9958677685950413,0.9984411898726215,0.0,3.2979059022039254e-05,945.9388572765677,896.0128418221833,0.9948892504797593,0.9958904208567861
annual,2023.0,3,fixed_d5,fixed,5.0,base,0.6728060604104508,0.43871052924406395,0.6239669421487604,242,0.011813321883245662,-0.002528569697182342,5.0041322314049586,5.004456041532959,0.9958677685950413,0.9984411898726215,0.0,0.0,948.7190317448475,940.5034206322659,0.9948892504797593,0.9958904208567861
annual,2023.0,3,fixed_d50,fixed,50.0,base,0.38291825152582226,0.2907676474410655,0.71900826446281,242,0.057675531847751225,-0.02982365589505302,50.08402203856749,50.01024188706143,0.9958677685950413,0.9984411898726215,0.0,3.584866416437167e-05,944.8182029374774,895.1400093521737,0.9948892504797593,0.9958904208567861
annual,2023.0,3,fixed_d51,fixed,51.0,base,0.37822797178068057,0.2791307581746405,0.7231404958677686,242,0.0579345572461044,-0.03021549690113928,51.06887052341598,51.0102101070118,0.9958677685950413,0.9984411898726215,0.0,3.871926604346766e-05,944.2247006102879,894.2350954135044,0.9948892504797593,0.9958904208567861
annual,2023.0,3,fixed_d52,fixed,52.0,base,0.37362026454236347,0.27798174706400813,0.7479338842975206,242,0.057931240480287645,-0.03061686851814318,52.05096418732783,52.01016995472202,0.9958677685950413,0.9984411898726215,0.0,4.1589867922563644e-05,943.5147282057151,893.3224550781265,0.9948892504797593,0.9958904208567861
annual,2023.0,3,fixed_d53,fixed,53.0,base,0.3669938503505513,0.2654266256841439,0.7603305785123967,242,0.05729505746777775,-0.031073726098938496,53.03443526170799,53.0101637424,0.9958677685950413,0.9984411898726215,0.0,4.446246535388703e-05,942.4105260838869,892.3798246492142,0.9948892504797593,0.9958904208567861
annual,2023.0,3,fixed_d54,fixed,54.0,base,0.3581703528185174,0.2573092727426526,0.731404958677686,242,0.05595246844235905,-0.031619975550615104,54.023415977961434,54.01013821971201,0.9958677685950413,0.9984411898726215,0.0,4.733606160211976e-05,940.9026694088293,891.38624385594,0.9948892504797593,0.9958904208567861
annual,2023.0,3,fixed_d55,fixed,55.0,base,0.34601764752622,0.24608544185039274,0.7024793388429752,242,0.05352324270974841,-0.03215603749604824,55.01652892561984,55.01010255750714,0.9958677685950413,0.9984411898726215,0.0,5.02096578503525e-05,938.7646491720019,890.3986599577539,0.9948892504797593,0.9958904208567861
annual,2023.0,3,fixed_d56,fixed,56.0,base,0.3369152337485448,0.25341806360504204,0.7107438016528925,242,0.05169726053352485,-0.032769425097302914,56.0137741046832,56.01010249606886,0.9958677685950413,0.9984411898726215,0.0,5.308225528167587e-05,936.8975780742817,889.3772634524734,0.9948892504797593,0.9958904208567861
annual,2023.0,3,fixed_d57,fixed,57.0,base,0.33133007522482455,0.27568051046178216,0.7148760330578512,242,0.05098348181986489,-0.033289421452863566,57.01239669421488,57.010066915705686,0.9958677685950413,0.9984411898726215,0.0,5.595585152990861e-05,935.5772617438761,888.4053360241232,0.9948892504797593,0.9958904208567861
annual,2023.0,3,fixed_d58,fixed,58.0,base,0.32684121573794056,0.2757446528003331,0.7396694214876033,242,0.0503976787732747,-0.033766600878693556,58.01101928374656,58.01002871193578,0.9958677685950413,0.9984411898726215,0.0,5.8831447497172835e-05,934.5576725848116,887.4674546981429,0.9948892504797593,0.9958904208567861
annual,2023.0,3,fixed_d59,fixed,59.0,base,0.3200617904610344,0.2539116459514805,0.7066115702479339,242,0.04956522135622518,-0.03420160093155661,59.00964187327824,59.00997489212816,0.9958677685950413,0.9984411898726215,0.0,6.170704346443704e-05,933.3327370035557,886.5424474947588,0.9948892504797593,0.9958904208567861
annual,2023.0,3,fixed_d6,fixed,6.0,base,0.6922294179831152,0.5857311695698666,0.6363636363636364,242,0.015143638110142958,-0.0025956543321575443,6.016528925619835,6.004884674314228,0.9958677685950413,0.9984411898726215,0.0,0.0,950.2681982642492,939.7854206583469,0.9948892504797593,0.9958904208567861
annual,2023.0,3,fixed_d60,fixed,60.0,base,0.31415532789515865,0.23672232766211815,0.71900826446281,242,0.04943418209265015,-0.03467841987515344,60.00964187327824,60.00992162047208,0.9958677685950413,0.9984411898726215,0.0,6.458464193585673e-05,932.5822408930729,885.5846232349846,0.9948892504797593,0.9958904208567861
annual,2023.0,3,fixed_d7,fixed,7.0,base,0.6941661950310938,0.5704126619046419,0.6363636363636364,242,0.01816369436655008,-0.0026532205398925794,7.02754820936639,7.005186434292215,0.9958677685950413,0.9984411898726215,0.0,0.0,951.6091975271165,939.0879184017299,0.9948892504797593,0.9958904208567861
annual,2023.0,3,fixed_d8,fixed,8.0,base,0.6579274652058309,0.4887849405272295,0.6487603305785123,242,0.019952318061306054,-0.0026684629805589135,8.02754820936639,8.005423042214812,0.9958677685950413,0.9984411898726215,0.0,0.0,952.2023147224444,938.4037840517698,0.9948892504797593,0.9958904208567861
annual,2023.0,3,fixed_d9,fixed,9.0,base,0.6749324801550505,0.5745211730001747,0.6611570247933884,242,0.023260745979424496,-0.0027237500433600487,9.024793388429751,9.005626330431019,0.9958677685950413,0.9984411898726215,0.0,0.0,953.6863725917265,937.699559479704,0.9948892504797593,0.9958904208567861
annual,2023.0,3,model_plan,model_plan,,base,0.6018073551262489,0.5841919611899238,0.6942148760330579,242,0.04565761574182428,-0.0013213107113620962,19.332644628099175,3.4741876430095378,0.9958677685950413,0.9984411898726215,0.0,0.0,962.6636562735047,942.6941983126848,0.9948892504797593,0.9958904208567861
annual,2023.0,3,rolling_path,rolling,,base,0.7874068871317701,0.7707538769497484,0.7066115702479339,242,0.04211949760832104,-0.0016523251689054559,14.892561983471074,2.9775910319315995,0.9958677685950413,0.9984411898726215,0.0,0.0,961.6072149249576,942.6626465286492,0.9948892504797593,0.9958904208567861
annual,2023.0,3,fixed_d10,fixed,10.0,double_slippage,0.7088430451155763,0.5886716265780724,0.6776859504132231,242,0.026007492103667745,-0.004210394179221616,10.019283746556473,10.005805423212646,0.9958677685950413,0.9984411898726215,0.0,0.0,1425.2899836861889,1400.0363309787617,0.9948547236502527,0.9958573554900787
annual,2023.0,3,fixed_d11,fixed,11.0,double_slippage,0.7294969057688063,0.5471289174095872,0.6818181818181818,242,0.029961414240146502,-0.004319506681489936,11.015151515151514,11.005931138748373,0.9958677685950413,0.9984411898726215,0.0,0.0,1428.0885529810248,1399.2729153906241,0.9948547236502527,0.9958573554900787
annual,2023.0,3,fixed_d12,fixed,12.0,double_slippage,0.7191393065908535,0.5563052330586752,0.6735537190082644,242,0.0325238931659262,-0.00454212562398203,12.016528925619834,12.006018205430149,0.9958677685950413,0.9984411898726215,0.0,0.0,1429.7302484371398,1398.438487177725,0.9948547236502527,0.9958573554900787
annual,2023.0,3,fixed_d13,fixed,13.0,double_slippage,0.7055284928580011,0.5875420021253335,0.7066115702479339,242,0.03468904444559559,-0.004805998637883971,13.013774104683195,13.00609215843766,0.9958677685950413,0.9984411898726215,0.0,0.0,1430.9884571536056,1397.5682104176992,0.9948547236502527,0.9958573554900787
annual,2023.0,3,fixed_d14,fixed,14.0,double_slippage,0.7101158678033587,0.5440023770054113,0.6900826446280992,242,0.037758680783323666,-0.00515122367385979,14.012396694214877,14.006185020258838,0.9958677685950413,0.9984411898726215,0.0,0.0,1432.920978450032,1396.6355585844033,0.9948547236502527,0.9958573554900787
annual,2023.0,3,fixed_d15,fixed,15.0,double_slippage,0.7037317482951441,0.5474175278691638,0.6983471074380165,242,0.03981432314120557,-0.005762150994329023,15.008264462809917,15.006336666540504,0.9958677685950413,0.9984411898726215,0.0,0.0,1433.924271172015,1395.4989394567722,0.9948547236502527,0.9958573554900787
annual,2023.0,3,fixed_d16,fixed,16.0,double_slippage,0.6955711345136971,0.5133588314896589,0.6900826446280992,242,0.0417088845165705,-0.006390254791732145,16.005509641873278,16.006419048417843,0.9958677685950413,0.9984411898726215,0.0,0.0,1434.7586707502937,1394.3495488845197,0.9948547236502527,0.9958573554900787
annual,2023.0,3,fixed_d17,fixed,17.0,double_slippage,0.697271915682443,0.4753277779318089,0.731404958677686,242,0.04420125622830811,-0.007013376238329699,17.020661157024794,17.00647013027781,0.9958677685950413,0.9984411898726215,0.0,0.0,1436.0849303887003,1393.1962899951768,0.9948547236502527,0.9958573554900787
annual,2023.0,3,fixed_d18,fixed,18.0,double_slippage,0.6741443014440797,0.4872474615664115,0.7355371900826446,242,0.04495528962319579,-0.007508127277398025,18.030303030303028,18.006521665077493,0.9958677685950413,0.9984411898726215,0.0,0.0,1435.9151160650254,1392.1339230928768,0.9948547236502527,0.9958573554900787
annual,2023.0,3,fixed_d19,fixed,19.0,double_slippage,0.6463883352766977,0.44899505233524917,0.7272727272727273,242,0.04522106332135991,-0.00797766418043151,19.030303030303028,19.00658281649261,0.9958677685950413,0.9984411898726215,0.0,0.0,1435.4360371502871,1391.0947601071787,0.9948547236502527,0.9958573554900787
annual,2023.0,3,fixed_d2,fixed,2.0,double_slippage,0.6119449401779817,0.5671998952739128,0.6033057851239669,242,0.0011427314513958496,-0.003915192336036233,2.005509641873278,2.002808467835037,0.9958677685950413,0.9984411898726215,0.0,0.0,1408.7366523825635,1405.7025245482523,0.9948547236502527,0.9958573554900787
annual,2023.0,3,fixed_d20,fixed,20.0,double_slippage,0.6316821359289218,0.45063015895931724,0.7231404958677686,242,0.046302513734257776,-0.008542066489495148,20.020661157024794,20.006717754905583,0.9958677685950413,0.9984411898726215,0.0,0.0,1435.5543940231912,1389.9885770620294,0.9948547236502527,0.9958573554900787
annual,2023.0,3,fixed_d21,fixed,21.0,double_slippage,0.6170454576355064,0.4486642348838242,0.731404958677686,242,0.04690901491857223,-0.009231734569121946,21.022038567493116,21.006876743438895,0.9958677685950413,0.9984411898726215,0.0,0.0,1435.3525818101673,1388.782484855924,0.9948547236502527,0.9958573554900787
annual,2023.0,3,fixed_d22,fixed,22.0,double_slippage,0.5917461264805993,0.4247519620595507,0.7272727272727273,242,0.04629792697645694,-0.010056239357183215,22.016528925619834,22.007089033913694,0.9958677685950413,0.9984411898726215,0.0,0.0,1434.0731324595072,1387.4701760737082,0.9948547236502527,0.9958573554900787
annual,2023.0,3,fixed_d23,fixed,23.0,double_slippage,0.5740590421174752,0.393452219217869,0.7024793388429752,242,0.0461225139294462,-0.010979999481639956,23.013774104683197,23.007225469970564,0.9958677685950413,0.9984411898726215,0.0,0.0,1433.202404024084,1386.082521148183,0.9948547236502527,0.9958573554900787
annual,2023.0,3,fixed_d24,fixed,24.0,double_slippage,0.5715790138311331,0.35252177255977424,0.7272727272727273,242,0.04723506748648329,-0.012030099085173544,24.00826446280992,24.007385630043757,0.9958677685950413,0.9984411898726215,0.0,0.0,1433.3058161295196,1384.6031658498352,0.9948547236502527,0.9958573554900787
annual,2023.0,3,fixed_d25,fixed,25.0,double_slippage,0.5637134246628087,0.35854934873160965,0.7066115702479339,242,0.047603036720019684,-0.013356064699436784,25.00964187327824,25.009198695998396,0.9958677685950413,0.9984411898726215,0.0,0.0,1432.7666177841731,1382.9071230706595,0.9948547236502527,0.9958573554900787
annual,2023.0,3,fixed_d26,fixed,26.0,double_slippage,0.5434337842015924,0.3541537263336987,0.7024793388429752,242,0.04654160273492095,-0.01460305055109979,26.006887052341597,26.00942615390841,0.9958677685950413,0.9984411898726215,0.0,0.0,1431.0494497516745,1381.262296263627,0.9948547236502527,0.9958573554900787
annual,2023.0,3,fixed_d27,fixed,27.0,double_slippage,0.5149919653752041,0.32866977851107637,0.7107438016528925,242,0.04448023540335656,-0.015835408437678323,27.00413223140496,27.009746034151405,0.9958677685950413,0.9984411898726215,0.0,0.0,1428.5920747961552,1379.6274300485868,0.9948547236502527,0.9958573554900787
annual,2023.0,3,fixed_d28,fixed,28.0,double_slippage,0.4975037651004241,0.36786076753412456,0.6900826446280992,242,0.04386848631358372,-0.016842116668589677,28.016528925619834,28.00977534009005,0.9958677685950413,0.9984411898726215,0.0,0.0,1427.2874728542092,1378.1809958353974,0.9948547236502527,0.9958573554900787
annual,2023.0,3,fixed_d29,fixed,29.0,double_slippage,0.4803737167493709,0.336452413379457,0.6818181818181818,242,0.043232949974077076,-0.01774684621672209,29.016528925619834,29.009815605066553,0.9958677685950413,0.9984411898726215,0.0,0.0,1426.129029193437,1376.8104346856103,0.9948547236502527,0.9958573554900787
annual,2023.0,3,fixed_d3,fixed,3.0,double_slippage,0.7230787134436999,0.5726990928863893,0.6157024793388429,242,0.0052061172296306996,-0.0038519869164533576,3.0068870523415976,3.0034360234169055,0.9958677685950413,0.9984411898726215,0.0,0.0,1411.4784414408384,1405.053379812231,0.9948547236502527,0.9958573554900787
annual,2023.0,3,fixed_d30,fixed,30.0,double_slippage,0.47615033396161477,0.32235616347338664,0.6694214876033058,242,0.0440472102837023,-0.018669611914208167,30.013774104683197,30.00983238616321,0.9958677685950413,0.9984411898726215,0.0,0.0,1426.18249446589,1375.4164593467328,0.9948547236502527,0.9958573554900787
annual,2023.0,3,fixed_d31,fixed,31.0,double_slippage,0.47827575693188706,0.359555431022036,0.6611570247933884,242,0.04564604844842215,-0.01956468047889315,31.024793388429753,31.009843586597636,0.9958677685950413,0.9984411898726215,0.0,0.0,1426.7928656725787,1374.0378525296221,0.9948547236502527,0.9958573554900787
annual,2023.0,3,fixed_d32,fixed,32.0,double_slippage,0.46638735727683134,0.2984465653600782,0.6900826446280992,242,0.04533951550587908,-0.02039804932722266,32.02203856749311,32.00987782834707,0.9958677685950413,0.9984411898726215,0.0,0.0,1425.633577624726,1372.7067786884597,0.9948547236502527,0.9958573554900787
annual,2023.0,3,fixed_d33,fixed,33.0,double_slippage,0.4451168500606985,0.26422335802146524,0.6776859504132231,242,0.04377749594429721,-0.02114924046497377,33.02066115702479,33.00989875787801,0.9958677685950413,0.9984411898726215,0.0,0.0,1423.652426337997,1371.43465405482,0.9948547236502527,0.9958573554900787
annual,2023.0,3,fixed_d34,fixed,34.0,double_slippage,0.4253773341970872,0.26510159232683095,0.628099173553719,242,0.04209333556281518,-0.021871475227833767,34.01652892561984,34.00993601833842,0.9958677685950413,0.9984411898726215,0.0,0.0,1421.6012111154032,1370.1899633746775,0.9948547236502527,0.9958573554900787
annual,2023.0,3,fixed_d35,fixed,35.0,double_slippage,0.41822187670438704,0.27955680071440314,0.6528925619834711,242,0.042119255588252094,-0.022464014968423592,35.0137741046832,35.00995704394809,0.9958677685950413,0.9984411898726215,0.0,0.0,1420.9787127628763,1369.0430561334153,0.9948547236502527,0.9958573554900787
annual,2023.0,3,fixed_d36,fixed,36.0,double_slippage,0.41084231706475227,0.26531090561222026,0.6735537190082644,242,0.041771776838107816,-0.02327210784595545,36.00826446280992,36.010346128202755,0.9958677685950413,0.9984411898726215,0.0,0.0,1419.9940274200846,1367.7302013797535,0.9948547236502527,0.9958573554900787
annual,2023.0,3,fixed_d37,fixed,37.0,double_slippage,0.4060813885254007,0.2694002156888632,0.6735537190082644,242,0.04210601229664236,-0.024017147552086997,37.02341597796143,37.010380509373576,0.9958677685950413,0.9984411898726215,0.0,1.432315911597462e-06,1419.42134525322,1366.4566931619675,0.9948547236502527,0.9958573554900787
annual,2023.0,3,fixed_d38,fixed,38.0,double_slippage,0.40320484202466544,0.2622781481299882,0.6859504132231405,242,0.042685225514127206,-0.02472374943522531,38.02892561983471,38.01040679883345,0.9958677685950413,0.9984411898726215,0.0,2.8641355252352573e-06,1419.1188060110921,1365.2151018194909,0.9948547236502527,0.9958573554900787
annual,2023.0,3,fixed_d39,fixed,39.0,double_slippage,0.3926827605709731,0.29915189973653067,0.6776859504132231,242,0.04252719192378312,-0.025441324356042884,39.04545454545455,39.01042636637603,0.9958677685950413,0.9984411898726215,0.0,4.296948078965728e-06,1418.2899831525945,1363.9683992851405,0.9948547236502527,0.9958573554900787
annual,2023.0,3,fixed_d4,fixed,4.0,double_slippage,0.6722100641121259,0.5394886285877651,0.6033057851239669,242,0.007520852968724574,-0.0038325831514413166,4.004820936639119,4.003989011773348,0.9958677685950413,0.9984411898726215,0.0,0.0,1412.8096593272649,1404.384233291357,0.9948547236502527,0.9958573554900787
annual,2023.0,3,fixed_d40,fixed,40.0,double_slippage,0.38721120819699867,0.2688561666531974,0.6900826446280992,242,0.04273292379254768,-0.0261956866452428,40.03856749311294,40.01043586870335,0.9958677685950413,0.9984411898726215,0.0,7.1645618228648805e-06,1417.7514274139191,1362.6950957767613,0.9948547236502527,0.9958573554900787
annual,2023.0,3,fixed_d41,fixed,41.0,double_slippage,0.39378573319041726,0.3017274738487658,0.6900826446280992,242,0.04511485826273631,-0.02682503563022375,41.03856749311295,41.010434903936456,0.9958677685950413,0.9984411898726215,0.0,1.0032175566764033e-05,1419.046790002012,1361.523517258532,0.9948547236502527,0.9958573554900787
annual,2023.0,3,fixed_d42,fixed,42.0,double_slippage,0.40285079510894195,0.3288302910672589,0.6859504132231405,242,0.047873164061180015,-0.027505842019716474,42.04132231404959,42.01043827219308,0.9958677685950413,0.9984411898726215,0.0,1.2899789310663184e-05,1420.5178310062588,1360.301153927118,0.9948547236502527,0.9958573554900787
annual,2023.0,3,fixed_d43,fixed,43.0,double_slippage,0.4085325429934413,0.30434542653285857,0.6859504132231405,242,0.05034827393435503,-0.028140578896880226,43.049586776859506,43.01041829124965,0.9958677685950413,0.9984411898726215,0.0,1.5768398408170074e-05,1421.9095829128964,1359.110132735734,0.9948547236502527,0.9958573554900787
annual,2023.0,3,fixed_d44,fixed,44.0,double_slippage,0.4109234761923217,0.3334510664542417,0.6983471074380165,242,0.052324651267536486,-0.02864903865763096,44.0564738292011,44.0104044615548,0.9958677685950413,0.9984411898726215,0.0,1.863700750567697e-05,1422.653662558074,1358.0236898194428,0.9948547236502527,0.9958573554900787
annual,2023.0,3,fixed_d45,fixed,45.0,double_slippage,0.4091867746725228,0.3164116490266052,0.6983471074380165,242,0.05357252975548121,-0.029150973861411817,45.06198347107438,45.01040465148838,0.9958677685950413,0.9984411898726215,0.0,2.1504621249576118e-05,1422.9068817070356,1356.9276653431386,0.9948547236502527,0.9958573554900787
annual,2023.0,3,fixed_d46,fixed,46.0,double_slippage,0.414007092959319,0.28264013817759026,0.7148760330578512,242,0.056072587634019025,-0.029589101326269435,46.06473829201102,46.01037528376642,0.9958677685950413,0.9984411898726215,0.0,2.437223499347527e-05,1424.1408756122744,1355.8928892465321,0.9948547236502527,0.9958573554900787
annual,2023.0,3,fixed_d47,fixed,47.0,double_slippage,0.41342876139363544,0.3006482919803876,0.731404958677686,242,0.05735874063925644,-0.030084563990187888,47.070247933884296,47.010360287758,0.9958677685950413,0.9984411898726215,0.0,2.7239848737374423e-05,1424.4178848445895,1354.8189725062539,0.9948547236502527,0.9958573554900787
annual,2023.0,3,fixed_d48,fixed,48.0,double_slippage,0.4024549288467669,0.2883021721834914,0.7396694214876033,242,0.056671431642306196,-0.030464453747137812,48.07988980716254,48.01031878084783,0.9958677685950413,0.9984411898726215,0.0,3.0109453879706835e-05,1423.1587120066522,1353.8462225784624,0.9948547236502527,0.9958573554900787
annual,2023.0,3,fixed_d49,fixed,49.0,double_slippage,0.39397308703819917,0.28241525870700157,0.731404958677686,242,0.057111209293585305,-0.030820610672646943,49.07988980716254,49.01030053504546,0.9958677685950413,0.9984411898726215,0.0,3.2979059022039254e-05,1422.8577577702831,1352.8889916181006,0.9948547236502527,0.9958573554900787
annual,2023.0,3,fixed_d5,fixed,5.0,double_slippage,0.672844681478866,0.4409832195193819,0.6239669421487604,242,0.010404762537804431,-0.003918335903920994,5.0041322314049586,5.004456041532959,0.9958677685950413,0.9984411898726215,0.0,0.0,1414.7222859833457,1403.6335949652394,0.9948547236502527,0.9958573554900787
annual,2023.0,3,fixed_d50,fixed,50.0,double_slippage,0.38295798801440495,0.2908151335678193,0.71900826446281,242,0.05620917452613447,-0.03117521211343614,50.08402203856749,50.01024188706143,0.9958677685950413,0.9984411898726215,0.0,3.584866416437167e-05,1421.5282193383948,1351.933919388569,0.9948547236502527,0.9958573554900787
annual,2023.0,3,fixed_d51,fixed,51.0,double_slippage,0.37827440824195024,0.27913614609601833,0.7231404958677686,242,0.05646960297684656,-0.03156650263932598,51.06887052341598,51.0102101070118,0.9958677685950413,0.9984411898726215,0.0,3.871926604346766e-05,1420.9973355639167,1350.9382397944366,0.9948547236502527,0.9958573554900787
annual,2023.0,3,fixed_d52,fixed,52.0,double_slippage,0.37366804026819095,0.2782768628438874,0.7479338842975206,242,0.056466744370468495,-0.031967328663758635,52.05096418732783,52.01016995472202,0.9958677685950413,0.9984411898726215,0.0,4.1589867922563644e-05,1420.2875357626217,1349.9325910056682,0.9948547236502527,0.9958573554900787
annual,2023.0,3,fixed_d53,fixed,53.0,double_slippage,0.3670325094460231,0.2656795880842271,0.7603305785123967,242,0.05583005897442401,-0.0324235049304538,53.03443526170799,53.0101637424,0.9958677685950413,0.9984411898726215,0.0,4.446246535388703e-05,1419.03399089403,1348.8840445975152,0.9948547236502527,0.9958573554900787
annual,2023.0,3,fixed_d54,fixed,54.0,double_slippage,0.3582158222715493,0.25718110404932165,0.731404958677686,242,0.05449137328711,-0.032968918130493595,54.023415977961434,54.01013821971201,0.9958677685950413,0.9984411898726215,0.0,4.733606160211976e-05,1417.2153797012706,1347.7637903250427,0.9948547236502527,0.9958573554900787
annual,2023.0,3,fixed_d55,fixed,55.0,double_slippage,0.3460552821157736,0.24594954064169083,0.7024793388429752,242,0.05206401755427863,-0.03350429941336702,55.01652892561984,55.01010255750714,0.9958677685950413,0.9984411898726215,0.0,5.02096578503525e-05,1414.5105002755895,1346.6518317618356,0.9948547236502527,0.9958573554900787
annual,2023.0,3,fixed_d56,fixed,56.0,double_slippage,0.3369594100590435,0.25343554793546746,0.7107438016528925,242,0.05024224741228847,-0.034116756961584664,56.0137741046832,56.01010249606886,0.9958677685950413,0.9984411898726215,0.0,5.308225528167587e-05,1412.2201340536799,1345.4880899346863,0.9948547236502527,0.9958573554900787
annual,2023.0,3,fixed_d57,fixed,57.0,double_slippage,0.33138071182065226,0.27571137328251566,0.7148760330578512,242,0.04953170508336829,-0.034636018590786605,57.01239669421488,57.010066915705686,0.9958677685950413,0.9984411898726215,0.0,5.595585152990861e-05,1410.7356233918492,1344.3955281245126,0.9948547236502527,0.9958573554900787
annual,2023.0,3,fixed_d58,fixed,58.0,double_slippage,0.32689655416645835,0.2755859298394482,0.7396694214876033,242,0.04894755275812418,-0.035112599085659016,58.01101928374656,58.01002871193578,0.9958677685950413,0.9984411898726215,0.0,5.8831447497172835e-05,1409.5803938575568,1343.346925501992,0.9948547236502527,0.9958573554900787
annual,2023.0,3,fixed_d59,fixed,59.0,double_slippage,0.32011963731448256,0.253904886160379,0.7066115702479339,242,0.04811653024338285,-0.035547004232557286,59.00964187327824,59.00997489212816,0.9958677685950413,0.9984411898726215,0.0,6.170704346443704e-05,1408.1622813989666,1342.3210657034078,0.9948547236502527,0.9958573554900787
annual,2023.0,3,fixed_d6,fixed,6.0,double_slippage,0.6923735560179102,0.5856808267667236,0.6363636363636364,242,0.013731146079337456,-0.003985432524013635,6.016528925619835,6.004884674314228,0.9958677685950413,0.9984411898726215,0.0,0.0,1417.047911443603,1402.9003693527286,0.9948547236502527,0.9958573554900787
annual,2023.0,3,fixed_d60,fixed,60.0,double_slippage,0.3142092741427348,0.23661413304600243,0.71900826446281,242,0.04798450566228635,-0.03602319239778191,60.00964187327824,60.00992162047208,0.9958677685950413,0.9984411898726215,0.0,6.458464193585673e-05,1407.380720623674,1341.2526473407388,0.9948547236502527,0.9958573554900787
annual,2023.0,3,fixed_d7,fixed,7.0,double_slippage,0.6943520994190349,0.5701684796770672,0.6363636363636364,242,0.016747297285251317,-0.004042987673281091,7.02754820936639,7.005186434292215,0.9958677685950413,0.9984411898726215,0.0,0.0,1419.0927980563729,1402.1898876180019,0.9948547236502527,0.9958573554900787
annual,2023.0,3,fixed_d8,fixed,8.0,double_slippage,0.658088914049963,0.4885477951375683,0.6487603305785123,242,0.018533619709912373,-0.004058254855128114,8.02754820936639,8.005423042214812,0.9958677685950413,0.9984411898726215,0.0,0.0,1420.1031427669232,1401.5026442339945,0.9948547236502527,0.9958573554900787
annual,2023.0,3,fixed_d9,fixed,9.0,double_slippage,0.6750785219085085,0.5740281968855787,0.6611570247933884,242,0.02183802656406298,-0.004113527499464335,9.024793388429751,9.005626330431019,0.9958677685950413,0.9984411898726215,0.0,0.0,1422.358685179889,1400.7859851406909,0.9948547236502527,0.9958573554900787
annual,2023.0,3,model_plan,model_plan,,double_slippage,0.6867304135695549,0.667499591188434,0.71900826446281,242,0.04420590106236414,-0.002712779815276439,19.332644628099175,3.4741876430095378,0.9958677685950413,0.9984411898726215,0.0,0.0,1436.5575298876402,1406.10444659363,0.9948547236502527,0.9958573554900787
annual,2023.0,3,rolling_path,rolling,,double_slippage,0.8828653214414957,0.8551698547140405,0.7231404958677686,242,0.04067265778613168,-0.003043291736111919,14.892561983471074,2.9775910319315995,0.9958677685950413,0.9984411898726215,0.0,0.0,1434.6764123778719,1405.9957002369968,0.9948547236502527,0.9958573554900787
annual,2024.0,1,fixed_d10,fixed,10.0,base,0.7742781979527114,0.5938117120192103,0.5477178423236515,241,0.046066805709315116,0.0007191561929976233,10.095435684647303,10.013756653495184,0.9958677685950413,0.9947915408921054,0.0,0.0,2579.4315133751033,2507.124201924533,0.9955886272690502,0.9940992470024527
annual,2024.0,1,fixed_d11,fixed,11.0,base,0.7846393105004457,0.6670504936612128,0.5892116182572614,241,0.05118716975976298,0.0010078583597155069,11.074688796680498,11.013968815793056,0.9958677685950413,0.9947915408921054,0.0,0.0,2587.172043656706,2507.560637272065,0.9955886272690502,0.9940992470024527
annual,2024.0,1,fixed_d12,fixed,12.0,base,0.7728088232529982,0.5900358838467574,0.6058091286307054,241,0.054899351057564445,0.0014665850215517572,12.103734439834025,12.014070955161198,0.9958677685950413,0.9947915408921054,0.0,0.0,2592.783803184616,2508.254101170713,0.9955886272690502,0.9940992470024527
annual,2024.0,1,fixed_d13,fixed,13.0,base,0.741652765685858,0.5484540251906439,0.5809128630705395,241,0.05708624654840162,0.002030006072377319,13.132780082987551,13.014170515829903,0.9958677685950413,0.9947915408921054,0.0,0.0,2596.0897655347,2509.1058331300505,0.9955886272690502,0.9940992470024527
annual,2024.0,1,fixed_d14,fixed,14.0,base,0.6675204201724703,0.5034104303889672,0.5850622406639004,241,0.055810369046788814,0.0025499729672362617,14.12863070539419,14.014225221542562,0.9958677685950413,0.9947915408921054,0.0,0.0,2594.1610025913733,2509.8918747972903,0.9955886272690502,0.9940992470024527
annual,2024.0,1,fixed_d15,fixed,15.0,base,0.588161852563553,0.5677147331234402,0.5809128630705395,241,0.054135799816560276,0.0032245262909915457,15.107883817427386,15.014249852399624,0.9958677685950413,0.9947915408921054,0.0,0.0,2591.629531448404,2510.911607061957,0.9955886272690502,0.9940992470024527
annual,2024.0,1,fixed_d16,fixed,16.0,base,0.5365183334321809,0.5207907814643696,0.5850622406639004,241,0.05383488451217935,0.003969379341701584,16.107883817427386,16.014335195065865,0.9958677685950413,0.9947915408921054,0.0,0.0,2591.174633319513,2512.0376124665654,0.9955886272690502,0.9940992470024527
annual,2024.0,1,fixed_d17,fixed,17.0,base,0.5352005321262592,0.5415587490805839,0.5933609958506224,241,0.056423861705406385,0.004655549808153742,17.08298755186722,17.014441153983412,0.9958677685950413,0.9947915408921054,0.0,0.0,2595.088428542889,2513.074906538157,0.9955886272690502,0.9940992470024527
annual,2024.0,1,fixed_d18,fixed,18.0,base,0.55107520235406,0.5371488688425106,0.6099585062240664,241,0.06021646168116162,0.00516765157355832,18.070539419087137,18.01452527177187,0.9958677685950413,0.9947915408921054,0.0,0.0,2600.821758179043,2513.8490583725425,0.9955886272690502,0.9940992470024527
annual,2024.0,1,fixed_d19,fixed,19.0,base,0.5551285012451391,0.5328328727586992,0.6182572614107884,241,0.0637833556539073,0.0057989848748941815,19.066390041493776,19.014531550733967,0.9958677685950413,0.9947915408921054,0.0,0.0,2606.213884702722,2514.803454288268,0.9955886272690502,0.9940992470024527
annual,2024.0,1,fixed_d2,fixed,2.0,base,1.0179846250757227,0.3154450823705082,0.5311203319502075,241,0.007265130368994521,-0.0016240514320619212,2.016597510373444,2.0094148113498185,0.9958677685950413,0.9947915408921054,0.0,0.0,2520.7744452468223,2503.581940202679,0.9955886272690502,0.9940992470024527
annual,2024.0,1,fixed_d20,fixed,20.0,base,0.5858191431633148,0.5974669438363144,0.6431535269709544,241,0.07042573329143793,0.006460891747086781,20.21161825726141,20.014527992119003,0.9958677685950413,0.9947915408921054,0.0,0.0,2616.2552654988094,2515.804068724533,0.9955886272690502,0.9940992470024527
annual,2024.0,1,fixed_d21,fixed,21.0,base,0.5643202619231007,0.603719283457245,0.6431535269709544,241,0.07297653778779686,0.007271012458587014,21.38589211618257,21.014475562895072,0.9958677685950413,0.9947915408921054,0.0,0.0,2620.11135449014,2517.028740220024,0.9955886272690502,0.9940992470024527
annual,2024.0,1,fixed_d22,fixed,22.0,base,0.5392022933766293,0.5700735543293497,0.6390041493775933,241,0.07506674995240335,0.00831012195433251,22.53941908713693,22.0143420069949,0.9958677685950413,0.9947915408921054,0.0,0.0,2623.271159221927,2518.599577457079,0.9955886272690502,0.9940992470024527
annual,2024.0,1,fixed_d23,fixed,23.0,base,0.5242290792455865,0.4705892963246965,0.6348547717842323,241,0.07750064086745577,0.009392951257712638,23.510373443983404,23.014259494747503,0.9958677685950413,0.9947915408921054,0.0,0.0,2626.9505082183073,2520.2365065757986,0.9955886272690502,0.9940992470024527
annual,2024.0,1,fixed_d24,fixed,24.0,base,0.48437579516274676,0.4863113175609778,0.6182572614107884,241,0.07725946482517958,0.0106299822350219,24.53941908713693,24.01420768682968,0.9958677685950413,0.9947915408921054,0.0,0.0,2626.5859188180157,2522.1065446521548,0.9955886272690502,0.9940992470024527
annual,2024.0,1,fixed_d25,fixed,25.0,base,0.4577834085377117,0.4152511615569958,0.6265560165975104,241,0.0789044072202294,0.012023377107028927,25.514522821576765,25.01255318344055,0.9958677685950413,0.9947915408921054,0.0,0.0,2629.0726026348148,2524.2129603473554,0.9955886272690502,0.9940992470024527
annual,2024.0,1,fixed_d26,fixed,26.0,base,0.48927197118132754,0.34643678275587514,0.6182572614107884,241,0.08787920117975305,0.01338621196114716,26.514522821576765,26.012419045927324,0.9958677685950413,0.9947915408921054,0.0,0.0,2642.63993177986,2526.273178010239,0.9955886272690502,0.9940992470024527
annual,2024.0,1,fixed_d27,fixed,27.0,base,0.4958687635867658,0.4444474292047705,0.6099585062240664,241,0.09370824261183568,0.014752878278451825,27.506224066390043,27.012221912224156,0.9958677685950413,0.9947915408921054,0.0,0.0,2651.4517801705697,2528.339187752851,0.9955886272690502,0.9940992470024527
annual,2024.0,1,fixed_d28,fixed,28.0,base,0.5029933928103697,0.38202883902928764,0.6224066390041494,241,0.09864077410661462,0.015954189759404207,28.506224066390043,28.012283756888543,0.9958677685950413,0.9947915408921054,0.0,0.0,2658.9083611917836,2530.1552281367644,0.9955886272690502,0.9940992470024527
annual,2024.0,1,fixed_d29,fixed,29.0,base,0.5069108747401178,0.25989310470341664,0.5975103734439834,241,0.10260473804664234,0.017109358204279064,29.493775933609957,29.01232671308002,0.9958677685950413,0.9947915408921054,0.0,0.0,2664.900744274445,2531.901513408634,0.9955886272690502,0.9940992470024527
annual,2024.0,1,fixed_d3,fixed,3.0,base,1.0790606972055947,0.2052409999891688,0.5311203319502075,241,0.013392655880103563,-0.0014221518644007669,3.020746887966805,3.0100726551306756,0.9958677685950413,0.9947915408921054,0.0,0.0,2530.037516446995,2503.8871547737376,0.9955886272690502,0.9940992470024527
annual,2024.0,1,fixed_d30,fixed,30.0,base,0.5329806370910302,0.3118435802731964,0.5850622406639004,241,0.11054710301956587,0.0182561126520657,30.502074688796682,30.01239087311001,0.9958677685950413,0.9947915408921054,0.0,0.0,2676.907335207185,2533.6350791163063,0.9955886272690502,0.9940992470024527
annual,2024.0,1,fixed_d31,fixed,31.0,base,0.5299625565631109,0.37078601664285915,0.6058091286307054,241,0.11409493138051195,0.01925817751497188,31.502074688796682,31.012417372930248,0.9958677685950413,0.9947915408921054,0.0,0.0,2682.2706399627245,2535.149915432443,0.9955886272690502,0.9940992470024527
annual,2024.0,1,fixed_d32,fixed,32.0,base,0.5275663930004962,0.3307521683856272,0.5850622406639004,241,0.11755641868527099,0.020257117240128606,32.468879668049794,32.01246364006618,0.9958677685950413,0.9947915408921054,0.0,0.0,2687.5034216629915,2536.6600274314906,0.9955886272690502,0.9940992470024527
annual,2024.0,1,fixed_d33,fixed,33.0,base,0.5303867616950199,0.4615715410354291,0.5892116182572614,241,0.1211071497371418,0.021215433872359787,33.448132780082986,33.01247332861538,0.9958677685950413,0.9947915408921054,0.0,0.0,2692.8711144594467,2538.1087288984304,0.9955886272690502,0.9940992470024527
annual,2024.0,1,fixed_d34,fixed,34.0,base,0.5376176714100823,0.3354408256428553,0.5975103734439834,241,0.12586469955371324,0.022291154506327984,34.41078838174274,34.0124592557367,0.9958677685950413,0.9947915408921054,0.0,0.0,2700.0631730823534,2539.7349117361623,0.9955886272690502,0.9940992470024527
annual,2024.0,1,fixed_d35,fixed,35.0,base,0.5669599907753519,0.5155482981376376,0.6265560165975104,241,0.13450459227497683,0.02315789399523281,35.40248962655602,35.012484231404905,0.9958677685950413,0.9947915408921054,0.0,0.0,2713.124227058162,2541.04517467724,0.9955886272690502,0.9940992470024527
annual,2024.0,1,fixed_d36,fixed,36.0,base,0.5509620001286148,0.5210084610807595,0.5933609958506224,241,0.13618180356188822,0.02410186715823516,36.406639004149376,36.01220227555317,0.9958677685950413,0.9947915408921054,0.0,0.0,2715.6596922374115,2542.472192909001,0.9955886272690502,0.9940992470024527
annual,2024.0,1,fixed_d37,fixed,37.0,base,0.5414436519670195,0.48151352539856984,0.5892116182572614,241,0.1388447951528753,0.024870219153357152,37.39004149377593,37.01227891308783,0.9958677685950413,0.9947915408921054,0.0,0.0,2719.6853761236835,2543.6337220164196,0.9955886272690502,0.9940992470024527
annual,2024.0,1,fixed_d38,fixed,38.0,base,0.5440887249996325,0.4748689715203016,0.6182572614107884,241,0.14217121163943136,0.025684688610238968,38.37759336099585,38.012316551483124,0.9958677685950413,0.9947915408921054,0.0,0.0,2724.7139692646642,2544.8649675748056,0.9955886272690502,0.9940992470024527
annual,2024.0,1,fixed_d39,fixed,39.0,base,0.5285479147801899,0.4555041024440666,0.6182572614107884,241,0.14225046053363946,0.026451753354319592,39.37344398340249,39.012338688910035,0.9958677685950413,0.9947915408921054,0.0,1.3927305038620418e-06,2724.833770993475,2546.024557699912,0.9955886272690502,0.9940992470024527
annual,2024.0,1,fixed_d4,fixed,4.0,base,1.0983928709835478,0.1940617718765199,0.5186721991701245,241,0.019627614331183235,-0.0010105132478804583,4.016597510373444,4.010716375740058,0.9958677685950413,0.9947915408921054,0.0,0.0,2539.4629956159733,2504.5094349758606,0.9955886272690502,0.9940992470024527
annual,2024.0,1,fixed_d40,fixed,40.0,base,0.5195968651705228,0.4262841547741664,0.6224066390041494,241,0.1415557208876761,0.027289057810939852,40.3402489626556,40.012352468555726,0.9958677685950413,0.9947915408921054,0.0,2.785930572964765e-06,2723.7835227661203,2547.290330242628,0.9955886272690502,0.9940992470024527
annual,2024.0,1,fixed_d41,fixed,41.0,base,0.5079549960975039,0.5138858189986336,0.6224066390041494,241,0.14296860738656628,0.028137069416752262,41.315352697095435,41.01237941477445,0.9958677685950413,0.9947915408921054,0.0,4.1791306420674885e-06,2725.9194042427825,2548.5722889415897,0.9955886272690502,0.9940992470024527
annual,2024.0,1,fixed_d42,fixed,42.0,base,0.498969758061731,0.4366534510893631,0.6265560165975104,241,0.14509542626275443,0.029093893073540333,42.29045643153527,42.01240036029301,0.9958677685950413,0.9947915408921054,0.0,5.572330711170211e-06,2729.134547883435,2550.0187404319386,0.9955886272690502,0.9940992470024527
annual,2024.0,1,fixed_d43,fixed,43.0,base,0.4856228080927078,0.483751769425702,0.6265560165975104,241,0.1469804334061775,0.030020302651270286,43.273858921161825,43.012402270952386,0.9958677685950413,0.9947915408921054,0.0,6.965530780272934e-06,2731.9841411410493,2551.419214507867,0.9955886272690502,0.9940992470024527
annual,2024.0,1,fixed_d44,fixed,44.0,base,0.47515172009281814,0.5080727042255062,0.6307053941908713,241,0.14835168123706202,0.030940117639238866,44.25311203319502,44.01241008335817,0.9958677685950413,0.9947915408921054,0.0,8.358261284134977e-06,2734.0570768256966,2552.8097194422885,0.9955886272690502,0.9940992470024527
annual,2024.0,1,fixed_d45,fixed,45.0,base,0.48388587969185426,0.5322944023391228,0.6390041493775933,241,0.15484960062976688,0.03181763241788612,45.24896265560166,45.01239806091753,0.9958677685950413,0.9947915408921054,0.0,9.750991787997018e-06,2743.8800779504477,2554.1362785228716,0.9955886272690502,0.9940992470024527
annual,2024.0,1,fixed_d46,fixed,46.0,base,0.47266281163202606,0.5195812029509385,0.6431535269709544,241,0.15886843162014405,0.03275624082884636,46.23651452282158,46.01240755769927,0.9958677685950413,0.9947915408921054,0.0,1.1143253043037004e-05,2749.9554043669264,2555.5551937512287,0.9955886272690502,0.9940992470024527
annual,2024.0,1,fixed_d47,fixed,47.0,base,0.4669101699918724,0.3889600523180552,0.6348547717842323,241,0.16324056978164456,0.03370830984350309,47.232365145228215,47.012424767236034,0.9958677685950413,0.9947915408921054,0.0,1.2535045365353837e-05,2756.564830474326,2556.9944575714962,0.9955886272690502,0.9940992470024527
annual,2024.0,1,fixed_d48,fixed,48.0,base,0.46646687481923066,0.4203553780475004,0.6514522821576764,241,0.16835724241537986,0.03465713462685479,48.21576763485477,48.01242169145106,0.9958677685950413,0.9947915408921054,0.0,1.392683768767067e-05,2764.2997803865323,2558.4288170391815,0.9955886272690502,0.9940992470024527
annual,2024.0,1,fixed_d49,fixed,49.0,base,0.4566006948189645,0.43357019861371965,0.6431535269709544,241,0.17192814894418296,0.03559582949142077,49.19502074688797,49.012465391961705,0.9958677685950413,0.9947915408921054,0.0,1.5319098942710657e-05,2769.6979727507096,2559.847862960737,0.9955886272690502,0.9940992470024527
annual,2024.0,1,fixed_d5,fixed,5.0,base,1.0608780288089812,0.34009869418506194,0.5435684647302904,241,0.025166525328331715,-0.0006593222778857087,5.033195020746888,5.011439587292307,0.9958677685950413,0.9947915408921054,0.0,0.0,2547.8362495249053,2505.0403355741555,0.9955886272690502,0.9940992470024527
annual,2024.0,1,fixed_d50,fixed,50.0,base,0.43142442050643276,0.45712659410016593,0.6390041493775933,241,0.17103859301874533,0.03654456819473813,50.190871369294605,50.012483037905206,0.9958677685950413,0.9947915408921054,0.0,1.671089126502749e-05,2768.3532178641185,2561.282092299957,0.9955886272690502,0.9940992470024527
annual,2024.0,1,fixed_d51,fixed,51.0,base,0.4223154155027799,0.42727973865275404,0.6390041493775933,241,0.17455486929778055,0.037433501089452544,51.170124481327804,51.012588220344995,0.9958677685950413,0.9947915408921054,0.0,1.8102683587344323e-05,2773.668824869441,2562.625912311257,0.9955886272690502,0.9940992470024527
annual,2024.0,1,fixed_d52,fixed,52.0,base,0.4096301799812144,0.4549488399505668,0.6265560165975104,241,0.17535795941942636,0.03816038850411505,52.15352697095436,52.01261967189195,0.9958677685950413,0.9947915408921054,0.0,1.9494475909661157e-05,2774.8828681179643,2563.724765766863,0.9955886272690502,0.9940992470024527
annual,2024.0,1,fixed_d53,fixed,53.0,base,0.39081529257591113,0.3899535495707786,0.6265560165975104,241,0.17393061756502431,0.0389270419366212,53.136929460580916,53.012645194569764,0.9958677685950413,0.9947915408921054,0.0,2.088673716470114e-05,2772.7251342659665,2564.883734103811,0.9955886272690502,0.9940992470024527
annual,2024.0,1,fixed_d54,fixed,54.0,base,0.3824150649546896,0.3826536701357512,0.6307053941908713,241,0.17585320832588436,0.039790504901807605,54.11618257261411,54.01263145772524,0.9958677685950413,0.9947915408921054,0.0,2.2278529487017974e-05,2775.631543235512,2566.189050844868,0.9955886272690502,0.9940992470024527
annual,2024.0,1,fixed_d55,fixed,55.0,base,0.37640773081299056,0.3789794933367957,0.6265560165975104,241,0.17817395792629184,0.040659690753658,55.12448132780083,55.012692053140874,0.9958677685950413,0.9947915408921054,0.0,2.3670321809334808e-05,2779.139854828399,2567.5030189585773,0.9955886272690502,0.9940992470024527
annual,2024.0,1,fixed_d56,fixed,56.0,base,0.3725324542822782,0.34807512822001385,0.6058091286307054,241,0.18106508469447713,0.041467532307432914,56.13278008298755,56.01262513974375,0.9958677685950413,0.9947915408921054,0.0,2.5062583064374792e-05,2783.510414045789,2568.72425198936,0.9955886272690502,0.9940992470024527
annual,2024.0,1,fixed_d57,fixed,57.0,base,0.3699902418176294,0.4054941704621892,0.6058091286307054,241,0.18474931643773154,0.04222148865477785,57.11203319502075,57.01262956473192,0.9958677685950413,0.9947915408921054,0.0,2.7848044072098874e-05,2789.079921817532,2569.8640329308723,0.9955886272690502,0.9940992470024527
annual,2024.0,1,fixed_d58,fixed,58.0,base,0.3638941105665785,0.3693991289073575,0.6182572614107884,241,0.188452455439334,0.04291226010884842,58.095435684647306,58.0126268515454,0.9958677685950413,0.9947915408921054,0.0,3.063350507982296e-05,2794.6780119721584,2570.908296332048,0.9955886272690502,0.9940992470024527
annual,2024.0,1,fixed_d59,fixed,59.0,base,0.36435277859675863,0.3727442462571742,0.6182572614107884,241,0.19214616657694428,0.043501367901981926,59.07053941908714,59.01257837521724,0.9958677685950413,0.9947915408921054,0.0,3.341896608754705e-05,2800.261849884945,2571.798873269084,0.9955886272690502,0.9940992470024527
annual,2024.0,1,fixed_d6,fixed,6.0,base,0.978377015839337,0.417511115641771,0.5477178423236515,241,0.029429559254807735,-0.0002587421757087777,6.04149377593361,6.012061513722053,0.9958677685950413,0.9947915408921054,0.0,0.0,2554.2807411419617,2505.6458984561223,0.9955886272690502,0.9940992470024527
annual,2024.0,1,fixed_d60,fixed,60.0,base,0.3598571951390517,0.36626240550055505,0.6182572614107884,241,0.19585527767165106,0.04412325379409386,60.04979253112033,60.01258673784353,0.9958677685950413,0.9947915408921054,0.0,3.6204427095271124e-05,2805.868968141296,2572.739001344519,0.9955886272690502,0.9940992470024527
annual,2024.0,1,fixed_d7,fixed,7.0,base,0.8585358585323432,0.3554831389298507,0.5352697095435685,241,0.03228174437694073,-4.251519028047925e-06,7.020746887966805,7.012666126466325,0.9958677685950413,0.9947915408921054,0.0,0.0,2558.592431695422,2506.030615756497,0.9955886272690502,0.9940992470024527
annual,2024.0,1,fixed_d8,fixed,8.0,base,0.8786964464288747,0.4272707187373598,0.5643153526970954,241,0.03869878324435724,0.00018741436356329845,8.029045643153527,8.013146128875587,0.9958677685950413,0.9947915408921054,0.0,0.0,2568.2931645304484,2506.3203599140475,0.9955886272690502,0.9940992470024527
annual,2024.0,1,fixed_d9,fixed,9.0,base,0.8619083864594941,0.48657119751771993,0.5643153526970954,241,0.04424797895758721,0.00045046487505734324,9.037344398340249,9.013502148706243,0.9958677685950413,0.9947915408921054,0.0,0.0,2576.6819659972166,2506.718017273905,0.9955886272690502,0.9940992470024527
annual,2024.0,1,model_plan,model_plan,,base,0.5271058362359219,0.6103710149928449,0.6182572614107884,241,0.06256641731791455,0.0035196554557260272,21.141078838174273,6.400669755700793,0.9958677685950413,0.9947915408921054,0.0,0.0,2604.3742209702605,2511.3577581977174,0.9955886272690502,0.9940992470024527
annual,2024.0,1,rolling_path,rolling,,base,1.4922355700599472,0.9464178827245985,0.6473029045643154,241,0.06773156756402793,0.003301343458546231,16.319502074688796,5.263007655474995,0.9958677685950413,0.9947915408921054,0.0,0.0,2612.1824552081216,2511.0277327135213,0.9955886272690502,0.9940992470024527
annual,2024.0,1,fixed_d10,fixed,10.0,double_slippage,0.7741924877471987,0.5958939488408302,0.5477178423236515,241,0.04460637489977665,-0.0006726453727284048,10.095435684647303,10.013756653495184,0.9958677685950413,0.9947915408921054,0.0,0.0,4002.750753378935,3896.6577791176433,0.9955967898170962,0.9941033253328834
annual,2024.0,1,fixed_d11,fixed,11.0,double_slippage,0.7845090153226867,0.6670347150380883,0.5892116182572614,241,0.04971942489644536,-0.00038430994284871923,11.074688796680498,11.013968815793056,0.9958677685950413,0.9947915408921054,0.0,0.0,4014.0697979255233,3897.296083373869,0.9955967898170962,0.9941033253328834
annual,2024.0,1,fixed_d12,fixed,12.0,double_slippage,0.772730628908663,0.5914184855432152,0.6058091286307054,241,0.053426408293182674,7.375901135810881e-05,12.103734439834025,12.014070955161198,0.9958677685950413,0.9947915408921054,0.0,0.0,4022.27615425462,3898.310136219325,0.9955967898170962,0.9941033253328834
annual,2024.0,1,fixed_d13,fixed,13.0,double_slippage,0.7416031795504929,0.5484330766326814,0.5809128630705395,241,0.055609941227840076,0.0006363826550967368,13.132780082987551,13.014170515829903,0.9958677685950413,0.9947915408921054,0.0,0.0,4027.1099631499824,3899.5556476245706,0.9955967898170962,0.9941033253328834
annual,2024.0,1,fixed_d14,fixed,14.0,double_slippage,0.6675034638336851,0.5031996111862892,0.5850622406639004,241,0.05433719218878825,0.0011556371664268549,14.12863070539419,14.014225221542562,0.9958677685950413,0.9947915408921054,0.0,0.0,4024.292407468145,3900.7051503574976,0.9955967898170962,0.9941033253328834
annual,2024.0,1,fixed_d15,fixed,15.0,double_slippage,0.5881650008294989,0.569640195174309,0.5809128630705395,241,0.05266727999899862,0.0018292967554557641,15.107883817427386,15.014249852399624,0.9958677685950413,0.9947915408921054,0.0,0.0,4020.5956295220235,3902.196468240645,0.9955967898170962,0.9941033253328834
annual,2024.0,1,fixed_d16,fixed,16.0,double_slippage,0.5365372761622024,0.5204224100347683,0.5850622406639004,241,0.052366707424119995,0.002573096847813057,16.107883817427386,16.014335195065865,0.9958677685950413,0.9947915408921054,0.0,0.0,4019.9302352139725,3903.8430600761712,0.9955967898170962,0.9941033253328834
annual,2024.0,1,fixed_d17,fixed,17.0,double_slippage,0.5351746775020082,0.5415308498315807,0.5933609958506224,241,0.054951607480587916,0.003258328386823906,17.08298755186722,17.014441153983412,0.9958677685950413,0.9947915408921054,0.0,0.0,4025.6525729393475,3905.3599954317506,0.9955967898170962,0.9941033253328834
annual,2024.0,1,fixed_d18,fixed,18.0,double_slippage,0.5510191804555288,0.5382074402228376,0.6099585062240664,241,0.05873850380460923,0.003769744008260557,18.070539419087137,18.01452527177187,0.9958677685950413,0.9947915408921054,0.0,0.0,4034.035836981919,3906.492144776005,0.9955967898170962,0.9941033253328834
annual,2024.0,1,fixed_d19,fixed,19.0,double_slippage,0.5551031656972473,0.532833300465799,0.6182572614107884,241,0.062302961048751083,0.004400199487531084,19.066390041493776,19.014531550733967,0.9958677685950413,0.9947915408921054,0.0,0.0,4041.9266752012086,3907.887819306697,0.9955967898170962,0.9941033253328834
annual,2024.0,1,fixed_d2,fixed,2.0,double_slippage,1.0174327107089036,0.3149504353314079,0.5311203319502075,241,0.005864233753151184,-0.0030125305948121364,2.016597510373444,2.0094148113498185,0.9958677685950413,0.9947915408921054,0.0,0.0,3916.985110219815,3891.477844425055,0.9955967898170962,0.9941033253328834
annual,2024.0,1,fixed_d20,fixed,20.0,double_slippage,0.5858304396477277,0.5971408274270308,0.6431535269709544,241,0.06893659976836505,0.005061167895837215,20.21161825726141,20.014527992119003,0.9958677685950413,0.9947915408921054,0.0,0.0,4056.611931989669,3909.3510420137663,0.9955967898170962,0.9941033253328834
annual,2024.0,1,fixed_d21,fixed,21.0,double_slippage,0.5643761284176361,0.6036255755936499,0.6431535269709544,241,0.07148348580598167,0.005870167918124389,21.38589211618257,21.014475562895072,0.9958677685950413,0.9947915408921054,0.0,0.0,4062.2501159569047,3911.14197057821,0.9955967898170962,0.9941033253328834
annual,2024.0,1,fixed_d22,fixed,22.0,double_slippage,0.5392825728365173,0.5695142219217313,0.6390041493775933,241,0.07357166893110982,0.006907838393045062,22.53941908713693,22.0143420069949,0.9958677685950413,0.9947915408921054,0.0,0.0,4066.8728436497936,3913.4391197040677,0.9955967898170962,0.9941033253328834
annual,2024.0,1,fixed_d23,fixed,23.0,double_slippage,0.524280669570592,0.47049319124111405,0.6348547717842323,241,0.07600130272789002,0.007989131444013068,23.510373443983404,23.014259494747503,0.9958677685950413,0.9947915408921054,0.0,0.0,4072.251459778247,3915.832838564592,0.9955967898170962,0.9941033253328834
annual,2024.0,1,fixed_d24,fixed,24.0,double_slippage,0.4844124012715356,0.48615751249161104,0.6182572614107884,241,0.07575741769878205,0.009224396042602839,24.53941908713693,24.01420768682968,0.9958677685950413,0.9947915408921054,0.0,0.0,4071.7115578585513,3918.567412845574,0.9955967898170962,0.9941033253328834
annual,2024.0,1,fixed_d25,fixed,25.0,double_slippage,0.45781228222122694,0.41501120584721635,0.6265560165975104,241,0.07740035434721106,0.01061586602115725,25.514522821576765,25.01255318344055,0.9958677685950413,0.9947915408921054,0.0,0.0,4075.3486185411034,3921.647787706521,0.9955967898170962,0.9941033253328834
annual,2024.0,1,fixed_d26,fixed,26.0,double_slippage,0.48931209287011546,0.34683277683054753,0.6182572614107884,241,0.08636314692658262,0.011976796631770877,26.514522821576765,26.012419045927324,0.9958677685950413,0.9947915408921054,0.0,0.0,4095.1900534055926,3924.660555861809,0.9955967898170962,0.9941033253328834
annual,2024.0,1,fixed_d27,fixed,27.0,double_slippage,0.4959101969317482,0.44439719642491604,0.6099585062240664,241,0.09218438201047698,0.013341533410146109,27.506224066390043,27.012221912224156,0.9958677685950413,0.9947915408921054,0.0,0.0,4108.076846860322,3927.6817499433973,0.9955967898170962,0.9941033253328834
annual,2024.0,1,fixed_d28,fixed,28.0,double_slippage,0.5030414337280855,0.38198384456024603,0.6224066390041494,241,0.09711033300193123,0.01454114502109061,28.506224066390043,28.012283756888543,0.9958677685950413,0.9947915408921054,0.0,0.0,4118.981699882084,3930.3373972129793,0.9955967898170962,0.9941033253328834
annual,2024.0,1,fixed_d29,fixed,29.0,double_slippage,0.5069484227083313,0.25984796122910914,0.5975103734439834,241,0.10106782179839034,0.015694634706419307,29.493775933609957,29.01232671308002,0.9958677685950413,0.9947915408921054,0.0,0.0,4127.742614015324,3932.8909417980667,0.9955967898170962,0.9941033253328834
annual,2024.0,1,fixed_d3,fixed,3.0,double_slippage,1.0786073293529659,0.20476430512254457,0.5311203319502075,241,0.01198178123185099,-0.0028108891859876394,3.020746887966805,3.0100726551306756,0.9958677685950413,0.9947915408921054,0.0,0.0,3930.5278669838613,3891.9242292815325,0.9955967898170962,0.9941033253328834
annual,2024.0,1,fixed_d30,fixed,30.0,double_slippage,0.5330060521570472,0.312516610382073,0.5850622406639004,241,0.10899729646857442,0.016839782472908467,30.502074688796682,30.01239087311001,0.9958677685950413,0.9947915408921054,0.0,0.0,4145.296535271981,3935.426019411187,0.9955967898170962,0.9941033253328834
annual,2024.0,1,fixed_d31,fixed,31.0,double_slippage,0.5299974631306169,0.3763709543056441,0.6058091286307054,241,0.11254065639496784,0.01784042222799397,31.502074688796682,31.012417372930248,0.9958677685950413,0.9947915408921054,0.0,0.0,4153.140669179845,3937.6411915628937,0.9955967898170962,0.9941033253328834
annual,2024.0,1,fixed_d32,fixed,32.0,double_slippage,0.5275847205999189,0.33072218518046415,0.5850622406639004,241,0.1159969564807327,0.018838016744179006,32.468879668049794,32.01246364006618,0.9958677685950413,0.9947915408921054,0.0,0.0,4160.792073852718,3939.849622299048,0.9955967898170962,0.9941033253328834
annual,2024.0,1,fixed_d33,fixed,33.0,double_slippage,0.5303992823070479,0.46144035305121706,0.5892116182572614,241,0.1195421079493643,0.019794968485917212,33.448132780082986,33.01247332861538,0.9958677685950413,0.9947915408921054,0.0,0.0,4168.640173797764,3941.9680798538793,0.9955967898170962,0.9941033253328834
annual,2024.0,1,fixed_d34,fixed,34.0,double_slippage,0.5376223486591236,0.3355707346380142,0.5975103734439834,241,0.12429351319312278,0.02086922482544297,34.41078838174274,34.0124592557367,0.9958677685950413,0.9947915408921054,0.0,0.0,4179.158625142472,3944.3462211530014,0.9955967898170962,0.9941033253328834
annual,2024.0,1,fixed_d35,fixed,35.0,double_slippage,0.566954463832931,0.5158087445755242,0.6265560165975104,241,0.1329202702609281,0.021734781887036245,35.40248962655602,35.012484231404905,0.9958677685950413,0.9947915408921054,0.0,0.0,4198.256159413945,3946.2623531963363,0.9955967898170962,0.9941033253328834
annual,2024.0,1,fixed_d36,fixed,36.0,double_slippage,0.5509538814586378,0.5211346607594161,0.5933609958506224,241,0.1345943482005912,0.02267745866400686,36.406639004149376,36.01220227555317,0.9958677685950413,0.9947915408921054,0.0,0.0,4201.962159313387,3948.3492094638327,0.9955967898170962,0.9941033253328834
annual,2024.0,1,fixed_d37,fixed,37.0,double_slippage,0.5414306361463084,0.48249498989992434,0.5892116182572614,241,0.13725243154118572,0.02344471781767541,37.39004149377593,37.01227891308783,0.9958677685950413,0.9947915408921054,0.0,0.0,4207.846506965053,3950.0477339345134,0.9955967898170962,0.9941033253328834
annual,2024.0,1,fixed_d38,fixed,38.0,double_slippage,0.5440697228329657,0.47483504108261326,0.6182572614107884,241,0.14057371419591141,0.0242580263770661,38.37759336099585,38.012316551483124,0.9958677685950413,0.9947915408921054,0.0,0.0,4215.199016004697,3951.8482005483474,0.9955967898170962,0.9941033253328834
annual,2024.0,1,fixed_d39,fixed,39.0,double_slippage,0.5285337906694754,0.455610301703902,0.6182572614107884,241,0.14065360438335514,0.025024029009358188,39.37344398340249,39.012338688910035,0.9958677685950413,0.9947915408921054,0.0,1.3927305038620418e-06,4215.375873377711,3953.543950366499,0.9955967898170962,0.9941033253328834
annual,2024.0,1,fixed_d4,fixed,4.0,double_slippage,1.0979156665052188,0.19343952638673637,0.5186721991701245,241,0.018207329598201046,-0.0023998208629553894,4.016597510373444,4.010716375740058,0.9958677685950413,0.9947915408921054,0.0,0.0,3944.3097113490794,3892.834234202886,0.9955967898170962,0.9941033253328834
annual,2024.0,1,fixed_d40,fixed,40.0,double_slippage,0.5195687728715968,0.4272370723810507,0.6224066390041494,241,0.13995783821456803,0.025860150886139358,40.3402489626556,40.012352468555726,0.9958677685950413,0.9947915408921054,0.0,2.785930572964765e-06,4213.835616923414,3955.3949270775006,0.9955967898170962,0.9941033253328834
annual,2024.0,1,fixed_d41,fixed,41.0,double_slippage,0.5079183388118403,0.5138212861041414,0.6224066390041494,241,0.14136818471161242,0.02670697510972745,41.315352697095435,41.01237941477445,0.9958677685950413,0.9947915408921054,0.0,4.1791306420674885e-06,4216.957779788352,3957.2695961717845,0.9955967898170962,0.9941033253328834
annual,2024.0,1,fixed_d42,fixed,42.0,double_slippage,0.4989280014149887,0.43666482138640184,0.6265560165975104,241,0.143492503609383,0.02766247758997488,42.29045643153527,42.01240036029301,0.9958677685950413,0.9947915408921054,0.0,5.572330711170211e-06,4221.660503260786,3959.3848523968754,0.9955967898170962,0.9941033253328834
annual,2024.0,1,fixed_d43,fixed,43.0,double_slippage,0.4855803493678154,0.48363299117036596,0.6265560165975104,241,0.14537490391758115,0.028587646133451536,43.273858921161825,43.012402270952386,0.9958677685950413,0.9947915408921054,0.0,6.965530780272934e-06,4225.827678030621,3961.432956690771,0.9955967898170962,0.9941033253328834
annual,2024.0,1,fixed_d44,fixed,44.0,double_slippage,0.47510094241883893,0.5080918433623048,0.6307053941908713,241,0.14674339353120563,0.029506184407308428,44.25311203319502,44.01241008335817,0.9958677685950413,0.9947915408921054,0.0,8.358261284134977e-06,4228.857179973347,3963.4663831838884,0.9955967898170962,0.9941033253328834
annual,2024.0,1,fixed_d45,fixed,45.0,double_slippage,0.48383387411113493,0.5325756395910508,0.6390041493775933,241,0.1532317804855295,0.030382417765537618,45.24896265560166,45.01239806091753,0.9958677685950413,0.9947915408921054,0.0,9.750991787997018e-06,4243.220884810846,3965.4061569208548,0.9955967898170962,0.9941033253328834
annual,2024.0,1,fixed_d46,fixed,46.0,double_slippage,0.4726108344717205,0.5194873133133945,0.6431535269709544,241,0.15724550387631162,0.03131970284739213,46.23651452282158,46.01240755769927,0.9958677685950413,0.9947915408921054,0.0,1.1143253043037004e-05,4252.106288608494,3967.481084268247,0.9955967898170962,0.9941033253328834
annual,2024.0,1,fixed_d47,fixed,47.0,double_slippage,0.46686639276201136,0.3906898752582813,0.6348547717842323,241,0.16161315692615372,0.03227041441209032,47.232365145228215,47.012424767236034,0.9958677685950413,0.9947915408921054,0.0,1.2535045365353837e-05,4261.775206273568,3969.5857345687673,0.9955967898170962,0.9941033253328834
annual,2024.0,1,fixed_d48,fixed,48.0,double_slippage,0.4664220496696127,0.42026270254988773,0.6514522821576764,241,0.1667227448664381,0.03321793444804169,48.21576763485477,48.01242169145106,0.9958677685950413,0.9947915408921054,0.0,1.392683768767067e-05,4273.0865866724525,3971.6833196037264,0.9955967898170962,0.9941033253328834
annual,2024.0,1,fixed_d49,fixed,49.0,double_slippage,0.4565532523172235,0.43350663151458163,0.6431535269709544,241,0.17028889467013333,0.03415532957870076,49.19502074688797,49.012465391961705,0.9958677685950413,0.9947915408921054,0.0,1.5319098942710657e-05,4280.98117180542,3973.7584905723074,0.9955967898170962,0.9941033253328834
annual,2024.0,1,fixed_d5,fixed,5.0,double_slippage,1.060646998090542,0.34098407814966564,0.5435684647302904,241,0.023737540737475603,-0.0020491557854707423,5.033195020746888,5.011439587292307,0.9958677685950413,0.9947915408921054,0.0,0.0,3956.552248832248,3893.6105210836263,0.9955967898170962,0.9941033253328834
annual,2024.0,1,fixed_d50,fixed,50.0,double_slippage,0.43137874492107964,0.45712362721797534,0.6390041493775933,241,0.1694015492658871,0.03510276450317719,50.190871369294605,50.012483037905206,0.9958677685950413,0.9947915408921054,0.0,1.671089126502749e-05,4279.016805690211,3975.8558871912373,0.9955967898170962,0.9941033253328834
annual,2024.0,1,fixed_d51,fixed,51.0,double_slippage,0.4222698700764765,0.4274534553062746,0.6390041493775933,241,0.17291363484449396,0.03599048826810475,51.170124481327804,51.012588220344995,0.9958677685950413,0.9947915408921054,0.0,1.8102683587344323e-05,4286.791705826443,3977.821097879011,0.9955967898170962,0.9941033253328834
annual,2024.0,1,fixed_d52,fixed,52.0,double_slippage,0.40958266586827113,0.4549422611696953,0.6265560165975104,241,0.17371538726775637,0.03671639211083809,52.15352697095436,52.01261967189195,0.9958677685950413,0.9947915408921054,0.0,1.9494475909661157e-05,4288.566589975857,3979.4280787608886,0.9955967898170962,0.9941033253328834
annual,2024.0,1,fixed_d53,fixed,53.0,double_slippage,0.39077006449366325,0.3899513648426358,0.6265560165975104,241,0.1722906532622979,0.03748197222283361,53.136929460580916,53.012645194569764,0.9958677685950413,0.9947915408921054,0.0,2.088673716470114e-05,4285.412576679422,3981.1228932198924,0.9955967898170962,0.9941033253328834
annual,2024.0,1,fixed_d54,fixed,54.0,double_slippage,0.382368389006085,0.3826288935101791,0.6307053941908713,241,0.17421022328982455,0.03834424274324896,54.11618257261411,54.01263145772524,0.9958677685950413,0.9947915408921054,0.0,2.2278529487017974e-05,4289.662036134353,3983.0317566377043,0.9955967898170962,0.9941033253328834
annual,2024.0,1,fixed_d55,fixed,55.0,double_slippage,0.376363830793506,0.379201418383565,0.6265560165975104,241,0.17652791650867825,0.03921217115788126,55.12448132780083,55.012692053140874,0.9958677685950413,0.9947915408921054,0.0,2.3670321809334808e-05,4294.792843149075,3984.9531452521646,0.9955967898170962,0.9941033253328834
annual,2024.0,1,fixed_d56,fixed,56.0,double_slippage,0.3724902950205562,0.34806578777948227,0.6058091286307054,241,0.17941490704248284,0.040018910194800104,56.13278008298755,56.01262513974375,0.9958677685950413,0.9947915408921054,0.0,2.5062583064374792e-05,4301.183935447996,3986.7390755236484,0.9955967898170962,0.9941033253328834
annual,2024.0,1,fixed_d57,fixed,57.0,double_slippage,0.369952022886795,0.406065411896787,0.6058091286307054,241,0.18309476034383773,0.040771816101774105,57.11203319502075,57.01262956473192,0.9958677685950413,0.9947915408921054,0.0,2.7848044072098874e-05,4309.330232368647,3988.4058393680534,0.9955967898170962,0.9941033253328834
annual,2024.0,1,fixed_d58,fixed,58.0,double_slippage,0.36385304916373384,0.3694090112418232,0.6182572614107884,241,0.1867919532481076,0.04146162701659965,58.095435684647306,58.0126268515454,0.9958677685950413,0.9947915408921054,0.0,3.063350507982296e-05,4317.514914937377,3989.9329263019526,0.9955967898170962,0.9941033253328834
annual,2024.0,1,fixed_d59,fixed,59.0,double_slippage,0.3643072873030356,0.3727901279217563,0.6182572614107884,241,0.19048032274229748,0.04204994315172658,59.07053941908714,59.01257837521724,0.9958677685950413,0.9947915408921054,0.0,3.341896608754705e-05,4325.68006463007,3991.235328569478,0.9955967898170962,0.9941033253328834
annual,2024.0,1,fixed_d6,fixed,6.0,double_slippage,0.9781740653168273,0.41733031328505193,0.5477178423236515,241,0.02799326743405152,-0.001649153954844874,6.04149377593361,6.012061513722053,0.9958677685950413,0.9947915408921054,0.0,0.0,3965.9733888735245,3894.4960274922323,0.9955967898170962,0.9941033253328834
annual,2024.0,1,fixed_d60,fixed,60.0,double_slippage,0.3598088910160678,0.3663134527421187,0.6182572614107884,241,0.19418385051399034,0.042670947895395356,60.04979253112033,60.01258673784353,0.9958677685950413,0.9947915408921054,0.0,3.6204427095271124e-05,4333.8787710488705,3992.610095436703,0.9955967898170962,0.9941033253328834
annual,2024.0,1,fixed_d7,fixed,7.0,double_slippage,0.8582167479432661,0.35522405119018613,0.5352697095435685,241,0.030842308408038973,-0.0013950280275667525,7.020746887966805,7.012666126466325,0.9958677685950413,0.9947915408921054,0.0,0.0,3972.2804701108744,3895.0586002605755,0.9955967898170962,0.9941033253328834
annual,2024.0,1,fixed_d8,fixed,8.0,double_slippage,0.8784679530643891,0.42709224148166686,0.5643153526970954,241,0.03725118675929951,-0.0012036498464003532,8.029045643153527,8.013146128875587,0.9958677685950413,0.9947915408921054,0.0,0.0,3986.468162310024,3895.4822648363725,0.9955967898170962,0.9941033253328834
annual,2024.0,1,fixed_d9,fixed,9.0,double_slippage,0.861679965109407,0.4862210189872689,0.5643153526970954,241,0.04279040549243706,-0.0009409967891130102,9.037344398340249,9.013502148706243,0.9958677685950413,0.9947915408921054,0.0,0.0,3998.730640407163,3896.0637145890005,0.9955967898170962,0.9941033253328834
annual,2024.0,1,model_plan,model_plan,,double_slippage,0.5718040244441391,0.6498833960500535,0.6265560165975104,241,0.061089662381296685,0.002123959811116854,21.141078838174273,6.400669755700793,0.9958677685950413,0.9947915408921054,0.0,0.0,4039.2407281296564,3902.848780315715,0.9955967898170962,0.9941033253328834
annual,2024.0,1,rolling_path,rolling,,double_slippage,1.5395363609695276,0.9920387588988101,0.6556016597510373,241,0.06624193812005451,0.0019059851725567922,16.319502074688796,5.263007655474995,0.9958677685950413,0.9947915408921054,0.0,0.0,4050.646608893838,3902.366237675706,0.9955967898170962,0.9941033253328834
annual,2024.0,2,fixed_d10,fixed,10.0,base,0.7027694662012357,0.7763318371408634,0.5826446280991735,242,0.03736868526875464,0.000722100357923532,10.080578512396695,10.013756653495184,0.9958677685950413,0.9947915408921054,0.0,0.0,1282.7407696203493,1252.6934729888346,0.9952709262351368,0.9934083436861361
annual,2024.0,2,fixed_d11,fixed,11.0,base,0.6523258869017271,0.8384880677938409,0.6239669421487604,242,0.038773561601460345,0.0010108718293368076,11.088842975206612,11.013968815793056,0.9958677685950413,0.9947915408921054,0.0,0.0,1283.8026558151646,1252.9117430470683,0.9952709262351368,0.9934083436861361
annual,2024.0,2,fixed_d12,fixed,12.0,base,0.6255476659040315,0.7660371291375647,0.6446280991735537,242,0.041122593725776986,0.0014695969963281737,12.105371900826446,12.014070955161198,0.9958677685950413,0.9947915408921054,0.0,0.0,1285.578189167052,1253.2584738665028,0.9952709262351368,0.9934083436861361
annual,2024.0,2,fixed_d13,fixed,13.0,base,0.5828409782357982,0.8943224013109388,0.6322314049586777,242,0.042185616829002744,0.0020328912345372453,13.12190082644628,13.014170515829903,0.9958677685950413,0.9947915408921054,0.0,0.0,1286.3816830631376,1253.684243993915,0.9952709262351368,0.9934083436861361
annual,2024.0,2,fixed_d14,fixed,14.0,base,0.5532106486860431,0.8638055575159673,0.6363636363636364,242,0.04356119157905183,0.002552814278244749,14.113636363636363,14.014225221542562,0.9958677685950413,0.9947915408921054,0.0,0.0,1287.4214214394003,1254.0772316823166,0.9952709262351368,0.9934083436861361
annual,2024.0,2,fixed_d15,fixed,15.0,base,0.5031016508943386,0.771579331695158,0.640495867768595,242,0.04379317315254689,0.003227187276303074,15.097107438016529,15.014249852399624,0.9958677685950413,0.9947915408921054,0.0,0.0,1287.5967664321327,1254.586961514135,0.9952709262351368,0.9934083436861361
annual,2024.0,2,fixed_d16,fixed,16.0,base,0.46106881105902076,0.7268259732244512,0.6446280991735537,242,0.04437286519924656,0.003971922463843365,16.08677685950413,16.014335195065865,0.9958677685950413,0.9947915408921054,0.0,0.0,1288.034930964699,1255.149875128688,0.9952709262351368,0.9934083436861361
annual,2024.0,2,fixed_d17,fixed,17.0,base,0.45197388025408086,0.6340853524114085,0.6776859504132231,242,0.04629246360594564,0.004657871787418113,17.076446280991735,17.014441153983412,0.9958677685950413,0.9947915408921054,0.0,0.0,1289.4858736563915,1255.6683550119997,0.9952709262351368,0.9934083436861361
annual,2024.0,2,fixed_d18,fixed,18.0,base,0.4415964116329275,0.6876540649945968,0.6528925619834711,242,0.047917815884196004,0.005169871958736661,18.06198347107438,18.01452527177187,0.9958677685950413,0.9947915408921054,0.0,0.0,1290.714408229726,1256.055354138549,0.9952709262351368,0.9934083436861361
annual,2024.0,2,fixed_d19,fixed,19.0,base,0.43657215177167313,0.6427257705161186,0.6528925619834711,242,0.050147590016081045,0.0058010698976994944,19.041322314049587,19.014531550733967,0.9958677685950413,0.9947915408921054,0.0,0.0,1292.3997995436002,1256.5324497817585,0.9952709262351368,0.9934083436861361
annual,2024.0,2,fixed_d2,fixed,2.0,base,0.8901860008108955,0.08482286864637739,0.5165289256198347,242,0.005974514146585106,-0.0016223163767470873,2.0165289256198347,2.0094148113498185,0.9958677685950413,0.9947915408921054,0.0,0.0,1259.0112525544894,1250.921428213441,0.9952709262351368,0.9934083436861361
annual,2024.0,2,fixed_d20,fixed,20.0,base,0.46792129594026927,0.6436888661228664,0.6694214876033058,242,0.0557171260899796,0.006462783209106691,20.111570247933884,20.014527992119003,0.9958677685950413,0.9947915408921054,0.0,0.0,1296.6095746894428,1257.0326106955354,0.9952709262351368,0.9934083436861361
annual,2024.0,2,fixed_d21,fixed,21.0,base,0.44318760218476533,0.5361603442336091,0.6570247933884298,242,0.0569805028536493,0.007272515362693911,21.206611570247933,21.014475562895072,0.9958677685950413,0.9947915408921054,0.0,0.0,1297.564507385627,1257.6446527489013,0.9952709262351368,0.9934083436861361
annual,2024.0,2,fixed_d22,fixed,22.0,base,0.414127989598679,0.4899357945355661,0.6611570247933884,242,0.05774196553832361,0.008311154250587037,22.285123966942148,22.0143420069949,0.9958677685950413,0.9947915408921054,0.0,0.0,1298.1400646029394,1258.429715654993,0.9952709262351368,0.9934083436861361
annual,2024.0,2,fixed_d23,fixed,23.0,base,0.412463995110342,0.4893912081065675,0.640495867768595,242,0.060704048472354395,0.009393504147144634,23.270661157024794,23.014259494747503,0.9958677685950413,0.9947915408921054,0.0,0.0,1300.3789769558125,1259.2478178511508,0.9952709262351368,0.9934083436861361
annual,2024.0,2,fixed_d24,fixed,24.0,base,0.3995394331230736,0.47279098893764115,0.6239669421487604,242,0.06276224078325082,0.01062991960704404,24.276859504132233,24.01420768682968,0.9958677685950413,0.9947915408921054,0.0,0.0,1301.93467687782,1260.1823716459303,0.9952709262351368,0.9934083436861361
annual,2024.0,2,fixed_d25,fixed,25.0,base,0.3950147156501207,0.4005947990011608,0.6322314049586777,242,0.0661286625422205,0.012022634869798604,25.27892561983471,25.01255318344055,0.9958677685950413,0.9947915408921054,0.0,0.0,1304.479211730149,1261.235065805837,0.9952709262351368,0.9934083436861361
annual,2024.0,2,fixed_d26,fixed,26.0,base,0.40699253720326983,0.3866618515288275,0.628099173553719,242,0.07161767231691674,0.013384793889293645,26.28099173553719,26.012419045927324,0.9958677685950413,0.9947915408921054,0.0,0.0,1308.62812047555,1262.2646638026667,0.9952709262351368,0.9934083436861361
annual,2024.0,2,fixed_d27,fixed,27.0,base,0.4152229397520227,0.397629486808568,0.628099173553719,242,0.07635285471534028,0.01475082607364328,27.270661157024794,27.012221912224156,0.9958677685950413,0.9947915408921054,0.0,0.0,1312.2072432081134,1263.297189359876,0.9952709262351368,0.9934083436861361
annual,2024.0,2,fixed_d28,fixed,28.0,base,0.4365861678059536,0.4024985201344995,0.628099173553719,242,0.08223684592966392,0.01595154711602945,28.260330578512395,28.012283756888543,0.9958677685950413,0.9947915408921054,0.0,0.0,1316.6547016038853,1264.2047632644635,0.9952709262351368,0.9934083436861361
annual,2024.0,2,fixed_d29,fixed,29.0,base,0.4280543260372468,0.4299133033979581,0.6157024793388429,242,0.08446048361094591,0.017106149865075294,29.25826446280992,29.01232671308002,0.9958677685950413,0.9947915408921054,0.0,0.0,1318.3354546360629,1265.0774783150107,0.9952709262351368,0.9934083436861361
annual,2024.0,2,fixed_d3,fixed,3.0,base,0.8558277369181497,0.3445090367794077,0.5371900826446281,242,0.00994229711820946,-0.001420136062849105,3.020661157024793,3.0100726551306756,0.9958677685950413,0.9947915408921054,0.0,0.0,1262.010330739177,1251.0742477030958,0.9952709262351368,0.9934083436861361
annual,2024.0,2,fixed_d30,fixed,30.0,base,0.44884336801524743,0.4071637231227625,0.628099173553719,242,0.09062643833600356,0.01825236493614263,30.274793388429753,30.01239087311001,0.9958677685950413,0.9947915408921054,0.0,0.0,1322.9960372425003,1265.9438534769538,0.9952709262351368,0.9934083436861361
annual,2024.0,2,fixed_d31,fixed,31.0,base,0.44155226464521413,0.38244179335192896,0.6487603305785123,242,0.09274415150613077,0.019253966266984134,31.264462809917354,31.012417372930248,0.9958677685950413,0.9947915408921054,0.0,0.0,1324.5967264473734,1266.7009212708729,0.9952709262351368,0.9934083436861361
annual,2024.0,2,fixed_d32,fixed,32.0,base,0.43753030500138435,0.37022391346284406,0.6570247933884298,242,0.09581010886529734,0.020252492621816567,32.25,32.01246364006618,0.9958677685950413,0.9947915408921054,0.0,0.0,1326.914153054829,1267.4556648213718,0.9952709262351368,0.9934083436861361
annual,2024.0,2,fixed_d33,fixed,33.0,base,0.44690029887235877,0.35922025298376603,0.6487603305785123,242,0.10011672469204277,0.021210455198439032,33.231404958677686,33.01247332861538,0.9958677685950413,0.9947915408921054,0.0,0.0,1330.1693405658839,1268.1797479392842,0.9952709262351368,0.9934083436861361
annual,2024.0,2,fixed_d34,fixed,34.0,base,0.44005800226424163,0.36597308199452094,0.6446280991735537,242,0.10267084034197244,0.022285722545272686,34.22520661157025,34.0124592557367,0.9958677685950413,0.9947915408921054,0.0,0.0,1332.0998878215319,1268.9924967377076,0.9952709262351368,0.9934083436861361
annual,2024.0,2,fixed_d35,fixed,35.0,base,0.4670207330703806,0.3948642275220952,0.6363636363636364,242,0.11011866780560282,0.023152103870785926,35.21280991735537,35.012484231404905,0.9958677685950413,0.9947915408921054,0.0,0.0,1337.7293834439497,1269.647357487791,0.9952709262351368,0.9934083436861361
annual,2024.0,2,fixed_d36,fixed,36.0,base,0.451188333002035,0.4659815467818359,0.6446280991735537,242,0.11074318851891927,0.02409568072419994,36.21487603305785,36.01220227555317,0.9958677685950413,0.9947915408921054,0.0,0.0,1338.2014320566363,1270.36056705013,0.9952709262351368,0.9934083436861361
annual,2024.0,2,fixed_d37,fixed,37.0,base,0.44147832991917507,0.43130020130640717,0.6363636363636364,242,0.11220208780385545,0.024863776127373345,37.210743801652896,37.01227891308783,0.9958677685950413,0.9947915408921054,0.0,0.0,1339.304151900539,1270.941137656912,0.9952709262351368,0.9934083436861361
annual,2024.0,2,fixed_d38,fixed,38.0,base,0.44452989515805647,0.4079563873316401,0.6322314049586777,242,0.1150080049773864,0.025677989966838254,38.196280991735534,38.012316551483124,0.9958677685950413,0.9947915408921054,0.0,0.0,1341.4250252051916,1271.5565672257849,0.9952709262351368,0.9934083436861361
annual,2024.0,2,fixed_d39,fixed,39.0,base,0.42767428200348984,0.38537986432032134,0.6446280991735537,242,0.11439795080861144,0.026444768039196563,39.18801652892562,39.012338688910035,0.9958677685950413,0.9947915408921054,0.0,1.3927305038620418e-06,1340.9639112374828,1272.1361490924803,0.9952709262351368,0.9934083436861361
annual,2024.0,2,fixed_d4,fixed,4.0,base,0.8857565825679414,0.5206573234949873,0.5785123966942148,242,0.015076303254283286,-0.0010083924142068297,4.0227272727272725,4.010716375740058,0.9958677685950413,0.9947915408921054,0.0,0.0,1265.8909073515722,1251.3854671934653,0.9952709262351368,0.9934083436861361
annual,2024.0,2,fixed_d40,fixed,40.0,base,0.41929205527863145,0.40904475177278055,0.6487603305785123,242,0.11493773576521686,0.02728165503686682,40.179752066115704,40.012352468555726,0.9958677685950413,0.9947915408921054,0.0,2.785930572964765e-06,1341.371911700048,1272.768723312661,0.9952709262351368,0.9934083436861361
annual,2024.0,2,fixed_d41,fixed,41.0,base,0.4123210248252527,0.40566330772236103,0.6487603305785123,242,0.11651290444411944,0.028129346218456298,41.16528925619835,41.01237941477445,0.9958677685950413,0.9947915408921054,0.0,4.1791306420674885e-06,1342.5625146276457,1273.4094639553814,0.9952709262351368,0.9934083436861361
annual,2024.0,2,fixed_d42,fixed,42.0,base,0.4064167460254986,0.43569814941636464,0.6363636363636364,242,0.11857767209964333,0.029085801195290785,42.16115702479339,42.01240036029301,0.9958677685950413,0.9947915408921054,0.0,5.572330711170211e-06,1344.1231845726531,1274.1324145193448,0.9952709262351368,0.9934083436861361
annual,2024.0,2,fixed_d43,fixed,43.0,base,0.4049680328733224,0.41938207128064586,0.6570247933884298,242,0.1216525090701923,0.030011832016580954,43.14462809917355,43.012402270952386,0.9958677685950413,0.9947915408921054,0.0,6.965530780272934e-06,1346.4473229002233,1274.83236875971,0.9952709262351368,0.9934083436861361
annual,2024.0,2,fixed_d44,fixed,44.0,base,0.4065837937338616,0.3905258198891698,0.6652892561983471,242,0.12471141405367826,0.03093138289626681,44.13636363636363,44.01241008335817,0.9958677685950413,0.9947915408921054,0.0,8.358261284134977e-06,1348.7594189172214,1275.5274250858067,0.9952709262351368,0.9934083436861361
annual,2024.0,2,fixed_d45,fixed,45.0,base,0.4054529358337052,0.37957877248019367,0.6694214876033058,242,0.1283772400296039,0.03180866373586268,45.13636363636363,45.01239806091753,0.9958677685950413,0.9947915408921054,0.0,9.750991787997018e-06,1351.5302606673574,1276.190531288621,0.9952709262351368,0.9934083436861361
annual,2024.0,2,fixed_d46,fixed,46.0,base,0.4000933749503675,0.3424313600220349,0.6694214876033058,242,0.13137353323631265,0.03274697731813521,46.1301652892562,46.01240755769927,0.9958677685950413,0.9947915408921054,0.0,1.1143253043037004e-05,1353.7950311085413,1276.8997695402643,0.9952709262351368,0.9934083436861361
annual,2024.0,2,fixed_d47,fixed,47.0,base,0.40132620777689837,0.2976187973831443,0.6652892561983471,242,0.13604356051133326,0.03369869300995694,47.12809917355372,47.012424767236034,0.9958677685950413,0.9947915408921054,0.0,1.2535045365353837e-05,1357.3249058578776,1277.619137873454,0.9952709262351368,0.9934083436861361
annual,2024.0,2,fixed_d48,fixed,48.0,base,0.4012555774417383,0.36026929137677977,0.6900826446280992,242,0.13982349091235577,0.03464731782117304,48.1198347107438,48.01242169145106,0.9958677685950413,0.9947915408921054,0.0,1.392683768767067e-05,1360.181994283937,1278.3361699416157,0.9952709262351368,0.9934083436861361
annual,2024.0,2,fixed_d49,fixed,49.0,base,0.40375674555853075,0.3307800353998566,0.6652892561983471,242,0.14479397661736568,0.03558572881488931,49.11776859504132,49.012465391961705,0.9958677685950413,0.9947915408921054,0.0,1.5319098942710657e-05,1363.9389727658208,1279.0454818224212,0.9952709262351368,0.9934083436861361
annual,2024.0,2,fixed_d5,fixed,5.0,base,0.8957095016748602,0.6832404205322415,0.5661157024793388,242,0.020384499143567908,-0.000657015888015634,5.024793388429752,5.011439587292307,0.9958677685950413,0.9947915408921054,0.0,0.0,1269.9031465807443,1251.65105774664,0.9952709262351368,0.9934083436861361
annual,2024.0,2,fixed_d50,fixed,50.0,base,0.39741915901841784,0.30944390715884285,0.6528925619834711,242,0.1475892795535415,0.03653429364088184,50.11570247933884,50.012483037905206,0.9958677685950413,0.9947915408921054,0.0,1.671089126502749e-05,1366.0518232204538,1279.7624685503067,0.9952709262351368,0.9934083436861361
annual,2024.0,2,fixed_d51,fixed,51.0,base,0.3938086965785135,0.32470640421470226,0.6528925619834711,242,0.15119215592368399,0.03742301110323576,51.107438016528924,51.012588220344995,0.9958677685950413,0.9947915408921054,0.0,1.8102683587344323e-05,1368.775084044216,1280.4342192045501,0.9952709262351368,0.9934083436861361
annual,2024.0,2,fixed_d52,fixed,52.0,base,0.3879167656679056,0.3404102443753033,0.6487603305785123,242,0.15309026101111192,0.03814977926191694,52.09710743801653,52.01261967189195,0.9958677685950413,0.9947915408921054,0.0,1.9494475909661157e-05,1370.209780851137,1280.983559276576,0.9952709262351368,0.9934083436861361
annual,2024.0,2,fixed_d53,fixed,53.0,base,0.36751621384850597,0.31682115287248347,0.6528925619834711,242,0.15063346348628834,0.038916231768462504,53.09710743801653,53.012645194569764,0.9958677685950413,0.9947915408921054,0.0,2.088673716470114e-05,1368.3527922220744,1281.5628950595874,0.9952709262351368,0.9934083436861361
annual,2024.0,2,fixed_d54,fixed,54.0,base,0.36192018553737265,0.3402755053943547,0.6487603305785123,242,0.15232977321949184,0.039779488198779175,54.07644628099174,54.01263145772524,0.9958677685950413,0.9947915408921054,0.0,2.2278529487017974e-05,1369.6349605139653,1282.2154008039436,0.9952709262351368,0.9934083436861361
annual,2024.0,2,fixed_d55,fixed,55.0,base,0.35920407374096214,0.3356973658498609,0.6652892561983471,242,0.15516409750748686,0.04064839200246506,55.09710743801653,55.012692053140874,0.9958677685950413,0.9947915408921054,0.0,2.3670321809334808e-05,1371.7773055467544,1282.872175157342,0.9952709262351368,0.9934083436861361
annual,2024.0,2,fixed_d56,fixed,56.0,base,0.35487232252656536,0.35416466555136383,0.6487603305785123,242,0.15765237917275957,0.04145599037652063,56.09297520661157,56.01262513974375,0.9958677685950413,0.9947915408921054,0.0,2.5062583064374792e-05,1373.6580916968662,1283.4826113494544,0.9952709262351368,0.9934083436861361
annual,2024.0,2,fixed_d57,fixed,57.0,base,0.3482334867736156,0.3240866448970986,0.6487603305785123,242,0.15965027338713395,0.042209670536296276,57.074380165289256,57.01262956473192,0.9958677685950413,0.9947915408921054,0.0,2.7848044072098874e-05,1375.1682148554378,1284.0523000359676,0.9952709262351368,0.9934083436861361
annual,2024.0,2,fixed_d58,fixed,58.0,base,0.3408969617038628,0.3219994984057974,0.640495867768595,242,0.16105356097225557,0.042900243620873364,58.06611570247934,58.0126268515454,0.9958677685950413,0.9947915408921054,0.0,3.063350507982296e-05,1376.228900183613,1284.5742887716824,0.9952709262351368,0.9934083436861361
annual,2024.0,2,fixed_d59,fixed,59.0,base,0.34045824951131604,0.34148967750984727,0.640495867768595,242,0.1640753644767005,0.043489153985926995,59.04545454545455,59.01257837521724,0.9958677685950413,0.9947915408921054,0.0,3.341896608754705e-05,1378.5129527725258,1285.0194349869016,0.9952709262351368,0.9934083436861361
annual,2024.0,2,fixed_d6,fixed,6.0,base,0.8040149211465256,0.6380336529788352,0.5661157024793388,242,0.02322560325899988,-0.0002564070674704432,6.026859504132231,6.012061513722053,0.9958677685950413,0.9947915408921054,0.0,0.0,1272.0506161963813,1251.9538608946148,0.9952709262351368,0.9934083436861361
annual,2024.0,2,fixed_d60,fixed,60.0,base,0.33895621400558384,0.3488541137567862,0.6487603305785123,242,0.1674548877033373,0.0441109517904708,60.03512396694215,60.01258673784353,0.9958677685950413,0.9947915408921054,0.0,3.6204427095271124e-05,1381.0673904663538,1285.4894394171567,0.9952709262351368,0.9934083436861361
annual,2024.0,2,fixed_d7,fixed,7.0,base,0.7611761642857965,0.6368219498601057,0.5743801652892562,242,0.02661046820879037,-1.8484913139205634e-06,7.020661157024794,7.012666126466325,0.9958677685950413,0.9947915408921054,0.0,0.0,1274.6090914712697,1252.1462708822417,0.9952709262351368,0.9934083436861361
annual,2024.0,2,fixed_d8,fixed,8.0,base,0.7814767004307243,0.6916547544995562,0.5867768595041323,242,0.03169492373708848,0.00019000407551462422,8.026859504132231,8.013146128875587,0.9958677685950413,0.9947915408921054,0.0,0.0,1278.4522148893034,1252.291284067682,0.9952709262351368,0.9934083436861361
annual,2024.0,2,fixed_d9,fixed,9.0,base,0.7520801108856605,0.6075532253407575,0.6074380165289256,242,0.0353957195181544,0.00045327223329635923,9.049586776859504,9.013502148706243,0.9958677685950413,0.9947915408921054,0.0,0.0,1281.249488825993,1252.4902772571716,0.9952709262351368,0.9934083436861361
annual,2024.0,2,model_plan,model_plan,,base,0.46377514251918067,0.5800736972193321,0.6322314049586777,242,0.05382160778911126,0.003519646629150038,20.764462809917354,6.400669755700793,0.9958677685950413,0.9947915408921054,0.0,0.0,1295.1768331243277,1254.8080190849003,0.9952709262351368,0.9934083436861361
annual,2024.0,2,rolling_path,rolling,,base,0.9580459158840338,1.0391614215700526,0.6570247933884298,242,0.05532227653848841,0.0033012347328187945,16.46900826446281,5.263007655474995,0.9958677685950413,0.9947915408921054,0.0,0.0,1296.3111247276904,1254.6429308332874,0.9952709262351368,0.9934083436861361
annual,2024.0,2,fixed_d10,fixed,10.0,double_slippage,0.7028806901742972,0.776483538481315,0.5826446280991735,242,0.03592368750524513,-0.0006688276730982272,10.080578512396695,10.013756653495184,0.9958677685950413,0.9947915408921054,0.0,0.0,1991.0371732534795,1946.9932570857793,0.9952257220840379,0.9934199454894335
annual,2024.0,2,fixed_d11,fixed,11.0,double_slippage,0.6524927471651168,0.8391149552262047,0.6239669421487604,242,0.037329233099429884,-0.00038042537478945304,11.088842975206612,11.013968815793056,0.9958677685950413,0.9947915408921054,0.0,0.0,1992.592940672456,1947.3124832290816,0.9952257220840379,0.9934199454894335
annual,2024.0,2,fixed_d12,fixed,12.0,double_slippage,0.6257232623126592,0.7666944336664488,0.6446280991735537,242,0.03967457468871783,7.766618371408309e-05,12.105371900826446,12.014070955161198,0.9958677685950413,0.9947915408921054,0.0,0.0,1995.1889475512694,1947.8195346720072,0.9952257220840379,0.9934199454894335
annual,2024.0,2,fixed_d13,fixed,13.0,double_slippage,0.5829811585915671,0.8943338240549101,0.6322314049586777,242,0.04073478335860733,0.0006402036531999307,13.12190082644628,13.014170515829903,0.9958677685950413,0.9947915408921054,0.0,0.0,1996.3624691451296,1948.4421949902498,0.9952257220840379,0.9934199454894335
annual,2024.0,2,fixed_d14,fixed,14.0,double_slippage,0.5533186698989906,0.8637274247313165,0.6363636363636364,242,0.04210882554199784,0.0011594360935568509,14.113636363636363,14.014225221542562,0.9958677685950413,0.9947915408921054,0.0,0.0,1997.883366133505,1949.01692192684,0.9952257220840379,0.9934199454894335
annual,2024.0,2,fixed_d15,fixed,15.0,double_slippage,0.5031602922976935,0.7713789128407369,0.640495867768595,242,0.042339156172372265,0.001832878225227548,15.097107438016529,15.014249852399624,0.9958677685950413,0.9947915408921054,0.0,0.0,1998.1383140283403,1949.76234016966,0.9952257220840379,0.9934199454894335
annual,2024.0,2,fixed_d16,fixed,16.0,double_slippage,0.46109371611212746,0.7268372334708323,0.6446280991735537,242,0.042916693955825334,0.002576577781802971,16.08677685950413,16.014335195065865,0.9958677685950413,0.9947915408921054,0.0,0.0,1998.7775778632808,1950.5855248065834,0.9952257220840379,0.9934199454894335
annual,2024.0,2,fixed_d17,fixed,17.0,double_slippage,0.45200040451220597,0.6341803597135094,0.6776859504132231,242,0.04483533115074458,0.003261576157553634,17.076446280991735,17.014441153983412,0.9958677685950413,0.9947915408921054,0.0,0.0,2000.9012750589075,1951.3437344011031,0.9952257220840379,0.9934199454894335
annual,2024.0,2,fixed_d18,fixed,18.0,double_slippage,0.4416203503993838,0.6875709916472058,0.6528925619834711,242,0.046459647964195785,0.00377290621309391,18.06198347107438,18.01452527177187,0.9958677685950413,0.9947915408921054,0.0,0.0,2002.699195515507,1951.9097143622266,0.9952257220840379,0.9934199454894335
annual,2024.0,2,fixed_d19,fixed,19.0,double_slippage,0.43653441935812665,0.6428535592127701,0.6528925619834711,242,0.04868310622184987,0.004403221822520412,19.041322314049587,19.014531550733967,0.9958677685950413,0.9947915408921054,0.0,0.0,2005.1602924226618,1952.6073968087271,0.9952257220840379,0.9934199454894335
annual,2024.0,2,fixed_d2,fixed,2.0,double_slippage,0.8906428128315539,0.0857445535181984,0.5165289256198347,242,0.004577627556742265,-0.0030099032407671696,2.0165289256198347,2.0094148113498185,0.9958677685950413,0.9947915408921054,0.0,0.0,1956.3409108319845,1944.4019721722098,0.9952257220840379,0.9934199454894335
annual,2024.0,2,fixed_d20,fixed,20.0,double_slippage,0.4679262560573289,0.6441761378433948,0.6694214876033058,242,0.05424555372963125,0.005063985589364292,20.111570247933884,20.014527992119003,0.9958677685950413,0.9947915408921054,0.0,0.0,2011.3172428895737,1953.3387816491404,0.9952257220840379,0.9934199454894335
annual,2024.0,2,fixed_d21,fixed,21.0,double_slippage,0.44326628421822045,0.5363059340646632,0.6570247933884298,242,0.05550944324486103,0.005872637449375742,21.206611570247933,21.014475562895072,0.9958677685950413,0.9947915408921054,0.0,0.0,2012.7162143189746,1954.233860558218,0.9952257220840379,0.9934199454894335
annual,2024.0,2,fixed_d22,fixed,22.0,double_slippage,0.4142376381982793,0.4907898436561982,0.6611570247933884,242,0.05627088791740968,0.006909856272326949,22.285123966942148,22.0143420069949,0.9958677685950413,0.9947915408921054,0.0,0.0,2013.5590406333977,1955.381935197543,0.9952257220840379,0.9934199454894335
annual,2024.0,2,fixed_d23,fixed,23.0,double_slippage,0.41256548687404004,0.48936190832539006,0.640495867768595,242,0.05922926319423816,0.0079906760435342,23.270661157024794,23.014259494747503,0.9958677685950413,0.9947915408921054,0.0,0.0,2016.8336009805282,1956.578270764876,0.9952257220840379,0.9934199454894335
annual,2024.0,2,fixed_d24,fixed,24.0,double_slippage,0.39961907802202284,0.47250672550575334,0.6239669421487604,242,0.06128292143037886,0.009225342719586213,24.276859504132233,24.01420768682968,0.9958677685950413,0.9947915408921054,0.0,0.0,2019.1067499888027,1957.9448960780974,0.9952257220840379,0.9934199454894335
annual,2024.0,2,fixed_d25,fixed,25.0,double_slippage,0.39508136195548116,0.40023842754237193,0.6322314049586777,242,0.06464348040837851,0.010616148869921328,25.27892561983471,25.01255318344055,0.9958677685950413,0.9947915408921054,0.0,0.0,2022.8264786046188,1959.4843487317553,0.9952257220840379,0.9934199454894335
annual,2024.0,2,fixed_d26,fixed,26.0,double_slippage,0.407055127373753,0.3868288333313049,0.628099173553719,242,0.070124542696128,0.01197638886694463,26.28099173553719,26.012419045927324,0.9958677685950413,0.9947915408921054,0.0,0.0,2028.8933455664255,1960.9899683844474,0.9952257220840379,0.9934199454894335
annual,2024.0,2,fixed_d27,fixed,27.0,double_slippage,0.4152829035571109,0.39722087688391505,0.628099173553719,242,0.07485310553761623,0.013340515559012375,27.270661157024794,27.012221912224156,0.9958677685950413,0.9947915408921054,0.0,0.0,2034.1272874874924,1962.4998901341635,0.9952257220840379,0.9934199454894335
annual,2024.0,2,fixed_d28,fixed,28.0,double_slippage,0.4366224622229857,0.40316623632316917,0.628099173553719,242,0.08072736352786776,0.014539583985848384,28.260330578512395,28.012283756888543,0.9958677685950413,0.9947915408921054,0.0,0.0,2040.6293741004883,1963.827112530445,0.9952257220840379,0.9934199454894335
annual,2024.0,2,fixed_d29,fixed,29.0,double_slippage,0.4280774166958349,0.4291174396804396,0.6157024793388429,242,0.08294729955967843,0.015692495956368867,29.25826446280992,29.01232671308002,0.9958677685950413,0.9947915408921054,0.0,0.0,2043.086572333542,1965.1032453632088,0.9952257220840379,0.9934199454894335
annual,2024.0,2,fixed_d3,fixed,3.0,double_slippage,0.8561547362038278,0.33882900513705955,0.5413223140495868,242,0.008539699607393982,-0.0028079621281478138,3.020661157024793,3.0100726551306756,0.9958677685950413,0.9947915408921054,0.0,0.0,1960.7264410015862,1944.625496335969,0.9952257220840379,0.9934199454894335
annual,2024.0,2,fixed_d30,fixed,30.0,double_slippage,0.44885790989736607,0.4069196147262353,0.628099173553719,242,0.08910406158406332,0.016837141019773794,30.274793388429753,30.01239087311001,0.9958677685950413,0.9947915408921054,0.0,0.0,2049.9013564313077,1966.3702277388118,0.9952257220840379,0.9934199454894335
annual,2024.0,2,fixed_d31,fixed,31.0,double_slippage,0.44154104821293555,0.38150198667840984,0.6487603305785123,242,0.0912161352274884,0.017837350298551144,31.264462809917354,31.012417372930248,0.9958677685950413,0.9947915408921054,0.0,0.0,2052.239164165557,1967.4773373299342,0.9952257220840379,0.9934199454894335
annual,2024.0,2,fixed_d32,fixed,32.0,double_slippage,0.4375119418335359,0.3673055169847429,0.6570247933884298,242,0.0942776483399108,0.018834534625542305,32.25,32.01246364006618,0.9958677685950413,0.9947915408921054,0.0,0.0,2055.6278855082064,1968.581098668639,0.9952257220840379,0.9934199454894335
annual,2024.0,2,fixed_d33,fixed,33.0,double_slippage,0.44688077502942547,0.35888874452192276,0.6487603305785123,242,0.09857825817454245,0.019791114672477073,33.231404958677686,33.01247332861538,0.9958677685950413,0.9947915408921054,0.0,0.0,2060.3881356844613,1969.6399160252743,0.9952257220840379,0.9934199454894335
annual,2024.0,2,fixed_d34,fixed,34.0,double_slippage,0.44003687339840963,0.3678112009027884,0.6446280991735537,242,0.10112909625173057,0.02086494366057306,34.22520661157025,34.0124592557367,0.9958677685950413,0.9947915408921054,0.0,0.0,2063.2116020935196,1970.8285136489633,0.9952257220840379,0.9934199454894335
annual,2024.0,2,fixed_d35,fixed,35.0,double_slippage,0.46699697278843016,0.3940097614383308,0.640495867768595,242,0.10856615276328314,0.021730162356897523,35.21280991735537,35.012484231404905,0.9958677685950413,0.9947915408921054,0.0,0.0,2071.4435159223144,1971.786205141577,0.9952257220840379,0.9934199454894335
annual,2024.0,2,fixed_d36,fixed,36.0,double_slippage,0.4511286554184368,0.4655348612852269,0.6446280991735537,242,0.10918448839941111,0.022672430859711497,36.21487603305785,36.01220227555317,0.9958677685950413,0.9947915408921054,0.0,0.0,2072.1279380005885,1972.8291813656658,0.9952257220840379,0.9934199454894335
annual,2024.0,2,fixed_d37,fixed,37.0,double_slippage,0.4414243576691449,0.43018613184135635,0.6363636363636364,242,0.11064218844304384,0.02343943833368508,37.210743801652896,37.01227891308783,0.9958677685950413,0.9947915408921054,0.0,0.0,2073.7414340293967,1973.678165022303,0.9952257220840379,0.9934199454894335
annual,2024.0,2,fixed_d38,fixed,38.0,double_slippage,0.44446982008011265,0.40787116647009447,0.6322314049586777,242,0.11344371983790297,0.02425249336561024,38.196280991735534,38.012316551483124,0.9958677685950413,0.9947915408921054,0.0,0.0,2076.8423873427546,1974.5781177052595,0.9952257220840379,0.9934199454894335
annual,2024.0,2,fixed_d39,fixed,39.0,double_slippage,0.42761201444496527,0.3853923949501016,0.6446280991735537,242,0.11283306635516027,0.025018263954331002,39.18801652892562,39.012338688910035,0.9958677685950413,0.9947915408921054,0.0,1.3927305038620418e-06,2076.1664684706343,1975.425739259958,0.9952257220840379,0.9934199454894335
annual,2024.0,2,fixed_d4,fixed,4.0,double_slippage,0.8858518564217212,0.520177661519338,0.5785123966942148,242,0.013664699912258764,-0.002396870889764975,4.0227272727272725,4.010716375740058,0.9958677685950413,0.9947915408921054,0.0,0.0,1966.3991908074615,1945.080524161142,0.9952257220840379,0.9934199454894335
annual,2024.0,2,fixed_d40,fixed,40.0,double_slippage,0.4192196444426715,0.4082683819675357,0.6487603305785123,242,0.11337046112219745,0.025853989975822073,40.179752066115704,40.012352468555726,0.9958677685950413,0.9947915408921054,0.0,2.785930572964765e-06,2076.761298886058,1976.3507929426796,0.9952257220840379,0.9934199454894335
annual,2024.0,2,fixed_d41,fixed,41.0,double_slippage,0.41225187125249096,0.405333509823257,0.6487603305785123,242,0.11494403163730849,0.02670047038536801,41.16528925619835,41.01237941477445,0.9958677685950413,0.9947915408921054,0.0,4.1791306420674885e-06,2078.50304938423,1977.2877504203518,0.9952257220840379,0.9934199454894335
annual,2024.0,2,fixed_d42,fixed,42.0,double_slippage,0.4063546921448726,0.4356534222464016,0.6363636363636364,242,0.117006920017438,0.02765559729668592,42.16115702479339,42.01240036029301,0.9958677685950413,0.9947915408921054,0.0,5.572330711170211e-06,2080.786415035313,1978.3449663146432,0.9952257220840379,0.9934199454894335
annual,2024.0,2,fixed_d43,fixed,43.0,double_slippage,0.40490010680752025,0.4184439790530754,0.6570247933884298,242,0.12007687360151743,0.028580413178569478,43.14462809917355,43.012402270952386,0.9958677685950413,0.9947915408921054,0.0,6.965530780272934e-06,2084.184478949886,1979.368631598962,0.9952257220840379,0.9934199454894335
annual,2024.0,2,fixed_d44,fixed,44.0,double_slippage,0.40650924999458005,0.3906975845081476,0.6652892561983471,242,0.12313062598538599,0.029498699530991466,44.13636363636363,44.01241008335817,0.9958677685950413,0.9947915408921054,0.0,8.358261284134977e-06,2087.5646101132625,1980.385069488775,0.9952257220840379,0.9934199454894335
annual,2024.0,2,fixed_d45,fixed,45.0,double_slippage,0.40537073144541136,0.37899801194601446,0.6694214876033058,242,0.12678931156371648,0.03037479113175742,45.13636363636363,45.01239806091753,0.9958677685950413,0.9947915408921054,0.0,9.750991787997018e-06,2091.6143284878217,1981.3548029385822,0.9952257220840379,0.9934199454894335
annual,2024.0,2,fixed_d46,fixed,46.0,double_slippage,0.40003686793237886,0.3421412022246635,0.6694214876033058,242,0.1297869074557678,0.031311799716930794,46.1301652892562,46.01240755769927,0.9958677685950413,0.9947915408921054,0.0,1.1143253043037004e-05,2094.9323012689315,1982.3919640525585,0.9952257220840379,0.9934199454894335
annual,2024.0,2,fixed_d47,fixed,47.0,double_slippage,0.401277007890404,0.29679028785815464,0.6652892561983471,242,0.13445200593315118,0.032262195276506686,47.12809917355372,47.012424767236034,0.9958677685950413,0.9947915408921054,0.0,1.2535045365353837e-05,2100.095995885075,1983.443942910902,0.9952257220840379,0.9934199454894335
annual,2024.0,2,fixed_d48,fixed,48.0,double_slippage,0.4012106186003982,0.3607572301911325,0.6900826446280992,242,0.1382272393469717,0.03320945628675058,48.1198347107438,48.01242169145106,0.9958677685950413,0.9947915408921054,0.0,1.392683768767067e-05,2104.2747184882833,1984.4924522057227,0.9952257220840379,0.9934199454894335
annual,2024.0,2,fixed_d49,fixed,49.0,double_slippage,0.40370855555403806,0.3317494525440185,0.6652892561983471,242,0.14319017789632332,0.03414659711769802,49.11776859504132,49.012465391961705,0.9958677685950413,0.9947915408921054,0.0,1.5319098942710657e-05,2109.768085711242,1985.5297596996293,0.9952257220840379,0.9934199454894335
annual,2024.0,2,fixed_d5,fixed,5.0,double_slippage,0.8957337164648659,0.6824509721720708,0.5661157024793388,242,0.01896362364089355,-0.0020460581960518487,5.024793388429752,5.011439587292307,0.9958677685950413,0.9947915408921054,0.0,0.0,1972.2644526152376,1945.4688309946598,0.9952257220840379,0.9934199454894335
annual,2024.0,2,fixed_d50,fixed,50.0,double_slippage,0.3973749968632124,0.3094380725430244,0.6528925619834711,242,0.14598140347475203,0.03509383584724038,50.11570247933884,50.012483037905206,0.9958677685950413,0.9947915408921054,0.0,1.671089126502749e-05,2112.857631743692,1986.5782443324324,0.9952257220840379,0.9934199454894335
annual,2024.0,2,fixed_d51,fixed,51.0,double_slippage,0.39376522586404766,0.3250425902338422,0.6528925619834711,242,0.14958008620580449,0.035981421883288685,51.107438016528924,51.012588220344995,0.9958677685950413,0.9947915408921054,0.0,1.8102683587344323e-05,2116.840934289958,1987.5607007144438,0.9952257220840379,0.9934199454894335
annual,2024.0,2,fixed_d52,fixed,52.0,double_slippage,0.38787798197357365,0.340603231942038,0.6487603305785123,242,0.15147584740621864,0.036707167302408986,52.09710743801653,52.01261967189195,0.9958677685950413,0.9947915408921054,0.0,1.9494475909661157e-05,2118.9393105517943,1988.3640192869627,0.9952257220840379,0.9934199454894335
annual,2024.0,2,fixed_d53,fixed,53.0,double_slippage,0.36747695348102505,0.31698033829927663,0.6528925619834711,242,0.14902147177164365,0.03747255995223963,53.09710743801653,53.012645194569764,0.9958677685950413,0.9947915408921054,0.0,2.088673716470114e-05,2116.222616292994,1989.2112225070875,0.9952257220840379,0.9934199454894335
annual,2024.0,2,fixed_d54,fixed,54.0,double_slippage,0.36187358125783287,0.3404385907878464,0.6487603305785123,242,0.1507145894306044,0.03833456657496023,54.07644628099174,54.01263145772524,0.9958677685950413,0.9947915408921054,0.0,2.2278529487017974e-05,2118.0966908880864,1990.1653656006386,0.9952257220840379,0.9934199454894335
annual,2024.0,2,fixed_d55,fixed,55.0,double_slippage,0.35915577098560136,0.3357414692574603,0.6652892561983471,242,0.15354363393746862,0.039202220538412186,55.09710743801653,55.012692053140874,0.9958677685950413,0.9947915408921054,0.0,2.3670321809334808e-05,2121.2280978583226,1991.1257596110934,0.9952257220840379,0.9934199454894335
annual,2024.0,2,fixed_d56,fixed,56.0,double_slippage,0.3548207902664215,0.3542828821802513,0.6487603305785123,242,0.1560272039538352,0.040008761321370725,56.09297520661157,56.01262513974375,0.9958677685950413,0.9947915408921054,0.0,2.5062583064374792e-05,2123.9771067344495,1992.018508792258,0.9952257220840379,0.9934199454894335
annual,2024.0,2,fixed_d57,fixed,57.0,double_slippage,0.3481894947071437,0.32397370272656467,0.6487603305785123,242,0.15802366979916121,0.04076141716718541,57.074380165289256,57.01262956473192,0.9958677685950413,0.9947915408921054,0.0,2.7848044072098874e-05,2126.186950746706,1992.8516209063464,0.9952257220840379,0.9934199454894335
annual,2024.0,2,fixed_d58,fixed,58.0,double_slippage,0.3408519010327429,0.3222318925695249,0.640495867768595,242,0.15942399942905702,0.04145102307039886,58.06611570247934,58.0126268515454,0.9958677685950413,0.9947915408921054,0.0,3.063350507982296e-05,2127.7369447298497,1993.6149444295327,0.9952257220840379,0.9934199454894335
annual,2024.0,2,fixed_d59,fixed,59.0,double_slippage,0.34040837559163933,0.3416247061002655,0.640495867768595,242,0.16244095669447264,0.04203917441201177,59.04545454545455,59.01257837521724,0.9958677685950413,0.9947915408921054,0.0,3.341896608754705e-05,2131.0763481881227,1994.2659701360578,0.9952257220840379,0.9934199454894335
annual,2024.0,2,fixed_d6,fixed,6.0,double_slippage,0.8039793821588184,0.637957884067621,0.5661157024793388,242,0.02179912162603977,-0.0016460231810970951,6.026859504132231,6.012061513722053,0.9958677685950413,0.9947915408921054,0.0,0.0,1975.4030027982546,1945.9116209299648,0.9952257220840379,0.9934199454894335
annual,2024.0,2,fixed_d60,fixed,60.0,double_slippage,0.33890259739820117,0.34894501798205124,0.6487603305785123,242,0.16581410081650622,0.042660099138541886,60.03512396694215,60.01258673784353,0.9958677685950413,0.9947915408921054,0.0,3.6204427095271124e-05,2134.810007022309,1994.9532719795322,0.9952257220840379,0.9934199454894335
annual,2024.0,2,fixed_d7,fixed,7.0,double_slippage,0.7611792288555036,0.6362354629489282,0.5743801652892562,242,0.02518224222357819,-0.001391808011400086,7.020661157024794,7.012666126466325,0.9958677685950413,0.9947915408921054,0.0,0.0,1979.147704373144,1946.193006094602,0.9952257220840379,0.9934199454894335
annual,2024.0,2,fixed_d8,fixed,8.0,double_slippage,0.7814765126296344,0.6850536205094411,0.5867768595041323,242,0.030258658449277387,-0.0012002408197903864,8.026859504132231,8.013146128875587,0.9958677685950413,0.9947915408921054,0.0,0.0,1984.7666775333105,1946.4050475939914,0.9952257220840379,0.9934199454894335
annual,2024.0,2,fixed_d9,fixed,9.0,double_slippage,0.7521037541886749,0.6078880750351777,0.6033057851239669,242,0.033952986145048644,-0.0009373881108949305,9.049586776859504,9.013502148706243,0.9958677685950413,0.9947915408921054,0.0,0.0,1988.8558473815797,1946.695993460267,0.9952257220840379,0.9934199454894335
annual,2024.0,2,model_plan,model_plan,,double_slippage,0.5080295797147791,0.6220611871522841,0.6446280991735537,242,0.05235174666846122,0.0021247705519776405,20.764462809917354,6.400669755700793,0.9958677685950413,0.9947915408921054,0.0,0.0,2009.2210296213661,1950.0854293484715,0.9952257220840379,0.9934199454894335
annual,2024.0,2,rolling_path,rolling,,double_slippage,1.0079950530418567,1.0885139954269807,0.6694214876033058,242,0.05384787194535715,0.0019067347127805832,16.46900826446281,5.263007655474995,0.9958677685950413,0.9947915408921054,0.0,0.0,2010.877057693407,1949.844090286832,0.9952257220840379,0.9934199454894335
annual,2024.0,3,fixed_d10,fixed,10.0,base,0.6201415601352623,0.7897808686989336,0.628099173553719,242,0.03200256692894126,0.0007253759082108973,10.060606060606062,10.013756653495184,0.9972451790633609,0.9947915408921054,0.0,0.0,853.2719962971563,834.5670373641949,0.9962414043884674,0.9927376398432931
annual,2024.0,3,fixed_d11,fixed,11.0,base,0.57865823448532,0.5931083924926368,0.6157024793388429,242,0.03334641591208181,0.0010142708320424903,11.067493112947659,11.013968815793056,0.9972451790633609,0.9947915408921054,0.0,0.0,853.949168443864,834.7126129446347,0.9962414043884674,0.9927376398432931
annual,2024.0,3,fixed_d12,fixed,12.0,base,0.5720461804077189,0.7313191178737759,0.6322314049586777,242,0.03609461710266623,0.0014730303135484619,12.075757575757574,12.014070955161198,0.9972451790633609,0.9947915408921054,0.0,0.0,855.3340006111401,834.9437841155113,0.9962414043884674,0.9927376398432931
annual,2024.0,3,fixed_d13,fixed,13.0,base,0.5319523256212446,0.6340607384816359,0.6487603305785123,242,0.037131977171143415,0.0020362934889229297,13.090909090909092,13.014170515829903,0.9972451790633609,0.9947915408921054,0.0,0.0,855.8567314784412,835.2276152144034,0.9962414043884674,0.9927376398432931
annual,2024.0,3,fixed_d14,fixed,14.0,base,0.51603041505827,0.8183998908986839,0.6776859504132231,242,0.039303356930592274,0.002556267661501731,14.082644628099173,14.014225221542562,0.9972451790633609,0.9947915408921054,0.0,0.0,856.9509004747129,835.4896327707621,0.9962414043884674,0.9927376398432931
annual,2024.0,3,fixed_d15,fixed,15.0,base,0.48056533073143254,0.6549870964220603,0.6570247933884298,242,0.04031867829722239,0.003230524094539693,15.06887052341598,15.014249852399624,0.9972451790633609,0.9947915408921054,0.0,0.0,857.4625259311935,835.8293939209509,0.9962414043884674,0.9927376398432931
annual,2024.0,3,fixed_d16,fixed,16.0,base,0.4536848893157844,0.6102564408489786,0.6611570247933884,242,0.041890124172356186,0.0039750822986804445,16.063360881542703,16.014335195065865,0.9972451790633609,0.9947915408921054,0.0,0.0,858.2543852770345,836.2045804811765,0.9962414043884674,0.9927376398432931
annual,2024.0,3,fixed_d17,fixed,17.0,base,0.44291299639572307,0.56595231729143,0.6859504132231405,242,0.04378135706377547,0.004660958348431478,17.05509641873278,17.014441153983412,0.9972451790633609,0.9947915408921054,0.0,0.0,859.207386881438,836.5501968136754,0.9962414043884674,0.9927376398432931
annual,2024.0,3,fixed_d18,fixed,18.0,base,0.4331927773359139,0.5371772273352353,0.6570247933884298,242,0.045751823434265725,0.005172899550946828,18.050964187327825,18.01452527177187,0.9972451790633609,0.9947915408921054,0.0,0.0,860.2003146276807,836.8081665167036,0.9962414043884674,0.9927376398432931
annual,2024.0,3,fixed_d19,fixed,19.0,base,0.430753505127124,0.49840319860901433,0.6652892561983471,242,0.04820929869448312,0.005803941521171518,19.045454545454547,19.014531550733967,0.9972451790633609,0.9947915408921054,0.0,0.0,861.4386485612706,837.1261516854249,0.9962414043884674,0.9927376398432931
annual,2024.0,3,fixed_d2,fixed,2.0,base,0.9080725555622832,0.3655881394036089,0.5537190082644629,242,0.00583247783979202,-0.0016206509328625975,2.020661157024793,2.0094148113498185,0.9972451790633609,0.9947915408921054,0.0,0.0,840.0847590179943,833.3848628400222,0.9962414043884674,0.9927376398432931
annual,2024.0,3,fixed_d20,fixed,20.0,base,0.42483041715477016,0.4595629268109998,0.6487603305785123,242,0.05081133950564217,0.006465367400733159,20.088154269972453,20.014527992119003,0.9972451790633609,0.9947915408921054,0.0,0.0,862.7498297907238,837.4594474562815,0.9962414043884674,0.9927376398432931
annual,2024.0,3,fixed_d21,fixed,21.0,base,0.40698896810225005,0.42153981138119556,0.6570247933884298,242,0.05247587791790427,0.007274889669293736,21.147382920110193,21.014475562895072,0.9972451790633609,0.9947915408921054,0.0,0.0,863.5885989262819,837.8673697297561,0.9962414043884674,0.9927376398432931
annual,2024.0,3,fixed_d22,fixed,22.0,base,0.3932616279528716,0.35800307966609607,0.6446280991735537,242,0.05467178937764006,0.008313103130577813,22.195592286501377,22.0143420069949,0.9972451790633609,0.9947915408921054,0.0,0.0,864.6951295676145,838.3905306259126,0.9962414043884674,0.9927376398432931
annual,2024.0,3,fixed_d23,fixed,23.0,base,0.40553430683131525,0.3887341233712101,0.640495867768595,242,0.05913530219106116,0.009395076937439979,23.19559228650138,23.014259494747503,0.9972451790633609,0.9947915408921054,0.0,0.0,866.9443157422841,838.9357425765606,0.9962414043884674,0.9927376398432931
annual,2024.0,3,fixed_d24,fixed,24.0,base,0.4053500982460318,0.3380569749593896,0.6487603305785123,242,0.06286763946684439,0.010630941336748119,24.195592286501377,24.01420768682968,0.9972451790633609,0.9947915408921054,0.0,0.0,868.8250589485433,839.5585007575905,0.9962414043884674,0.9927376398432931
annual,2024.0,3,fixed_d25,fixed,25.0,base,0.40117776839120795,0.4190804862880475,0.6363636363636364,242,0.06674903944939713,0.01202295591844271,25.24793388429752,25.01255318344055,0.9972451790633609,0.9947915408921054,0.0,0.0,870.780915589722,840.2599437875444,0.9962414043884674,0.9927376398432931
annual,2024.0,3,fixed_d26,fixed,26.0,base,0.42064438907829566,0.33429002478273495,0.6446280991735537,242,0.07269701965182443,0.013384554841423365,26.24586776859504,26.012419045927324,0.9972451790633609,0.9947915408921054,0.0,0.0,873.7781322210449,840.9460602166948,0.9962414043884674,0.9927376398432931
annual,2024.0,3,fixed_d27,fixed,27.0,base,0.42686484811203224,0.3429555464121661,0.6570247933884298,242,0.07675143514693092,0.014749981576841776,27.24517906336088,27.012221912224156,0.9972451790633609,0.9947915408921054,0.0,0.0,875.8211722344024,841.6341054994579,0.9962414043884674,0.9927376398432931
annual,2024.0,3,fixed_d28,fixed,28.0,base,0.43510271265312345,0.43290534096232963,0.6322314049586777,242,0.08097386808840568,0.015950112955962274,28.236225895316803,28.012283756888543,0.9972451790633609,0.9947915408921054,0.0,0.0,877.9488770696779,842.238857634948,0.9962414043884674,0.9927376398432931
annual,2024.0,3,fixed_d29,fixed,29.0,base,0.43530314793893954,0.3334678621821634,0.6198347107438017,242,0.08390762341047955,0.017104245670483603,29.23278236914601,29.01232671308002,0.9972451790633609,0.9947915408921054,0.0,0.0,879.4272108812062,842.8204308159253,0.9962414043884674,0.9927376398432931
annual,2024.0,3,fixed_d3,fixed,3.0,base,0.811298976451264,0.5360306199092182,0.5743801652892562,242,0.008879759743681026,-0.00141822432857708,3.024793388429752,3.0100726551306756,0.9972451790633609,0.9947915408921054,0.0,0.0,841.6202994353852,833.4868666067362,0.9962414043884674,0.9927376398432931
annual,2024.0,3,fixed_d30,fixed,30.0,base,0.4560022606024103,0.32454144045533506,0.6363636363636364,242,0.09004935423725798,0.018249942766095935,30.23278236914601,30.01239087311001,0.9972451790633609,0.9947915408921054,0.0,0.0,882.522059410057,843.397753246828,0.9962414043884674,0.9927376398432931
annual,2024.0,3,fixed_d31,fixed,31.0,base,0.4453765260853452,0.38634185331837234,0.628099173553719,242,0.09195813834000274,0.019251201083316686,31.221763085399445,31.012417372930248,0.9972451790633609,0.9947915408921054,0.0,0.0,883.4839051566214,843.9022922631815,0.9962414043884674,0.9927376398432931
annual,2024.0,3,fixed_d32,fixed,32.0,base,0.4482536645043784,0.37729271145610305,0.628099173553719,242,0.09589113255118739,0.02024934328151163,32.209366391184574,32.01246364006618,0.9972451790633609,0.9947915408921054,0.0,0.0,885.4657603846938,844.4052610517517,0.9962414043884674,0.9927376398432931
annual,2024.0,3,fixed_d33,fixed,33.0,base,0.448648333529268,0.35498760555039705,0.6198347107438017,242,0.09869067012811336,0.021206925728686613,33.192837465564736,33.01247332861538,0.9972451790633609,0.9947915408921054,0.0,0.0,886.8764612108577,844.887791581252,0.9962414043884674,0.9927376398432931
annual,2024.0,3,fixed_d34,fixed,34.0,base,0.44632412184380227,0.35289758886082034,0.6198347107438017,242,0.10211688979912986,0.02228174943204332,34.19077134986226,34.0124592557367,0.9972451790633609,0.9947915408921054,0.0,0.0,888.6029502426044,845.429400559393,0.9962414043884674,0.9927376398432931
annual,2024.0,3,fixed_d35,fixed,35.0,base,0.46081251732483036,0.37531090974229686,0.6363636363636364,242,0.10752453772128742,0.02314783808321404,35.176308539944905,35.012484231404905,0.9972451790633609,0.9947915408921054,0.0,0.0,891.3278907664493,845.8658269127336,0.9962414043884674,0.9927376398432931
annual,2024.0,3,fixed_d36,fixed,36.0,base,0.45151274718990325,0.3953384645742769,0.6487603305785123,242,0.10936000786941666,0.02409107252048679,36.179752066115704,36.01220227555317,0.9972451790633609,0.9947915408921054,0.0,0.0,892.2527932488108,846.3411274091064,0.9962414043884674,0.9927376398432931
annual,2024.0,3,fixed_d37,fixed,37.0,base,0.450348616199853,0.3441577706835917,0.640495867768595,242,0.11274350430204023,0.02485898656631719,37.170798898071624,37.01227891308783,0.9972451790633609,0.9947915408921054,0.0,0.0,893.9577538295046,846.7280830934325,0.9962414043884674,0.9927376398432931
annual,2024.0,3,fixed_d38,fixed,38.0,base,0.4556473916673116,0.33494463036649424,0.6446280991735537,242,0.11665721513949,0.02567283935206399,38.15771349862259,38.012316551483124,0.9972451790633609,0.9947915408921054,0.0,0.0,895.9298920702133,847.1381875359276,0.9962414043884674,0.9927376398432931
annual,2024.0,3,fixed_d39,fixed,39.0,base,0.44294342000857195,0.36636064444930766,0.6363636363636364,242,0.11683800677814377,0.02643938149470567,39.151515151515156,39.012338688910035,0.9972451790633609,0.9947915408921054,0.0,1.3927305038620418e-06,896.02099387078,847.5244588856335,0.9962414043884674,0.9927376398432931
annual,2024.0,3,fixed_d4,fixed,4.0,base,0.7389303712270898,0.5650602467361571,0.5950413223140496,242,0.012272481414443568,-0.0010063944878310317,4.023415977961433,4.010716375740058,0.9972451790633609,0.9947915408921054,0.0,0.0,843.3299086591868,833.6943896996096,0.9962414043884674,0.9927376398432931
annual,2024.0,3,fixed_d40,fixed,40.0,base,0.43401071551493237,0.33536432405446603,0.6446280991735537,242,0.11743997465479955,0.027276037159864895,40.14393939393939,40.012352468555726,0.9972451790633609,0.9947915408921054,0.0,2.785930572964765e-06,896.3243284600071,847.9460607883349,0.9962414043884674,0.9927376398432931
annual,2024.0,3,fixed_d41,fixed,41.0,base,0.4225773990234904,0.3065491852502837,0.6570247933884298,242,0.11789916141033445,0.028123219994598766,41.13911845730027,41.01237941477445,0.9972451790633609,0.9947915408921054,0.0,4.1791306420674885e-06,896.5557149363788,848.372967383832,0.9962414043884674,0.9927376398432931
annual,2024.0,3,fixed_d42,fixed,42.0,base,0.42118310100753875,0.32226417840190114,0.6528925619834711,242,0.12085371051824878,0.029079201448738535,42.1301652892562,42.01240036029301,0.9972451790633609,0.9947915408921054,0.0,5.572330711170211e-06,898.0445268393975,848.8546981415574,0.9962414043884674,0.9927376398432931
annual,2024.0,3,fixed_d43,fixed,43.0,base,0.41841158512690296,0.3109088995129761,0.6735537190082644,242,0.12348630903913572,0.030004992062731835,43.11707988980716,43.012402270952386,0.9972451790633609,0.9947915408921054,0.0,6.965530780272934e-06,899.3711062498636,849.3212155856669,0.9962414043884674,0.9927376398432931
annual,2024.0,3,fixed_d44,fixed,44.0,base,0.419093475377939,0.3271132120203286,0.6818181818181818,242,0.12697848827788197,0.03092424166904271,44.10674931129477,44.01241008335817,0.9972451790633609,0.9947915408921054,0.0,8.358261284134977e-06,901.1308326338983,849.7844369813145,0.9962414043884674,0.9927376398432931
annual,2024.0,3,fixed_d45,fixed,45.0,base,0.4151795277870615,0.3202976156820666,0.6694214876033058,242,0.13015743404238367,0.031801385807673284,45.10468319559229,45.01239806091753,0.9972451790633609,0.9947915408921054,0.0,9.750991787997018e-06,902.7327191216084,850.226441223625,0.9962414043884674,0.9927376398432931
annual,2024.0,3,fixed_d46,fixed,46.0,base,0.4134513451709722,0.3147374214511215,0.6694214876033058,242,0.13345238393617145,0.032739452875211794,46.09710743801653,46.01240755769927,0.9972451790633609,0.9947915408921054,0.0,1.1143253043037004e-05,904.3930606636007,850.6991448286706,0.9962414043884674,0.9927376398432931
annual,2024.0,3,fixed_d47,fixed,47.0,base,0.4138629112978244,0.29633622515195324,0.6694214876033058,242,0.13739224950406026,0.03369091990061129,47.10055096418732,47.012424767236034,0.9972451790633609,0.9947915408921054,0.0,1.2535045365353837e-05,906.3783784022872,851.1786007363847,0.9962414043884674,0.9927376398432931
annual,2024.0,3,fixed_d48,fixed,48.0,base,0.4122438465761879,0.31279101739685655,0.6652892561983471,242,0.14130541774653257,0.03463915883715845,48.09297520661157,48.01242169145106,0.9972451790633609,0.9947915408921054,0.0,1.392683768767067e-05,908.3502432267059,851.6564299941662,0.9962414043884674,0.9927376398432931
annual,2024.0,3,fixed_d49,fixed,49.0,base,0.4052073723774994,0.31594422500657704,0.6528925619834711,242,0.14360545569636882,0.035577308266103225,49.092286501377416,49.012465391961705,0.9972451790633609,0.9947915408921054,0.0,1.5319098942710657e-05,909.5092437212096,852.1291751015315,0.9962414043884674,0.9927376398432931
annual,2024.0,3,fixed_d5,fixed,5.0,base,0.725927694916788,0.6812034850170815,0.6074380165289256,242,0.016533484535786406,-0.0006548335731560765,5.022038567493113,5.011439587292307,0.9972451790633609,0.9947915408921054,0.0,0.0,845.4770491987922,833.8715429826614,0.9962414043884674,0.9927376398432931
annual,2024.0,3,fixed_d50,fixed,50.0,base,0.3966218966835774,0.30744039919125854,0.6487603305785123,242,0.14548341896497113,0.0365254764852622,50.088154269972456,50.012483037905206,0.9972451790633609,0.9947915408921054,0.0,1.671089126502749e-05,910.4555586970689,852.6069687244715,0.9962414043884674,0.9927376398432931
annual,2024.0,3,fixed_d51,fixed,51.0,base,0.38943489689556954,0.2784908878461866,0.6446280991735537,242,0.14753548303794545,0.03741396835123265,51.077823691460054,51.012588220344995,0.9972451790633609,0.9947915408921054,0.0,1.8102683587344323e-05,911.4896039290198,853.0546911379947,0.9962414043884674,0.9927376398432931
annual,2024.0,3,fixed_d52,fixed,52.0,base,0.3861850573731217,0.2671576166929387,0.6528925619834711,242,0.15026697988260826,0.03814057371866217,52.07162534435261,52.01261967189195,0.9972451790633609,0.9947915408921054,0.0,1.9494475909661157e-05,912.8660186937977,853.4208381445225,0.9962414043884674,0.9927376398432931
annual,2024.0,3,fixed_d53,fixed,53.0,base,0.376560937671202,0.2530907774230635,0.640495867768595,242,0.1514414769344758,0.038906956663907824,53.074380165289256,53.012645194569764,0.9972451790633609,0.9947915408921054,0.0,2.088673716470114e-05,913.4578535650462,853.8070292715238,0.9962414043884674,0.9927376398432931
annual,2024.0,3,fixed_d54,fixed,54.0,base,0.3745958186608635,0.2766995797964323,0.6570247933884298,242,0.15404032821632888,0.03976999590616317,54.06060606060606,54.01263145772524,0.9972451790633609,0.9947915408921054,0.0,2.2278529487017974e-05,914.7674275749137,854.241925982117,0.9962414043884674,0.9927376398432931
annual,2024.0,3,fixed_d55,fixed,55.0,base,0.3685420420918752,0.2705099622953486,0.6322314049586777,242,0.15599102478038468,0.0406387328698005,55.070936639118464,55.012692053140874,0.9972451790633609,0.9947915408921054,0.0,2.3670321809334808e-05,915.750393217949,854.6796938026846,0.9962414043884674,0.9927376398432931
annual,2024.0,3,fixed_d56,fixed,56.0,base,0.36164285916609495,0.2839758781174514,0.6528925619834711,242,0.15684293991371864,0.04144608952673306,56.06887052341598,56.01262513974375,0.9972451790633609,0.9947915408921054,0.0,2.5062583064374792e-05,916.1796774655779,855.0865317855826,0.9962414043884674,0.9927376398432931
annual,2024.0,3,fixed_d57,fixed,57.0,base,0.3528751862859781,0.2721490804636846,0.6322314049586777,242,0.15767730681165765,0.042199740802370656,57.053030303030305,57.01262956473192,0.9972451790633609,0.9947915408921054,0.0,2.7848044072098874e-05,916.6001190706307,855.4663143378513,0.9962414043884674,0.9927376398432931
annual,2024.0,3,fixed_d58,fixed,58.0,base,0.3490838876223617,0.30465721209530494,0.640495867768595,242,0.15948561863012767,0.04289006259583419,58.04545454545455,58.0126268515454,0.9972451790633609,0.9947915408921054,0.0,3.063350507982296e-05,917.5113363364035,855.8141848509464,0.9962414043884674,0.9927376398432931
annual,2024.0,3,fixed_d59,fixed,59.0,base,0.34482376652472874,0.31261067586844316,0.640495867768595,242,0.1614093045537821,0.04347890459294446,59.03099173553719,59.01257837521724,0.9972451790633609,0.9947915408921054,0.0,3.341896608754705e-05,918.4806911841988,856.1109191929341,0.9962414043884674,0.9927376398432931
annual,2024.0,3,fixed_d6,fixed,6.0,base,0.6976891943742302,0.5409919494293732,0.5743801652892562,242,0.019925307608726565,-0.0002539869857066558,6.024793388429752,6.012061513722053,0.9972451790633609,0.9947915408921054,0.0,0.0,847.186205614707,834.0735315598965,0.9962414043884674,0.9927376398432931
annual,2024.0,3,fixed_d60,fixed,60.0,base,0.34283731481762164,0.3203751167391257,0.6363636363636364,242,0.1638598762564129,0.04410056366864877,60.027548209366394,60.01258673784353,0.9972451790633609,0.9947915408921054,0.0,3.6204427095271124e-05,919.7155463809896,856.4241902230758,0.9962414043884674,0.9927376398432931
annual,2024.0,3,fixed_d7,fixed,7.0,base,0.6847914129139419,0.5512972037502215,0.6033057851239669,242,0.023368985740348597,8.732005210019561e-07,7.019283746556473,7.012666126466325,0.9972451790633609,0.9947915408921054,0.0,0.0,848.9214920510681,834.2019568677871,0.9962414043884674,0.9927376398432931
annual,2024.0,3,fixed_d8,fixed,8.0,base,0.6717616278936648,0.5874079317514647,0.6198347107438017,242,0.026733717976886718,0.00019298905568541924,8.026170798898072,8.013146128875587,0.9972451790633609,0.9947915408921054,0.0,0.0,850.6169972605811,834.2987649970415,0.9962414043884674,0.9927376398432931
annual,2024.0,3,fixed_d9,fixed,9.0,base,0.6590373021055043,0.6480626589660149,0.6115702479338843,242,0.030116042019685884,0.0004564102049077385,9.041322314049587,9.013502148706243,0.9972451790633609,0.9947915408921054,0.0,0.0,852.3213670682438,834.4315042165111,0.9962414043884674,0.9927376398432931
annual,2024.0,3,model_plan,model_plan,,base,0.5004678313215436,0.517623202880527,0.6239669421487604,242,0.055914155631942075,0.0035196108025604624,20.52617079889807,6.400669755700793,0.9972451790633609,0.9947915408921054,0.0,0.0,865.3211640655225,835.9750661423919,0.9962414043884674,0.9927376398432931
annual,2024.0,3,rolling_path,rolling,,base,0.8215197557966761,0.9097877193742123,0.6735537190082644,242,0.05509717461048572,0.003301185095079974,16.380165289256198,5.263007655474995,0.9972451790633609,0.9947915408921054,0.0,0.0,864.9094832895846,835.8650003484773,0.9962414043884674,0.9927376398432931
annual,2024.0,3,fixed_d10,fixed,10.0,double_slippage,0.6199541137003929,0.7893160739154483,0.628099173553719,242,0.030554128781030216,-0.0006647314488983451,10.060606060606062,10.013756653495184,0.9972451790633609,0.9947915408921054,0.0,0.0,1324.7183217259362,1297.0643755342576,0.9962375145979513,0.9927052647587751
annual,2024.0,3,fixed_d11,fixed,11.0,double_slippage,0.5785350562714083,0.5930108226042159,0.6157024793388429,242,0.03189794761542945,-0.0003761021958291149,11.067493112947659,11.013968815793056,0.9972451790633609,0.9947915408921054,0.0,0.0,1325.709950679236,1297.277360437272,0.9962375145979513,0.9927052647587751
annual,2024.0,3,fixed_d12,fixed,12.0,double_slippage,0.5719703392914445,0.7319998319043497,0.6322314049586777,242,0.03464379079301094,8.210469724175947e-05,12.075757575757574,12.014070955161198,0.9972451790633609,0.9947915408921054,0.0,0.0,1327.7361595151403,1297.615479840081,0.9962375145979513,0.9927052647587751
annual,2024.0,3,fixed_d13,fixed,13.0,double_slippage,0.5318986595716847,0.6347803275927104,0.6487603305785123,242,0.03567997890554316,0.0006446061834218029,13.090909090909092,13.014170515829903,0.9972451790633609,0.9947915408921054,0.0,0.0,1328.5007820276026,1298.030560166158,0.9962375145979513,0.9927052647587751
annual,2024.0,3,fixed_d14,fixed,14.0,double_slippage,0.5159428893884507,0.8209371239729037,0.6776859504132231,242,0.03784700093768313,0.001163849425747352,14.082644628099173,14.014225221542562,0.9972451790633609,0.9947915408921054,0.0,0.0,1330.099867956825,1298.4137194281923,0.9962375145979513,0.9927052647587751
annual,2024.0,3,fixed_d15,fixed,15.0,double_slippage,0.4804315194343037,0.655390251309278,0.6570247933884298,242,0.03885988762376494,0.0018371544660457913,15.06887052341598,15.014249852399624,0.9972451790633609,0.9947915408921054,0.0,0.0,1330.847295912604,1298.9105637611278,0.9962375145979513,0.9927052647587751
annual,2024.0,3,fixed_d16,fixed,16.0,double_slippage,0.45350378381712037,0.6103472531537624,0.6611570247933884,242,0.04042627866060629,0.0025806065981593567,16.063360881542703,16.014335195065865,0.9972451790633609,0.9947915408921054,0.0,0.0,1332.0031650406158,1299.459170939957,0.9962375145979513,0.9927052647587751
annual,2024.0,3,fixed_d17,fixed,17.0,double_slippage,0.4427337626156147,0.565662375665098,0.6859504132231405,242,0.04231554768138073,0.003265470236219379,17.05509641873278,17.014441153983412,0.9972451790633609,0.9947915408921054,0.0,0.0,1333.3972918482018,1299.9645445775177,0.9962375145979513,0.9927052647587751
annual,2024.0,3,fixed_d18,fixed,18.0,double_slippage,0.43298830533410443,0.5368405154797384,0.6570247933884298,242,0.04428174758537466,0.0037767695678950306,18.050964187327825,18.01452527177187,0.9972451790633609,0.9947915408921054,0.0,0.0,1334.84818738774,1300.3418418798876,0.9962375145979513,0.9927052647587751
annual,2024.0,3,fixed_d19,fixed,19.0,double_slippage,0.4305645468074004,0.4984962994793176,0.6652892561983471,242,0.046736252107617914,0.004406870285478781,19.045454545454547,19.014531550733967,0.9972451790633609,0.9947915408921054,0.0,0.0,1336.659412002219,1300.8068049381943,0.9962375145979513,0.9927052647587751
annual,2024.0,3,fixed_d2,fixed,2.0,double_slippage,0.907892868355999,0.36557305706321774,0.5578512396694215,242,0.004430062352420413,-0.003007134762085004,2.020661157024793,2.0094148113498185,0.9972451790633609,0.9947915408921054,0.0,0.0,1305.4408864158797,1295.335872490391,0.9962375145979513,0.9927052647587751
annual,2024.0,3,fixed_d20,fixed,20.0,double_slippage,0.424643835959001,0.4594783027888125,0.6487603305785123,242,0.04933307277776403,0.005067269229373301,20.088154269972453,20.014527992119003,0.9972451790633609,0.9947915408921054,0.0,0.0,1338.5756543535908,1301.2941256221518,0.9962375145979513,0.9927052647587751
annual,2024.0,3,fixed_d21,fixed,21.0,double_slippage,0.40684188609333594,0.42158360853420807,0.6570247933884298,242,0.05099573602277186,0.005875619088423623,21.147382920110193,21.014475562895072,0.9972451790633609,0.9947915408921054,0.0,0.0,1339.8025645375649,1301.8906220427348,0.9962375145979513,0.9927052647587751
annual,2024.0,3,fixed_d22,fixed,22.0,double_slippage,0.3931773421289568,0.3580977106294389,0.6446280991735537,242,0.053191915187985835,0.0069123726039060415,22.195592286501377,22.0143420069949,0.9972451790633609,0.9947915408921054,0.0,0.0,1341.4231660584796,1302.655661776568,0.9962375145979513,0.9927052647587751
annual,2024.0,3,fixed_d23,fixed,23.0,double_slippage,0.40545787299932545,0.3887190730088971,0.640495867768595,242,0.057649312102281865,0.007992717493043198,23.19559228650138,23.014259494747503,0.9972451790633609,0.9947915408921054,0.0,0.0,1344.7123622830188,1303.4528683971303,0.9962375145979513,0.9927052647587751
annual,2024.0,3,fixed_d24,fixed,24.0,double_slippage,0.40527523281752176,0.3377202929831975,0.6528925619834711,242,0.0613766270184407,0.009226817515490239,24.195592286501377,24.01420768682968,0.9972451790633609,0.9947915408921054,0.0,0.0,1347.4628173996755,1304.363533795026,0.9962375145979513,0.9927052647587751
annual,2024.0,3,fixed_d25,fixed,25.0,double_slippage,0.40114024774629514,0.41953768822601256,0.6363636363636364,242,0.06525359703183363,0.010616848879596553,25.24793388429752,25.01255318344055,0.9972451790633609,0.9947915408921054,0.0,0.0,1350.3237058006607,1305.389263834939,0.9962375145979513,0.9927052647587751
annual,2024.0,3,fixed_d26,fixed,26.0,double_slippage,0.42061236277671843,0.33389787460405007,0.6446280991735537,242,0.07119355562738452,0.011976471983031438,26.24586776859504,26.012419045927324,0.9972451790633609,0.9947915408921054,0.0,0.0,1354.7069119099815,1306.3925550527956,0.9962375145979513,0.9927052647587751
annual,2024.0,3,fixed_d27,fixed,27.0,double_slippage,0.42684067473109644,0.34324623689284345,0.6570247933884298,242,0.07524322204878973,0.01333993935390519,27.24517906336088,27.012221912224156,0.9972451790633609,0.9947915408921054,0.0,0.0,1357.6952362077802,1307.398683027214,0.9962375145979513,0.9927052647587751
annual,2024.0,3,fixed_d28,fixed,28.0,double_slippage,0.4350706618737038,0.4330887829405279,0.6322314049586777,242,0.0794586277110655,0.0145384607856976,28.236225895316803,28.012283756888543,0.9972451790633609,0.9947915408921054,0.0,0.0,1360.8058625791468,1308.2830943202346,0.9962375145979513,0.9927052647587751
annual,2024.0,3,fixed_d29,fixed,29.0,double_slippage,0.4352787716652451,0.33343587834988864,0.6198347107438017,242,0.0823885715228648,0.015690859105236713,29.23278236914601,29.01232671308002,0.9972451790633609,0.9947915408921054,0.0,0.0,1362.9679227028435,1309.133470509449,0.9962375145979513,0.9927052647587751
annual,2024.0,3,fixed_d3,fixed,3.0,double_slippage,0.8110546576288494,0.5356675801453648,0.5743801652892562,242,0.007471836964450919,-0.0028049707785345623,3.024793388429752,3.0100726551306756,0.9972451790633609,0.9947915408921054,0.0,0.0,1307.6854685704784,1295.4850530601761,0.9962375145979513,0.9927052647587751
annual,2024.0,3,fixed_d30,fixed,30.0,double_slippage,0.4559678380177522,0.3245564044733001,0.6363636363636364,242,0.08851998039678045,0.01683487123961665,30.23278236914601,30.01239087311001,0.9972451790633609,0.9947915408921054,0.0,0.0,1367.4924035392924,1309.9776583763987,0.9962375145979513,0.9927052647587751
annual,2024.0,3,fixed_d31,fixed,31.0,double_slippage,0.4453402145402403,0.38641667877923913,0.628099173553719,242,0.09042572457184345,0.017834680097145256,31.221763085399445,31.012417372930248,0.9972451790633609,0.9947915408921054,0.0,0.0,1368.8986876701608,1310.7154359588474,0.9962375145979513,0.9927052647587751
annual,2024.0,3,fixed_d32,fixed,32.0,double_slippage,0.44820121502595184,0.3776140268799907,0.628099173553719,242,0.09435106963341981,0.018831570252917255,32.209366391184574,32.01246364006618,0.9972451790633609,0.9947915408921054,0.0,0.0,1371.7952729204308,1311.4510597768945,0.9962375145979513,0.9927052647587751
annual,2024.0,3,fixed_d33,fixed,33.0,double_slippage,0.44857819190116416,0.35741935220556825,0.6198347107438017,242,0.09714391696028425,0.019787778171756264,33.192837465564736,33.01247332861538,0.9972451790633609,0.9947915408921054,0.0,0.0,1373.8561669937785,1312.156663414397,0.9962375145979513,0.9927052647587751
annual,2024.0,3,fixed_d34,fixed,34.0,double_slippage,0.4462623556291593,0.3530783333124241,0.6198347107438017,242,0.1005656709238539,0.020861089184820034,34.19077134986226,34.0124592557367,0.9972451790633609,0.9947915408921054,0.0,0.0,1376.3811429909076,1312.948679606763,0.9962375145979513,0.9927052647587751
annual,2024.0,3,fixed_d35,fixed,35.0,double_slippage,0.4607469599765097,0.37546530479909257,0.6363636363636364,242,0.1059649377021612,0.021725883608623854,35.176308539944905,35.012484231404905,0.9972451790633609,0.9947915408921054,0.0,0.0,1380.365362535173,1313.586827523242,0.9962375145979513,0.9927052647587751
annual,2024.0,3,fixed_d36,fixed,36.0,double_slippage,0.45144445905617364,0.39526932196425535,0.6487603305785123,242,0.10779515569435225,0.02266772100418032,36.179752066115704,36.01220227555317,0.9972451790633609,0.9947915408921054,0.0,0.0,1381.7159144886443,1314.2818268838907,0.9962375145979513,0.9927052647587751
annual,2024.0,3,fixed_d37,fixed,37.0,double_slippage,0.4502805747678827,0.344153375231501,0.640495867768595,242,0.1111728144901892,0.023434535112958267,37.170798898071624,37.01227891308783,0.9972451790633609,0.9947915408921054,0.0,0.0,1384.2083518400082,1314.8476733005348,0.9962375145979513,0.9927052647587751
annual,2024.0,3,fixed_d38,fixed,38.0,double_slippage,0.45558056519900425,0.3348309121055625,0.6446280991735537,242,0.11508112028841337,0.024247184496470457,38.15771349862259,38.012316551483124,0.9972451790633609,0.9947915408921054,0.0,0.0,1387.0923635004087,1315.4473424203184,0.9962375145979513,0.9927052647587751
annual,2024.0,3,fixed_d39,fixed,39.0,double_slippage,0.44287403321308455,0.36643087864429225,0.6363636363636364,242,0.11526148017347469,0.025012583624102174,39.151515151515156,39.012338688910035,0.9972451790633609,0.9947915408921054,0.0,1.3927305038620418e-06,1387.2254544197074,1316.0121516750824,0.9962375145979513,0.9927052647587751
annual,2024.0,3,fixed_d4,fixed,4.0,double_slippage,0.7385047775303465,0.5652523742376138,0.5950413223140496,242,0.010856855016104963,-0.0023937094334473058,4.023415977961433,4.010716375740058,0.9972451790633609,0.9947915408921054,0.0,0.0,1310.1833364538134,1295.7885304685308,0.9962375145979513,0.9927052647587751
annual,2024.0,3,fixed_d40,fixed,40.0,double_slippage,0.43394757451974086,0.33634668841744486,0.6446280991735537,242,0.11586482817353966,0.025848027621862047,40.14393939393939,40.012352468555726,0.9972451790633609,0.9947915408921054,0.0,2.785930572964765e-06,1387.670676149352,1316.6286483468052,0.9962375145979513,0.9927052647587751
annual,2024.0,3,fixed_d41,fixed,41.0,double_slippage,0.4225190060795646,0.3065923618864107,0.6570247933884298,242,0.1163254414692023,0.02669399145467227,41.13911845730027,41.01237941477445,0.9972451790633609,0.9947915408921054,0.0,4.1791306420674885e-06,1388.0105712814654,1317.2529078007965,0.9962375145979513,0.9927052647587751
annual,2024.0,3,fixed_d42,fixed,42.0,double_slippage,0.4211396168670115,0.32329574750463946,0.6528925619834711,242,0.11927878679520384,0.027648663389781145,42.1301652892562,42.01240036029301,0.9972451790633609,0.9947915408921054,0.0,5.572330711170211e-06,1390.1898998184608,1317.9573849887104,0.9962375145979513,0.9927052647587751
annual,2024.0,3,fixed_d43,fixed,43.0,double_slippage,0.4183798928150255,0.3112510519880068,0.6735537190082644,242,0.12190980920735137,0.0285731606712092,43.11707988980716,43.012402270952386,0.9972451790633609,0.9947915408921054,0.0,6.965530780272934e-06,1392.1313802724358,1318.6395957375182,0.9962375145979513,0.9927052647587751
annual,2024.0,3,fixed_d44,fixed,44.0,double_slippage,0.4190632606960638,0.32680633776798734,0.6818181818181818,242,0.12539717554841415,0.02949113311018021,44.10674931129477,44.01241008335817,0.9972451790633609,0.9947915408921054,0.0,8.358261284134977e-06,1394.7047728652783,1319.3169916811662,0.9962375145979513,0.9927052647587751
annual,2024.0,3,fixed_d45,fixed,45.0,double_slippage,0.41515651768636896,0.3200650852321078,0.6694214876033058,242,0.1285725874671682,0.0303670005640779,45.10468319559229,45.01239806091753,0.9972451790633609,0.9947915408921054,0.0,9.750991787997018e-06,1397.0479684781765,1319.9633175719105,0.9962375145979513,0.9927052647587751
annual,2024.0,3,fixed_d46,fixed,46.0,double_slippage,0.41342099111860797,0.3151008796331122,0.6694214876033058,242,0.13186136181015984,0.031303750053828364,46.09710743801653,46.01240755769927,0.9972451790633609,0.9947915408921054,0.0,1.1143253043037004e-05,1399.4748163358647,1320.6545694487943,0.9962375145979513,0.9927052647587751
annual,2024.0,3,fixed_d47,fixed,47.0,double_slippage,0.4138361181000601,0.2966968470209036,0.6694214876033058,242,0.1357960720171425,0.03225373138499978,47.10055096418732,47.012424767236034,0.9972451790633609,0.9947915408921054,0.0,1.2535045365353837e-05,1402.3783123014034,1321.3555853456223,0.9962375145979513,0.9927052647587751
annual,2024.0,3,fixed_d48,fixed,48.0,double_slippage,0.41221338381261746,0.3133144300650466,0.6652892561983471,242,0.13970294912941641,0.03320065554831712,48.09297520661157,48.01242169145106,0.9972451790633609,0.9947915408921054,0.0,1.392683768767067e-05,1405.2612697078239,1322.0543453013354,0.9962375145979513,0.9927052647587751
annual,2024.0,3,fixed_d49,fixed,49.0,double_slippage,0.40518117168149914,0.3160929899932796,0.6528925619834711,242,0.14200174700637985,0.03413754221982344,49.092286501377416,49.012465391961705,0.9972451790633609,0.9947915408921054,0.0,1.5319098942710657e-05,1406.95759548793,1322.7456984071923,0.9962375145979513,0.9927052647587751
annual,2024.0,3,fixed_d5,fixed,5.0,double_slippage,0.7254307797033827,0.6818191439648917,0.6074380165289256,242,0.01510875878343271,-0.0020427193118978467,5.022038567493113,5.011439587292307,0.9972451790633609,0.9947915408921054,0.0,0.0,1313.3208954568581,1296.047532618182,0.9962375145979513,0.9927052647587751
annual,2024.0,3,fixed_d50,fixed,50.0,double_slippage,0.39660013595005394,0.3074552334379087,0.6487603305785123,242,0.1438778505291335,0.03508445109817912,50.088154269972456,50.012483037905206,0.9972451790633609,0.9947915408921054,0.0,1.671089126502749e-05,1408.342007229253,1323.4444470838478,0.9962375145979513,0.9927052647587751
annual,2024.0,3,fixed_d51,fixed,51.0,double_slippage,0.3894101899566305,0.27859140363105034,0.6446280991735537,242,0.14592637848971274,0.0359717357055545,51.077823691460054,51.012588220344995,0.9972451790633609,0.9947915408921054,0.0,1.8102683587344323e-05,1409.8536541755204,1324.099197900144,0.9962375145979513,0.9927052647587751
annual,2024.0,3,fixed_d52,fixed,52.0,double_slippage,0.38616670427392985,0.2668313082322008,0.6528925619834711,242,0.14865512908311687,0.036697345975481056,52.07162534435261,52.01261967189195,0.9972451790633609,0.9947915408921054,0.0,1.9494475909661157e-05,1411.867250075124,1324.6346462108377,0.9962375145979513,0.9927052647587751
annual,2024.0,3,fixed_d53,fixed,53.0,double_slippage,0.37654762986877505,0.25342188248078024,0.640495867768595,242,0.1498288487641593,0.037462612274984784,53.074380165289256,53.012645194569764,0.9972451790633609,0.9947915408921054,0.0,2.088673716470114e-05,1412.7333596942092,1325.1993574469,0.9962375145979513,0.9927052647587751
annual,2024.0,3,fixed_d54,fixed,54.0,double_slippage,0.3745937321099595,0.27583040453489327,0.6570247933884298,242,0.1524262877646939,0.03832442891679473,54.06060606060606,54.01263145772524,0.9972451790633609,0.9947915408921054,0.0,2.2278529487017974e-05,1414.6500583230943,1325.8353149769364,0.9962375145979513,0.9927052647587751
annual,2024.0,3,fixed_d55,fixed,55.0,double_slippage,0.36853007857973585,0.270364477693686,0.6322314049586777,242,0.15437155250408519,0.03919191887434726,55.070936639118464,55.012692053140874,0.9972451790633609,0.9947915408921054,0.0,2.3670321809334808e-05,1416.0855054146489,1326.4754589523534,0.9962375145979513,0.9927052647587751
annual,2024.0,3,fixed_d56,fixed,56.0,double_slippage,0.3616308558377746,0.2841297874594466,0.6528925619834711,242,0.15522281315530276,0.03999826109959038,56.06887052341598,56.01262513974375,0.9972451790633609,0.9947915408921054,0.0,2.5062583064374792e-05,1416.7136665082028,1327.0704808792643,0.9962375145979513,0.9927052647587751
annual,2024.0,3,fixed_d57,fixed,57.0,double_slippage,0.3528633931166739,0.27300340455329747,0.6322314049586777,242,0.15605653786128304,0.04075072877317937,57.053030303030305,57.01262956473192,0.9972451790633609,0.9947915408921054,0.0,2.7848044072098874e-05,1417.3288875010696,1327.625754752245,0.9962375145979513,0.9927052647587751
annual,2024.0,3,fixed_d58,fixed,58.0,double_slippage,0.3490693415203781,0.30474002730064265,0.640495867768595,242,0.15786189250391466,0.04144013479713608,58.04545454545455,58.0126268515454,0.9972451790633609,0.9947915408921054,0.0,3.063350507982296e-05,1418.6610923256953,1328.1344942591206,0.9962375145979513,0.9927052647587751
annual,2024.0,3,fixed_d59,fixed,59.0,double_slippage,0.3448052810500327,0.31254876510476337,0.640495867768595,242,0.159783101174727,0.04202816646271097,59.03099173553719,59.01257837521724,0.9972451790633609,0.9947915408921054,0.0,3.341896608754705e-05,1420.0787879960808,1328.5684277383382,0.9962375145979513,0.9927052647587751
annual,2024.0,3,fixed_d6,fixed,6.0,double_slippage,0.6972818483759424,0.5398118462403625,0.5743801652892562,242,0.01849582688673503,-0.0016424838506861757,6.024793388429752,6.012061513722053,0.9972451790633609,0.9947915408921054,0.0,0.0,1315.8202761114976,1296.3428738214122,0.9962375145979513,0.9927052647587751
annual,2024.0,3,fixed_d60,fixed,60.0,double_slippage,0.3428123584180377,0.3201939561834387,0.6363636363636364,242,0.16222919379665177,0.042648962038620064,60.027548209366394,60.01258673784353,0.9972451790633609,0.9947915408921054,0.0,3.6204427095271124e-05,1421.8838053126012,1329.026538317384,0.9962375145979513,0.9927052647587751
annual,2024.0,3,fixed_d7,fixed,7.0,double_slippage,0.6844077413892837,0.5500596305863481,0.6033057851239669,242,0.021935138402643075,-0.0013880927536474989,7.019283746556473,7.012666126466325,0.9972451790633609,0.9947915408921054,0.0,0.0,1318.3582081535956,1296.5305937512337,0.9962375145979513,0.9927052647587751
annual,2024.0,3,fixed_d8,fixed,8.0,double_slippage,0.6714537546442748,0.5874702324315939,0.6198347107438017,242,0.025294516181251517,-0.0011963129145662838,8.026170798898072,8.013146128875587,0.9972451790633609,0.9947915408921054,0.0,0.0,1320.8371556017703,1296.6721116673575,0.9962375145979513,0.9927052647587751
annual,2024.0,3,fixed_d9,fixed,9.0,double_slippage,0.658828504207635,0.6477000210714758,0.6115702479338843,242,0.028672248588253346,-0.0009333561667561663,9.041322314049587,9.013502148706243,0.9972451790633609,0.9947915408921054,0.0,0.0,1323.3296472721836,1296.8661523504613,0.9962375145979513,0.9927052647587751
annual,2024.0,3,model_plan,model_plan,,double_slippage,0.544362663674935,0.5570661354648245,0.6322314049586777,242,0.054429329301553614,0.0021256925734437484,20.52617079889807,6.400669755700793,0.9972451790633609,0.9947915408921054,0.0,0.0,1342.3362769859546,1299.123481406053,0.9962375145979513,0.9927052647587751
annual,2024.0,3,rolling_path,rolling,,double_slippage,0.8719947551537103,0.9521645438598002,0.6859504132231405,242,0.053613567897026496,0.0019075880447843273,16.380165289256198,5.263007655474995,0.9972451790633609,0.9947915408921054,0.0,0.0,1341.7343114478858,1298.9625380110592,0.9962375145979513,0.9927052647587751
annual,2025.0,1,fixed_d10,fixed,10.0,base,0.4417876778558622,-0.024080362347538794,0.4979253112033195,241,0.03579654592893866,0.012962904010373557,10.012448132780083,10.01251938868383,0.9917695473251029,0.9969873230137232,0.0,0.0,2553.266086596751,2530.801605505352,0.9913680430635479,0.9961494366715382
annual,2025.0,1,fixed_d11,fixed,11.0,base,0.3699386095726915,-0.07662033280375641,0.49377593360995853,241,0.035849869385866234,0.014463945409139374,11.008298755186722,11.012720762257327,0.9917695473251029,0.9969873230137232,0.0,0.0,2553.346696457495,2533.0707520516944,0.9913680430635479,0.9961494366715382
annual,2025.0,1,fixed_d12,fixed,12.0,base,0.32873046358750574,-0.18511210038539516,0.4730290456431535,241,0.03671974075471286,0.015941612915052684,12.016597510373444,12.012842764829964,0.9917695473251029,0.9969873230137232,0.0,0.0,2554.661693907934,2535.3045639375246,0.9913680430635479,0.9961494366715382
annual,2025.0,1,fixed_d13,fixed,13.0,base,0.34009792642046066,-0.054990353097099896,0.49377593360995853,241,0.040176147279520194,0.017402087253177705,13.033195020746888,13.01293004674418,0.9917695473251029,0.9969873230137232,0.0,0.0,2559.886794917783,2537.5123846565953,0.9913680430635479,0.9961494366715382
annual,2025.0,1,fixed_d14,fixed,14.0,base,0.36464073259159707,-0.06521934435082842,0.47717842323651455,241,0.04548534485535858,0.018908518610771332,14.024896265560166,14.013024681899047,0.9917695473251029,0.9969873230137232,0.0,0.0,2567.9127876405455,2539.7896792836423,0.9913680430635479,0.9961494366715382
annual,2025.0,1,fixed_d15,fixed,15.0,base,0.3579011444976145,0.0073580511773540126,0.5062240663900415,241,0.048786404332646194,0.020524601635258603,15.037344398340249,15.013081955332762,0.9917695473251029,0.9969873230137232,0.0,0.0,2572.903048214518,2542.2327359619144,0.9913680430635479,0.9961494366715382
annual,2025.0,1,fixed_d16,fixed,16.0,base,0.3846931524852476,-0.061328614568132316,0.4896265560165975,241,0.05480648979839397,0.022114328508771337,16.029045643153527,16.013191287124155,0.9917695473251029,0.9969873230137232,0.0,0.0,2582.003700704527,2544.6359496558366,0.9913680430635479,0.9961494366715382
annual,2025.0,1,fixed_d17,fixed,17.0,base,0.38678710454487314,0.005182417633167156,0.5020746887966805,241,0.05881970067870942,0.023663065205632997,17.029045643153527,17.013256471738497,0.9917695473251029,0.9969873230137232,0.0,0.0,2588.0705311172665,2546.9771978917393,0.9913680430635479,0.9961494366715382
annual,2025.0,1,fixed_d18,fixed,18.0,base,0.3728211416464723,-0.010792366357807713,0.49377593360995853,241,0.06165715599524445,0.02523256697672493,18.029045643153527,18.013269121755126,0.9917695473251029,0.9969873230137232,0.0,0.0,2592.359954405132,2549.349836998349,0.9913680430635479,0.9961494366715382
annual,2025.0,1,fixed_d19,fixed,19.0,base,0.3801973826885494,-0.018645508884552242,0.4896265560165975,241,0.06587618940469335,0.026768492773188858,19.020746887966805,19.013329682629657,0.9917695473251029,0.9969873230137232,0.0,0.0,2598.7379297879766,2551.671718806105,0.9913680430635479,0.9961494366715382
annual,2025.0,1,fixed_d2,fixed,2.0,base,0.1314977231504129,-0.6433936144943045,0.4024896265560166,241,0.002580707377219776,0.0007309717638792388,2.004149377593361,2.0072779385322934,0.9917695473251029,0.9969873230137232,0.0,0.0,2503.0532107923445,2512.3104121011957,0.9913680430635479,0.9961494366715382
annual,2025.0,1,fixed_d20,fixed,20.0,base,0.3826880852071953,-0.043640371003661416,0.49377593360995853,241,0.07026694721074245,0.028198612028066602,20.00414937759336,20.01350427826555,0.9917695473251029,0.9969873230137232,0.0,0.0,2605.375503488213,2553.8336512955966,0.9913680430635479,0.9961494366715382
annual,2025.0,1,fixed_d21,fixed,21.0,base,0.4040382848323628,-0.04214064139076562,0.4896265560165975,241,0.07610743254950683,0.029474575075048928,21.00414937759336,21.013643559760148,0.9917695473251029,0.9969873230137232,0.0,0.0,2614.2046518023867,2555.762543559129,0.9913680430635479,0.9961494366715382
annual,2025.0,1,fixed_d22,fixed,22.0,base,0.39716389671684477,0.01856017987825957,0.5020746887966805,241,0.07917974650007227,0.03077713921865984,22.00414937759336,22.01365763230019,0.9917695473251029,0.9969873230137232,0.0,0.0,2618.8491143708047,2557.7316490949875,0.9913680430635479,0.9961494366715382
annual,2025.0,1,fixed_d23,fixed,23.0,base,0.3697023903710515,0.037901151877554426,0.5103734439834025,241,0.0798638836622924,0.03212246544352776,23.008298755186722,23.013678093677996,0.9917695473251029,0.9969873230137232,0.0,0.0,2619.883334666224,2559.765398703342,0.9913680430635479,0.9961494366715382
annual,2025.0,1,fixed_d24,fixed,24.0,base,0.3439802528165409,0.05999410178523964,0.5103734439834025,241,0.0805258436079193,0.03338804793694905,24.020746887966805,24.01372543833684,0.9917695473251029,0.9969873230137232,0.0,0.0,2620.884029334387,2561.6785985300885,0.9913680430635479,0.9961494366715382
annual,2025.0,1,fixed_d25,fixed,25.0,base,0.3154937404198152,-0.05955649042501881,0.48132780082987553,241,0.08077477405186693,0.03469756621778946,25.029045643153527,25.013778406868113,0.9917695473251029,0.9969873230137232,0.0,0.0,2621.2603411787054,2563.658216738342,0.9913680430635479,0.9961494366715382
annual,2025.0,1,fixed_d26,fixed,26.0,base,0.2968777195282626,-0.05337858797229388,0.46887966804979253,241,0.08262759024596258,0.036092954965547035,26.020746887966805,26.013830776114926,0.9917695473251029,0.9969873230137232,0.0,0.0,2624.061270900758,2565.7676466050884,0.9913680430635479,0.9961494366715382
annual,2025.0,1,fixed_d27,fixed,27.0,base,0.25650675508189213,-0.10084862460419651,0.46473029045643155,241,0.08106670297695374,0.03745957729254495,27.024896265560166,27.013870004931363,0.9917695473251029,0.9969873230137232,0.0,0.0,2621.701654464723,2567.8335898469018,0.9913680430635479,0.9961494366715382
annual,2025.0,1,fixed_d28,fixed,28.0,base,0.23686016535892412,-0.0823561899103689,0.4730290456431535,241,0.08195921482129728,0.03887653688469622,28.012448132780083,28.013883389498048,0.9917695473251029,0.9969873230137232,0.0,0.0,2623.050877857776,2569.9756286790616,0.9913680430635479,0.9961494366715382
annual,2025.0,1,fixed_d29,fixed,29.0,base,0.23941754928678025,-0.054122967779969715,0.4730290456431535,241,0.08529026591786787,0.040199541566591016,29.008298755186722,29.013944178044525,0.9917695473251029,0.9969873230137232,0.0,0.0,2628.086477207457,2571.9756344798243,0.9913680430635479,0.9961494366715382
annual,2025.0,1,fixed_d3,fixed,3.0,base,0.35461924067165584,-0.29830132742165477,0.45643153526970953,241,0.007392466580956419,0.002232406268464946,3.012448132780083,3.0082691501491836,0.9917695473251029,0.9969873230137232,0.0,0.0,2510.327218549873,2514.580152911437,0.9913680430635479,0.9961494366715382
annual,2025.0,1,fixed_d30,fixed,30.0,base,0.2538685257392565,-0.033985850686852385,0.4854771784232365,241,0.09009644381064319,0.04144558291408873,30.008298755186722,30.014039540773556,0.9917695473251029,0.9969873230137232,0.0,0.0,2635.3520476144195,2573.859293666439,0.9913680430635479,0.9961494366715382
annual,2025.0,1,fixed_d31,fixed,31.0,base,0.2596659222147135,-0.0020113174750064407,0.4979253112033195,241,0.09481735398332575,0.04275521511617173,31.00414937759336,31.01411772496454,0.9917695473251029,0.9969873230137232,0.0,0.0,2642.488717544204,2575.8390840911256,0.9913680430635479,0.9961494366715382
annual,2025.0,1,fixed_d32,fixed,32.0,base,0.2610375092582217,-0.017144068118598692,0.4979253112033195,241,0.09761676848323515,0.04409879106253985,32.004149377593365,32.014156395323916,0.9917695473251029,0.9969873230137232,0.0,0.0,2646.720633965348,2577.8701877775115,0.9913680430635479,0.9961494366715382
annual,2025.0,1,fixed_d33,fixed,33.0,base,0.27515019490460574,0.04978601119094871,0.5269709543568465,241,0.10221525795315337,0.045450690284084466,33.03319502074689,33.014187114335186,0.9917695473251029,0.9969873230137232,0.0,0.0,2653.6722387029913,2579.913873882433,0.9913680430635479,0.9961494366715382
annual,2025.0,1,fixed_d34,fixed,34.0,base,0.28436029831546117,0.05845481207187643,0.5145228215767634,241,0.10753277848629855,0.046782221390795846,34.04149377593361,34.01423109466288,0.9917695473251029,0.9969873230137232,0.0,0.0,2661.7108133637657,2581.926769206057,0.9913680430635479,0.9961494366715382
annual,2025.0,1,fixed_d35,fixed,35.0,base,0.29725377749085474,0.061576025046181954,0.5228215767634855,241,0.11298681811451435,0.04807749729273542,35.066390041493776,35.0142694365294,0.9917695473251029,0.9969873230137232,0.0,0.0,2669.9557659654406,2583.884856998881,0.9913680430635479,0.9961494366715382
annual,2025.0,1,fixed_d36,fixed,36.0,base,0.2990578104972567,0.04817575256296464,0.5311203319502075,241,0.11714258477527097,0.049379524689582004,36.0746887966805,36.01432338197796,0.9917695473251029,0.9969873230137232,0.0,0.0,2676.238100065893,2585.853151126695,0.9913680430635479,0.9961494366715382
annual,2025.0,1,fixed_d37,fixed,37.0,base,0.2966418706787861,0.07126843861517937,0.5269709543568465,241,0.12052927082988249,0.050643418272929744,37.08298755186722,37.014348461393354,0.9917695473251029,0.9969873230137232,0.0,1.3832693571255664e-06,2681.357803606842,2587.763804729836,0.9913680430635479,0.9961494366715382
annual,2025.0,1,fixed_d38,fixed,38.0,base,0.28962597278238844,0.05067426358754929,0.5103734439834025,241,0.12295830839888723,0.05190632465374894,38.07883817427386,38.014362925239894,0.9917695473251029,0.9969873230137232,0.0,2.7670038350840595e-06,2685.029815728009,2589.6729659666003,0.9913680430635479,0.9961494366715382
annual,2025.0,1,fixed_d39,fixed,39.0,base,0.2940631532713211,0.09799364005889204,0.5394190871369294,241,0.1270486300367459,0.053228014938087764,39.058091286307054,39.014356653157755,0.9917695473251029,0.9969873230137232,0.0,4.151203746772105e-06,2691.2132156166476,2591.6709917045446,0.9913680430635479,0.9961494366715382
annual,2025.0,1,fixed_d4,fixed,4.0,base,0.3947534702379676,-0.3336173889996614,0.4315352697095436,241,0.011667550380034083,0.0037017338446984427,4.016597510373444,4.009264073319639,0.9917695473251029,0.9969873230137232,0.0,0.0,2516.7899261380676,2516.8013572018695,0.9913680430635479,0.9961494366715382
annual,2025.0,1,fixed_d40,fixed,40.0,base,0.28703907622081737,0.10579705059317032,0.5394190871369294,241,0.12870465229096947,0.05445618172860855,40.04149377593361,40.014358981106696,0.9917695473251029,0.9969873230137232,0.0,5.5354036584601506e-06,2693.716649020903,2593.5276365897184,0.9913680430635479,0.9961494366715382
annual,2025.0,1,fixed_d41,fixed,41.0,base,0.2932608671638692,0.10707206772359805,0.5643153526970954,241,0.13325684088955883,0.0557477824893296,41.03734439834025,41.01438091931084,0.9917695473251029,0.9969873230137232,0.0,6.919603570148197e-06,2700.5982600446177,2595.4801755485137,0.9913680430635479,0.9961494366715382
annual,2025.0,1,fixed_d42,fixed,42.0,base,0.2788370870076854,0.10463932301339922,0.5643153526970954,241,0.13475077802137878,0.05700876625177646,42.024896265560166,42.01437921073067,0.9917695473251029,0.9969873230137232,0.0,8.304269228778264e-06,2702.8566669652414,2597.3864303392315,0.9913680430635479,0.9961494366715382
annual,2025.0,1,fixed_d43,fixed,43.0,base,0.27462515240530055,0.10932568933163266,0.5560165975103735,241,0.13857296676975725,0.058227652450815445,43.02074688796681,43.01435564444628,0.9917695473251029,0.9969873230137232,0.0,9.68846914046631e-06,2708.634726387835,2599.22904561661,0.9913680430635479,0.9961494366715382
annual,2025.0,1,fixed_d44,fixed,44.0,base,0.2644314079032467,0.08036286265490498,0.5477178423236515,241,0.14057620835607873,0.059370115667160425,44.024896265560166,44.01436758466859,0.9917695473251029,0.9969873230137232,0.0,1.1073134799096375e-05,2711.663056406465,2600.9561311398593,0.9913680430635479,0.9961494366715382
annual,2025.0,1,fixed_d45,fixed,45.0,base,0.24935467685433507,0.06979329412906654,0.5145228215767634,241,0.14070723840027885,0.060541356231732006,45.016597510373444,45.014345546766,0.9917695473251029,0.9969873230137232,0.0,1.2457800457726445e-05,2711.861136467759,2602.726719807254,0.9913680430635479,0.9961494366715382
annual,2025.0,1,fixed_d46,fixed,46.0,base,0.2485334434484939,0.03409648498964275,0.5103734439834025,241,0.14247304605145708,0.0615876460256381,46.00829875518672,46.014323987068096,0.9917695473251029,0.9969873230137232,0.0,1.384246611635651e-05,2714.530534084955,2604.308418541333,0.9913680430635479,0.9961494366715382
annual,2025.0,1,fixed_d47,fixed,47.0,base,0.24486854164497524,0.03424175523494596,0.5145228215767634,241,0.14280998321155394,0.06262184557911195,47.00829875518672,47.01427333774314,0.9917695473251029,0.9969873230137232,0.0,1.5226200594315002e-05,2715.039886987408,2605.8718402749614,0.9913680430635479,0.9961494366715382
annual,2025.0,1,fixed_d48,fixed,48.0,base,0.2355816815842513,0.08307855450579817,0.5145228215767634,241,0.1424594089936487,0.06353896711683789,48.01244813278009,48.01421680741258,0.9917695473251029,0.9969873230137232,0.0,1.6609935072273497e-05,2714.509918742396,2607.2582734356542,0.9913680430635479,0.9961494366715382
annual,2025.0,1,fixed_d49,fixed,49.0,base,0.2182001670977282,0.03481369417211568,0.5103734439834025,241,0.14055313805418185,0.06436433689886197,49.00829875518672,49.014176048024396,0.9917695473251029,0.9969873230137232,0.0,1.799366955023199e-05,2711.628180688911,2608.5060041063657,0.9913680430635479,0.9961494366715382
annual,2025.0,1,fixed_d5,fixed,5.0,base,0.40262105042904467,-0.014230761458080981,0.4979253112033195,241,0.015573415858652118,0.005219274977529591,5.012448132780083,5.010118071223054,0.9917695473251029,0.9969873230137232,0.0,0.0,2522.694480914888,2519.0954466409266,0.9913680430635479,0.9961494366715382
annual,2025.0,1,fixed_d50,fixed,50.0,base,0.21782193972514194,-0.004670642146355544,0.4979253112033195,241,0.14222500199993474,0.06502022873501442,50.01244813278009,50.014203084476,0.9917695473251029,0.9969873230137232,0.0,1.9377404028190486e-05,2714.1555622132164,2609.497532452563,0.9913680430635479,0.9961494366715382
annual,2025.0,1,fixed_d51,fixed,51.0,base,0.22612708044614516,0.016919555463635414,0.5062240663900415,241,0.1468678672168856,0.06589676147813228,51.016597510373444,51.01414928483448,0.9917695473251029,0.9969873230137232,0.0,2.076113850614898e-05,2721.174250425837,2610.822606930422,0.9913680430635479,0.9961494366715382
annual,2025.0,1,fixed_d52,fixed,52.0,base,0.2250539805562406,0.00908550238127074,0.5103734439834025,241,0.14862116039693268,0.06691852810730092,52.004149377593365,52.01403207812485,0.9917695473251029,0.9969873230137232,0.0,2.2144872984107475e-05,2723.824729731403,2612.36723362797,0.9913680430635479,0.9961494366715382
annual,2025.0,1,fixed_d53,fixed,53.0,base,0.2236471660917305,0.0070493915487152186,0.5020746887966805,241,0.1515387694258556,0.0678661916643065,53.02074688796681,53.013979172321385,0.9917695473251029,0.9969873230137232,0.0,2.3529072895795517e-05,2728.2353225751467,2613.7998376145447,0.9913680430635479,0.9961494366715382
annual,2025.0,1,fixed_d54,fixed,54.0,base,0.21263251253254847,-0.014077985930913306,0.4979253112033195,241,0.15285955285559852,0.06883210731289509,54.03319502074689,54.013977433299274,0.9917695473251029,0.9969873230137232,0.0,2.4912807373754012e-05,2730.2319704760835,2615.2600335563548,0.9913680430635479,0.9961494366715382
annual,2025.0,1,fixed_d55,fixed,55.0,base,0.2096672465187913,-0.03736498761425687,0.48132780082987553,241,0.155938010564167,0.06987571848366453,55.03734439834025,55.01392554987369,0.9917695473251029,0.9969873230137232,0.0,2.6296541851712506e-05,2734.8857206545936,2616.8376829714443,0.9913680430635479,0.9961494366715382
annual,2025.0,1,fixed_d56,fixed,56.0,base,0.20570280433804378,-0.05636079500631455,0.48132780082987553,241,0.15885193848848728,0.07092150658134548,56.016597510373444,56.01386276210212,0.9917695473251029,0.9969873230137232,0.0,2.7680276329671e-05,2739.290748717915,2618.418623279236,0.9913680430635479,0.9961494366715382
annual,2025.0,1,fixed_d57,fixed,57.0,base,0.21294881701368706,-0.07960431989146272,0.46887966804979253,241,0.16423051097737526,0.0720557675399302,57.02074688796681,57.01380759771428,0.9917695473251029,0.9969873230137232,0.0,2.9063545686796564e-05,2747.421616525718,2620.1333093207777,0.9913680430635479,0.9961494366715382
annual,2025.0,1,fixed_d58,fixed,58.0,base,0.22675442023505685,-0.07678429328947457,0.46887966804979253,241,0.17260737540575016,0.073073205167266,58.024896265560166,58.01379968091521,0.9917695473251029,0.9969873230137232,0.0,3.044681504392213e-05,2760.0850467298737,2621.671391799717,0.9913680430635479,0.9961494366715382
annual,2025.0,1,fixed_d59,fixed,59.0,base,0.2278461024533804,-0.07364408443124484,0.48132780082987553,241,0.17746352103007246,0.07399077134092737,59.03319502074689,59.01377860949931,0.9917695473251029,0.9969873230137232,0.0,3.183054952188062e-05,2767.4261540977495,2623.0584971231474,0.9913680430635479,0.9961494366715382
annual,2025.0,1,fixed_d6,fixed,6.0,base,0.49065722367657366,-0.01943027377800436,0.49377593360995853,241,0.02151633540072008,0.0068113067381527625,6.016597510373444,6.0108222634263315,0.9917695473251029,0.9969873230137232,0.0,0.0,2531.6784805335255,2521.50214466688,0.9913680430635479,0.9961494366715382
annual,2025.0,1,fixed_d60,fixed,60.0,base,0.2279379717108008,-0.048677225129422304,0.47717842323651455,241,0.18137885412017746,0.07501394097345798,60.02074688796681,60.01367993354306,0.9917695473251029,0.9969873230137232,0.0,3.3213818879006184e-05,2773.3450212032794,2624.605244759359,0.9913680430635479,0.9961494366715382
annual,2025.0,1,fixed_d7,fixed,7.0,base,0.5530780055995029,-0.04278493687581826,0.4896265560165975,241,0.027903680374973695,0.008440651636473626,7.037344398340249,7.011365050443721,0.9917695473251029,0.9969873230137232,0.0,0.0,2541.3343246698328,2523.9652495165296,0.9913680430635479,0.9961494366715382
annual,2025.0,1,fixed_d8,fixed,8.0,base,0.48266483453400977,-0.08328038628467949,0.4896265560165975,241,0.029739033158129216,0.010050142790323824,8.020746887966805,8.011785047242078,0.9917695473251029,0.9969873230137232,0.0,0.0,2544.1088546945466,2526.398341166188,0.9913680430635479,0.9961494366715382
annual,2025.0,1,fixed_d9,fixed,9.0,base,0.42364535674734977,-0.21550600500159978,0.4730290456431535,241,0.03146766400014363,0.011500484798467644,9.029045643153527,9.012202597415007,0.9917695473251029,0.9969873230137232,0.0,0.0,2546.7220515779145,2528.5908446917406,0.9913680430635479,0.9961494366715382
annual,2025.0,1,model_plan,model_plan,,base,0.33642163516039836,0.20914866723812603,0.5643153526970954,241,0.03939687060554118,0.0022863968694020425,14.020746887966805,2.533715540676898,0.9917695473251029,0.9969873230137232,0.0,0.0,2558.7087508113,2514.661771303676,0.9913680430635479,0.9961494366715382
annual,2025.0,1,rolling_path,rolling,,base,0.7822295799114347,0.27314980202263517,0.5643153526970954,241,0.03424366021903207,0.001910248972621045,11.016597510373444,2.3893729814345113,0.9917695473251029,0.9969873230137232,0.0,0.0,2550.9185662362934,2514.09314294899,0.9913680430635479,0.9961494366715382
annual,2025.0,1,fixed_d10,fixed,10.0,double_slippage,0.44160964857364143,-0.024384573642931187,0.4979253112033195,241,0.03435718584037139,0.011551176561297642,10.012448132780083,10.01251938868383,0.9917695473251029,0.9969873230137232,0.0,0.0,3963.4492198526236,3931.743491603264,0.9913603220814174,0.9961498959872163
annual,2025.0,1,fixed_d11,fixed,11.0,double_slippage,0.36977740692302347,-0.07681804245208525,0.49377593360995853,241,0.034410952361493344,0.0130501621932222,11.008298755186722,11.012720762257327,0.9917695473251029,0.9969873230137232,0.0,0.0,3963.5682458054484,3935.0618798751384,0.9913603220814174,0.9961498959872163
annual,2025.0,1,fixed_d12,fixed,12.0,double_slippage,0.3285971949943333,-0.18521991342744387,0.4730290456431535,241,0.035279709341269595,0.014525818202062465,12.016597510373444,12.012842764829964,0.9917695473251029,0.9969873230137232,0.0,0.0,3965.4914616865076,3938.328622056497,0.9913603220814174,0.9961498959872163
annual,2025.0,1,fixed_d13,fixed,13.0,double_slippage,0.33995430414500616,-0.05502477757015849,0.49377593360995853,241,0.03872851274040065,0.015984286003241588,13.033195020746888,13.01293004674418,0.9917695473251029,0.9969873230137232,0.0,0.0,3973.126270525193,3941.557313741904,0.9913603220814174,0.9961498959872163
annual,2025.0,1,fixed_d14,fixed,14.0,double_slippage,0.36449649941220735,-0.06533474007410556,0.47717842323651455,241,0.04403051337857177,0.01748860542243224,14.024896265560166,14.013024681899047,0.9917695473251029,0.9969873230137232,0.0,0.0,3984.863605667356,3944.887509716756,0.9913603220814174,0.9961498959872163
annual,2025.0,1,fixed_d15,fixed,15.0,double_slippage,0.3577928687022916,0.007279330511678083,0.5062240663900415,241,0.047327223851044826,0.019102386733021323,15.037344398340249,15.013081955332762,0.9917695473251029,0.9969873230137232,0.0,0.0,3992.1617178938095,3948.4600275984353,0.9913603220814174,0.9961498959872163
annual,2025.0,1,fixed_d16,fixed,16.0,double_slippage,0.38458855576646733,-0.0613999446331945,0.4896265560165975,241,0.05333990184127986,0.020689888464727614,16.029045643153527,16.013191287124155,0.9917695473251029,0.9969873230137232,0.0,0.0,4005.4723192100696,3951.974368907572,0.9913603220814174,0.9961498959872163
annual,2025.0,1,fixed_d17,fixed,17.0,double_slippage,0.3866949696448807,0.0037220718813755736,0.5020746887966805,241,0.05734827717901831,0.022236506162293185,17.029045643153527,17.013256471738497,0.9917695473251029,0.9969873230137232,0.0,0.0,4014.3458837237954,3955.398202945319,0.9913603220814174,0.9961498959872163
annual,2025.0,1,fixed_d18,fixed,18.0,double_slippage,0.3727129328500201,-0.011085207671540198,0.49377593360995853,241,0.06017998366373716,0.023803838110125375,18.029045643153527,18.013269121755126,0.9917695473251029,0.9969873230137232,0.0,0.0,4020.614590633427,3958.8678932766024,0.9913603220814174,0.9961498959872163
annual,2025.0,1,fixed_d19,fixed,19.0,double_slippage,0.38008176131767146,-0.018679833149968496,0.4896265560165975,241,0.06439205819636666,0.02533757941721881,19.020746887966805,19.013329682629657,0.9917695473251029,0.9969873230137232,0.0,0.0,4029.939095439648,3962.263222129097,0.9913603220814174,0.9961498959872163
annual,2025.0,1,fixed_d2,fixed,2.0,double_slippage,0.13075086123182478,-0.6442474972790427,0.4024896265560166,241,0.0011914277339062883,-0.0006636986099306996,2.004149377593361,2.0072779385322934,0.9917695473251029,0.9969873230137232,0.0,0.0,3890.028327494215,3904.702739745901,0.9913603220814174,0.9961498959872163
annual,2025.0,1,fixed_d20,fixed,20.0,double_slippage,0.382557029008029,-0.043474098126406034,0.49377593360995853,241,0.06877588055306189,0.02676566012963971,20.00414937759336,20.01350427826555,0.9917695473251029,0.9969873230137232,0.0,0.0,4039.643808003012,3965.424644217783,0.9913603220814174,0.9961498959872163
annual,2025.0,1,fixed_d21,fixed,21.0,double_slippage,0.4039022827402398,-0.04205982960375374,0.4896265560165975,241,0.0746068463781777,0.02803981757252278,21.00414937759336,21.013643559760148,0.9917695473251029,0.9969873230137232,0.0,0.0,4052.5521429434384,3968.2453177619036,0.9913603220814174,0.9961498959872163
annual,2025.0,1,fixed_d22,fixed,22.0,double_slippage,0.3970503446850816,0.018531276081536274,0.5020746887966805,241,0.07767609253412362,0.02934061961421138,22.00414937759336,22.01365763230019,0.9917695473251029,0.9969873230137232,0.0,0.0,4059.3467046993837,3971.124975943569,0.9913603220814174,0.9961498959872163
annual,2025.0,1,fixed_d23,fixed,23.0,double_slippage,0.36959982116605905,0.03824273570539077,0.5103734439834025,241,0.07836016518625125,0.03068407215317736,23.008298755186722,23.013678093677996,0.9917695473251029,0.9969873230137232,0.0,0.0,4060.861074562305,3974.0990519147986,0.9913603220814174,0.9961498959872163
annual,2025.0,1,fixed_d24,fixed,24.0,double_slippage,0.3438938935134591,0.0600793258627163,0.5103734439834025,241,0.07902136989865285,0.031947954678066534,24.020746887966805,24.01372543833684,0.9917695473251029,0.9969873230137232,0.0,0.0,4062.324820388957,3976.8969792986895,0.9913603220814174,0.9961498959872163
annual,2025.0,1,fixed_d25,fixed,25.0,double_slippage,0.31539885424588815,-0.05966120051491795,0.48132780082987553,241,0.07926859437659148,0.03325570788166897,25.029045643153527,25.013778406868113,0.9917695473251029,0.9969873230137232,0.0,0.0,4062.8721150331767,3979.7920256559846,0.9913603220814174,0.9961498959872163
annual,2025.0,1,fixed_d26,fixed,26.0,double_slippage,0.29677903579432574,-0.05343880788410012,0.46887966804979253,241,0.08111873713705602,0.03464916426481172,26.020746887966805,26.013830776114926,0.9917695473251029,0.9969873230137232,0.0,0.0,4066.967879466715,3982.8767979317895,0.9913603220814174,0.9961498959872163
annual,2025.0,1,fixed_d27,fixed,27.0,double_slippage,0.256432883778213,-0.10091511996360585,0.46473029045643155,241,0.07956198590074734,0.03601387238927199,27.024896265560166,27.013870004931363,0.9917695473251029,0.9969873230137232,0.0,0.0,4063.5216122478882,3985.8979285806054,0.9913603220814174,0.9961498959872163
annual,2025.0,1,fixed_d28,fixed,28.0,double_slippage,0.23678761759469782,-0.08241962752269785,0.4730290456431535,241,0.0804542585266398,0.03742886581041574,28.012448132780083,28.013883389498048,0.9917695473251029,0.9969873230137232,0.0,0.0,4065.4968860290473,3989.03037860114,0.9913603220814174,0.9961498959872163
annual,2025.0,1,fixed_d29,fixed,29.0,double_slippage,0.23934507629770013,-0.05419011201379398,0.4730290456431535,241,0.0837808328503575,0.038750045218672285,29.008298755186722,29.013944178044525,0.9917695473251029,0.9969873230137232,0.0,0.0,4072.8611095320907,3991.9551472980706,0.9913603220814174,0.9961498959872163
annual,2025.0,1,fixed_d3,fixed,3.0,double_slippage,0.35445180238245,-0.29879842792264194,0.45643153526970953,241,0.005997081661897738,0.0008356190539116834,3.012448132780083,3.0082691501491836,0.9917695473251029,0.9969873230137232,0.0,0.0,3900.6668721831766,3908.02186305539,0.9913603220814174,0.9961498959872163
annual,2025.0,1,fixed_d30,fixed,30.0,double_slippage,0.2537973528956522,-0.03403864092735639,0.4854771784232365,241,0.08857977608302064,0.039994307880326777,30.008298755186722,30.014039540773556,0.9917695473251029,0.9969873230137232,0.0,0.0,4083.484798379747,3994.709641094162,0.9913603220814174,0.9961498959872163
annual,2025.0,1,fixed_d31,fixed,31.0,double_slippage,0.2595882854684137,-0.0020364363699399875,0.4979253112033195,241,0.09329317461827452,0.041302106605688615,31.00414937759336,31.01411772496454,0.9917695473251029,0.9969873230137232,0.0,0.0,4093.919112149635,3997.6047882255207,0.9913603220814174,0.9961498959872163
annual,2025.0,1,fixed_d32,fixed,32.0,double_slippage,0.26096869658355915,-0.016768714796236414,0.4979253112033195,241,0.09608961393859199,0.042643778758449456,32.004149377593365,32.014156395323916,0.9917695473251029,0.9969873230137232,0.0,0.0,4100.109746166343,4000.574922856302,0.9913603220814174,0.9961498959872163
annual,2025.0,1,fixed_d33,fixed,33.0,double_slippage,0.27509992116895515,0.04978859301453105,0.5269709543568465,241,0.10068311657150039,0.04399379743422766,33.03319502074689,33.014187114335186,0.9917695473251029,0.9969873230137232,0.0,0.0,4110.278639676216,4003.5635346515755,0.9913603220814174,0.9961498959872163
annual,2025.0,1,fixed_d34,fixed,34.0,double_slippage,0.2843201070833664,0.05888266320848726,0.5145228215767634,241,0.10599470313331681,0.04532345447122376,34.04149377593361,34.01423109466288,0.9917695473251029,0.9969873230137232,0.0,0.0,4122.037195713311,4006.507070749063,0.9913603220814174,0.9961498959872163
annual,2025.0,1,fixed_d35,fixed,35.0,double_slippage,0.29722738813105365,0.06156285179656398,0.5228215767634855,241,0.11144152648292234,0.04661695650913216,35.066390041493776,35.0142694365294,0.9917695473251029,0.9969873230137232,0.0,0.0,4134.095132985934,4009.3705685043615,0.9913603220814174,0.9961498959872163
annual,2025.0,1,fixed_d36,fixed,36.0,double_slippage,0.2990322973704925,0.04812442493782028,0.5311203319502075,241,0.11559091238348729,0.04791715912596526,36.0746887966805,36.01432338197796,0.9917695473251029,0.9969873230137232,0.0,0.0,4143.280860463679,4012.2488997057226,0.9913603220814174,0.9961498959872163
annual,2025.0,1,fixed_d37,fixed,37.0,double_slippage,0.29661273703818347,0.07131070711545744,0.5269709543568465,241,0.11897134990599782,0.049179249664205116,37.08298755186722,37.014348461393354,0.9917695473251029,0.9969873230137232,0.0,1.3832693571255664e-06,4150.7643239403105,4015.042867000271,0.9913603220814174,0.9961498959872163
annual,2025.0,1,fixed_d38,fixed,38.0,double_slippage,0.28959571484544994,0.05069814280958821,0.5103734439834025,241,0.12139778260821205,0.05044040127967638,38.07883817427386,38.014362925239894,0.9917695473251029,0.9969873230137232,0.0,2.7670038350840595e-06,4156.1358536268135,4017.8347557513407,0.9913603220814174,0.9961498959872163
annual,2025.0,1,fixed_d39,fixed,39.0,double_slippage,0.2940275085572583,0.09786383960890048,0.5394190871369294,241,0.12548265214854712,0.05176030848825238,39.058091286307054,39.014356653157755,0.9917695473251029,0.9969873230137232,0.0,4.151203746772105e-06,4165.178757632092,4020.7567150450564,0.9913603220814174,0.9961498959872163
annual,2025.0,1,fixed_d4,fixed,4.0,double_slippage,0.39470363887184884,-0.334373536545881,0.4315352697095436,241,0.010266846730447553,0.0023029545971131778,4.016597510373444,4.009264073319639,0.9917695473251029,0.9969873230137232,0.0,0.0,3910.119089753097,3911.2701857569323,0.9913603220814174,0.9961498959872163
annual,2025.0,1,fixed_d40,fixed,40.0,double_slippage,0.28699241063304504,0.10566116392466653,0.5394190871369294,241,0.12713413092018447,0.05298668974115172,40.04149377593361,40.014358981106696,0.9917695473251029,0.9969873230137232,0.0,5.5354036584601506e-06,4168.834728490213,4023.4716307035137,0.9913603220814174,0.9961498959872163
annual,2025.0,1,fixed_d41,fixed,41.0,double_slippage,0.29322651726889437,0.10700153402993975,0.5643153526970954,241,0.13168187427168154,0.05427648264971508,41.03734439834025,41.01438091931084,0.9917695473251029,0.9969873230137232,0.0,6.919603570148197e-06,4178.902322121337,4026.326924288198,0.9913603220814174,0.9961498959872163
annual,2025.0,1,fixed_d42,fixed,42.0,double_slippage,0.27880129011167754,0.10435478678369597,0.5643153526970954,241,0.1331745513976469,0.05553575293097434,42.024896265560166,42.01437921073067,0.9917695473251029,0.9969873230137232,0.0,8.304269228778264e-06,4182.20674490099,4029.1146482292415,0.9913603220814174,0.9961498959872163
annual,2025.0,1,fixed_d43,fixed,43.0,double_slippage,0.27459410092736214,0.10927535354881612,0.5560165975103735,241,0.13699302799541951,0.05675297599364401,43.02074688796681,43.01435564444628,0.9917695473251029,0.9969873230137232,0.0,9.68846914046631e-06,4190.65991996058,4031.809289890135,0.9913603220814174,0.9961498959872163
annual,2025.0,1,fixed_d44,fixed,44.0,double_slippage,0.2644061538706559,0.08035925458988846,0.5477178423236515,241,0.1389934743510666,0.05789382022724447,44.024896265560166,44.01436758466859,0.9917695473251029,0.9969873230137232,0.0,1.1073134799096375e-05,4195.088419863259,4034.33484747063,0.9913603220814174,0.9961498959872163
annual,2025.0,1,fixed_d45,fixed,45.0,double_slippage,0.24933397758180348,0.06976158641656081,0.5145228215767634,241,0.13912433869818258,0.059063440164500956,45.016597510373444,45.014345546766,0.9917695473251029,0.9969873230137232,0.0,1.2457800457726445e-05,4195.378121582498,4036.9241074345855,0.9913603220814174,0.9961498959872163
annual,2025.0,1,fixed_d46,fixed,46.0,double_slippage,0.24850892454379186,0.03431659524348391,0.5103734439834025,241,0.14088687277303752,0.060108297611788465,46.00829875518672,46.014323987068096,0.9917695473251029,0.9969873230137232,0.0,1.384246611635651e-05,4199.279941772235,4039.2371737015073,0.9913603220814174,0.9961498959872163
annual,2025.0,1,fixed_d47,fixed,47.0,double_slippage,0.24484742281407912,0.034082275846108886,0.5145228215767634,241,0.14122495357519674,0.061141070908621926,47.00829875518672,47.01427333774314,0.9917695473251029,0.9969873230137232,0.0,1.5226200594315002e-05,4200.028370139346,4041.5234886045173,0.9913603220814174,0.9961498959872163
annual,2025.0,1,fixed_d48,fixed,48.0,double_slippage,0.23557008309447475,0.08334332528841636,0.5145228215767634,241,0.14087667799834375,0.06205689263112909,48.01244813278009,48.01421680741258,0.9917695473251029,0.9969873230137232,0.0,1.6609935072273497e-05,4199.257373029706,4043.5509012710036,0.9913603220814174,0.9961498959872163
annual,2025.0,1,fixed_d49,fixed,49.0,double_slippage,0.2181886671475839,0.034854642432233136,0.5103734439834025,241,0.13897325754715914,0.06288113212982095,49.00829875518672,49.014176048024396,0.9917695473251029,0.9969873230137232,0.0,1.799366955023199e-05,4195.043664794531,4045.3755732500895,0.9913603220814174,0.9961498959872163
annual,2025.0,1,fixed_d5,fixed,5.0,double_slippage,0.4025249797893227,-0.014477735948291092,0.4979253112033195,241,0.014167964182044324,0.0038183919432546558,5.012448132780083,5.010118071223054,0.9917695473251029,0.9969873230137232,0.0,0.0,3918.7552114896084,3914.6249941080573,0.9913603220814174,0.9961498959872163
annual,2025.0,1,fixed_d50,fixed,50.0,double_slippage,0.21780477834319387,-0.0046818395946297674,0.4979253112033195,241,0.14064132654802164,0.06353608101045519,50.01244813278009,50.014203084476,0.9917695473251029,0.9969873230137232,0.0,1.9377404028190486e-05,4198.736362370306,4046.825477126308,0.9913603220814174,0.9961498959872163
annual,2025.0,1,fixed_d51,fixed,51.0,double_slippage,0.22610633135994393,0.01689283368387919,0.5062240663900415,241,0.14527657876630487,0.06441139767217716,51.016597510373444,51.01414928483448,0.9917695473251029,0.9969873230137232,0.0,2.076113850614898e-05,4208.997679270719,4048.7632214759024,0.9913603220814174,0.9961498959872163
annual,2025.0,1,fixed_d52,fixed,52.0,double_slippage,0.2250311927443294,0.009058609746344088,0.5103734439834025,241,0.14702701364854584,0.0654317422196349,52.004149377593365,52.01403207812485,0.9917695473251029,0.9969873230137232,0.0,2.2144872984107475e-05,4212.872714801543,4051.0220221617756,0.9913603220814174,0.9961498959872163
annual,2025.0,1,fixed_d53,fixed,53.0,double_slippage,0.22361986828018043,0.007096342795302172,0.5020746887966805,241,0.14994019735876074,0.06637807770429242,53.02074688796681,53.013979172321385,0.9917695473251029,0.9969873230137232,0.0,2.3529072895795517e-05,4219.32179239903,4053.1169848512845,0.9913603220814174,0.9961498959872163
annual,2025.0,1,fixed_d54,fixed,54.0,double_slippage,0.21261398853771662,-0.014080962261729326,0.4979253112033195,241,0.15126034712948402,0.06734268362967419,54.03319502074689,54.013977433299274,0.9917695473251029,0.9969873230137232,0.0,2.4912807373754012e-05,4222.2442817298,4055.2523938342297,0.9913603220814174,0.9961498959872163
annual,2025.0,1,fixed_d55,fixed,55.0,double_slippage,0.20964864968577532,-0.03709327725688617,0.48132780082987553,241,0.1543345214319443,0.06838483601241635,55.03734439834025,55.01392554987369,0.9917695473251029,0.9969873230137232,0.0,2.6296541851712506e-05,4229.049753199122,4057.5594717439144,0.9913603220814174,0.9961498959872163
annual,2025.0,1,fixed_d56,fixed,56.0,double_slippage,0.20567950362830886,-0.056264263278629045,0.48132780082987553,241,0.15724486837538942,0.06942910098513848,56.016597510373444,56.01386276210212,0.9917695473251029,0.9969873230137232,0.0,2.7680276329671e-05,4235.492550887461,4059.87122641211,0.9913603220814174,0.9961498959872163
annual,2025.0,1,fixed_d57,fixed,57.0,double_slippage,0.2129255576280475,-0.0800859507226775,0.46887966804979253,241,0.16261628155609562,0.07056175677259813,57.02074688796681,57.01380759771428,0.9917695473251029,0.9969873230137232,0.0,2.9063545686796564e-05,4247.383548454505,4062.378656764733,0.9913603220814174,0.9961498959872163
annual,2025.0,1,fixed_d58,fixed,58.0,double_slippage,0.22674495645980278,-0.07680755332228376,0.46887966804979253,241,0.1709844325184301,0.0715777636584467,58.024896265560166,58.01379968091521,0.9917695473251029,0.9969873230137232,0.0,3.044681504392213e-05,4265.90859193677,4064.6278549243384,0.9913603220814174,0.9961498959872163
annual,2025.0,1,fixed_d59,fixed,59.0,double_slippage,0.22784459042280555,-0.07365956850801368,0.48132780082987553,241,0.17583747210083003,0.07249404961901788,59.03319502074689,59.01377860949931,0.9917695473251029,0.9969873230137232,0.0,3.183054952188062e-05,4276.6520368972815,4066.6562953005746,0.9913603220814174,0.9961498959872163
annual,2025.0,1,fixed_d6,fixed,6.0,double_slippage,0.49059875964112937,-0.019572180066694228,0.49377593360995853,241,0.020102565357202444,0.005408172494418942,6.016597510373444,6.0108222634263315,0.9917695473251029,0.9969873230137232,0.0,0.0,3931.892969796614,3918.1443801671926,0.9913603220814174,0.9961498959872163
annual,2025.0,1,fixed_d60,fixed,60.0,double_slippage,0.2279372934967405,-0.04873525538331884,0.47717842323651455,241,0.1797484734637313,0.07351578260883655,60.02074688796681,60.01367993354306,0.9917695473251029,0.9969873230137232,0.0,3.3213818879006184e-05,4285.310039200665,4068.918169656571,0.9913603220814174,0.9961498959872163
annual,2025.0,1,fixed_d7,fixed,7.0,double_slippage,0.5530735281075562,-0.043089327746163045,0.4896265560165975,241,0.02647969567881361,0.0070352234112076315,7.037344398340249,7.011365050443721,0.9917695473251029,0.9969873230137232,0.0,0.0,3946.01037960813,3921.7462737177552,0.9913603220814174,0.9961498959872163
annual,2025.0,1,fixed_d8,fixed,8.0,double_slippage,0.48257378406235735,-0.0836839307452343,0.4896265560165975,241,0.02831240368297945,0.008642455857984585,8.020746887966805,8.011785047242078,0.9917695473251029,0.9969873230137232,0.0,0.0,3950.0675477472178,3925.3042940135965,0.9913603220814174,0.9961498959872163
annual,2025.0,1,fixed_d9,fixed,9.0,double_slippage,0.42353377415295856,-0.21577236068443087,0.4730290456431535,241,0.030036074732754412,0.010090817790928656,9.029045643153527,9.012202597415007,0.9917695473251029,0.9969873230137232,0.0,0.0,3953.883334686282,3928.510613773674,0.9913603220814174,0.9961498959872163
annual,2025.0,1,model_plan,model_plan,,double_slippage,0.4513080612783036,0.3364214464638686,0.5726141078838174,241,0.037951917134647524,0.0008895419140822974,14.020746887966805,2.533715540676898,0.9917695473251029,0.9969873230137232,0.0,0.0,3971.407077428722,3908.1412351047047,0.9913603220814174,0.9961498959872163
annual,2025.0,1,rolling_path,rolling,,double_slippage,0.8958847245494058,0.40352460729551487,0.5726141078838174,241,0.03280786801658659,0.0005139374238213145,11.016597510373444,2.3893729814345113,0.9917695473251029,0.9969873230137232,0.0,0.0,3960.0194083945635,3907.3097384520347,0.9913603220814174,0.9961498959872163
annual,2025.0,2,fixed_d10,fixed,10.0,base,0.39155332835046386,0.10175417400033736,0.5349794238683128,243,0.03137258894182154,0.012953330538685418,10.018518518518519,10.01251938868383,0.9958847736625515,0.9969873230137232,0.0,0.0,1277.9950041406946,1264.351227179278,0.9951014863057004,0.9953224825692577
annual,2025.0,2,fixed_d11,fixed,11.0,base,0.38383455167642894,0.06398110385110987,0.5432098765432098,243,0.0341450116337573,0.01445326415569533,11.008230452674898,11.012720762257327,0.9958847736625515,0.9969873230137232,0.0,0.0,1280.0905603930337,1265.4849631273937,0.9951014863057004,0.9953224825692577
annual,2025.0,2,fixed_d12,fixed,12.0,base,0.3420932116459384,0.11751894026366246,0.5596707818930041,243,0.03516838233659038,0.015929854682654954,12.020576131687243,12.012842764829964,0.9958847736625515,0.9969873230137232,0.0,0.0,1280.864082728217,1266.6010550277792,0.9951014863057004,0.9953224825692577
annual,2025.0,2,fixed_d13,fixed,13.0,base,0.3402285513967408,0.06442258758733108,0.5185185185185185,243,0.03813150728754873,0.017389200341705453,13.024691358024691,13.01293004674418,0.9958847736625515,0.9969873230137232,0.0,0.0,1283.1037826973106,1267.7041122668654,0.9951014863057004,0.9953224825692577
annual,2025.0,2,fixed_d14,fixed,14.0,base,0.3475689651156583,0.11308567824664759,0.5308641975308642,243,0.04186112304938912,0.018894547795740742,14.018518518518519,14.013024681899047,0.9958847736625515,0.9969873230137232,0.0,0.0,1285.922840430201,1268.8419403038463,0.9951014863057004,0.9953224825692577
annual,2025.0,2,fixed_d15,fixed,15.0,base,0.3667418469450344,0.21900823501689418,0.551440329218107,243,0.046588105119214365,0.02050941198972121,15.020576131687243,15.013081955332762,0.9958847736625515,0.9969873230137232,0.0,0.0,1289.4957648835807,1270.0625473809048,0.9951014863057004,0.9953224825692577
annual,2025.0,2,fixed_d16,fixed,16.0,base,0.39003654348807365,0.21019906957333537,0.5720164609053497,243,0.05187767525825902,0.022097900613915075,16.022633744855966,16.013191287124155,0.9958847736625515,0.9969873230137232,0.0,0.0,1293.4939257013027,1271.2632182879354,0.9951014863057004,0.9953224825692577
annual,2025.0,2,fixed_d17,fixed,17.0,base,0.3733611602859678,0.1225985360320311,0.5679012345679012,243,0.05418389215614682,0.023645513621316526,17.022633744855966,17.013256471738497,0.9958847736625515,0.9969873230137232,0.0,0.0,1295.2370968467683,1272.432993056875,0.9951014863057004,0.9953224825692577
annual,2025.0,2,fixed_d18,fixed,18.0,base,0.3467986637574011,0.13914454713180818,0.5637860082304527,243,0.055520473321153174,0.025213889089270997,18.020576131687243,18.013269121755126,0.9958847736625515,0.9969873230137232,0.0,0.0,1296.2473616325951,1273.6184612856002,0.9951014863057004,0.9953224825692577
annual,2025.0,2,fixed_d19,fixed,19.0,base,0.34680208447612915,0.19646424766779652,0.551440329218107,243,0.05855900844702884,0.026748707873334023,19.01440329218107,19.013329682629657,0.9958847736625515,0.9969873230137232,0.0,0.0,1298.5440609416505,1274.7785654459456,0.9951014863057004,0.9953224825692577
annual,2025.0,2,fixed_d2,fixed,2.0,base,0.23436301564111256,-0.01981826768831354,0.49794238683127573,243,0.0030182262328231533,0.0007305087540331944,2.0102880658436213,2.0072779385322934,0.9958847736625515,0.9969873230137232,0.0,0.0,1256.5631488075358,1255.1125166873474,0.9951014863057004,0.9953224825692577
annual,2025.0,2,fixed_d20,fixed,20.0,base,0.3411830321639728,0.22373041838792268,0.5555555555555556,243,0.061318363927219094,0.028177800089179684,20.008230452674898,20.01350427826555,0.9958847736625515,0.9969873230137232,0.0,0.0,1300.6297402450855,1275.8587553956222,0.9951014863057004,0.9953224825692577
annual,2025.0,2,fixed_d21,fixed,21.0,base,0.34660934400041127,0.2444957078926267,0.5555555555555556,243,0.06494543542734818,0.029452890240728346,21.004115226337447,21.013643559760148,0.9958847736625515,0.9969873230137232,0.0,0.0,1303.3712891372795,1276.8225417429007,0.9951014863057004,0.9953224825692577
annual,2025.0,2,fixed_d22,fixed,22.0,base,0.33733569767021176,0.21647209708429643,0.5679012345679012,243,0.06728272033634586,0.03075443195047669,22.008230452674898,22.01365763230019,0.9958847736625515,0.9969873230137232,0.0,0.0,1305.137943269349,1277.806321696613,0.9951014863057004,0.9953224825692577
annual,2025.0,2,fixed_d23,fixed,23.0,base,0.3178998688447699,0.1732957750736473,0.5637860082304527,243,0.06837230257744661,0.03209880639680753,23.020576131687243,23.013678093677996,0.9958847736625515,0.9969873230137232,0.0,0.0,1305.961512086764,1278.8224770919242,0.9951014863057004,0.9953224825692577
annual,2025.0,2,fixed_d24,fixed,24.0,base,0.3098398173783087,0.15605338537056396,0.588477366255144,243,0.07040896989979081,0.03336342194939748,24.020576131687243,24.01372543833684,0.9958847736625515,0.9969873230137232,0.0,0.0,1307.500942186542,1279.778346135899,0.9951014863057004,0.9953224825692577
annual,2025.0,2,fixed_d25,fixed,25.0,base,0.29239343798902095,0.11821992970524736,0.5596707818930041,243,0.07135596241038941,0.03467195222901819,25.022633744855966,25.013778406868113,0.9958847736625515,0.9969873230137232,0.0,0.0,1308.2167334986957,1280.7674084519776,0.9951014863057004,0.9953224825692577
annual,2025.0,2,fixed_d26,fixed,26.0,base,0.27368061992288273,0.0850503090465155,0.5432098765432098,243,0.07261715863925634,0.03606631891172105,26.016460905349795,26.013830776114926,0.9958847736625515,0.9969873230137232,0.0,0.0,1309.1700180214764,1281.821350849899,0.9951014863057004,0.9953224825692577
annual,2025.0,2,fixed_d27,fixed,27.0,base,0.25888724749770775,0.07550631001341035,0.5267489711934157,243,0.07367848972480247,0.037431932695241754,27.016460905349795,27.013870004931363,0.9958847736625515,0.9969873230137232,0.0,0.0,1309.9722329934536,1282.8535601557385,0.9951014863057004,0.9953224825692577
annual,2025.0,2,fixed_d28,fixed,28.0,base,0.24090850082043652,0.07457792718936762,0.5185185185185185,243,0.07450625910729429,0.038847777294900805,28.01440329218107,28.013883389498048,0.9958847736625515,0.9969873230137232,0.0,0.0,1310.5979086200523,1283.923736796475,0.9951014863057004,0.9953224825692577
annual,2025.0,2,fixed_d29,fixed,29.0,base,0.23734451951559835,0.06481145926003938,0.5185185185185185,243,0.07669388595657471,0.04016982526511834,29.02469135802469,29.013944178044525,0.9958847736625515,0.9969873230137232,0.0,0.0,1312.251442597799,1284.9230165592396,0.9951014863057004,0.9953224825692577
annual,2025.0,2,fixed_d3,fixed,3.0,base,0.34304112604414966,0.03870962452893133,0.5102880658436214,243,0.006839924880395507,0.002230859223563627,3.0102880658436213,3.0082691501491836,0.9958847736625515,0.9969873230137232,0.0,0.0,1259.4518080725063,1256.2465677165321,0.9951014863057004,0.9953224825692577
annual,2025.0,2,fixed_d30,fixed,30.0,base,0.24180684804419264,0.057676041052001206,0.5267489711934157,243,0.08000259646431025,0.04141502496724777,30.020576131687243,30.014039540773556,0.9958847736625515,0.9969873230137232,0.0,0.0,1314.7523559728904,1285.8642099886536,0.9951014863057004,0.9953224825692577
annual,2025.0,2,fixed_d31,fixed,31.0,base,0.2485493507974417,0.10189977520811855,0.5349794238683128,243,0.08406722576034961,0.042723611153832636,31.01028806584362,31.01411772496454,0.9958847736625515,0.9969873230137232,0.0,0.0,1317.8246361701083,1286.853314562425,0.9951014863057004,0.9953224825692577
annual,2025.0,2,fixed_d32,fixed,32.0,base,0.24106738674846315,0.09972365478813135,0.5308641975308642,243,0.08568150519840365,0.04406614969047762,32.008230452674894,32.014156395323916,0.9958847736625515,0.9969873230137232,0.0,0.0,1319.0448012550632,1287.8680822717854,0.9951014863057004,0.9953224825692577
annual,2025.0,2,fixed_d33,fixed,33.0,base,0.24795828676261444,0.13524293910592528,0.522633744855967,243,0.08900710381849254,0.045416996603978965,33.022633744855966,33.014187114335186,0.9958847736625515,0.9969873230137232,0.0,0.0,1321.55847963512,1288.8891299294075,0.9951014863057004,0.9953224825692577
annual,2025.0,2,fixed_d34,fixed,34.0,base,0.2571717606708268,0.06200967114322162,0.5267489711934157,243,0.09339921362163052,0.046747539985201286,34.02469135802469,34.01423109466288,0.9958847736625515,0.9969873230137232,0.0,0.0,1324.8782884022671,1289.8948310115834,0.9951014863057004,0.9953224825692577
annual,2025.0,2,fixed_d35,fixed,35.0,base,0.2596429482001551,0.06579442494516381,0.5267489711934157,243,0.09677652560884453,0.04804179212119953,35.03703703703704,35.0142694365294,0.9958847736625515,0.9969873230137232,0.0,0.0,1327.4310547143791,1290.8731010869162,0.9951014863057004,0.9953224825692577
annual,2025.0,2,fixed_d36,fixed,36.0,base,0.26110816246007074,0.13334220957464327,0.5555555555555556,243,0.09975051823987614,0.049342974811139056,36.04320987654321,36.01432338197796,0.9958847736625515,0.9969873230137232,0.0,0.0,1329.6789691000506,1291.8566096728437,0.9951014863057004,0.9953224825692577
annual,2025.0,2,fixed_d37,fixed,37.0,base,0.2529267521953123,0.14710280997651756,0.5473251028806584,243,0.10157683195634638,0.05060598203488797,37.04320987654321,37.014348461393354,0.9958847736625515,0.9969873230137232,0.0,1.3832693571255664e-06,1331.0594018668203,1292.8112699763385,0.9951014863057004,0.9953224825692577
annual,2025.0,2,fixed_d38,fixed,38.0,base,0.24234539192052512,0.11515855750406637,0.5555555555555556,243,0.10281702161224673,0.05186798860392838,38.04526748971193,38.014362925239894,0.9958847736625515,0.9969873230137232,0.0,2.7670038350840595e-06,1331.9968084156362,1293.7651739298806,0.9951014863057004,0.9953224825692577
annual,2025.0,2,fixed_d39,fixed,39.0,base,0.2439995731801215,0.1144265527112335,0.551440329218107,243,0.10584351633376005,0.05318873753177157,39.04320987654321,39.014356653157755,0.9958847736625515,0.9969873230137232,0.0,4.151203746772105e-06,1334.2844068957618,1294.763478733295,0.9951014863057004,0.9953224825692577
annual,2025.0,2,fixed_d4,fixed,4.0,base,0.31483210717058596,0.04706082196771494,0.5102880658436214,243,0.009581315823194821,0.0036991376303213037,4.016460905349795,4.009264073319639,0.9958847736625515,0.9969873230137232,0.0,0.0,1261.523908747126,1257.3563768392194,0.9951014863057004,0.9953224825692577
annual,2025.0,2,fixed_d40,fixed,40.0,base,0.2312156340028499,0.096324182515415,0.5596707818930041,243,0.10624363197307649,0.054416096785181604,40.034979423868315,40.014358981106696,0.9958847736625515,0.9969873230137232,0.0,5.5354036584601506e-06,1334.5868372690472,1295.6911942586992,0.9951014863057004,0.9953224825692577
annual,2025.0,2,fixed_d41,fixed,41.0,base,0.23289418031218406,0.13404416032491387,0.5555555555555556,243,0.10951335304228563,0.05570676878488793,41.02880658436214,41.01438091931084,0.9958847736625515,0.9969873230137232,0.0,6.919603570148197e-06,1337.0582801878788,1296.6667651929272,0.9951014863057004,0.9953224825692577
annual,2025.0,2,fixed_d42,fixed,42.0,base,0.23002004525613481,0.1787188362619931,0.551440329218107,243,0.11191035003917502,0.056966861498252856,42.01851851851852,42.01437921073067,0.9958847736625515,0.9969873230137232,0.0,8.304269228778264e-06,1338.8700681444118,1297.6192225491266,0.9951014863057004,0.9953224825692577
annual,2025.0,2,fixed_d43,fixed,43.0,base,0.23786624916181207,0.10900312623076187,0.5555555555555556,243,0.11681065897536921,0.05818495478421066,43.02057613168724,43.01435564444628,0.9958847736625515,0.9969873230137232,0.0,9.68846914046631e-06,1342.574002995148,1298.5399343243146,0.9951014863057004,0.9953224825692577
annual,2025.0,2,fixed_d44,fixed,44.0,base,0.2360550869652111,0.12109411175174342,0.5761316872427984,243,0.11899582682353997,0.059326609102979336,44.016460905349795,44.01436758466859,0.9958847736625515,0.9969873230137232,0.0,1.1073134799096375e-05,1344.2256783186695,1299.402869141604,0.9951014863057004,0.9953224825692577
annual,2025.0,2,fixed_d45,fixed,45.0,base,0.22949151523632025,0.12940102437175693,0.5637860082304527,243,0.11988873310724929,0.06049704290342267,45.016460905349795,45.014345546766,0.9958847736625515,0.9969873230137232,0.0,1.2457800457726445e-05,1344.9005881551204,1300.2875571435493,0.9951014863057004,0.9953224825692577
annual,2025.0,2,fixed_d46,fixed,46.0,base,0.22812316754401105,0.10962526197457105,0.5720164609053497,243,0.12158024589347742,0.061542670440612395,46.01851851851852,46.014323987068096,0.9958847736625515,0.9969873230137232,0.0,1.384246611635651e-05,1346.1791306390635,1301.0779094058353,0.9951014863057004,0.9953224825692577
annual,2025.0,2,fixed_d47,fixed,47.0,base,0.2268187702231204,0.08939871077303442,0.5637860082304527,243,0.12322024207794346,0.0625761447015883,47.016460905349795,47.01427333774314,0.9958847736625515,0.9969873230137232,0.0,1.5226200594315002e-05,1347.418733917512,1301.859075519502,0.9951014863057004,0.9953224825692577
annual,2025.0,2,fixed_d48,fixed,48.0,base,0.22644085417377882,0.11325007791344023,0.5679012345679012,243,0.12502573367398304,0.06349258841427272,48.010288065843625,48.01421680741258,0.9958847736625515,0.9969873230137232,0.0,1.6609935072273497e-05,1348.783428130135,1302.551783225329,0.9951014863057004,0.9953224825692577
annual,2025.0,2,fixed_d49,fixed,49.0,base,0.2220302108104805,0.08717998280791545,0.5679012345679012,243,0.12615788965849914,0.06431744183161991,49.008230452674894,49.014176048024396,0.9958847736625515,0.9969873230137232,0.0,1.799366955023199e-05,1349.6391766272448,1303.1752617271804,0.9951014863057004,0.9953224825692577
annual,2025.0,2,fixed_d5,fixed,5.0,base,0.34820474805533475,0.06690182912816428,0.5102880658436214,243,0.013367788384655525,0.005215531340562243,5.010288065843621,5.010118071223054,0.9958847736625515,0.9969873230137232,0.0,0.0,1264.3859421136694,1258.5025542708734,0.9951014863057004,0.9953224825692577
annual,2025.0,2,fixed_d50,fixed,50.0,base,0.21544667555020267,0.08309317407631453,0.5637860082304527,243,0.126678641295895,0.06497299379065767,50.01234567901235,50.014203084476,0.9958847736625515,0.9969873230137232,0.0,1.9377404028190486e-05,1350.0327906143293,1303.6707724662074,0.9951014863057004,0.9953224825692577
annual,2025.0,2,fixed_d51,fixed,51.0,base,0.21711280434277702,0.12416450563456155,0.5720164609053497,243,0.1292311744594763,0.06584909302790735,51.02674897119341,51.01414928483448,0.9958847736625515,0.9969873230137232,0.0,2.076113850614898e-05,1351.9621417359333,1304.3329855010775,0.9951014863057004,0.9953224825692577
annual,2025.0,2,fixed_d52,fixed,52.0,base,0.21201793777017347,0.13246746226302353,0.5843621399176955,243,0.12985238215305497,0.06687022077281118,52.02469135802469,52.01403207812485,0.9958847736625515,0.9969873230137232,0.0,2.2144872984107475e-05,1352.4316861780796,1305.1048194090076,0.9951014863057004,0.9953224825692577
annual,2025.0,2,fixed_d53,fixed,53.0,base,0.21223353711738446,0.13119483541438257,0.5925925925925926,243,0.13192289709440053,0.06781720070950581,53.04320987654321,53.013979172321385,0.9958847736625515,0.9969873230137232,0.0,2.3529072895795517e-05,1353.9967002516976,1305.8206081485441,0.9951014863057004,0.9953224825692577
annual,2025.0,2,fixed_d54,fixed,54.0,base,0.20873503796253184,0.12829385184661604,0.5843621399176955,243,0.1335293221759711,0.06878249760853647,54.03909465020576,54.013977433299274,0.9958847736625515,0.9969873230137232,0.0,2.4912807373754012e-05,1355.2109285630554,1306.5502418975725,0.9951014863057004,0.9953224825692577
annual,2025.0,2,fixed_d55,fixed,55.0,base,0.2048227324653568,0.09661031985259559,0.5637860082304527,243,0.13515584363862956,0.06982542654189924,55.03703703703704,55.01392554987369,0.9958847736625515,0.9969873230137232,0.0,2.6296541851712506e-05,1356.4403468730943,1307.3385543954798,0.9951014863057004,0.9953224825692577
annual,2025.0,2,fixed_d56,fixed,56.0,base,0.20440396246850792,0.06414421670465927,0.5555555555555556,243,0.13771422413931447,0.07087056225207364,56.02469135802469,56.01386276210212,0.9958847736625515,0.9969873230137232,0.0,2.7680276329671e-05,1358.3741177478141,1308.128534902006,0.9951014863057004,0.9953224825692577
annual,2025.0,2,fixed_d57,fixed,57.0,base,0.20572444662452025,0.10451548243680309,0.551440329218107,243,0.14096379449749263,0.07200402483961715,57.02674897119341,57.01380759771428,0.9958847736625515,0.9969873230137232,0.0,2.9063545686796564e-05,1360.8303296022693,1308.9852779315058,0.9951014863057004,0.9953224825692577
annual,2025.0,2,fixed_d58,fixed,58.0,base,0.21159204347898836,0.09470100226460926,0.5596707818930041,243,0.14514126598251786,0.07302076834668812,58.02057613168724,58.01379968091521,0.9958847736625515,0.9969873230137232,0.0,3.044681504392213e-05,1363.9879024048862,1309.753797978427,0.9951014863057004,0.9953224825692577
annual,2025.0,2,fixed_d59,fixed,59.0,base,0.21509775006423237,0.08774854539457383,0.5555555555555556,243,0.14875797586570563,0.07393779563902639,59.02469135802469,59.01377860949931,0.9958847736625515,0.9969873230137232,0.0,3.183054952188062e-05,1366.7216193920733,1310.4469467872632,0.9951014863057004,0.9953224825692577
annual,2025.0,2,fixed_d6,fixed,6.0,base,0.4130707171901712,0.16663105285482427,0.5473251028806584,243,0.018356431816646226,0.006806402248398295,6.010288065843621,6.0108222634263315,0.9958847736625515,0.9969873230137232,0.0,0.0,1268.1566452481545,1259.7050258446625,0.9951014863057004,0.9953224825692577
annual,2025.0,2,fixed_d60,fixed,60.0,base,0.21740103761928686,0.07666109721096268,0.5555555555555556,243,0.15241275958083217,0.07496028669681135,60.02057613168724,60.01367993354306,0.9958847736625515,0.9969873230137232,0.0,3.3213818879006184e-05,1369.4841147674929,1311.2198111630162,0.9951014863057004,0.9953224825692577
annual,2025.0,2,fixed_d7,fixed,7.0,base,0.4173278039414465,0.07867236851149485,0.5349794238683128,243,0.022329114930497964,0.008434560123178694,7.0246913580246915,7.011365050443721,0.9958847736625515,0.9969873230137232,0.0,0.0,1271.1594272416828,1260.9356810489412,0.9951014863057004,0.9953224825692577
annual,2025.0,2,fixed_d8,fixed,8.0,base,0.38094926945991925,0.10108303134952899,0.5308641975308642,243,0.02472411465440514,0.010042857474683663,8.030864197530864,8.011785047242078,0.9958847736625515,0.9969873230137232,0.0,0.0,1272.9697055446197,1262.151324529414,0.9951014863057004,0.9953224825692577
annual,2025.0,2,fixed_d9,fixed,9.0,base,0.365430943545183,0.09025511573512207,0.522633744855967,243,0.027299375567322016,0.011492066968342535,9.026748971193415,9.012202597415007,0.9958847736625515,0.9969873230137232,0.0,0.0,1274.9162356041106,1263.2467202727178,0.9951014863057004,0.9953224825692577
annual,2025.0,2,model_plan,model_plan,,base,0.3425312443182141,0.21948118380231801,0.551440329218107,243,0.03666592734826242,0.0022851059969599546,13.662551440329219,2.533715540676898,0.9958847736625515,0.9969873230137232,0.0,0.0,1281.9960132312751,1256.2875705425047,0.9951014863057004,0.9953224825692577
annual,2025.0,2,rolling_path,rolling,,base,0.5919417371543978,0.24864437033156073,0.5720164609053497,243,0.0355999752390709,0.001909173748594761,10.8559670781893,2.3893729814345113,0.9958847736625515,0.9969873230137232,0.0,0.0,1281.1903054243073,1256.0034193646163,0.9951014863057004,0.9953224825692577
annual,2025.0,2,fixed_d10,fixed,10.0,double_slippage,0.39167052586248774,0.1011945648368993,0.5349794238683128,243,0.029941274513729015,0.011542846969613715,10.018518518518519,10.01251938868383,0.9958847736625515,0.9969873230137232,0.0,0.0,1984.2304081329655,1964.2511972203267,0.995131383181113,0.9953280556002186
annual,2025.0,2,fixed_d11,fixed,11.0,double_slippage,0.38391267628503667,0.06412331323803308,0.5432098765432098,243,0.03271006752760907,0.013040751970459096,11.008230452674898,11.012720762257327,0.9958847736625515,0.9969873230137232,0.0,0.0,1987.295124054463,1965.9091952295557,0.995131383181113,0.9953280556002186
annual,2025.0,2,fixed_d12,fixed,12.0,double_slippage,0.342204917233881,0.11729254834058339,0.5596707818930041,243,0.033732819915151015,0.014515389590459941,12.020576131687243,12.012842764829964,0.9958847736625515,0.9969873230137232,0.0,0.0,1988.4271861154887,1967.5414390880894,0.995131383181113,0.9953280556002186
annual,2025.0,2,fixed_d13,fixed,13.0,double_slippage,0.34029065829639527,0.06466597025738953,0.5185185185185185,243,0.036689052727695466,0.015972744712782917,13.024691358024691,13.01293004674418,0.9958847736625515,0.9969873230137232,0.0,0.0,1991.6993750161544,1969.154553331107,0.995131383181113,0.9953280556002186
annual,2025.0,2,fixed_d14,fixed,14.0,double_slippage,0.3476252094436441,0.11376173891316602,0.5308641975308642,243,0.04041406445567407,0.017475989365671487,14.018518518518519,14.013024681899047,0.9958847736625515,0.9969873230137232,0.0,0.0,1995.8225083429395,1970.8184616834174,0.995131383181113,0.9953280556002186
annual,2025.0,2,fixed_d15,fixed,15.0,double_slippage,0.3668061254218609,0.21786589777719698,0.551440329218107,243,0.04513512792268219,0.01908861244739787,15.020576131687243,15.013081955332762,0.9958847736625515,0.9969873230137232,0.0,0.0,2001.0481493717962,1972.6034386062734,0.995131383181113,0.9953280556002186
annual,2025.0,2,fixed_d16,fixed,16.0,double_slippage,0.3901033599850678,0.20995785556756608,0.5720164609053497,243,0.05041812668809123,0.020674888883339508,16.022633744855966,16.013191287124155,0.9958847736625515,0.9969873230137232,0.0,0.0,2006.8957841889985,1974.3592530079839,0.995131383181113,0.9953280556002186
annual,2025.0,2,fixed_d17,fixed,17.0,double_slippage,0.37340104105130906,0.12276414571537216,0.5679012345679012,243,0.05271933643331765,0.022220387446084053,17.022633744855966,17.013256471738497,0.9958847736625515,0.9969873230137232,0.0,0.0,2009.4429425029468,1976.0699312812062,0.995131383181113,0.9953280556002186
annual,2025.0,2,fixed_d18,fixed,18.0,double_slippage,0.3468179667455791,0.13940947925624342,0.5637860082304527,243,0.05405281329540763,0.023786587045072662,18.020576131687243,18.013269121755126,0.9958847736625515,0.9969873230137232,0.0,0.0,2010.9189386318385,1977.8035230748867,0.995131383181113,0.9953280556002186
annual,2025.0,2,fixed_d19,fixed,19.0,double_slippage,0.3468084601443228,0.19629320337440956,0.551440329218107,243,0.057086185521912455,0.02531924975914073,19.01440329218107,19.013329682629657,0.9958847736625515,0.9969873230137232,0.0,0.0,2014.2765114485117,1979.499993630303,0.995131383181113,0.9953280556002186
annual,2025.0,2,fixed_d2,fixed,2.0,double_slippage,0.2344610386978914,-0.02014436710319062,0.49794238683127573,243,0.0016223893974133396,-0.0006630525623914492,2.0102880658436213,2.0072779385322934,0.9958847736625515,0.9969873230137232,0.0,0.0,1952.8848587690584,1950.7407562287444,0.995131383181113,0.9953280556002186
annual,2025.0,2,fixed_d20,fixed,20.0,double_slippage,0.34116523546191935,0.22358707127923055,0.5555555555555556,243,0.059839731907053134,0.026746243242056128,20.008230452674898,20.01350427826555,0.9958847736625515,0.9969873230137232,0.0,0.0,2017.324351212921,1981.079501244285,0.995131383181113,0.9953280556002186
annual,2025.0,2,fixed_d21,fixed,21.0,double_slippage,0.34658372091138134,0.24472710432093156,0.5555555555555556,243,0.06346117075874257,0.02801949034129981,21.004115226337447,21.013643559760148,0.9958847736625515,0.9969873230137232,0.0,0.0,2021.3328420072348,1982.488830377048,0.995131383181113,0.9953280556002186
annual,2025.0,2,fixed_d22,fixed,22.0,double_slippage,0.3373168849383146,0.21448802834958663,0.5679012345679012,243,0.06579549214130778,0.02931930649693619,22.008230452674898,22.01365763230019,0.9958847736625515,0.9969873230137232,0.0,0.0,2023.9166508622754,1983.9275682123532,0.995131383181113,0.9953280556002186
annual,2025.0,2,fixed_d23,fixed,23.0,double_slippage,0.3178790948951486,0.17290635753403427,0.5637860082304527,243,0.06688255781966991,0.03066180493525231,23.020576131687243,23.013678093677996,0.9958847736625515,0.9969873230137232,0.0,0.0,2025.1198998864859,1985.4135501250014,0.995131383181113,0.9953280556002186
annual,2025.0,2,fixed_d24,fixed,24.0,double_slippage,0.30980956100900336,0.15612759507619614,0.588477366255144,243,0.06891531836914608,0.03192474301858558,24.020576131687243,24.01372543833684,0.9958847736625515,0.9969873230137232,0.0,0.0,2027.369917706287,1986.8114684354184,0.995131383181113,0.9953280556002186
annual,2025.0,2,fixed_d25,fixed,25.0,double_slippage,0.2923678116159888,0.11805625132571915,0.5596707818930041,243,0.06986178302374059,0.033231504888265095,25.022633744855966,25.013778406868113,0.9958847736625515,0.9969873230137232,0.0,0.0,2028.4175385582355,1988.2578943284107,0.995131383181113,0.9953280556002186
annual,2025.0,2,fixed_d26,fixed,26.0,double_slippage,0.27365319715637315,0.08473378426456839,0.5432098765432098,243,0.07112122529591924,0.03462392500777471,26.016460905349795,26.013830776114926,0.9958847736625515,0.9969873230137232,0.0,0.0,2029.811587432386,1989.799133448952,0.995131383181113,0.9953280556002186
annual,2025.0,2,fixed_d27,fixed,27.0,double_slippage,0.25886346261629994,0.07561236424259947,0.5267489711934157,243,0.07218163636456622,0.03598766915648426,27.016460905349795,27.013870004931363,0.9958847736625515,0.9969873230137232,0.0,0.0,2030.9853330569683,1991.3086317698617,0.995131383181113,0.9953280556002186
annual,2025.0,2,fixed_d28,fixed,28.0,double_slippage,0.24090416429448105,0.07443699862248118,0.5185185185185185,243,0.0730109980494,0.03740160356905773,28.01440329218107,28.013883389498048,0.9958847736625515,0.9969873230137232,0.0,0.0,2031.9033352143865,1992.8736845868996,0.995131383181113,0.9953280556002186
annual,2025.0,2,fixed_d29,fixed,29.0,double_slippage,0.23733087366336658,0.06517271909559087,0.5185185185185185,243,0.0751939882487742,0.03872184757956291,29.02469135802469,29.013944178044525,0.9958847736625515,0.9969873230137232,0.0,0.0,2034.3196389203542,1994.3350335642237,0.995131383181113,0.9953280556002186
annual,2025.0,2,fixed_d3,fixed,3.0,double_slippage,0.34315041243687294,0.03798428575702868,0.5102880658436214,243,0.005438865176646117,0.0008352162790848091,3.0102880658436213,3.0082691501491836,0.9958847736625515,0.9969873230137232,0.0,0.0,1957.1092316369436,1952.399156965144,0.995131383181113,0.9953280556002186
annual,2025.0,2,fixed_d30,fixed,30.0,double_slippage,0.24179581337204278,0.05735341885458967,0.5267489711934157,243,0.07849834028564918,0.039965274109943584,30.020576131687243,30.014039540773556,0.9958847736625515,0.9969873230137232,0.0,0.0,2037.9771533126834,1995.7113549670032,0.995131383181113,0.9953280556002186
annual,2025.0,2,fixed_d31,fixed,31.0,double_slippage,0.24852027604360744,0.10232219479169574,0.5349794238683128,243,0.08255566308496165,0.04127214207266211,31.01028806584362,31.01411772496454,0.9958847736625515,0.9969873230137232,0.0,0.0,2042.4681144352282,1997.1578982920407,0.995131383181113,0.9953280556002186
annual,2025.0,2,fixed_d32,fixed,32.0,double_slippage,0.24104437225000397,0.10017210514151191,0.5308641975308642,243,0.08416887332769778,0.042612875040278324,32.008230452674894,32.014156395323916,0.9958847736625515,0.9969873230137232,0.0,0.0,2044.2537412736538,1998.6419260441085,0.995131383181113,0.9953280556002186
annual,2025.0,2,fixed_d33,fixed,33.0,double_slippage,0.24795040316481812,0.13574014283638408,0.522633744855967,243,0.08749112407575468,0.04396182073729263,33.022633744855966,33.014187114335186,0.9958847736625515,0.9969873230137232,0.0,0.0,2047.931067354634,2000.135044285216,0.995131383181113,0.9953280556002186
annual,2025.0,2,fixed_d34,fixed,34.0,double_slippage,0.25716582469260846,0.061971264881440065,0.5267489711934157,243,0.09187768946117861,0.04529050024666994,34.02469135802469,34.01423109466288,0.9958847736625515,0.9969873230137232,0.0,0.0,2052.78645983432,2001.6057303301973,0.995131383181113,0.9953280556002186
annual,2025.0,2,fixed_d35,fixed,35.0,double_slippage,0.25963623543966624,0.06555620500787601,0.5267489711934157,243,0.09524946162805364,0.0465829614971812,35.03703703703704,35.0142694365294,0.9958847736625515,0.9969873230137232,0.0,0.0,2056.5186000815966,2003.0363271832318,0.995131383181113,0.9953280556002186
annual,2025.0,2,fixed_d36,fixed,36.0,double_slippage,0.26109668899555993,0.13287636728146357,0.5555555555555556,243,0.09821795469907883,0.047882303693054906,36.04320987654321,36.01432338197796,0.9958847736625515,0.9969873230137232,0.0,0.0,2059.804359591973,2004.4745404029288,0.995131383181113,0.9953280556002186
annual,2025.0,2,fixed_d37,fixed,37.0,double_slippage,0.25291781254246454,0.14736637855763193,0.5473251028806584,243,0.10004167924452187,0.04914352139007735,37.04320987654321,37.014348461393354,0.9958847736625515,0.9969873230137232,0.0,1.3832693571255664e-06,2061.823000069188,2005.8705613873387,0.995131383181113,0.9953280556002186
annual,2025.0,2,fixed_d38,fixed,38.0,double_slippage,0.24232858962692932,0.11531492406027379,0.5555555555555556,243,0.10127883622794547,0.05040377132154065,38.04526748971193,38.014362925239894,0.9958847736625515,0.9969873230137232,0.0,2.7670038350840595e-06,2063.192381848716,2007.2655111757263,0.995131383181113,0.9953280556002186
annual,2025.0,2,fixed_d39,fixed,39.0,double_slippage,0.24396741907381542,0.113943687768164,0.551440329218107,243,0.10429901444688595,0.05172268256100307,39.04320987654321,39.014356653157755,0.9958847736625515,0.9969873230137232,0.0,4.151203746772105e-06,2066.535350509408,2008.7253918744982,0.995131383181113,0.9953280556002186
annual,2025.0,2,fixed_d4,fixed,4.0,double_slippage,0.31500591392336735,0.04595610826992674,0.5102880658436214,243,0.008176874018121325,0.0023014957059004763,4.016460905349795,4.009264073319639,0.9958847736625515,0.9969873230137232,0.0,0.0,1960.139873236947,1954.0221493239796,0.995131383181113,0.9953280556002186
annual,2025.0,2,fixed_d40,fixed,40.0,double_slippage,0.2311700386187425,0.09643813931223533,0.5596707818930041,243,0.1046968213769443,0.05294826209913829,40.034979423868315,40.014358981106696,0.9958847736625515,0.9969873230137232,0.0,5.5354036584601506e-06,2066.975674226681,2010.0819657714965,0.995131383181113,0.9953280556002186
annual,2025.0,2,fixed_d41,fixed,41.0,double_slippage,0.23285622626598837,0.13401402529132345,0.5555555555555556,243,0.1079638414241903,0.05423712905676758,41.02880658436214,41.01438091931084,0.9958847736625515,0.9969873230137232,0.0,6.919603570148197e-06,2070.5918666630446,2011.508591117333,0.995131383181113,0.9953280556002186
annual,2025.0,2,fixed_d42,fixed,42.0,double_slippage,0.22998575431608304,0.1786193426358529,0.551440329218107,243,0.11035927842430074,0.055495479237705585,42.01851851851852,42.01437921073067,0.9958847736625515,0.9969873230137232,0.0,8.304269228778264e-06,2073.2433230472448,2012.901438118429,0.995131383181113,0.9953280556002186
annual,2025.0,2,fixed_d43,fixed,43.0,double_slippage,0.23783744782952632,0.10909958965036899,0.5555555555555556,243,0.1152537896078982,0.05671192497642704,43.02057613168724,43.01435564444628,0.9958847736625515,0.9969873230137232,0.0,9.68846914046631e-06,2078.6609495282137,2014.2479020143019,0.995131383181113,0.9953280556002186
annual,2025.0,2,fixed_d44,fixed,44.0,double_slippage,0.23602462119922574,0.1211602938179277,0.5761316872427984,243,0.1174351889249143,0.05785197809736258,44.016460905349795,44.01436758466859,0.9958847736625515,0.9969873230137232,0.0,1.1073134799096375e-05,2081.0754923215845,2015.5098086087157,0.995131383181113,0.9953280556002186
annual,2025.0,2,fixed_d45,fixed,45.0,double_slippage,0.2294631048017859,0.12919417015521814,0.5637860082304527,243,0.11832689076893058,0.05902074424648562,45.016460905349795,45.014345546766,0.9958847736625515,0.9969873230137232,0.0,1.2457800457726445e-05,2082.0624974262964,2016.8034970207666,0.995131383181113,0.9953280556002186
annual,2025.0,2,fixed_d46,fixed,46.0,double_slippage,0.22810910471201398,0.1093676294452766,0.5720164609053497,243,0.12001820824607465,0.06006489996002122,46.01851851851852,46.014323987068096,0.9958847736625515,0.9969873230137232,0.0,1.384246611635651e-05,2083.9345794398387,2017.9592568899416,0.995131383181113,0.9953280556002186
annual,2025.0,2,fixed_d47,fixed,47.0,double_slippage,0.22681281991115415,0.08867263287333177,0.5637860082304527,243,0.12165750319807364,0.06109696327412357,47.016460905349795,47.01427333774314,0.9958847736625515,0.9969873230137232,0.0,1.5226200594315002e-05,2085.7490788676523,2019.1016319442144,0.995131383181113,0.9953280556002186
annual,2025.0,2,fixed_d48,fixed,48.0,double_slippage,0.22643968147205018,0.11668424666082439,0.5679012345679012,243,0.12346175470241004,0.06201216704596978,48.010288065843625,48.01421680741258,0.9958847736625515,0.9969873230137232,0.0,1.6609935072273497e-05,2087.746165065141,2020.1146577484942,0.995131383181113,0.9953280556002186
annual,2025.0,2,fixed_d49,fixed,49.0,double_slippage,0.22203676779693035,0.08692497188335055,0.5679012345679012,243,0.12459403329002773,0.06283593734296755,49.008230452674894,49.014176048024396,0.9958847736625515,0.9969873230137232,0.0,1.799366955023199e-05,2088.9994592614385,2021.0264778560245,0.995131383181113,0.9953280556002186
annual,2025.0,2,fixed_d5,fixed,5.0,double_slippage,0.34831748870549384,0.06676154540322105,0.5102880658436214,243,0.011959491096292438,0.00381579390138114,5.010288065843621,5.010118071223054,0.9958847736625515,0.9969873230137232,0.0,0.0,1964.3267686553793,1955.6982925988,0.995131383181113,0.9953280556002186
annual,2025.0,2,fixed_d50,fixed,50.0,double_slippage,0.21545873785453448,0.08313138428716017,0.5596707818930041,243,0.12511474453107824,0.0634905129534837,50.01234567901235,50.014203084476,0.9958847736625515,0.9969873230137232,0.0,1.9377404028190486e-05,2089.575823049901,2021.751020096667,0.995131383181113,0.9953280556002186
annual,2025.0,2,fixed_d51,fixed,51.0,double_slippage,0.21712889448336123,0.12444876705812356,0.5720164609053497,243,0.12766404020439173,0.06436536690563135,51.02674897119341,51.01414928483448,0.9958847736625515,0.9969873230137232,0.0,2.076113850614898e-05,2092.3975822061257,2022.7193835754351,0.995131383181113,0.9953280556002186
annual,2025.0,2,fixed_d52,fixed,52.0,double_slippage,0.2120395330273216,0.1323678640609966,0.5843621399176955,243,0.1282854574109685,0.06538504350637768,52.02469135802469,52.01403207812485,0.9958847736625515,0.9969873230137232,0.0,2.2144872984107475e-05,2093.085415206766,2023.848048049883,0.995131383181113,0.9953280556002186
annual,2025.0,2,fixed_d53,fixed,53.0,double_slippage,0.21225969970667521,0.1310134215776654,0.5925925925925926,243,0.13035439879447902,0.06633075567928431,53.04320987654321,53.013979172321385,0.9958847736625515,0.9969873230137232,0.0,2.3529072895795517e-05,2095.375480793794,2024.894842932768,0.995131383181113,0.9953280556002186
annual,2025.0,2,fixed_d54,fixed,54.0,double_slippage,0.20876865814761786,0.12773766520837013,0.5843621399176955,243,0.13196148475840339,0.06729472100273627,54.03909465020576,54.013977433299274,0.9958847736625515,0.9969873230137232,0.0,2.4912807373754012e-05,2097.154328803074,2025.961841823087,0.995131383181113,0.9953280556002186
annual,2025.0,2,fixed_d55,fixed,55.0,double_slippage,0.20485315582566052,0.09691295148182646,0.5637860082304527,243,0.13358681348101414,0.0683362496251544,55.03703703703704,55.01392554987369,0.9958847736625515,0.9969873230137232,0.0,2.6296541851712506e-05,2098.953369319602,2027.114693818378,0.995131383181113,0.9953280556002186
annual,2025.0,2,fixed_d56,fixed,56.0,double_slippage,0.20443411498727682,0.06431327012553989,0.5555555555555556,243,0.13614277772589434,0.06937986462255816,56.02469135802469,56.01386276210212,0.9958847736625515,0.9969873230137232,0.0,2.7680276329671e-05,2101.782509770621,2028.2698551761255,0.995131383181113,0.9953280556002186
annual,2025.0,2,fixed_d57,fixed,57.0,double_slippage,0.205752067019108,0.10456853553772465,0.551440329218107,243,0.13938787500904515,0.07051172504229061,57.02674897119341,57.01380759771428,0.9958847736625515,0.9969873230137232,0.0,2.9063545686796564e-05,2105.374436382909,2029.5226934432706,0.995131383181113,0.9953280556002186
annual,2025.0,2,fixed_d58,fixed,58.0,double_slippage,0.2116213282001207,0.0950307472437168,0.5596707818930041,243,0.14356002633753664,0.07152697513298731,58.02057613168724,58.01379968091521,0.9958847736625515,0.9969873230137232,0.0,3.044681504392213e-05,2109.992498671867,2030.6464583090399,0.995131383181113,0.9953280556002186
annual,2025.0,2,fixed_d59,fixed,59.0,double_slippage,0.2151269389461779,0.08721501905985511,0.5555555555555556,243,0.14717212504516058,0.07244269854741285,59.02469135802469,59.01377860949931,0.9958847736625515,0.9969873230137232,0.0,3.183054952188062e-05,2113.9906510667097,2031.6600592942302,0.995131383181113,0.9953280556002186
annual,2025.0,2,fixed_d6,fixed,6.0,double_slippage,0.4131808024811138,0.16617308900180752,0.5473251028806584,243,0.01694185196305971,0.005404462068686093,6.010288065843621,6.0108222634263315,0.9958847736625515,0.9969873230137232,0.0,0.0,1969.841634013127,1957.456754355207,0.995131383181113,0.9953280556002186
annual,2025.0,2,fixed_d60,fixed,60.0,double_slippage,0.21742723482961313,0.076842434411656,0.5555555555555556,243,0.15082171658654156,0.07346374282055655,60.02057613168724,60.01367993354306,0.9958847736625515,0.9969873230137232,0.0,3.3213818879006184e-05,2118.0303034523404,2032.7902376127597,0.995131383181113,0.9953280556002186
annual,2025.0,2,fixed_d7,fixed,7.0,double_slippage,0.41748704264394243,0.07911719200410817,0.5349794238683128,243,0.02090861516307442,0.007030388177168132,7.0246913580246915,7.011365050443721,0.9958847736625515,0.9969873230137232,0.0,0.0,1974.232356712496,1959.2564561049812,0.995131383181113,0.9953280556002186
annual,2025.0,2,fixed_d8,fixed,8.0,double_slippage,0.3811441434192546,0.10121917918707453,0.5308641975308642,243,0.023301937212802944,0.008636450064316969,8.030864197530864,8.011785047242078,0.9958847736625515,0.9969873230137232,0.0,0.0,1976.8814721047636,1961.034170586266,0.995131383181113,0.9953280556002186
annual,2025.0,2,fixed_d9,fixed,9.0,double_slippage,0.365586941432258,0.09021633661705233,0.522633744855967,243,0.02587361211487604,0.010083648915728782,9.026748971193415,9.012202597415007,0.9958847736625515,0.9969873230137232,0.0,0.0,1979.7280023357296,1962.6360430770085,0.995131383181113,0.9953280556002186
annual,2025.0,2,model_plan,model_plan,,double_slippage,0.456825560243062,0.3377357005694223,0.5802469135802469,243,0.03522489771005306,0.0008893717759768007,13.662551440329219,2.533715540676898,0.9958847736625515,0.9969873230137232,0.0,0.0,1990.0787341189805,1952.4591004902572,0.995131383181113,0.9953280556002186
annual,2025.0,2,rolling_path,rolling,,double_slippage,0.7069962485457247,0.3735687055120671,0.5925925925925926,243,0.03416332622016494,0.0005139794621571403,10.8559670781893,2.3893729814345113,0.9958847736625515,0.9969873230137232,0.0,0.0,1988.903704049722,1952.0435870173453,0.995131383181113,0.9953280556002186
annual,2025.0,3,fixed_d10,fixed,10.0,base,0.44181578713698827,0.37764077635749477,0.6255144032921811,243,0.0326520747517276,0.012944379124323415,10.02880658436214,10.01251938868383,0.9931412894375856,0.9969873230137232,0.0,0.0,850.0200712169849,842.2190196402879,0.991981975867869,0.9945164793486556
annual,2025.0,3,fixed_d11,fixed,11.0,base,0.42607542273464416,0.402330654984073,0.6172839506172839,243,0.035176064955136414,0.014443292001055931,11.023319615912209,11.012720762257327,0.9931412894375856,0.9969873230137232,0.0,0.0,851.2919223593042,842.9743292496258,0.991981975867869,0.9945164793486556
annual,2025.0,3,fixed_d12,fixed,12.0,base,0.39240606963367103,0.28893854170891237,0.6172839506172839,243,0.03666433776526842,0.01591876453593104,12.02880658436214,12.012842764829964,0.9931412894375856,0.9969873230137232,0.0,0.0,852.0418703864771,843.7178271548105,0.991981975867869,0.9945164793486556
annual,2025.0,3,fixed_d13,fixed,13.0,base,0.3973533725985882,0.33423598332596016,0.6172839506172839,243,0.040108497577870134,0.017377021429690522,13.02880658436214,13.01293004674418,0.9931412894375856,0.9969873230137232,0.0,0.0,853.7773995442647,844.4526500133218,0.991981975867869,0.9945164793486556
annual,2025.0,3,fixed_d14,fixed,14.0,base,0.41262261024366237,0.30793057960623044,0.6296296296296297,243,0.04432439584909125,0.018881142702641754,14.026063100137174,14.013024681899047,0.9931412894375856,0.9969873230137232,0.0,0.0,855.9018115268916,845.210584159265,0.991981975867869,0.9945164793486556
annual,2025.0,3,fixed_d15,fixed,15.0,base,0.4151096434867142,0.3357910607350855,0.6131687242798354,243,0.04785848440027269,0.020494677273984987,15.024691358024691,15.013081955332762,0.9931412894375856,0.9969873230137232,0.0,0.0,857.6826562206659,846.0236522072165,0.991981975867869,0.9945164793486556
annual,2025.0,3,fixed_d16,fixed,16.0,base,0.4164013319002605,0.3142145116923374,0.6460905349794238,243,0.05152106605941568,0.022081999974626006,16.030178326474623,16.013191287124155,0.9931412894375856,0.9969873230137232,0.0,0.0,859.5282492268227,846.8235119639274,0.991981975867869,0.9945164793486556
annual,2025.0,3,fixed_d17,fixed,17.0,base,0.41687194507438885,0.3047306945906161,0.6213991769547325,243,0.05508708255248702,0.023628348010834986,17.0315500685871,17.013256471738497,0.9931412894375856,0.9969873230137232,0.0,0.0,861.3251825683694,847.6027243846492,0.991981975867869,0.9945164793486556
annual,2025.0,3,fixed_d18,fixed,18.0,base,0.398458901433983,0.40471206971791873,0.5967078189300411,243,0.05720537906858973,0.025195522669435855,18.02331961591221,18.013269121755126,0.9931412894375856,0.9969873230137232,0.0,0.0,862.3926026558713,848.3924314433626,0.991981975867869,0.9945164793486556
annual,2025.0,3,fixed_d19,fixed,19.0,base,0.3903167185371125,0.31343431688095663,0.6008230452674898,243,0.059810490542191515,0.026729166146204093,19.016460905349795,19.013329682629657,0.9931412894375856,0.9969873230137232,0.0,0.0,863.7053312073109,849.1652419737695,0.991981975867869,0.9945164793486556
annual,2025.0,3,fixed_d2,fixed,2.0,base,0.24270716648623356,0.013836643938616881,0.5102880658436214,243,0.0029901363106664487,0.0007299046739104327,2.0116598079561046,2.0072779385322934,0.9931412894375856,0.9969873230137232,0.0,0.0,835.0732737853946,836.064085575327,0.991981975867869,0.9945164793486556
annual,2025.0,3,fixed_d20,fixed,20.0,base,0.37105641267086636,0.3423346329911853,0.6008230452674898,243,0.061520489649829785,0.028157226684576906,20.01371742112483,20.01350427826555,0.9931412894375856,0.9969873230137232,0.0,0.0,864.5670082120308,849.884848739508,0.991981975867869,0.9945164793486556
annual,2025.0,3,fixed_d21,fixed,21.0,base,0.36795852373747967,0.31428630802390456,0.6090534979423868,243,0.06440158650323047,0.029431328045343163,21.008230452674898,21.013643559760148,0.9931412894375856,0.9969873230137232,0.0,0.0,866.0188071608458,850.5268747144634,0.991981975867869,0.9945164793486556
annual,2025.0,3,fixed_d22,fixed,22.0,base,0.36900027417351555,0.24589874455555588,0.5925925925925926,243,0.06770467999815492,0.0307319502606993,22.00960219478738,22.01365763230019,0.9931412894375856,0.9969873230137232,0.0,0.0,867.6832523037133,851.1822646791678,0.991981975867869,0.9945164793486556
annual,2025.0,3,fixed_d23,fixed,23.0,base,0.35615135261301645,0.262610288311732,0.5967078189300411,243,0.06950605421983433,0.03207533521577711,23.01920438957476,23.013678093677996,0.9931412894375856,0.9969873230137232,0.0,0.0,868.5909736801634,851.8592029998406,0.991981975867869,0.9945164793486556
annual,2025.0,3,fixed_d24,fixed,24.0,base,0.34728690049894595,0.24839158431076225,0.6090534979423868,243,0.07152220946729536,0.03333913998785096,24.01508916323731,24.01372543833684,0.9931412894375856,0.9969873230137232,0.0,0.0,869.606924277402,852.4960404728465,0.991981975867869,0.9945164793486556
annual,2025.0,3,fixed_d25,fixed,25.0,base,0.33553935046152866,0.2459955660392614,0.5679012345679012,243,0.07321638522244756,0.03464680534641693,25.016460905349795,25.013778406868113,0.9931412894375856,0.9969873230137232,0.0,0.0,870.4606278165722,853.1549795122364,0.991981975867869,0.9945164793486556
annual,2025.0,3,fixed_d26,fixed,26.0,base,0.32943264975698816,0.24645038402178499,0.5802469135802469,243,0.07573145534703335,0.036040288243114685,26.012345679012345,26.013830776114926,0.9931412894375856,0.9969873230137232,0.0,0.0,871.7279840870713,853.8571624333802,0.991981975867869,0.9945164793486556
annual,2025.0,3,fixed_d27,fixed,27.0,base,0.31921766971800136,0.17984284799389483,0.5761316872427984,243,0.07749246778515238,0.03740507760090122,27.012345679012345,27.013870004931363,0.9931412894375856,0.9969873230137232,0.0,0.0,872.6153669612339,854.544886538403,0.991981975867869,0.9945164793486556
annual,2025.0,3,fixed_d28,fixed,28.0,base,0.303491353069957,0.23309963660765173,0.5679012345679012,243,0.07871002265584463,0.03881998872247204,28.00960219478738,28.013883389498048,0.9931412894375856,0.9969873230137232,0.0,0.0,873.2288988802698,855.2578672480032,0.991981975867869,0.9945164793486556
annual,2025.0,3,fixed_d29,fixed,29.0,base,0.28882302740664223,0.20589492190506167,0.5679012345679012,243,0.07980642339109592,0.040141093470639516,29.01920438957476,29.013944178044525,0.9931412894375856,0.9969873230137232,0.0,0.0,873.7813806314617,855.9235784622587,0.991981975867869,0.9945164793486556
annual,2025.0,3,fixed_d3,fixed,3.0,base,0.37033792284937045,0.13404234604114515,0.5308641975308642,243,0.0070453180099308114,0.002229245332838093,3.0096021947873797,3.0082691501491836,0.9931412894375856,0.9969873230137232,0.0,0.0,837.1166998928155,836.8196107462281,0.991981975867869,0.9945164793486556
annual,2025.0,3,fixed_d30,fixed,30.0,base,0.2926604485100425,0.16501180264120602,0.5720164609053497,243,0.08324059858195423,0.04138534429824372,30.01508916323731,30.014039540773556,0.9931412894375856,0.9969873230137232,0.0,0.0,875.511878488988,856.5505626059701,0.991981975867869,0.9945164793486556
annual,2025.0,3,fixed_d31,fixed,31.0,base,0.2984440474236459,0.1947137223034012,0.5720164609053497,243,0.08726073142755754,0.04269306557300577,31.009602194787384,31.01411772496454,0.9931412894375856,0.9969873230137232,0.0,0.0,877.5376433057652,857.2095298218076,0.991981975867869,0.9945164793486556
annual,2025.0,3,fixed_d32,fixed,32.0,base,0.29692468895372925,0.17695651604164286,0.5720164609053497,243,0.09014557257407976,0.044034723966151976,32.008230452674894,32.014156395323916,0.9931412894375856,0.9969873230137232,0.0,0.0,878.9913290223975,857.8855981193867,0.991981975867869,0.9945164793486556
annual,2025.0,3,fixed_d33,fixed,33.0,base,0.29920290040852604,0.20704972812423164,0.5720164609053497,243,0.09331098934633798,0.04538455129852013,33.01783264746228,33.014187114335186,0.9931412894375856,0.9969873230137232,0.0,0.0,880.5863981840276,858.5657827858279,0.991981975867869,0.9945164793486556
annual,2025.0,3,fixed_d34,fixed,34.0,base,0.3081622898825949,0.21783911527301994,0.5555555555555556,243,0.0976561034627277,0.04671414648796919,34.02194787379972,34.01423109466288,0.9931412894375856,0.9969873230137232,0.0,0.0,882.7759226698885,859.2357723754227,0.991981975867869,0.9945164793486556
annual,2025.0,3,fixed_d35,fixed,35.0,base,0.3112898491080736,0.258407783960568,0.5720164609053497,243,0.10100079293255242,0.04800735660597319,35.03155006858711,35.0142694365294,0.9931412894375856,0.9969873230137232,0.0,0.0,884.4613282301624,859.8874273476255,0.991981975867869,0.9945164793486556
annual,2025.0,3,fixed_d36,fixed,36.0,base,0.3149921900496627,0.22028119736573878,0.588477366255144,243,0.10444205474640848,0.04930764964421983,36.034293552812066,36.01432338197796,0.9931412894375856,0.9969873230137232,0.0,0.0,886.1953970720539,860.542651438357,0.991981975867869,0.9945164793486556
annual,2025.0,3,fixed_d37,fixed,37.0,base,0.3031624002071665,0.1937833751460948,0.5720164609053497,243,0.10525709039654454,0.05056976873091902,37.03292181069959,37.014348461393354,0.9931412894375856,0.9969873230137232,0.0,1.3832693571255664e-06,886.6060975657629,861.1786464129708,0.991981975867869,0.9945164793486556
annual,2025.0,3,fixed_d38,fixed,38.0,base,0.29566032850849017,0.16969595765411552,0.5967078189300411,243,0.10692918761033765,0.05183082417746698,38.034293552812066,38.014362925239894,0.9931412894375856,0.9969873230137232,0.0,2.7670038350840595e-06,887.4486756187837,861.8141054163826,0.991981975867869,0.9945164793486556
annual,2025.0,3,fixed_d39,fixed,39.0,base,0.29680205273102966,0.2000538872983795,0.588477366255144,243,0.11027746383220664,0.05315059314677583,39.0315500685871,39.014356653157755,0.9931412894375856,0.9969873230137232,0.0,4.151203746772105e-06,889.135888561145,862.4791504565294,0.991981975867869,0.9945164793486556
annual,2025.0,3,fixed_d4,fixed,4.0,base,0.39133184799990195,0.05802606400825324,0.5390946502057613,243,0.010556453915173533,0.0036964472282538996,4.016460905349795,4.009264073319639,0.9931412894375856,0.9969873230137232,0.0,0.0,838.8859786348211,837.5589410352986,0.991981975867869,0.9945164793486556
annual,2025.0,3,fixed_d40,fixed,40.0,base,0.29276193939326467,0.23070895040558317,0.6049382716049383,243,0.11214331401455575,0.054376963259126825,40.02606310013718,40.014358981106696,0.9931412894375856,0.9969873230137232,0.0,5.5354036584601506e-06,890.0760996929523,863.097131350883,0.991981975867869,0.9945164793486556
annual,2025.0,3,fixed_d41,fixed,41.0,base,0.28463993175963426,0.18843645640822207,0.6131687242798354,243,0.11347380862417523,0.055666735648932875,41.02331961591221,41.01438091931084,0.9931412894375856,0.9969873230137232,0.0,6.919603570148197e-06,890.7465425048186,863.7470609663126,0.991981975867869,0.9945164793486556
annual,2025.0,3,fixed_d42,fixed,42.0,base,0.28099688519987476,0.19090722463972742,0.6090534979423868,243,0.11589157015470336,0.05692574849222266,42.015089163237306,42.01437921073067,0.9931412894375856,0.9969873230137232,0.0,8.304269228778264e-06,891.9648644936694,864.3814906965068,0.991981975867869,0.9945164793486556
annual,2025.0,3,fixed_d43,fixed,43.0,base,0.2818266793743128,0.2090986478216627,0.6008230452674898,243,0.11908219171324354,0.05814288926595737,43.015089163237306,43.01435564444628,0.9931412894375856,0.9969873230137232,0.0,9.68846914046631e-06,893.572634471721,864.9948208815011,0.991981975867869,0.9945164793486556
annual,2025.0,3,fixed_d44,fixed,44.0,base,0.275275183867503,0.19472857068297794,0.5925925925925926,243,0.12045441668052924,0.05928392543371101,44.01371742112483,44.01436758466859,0.9931412894375856,0.9969873230137232,0.0,1.1073134799096375e-05,894.264105417133,865.5698015816063,0.991981975867869,0.9945164793486556
annual,2025.0,3,fixed_d45,fixed,45.0,base,0.26776063837602937,0.17783514960576952,0.6049382716049383,243,0.12164137521576188,0.060453558499321686,45.016460905349795,45.014345546766,0.9931412894375856,0.9969873230137232,0.0,1.2457800457726445e-05,894.8622196914612,866.159192399927,0.991981975867869,0.9945164793486556
annual,2025.0,3,fixed_d46,fixed,46.0,base,0.26542538452389725,0.15115735860219964,0.5925925925925926,243,0.12338007187041972,0.06149830746184582,46.01440329218107,46.014323987068096,0.9931412894375856,0.9969873230137232,0.0,1.384246611635651e-05,895.7383575320068,866.6856535012647,0.991981975867869,0.9945164793486556
annual,2025.0,3,fixed_d47,fixed,47.0,base,0.2675052114169884,0.15601465829127648,0.588477366255144,243,0.12630308712733734,0.06253105891720746,47.01234567901235,47.01427333774314,0.9931412894375856,0.9969873230137232,0.0,1.5226200594315002e-05,897.2112793716026,867.2060689947637,0.991981975867869,0.9945164793486556
annual,2025.0,3,fixed_d48,fixed,48.0,base,0.2703710012019367,0.1468885652922322,0.5967078189300411,243,0.12904731979503797,0.06344684419636423,48.009602194787384,48.01421680741258,0.9931412894375856,0.9969873230137232,0.0,1.6609935072273497e-05,898.5941117805766,867.6675446537822,0.991981975867869,0.9945164793486556
annual,2025.0,3,fixed_d49,fixed,49.0,base,0.2637300545161429,0.17844108477027282,0.6090534979423868,243,0.12964568963429024,0.06427112215328373,49.01783264746227,49.014176048024396,0.9931412894375856,0.9969873230137232,0.0,1.799366955023199e-05,898.8956333009669,868.0829093207055,0.991981975867869,0.9945164793486556
annual,2025.0,3,fixed_d5,fixed,5.0,base,0.44112493112970896,0.19455820275212082,0.5596707818930041,243,0.01493215184067756,0.005211793569821853,5.019890260631002,5.010118071223054,0.9931412894375856,0.9969873230137232,0.0,0.0,841.0909144533049,838.3225315488155,0.991981975867869,0.9945164793486556
annual,2025.0,3,fixed_d50,fixed,50.0,base,0.25695145556297777,0.1847940902334615,0.6049382716049383,243,0.1301441468276894,0.0649263361306718,50.02606310013718,50.014203084476,0.9931412894375856,0.9969873230137232,0.0,1.9377404028190486e-05,899.1468083451346,868.4130818124763,0.991981975867869,0.9945164793486556
annual,2025.0,3,fixed_d51,fixed,51.0,base,0.255708181730224,0.1620809897589707,0.6172839506172839,243,0.13216824055080292,0.06580184693476006,51.03017832647462,51.01414928483448,0.9931412894375856,0.9969873230137232,0.0,2.076113850614898e-05,900.1667591795026,868.8542629643875,0.991981975867869,0.9945164793486556
annual,2025.0,3,fixed_d52,fixed,52.0,base,0.25198531549561615,0.16260171061430934,0.6255144032921811,243,0.13354758153393953,0.06682243702632634,52.02743484224966,52.01403207812485,0.9931412894375856,0.9969873230137232,0.0,2.2144872984107475e-05,900.8618159204833,869.3685502865433,0.991981975867869,0.9945164793486556
annual,2025.0,3,fixed_d53,fixed,53.0,base,0.2513343720220631,0.17043130237488185,0.6296296296296297,243,0.135747859172642,0.06776901413541735,53.035665294924556,53.013979172321385,0.9931412894375856,0.9969873230137232,0.0,2.3529072895795517e-05,901.9705467009852,869.8455421032339,0.991981975867869,0.9945164793486556
annual,2025.0,3,fixed_d54,fixed,54.0,base,0.2508211462860155,0.12823324959371815,0.6255144032921811,243,0.1379546519450375,0.0687336304960992,54.02880658436214,54.013977433299274,0.9931412894375856,0.9969873230137232,0.0,2.4912807373754012e-05,903.082560489566,870.331623985658,0.991981975867869,0.9945164793486556
annual,2025.0,3,fixed_d55,fixed,55.0,base,0.24953626628465578,0.13015487159560066,0.6090534979423868,243,0.1401712225301853,0.06977595315911801,55.02743484224966,55.01392554987369,0.9931412894375856,0.9969873230137232,0.0,2.6296541851712506e-05,904.199501366334,870.8568624580162,0.991981975867869,0.9945164793486556
annual,2025.0,3,fixed_d56,fixed,56.0,base,0.2477101921351359,0.13370855635919301,0.6008230452674898,243,0.1421296859424552,0.07082045239291057,56.02057613168724,56.01386276210212,0.9931412894375856,0.9969873230137232,0.0,2.7680276329671e-05,905.186380762587,871.3831977151485,0.991981975867869,0.9945164793486556
annual,2025.0,3,fixed_d57,fixed,57.0,base,0.24444949576774772,0.14401036629644984,0.5967078189300411,243,0.14415909980139716,0.07195334417060675,57.02331961591221,57.01380759771428,0.9931412894375856,0.9969873230137232,0.0,2.9063545686796564e-05,906.2090124397015,871.9540744098449,0.991981975867869,0.9945164793486556
annual,2025.0,3,fixed_d58,fixed,58.0,base,0.2472728131175225,0.13977122236384215,0.6172839506172839,243,0.14748081437933422,0.07296954246172072,58.01920438957477,58.01379968091521,0.9931412894375856,0.9969873230137232,0.0,3.044681504392213e-05,907.8828408383622,872.4661486797103,0.991981975867869,0.9945164793486556
annual,2025.0,3,fixed_d59,fixed,59.0,base,0.2477993412592973,0.13309250564878802,0.6008230452674898,243,0.15025709623961828,0.07388589284442586,59.01783264746228,59.01377860949931,0.9931412894375856,0.9969873230137232,0.0,3.183054952188062e-05,909.2818229939326,872.9279090972007,0.991981975867869,0.9945164793486556
annual,2025.0,3,fixed_d6,fixed,6.0,base,0.46283120745703527,0.2635370748899998,0.5802469135802469,243,0.01927674489961695,0.0068015147048638685,6.02880658436214,6.0108222634263315,0.9931412894375856,0.9969873230137232,0.0,0.0,843.2801763757423,839.1235998884795,0.991981975867869,0.9945164793486556
annual,2025.0,3,fixed_d60,fixed,60.0,base,0.24963206349286085,0.1263037508973983,0.6090534979423868,243,0.15325847357310585,0.07490773987195343,60.01508916323731,60.01367993354306,0.9931412894375856,0.9969873230137232,0.0,3.3213818879006184e-05,910.794231871341,873.4428297932725,0.991981975867869,0.9945164793486556
annual,2025.0,3,fixed_d7,fixed,7.0,base,0.4654627680774713,0.22108621634685535,0.5925925925925926,243,0.023220134695450728,0.008428637081141957,7.035665294924555,7.011365050443721,0.9931412894375856,0.9969873230137232,0.0,0.0,845.2672699903169,839.9435148985169,0.991981975867869,0.9945164793486556
annual,2025.0,3,fixed_d8,fixed,8.0,base,0.42002374145423327,0.2707667856749265,0.5720164609053497,243,0.025413882768175782,0.01003579390875894,8.041152263374485,8.011785047242078,0.9931412894375856,0.9969873230137232,0.0,0.0,846.3727104902388,840.7533691698727,0.991981975867869,0.9945164793486556
annual,2025.0,3,fixed_d9,fixed,9.0,base,0.43911963027864837,0.3351505095049462,0.5761316872427984,243,0.029345142944062604,0.011484027038123705,9.034293552812072,9.012202597415007,0.9931412894375856,0.9969873230137232,0.0,0.0,848.3536919293517,841.4831410039471,0.991981975867869,0.9945164793486556
annual,2025.0,3,model_plan,model_plan,,base,0.40726202368072056,0.39650605808307704,0.6131687242798354,243,0.03836739249351035,0.0022837633587331685,13.396433470507544,2.533715540676898,0.9931412894375856,0.9969873230137232,0.0,0.0,852.9000480840854,836.8470826490183,0.991981975867869,0.9945164793486556
annual,2025.0,3,rolling_path,rolling,,base,0.6464658135595728,0.5365136600786903,0.6502057613168725,243,0.03793227922493655,0.0019080152809719001,10.673525377229078,2.3893729814345113,0.9931412894375856,0.9969873230137232,0.0,0.0,852.6807923568153,836.657741334904,0.991981975867869,0.9945164793486556
annual,2025.0,3,fixed_d10,fixed,10.0,double_slippage,0.44199949909168956,0.3776715039743385,0.6255144032921811,243,0.03122022928772818,0.011534538906797641,10.02880658436214,10.01251938868383,0.9931412894375856,0.9969873230137232,0.0,0.0,1319.6475711602018,1308.3907743174068,0.9919820467032744,0.9944835128740948
annual,2025.0,3,fixed_d11,fixed,11.0,double_slippage,0.4262397819186189,0.4023768481588741,0.6172839506172839,243,0.03374152758135772,0.01303136458551936,11.023319615912209,11.012720762257327,0.9931412894375856,0.9969873230137232,0.0,0.0,1321.5080841429576,1309.4953098716571,0.9919820467032744,0.9944835128740948
annual,2025.0,3,fixed_d12,fixed,12.0,double_slippage,0.3925597860741898,0.28968085705312846,0.6172839506172839,243,0.035227394635180306,0.01450470580531802,12.02880658436214,12.012842764829964,0.9931412894375856,0.9969873230137232,0.0,0.0,1322.6045331237335,1310.5825158061514,0.9919820467032744,0.9944835128740948
annual,2025.0,3,fixed_d13,fixed,13.0,double_slippage,0.3975060183761865,0.3338744077897979,0.6172839506172839,243,0.03866740494940026,0.015960888624163855,13.02880658436214,13.01293004674418,0.9931412894375856,0.9969873230137232,0.0,0.0,1325.1429808221244,1311.6570602369209,0.9919820467032744,0.9944835128740948
annual,2025.0,3,fixed_d14,fixed,14.0,double_slippage,0.4127536957845606,0.30681243650390927,0.6296296296296297,243,0.04287711438993255,0.017462920357747803,14.026063100137174,14.013024681899047,0.9931412894375856,0.9969873230137232,0.0,0.0,1328.2494038453458,1312.7654374360427,0.9919820467032744,0.9944835128740948
annual,2025.0,3,fixed_d15,fixed,15.0,double_slippage,0.41527996690822094,0.33572521168184677,0.6131687242798354,243,0.04640935969163512,0.0190740824181713,15.024691358024691,15.013081955332762,0.9931412894375856,0.9969873230137232,0.0,0.0,1330.8559134593413,1313.9543439364418,0.9919820467032744,0.9944835128740948
annual,2025.0,3,fixed_d16,fixed,16.0,double_slippage,0.4165798354892143,0.3138805668832597,0.6460905349794238,243,0.050067815416340165,0.02065917477019574,16.030178326474623,16.013191287124155,0.9931412894375856,0.9969873230137232,0.0,0.0,1333.5555560957748,1315.1240131133334,0.9919820467032744,0.9944835128740948
annual,2025.0,3,fixed_d17,fixed,17.0,double_slippage,0.417047469967607,0.3044828757644451,0.6296296296296297,243,0.053629560097095214,0.022203426701888223,17.0315500685871,17.013256471738497,0.9931412894375856,0.9969873230137232,0.0,0.0,1336.183833851148,1316.2635453832033,0.9919820467032744,0.9944835128740948
annual,2025.0,3,fixed_d18,fixed,18.0,double_slippage,0.39859223488139606,0.4054275275032092,0.5967078189300411,243,0.05574309196565785,0.023768463682737963,18.02331961591221,18.013269121755126,0.9931412894375856,0.9969873230137232,0.0,0.0,1337.7434483921413,1317.4184153280728,0.9919820467032744,0.9944835128740948
annual,2025.0,3,fixed_d19,fixed,19.0,double_slippage,0.39043000260070415,0.31400137120878047,0.6008230452674898,243,0.05834422286038342,0.02529996175357763,19.016460905349795,19.013329682629657,0.9931412894375856,0.9969873230137232,0.0,0.0,1339.6628713385305,1318.548536286415,0.9919820467032744,0.9944835128740948
annual,2025.0,3,fixed_d2,fixed,2.0,double_slippage,0.24346893271796982,0.011658297318682447,0.5061728395061729,243,0.001600892865999691,-0.0006624987673416326,2.0116598079561046,2.0072779385322934,0.9931412894375856,0.9969873230137232,0.0,0.0,1297.7909110052067,1299.3903529863683,0.9919820467032744,0.9944835128740948
annual,2025.0,3,fixed_d20,fixed,20.0,double_slippage,0.3711462713569481,0.34226146063500956,0.6008230452674898,243,0.06005010056268922,0.02672594492558056,20.01371742112483,20.01350427826555,0.9931412894375856,0.9969873230137232,0.0,0.0,1340.9216702756305,1319.6007958351584,0.9919820467032744,0.9944835128740948
annual,2025.0,3,fixed_d21,fixed,21.0,double_slippage,0.3680375902289502,0.3141044006363194,0.6090534979423868,243,0.06292698655692835,0.02799821222275254,21.008230452674898,21.013643559760148,0.9931412894375856,0.9969873230137232,0.0,0.0,1343.0445780472787,1320.5396255761314,0.9919820467032744,0.9944835128740948
annual,2025.0,3,fixed_d22,fixed,22.0,double_slippage,0.3690834647491354,0.24557642045751193,0.5925925925925926,243,0.06622604579785266,0.029296984510022883,22.00960219478738,22.01365763230019,0.9931412894375856,0.9969873230137232,0.0,0.0,1345.4790153227598,1321.498013843087,0.9919820467032744,0.9944835128740948
annual,2025.0,3,fixed_d23,fixed,23.0,double_slippage,0.35624321908499934,0.262840634355211,0.5967078189300411,243,0.06802533694814027,0.03063846259183044,23.01920438957476,23.013678093677996,0.9931412894375856,0.9969873230137232,0.0,0.0,1346.8067457834215,1322.4879155114418,0.9919820467032744,0.9944835128740948
annual,2025.0,3,fixed_d24,fixed,24.0,double_slippage,0.34735405977822303,0.2484753676581276,0.6090534979423868,243,0.07003660610499093,0.031900471119977555,24.01508916323731,24.01372543833684,0.9931412894375856,0.9969873230137232,0.0,0.0,1348.2908987642852,1323.41917511563,0.9919820467032744,0.9944835128740948
annual,2025.0,3,fixed_d25,fixed,25.0,double_slippage,0.3355923773803105,0.246250091424013,0.5679012345679012,243,0.0717271971218125,0.03320628140877548,25.016460905349795,25.013778406868113,0.9931412894375856,0.9969873230137232,0.0,0.0,1349.538417371375,1324.3827568550312,0.9919820467032744,0.9944835128740948
annual,2025.0,3,fixed_d26,fixed,26.0,double_slippage,0.32947780243516767,0.24775040019023403,0.5802469135802469,243,0.07423791859901221,0.034597710149955274,26.012345679012345,26.013830776114926,0.9931412894375856,0.9969873230137232,0.0,0.0,1351.3911255242415,1325.4095180455201,0.9919820467032744,0.9944835128740948
annual,2025.0,3,fixed_d27,fixed,27.0,double_slippage,0.31926679805724173,0.18404527404650267,0.5761316872427984,243,0.0759969829979777,0.0359605378384759,27.012345679012345,27.013870004931363,0.9931412894375856,0.9969873230137232,0.0,0.0,1352.6891719156772,1326.4151739864128,0.9919820467032744,0.9944835128740948
annual,2025.0,3,fixed_d28,fixed,28.0,double_slippage,0.3035526334633904,0.2333126826062782,0.5679012345679012,243,0.07721504821842688,0.03737342885579266,28.00960219478738,28.013883389498048,0.9931412894375856,0.9969873230137232,0.0,0.0,1353.588004934449,1327.4577725903061,0.9919820467032744,0.9944835128740948
annual,2025.0,3,fixed_d29,fixed,29.0,double_slippage,0.2888702048280359,0.20515556422123887,0.5679012345679012,243,0.07830795035743059,0.038692641145124544,29.01920438957476,29.013944178044525,0.9931412894375856,0.9969873230137232,0.0,0.0,1354.3944777836298,1328.4312439155808,0.9919820467032744,0.9944835128740948
annual,2025.0,3,fixed_d3,fixed,3.0,double_slippage,0.3708559398659288,0.13216826174985916,0.5308641975308642,243,0.005650039375425191,0.00083455322607108,3.0096021947873797,3.0082691501491836,0.9931412894375856,0.9969873230137232,0.0,0.0,1300.7788516502708,1300.495055542445,0.9919820467032744,0.9944835128740948
annual,2025.0,3,fixed_d30,fixed,30.0,double_slippage,0.29270427971827456,0.1656100639266889,0.5720164609053497,243,0.08173717413374529,0.039935099074964404,30.01508916323731,30.014039540773556,0.9931412894375856,0.9969873230137232,0.0,0.0,1356.924965894747,1329.3480767690498,0.9919820467032744,0.9944835128740948
annual,2025.0,3,fixed_d31,fixed,31.0,double_slippage,0.2984741013095091,0.19572645860179358,0.5720164609053497,243,0.08575040941677614,0.04124102214786522,31.009602194787384,31.01411772496454,0.9931412894375856,0.9969873230137232,0.0,0.0,1359.8864069768265,1330.3117417339413,0.9919820467032744,0.9944835128740948
annual,2025.0,3,fixed_d32,fixed,32.0,double_slippage,0.2969532402539427,0.1766287116474468,0.5720164609053497,243,0.08863117258533035,0.04258074747384881,32.008230452674894,32.014156395323916,0.9931412894375856,0.9969873230137232,0.0,0.0,1362.0121757876336,1331.3003500111201,0.9919820467032744,0.9944835128740948
annual,2025.0,3,fixed_d33,fixed,33.0,double_slippage,0.29924584671227816,0.2075705837393211,0.5720164609053497,243,0.09179416260026764,0.0439287396327025,33.01783264746228,33.014187114335186,0.9931412894375856,0.9969873230137232,0.0,0.0,1364.346205046284,1332.2950585382853,0.9919820467032744,0.9944835128740948
annual,2025.0,3,fixed_d34,fixed,34.0,double_slippage,0.3082063075056434,0.21831967821790443,0.5555555555555556,243,0.0961332601634544,0.045256436720657524,34.02194787379972,34.01423109466288,0.9931412894375856,0.9969873230137232,0.0,0.0,1367.5481059757178,1333.274790954536,0.9919820467032744,0.9944835128740948
annual,2025.0,3,fixed_d35,fixed,35.0,double_slippage,0.31134291129625985,0.2588696215734275,0.5720164609053497,243,0.09947444056678928,0.046547915583735076,35.03155006858711,35.0142694365294,0.9931412894375856,0.9969873230137232,0.0,0.0,1370.0136252416603,1334.2277972679033,0.9919820467032744,0.9944835128740948
annual,2025.0,3,fixed_d36,fixed,36.0,double_slippage,0.315030451164864,0.22070258284241384,0.5843621399176955,243,0.10290864366438521,0.047846398805933756,36.034293552812066,36.01432338197796,0.9931412894375856,0.9969873230137232,0.0,0.0,1372.5477876867146,1335.185972228357,0.9919820467032744,0.9944835128740948
annual,2025.0,3,fixed_d37,fixed,37.0,double_slippage,0.3031897956822662,0.19786016963309666,0.5720164609053497,243,0.1037204886758082,0.049106662665188136,37.03292181069959,37.014348461393354,0.9931412894375856,0.9969873230137232,0.0,1.3832693571255664e-06,1373.146863245349,1336.115951340524,0.9919820467032744,0.9944835128740948
annual,2025.0,3,fixed_d38,fixed,38.0,double_slippage,0.29568699198831855,0.16881227301439694,0.5967078189300411,243,0.10539031826365276,0.050365868348488524,38.034293552812066,38.014362925239894,0.9931412894375856,0.9969873230137232,0.0,2.7670038350840595e-06,1374.3790616072104,1337.0451496072712,0.9919820467032744,0.9944835128740948
annual,2025.0,3,fixed_d39,fixed,39.0,double_slippage,0.2968289726065698,0.20056633691104983,0.5925925925925926,243,0.10873430274162832,0.05168392903203365,39.0315500685871,39.014356653157755,0.9931412894375856,0.9969873230137232,0.0,4.151203746772105e-06,1376.8466500520708,1338.0177780775025,0.9919820467032744,0.9944835128740948
annual,2025.0,3,fixed_d4,fixed,4.0,double_slippage,0.39189641079462795,0.05851649309399064,0.5390946502057613,243,0.009157331995185026,0.0022997890197335455,4.016460905349795,4.009264073319639,0.9931412894375856,0.9969873230137232,0.0,0.0,1303.3669482153903,1301.5762803319888,0.9919820467032744,0.9944835128740948
annual,2025.0,3,fixed_d40,fixed,40.0,double_slippage,0.2927721187791073,0.23121518113253545,0.6049382716049383,243,0.11059496150766361,0.05290853273702704,40.02606310013718,40.014358981106696,0.9931412894375856,0.9969873230137232,0.0,5.5354036584601506e-06,1378.2196648196739,1338.9214429021533,0.9919820467032744,0.9944835128740948
annual,2025.0,3,fixed_d41,fixed,41.0,double_slippage,0.28464955199737774,0.18756019934462928,0.6131687242798354,243,0.11192390819986851,0.05419641034126333,41.02331961591221,41.01438091931084,0.9931412894375856,0.9969873230137232,0.0,6.919603570148197e-06,1379.2003193421817,1339.8717987158507,0.9919820467032744,0.9944835128740948
annual,2025.0,3,fixed_d42,fixed,42.0,double_slippage,0.2809952080462306,0.19073770391359995,0.6090534979423868,243,0.11433652284736323,0.05545371064107776,42.015089163237306,42.01437921073067,0.9931412894375856,0.9969873230137232,0.0,8.304269228778264e-06,1380.9806326376731,1340.799590969293,0.9919820467032744,0.9944835128740948
annual,2025.0,3,fixed_d43,fixed,43.0,double_slippage,0.28182098087086416,0.20864652844885717,0.6008230452674898,243,0.11752145204045039,0.05666922110479996,43.015089163237306,43.01435564444628,0.9931412894375856,0.9969873230137232,0.0,9.68846914046631e-06,1383.330851224608,1341.696545721802,0.9919820467032744,0.9944835128740948
annual,2025.0,3,fixed_d44,fixed,44.0,double_slippage,0.2752737102979345,0.19489240222985793,0.5925925925925926,243,0.11889189455497287,0.05780853105585651,44.01371742112483,44.01436758466859,0.9931412894375856,0.9969873230137232,0.0,1.1073134799096375e-05,1384.342126287473,1342.5372706987305,0.9919820467032744,0.9944835128740948
annual,2025.0,3,fixed_d45,fixed,45.0,double_slippage,0.26775937479664313,0.17769878809191642,0.6049382716049383,243,0.12007699099386014,0.05897657121183552,45.016460905349795,45.014345546766,0.9931412894375856,0.9969873230137232,0.0,1.2457800457726445e-05,1385.216631028121,1343.3991962291163,0.9919820467032744,0.9944835128740948
annual,2025.0,3,fixed_d46,fixed,46.0,double_slippage,0.26542154816353075,0.15063021492366185,0.5925925925925926,243,0.12181318037933855,0.060019950880437184,46.01440329218107,46.014323987068096,0.9931412894375856,0.9969873230137232,0.0,1.384246611635651e-05,1386.497797520942,1344.1691324634367,0.9919820467032744,0.9944835128740948
annual,2025.0,3,fixed_d47,fixed,47.0,double_slippage,0.2675027733006501,0.15541134921595767,0.588477366255144,243,0.12473276022002103,0.06105112284685554,47.01234567901235,47.01427333774314,0.9931412894375856,0.9969873230137232,0.0,1.5226200594315002e-05,1388.6522098772693,1344.9300604022199,0.9919820467032744,0.9944835128740948
annual,2025.0,3,fixed_d48,fixed,48.0,double_slippage,0.27037578194872725,0.14713524292861166,0.5967078189300411,243,0.127474249353436,0.06196568841302421,48.009602194787384,48.01421680741258,0.9931412894375856,0.9969873230137232,0.0,1.6609935072273497e-05,1390.6752057828655,1345.6049423058766,0.9919820467032744,0.9944835128740948
annual,2025.0,3,fixed_d49,fixed,49.0,double_slippage,0.26373620709420525,0.17782757517762368,0.6090534979423868,243,0.12807176068324433,0.06278882915548252,49.01783264746227,49.014176048024396,0.9931412894375856,0.9969873230137232,0.0,1.799366955023199e-05,1391.1161205247906,1346.2123601288695,0.9919820467032744,0.9944835128740948
annual,2025.0,3,fixed_d5,fixed,5.0,double_slippage,0.44157486240281874,0.19481582661900854,0.5596707818930041,243,0.013527299907231389,0.003813062005365467,5.019890260631002,5.010118071223054,0.9931412894375856,0.9969873230137232,0.0,0.0,1306.5916289503634,1302.6929526604222,0.9919820467032744,0.9944835128740948
annual,2025.0,3,fixed_d50,fixed,50.0,double_slippage,0.2569612115606568,0.18549240847952483,0.6049382716049383,243,0.12857009454874288,0.06344306126501953,50.02606310013718,50.014203084476,0.9931412894375856,0.9969873230137232,0.0,1.9377404028190486e-05,1391.4838503681212,1346.6951371248554,0.9919820467032744,0.9944835128740948
annual,2025.0,3,fixed_d51,fixed,51.0,double_slippage,0.25571778940752726,0.1623228855275042,0.6172839506172839,243,0.1305913907510966,0.06431734012189039,51.03017832647462,51.01414928483448,0.9931412894375856,0.9969873230137232,0.0,2.076113850614898e-05,1392.9754024926658,1347.3402907151788,0.9919820467032744,0.9944835128740948
annual,2025.0,3,fixed_d52,fixed,52.0,double_slippage,0.25199466231203993,0.16281824527652244,0.6255144032921811,243,0.13196866097064558,0.06533636147614649,52.02743484224966,52.01403207812485,0.9931412894375856,0.9969873230137232,0.0,2.2144872984107475e-05,1393.9917158462688,1348.0922524908806,0.9919820467032744,0.9944835128740948
annual,2025.0,3,fixed_d53,fixed,53.0,double_slippage,0.2513458357786238,0.17059840607690294,0.6296296296296297,243,0.13416655558150523,0.06628159964779481,53.035665294924556,53.013979172321385,0.9931412894375856,0.9969873230137232,0.0,2.3529072895795517e-05,1395.6135832264856,1348.7897682838855,0.9919820467032744,0.9944835128740948
annual,2025.0,3,fixed_d54,fixed,54.0,double_slippage,0.2508388558782755,0.12855482331586865,0.6255144032921811,243,0.13637248413304773,0.0672449725565089,54.02880658436214,54.013977433299274,0.9931412894375856,0.9969873230137232,0.0,2.4912807373754012e-05,1397.241379001204,1349.5006660348895,0.9919820467032744,0.9944835128740948
annual,2025.0,3,fixed_d55,fixed,55.0,double_slippage,0.249547880584724,0.13003174377455085,0.6090534979423868,243,0.13858491105837228,0.06828571109404907,55.02743484224966,55.01392554987369,0.9931412894375856,0.9969873230137232,0.0,2.6296541851712506e-05,1398.8739700470012,1350.2686533247286,0.9919820467032744,0.9944835128740948
annual,2025.0,3,fixed_d56,fixed,56.0,double_slippage,0.2477152397258744,0.1338735638233742,0.6008230452674898,243,0.14053954300971594,0.06932869406010243,56.02057613168724,56.01386276210212,0.9931412894375856,0.9969873230137232,0.0,2.7680276329671e-05,1400.316329378768,1351.0382968201818,0.9919820467032744,0.9944835128740948
annual,2025.0,3,fixed_d57,fixed,57.0,double_slippage,0.24445707195598532,0.14438378769902915,0.5967078189300411,243,0.1425669111515209,0.07045982614180014,57.02331961591221,57.01380759771428,0.9931412894375856,0.9969873230137232,0.0,2.9063545686796564e-05,1401.8123621005539,1351.8729871879596,0.9919820467032744,0.9944835128740948
annual,2025.0,3,fixed_d58,fixed,58.0,double_slippage,0.24728556850848857,0.13990405481834997,0.6172839506172839,243,0.14588546535363026,0.07147461208882423,58.01920438957477,58.01379968091521,0.9931412894375856,0.9969873230137232,0.0,3.044681504392213e-05,1404.2611850710857,1352.6218235754286,0.9919820467032744,0.9944835128740948
annual,2025.0,3,fixed_d59,fixed,59.0,double_slippage,0.2478073707635795,0.1334467326189975,0.6008230452674898,243,0.14865671464128918,0.07238968784234756,59.01783264746228,59.01377860949931,0.9931412894375856,0.9969873230137232,0.0,3.183054952188062e-05,1406.3061415489324,1353.2970819558393,0.9919820467032744,0.9944835128740948
annual,2025.0,3,fixed_d6,fixed,6.0,double_slippage,0.46322690274404266,0.26158257248519223,0.5802469135802469,243,0.017865589344581167,0.005400497187602802,6.02880658436214,6.0108222634263315,0.9931412894375856,0.9969873230137232,0.0,0.0,1309.792933548686,1303.864350655375,0.9919820467032744,0.9944835128740948
annual,2025.0,3,fixed_d60,fixed,60.0,double_slippage,0.24963846725801514,0.12647853727853914,0.6090534979423868,243,0.15165361208713085,0.07341007830177922,60.01508916323731,60.01367993354306,0.9931412894375856,0.9969873230137232,0.0,3.3213818879006184e-05,1408.5176080065366,1354.0500540174262,0.9919820467032744,0.9944835128740948
annual,2025.0,3,fixed_d7,fixed,7.0,double_slippage,0.46580127461000764,0.220071764638053,0.5925925925925926,243,0.02180236938403092,0.007025258475855262,7.035665294924555,7.011365050443721,0.9931412894375856,0.9969873230137232,0.0,0.0,1312.6979568821628,1305.063292279343,0.9919820467032744,0.9944835128740948
annual,2025.0,3,fixed_d8,fixed,8.0,double_slippage,0.4203282043793815,0.2713452023620596,0.5720164609053497,243,0.023992761740304954,0.008630089918707697,8.041152263374485,8.011785047242078,0.9931412894375856,0.9969873230137232,0.0,0.0,1314.314288208954,1306.2475272990966,0.9919820467032744,0.9944835128740948
annual,2025.0,3,fixed_d9,fixed,9.0,double_slippage,0.43933682975655564,0.33439240786008634,0.5761316872427984,243,0.02791769987256513,0.010076287957667178,9.034293552812072,9.012202597415007,0.9931412894375856,0.9969873230137232,0.0,0.0,1317.2105731785,1307.3147037747713,0.9919820467032744,0.9944835128740948
annual,2025.0,3,model_plan,model_plan,,double_slippage,0.521124750515119,0.525824823777805,0.6502057613168725,243,0.036927581085793665,0.0008891751091282769,13.396433470507544,2.533715540676898,0.9931412894375856,0.9969873230137232,0.0,0.0,1323.8591323801836,1300.5353620475607,0.9919820467032744,0.9944835128740948
annual,2025.0,3,rolling_path,rolling,,double_slippage,0.7611376912631564,0.6565213294006301,0.6625514403292181,243,0.036495030986766375,0.0005139735117498383,10.673525377229078,2.3893729814345113,0.9931412894375856,0.9969873230137232,0.0,0.0,1323.5399456036876,1300.2584937988347,0.9919820467032744,0.9944835128740948
