model_id,year,cohort,exit_kind,exit_day,count
legal_flat_baseline,2023,top1,actual,2,29
legal_flat_baseline,2023,top1,actual,3,19
legal_flat_baseline,2023,top1,actual,4,12
legal_flat_baseline,2023,top1,actual,5,11
legal_flat_baseline,2023,top1,actual,6,7
legal_flat_baseline,2023,top1,actual,7,9
legal_flat_baseline,2023,top1,actual,8,8
legal_flat_baseline,2023,top1,actual,9,7
legal_flat_baseline,2023,top1,actual,10,4
legal_flat_baseline,2023,top1,actual,11,3
legal_flat_baseline,2023,top1,actual,12,2
legal_flat_baseline,2023,top1,actual,13,4
legal_flat_baseline,2023,top1,actual,14,1
legal_flat_baseline,2023,top1,actual,15,4
legal_flat_baseline,2023,top1,actual,16,3
legal_flat_baseline,2023,top1,actual,17,4
legal_flat_baseline,2023,top1,actual,18,3
legal_flat_baseline,2023,top1,actual,19,2
legal_flat_baseline,2023,top1,actual,20,1
legal_flat_baseline,2023,top1,actual,21,2
legal_flat_baseline,2023,top1,actual,22,1
legal_flat_baseline,2023,top1,actual,23,4
legal_flat_baseline,2023,top1,actual,24,6
legal_flat_baseline,2023,top1,actual,25,3
legal_flat_baseline,2023,top1,actual,26,2
legal_flat_baseline,2023,top1,actual,27,4
legal_flat_baseline,2023,top1,actual,28,3
legal_flat_baseline,2023,top1,actual,29,2
legal_flat_baseline,2023,top1,actual,30,1
legal_flat_baseline,2023,top1,actual,31,3
legal_flat_baseline,2023,top1,actual,32,2
legal_flat_baseline,2023,top1,actual,33,2
legal_flat_baseline,2023,top1,actual,34,1
legal_flat_baseline,2023,top1,actual,35,3
legal_flat_baseline,2023,top1,actual,36,2
legal_flat_baseline,2023,top1,actual,37,5
legal_flat_baseline,2023,top1,actual,38,3
legal_flat_baseline,2023,top1,actual,39,4
legal_flat_baseline,2023,top1,actual,40,3
legal_flat_baseline,2023,top1,actual,41,3
legal_flat_baseline,2023,top1,actual,42,3
legal_flat_baseline,2023,top1,actual,43,3
legal_flat_baseline,2023,top1,actual,44,2
legal_flat_baseline,2023,top1,actual,45,4
legal_flat_baseline,2023,top1,actual,46,3
legal_flat_baseline,2023,top1,actual,47,4
legal_flat_baseline,2023,top1,actual,48,3
legal_flat_baseline,2023,top1,actual,49,3
legal_flat_baseline,2023,top1,actual,50,1
legal_flat_baseline,2023,top1,actual,51,2
legal_flat_baseline,2023,top1,actual,52,2
legal_flat_baseline,2023,top1,actual,53,2
legal_flat_baseline,2023,top1,actual,54,3
legal_flat_baseline,2023,top1,actual,55,3
legal_flat_baseline,2023,top1,actual,56,2
legal_flat_baseline,2023,top1,actual,57,1
legal_flat_baseline,2023,top1,actual,58,3
legal_flat_baseline,2023,top1,actual,59,4
legal_flat_baseline,2023,top1,actual,60,2
legal_flat_baseline,2023,top1,predicted,48,9
legal_flat_baseline,2023,top1,predicted,53,233
legal_flat_baseline,2023,top10,actual,2,412
legal_flat_baseline,2023,top10,actual,3,174
legal_flat_baseline,2023,top10,actual,4,105
legal_flat_baseline,2023,top10,actual,5,72
legal_flat_baseline,2023,top10,actual,6,66
legal_flat_baseline,2023,top10,actual,7,59
legal_flat_baseline,2023,top10,actual,8,65
legal_flat_baseline,2023,top10,actual,9,54
legal_flat_baseline,2023,top10,actual,10,53
legal_flat_baseline,2023,top10,actual,11,44
legal_flat_baseline,2023,top10,actual,12,38
legal_flat_baseline,2023,top10,actual,13,42
legal_flat_baseline,2023,top10,actual,14,44
legal_flat_baseline,2023,top10,actual,15,37
legal_flat_baseline,2023,top10,actual,16,41
legal_flat_baseline,2023,top10,actual,17,34
legal_flat_baseline,2023,top10,actual,18,32
legal_flat_baseline,2023,top10,actual,19,34
legal_flat_baseline,2023,top10,actual,20,33
legal_flat_baseline,2023,top10,actual,21,25
legal_flat_baseline,2023,top10,actual,22,26
legal_flat_baseline,2023,top10,actual,23,25
legal_flat_baseline,2023,top10,actual,24,28
legal_flat_baseline,2023,top10,actual,25,26
legal_flat_baseline,2023,top10,actual,26,29
legal_flat_baseline,2023,top10,actual,27,28
legal_flat_baseline,2023,top10,actual,28,31
legal_flat_baseline,2023,top10,actual,29,24
legal_flat_baseline,2023,top10,actual,30,21
legal_flat_baseline,2023,top10,actual,31,22
legal_flat_baseline,2023,top10,actual,32,27
legal_flat_baseline,2023,top10,actual,33,21
legal_flat_baseline,2023,top10,actual,34,16
legal_flat_baseline,2023,top10,actual,35,24
legal_flat_baseline,2023,top10,actual,36,19
legal_flat_baseline,2023,top10,actual,37,19
legal_flat_baseline,2023,top10,actual,38,23
legal_flat_baseline,2023,top10,actual,39,21
legal_flat_baseline,2023,top10,actual,40,19
legal_flat_baseline,2023,top10,actual,41,16
legal_flat_baseline,2023,top10,actual,42,14
legal_flat_baseline,2023,top10,actual,43,15
legal_flat_baseline,2023,top10,actual,44,16
legal_flat_baseline,2023,top10,actual,45,19
legal_flat_baseline,2023,top10,actual,46,19
legal_flat_baseline,2023,top10,actual,47,23
legal_flat_baseline,2023,top10,actual,48,18
legal_flat_baseline,2023,top10,actual,49,18
legal_flat_baseline,2023,top10,actual,50,23
legal_flat_baseline,2023,top10,actual,51,21
legal_flat_baseline,2023,top10,actual,52,23
legal_flat_baseline,2023,top10,actual,53,23
legal_flat_baseline,2023,top10,actual,54,23
legal_flat_baseline,2023,top10,actual,55,33
legal_flat_baseline,2023,top10,actual,56,31
legal_flat_baseline,2023,top10,actual,57,38
legal_flat_baseline,2023,top10,actual,58,36
legal_flat_baseline,2023,top10,actual,59,37
legal_flat_baseline,2023,top10,actual,60,61
legal_flat_baseline,2023,top10,predicted,44,3
legal_flat_baseline,2023,top10,predicted,48,614
legal_flat_baseline,2023,top10,predicted,53,1801
legal_flat_baseline,2023,top10,predicted,58,2
legal_flat_baseline,2023,top2,actual,2,77
legal_flat_baseline,2023,top2,actual,3,40
legal_flat_baseline,2023,top2,actual,4,24
legal_flat_baseline,2023,top2,actual,5,20
legal_flat_baseline,2023,top2,actual,6,14
legal_flat_baseline,2023,top2,actual,7,12
legal_flat_baseline,2023,top2,actual,8,14
legal_flat_baseline,2023,top2,actual,9,14
legal_flat_baseline,2023,top2,actual,10,11
legal_flat_baseline,2023,top2,actual,11,8
legal_flat_baseline,2023,top2,actual,12,8
legal_flat_baseline,2023,top2,actual,13,8
legal_flat_baseline,2023,top2,actual,14,5
legal_flat_baseline,2023,top2,actual,15,6
legal_flat_baseline,2023,top2,actual,16,9
legal_flat_baseline,2023,top2,actual,17,6
legal_flat_baseline,2023,top2,actual,18,6
legal_flat_baseline,2023,top2,actual,19,5
legal_flat_baseline,2023,top2,actual,20,2
legal_flat_baseline,2023,top2,actual,21,2
legal_flat_baseline,2023,top2,actual,22,3
legal_flat_baseline,2023,top2,actual,23,9
legal_flat_baseline,2023,top2,actual,24,8
legal_flat_baseline,2023,top2,actual,25,8
legal_flat_baseline,2023,top2,actual,26,2
legal_flat_baseline,2023,top2,actual,27,5
legal_flat_baseline,2023,top2,actual,28,5
legal_flat_baseline,2023,top2,actual,29,6
legal_flat_baseline,2023,top2,actual,30,5
legal_flat_baseline,2023,top2,actual,31,4
legal_flat_baseline,2023,top2,actual,32,3
legal_flat_baseline,2023,top2,actual,33,4
legal_flat_baseline,2023,top2,actual,34,5
legal_flat_baseline,2023,top2,actual,35,3
legal_flat_baseline,2023,top2,actual,36,5
legal_flat_baseline,2023,top2,actual,37,6
legal_flat_baseline,2023,top2,actual,38,4
legal_flat_baseline,2023,top2,actual,39,5
legal_flat_baseline,2023,top2,actual,40,4
legal_flat_baseline,2023,top2,actual,41,5
legal_flat_baseline,2023,top2,actual,42,4
legal_flat_baseline,2023,top2,actual,43,4
legal_flat_baseline,2023,top2,actual,44,3
legal_flat_baseline,2023,top2,actual,45,4
legal_flat_baseline,2023,top2,actual,46,3
legal_flat_baseline,2023,top2,actual,47,4
legal_flat_baseline,2023,top2,actual,48,5
legal_flat_baseline,2023,top2,actual,49,5
legal_flat_baseline,2023,top2,actual,50,4
legal_flat_baseline,2023,top2,actual,51,6
legal_flat_baseline,2023,top2,actual,52,2
legal_flat_baseline,2023,top2,actual,53,4
legal_flat_baseline,2023,top2,actual,54,6
legal_flat_baseline,2023,top2,actual,55,10
legal_flat_baseline,2023,top2,actual,56,7
legal_flat_baseline,2023,top2,actual,57,4
legal_flat_baseline,2023,top2,actual,58,7
legal_flat_baseline,2023,top2,actual,59,5
legal_flat_baseline,2023,top2,actual,60,7
legal_flat_baseline,2023,top2,predicted,48,50
legal_flat_baseline,2023,top2,predicted,53,434
legal_flat_baseline,2023,top3,actual,2,122
legal_flat_baseline,2023,top3,actual,3,53
legal_flat_baseline,2023,top3,actual,4,34
legal_flat_baseline,2023,top3,actual,5,24
legal_flat_baseline,2023,top3,actual,6,18
legal_flat_baseline,2023,top3,actual,7,16
legal_flat_baseline,2023,top3,actual,8,19
legal_flat_baseline,2023,top3,actual,9,19
legal_flat_baseline,2023,top3,actual,10,16
legal_flat_baseline,2023,top3,actual,11,13
legal_flat_baseline,2023,top3,actual,12,12
legal_flat_baseline,2023,top3,actual,13,17
legal_flat_baseline,2023,top3,actual,14,10
legal_flat_baseline,2023,top3,actual,15,10
legal_flat_baseline,2023,top3,actual,16,15
legal_flat_baseline,2023,top3,actual,17,11
legal_flat_baseline,2023,top3,actual,18,7
legal_flat_baseline,2023,top3,actual,19,9
legal_flat_baseline,2023,top3,actual,20,6
legal_flat_baseline,2023,top3,actual,21,4
legal_flat_baseline,2023,top3,actual,22,6
legal_flat_baseline,2023,top3,actual,23,9
legal_flat_baseline,2023,top3,actual,24,15
legal_flat_baseline,2023,top3,actual,25,9
legal_flat_baseline,2023,top3,actual,26,7
legal_flat_baseline,2023,top3,actual,27,7
legal_flat_baseline,2023,top3,actual,28,8
legal_flat_baseline,2023,top3,actual,29,7
legal_flat_baseline,2023,top3,actual,30,6
legal_flat_baseline,2023,top3,actual,31,5
legal_flat_baseline,2023,top3,actual,32,5
legal_flat_baseline,2023,top3,actual,33,5
legal_flat_baseline,2023,top3,actual,34,5
legal_flat_baseline,2023,top3,actual,35,7
legal_flat_baseline,2023,top3,actual,36,9
legal_flat_baseline,2023,top3,actual,37,10
legal_flat_baseline,2023,top3,actual,38,4
legal_flat_baseline,2023,top3,actual,39,5
legal_flat_baseline,2023,top3,actual,40,4
legal_flat_baseline,2023,top3,actual,41,7
legal_flat_baseline,2023,top3,actual,42,6
legal_flat_baseline,2023,top3,actual,43,6
legal_flat_baseline,2023,top3,actual,44,4
legal_flat_baseline,2023,top3,actual,45,6
legal_flat_baseline,2023,top3,actual,46,4
legal_flat_baseline,2023,top3,actual,47,5
legal_flat_baseline,2023,top3,actual,48,7
legal_flat_baseline,2023,top3,actual,49,6
legal_flat_baseline,2023,top3,actual,50,6
legal_flat_baseline,2023,top3,actual,51,10
legal_flat_baseline,2023,top3,actual,52,6
legal_flat_baseline,2023,top3,actual,53,6
legal_flat_baseline,2023,top3,actual,54,9
legal_flat_baseline,2023,top3,actual,55,14
legal_flat_baseline,2023,top3,actual,56,11
legal_flat_baseline,2023,top3,actual,57,10
legal_flat_baseline,2023,top3,actual,58,9
legal_flat_baseline,2023,top3,actual,59,7
legal_flat_baseline,2023,top3,actual,60,19
legal_flat_baseline,2023,top3,predicted,44,2
legal_flat_baseline,2023,top3,predicted,48,92
legal_flat_baseline,2023,top3,predicted,53,632
legal_flat_baseline,2023,universe,actual,2,154458
legal_flat_baseline,2023,universe,actual,3,55527
legal_flat_baseline,2023,universe,actual,4,35770
legal_flat_baseline,2023,universe,actual,5,26645
legal_flat_baseline,2023,universe,actual,6,21669
legal_flat_baseline,2023,universe,actual,7,18721
legal_flat_baseline,2023,universe,actual,8,16549
legal_flat_baseline,2023,universe,actual,9,14973
legal_flat_baseline,2023,universe,actual,10,13564
legal_flat_baseline,2023,universe,actual,11,12566
legal_flat_baseline,2023,universe,actual,12,11729
legal_flat_baseline,2023,universe,actual,13,10951
legal_flat_baseline,2023,universe,actual,14,10217
legal_flat_baseline,2023,universe,actual,15,9650
legal_flat_baseline,2023,universe,actual,16,9285
legal_flat_baseline,2023,universe,actual,17,8783
legal_flat_baseline,2023,universe,actual,18,8401
legal_flat_baseline,2023,universe,actual,19,8126
legal_flat_baseline,2023,universe,actual,20,7931
legal_flat_baseline,2023,universe,actual,21,7684
legal_flat_baseline,2023,universe,actual,22,7487
legal_flat_baseline,2023,universe,actual,23,7269
legal_flat_baseline,2023,universe,actual,24,7043
legal_flat_baseline,2023,universe,actual,25,6867
legal_flat_baseline,2023,universe,actual,26,6595
legal_flat_baseline,2023,universe,actual,27,6385
legal_flat_baseline,2023,universe,actual,28,6243
legal_flat_baseline,2023,universe,actual,29,6079
legal_flat_baseline,2023,universe,actual,30,5940
legal_flat_baseline,2023,universe,actual,31,5800
legal_flat_baseline,2023,universe,actual,32,5656
legal_flat_baseline,2023,universe,actual,33,5596
legal_flat_baseline,2023,universe,actual,34,5511
legal_flat_baseline,2023,universe,actual,35,5456
legal_flat_baseline,2023,universe,actual,36,5366
legal_flat_baseline,2023,universe,actual,37,5309
legal_flat_baseline,2023,universe,actual,38,5236
legal_flat_baseline,2023,universe,actual,39,5176
legal_flat_baseline,2023,universe,actual,40,5104
legal_flat_baseline,2023,universe,actual,41,5030
legal_flat_baseline,2023,universe,actual,42,5019
legal_flat_baseline,2023,universe,actual,43,5023
legal_flat_baseline,2023,universe,actual,44,5077
legal_flat_baseline,2023,universe,actual,45,5069
legal_flat_baseline,2023,universe,actual,46,5144
legal_flat_baseline,2023,universe,actual,47,5152
legal_flat_baseline,2023,universe,actual,48,5215
legal_flat_baseline,2023,universe,actual,49,5267
legal_flat_baseline,2023,universe,actual,50,5293
legal_flat_baseline,2023,universe,actual,51,5361
legal_flat_baseline,2023,universe,actual,52,5492
legal_flat_baseline,2023,universe,actual,53,5613
legal_flat_baseline,2023,universe,actual,54,5799
legal_flat_baseline,2023,universe,actual,55,6029
legal_flat_baseline,2023,universe,actual,56,6372
legal_flat_baseline,2023,universe,actual,57,6926
legal_flat_baseline,2023,universe,actual,58,7748
legal_flat_baseline,2023,universe,actual,59,9364
legal_flat_baseline,2023,universe,actual,60,16002
legal_flat_baseline,2023,universe,predicted,2,141506
legal_flat_baseline,2023,universe,predicted,3,180
legal_flat_baseline,2023,universe,predicted,4,9184
legal_flat_baseline,2023,universe,predicted,5,137
legal_flat_baseline,2023,universe,predicted,6,133
legal_flat_baseline,2023,universe,predicted,7,64128
legal_flat_baseline,2023,universe,predicted,8,38
legal_flat_baseline,2023,universe,predicted,9,35
legal_flat_baseline,2023,universe,predicted,10,25866
legal_flat_baseline,2023,universe,predicted,11,4328
legal_flat_baseline,2023,universe,predicted,12,354
legal_flat_baseline,2023,universe,predicted,13,2006
legal_flat_baseline,2023,universe,predicted,14,994
legal_flat_baseline,2023,universe,predicted,15,5030
legal_flat_baseline,2023,universe,predicted,16,87
legal_flat_baseline,2023,universe,predicted,18,4455
legal_flat_baseline,2023,universe,predicted,19,11
legal_flat_baseline,2023,universe,predicted,20,617
legal_flat_baseline,2023,universe,predicted,21,56
legal_flat_baseline,2023,universe,predicted,23,542
legal_flat_baseline,2023,universe,predicted,24,1
legal_flat_baseline,2023,universe,predicted,35,52
legal_flat_baseline,2023,universe,predicted,36,3
legal_flat_baseline,2023,universe,predicted,37,538
legal_flat_baseline,2023,universe,predicted,38,15
legal_flat_baseline,2023,universe,predicted,39,228
legal_flat_baseline,2023,universe,predicted,41,1432
legal_flat_baseline,2023,universe,predicted,42,25
legal_flat_baseline,2023,universe,predicted,43,41
legal_flat_baseline,2023,universe,predicted,44,986
legal_flat_baseline,2023,universe,predicted,48,366192
legal_flat_baseline,2023,universe,predicted,49,1271
legal_flat_baseline,2023,universe,predicted,53,50765
legal_flat_baseline,2023,universe,predicted,57,561
legal_flat_baseline,2023,universe,predicted,58,21573
legal_flat_baseline,2023,universe,predicted,59,98
legal_flat_baseline,2024,top1,actual,2,34
legal_flat_baseline,2024,top1,actual,3,10
legal_flat_baseline,2024,top1,actual,4,13
legal_flat_baseline,2024,top1,actual,5,6
legal_flat_baseline,2024,top1,actual,6,10
legal_flat_baseline,2024,top1,actual,7,4
legal_flat_baseline,2024,top1,actual,8,4
legal_flat_baseline,2024,top1,actual,9,6
legal_flat_baseline,2024,top1,actual,10,4
legal_flat_baseline,2024,top1,actual,11,5
legal_flat_baseline,2024,top1,actual,12,3
legal_flat_baseline,2024,top1,actual,13,1
legal_flat_baseline,2024,top1,actual,14,7
legal_flat_baseline,2024,top1,actual,15,3
legal_flat_baseline,2024,top1,actual,16,6
legal_flat_baseline,2024,top1,actual,17,2
legal_flat_baseline,2024,top1,actual,18,4
legal_flat_baseline,2024,top1,actual,19,1
legal_flat_baseline,2024,top1,actual,20,2
legal_flat_baseline,2024,top1,actual,21,1
legal_flat_baseline,2024,top1,actual,22,3
legal_flat_baseline,2024,top1,actual,23,3
legal_flat_baseline,2024,top1,actual,24,1
legal_flat_baseline,2024,top1,actual,25,2
legal_flat_baseline,2024,top1,actual,26,1
legal_flat_baseline,2024,top1,actual,27,5
legal_flat_baseline,2024,top1,actual,28,3
legal_flat_baseline,2024,top1,actual,29,4
legal_flat_baseline,2024,top1,actual,30,3
legal_flat_baseline,2024,top1,actual,31,2
legal_flat_baseline,2024,top1,actual,32,2
legal_flat_baseline,2024,top1,actual,33,2
legal_flat_baseline,2024,top1,actual,34,1
legal_flat_baseline,2024,top1,actual,35,1
legal_flat_baseline,2024,top1,actual,36,1
legal_flat_baseline,2024,top1,actual,37,1
legal_flat_baseline,2024,top1,actual,38,1
legal_flat_baseline,2024,top1,actual,39,1
legal_flat_baseline,2024,top1,actual,40,2
legal_flat_baseline,2024,top1,actual,41,1
legal_flat_baseline,2024,top1,actual,42,1
legal_flat_baseline,2024,top1,actual,43,2
legal_flat_baseline,2024,top1,actual,44,5
legal_flat_baseline,2024,top1,actual,45,3
legal_flat_baseline,2024,top1,actual,46,1
legal_flat_baseline,2024,top1,actual,47,3
legal_flat_baseline,2024,top1,actual,48,3
legal_flat_baseline,2024,top1,actual,49,2
legal_flat_baseline,2024,top1,actual,50,3
legal_flat_baseline,2024,top1,actual,51,2
legal_flat_baseline,2024,top1,actual,52,4
legal_flat_baseline,2024,top1,actual,53,6
legal_flat_baseline,2024,top1,actual,54,5
legal_flat_baseline,2024,top1,actual,55,2
legal_flat_baseline,2024,top1,actual,56,1
legal_flat_baseline,2024,top1,actual,57,2
legal_flat_baseline,2024,top1,actual,58,6
legal_flat_baseline,2024,top1,actual,59,8
legal_flat_baseline,2024,top1,actual,60,13
legal_flat_baseline,2024,top1,predicted,55,165
legal_flat_baseline,2024,top1,predicted,56,77
legal_flat_baseline,2024,top10,actual,2,352
legal_flat_baseline,2024,top10,actual,3,120
legal_flat_baseline,2024,top10,actual,4,94
legal_flat_baseline,2024,top10,actual,5,62
legal_flat_baseline,2024,top10,actual,6,61
legal_flat_baseline,2024,top10,actual,7,42
legal_flat_baseline,2024,top10,actual,8,40
legal_flat_baseline,2024,top10,actual,9,38
legal_flat_baseline,2024,top10,actual,10,36
legal_flat_baseline,2024,top10,actual,11,36
legal_flat_baseline,2024,top10,actual,12,29
legal_flat_baseline,2024,top10,actual,13,37
legal_flat_baseline,2024,top10,actual,14,37
legal_flat_baseline,2024,top10,actual,15,32
legal_flat_baseline,2024,top10,actual,16,29
legal_flat_baseline,2024,top10,actual,17,30
legal_flat_baseline,2024,top10,actual,18,27
legal_flat_baseline,2024,top10,actual,19,27
legal_flat_baseline,2024,top10,actual,20,26
legal_flat_baseline,2024,top10,actual,21,28
legal_flat_baseline,2024,top10,actual,22,27
legal_flat_baseline,2024,top10,actual,23,30
legal_flat_baseline,2024,top10,actual,24,26
legal_flat_baseline,2024,top10,actual,25,28
legal_flat_baseline,2024,top10,actual,26,25
legal_flat_baseline,2024,top10,actual,27,24
legal_flat_baseline,2024,top10,actual,28,31
legal_flat_baseline,2024,top10,actual,29,34
legal_flat_baseline,2024,top10,actual,30,31
legal_flat_baseline,2024,top10,actual,31,20
legal_flat_baseline,2024,top10,actual,32,27
legal_flat_baseline,2024,top10,actual,33,20
legal_flat_baseline,2024,top10,actual,34,19
legal_flat_baseline,2024,top10,actual,35,21
legal_flat_baseline,2024,top10,actual,36,22
legal_flat_baseline,2024,top10,actual,37,16
legal_flat_baseline,2024,top10,actual,38,10
legal_flat_baseline,2024,top10,actual,39,20
legal_flat_baseline,2024,top10,actual,40,17
legal_flat_baseline,2024,top10,actual,41,24
legal_flat_baseline,2024,top10,actual,42,25
legal_flat_baseline,2024,top10,actual,43,21
legal_flat_baseline,2024,top10,actual,44,25
legal_flat_baseline,2024,top10,actual,45,28
legal_flat_baseline,2024,top10,actual,46,24
legal_flat_baseline,2024,top10,actual,47,23
legal_flat_baseline,2024,top10,actual,48,35
legal_flat_baseline,2024,top10,actual,49,26
legal_flat_baseline,2024,top10,actual,50,28
legal_flat_baseline,2024,top10,actual,51,35
legal_flat_baseline,2024,top10,actual,52,31
legal_flat_baseline,2024,top10,actual,53,41
legal_flat_baseline,2024,top10,actual,54,37
legal_flat_baseline,2024,top10,actual,55,45
legal_flat_baseline,2024,top10,actual,56,37
legal_flat_baseline,2024,top10,actual,57,40
legal_flat_baseline,2024,top10,actual,58,50
legal_flat_baseline,2024,top10,actual,59,69
legal_flat_baseline,2024,top10,actual,60,129
legal_flat_baseline,2024,top10,predicted,50,6
legal_flat_baseline,2024,top10,predicted,53,1
legal_flat_baseline,2024,top10,predicted,55,1526
legal_flat_baseline,2024,top10,predicted,56,887
legal_flat_baseline,2024,top2,actual,2,71
legal_flat_baseline,2024,top2,actual,3,27
legal_flat_baseline,2024,top2,actual,4,22
legal_flat_baseline,2024,top2,actual,5,10
legal_flat_baseline,2024,top2,actual,6,15
legal_flat_baseline,2024,top2,actual,7,10
legal_flat_baseline,2024,top2,actual,8,7
legal_flat_baseline,2024,top2,actual,9,11
legal_flat_baseline,2024,top2,actual,10,6
legal_flat_baseline,2024,top2,actual,11,8
legal_flat_baseline,2024,top2,actual,12,6
legal_flat_baseline,2024,top2,actual,13,6
legal_flat_baseline,2024,top2,actual,14,8
legal_flat_baseline,2024,top2,actual,15,6
legal_flat_baseline,2024,top2,actual,16,8
legal_flat_baseline,2024,top2,actual,17,7
legal_flat_baseline,2024,top2,actual,18,8
legal_flat_baseline,2024,top2,actual,19,5
legal_flat_baseline,2024,top2,actual,20,4
legal_flat_baseline,2024,top2,actual,21,4
legal_flat_baseline,2024,top2,actual,22,8
legal_flat_baseline,2024,top2,actual,23,6
legal_flat_baseline,2024,top2,actual,24,4
legal_flat_baseline,2024,top2,actual,25,4
legal_flat_baseline,2024,top2,actual,26,3
legal_flat_baseline,2024,top2,actual,27,8
legal_flat_baseline,2024,top2,actual,28,5
legal_flat_baseline,2024,top2,actual,29,8
legal_flat_baseline,2024,top2,actual,30,6
legal_flat_baseline,2024,top2,actual,31,5
legal_flat_baseline,2024,top2,actual,32,5
legal_flat_baseline,2024,top2,actual,33,3
legal_flat_baseline,2024,top2,actual,34,3
legal_flat_baseline,2024,top2,actual,35,1
legal_flat_baseline,2024,top2,actual,36,3
legal_flat_baseline,2024,top2,actual,37,1
legal_flat_baseline,2024,top2,actual,38,2
legal_flat_baseline,2024,top2,actual,39,2
legal_flat_baseline,2024,top2,actual,40,4
legal_flat_baseline,2024,top2,actual,41,2
legal_flat_baseline,2024,top2,actual,42,4
legal_flat_baseline,2024,top2,actual,43,6
legal_flat_baseline,2024,top2,actual,44,7
legal_flat_baseline,2024,top2,actual,45,4
legal_flat_baseline,2024,top2,actual,46,1
legal_flat_baseline,2024,top2,actual,47,6
legal_flat_baseline,2024,top2,actual,48,5
legal_flat_baseline,2024,top2,actual,49,5
legal_flat_baseline,2024,top2,actual,50,7
legal_flat_baseline,2024,top2,actual,51,6
legal_flat_baseline,2024,top2,actual,52,9
legal_flat_baseline,2024,top2,actual,53,7
legal_flat_baseline,2024,top2,actual,54,8
legal_flat_baseline,2024,top2,actual,55,5
legal_flat_baseline,2024,top2,actual,56,8
legal_flat_baseline,2024,top2,actual,57,8
legal_flat_baseline,2024,top2,actual,58,11
legal_flat_baseline,2024,top2,actual,59,15
legal_flat_baseline,2024,top2,actual,60,24
legal_flat_baseline,2024,top2,predicted,55,330
legal_flat_baseline,2024,top2,predicted,56,154
legal_flat_baseline,2024,top3,actual,2,106
legal_flat_baseline,2024,top3,actual,3,39
legal_flat_baseline,2024,top3,actual,4,27
legal_flat_baseline,2024,top3,actual,5,18
legal_flat_baseline,2024,top3,actual,6,19
legal_flat_baseline,2024,top3,actual,7,15
legal_flat_baseline,2024,top3,actual,8,8
legal_flat_baseline,2024,top3,actual,9,11
legal_flat_baseline,2024,top3,actual,10,7
legal_flat_baseline,2024,top3,actual,11,12
legal_flat_baseline,2024,top3,actual,12,10
legal_flat_baseline,2024,top3,actual,13,11
legal_flat_baseline,2024,top3,actual,14,18
legal_flat_baseline,2024,top3,actual,15,10
legal_flat_baseline,2024,top3,actual,16,11
legal_flat_baseline,2024,top3,actual,17,10
legal_flat_baseline,2024,top3,actual,18,8
legal_flat_baseline,2024,top3,actual,19,8
legal_flat_baseline,2024,top3,actual,20,6
legal_flat_baseline,2024,top3,actual,21,9
legal_flat_baseline,2024,top3,actual,22,11
legal_flat_baseline,2024,top3,actual,23,10
legal_flat_baseline,2024,top3,actual,24,6
legal_flat_baseline,2024,top3,actual,25,9
legal_flat_baseline,2024,top3,actual,26,8
legal_flat_baseline,2024,top3,actual,27,8
legal_flat_baseline,2024,top3,actual,28,7
legal_flat_baseline,2024,top3,actual,29,11
legal_flat_baseline,2024,top3,actual,30,8
legal_flat_baseline,2024,top3,actual,31,6
legal_flat_baseline,2024,top3,actual,32,6
legal_flat_baseline,2024,top3,actual,33,4
legal_flat_baseline,2024,top3,actual,34,4
legal_flat_baseline,2024,top3,actual,35,4
legal_flat_baseline,2024,top3,actual,36,3
legal_flat_baseline,2024,top3,actual,37,4
legal_flat_baseline,2024,top3,actual,38,3
legal_flat_baseline,2024,top3,actual,39,4
legal_flat_baseline,2024,top3,actual,40,5
legal_flat_baseline,2024,top3,actual,41,6
legal_flat_baseline,2024,top3,actual,42,6
legal_flat_baseline,2024,top3,actual,43,7
legal_flat_baseline,2024,top3,actual,44,7
legal_flat_baseline,2024,top3,actual,45,8
legal_flat_baseline,2024,top3,actual,46,4
legal_flat_baseline,2024,top3,actual,47,9
legal_flat_baseline,2024,top3,actual,48,7
legal_flat_baseline,2024,top3,actual,49,9
legal_flat_baseline,2024,top3,actual,50,8
legal_flat_baseline,2024,top3,actual,51,9
legal_flat_baseline,2024,top3,actual,52,13
legal_flat_baseline,2024,top3,actual,53,12
legal_flat_baseline,2024,top3,actual,54,12
legal_flat_baseline,2024,top3,actual,55,10
legal_flat_baseline,2024,top3,actual,56,9
legal_flat_baseline,2024,top3,actual,57,14
legal_flat_baseline,2024,top3,actual,58,18
legal_flat_baseline,2024,top3,actual,59,23
legal_flat_baseline,2024,top3,actual,60,44
legal_flat_baseline,2024,top3,predicted,50,2
legal_flat_baseline,2024,top3,predicted,55,485
legal_flat_baseline,2024,top3,predicted,56,239
legal_flat_baseline,2024,universe,actual,2,127300
legal_flat_baseline,2024,universe,actual,3,44755
legal_flat_baseline,2024,universe,actual,4,28386
legal_flat_baseline,2024,universe,actual,5,22410
legal_flat_baseline,2024,universe,actual,6,18035
legal_flat_baseline,2024,universe,actual,7,15318
legal_flat_baseline,2024,universe,actual,8,13530
legal_flat_baseline,2024,universe,actual,9,12072
legal_flat_baseline,2024,universe,actual,10,10931
legal_flat_baseline,2024,universe,actual,11,10301
legal_flat_baseline,2024,universe,actual,12,9852
legal_flat_baseline,2024,universe,actual,13,9454
legal_flat_baseline,2024,universe,actual,14,9145
legal_flat_baseline,2024,universe,actual,15,8768
legal_flat_baseline,2024,universe,actual,16,8392
legal_flat_baseline,2024,universe,actual,17,8103
legal_flat_baseline,2024,universe,actual,18,7897
legal_flat_baseline,2024,universe,actual,19,7609
legal_flat_baseline,2024,universe,actual,20,7496
legal_flat_baseline,2024,universe,actual,21,7413
legal_flat_baseline,2024,universe,actual,22,7325
legal_flat_baseline,2024,universe,actual,23,7100
legal_flat_baseline,2024,universe,actual,24,6976
legal_flat_baseline,2024,universe,actual,25,6907
legal_flat_baseline,2024,universe,actual,26,6834
legal_flat_baseline,2024,universe,actual,27,6781
legal_flat_baseline,2024,universe,actual,28,6699
legal_flat_baseline,2024,universe,actual,29,6688
legal_flat_baseline,2024,universe,actual,30,6581
legal_flat_baseline,2024,universe,actual,31,6498
legal_flat_baseline,2024,universe,actual,32,6456
legal_flat_baseline,2024,universe,actual,33,6368
legal_flat_baseline,2024,universe,actual,34,6390
legal_flat_baseline,2024,universe,actual,35,6393
legal_flat_baseline,2024,universe,actual,36,6404
legal_flat_baseline,2024,universe,actual,37,6549
legal_flat_baseline,2024,universe,actual,38,6593
legal_flat_baseline,2024,universe,actual,39,6728
legal_flat_baseline,2024,universe,actual,40,6829
legal_flat_baseline,2024,universe,actual,41,6897
legal_flat_baseline,2024,universe,actual,42,6920
legal_flat_baseline,2024,universe,actual,43,7040
legal_flat_baseline,2024,universe,actual,44,7207
legal_flat_baseline,2024,universe,actual,45,7363
legal_flat_baseline,2024,universe,actual,46,7542
legal_flat_baseline,2024,universe,actual,47,7905
legal_flat_baseline,2024,universe,actual,48,8156
legal_flat_baseline,2024,universe,actual,49,8248
legal_flat_baseline,2024,universe,actual,50,8477
legal_flat_baseline,2024,universe,actual,51,8621
legal_flat_baseline,2024,universe,actual,52,8893
legal_flat_baseline,2024,universe,actual,53,9246
legal_flat_baseline,2024,universe,actual,54,9675
legal_flat_baseline,2024,universe,actual,55,10044
legal_flat_baseline,2024,universe,actual,56,10559
legal_flat_baseline,2024,universe,actual,57,11294
legal_flat_baseline,2024,universe,actual,58,12651
legal_flat_baseline,2024,universe,actual,59,15364
legal_flat_baseline,2024,universe,actual,60,29349
legal_flat_baseline,2024,universe,predicted,2,136495
legal_flat_baseline,2024,universe,predicted,3,47312
legal_flat_baseline,2024,universe,predicted,4,267
legal_flat_baseline,2024,universe,predicted,5,14604
legal_flat_baseline,2024,universe,predicted,6,7550
legal_flat_baseline,2024,universe,predicted,7,18772
legal_flat_baseline,2024,universe,predicted,9,21
legal_flat_baseline,2024,universe,predicted,11,99
legal_flat_baseline,2024,universe,predicted,12,313
legal_flat_baseline,2024,universe,predicted,13,320
legal_flat_baseline,2024,universe,predicted,16,599
legal_flat_baseline,2024,universe,predicted,35,3
legal_flat_baseline,2024,universe,predicted,36,19
legal_flat_baseline,2024,universe,predicted,37,85
legal_flat_baseline,2024,universe,predicted,42,1
legal_flat_baseline,2024,universe,predicted,48,3527
legal_flat_baseline,2024,universe,predicted,49,2341
legal_flat_baseline,2024,universe,predicted,50,3979
legal_flat_baseline,2024,universe,predicted,51,22
legal_flat_baseline,2024,universe,predicted,53,13367
legal_flat_baseline,2024,universe,predicted,55,161475
legal_flat_baseline,2024,universe,predicted,56,304699
legal_flat_baseline,2024,universe,predicted,58,3
legal_flat_baseline,2024,universe,predicted,59,5
legal_flat_baseline,2025,top1,actual,2,15
legal_flat_baseline,2025,top1,actual,3,7
legal_flat_baseline,2025,top1,actual,4,4
legal_flat_baseline,2025,top1,actual,5,3
legal_flat_baseline,2025,top1,actual,6,3
legal_flat_baseline,2025,top1,actual,7,5
legal_flat_baseline,2025,top1,actual,8,3
legal_flat_baseline,2025,top1,actual,9,1
legal_flat_baseline,2025,top1,actual,10,2
legal_flat_baseline,2025,top1,actual,11,2
legal_flat_baseline,2025,top1,actual,12,2
legal_flat_baseline,2025,top1,actual,13,2
legal_flat_baseline,2025,top1,actual,14,4
legal_flat_baseline,2025,top1,actual,15,1
legal_flat_baseline,2025,top1,actual,16,2
legal_flat_baseline,2025,top1,actual,17,3
legal_flat_baseline,2025,top1,actual,18,3
legal_flat_baseline,2025,top1,actual,19,4
legal_flat_baseline,2025,top1,actual,20,2
legal_flat_baseline,2025,top1,actual,21,3
legal_flat_baseline,2025,top1,actual,22,2
legal_flat_baseline,2025,top1,actual,23,1
legal_flat_baseline,2025,top1,actual,24,1
legal_flat_baseline,2025,top1,actual,25,1
legal_flat_baseline,2025,top1,actual,27,1
legal_flat_baseline,2025,top1,actual,28,1
legal_flat_baseline,2025,top1,actual,29,1
legal_flat_baseline,2025,top1,actual,30,1
legal_flat_baseline,2025,top1,actual,31,3
legal_flat_baseline,2025,top1,actual,32,2
legal_flat_baseline,2025,top1,actual,33,4
legal_flat_baseline,2025,top1,actual,34,3
legal_flat_baseline,2025,top1,actual,35,3
legal_flat_baseline,2025,top1,actual,36,4
legal_flat_baseline,2025,top1,actual,37,2
legal_flat_baseline,2025,top1,actual,39,2
legal_flat_baseline,2025,top1,actual,40,3
legal_flat_baseline,2025,top1,actual,41,4
legal_flat_baseline,2025,top1,actual,42,4
legal_flat_baseline,2025,top1,actual,43,6
legal_flat_baseline,2025,top1,actual,44,5
legal_flat_baseline,2025,top1,actual,45,4
legal_flat_baseline,2025,top1,actual,46,3
legal_flat_baseline,2025,top1,actual,47,3
legal_flat_baseline,2025,top1,actual,48,4
legal_flat_baseline,2025,top1,actual,49,3
legal_flat_baseline,2025,top1,actual,50,2
legal_flat_baseline,2025,top1,actual,51,4
legal_flat_baseline,2025,top1,actual,52,6
legal_flat_baseline,2025,top1,actual,53,6
legal_flat_baseline,2025,top1,actual,54,7
legal_flat_baseline,2025,top1,actual,55,7
legal_flat_baseline,2025,top1,actual,56,8
legal_flat_baseline,2025,top1,actual,57,9
legal_flat_baseline,2025,top1,actual,58,9
legal_flat_baseline,2025,top1,actual,59,14
legal_flat_baseline,2025,top1,actual,60,29
legal_flat_baseline,2025,top1,predicted,22,1
legal_flat_baseline,2025,top1,predicted,26,242
legal_flat_baseline,2025,top10,actual,2,188
legal_flat_baseline,2025,top10,actual,3,84
legal_flat_baseline,2025,top10,actual,4,61
legal_flat_baseline,2025,top10,actual,5,48
legal_flat_baseline,2025,top10,actual,6,46
legal_flat_baseline,2025,top10,actual,7,45
legal_flat_baseline,2025,top10,actual,8,38
legal_flat_baseline,2025,top10,actual,9,41
legal_flat_baseline,2025,top10,actual,10,31
legal_flat_baseline,2025,top10,actual,11,23
legal_flat_baseline,2025,top10,actual,12,22
legal_flat_baseline,2025,top10,actual,13,26
legal_flat_baseline,2025,top10,actual,14,25
legal_flat_baseline,2025,top10,actual,15,31
legal_flat_baseline,2025,top10,actual,16,25
legal_flat_baseline,2025,top10,actual,17,24
legal_flat_baseline,2025,top10,actual,18,29
legal_flat_baseline,2025,top10,actual,19,31
legal_flat_baseline,2025,top10,actual,20,26
legal_flat_baseline,2025,top10,actual,21,28
legal_flat_baseline,2025,top10,actual,22,29
legal_flat_baseline,2025,top10,actual,23,28
legal_flat_baseline,2025,top10,actual,24,32
legal_flat_baseline,2025,top10,actual,25,28
legal_flat_baseline,2025,top10,actual,26,32
legal_flat_baseline,2025,top10,actual,27,25
legal_flat_baseline,2025,top10,actual,28,36
legal_flat_baseline,2025,top10,actual,29,33
legal_flat_baseline,2025,top10,actual,30,25
legal_flat_baseline,2025,top10,actual,31,23
legal_flat_baseline,2025,top10,actual,32,21
legal_flat_baseline,2025,top10,actual,33,30
legal_flat_baseline,2025,top10,actual,34,25
legal_flat_baseline,2025,top10,actual,35,25
legal_flat_baseline,2025,top10,actual,36,28
legal_flat_baseline,2025,top10,actual,37,29
legal_flat_baseline,2025,top10,actual,38,31
legal_flat_baseline,2025,top10,actual,39,31
legal_flat_baseline,2025,top10,actual,40,34
legal_flat_baseline,2025,top10,actual,41,28
legal_flat_baseline,2025,top10,actual,42,25
legal_flat_baseline,2025,top10,actual,43,27
legal_flat_baseline,2025,top10,actual,44,27
legal_flat_baseline,2025,top10,actual,45,28
legal_flat_baseline,2025,top10,actual,46,37
legal_flat_baseline,2025,top10,actual,47,31
legal_flat_baseline,2025,top10,actual,48,35
legal_flat_baseline,2025,top10,actual,49,31
legal_flat_baseline,2025,top10,actual,50,28
legal_flat_baseline,2025,top10,actual,51,33
legal_flat_baseline,2025,top10,actual,52,40
legal_flat_baseline,2025,top10,actual,53,45
legal_flat_baseline,2025,top10,actual,54,55
legal_flat_baseline,2025,top10,actual,55,61
legal_flat_baseline,2025,top10,actual,56,62
legal_flat_baseline,2025,top10,actual,57,69
legal_flat_baseline,2025,top10,actual,58,76
legal_flat_baseline,2025,top10,actual,59,87
legal_flat_baseline,2025,top10,actual,60,188
legal_flat_baseline,2025,top10,predicted,22,43
legal_flat_baseline,2025,top10,predicted,24,22
legal_flat_baseline,2025,top10,predicted,26,2365
legal_flat_baseline,2025,top2,actual,2,31
legal_flat_baseline,2025,top2,actual,3,14
legal_flat_baseline,2025,top2,actual,4,11
legal_flat_baseline,2025,top2,actual,5,10
legal_flat_baseline,2025,top2,actual,6,9
legal_flat_baseline,2025,top2,actual,7,8
legal_flat_baseline,2025,top2,actual,8,6
legal_flat_baseline,2025,top2,actual,9,4
legal_flat_baseline,2025,top2,actual,10,5
legal_flat_baseline,2025,top2,actual,11,4
legal_flat_baseline,2025,top2,actual,12,3
legal_flat_baseline,2025,top2,actual,13,5
legal_flat_baseline,2025,top2,actual,14,8
legal_flat_baseline,2025,top2,actual,15,7
legal_flat_baseline,2025,top2,actual,16,7
legal_flat_baseline,2025,top2,actual,17,6
legal_flat_baseline,2025,top2,actual,18,7
legal_flat_baseline,2025,top2,actual,19,8
legal_flat_baseline,2025,top2,actual,20,6
legal_flat_baseline,2025,top2,actual,21,6
legal_flat_baseline,2025,top2,actual,22,3
legal_flat_baseline,2025,top2,actual,23,5
legal_flat_baseline,2025,top2,actual,24,6
legal_flat_baseline,2025,top2,actual,25,5
legal_flat_baseline,2025,top2,actual,26,8
legal_flat_baseline,2025,top2,actual,27,4
legal_flat_baseline,2025,top2,actual,28,2
legal_flat_baseline,2025,top2,actual,29,2
legal_flat_baseline,2025,top2,actual,30,2
legal_flat_baseline,2025,top2,actual,31,6
legal_flat_baseline,2025,top2,actual,32,5
legal_flat_baseline,2025,top2,actual,33,8
legal_flat_baseline,2025,top2,actual,34,3
legal_flat_baseline,2025,top2,actual,35,5
legal_flat_baseline,2025,top2,actual,36,8
legal_flat_baseline,2025,top2,actual,37,5
legal_flat_baseline,2025,top2,actual,38,5
legal_flat_baseline,2025,top2,actual,39,5
legal_flat_baseline,2025,top2,actual,40,7
legal_flat_baseline,2025,top2,actual,41,5
legal_flat_baseline,2025,top2,actual,42,6
legal_flat_baseline,2025,top2,actual,43,9
legal_flat_baseline,2025,top2,actual,44,9
legal_flat_baseline,2025,top2,actual,45,6
legal_flat_baseline,2025,top2,actual,46,8
legal_flat_baseline,2025,top2,actual,47,6
legal_flat_baseline,2025,top2,actual,48,10
legal_flat_baseline,2025,top2,actual,49,7
legal_flat_baseline,2025,top2,actual,50,4
legal_flat_baseline,2025,top2,actual,51,7
legal_flat_baseline,2025,top2,actual,52,10
legal_flat_baseline,2025,top2,actual,53,9
legal_flat_baseline,2025,top2,actual,54,11
legal_flat_baseline,2025,top2,actual,55,12
legal_flat_baseline,2025,top2,actual,56,14
legal_flat_baseline,2025,top2,actual,57,15
legal_flat_baseline,2025,top2,actual,58,15
legal_flat_baseline,2025,top2,actual,59,19
legal_flat_baseline,2025,top2,actual,60,45
legal_flat_baseline,2025,top2,predicted,22,4
legal_flat_baseline,2025,top2,predicted,24,3
legal_flat_baseline,2025,top2,predicted,26,479
legal_flat_baseline,2025,top3,actual,2,47
legal_flat_baseline,2025,top3,actual,3,21
legal_flat_baseline,2025,top3,actual,4,17
legal_flat_baseline,2025,top3,actual,5,13
legal_flat_baseline,2025,top3,actual,6,12
legal_flat_baseline,2025,top3,actual,7,13
legal_flat_baseline,2025,top3,actual,8,9
legal_flat_baseline,2025,top3,actual,9,10
legal_flat_baseline,2025,top3,actual,10,9
legal_flat_baseline,2025,top3,actual,11,9
legal_flat_baseline,2025,top3,actual,12,5
legal_flat_baseline,2025,top3,actual,13,6
legal_flat_baseline,2025,top3,actual,14,12
legal_flat_baseline,2025,top3,actual,15,11
legal_flat_baseline,2025,top3,actual,16,8
legal_flat_baseline,2025,top3,actual,17,10
legal_flat_baseline,2025,top3,actual,18,8
legal_flat_baseline,2025,top3,actual,19,13
legal_flat_baseline,2025,top3,actual,20,10
legal_flat_baseline,2025,top3,actual,21,7
legal_flat_baseline,2025,top3,actual,22,10
legal_flat_baseline,2025,top3,actual,23,10
legal_flat_baseline,2025,top3,actual,24,6
legal_flat_baseline,2025,top3,actual,25,9
legal_flat_baseline,2025,top3,actual,26,11
legal_flat_baseline,2025,top3,actual,27,7
legal_flat_baseline,2025,top3,actual,28,4
legal_flat_baseline,2025,top3,actual,29,5
legal_flat_baseline,2025,top3,actual,30,5
legal_flat_baseline,2025,top3,actual,31,11
legal_flat_baseline,2025,top3,actual,32,9
legal_flat_baseline,2025,top3,actual,33,12
legal_flat_baseline,2025,top3,actual,34,6
legal_flat_baseline,2025,top3,actual,35,6
legal_flat_baseline,2025,top3,actual,36,9
legal_flat_baseline,2025,top3,actual,37,9
legal_flat_baseline,2025,top3,actual,38,8
legal_flat_baseline,2025,top3,actual,39,8
legal_flat_baseline,2025,top3,actual,40,9
legal_flat_baseline,2025,top3,actual,41,9
legal_flat_baseline,2025,top3,actual,42,10
legal_flat_baseline,2025,top3,actual,43,11
legal_flat_baseline,2025,top3,actual,44,12
legal_flat_baseline,2025,top3,actual,45,7
legal_flat_baseline,2025,top3,actual,46,13
legal_flat_baseline,2025,top3,actual,47,10
legal_flat_baseline,2025,top3,actual,48,14
legal_flat_baseline,2025,top3,actual,49,10
legal_flat_baseline,2025,top3,actual,50,9
legal_flat_baseline,2025,top3,actual,51,9
legal_flat_baseline,2025,top3,actual,52,15
legal_flat_baseline,2025,top3,actual,53,11
legal_flat_baseline,2025,top3,actual,54,15
legal_flat_baseline,2025,top3,actual,55,16
legal_flat_baseline,2025,top3,actual,56,16
legal_flat_baseline,2025,top3,actual,57,21
legal_flat_baseline,2025,top3,actual,58,20
legal_flat_baseline,2025,top3,actual,59,27
legal_flat_baseline,2025,top3,actual,60,70
legal_flat_baseline,2025,top3,predicted,22,7
legal_flat_baseline,2025,top3,predicted,24,4
legal_flat_baseline,2025,top3,predicted,26,718
legal_flat_baseline,2025,universe,actual,2,85391
legal_flat_baseline,2025,universe,actual,3,32520
legal_flat_baseline,2025,universe,actual,4,22011
legal_flat_baseline,2025,universe,actual,5,17366
legal_flat_baseline,2025,universe,actual,6,15035
legal_flat_baseline,2025,universe,actual,7,13517
legal_flat_baseline,2025,universe,actual,8,12528
legal_flat_baseline,2025,universe,actual,9,11742
legal_flat_baseline,2025,universe,actual,10,11008
legal_flat_baseline,2025,universe,actual,11,10455
legal_flat_baseline,2025,universe,actual,12,10127
legal_flat_baseline,2025,universe,actual,13,9842
legal_flat_baseline,2025,universe,actual,14,9565
legal_flat_baseline,2025,universe,actual,15,9432
legal_flat_baseline,2025,universe,actual,16,9277
legal_flat_baseline,2025,universe,actual,17,9134
legal_flat_baseline,2025,universe,actual,18,9015
legal_flat_baseline,2025,universe,actual,19,8975
legal_flat_baseline,2025,universe,actual,20,8903
legal_flat_baseline,2025,universe,actual,21,8714
legal_flat_baseline,2025,universe,actual,22,8563
legal_flat_baseline,2025,universe,actual,23,8495
legal_flat_baseline,2025,universe,actual,24,8406
legal_flat_baseline,2025,universe,actual,25,8318
legal_flat_baseline,2025,universe,actual,26,8307
legal_flat_baseline,2025,universe,actual,27,8277
legal_flat_baseline,2025,universe,actual,28,8309
legal_flat_baseline,2025,universe,actual,29,8272
legal_flat_baseline,2025,universe,actual,30,8249
legal_flat_baseline,2025,universe,actual,31,8151
legal_flat_baseline,2025,universe,actual,32,8108
legal_flat_baseline,2025,universe,actual,33,8127
legal_flat_baseline,2025,universe,actual,34,8182
legal_flat_baseline,2025,universe,actual,35,8202
legal_flat_baseline,2025,universe,actual,36,8248
legal_flat_baseline,2025,universe,actual,37,8255
legal_flat_baseline,2025,universe,actual,38,8232
legal_flat_baseline,2025,universe,actual,39,8277
legal_flat_baseline,2025,universe,actual,40,8344
legal_flat_baseline,2025,universe,actual,41,8420
legal_flat_baseline,2025,universe,actual,42,8578
legal_flat_baseline,2025,universe,actual,43,8763
legal_flat_baseline,2025,universe,actual,44,8830
legal_flat_baseline,2025,universe,actual,45,8973
legal_flat_baseline,2025,universe,actual,46,9011
legal_flat_baseline,2025,universe,actual,47,9120
legal_flat_baseline,2025,universe,actual,48,9215
legal_flat_baseline,2025,universe,actual,49,9303
legal_flat_baseline,2025,universe,actual,50,9405
legal_flat_baseline,2025,universe,actual,51,9619
legal_flat_baseline,2025,universe,actual,52,9984
legal_flat_baseline,2025,universe,actual,53,10318
legal_flat_baseline,2025,universe,actual,54,10825
legal_flat_baseline,2025,universe,actual,55,11481
legal_flat_baseline,2025,universe,actual,56,12433
legal_flat_baseline,2025,universe,actual,57,13891
legal_flat_baseline,2025,universe,actual,58,15975
legal_flat_baseline,2025,universe,actual,59,20583
legal_flat_baseline,2025,universe,actual,60,37201
legal_flat_baseline,2025,universe,predicted,2,244295
legal_flat_baseline,2025,universe,predicted,3,178
legal_flat_baseline,2025,universe,predicted,4,1738
legal_flat_baseline,2025,universe,predicted,6,1
legal_flat_baseline,2025,universe,predicted,7,3
legal_flat_baseline,2025,universe,predicted,8,16293
legal_flat_baseline,2025,universe,predicted,9,1859
legal_flat_baseline,2025,universe,predicted,10,75
legal_flat_baseline,2025,universe,predicted,11,110877
legal_flat_baseline,2025,universe,predicted,12,148
legal_flat_baseline,2025,universe,predicted,13,1144
legal_flat_baseline,2025,universe,predicted,14,922
legal_flat_baseline,2025,universe,predicted,15,183
legal_flat_baseline,2025,universe,predicted,16,188
legal_flat_baseline,2025,universe,predicted,17,3002
legal_flat_baseline,2025,universe,predicted,20,5350
legal_flat_baseline,2025,universe,predicted,22,19335
legal_flat_baseline,2025,universe,predicted,24,43198
legal_flat_baseline,2025,universe,predicted,25,108
legal_flat_baseline,2025,universe,predicted,26,275020
legal_flat_baseline,2025,universe,predicted,34,3
legal_flat_baseline,2025,universe,predicted,38,1
legal_flat_baseline,2025,universe,predicted,40,178
legal_flat_baseline,2025,universe,predicted,43,9
legal_flat_baseline,2025,universe,predicted,44,17
legal_flat_baseline,2026,top1,actual,2,5
legal_flat_baseline,2026,top1,actual,3,2
legal_flat_baseline,2026,top1,actual,11,2
legal_flat_baseline,2026,top1,actual,12,2
legal_flat_baseline,2026,top1,actual,13,1
legal_flat_baseline,2026,top1,actual,14,2
legal_flat_baseline,2026,top1,actual,15,1
legal_flat_baseline,2026,top1,actual,16,1
legal_flat_baseline,2026,top1,actual,17,1
legal_flat_baseline,2026,top1,actual,18,1
legal_flat_baseline,2026,top1,actual,19,1
legal_flat_baseline,2026,top1,actual,21,1
legal_flat_baseline,2026,top1,actual,22,2
legal_flat_baseline,2026,top1,actual,23,1
legal_flat_baseline,2026,top1,actual,24,1
legal_flat_baseline,2026,top1,actual,26,2
legal_flat_baseline,2026,top1,actual,27,1
legal_flat_baseline,2026,top1,actual,38,1
legal_flat_baseline,2026,top1,actual,44,1
legal_flat_baseline,2026,top1,actual,45,1
legal_flat_baseline,2026,top1,actual,46,1
legal_flat_baseline,2026,top1,actual,47,3
legal_flat_baseline,2026,top1,actual,50,1
legal_flat_baseline,2026,top1,actual,52,1
legal_flat_baseline,2026,top1,actual,53,3
legal_flat_baseline,2026,top1,actual,54,2
legal_flat_baseline,2026,top1,actual,57,2
legal_flat_baseline,2026,top1,actual,58,2
legal_flat_baseline,2026,top1,actual,60,3
legal_flat_baseline,2026,top1,predicted,26,4
legal_flat_baseline,2026,top1,predicted,50,9
legal_flat_baseline,2026,top1,predicted,54,35
legal_flat_baseline,2026,top10,actual,2,55
legal_flat_baseline,2026,top10,actual,3,18
legal_flat_baseline,2026,top10,actual,4,14
legal_flat_baseline,2026,top10,actual,5,10
legal_flat_baseline,2026,top10,actual,6,7
legal_flat_baseline,2026,top10,actual,7,5
legal_flat_baseline,2026,top10,actual,8,7
legal_flat_baseline,2026,top10,actual,9,3
legal_flat_baseline,2026,top10,actual,10,4
legal_flat_baseline,2026,top10,actual,11,3
legal_flat_baseline,2026,top10,actual,12,4
legal_flat_baseline,2026,top10,actual,13,5
legal_flat_baseline,2026,top10,actual,14,7
legal_flat_baseline,2026,top10,actual,15,7
legal_flat_baseline,2026,top10,actual,16,7
legal_flat_baseline,2026,top10,actual,17,7
legal_flat_baseline,2026,top10,actual,18,5
legal_flat_baseline,2026,top10,actual,19,5
legal_flat_baseline,2026,top10,actual,20,6
legal_flat_baseline,2026,top10,actual,21,6
legal_flat_baseline,2026,top10,actual,22,5
legal_flat_baseline,2026,top10,actual,23,5
legal_flat_baseline,2026,top10,actual,24,4
legal_flat_baseline,2026,top10,actual,25,6
legal_flat_baseline,2026,top10,actual,26,5
legal_flat_baseline,2026,top10,actual,27,5
legal_flat_baseline,2026,top10,actual,28,3
legal_flat_baseline,2026,top10,actual,29,5
legal_flat_baseline,2026,top10,actual,30,4
legal_flat_baseline,2026,top10,actual,31,2
legal_flat_baseline,2026,top10,actual,32,2
legal_flat_baseline,2026,top10,actual,33,3
legal_flat_baseline,2026,top10,actual,34,1
legal_flat_baseline,2026,top10,actual,35,2
legal_flat_baseline,2026,top10,actual,36,3
legal_flat_baseline,2026,top10,actual,37,4
legal_flat_baseline,2026,top10,actual,38,5
legal_flat_baseline,2026,top10,actual,39,5
legal_flat_baseline,2026,top10,actual,40,4
legal_flat_baseline,2026,top10,actual,41,3
legal_flat_baseline,2026,top10,actual,42,3
legal_flat_baseline,2026,top10,actual,43,5
legal_flat_baseline,2026,top10,actual,44,6
legal_flat_baseline,2026,top10,actual,45,6
legal_flat_baseline,2026,top10,actual,46,8
legal_flat_baseline,2026,top10,actual,47,9
legal_flat_baseline,2026,top10,actual,48,6
legal_flat_baseline,2026,top10,actual,49,8
legal_flat_baseline,2026,top10,actual,50,7
legal_flat_baseline,2026,top10,actual,51,8
legal_flat_baseline,2026,top10,actual,52,13
legal_flat_baseline,2026,top10,actual,53,17
legal_flat_baseline,2026,top10,actual,54,12
legal_flat_baseline,2026,top10,actual,55,11
legal_flat_baseline,2026,top10,actual,56,11
legal_flat_baseline,2026,top10,actual,57,12
legal_flat_baseline,2026,top10,actual,58,12
legal_flat_baseline,2026,top10,actual,59,20
legal_flat_baseline,2026,top10,actual,60,45
legal_flat_baseline,2026,top10,predicted,26,31
legal_flat_baseline,2026,top10,predicted,50,88
legal_flat_baseline,2026,top10,predicted,54,360
legal_flat_baseline,2026,top10,predicted,56,1
legal_flat_baseline,2026,top2,actual,2,12
legal_flat_baseline,2026,top2,actual,3,4
legal_flat_baseline,2026,top2,actual,4,2
legal_flat_baseline,2026,top2,actual,5,2
legal_flat_baseline,2026,top2,actual,9,1
legal_flat_baseline,2026,top2,actual,11,2
legal_flat_baseline,2026,top2,actual,12,2
legal_flat_baseline,2026,top2,actual,13,2
legal_flat_baseline,2026,top2,actual,14,2
legal_flat_baseline,2026,top2,actual,15,2
legal_flat_baseline,2026,top2,actual,16,1
legal_flat_baseline,2026,top2,actual,17,2
legal_flat_baseline,2026,top2,actual,18,1
legal_flat_baseline,2026,top2,actual,19,1
legal_flat_baseline,2026,top2,actual,20,1
legal_flat_baseline,2026,top2,actual,21,3
legal_flat_baseline,2026,top2,actual,22,2
legal_flat_baseline,2026,top2,actual,23,1
legal_flat_baseline,2026,top2,actual,24,1
legal_flat_baseline,2026,top2,actual,25,2
legal_flat_baseline,2026,top2,actual,26,2
legal_flat_baseline,2026,top2,actual,27,3
legal_flat_baseline,2026,top2,actual,30,1
legal_flat_baseline,2026,top2,actual,38,1
legal_flat_baseline,2026,top2,actual,39,2
legal_flat_baseline,2026,top2,actual,44,1
legal_flat_baseline,2026,top2,actual,45,2
legal_flat_baseline,2026,top2,actual,46,2
legal_flat_baseline,2026,top2,actual,47,3
legal_flat_baseline,2026,top2,actual,49,1
legal_flat_baseline,2026,top2,actual,50,1
legal_flat_baseline,2026,top2,actual,51,1
legal_flat_baseline,2026,top2,actual,52,1
legal_flat_baseline,2026,top2,actual,53,4
legal_flat_baseline,2026,top2,actual,54,3
legal_flat_baseline,2026,top2,actual,55,1
legal_flat_baseline,2026,top2,actual,56,2
legal_flat_baseline,2026,top2,actual,57,3
legal_flat_baseline,2026,top2,actual,58,4
legal_flat_baseline,2026,top2,actual,59,6
legal_flat_baseline,2026,top2,actual,60,6
legal_flat_baseline,2026,top2,predicted,26,5
legal_flat_baseline,2026,top2,predicted,50,16
legal_flat_baseline,2026,top2,predicted,54,75
legal_flat_baseline,2026,top3,actual,2,20
legal_flat_baseline,2026,top3,actual,3,7
legal_flat_baseline,2026,top3,actual,4,3
legal_flat_baseline,2026,top3,actual,5,3
legal_flat_baseline,2026,top3,actual,9,1
legal_flat_baseline,2026,top3,actual,11,2
legal_flat_baseline,2026,top3,actual,12,2
legal_flat_baseline,2026,top3,actual,13,3
legal_flat_baseline,2026,top3,actual,14,2
legal_flat_baseline,2026,top3,actual,15,2
legal_flat_baseline,2026,top3,actual,16,2
legal_flat_baseline,2026,top3,actual,17,3
legal_flat_baseline,2026,top3,actual,18,2
legal_flat_baseline,2026,top3,actual,19,1
legal_flat_baseline,2026,top3,actual,20,1
legal_flat_baseline,2026,top3,actual,21,3
legal_flat_baseline,2026,top3,actual,22,4
legal_flat_baseline,2026,top3,actual,23,1
legal_flat_baseline,2026,top3,actual,24,1
legal_flat_baseline,2026,top3,actual,25,2
legal_flat_baseline,2026,top3,actual,26,3
legal_flat_baseline,2026,top3,actual,27,4
legal_flat_baseline,2026,top3,actual,29,1
legal_flat_baseline,2026,top3,actual,30,1
legal_flat_baseline,2026,top3,actual,31,1
legal_flat_baseline,2026,top3,actual,32,1
legal_flat_baseline,2026,top3,actual,38,3
legal_flat_baseline,2026,top3,actual,39,3
legal_flat_baseline,2026,top3,actual,42,1
legal_flat_baseline,2026,top3,actual,43,1
legal_flat_baseline,2026,top3,actual,44,2
legal_flat_baseline,2026,top3,actual,45,3
legal_flat_baseline,2026,top3,actual,46,5
legal_flat_baseline,2026,top3,actual,47,3
legal_flat_baseline,2026,top3,actual,48,1
legal_flat_baseline,2026,top3,actual,49,3
legal_flat_baseline,2026,top3,actual,50,1
legal_flat_baseline,2026,top3,actual,51,1
legal_flat_baseline,2026,top3,actual,52,2
legal_flat_baseline,2026,top3,actual,53,4
legal_flat_baseline,2026,top3,actual,54,3
legal_flat_baseline,2026,top3,actual,55,3
legal_flat_baseline,2026,top3,actual,56,3
legal_flat_baseline,2026,top3,actual,57,3
legal_flat_baseline,2026,top3,actual,58,4
legal_flat_baseline,2026,top3,actual,59,8
legal_flat_baseline,2026,top3,actual,60,11
legal_flat_baseline,2026,top3,predicted,26,7
legal_flat_baseline,2026,top3,predicted,50,23
legal_flat_baseline,2026,top3,predicted,54,113
legal_flat_baseline,2026,top3,predicted,56,1
legal_flat_baseline,2026,universe,actual,2,31461
legal_flat_baseline,2026,universe,actual,3,11275
legal_flat_baseline,2026,universe,actual,4,7787
legal_flat_baseline,2026,universe,actual,5,5972
legal_flat_baseline,2026,universe,actual,6,4651
legal_flat_baseline,2026,universe,actual,7,4208
legal_flat_baseline,2026,universe,actual,8,3528
legal_flat_baseline,2026,universe,actual,9,3129
legal_flat_baseline,2026,universe,actual,10,2811
legal_flat_baseline,2026,universe,actual,11,2538
legal_flat_baseline,2026,universe,actual,12,2346
legal_flat_baseline,2026,universe,actual,13,2260
legal_flat_baseline,2026,universe,actual,14,2090
legal_flat_baseline,2026,universe,actual,15,1867
legal_flat_baseline,2026,universe,actual,16,1740
legal_flat_baseline,2026,universe,actual,17,1612
legal_flat_baseline,2026,universe,actual,18,1460
legal_flat_baseline,2026,universe,actual,19,1373
legal_flat_baseline,2026,universe,actual,20,1282
legal_flat_baseline,2026,universe,actual,21,1310
legal_flat_baseline,2026,universe,actual,22,1306
legal_flat_baseline,2026,universe,actual,23,1320
legal_flat_baseline,2026,universe,actual,24,1304
legal_flat_baseline,2026,universe,actual,25,1269
legal_flat_baseline,2026,universe,actual,26,1215
legal_flat_baseline,2026,universe,actual,27,1146
legal_flat_baseline,2026,universe,actual,28,1153
legal_flat_baseline,2026,universe,actual,29,1160
legal_flat_baseline,2026,universe,actual,30,1182
legal_flat_baseline,2026,universe,actual,31,1161
legal_flat_baseline,2026,universe,actual,32,1191
legal_flat_baseline,2026,universe,actual,33,1267
legal_flat_baseline,2026,universe,actual,34,1199
legal_flat_baseline,2026,universe,actual,35,1171
legal_flat_baseline,2026,universe,actual,36,1096
legal_flat_baseline,2026,universe,actual,37,1075
legal_flat_baseline,2026,universe,actual,38,1075
legal_flat_baseline,2026,universe,actual,39,1088
legal_flat_baseline,2026,universe,actual,40,1093
legal_flat_baseline,2026,universe,actual,41,1045
legal_flat_baseline,2026,universe,actual,42,1022
legal_flat_baseline,2026,universe,actual,43,962
legal_flat_baseline,2026,universe,actual,44,961
legal_flat_baseline,2026,universe,actual,45,962
legal_flat_baseline,2026,universe,actual,46,962
legal_flat_baseline,2026,universe,actual,47,951
legal_flat_baseline,2026,universe,actual,48,968
legal_flat_baseline,2026,universe,actual,49,976
legal_flat_baseline,2026,universe,actual,50,996
legal_flat_baseline,2026,universe,actual,51,1044
legal_flat_baseline,2026,universe,actual,52,1073
legal_flat_baseline,2026,universe,actual,53,1102
legal_flat_baseline,2026,universe,actual,54,1142
legal_flat_baseline,2026,universe,actual,55,1192
legal_flat_baseline,2026,universe,actual,56,1282
legal_flat_baseline,2026,universe,actual,57,1437
legal_flat_baseline,2026,universe,actual,58,1672
legal_flat_baseline,2026,universe,actual,59,2245
legal_flat_baseline,2026,universe,actual,60,4640
legal_flat_baseline,2026,universe,predicted,2,32647
legal_flat_baseline,2026,universe,predicted,3,7048
legal_flat_baseline,2026,universe,predicted,4,96
legal_flat_baseline,2026,universe,predicted,5,1411
legal_flat_baseline,2026,universe,predicted,8,1
legal_flat_baseline,2026,universe,predicted,10,24812
legal_flat_baseline,2026,universe,predicted,13,43
legal_flat_baseline,2026,universe,predicted,14,86
legal_flat_baseline,2026,universe,predicted,20,14
legal_flat_baseline,2026,universe,predicted,22,103
legal_flat_baseline,2026,universe,predicted,23,1509
legal_flat_baseline,2026,universe,predicted,26,3147
legal_flat_baseline,2026,universe,predicted,30,139
legal_flat_baseline,2026,universe,predicted,31,24
legal_flat_baseline,2026,universe,predicted,34,169
legal_flat_baseline,2026,universe,predicted,40,37
legal_flat_baseline,2026,universe,predicted,50,20853
legal_flat_baseline,2026,universe,predicted,54,51699
legal_flat_baseline,2026,universe,predicted,56,2
structured_joint_turnover_100x32,2023,top1,actual,2,25
structured_joint_turnover_100x32,2023,top1,actual,3,19
structured_joint_turnover_100x32,2023,top1,actual,4,7
structured_joint_turnover_100x32,2023,top1,actual,5,6
structured_joint_turnover_100x32,2023,top1,actual,6,4
structured_joint_turnover_100x32,2023,top1,actual,7,6
structured_joint_turnover_100x32,2023,top1,actual,8,5
structured_joint_turnover_100x32,2023,top1,actual,9,5
structured_joint_turnover_100x32,2023,top1,actual,10,2
structured_joint_turnover_100x32,2023,top1,actual,11,2
structured_joint_turnover_100x32,2023,top1,actual,12,5
structured_joint_turnover_100x32,2023,top1,actual,13,4
structured_joint_turnover_100x32,2023,top1,actual,14,6
structured_joint_turnover_100x32,2023,top1,actual,15,6
structured_joint_turnover_100x32,2023,top1,actual,16,7
structured_joint_turnover_100x32,2023,top1,actual,17,6
structured_joint_turnover_100x32,2023,top1,actual,18,3
structured_joint_turnover_100x32,2023,top1,actual,19,5
structured_joint_turnover_100x32,2023,top1,actual,20,6
structured_joint_turnover_100x32,2023,top1,actual,21,4
structured_joint_turnover_100x32,2023,top1,actual,22,3
structured_joint_turnover_100x32,2023,top1,actual,23,10
structured_joint_turnover_100x32,2023,top1,actual,24,10
structured_joint_turnover_100x32,2023,top1,actual,25,4
structured_joint_turnover_100x32,2023,top1,actual,26,1
structured_joint_turnover_100x32,2023,top1,actual,27,4
structured_joint_turnover_100x32,2023,top1,actual,28,1
structured_joint_turnover_100x32,2023,top1,actual,29,2
structured_joint_turnover_100x32,2023,top1,actual,30,1
structured_joint_turnover_100x32,2023,top1,actual,32,1
structured_joint_turnover_100x32,2023,top1,actual,33,4
structured_joint_turnover_100x32,2023,top1,actual,34,1
structured_joint_turnover_100x32,2023,top1,actual,35,1
structured_joint_turnover_100x32,2023,top1,actual,36,3
structured_joint_turnover_100x32,2023,top1,actual,37,3
structured_joint_turnover_100x32,2023,top1,actual,38,3
structured_joint_turnover_100x32,2023,top1,actual,39,1
structured_joint_turnover_100x32,2023,top1,actual,40,2
structured_joint_turnover_100x32,2023,top1,actual,41,1
structured_joint_turnover_100x32,2023,top1,actual,42,2
structured_joint_turnover_100x32,2023,top1,actual,43,1
structured_joint_turnover_100x32,2023,top1,actual,45,3
structured_joint_turnover_100x32,2023,top1,actual,46,2
structured_joint_turnover_100x32,2023,top1,actual,47,2
structured_joint_turnover_100x32,2023,top1,actual,48,4
structured_joint_turnover_100x32,2023,top1,actual,49,2
structured_joint_turnover_100x32,2023,top1,actual,50,3
structured_joint_turnover_100x32,2023,top1,actual,51,3
structured_joint_turnover_100x32,2023,top1,actual,52,3
structured_joint_turnover_100x32,2023,top1,actual,53,4
structured_joint_turnover_100x32,2023,top1,actual,54,4
structured_joint_turnover_100x32,2023,top1,actual,55,4
structured_joint_turnover_100x32,2023,top1,actual,56,3
structured_joint_turnover_100x32,2023,top1,actual,57,4
structured_joint_turnover_100x32,2023,top1,actual,58,2
structured_joint_turnover_100x32,2023,top1,actual,59,3
structured_joint_turnover_100x32,2023,top1,actual,60,4
structured_joint_turnover_100x32,2023,top1,predicted,59,242
structured_joint_turnover_100x32,2023,top10,actual,2,388
structured_joint_turnover_100x32,2023,top10,actual,3,152
structured_joint_turnover_100x32,2023,top10,actual,4,95
structured_joint_turnover_100x32,2023,top10,actual,5,84
structured_joint_turnover_100x32,2023,top10,actual,6,72
structured_joint_turnover_100x32,2023,top10,actual,7,59
structured_joint_turnover_100x32,2023,top10,actual,8,53
structured_joint_turnover_100x32,2023,top10,actual,9,49
structured_joint_turnover_100x32,2023,top10,actual,10,46
structured_joint_turnover_100x32,2023,top10,actual,11,42
structured_joint_turnover_100x32,2023,top10,actual,12,49
structured_joint_turnover_100x32,2023,top10,actual,13,43
structured_joint_turnover_100x32,2023,top10,actual,14,41
structured_joint_turnover_100x32,2023,top10,actual,15,35
structured_joint_turnover_100x32,2023,top10,actual,16,35
structured_joint_turnover_100x32,2023,top10,actual,17,34
structured_joint_turnover_100x32,2023,top10,actual,18,40
structured_joint_turnover_100x32,2023,top10,actual,19,41
structured_joint_turnover_100x32,2023,top10,actual,20,48
structured_joint_turnover_100x32,2023,top10,actual,21,41
structured_joint_turnover_100x32,2023,top10,actual,22,38
structured_joint_turnover_100x32,2023,top10,actual,23,36
structured_joint_turnover_100x32,2023,top10,actual,24,38
structured_joint_turnover_100x32,2023,top10,actual,25,40
structured_joint_turnover_100x32,2023,top10,actual,26,35
structured_joint_turnover_100x32,2023,top10,actual,27,29
structured_joint_turnover_100x32,2023,top10,actual,28,30
structured_joint_turnover_100x32,2023,top10,actual,29,30
structured_joint_turnover_100x32,2023,top10,actual,30,29
structured_joint_turnover_100x32,2023,top10,actual,31,24
structured_joint_turnover_100x32,2023,top10,actual,32,22
structured_joint_turnover_100x32,2023,top10,actual,33,19
structured_joint_turnover_100x32,2023,top10,actual,34,24
structured_joint_turnover_100x32,2023,top10,actual,35,21
structured_joint_turnover_100x32,2023,top10,actual,36,18
structured_joint_turnover_100x32,2023,top10,actual,37,12
structured_joint_turnover_100x32,2023,top10,actual,38,18
structured_joint_turnover_100x32,2023,top10,actual,39,15
structured_joint_turnover_100x32,2023,top10,actual,40,17
structured_joint_turnover_100x32,2023,top10,actual,41,16
structured_joint_turnover_100x32,2023,top10,actual,42,15
structured_joint_turnover_100x32,2023,top10,actual,43,17
structured_joint_turnover_100x32,2023,top10,actual,44,15
structured_joint_turnover_100x32,2023,top10,actual,45,16
structured_joint_turnover_100x32,2023,top10,actual,46,18
structured_joint_turnover_100x32,2023,top10,actual,47,23
structured_joint_turnover_100x32,2023,top10,actual,48,24
structured_joint_turnover_100x32,2023,top10,actual,49,14
structured_joint_turnover_100x32,2023,top10,actual,50,22
structured_joint_turnover_100x32,2023,top10,actual,51,21
structured_joint_turnover_100x32,2023,top10,actual,52,24
structured_joint_turnover_100x32,2023,top10,actual,53,24
structured_joint_turnover_100x32,2023,top10,actual,54,24
structured_joint_turnover_100x32,2023,top10,actual,55,35
structured_joint_turnover_100x32,2023,top10,actual,56,31
structured_joint_turnover_100x32,2023,top10,actual,57,28
structured_joint_turnover_100x32,2023,top10,actual,58,30
structured_joint_turnover_100x32,2023,top10,actual,59,31
structured_joint_turnover_100x32,2023,top10,actual,60,50
structured_joint_turnover_100x32,2023,top10,predicted,59,2420
structured_joint_turnover_100x32,2023,top2,actual,2,58
structured_joint_turnover_100x32,2023,top2,actual,3,34
structured_joint_turnover_100x32,2023,top2,actual,4,15
structured_joint_turnover_100x32,2023,top2,actual,5,13
structured_joint_turnover_100x32,2023,top2,actual,6,10
structured_joint_turnover_100x32,2023,top2,actual,7,9
structured_joint_turnover_100x32,2023,top2,actual,8,8
structured_joint_turnover_100x32,2023,top2,actual,9,9
structured_joint_turnover_100x32,2023,top2,actual,10,7
structured_joint_turnover_100x32,2023,top2,actual,11,7
structured_joint_turnover_100x32,2023,top2,actual,12,8
structured_joint_turnover_100x32,2023,top2,actual,13,11
structured_joint_turnover_100x32,2023,top2,actual,14,14
structured_joint_turnover_100x32,2023,top2,actual,15,11
structured_joint_turnover_100x32,2023,top2,actual,16,12
structured_joint_turnover_100x32,2023,top2,actual,17,9
structured_joint_turnover_100x32,2023,top2,actual,18,8
structured_joint_turnover_100x32,2023,top2,actual,19,12
structured_joint_turnover_100x32,2023,top2,actual,20,11
structured_joint_turnover_100x32,2023,top2,actual,21,11
structured_joint_turnover_100x32,2023,top2,actual,22,6
structured_joint_turnover_100x32,2023,top2,actual,23,12
structured_joint_turnover_100x32,2023,top2,actual,24,13
structured_joint_turnover_100x32,2023,top2,actual,25,9
structured_joint_turnover_100x32,2023,top2,actual,26,7
structured_joint_turnover_100x32,2023,top2,actual,27,7
structured_joint_turnover_100x32,2023,top2,actual,28,6
structured_joint_turnover_100x32,2023,top2,actual,29,4
structured_joint_turnover_100x32,2023,top2,actual,30,3
structured_joint_turnover_100x32,2023,top2,actual,31,1
structured_joint_turnover_100x32,2023,top2,actual,32,3
structured_joint_turnover_100x32,2023,top2,actual,33,4
structured_joint_turnover_100x32,2023,top2,actual,34,3
structured_joint_turnover_100x32,2023,top2,actual,35,5
structured_joint_turnover_100x32,2023,top2,actual,36,5
structured_joint_turnover_100x32,2023,top2,actual,37,3
structured_joint_turnover_100x32,2023,top2,actual,38,4
structured_joint_turnover_100x32,2023,top2,actual,39,3
structured_joint_turnover_100x32,2023,top2,actual,40,6
structured_joint_turnover_100x32,2023,top2,actual,41,2
structured_joint_turnover_100x32,2023,top2,actual,42,5
structured_joint_turnover_100x32,2023,top2,actual,43,5
structured_joint_turnover_100x32,2023,top2,actual,44,5
structured_joint_turnover_100x32,2023,top2,actual,45,3
structured_joint_turnover_100x32,2023,top2,actual,46,3
structured_joint_turnover_100x32,2023,top2,actual,47,5
structured_joint_turnover_100x32,2023,top2,actual,48,5
structured_joint_turnover_100x32,2023,top2,actual,49,3
structured_joint_turnover_100x32,2023,top2,actual,50,5
structured_joint_turnover_100x32,2023,top2,actual,51,3
structured_joint_turnover_100x32,2023,top2,actual,52,5
structured_joint_turnover_100x32,2023,top2,actual,53,5
structured_joint_turnover_100x32,2023,top2,actual,54,6
structured_joint_turnover_100x32,2023,top2,actual,55,10
structured_joint_turnover_100x32,2023,top2,actual,56,10
structured_joint_turnover_100x32,2023,top2,actual,57,5
structured_joint_turnover_100x32,2023,top2,actual,58,4
structured_joint_turnover_100x32,2023,top2,actual,59,4
structured_joint_turnover_100x32,2023,top2,actual,60,10
structured_joint_turnover_100x32,2023,top2,predicted,59,484
structured_joint_turnover_100x32,2023,top3,actual,2,104
structured_joint_turnover_100x32,2023,top3,actual,3,49
structured_joint_turnover_100x32,2023,top3,actual,4,19
structured_joint_turnover_100x32,2023,top3,actual,5,17
structured_joint_turnover_100x32,2023,top3,actual,6,13
structured_joint_turnover_100x32,2023,top3,actual,7,13
structured_joint_turnover_100x32,2023,top3,actual,8,10
structured_joint_turnover_100x32,2023,top3,actual,9,12
structured_joint_turnover_100x32,2023,top3,actual,10,14
structured_joint_turnover_100x32,2023,top3,actual,11,10
structured_joint_turnover_100x32,2023,top3,actual,12,13
structured_joint_turnover_100x32,2023,top3,actual,13,18
structured_joint_turnover_100x32,2023,top3,actual,14,18
structured_joint_turnover_100x32,2023,top3,actual,15,16
structured_joint_turnover_100x32,2023,top3,actual,16,15
structured_joint_turnover_100x32,2023,top3,actual,17,11
structured_joint_turnover_100x32,2023,top3,actual,18,14
structured_joint_turnover_100x32,2023,top3,actual,19,17
structured_joint_turnover_100x32,2023,top3,actual,20,19
structured_joint_turnover_100x32,2023,top3,actual,21,14
structured_joint_turnover_100x32,2023,top3,actual,22,11
structured_joint_turnover_100x32,2023,top3,actual,23,17
structured_joint_turnover_100x32,2023,top3,actual,24,15
structured_joint_turnover_100x32,2023,top3,actual,25,11
structured_joint_turnover_100x32,2023,top3,actual,26,10
structured_joint_turnover_100x32,2023,top3,actual,27,11
structured_joint_turnover_100x32,2023,top3,actual,28,8
structured_joint_turnover_100x32,2023,top3,actual,29,4
structured_joint_turnover_100x32,2023,top3,actual,30,6
structured_joint_turnover_100x32,2023,top3,actual,31,3
structured_joint_turnover_100x32,2023,top3,actual,32,6
structured_joint_turnover_100x32,2023,top3,actual,33,6
structured_joint_turnover_100x32,2023,top3,actual,34,7
structured_joint_turnover_100x32,2023,top3,actual,35,6
structured_joint_turnover_100x32,2023,top3,actual,36,8
structured_joint_turnover_100x32,2023,top3,actual,37,7
structured_joint_turnover_100x32,2023,top3,actual,38,5
structured_joint_turnover_100x32,2023,top3,actual,39,5
structured_joint_turnover_100x32,2023,top3,actual,40,6
structured_joint_turnover_100x32,2023,top3,actual,41,4
structured_joint_turnover_100x32,2023,top3,actual,42,5
structured_joint_turnover_100x32,2023,top3,actual,43,7
structured_joint_turnover_100x32,2023,top3,actual,44,7
structured_joint_turnover_100x32,2023,top3,actual,45,6
structured_joint_turnover_100x32,2023,top3,actual,46,6
structured_joint_turnover_100x32,2023,top3,actual,47,9
structured_joint_turnover_100x32,2023,top3,actual,48,6
structured_joint_turnover_100x32,2023,top3,actual,49,6
structured_joint_turnover_100x32,2023,top3,actual,50,6
structured_joint_turnover_100x32,2023,top3,actual,51,5
structured_joint_turnover_100x32,2023,top3,actual,52,9
structured_joint_turnover_100x32,2023,top3,actual,53,9
structured_joint_turnover_100x32,2023,top3,actual,54,10
structured_joint_turnover_100x32,2023,top3,actual,55,12
structured_joint_turnover_100x32,2023,top3,actual,56,13
structured_joint_turnover_100x32,2023,top3,actual,57,11
structured_joint_turnover_100x32,2023,top3,actual,58,6
structured_joint_turnover_100x32,2023,top3,actual,59,9
structured_joint_turnover_100x32,2023,top3,actual,60,12
structured_joint_turnover_100x32,2023,top3,predicted,59,726
structured_joint_turnover_100x32,2023,universe,actual,2,154458
structured_joint_turnover_100x32,2023,universe,actual,3,55527
structured_joint_turnover_100x32,2023,universe,actual,4,35770
structured_joint_turnover_100x32,2023,universe,actual,5,26645
structured_joint_turnover_100x32,2023,universe,actual,6,21669
structured_joint_turnover_100x32,2023,universe,actual,7,18721
structured_joint_turnover_100x32,2023,universe,actual,8,16549
structured_joint_turnover_100x32,2023,universe,actual,9,14973
structured_joint_turnover_100x32,2023,universe,actual,10,13564
structured_joint_turnover_100x32,2023,universe,actual,11,12566
structured_joint_turnover_100x32,2023,universe,actual,12,11729
structured_joint_turnover_100x32,2023,universe,actual,13,10951
structured_joint_turnover_100x32,2023,universe,actual,14,10217
structured_joint_turnover_100x32,2023,universe,actual,15,9650
structured_joint_turnover_100x32,2023,universe,actual,16,9285
structured_joint_turnover_100x32,2023,universe,actual,17,8783
structured_joint_turnover_100x32,2023,universe,actual,18,8401
structured_joint_turnover_100x32,2023,universe,actual,19,8126
structured_joint_turnover_100x32,2023,universe,actual,20,7931
structured_joint_turnover_100x32,2023,universe,actual,21,7684
structured_joint_turnover_100x32,2023,universe,actual,22,7487
structured_joint_turnover_100x32,2023,universe,actual,23,7269
structured_joint_turnover_100x32,2023,universe,actual,24,7043
structured_joint_turnover_100x32,2023,universe,actual,25,6867
structured_joint_turnover_100x32,2023,universe,actual,26,6595
structured_joint_turnover_100x32,2023,universe,actual,27,6385
structured_joint_turnover_100x32,2023,universe,actual,28,6243
structured_joint_turnover_100x32,2023,universe,actual,29,6079
structured_joint_turnover_100x32,2023,universe,actual,30,5940
structured_joint_turnover_100x32,2023,universe,actual,31,5800
structured_joint_turnover_100x32,2023,universe,actual,32,5656
structured_joint_turnover_100x32,2023,universe,actual,33,5596
structured_joint_turnover_100x32,2023,universe,actual,34,5511
structured_joint_turnover_100x32,2023,universe,actual,35,5456
structured_joint_turnover_100x32,2023,universe,actual,36,5366
structured_joint_turnover_100x32,2023,universe,actual,37,5309
structured_joint_turnover_100x32,2023,universe,actual,38,5236
structured_joint_turnover_100x32,2023,universe,actual,39,5176
structured_joint_turnover_100x32,2023,universe,actual,40,5104
structured_joint_turnover_100x32,2023,universe,actual,41,5030
structured_joint_turnover_100x32,2023,universe,actual,42,5019
structured_joint_turnover_100x32,2023,universe,actual,43,5023
structured_joint_turnover_100x32,2023,universe,actual,44,5077
structured_joint_turnover_100x32,2023,universe,actual,45,5069
structured_joint_turnover_100x32,2023,universe,actual,46,5144
structured_joint_turnover_100x32,2023,universe,actual,47,5152
structured_joint_turnover_100x32,2023,universe,actual,48,5215
structured_joint_turnover_100x32,2023,universe,actual,49,5267
structured_joint_turnover_100x32,2023,universe,actual,50,5293
structured_joint_turnover_100x32,2023,universe,actual,51,5361
structured_joint_turnover_100x32,2023,universe,actual,52,5492
structured_joint_turnover_100x32,2023,universe,actual,53,5613
structured_joint_turnover_100x32,2023,universe,actual,54,5799
structured_joint_turnover_100x32,2023,universe,actual,55,6029
structured_joint_turnover_100x32,2023,universe,actual,56,6372
structured_joint_turnover_100x32,2023,universe,actual,57,6926
structured_joint_turnover_100x32,2023,universe,actual,58,7748
structured_joint_turnover_100x32,2023,universe,actual,59,9364
structured_joint_turnover_100x32,2023,universe,actual,60,16002
structured_joint_turnover_100x32,2023,universe,predicted,2,168101
structured_joint_turnover_100x32,2023,universe,predicted,58,4
structured_joint_turnover_100x32,2023,universe,predicted,59,535363
structured_joint_turnover_100x32,2024,top1,actual,2,24
structured_joint_turnover_100x32,2024,top1,actual,3,9
structured_joint_turnover_100x32,2024,top1,actual,4,5
structured_joint_turnover_100x32,2024,top1,actual,5,7
structured_joint_turnover_100x32,2024,top1,actual,6,4
structured_joint_turnover_100x32,2024,top1,actual,7,3
structured_joint_turnover_100x32,2024,top1,actual,8,3
structured_joint_turnover_100x32,2024,top1,actual,9,3
structured_joint_turnover_100x32,2024,top1,actual,10,4
structured_joint_turnover_100x32,2024,top1,actual,11,8
structured_joint_turnover_100x32,2024,top1,actual,12,6
structured_joint_turnover_100x32,2024,top1,actual,13,6
structured_joint_turnover_100x32,2024,top1,actual,14,5
structured_joint_turnover_100x32,2024,top1,actual,15,5
structured_joint_turnover_100x32,2024,top1,actual,16,5
structured_joint_turnover_100x32,2024,top1,actual,17,2
structured_joint_turnover_100x32,2024,top1,actual,18,2
structured_joint_turnover_100x32,2024,top1,actual,19,1
structured_joint_turnover_100x32,2024,top1,actual,20,3
structured_joint_turnover_100x32,2024,top1,actual,21,3
structured_joint_turnover_100x32,2024,top1,actual,22,2
structured_joint_turnover_100x32,2024,top1,actual,23,1
structured_joint_turnover_100x32,2024,top1,actual,24,5
structured_joint_turnover_100x32,2024,top1,actual,25,3
structured_joint_turnover_100x32,2024,top1,actual,26,3
structured_joint_turnover_100x32,2024,top1,actual,27,5
structured_joint_turnover_100x32,2024,top1,actual,28,4
structured_joint_turnover_100x32,2024,top1,actual,29,5
structured_joint_turnover_100x32,2024,top1,actual,30,4
structured_joint_turnover_100x32,2024,top1,actual,31,2
structured_joint_turnover_100x32,2024,top1,actual,32,3
structured_joint_turnover_100x32,2024,top1,actual,33,5
structured_joint_turnover_100x32,2024,top1,actual,34,3
structured_joint_turnover_100x32,2024,top1,actual,35,1
structured_joint_turnover_100x32,2024,top1,actual,36,2
structured_joint_turnover_100x32,2024,top1,actual,37,2
structured_joint_turnover_100x32,2024,top1,actual,38,1
structured_joint_turnover_100x32,2024,top1,actual,39,2
structured_joint_turnover_100x32,2024,top1,actual,40,2
structured_joint_turnover_100x32,2024,top1,actual,41,3
structured_joint_turnover_100x32,2024,top1,actual,42,1
structured_joint_turnover_100x32,2024,top1,actual,43,1
structured_joint_turnover_100x32,2024,top1,actual,44,3
structured_joint_turnover_100x32,2024,top1,actual,45,3
structured_joint_turnover_100x32,2024,top1,actual,46,3
structured_joint_turnover_100x32,2024,top1,actual,47,2
structured_joint_turnover_100x32,2024,top1,actual,48,3
structured_joint_turnover_100x32,2024,top1,actual,49,1
structured_joint_turnover_100x32,2024,top1,actual,50,2
structured_joint_turnover_100x32,2024,top1,actual,51,2
structured_joint_turnover_100x32,2024,top1,actual,52,4
structured_joint_turnover_100x32,2024,top1,actual,53,5
structured_joint_turnover_100x32,2024,top1,actual,54,5
structured_joint_turnover_100x32,2024,top1,actual,55,4
structured_joint_turnover_100x32,2024,top1,actual,56,3
structured_joint_turnover_100x32,2024,top1,actual,57,5
structured_joint_turnover_100x32,2024,top1,actual,58,6
structured_joint_turnover_100x32,2024,top1,actual,59,6
structured_joint_turnover_100x32,2024,top1,actual,60,17
structured_joint_turnover_100x32,2024,top1,predicted,22,1
structured_joint_turnover_100x32,2024,top1,predicted,23,10
structured_joint_turnover_100x32,2024,top1,predicted,27,20
structured_joint_turnover_100x32,2024,top1,predicted,30,1
structured_joint_turnover_100x32,2024,top1,predicted,42,54
structured_joint_turnover_100x32,2024,top1,predicted,43,146
structured_joint_turnover_100x32,2024,top1,predicted,58,10
structured_joint_turnover_100x32,2024,top10,actual,2,277
structured_joint_turnover_100x32,2024,top10,actual,3,110
structured_joint_turnover_100x32,2024,top10,actual,4,91
structured_joint_turnover_100x32,2024,top10,actual,5,70
structured_joint_turnover_100x32,2024,top10,actual,6,63
structured_joint_turnover_100x32,2024,top10,actual,7,52
structured_joint_turnover_100x32,2024,top10,actual,8,48
structured_joint_turnover_100x32,2024,top10,actual,9,37
structured_joint_turnover_100x32,2024,top10,actual,10,36
structured_joint_turnover_100x32,2024,top10,actual,11,42
structured_joint_turnover_100x32,2024,top10,actual,12,35
structured_joint_turnover_100x32,2024,top10,actual,13,33
structured_joint_turnover_100x32,2024,top10,actual,14,35
structured_joint_turnover_100x32,2024,top10,actual,15,32
structured_joint_turnover_100x32,2024,top10,actual,16,28
structured_joint_turnover_100x32,2024,top10,actual,17,34
structured_joint_turnover_100x32,2024,top10,actual,18,29
structured_joint_turnover_100x32,2024,top10,actual,19,28
structured_joint_turnover_100x32,2024,top10,actual,20,20
structured_joint_turnover_100x32,2024,top10,actual,21,21
structured_joint_turnover_100x32,2024,top10,actual,22,22
structured_joint_turnover_100x32,2024,top10,actual,23,24
structured_joint_turnover_100x32,2024,top10,actual,24,33
structured_joint_turnover_100x32,2024,top10,actual,25,32
structured_joint_turnover_100x32,2024,top10,actual,26,30
structured_joint_turnover_100x32,2024,top10,actual,27,35
structured_joint_turnover_100x32,2024,top10,actual,28,35
structured_joint_turnover_100x32,2024,top10,actual,29,30
structured_joint_turnover_100x32,2024,top10,actual,30,33
structured_joint_turnover_100x32,2024,top10,actual,31,31
structured_joint_turnover_100x32,2024,top10,actual,32,30
structured_joint_turnover_100x32,2024,top10,actual,33,25
structured_joint_turnover_100x32,2024,top10,actual,34,21
structured_joint_turnover_100x32,2024,top10,actual,35,25
structured_joint_turnover_100x32,2024,top10,actual,36,23
structured_joint_turnover_100x32,2024,top10,actual,37,20
structured_joint_turnover_100x32,2024,top10,actual,38,22
structured_joint_turnover_100x32,2024,top10,actual,39,21
structured_joint_turnover_100x32,2024,top10,actual,40,16
structured_joint_turnover_100x32,2024,top10,actual,41,19
structured_joint_turnover_100x32,2024,top10,actual,42,20
structured_joint_turnover_100x32,2024,top10,actual,43,24
structured_joint_turnover_100x32,2024,top10,actual,44,29
structured_joint_turnover_100x32,2024,top10,actual,45,25
structured_joint_turnover_100x32,2024,top10,actual,46,23
structured_joint_turnover_100x32,2024,top10,actual,47,20
structured_joint_turnover_100x32,2024,top10,actual,48,28
structured_joint_turnover_100x32,2024,top10,actual,49,26
structured_joint_turnover_100x32,2024,top10,actual,50,29
structured_joint_turnover_100x32,2024,top10,actual,51,33
structured_joint_turnover_100x32,2024,top10,actual,52,40
structured_joint_turnover_100x32,2024,top10,actual,53,44
structured_joint_turnover_100x32,2024,top10,actual,54,35
structured_joint_turnover_100x32,2024,top10,actual,55,38
structured_joint_turnover_100x32,2024,top10,actual,56,35
structured_joint_turnover_100x32,2024,top10,actual,57,47
structured_joint_turnover_100x32,2024,top10,actual,58,52
structured_joint_turnover_100x32,2024,top10,actual,59,65
structured_joint_turnover_100x32,2024,top10,actual,60,159
structured_joint_turnover_100x32,2024,top10,predicted,22,46
structured_joint_turnover_100x32,2024,top10,predicted,23,434
structured_joint_turnover_100x32,2024,top10,predicted,26,11
structured_joint_turnover_100x32,2024,top10,predicted,27,256
structured_joint_turnover_100x32,2024,top10,predicted,30,3
structured_joint_turnover_100x32,2024,top10,predicted,32,1
structured_joint_turnover_100x32,2024,top10,predicted,42,437
structured_joint_turnover_100x32,2024,top10,predicted,43,1168
structured_joint_turnover_100x32,2024,top10,predicted,58,64
structured_joint_turnover_100x32,2024,top2,actual,2,48
structured_joint_turnover_100x32,2024,top2,actual,3,24
structured_joint_turnover_100x32,2024,top2,actual,4,11
structured_joint_turnover_100x32,2024,top2,actual,5,11
structured_joint_turnover_100x32,2024,top2,actual,6,13
structured_joint_turnover_100x32,2024,top2,actual,7,10
structured_joint_turnover_100x32,2024,top2,actual,8,5
structured_joint_turnover_100x32,2024,top2,actual,9,9
structured_joint_turnover_100x32,2024,top2,actual,10,10
structured_joint_turnover_100x32,2024,top2,actual,11,10
structured_joint_turnover_100x32,2024,top2,actual,12,10
structured_joint_turnover_100x32,2024,top2,actual,13,9
structured_joint_turnover_100x32,2024,top2,actual,14,7
structured_joint_turnover_100x32,2024,top2,actual,15,7
structured_joint_turnover_100x32,2024,top2,actual,16,8
structured_joint_turnover_100x32,2024,top2,actual,17,6
structured_joint_turnover_100x32,2024,top2,actual,18,4
structured_joint_turnover_100x32,2024,top2,actual,19,3
structured_joint_turnover_100x32,2024,top2,actual,20,5
structured_joint_turnover_100x32,2024,top2,actual,21,4
structured_joint_turnover_100x32,2024,top2,actual,22,9
structured_joint_turnover_100x32,2024,top2,actual,23,5
structured_joint_turnover_100x32,2024,top2,actual,24,7
structured_joint_turnover_100x32,2024,top2,actual,25,8
structured_joint_turnover_100x32,2024,top2,actual,26,6
structured_joint_turnover_100x32,2024,top2,actual,27,8
structured_joint_turnover_100x32,2024,top2,actual,28,8
structured_joint_turnover_100x32,2024,top2,actual,29,9
structured_joint_turnover_100x32,2024,top2,actual,30,8
structured_joint_turnover_100x32,2024,top2,actual,31,5
structured_joint_turnover_100x32,2024,top2,actual,32,7
structured_joint_turnover_100x32,2024,top2,actual,33,8
structured_joint_turnover_100x32,2024,top2,actual,34,4
structured_joint_turnover_100x32,2024,top2,actual,35,3
structured_joint_turnover_100x32,2024,top2,actual,36,3
structured_joint_turnover_100x32,2024,top2,actual,37,4
structured_joint_turnover_100x32,2024,top2,actual,38,4
structured_joint_turnover_100x32,2024,top2,actual,39,4
structured_joint_turnover_100x32,2024,top2,actual,40,4
structured_joint_turnover_100x32,2024,top2,actual,41,6
structured_joint_turnover_100x32,2024,top2,actual,42,4
structured_joint_turnover_100x32,2024,top2,actual,43,6
structured_joint_turnover_100x32,2024,top2,actual,44,6
structured_joint_turnover_100x32,2024,top2,actual,45,4
structured_joint_turnover_100x32,2024,top2,actual,46,4
structured_joint_turnover_100x32,2024,top2,actual,47,3
structured_joint_turnover_100x32,2024,top2,actual,48,6
structured_joint_turnover_100x32,2024,top2,actual,49,3
structured_joint_turnover_100x32,2024,top2,actual,50,6
structured_joint_turnover_100x32,2024,top2,actual,51,3
structured_joint_turnover_100x32,2024,top2,actual,52,4
structured_joint_turnover_100x32,2024,top2,actual,53,11
structured_joint_turnover_100x32,2024,top2,actual,54,11
structured_joint_turnover_100x32,2024,top2,actual,55,8
structured_joint_turnover_100x32,2024,top2,actual,56,6
structured_joint_turnover_100x32,2024,top2,actual,57,10
structured_joint_turnover_100x32,2024,top2,actual,58,11
structured_joint_turnover_100x32,2024,top2,actual,59,10
structured_joint_turnover_100x32,2024,top2,actual,60,34
structured_joint_turnover_100x32,2024,top2,predicted,22,2
structured_joint_turnover_100x32,2024,top2,predicted,23,31
structured_joint_turnover_100x32,2024,top2,predicted,27,47
structured_joint_turnover_100x32,2024,top2,predicted,30,1
structured_joint_turnover_100x32,2024,top2,predicted,42,105
structured_joint_turnover_100x32,2024,top2,predicted,43,280
structured_joint_turnover_100x32,2024,top2,predicted,58,18
structured_joint_turnover_100x32,2024,top3,actual,2,73
structured_joint_turnover_100x32,2024,top3,actual,3,32
structured_joint_turnover_100x32,2024,top3,actual,4,19
structured_joint_turnover_100x32,2024,top3,actual,5,16
structured_joint_turnover_100x32,2024,top3,actual,6,17
structured_joint_turnover_100x32,2024,top3,actual,7,16
structured_joint_turnover_100x32,2024,top3,actual,8,9
structured_joint_turnover_100x32,2024,top3,actual,9,10
structured_joint_turnover_100x32,2024,top3,actual,10,12
structured_joint_turnover_100x32,2024,top3,actual,11,11
structured_joint_turnover_100x32,2024,top3,actual,12,11
structured_joint_turnover_100x32,2024,top3,actual,13,10
structured_joint_turnover_100x32,2024,top3,actual,14,12
structured_joint_turnover_100x32,2024,top3,actual,15,9
structured_joint_turnover_100x32,2024,top3,actual,16,11
structured_joint_turnover_100x32,2024,top3,actual,17,9
structured_joint_turnover_100x32,2024,top3,actual,18,9
structured_joint_turnover_100x32,2024,top3,actual,19,10
structured_joint_turnover_100x32,2024,top3,actual,20,7
structured_joint_turnover_100x32,2024,top3,actual,21,7
structured_joint_turnover_100x32,2024,top3,actual,22,14
structured_joint_turnover_100x32,2024,top3,actual,23,8
structured_joint_turnover_100x32,2024,top3,actual,24,12
structured_joint_turnover_100x32,2024,top3,actual,25,13
structured_joint_turnover_100x32,2024,top3,actual,26,10
structured_joint_turnover_100x32,2024,top3,actual,27,10
structured_joint_turnover_100x32,2024,top3,actual,28,9
structured_joint_turnover_100x32,2024,top3,actual,29,11
structured_joint_turnover_100x32,2024,top3,actual,30,13
structured_joint_turnover_100x32,2024,top3,actual,31,13
structured_joint_turnover_100x32,2024,top3,actual,32,8
structured_joint_turnover_100x32,2024,top3,actual,33,11
structured_joint_turnover_100x32,2024,top3,actual,34,8
structured_joint_turnover_100x32,2024,top3,actual,35,8
structured_joint_turnover_100x32,2024,top3,actual,36,3
structured_joint_turnover_100x32,2024,top3,actual,37,6
structured_joint_turnover_100x32,2024,top3,actual,38,5
structured_joint_turnover_100x32,2024,top3,actual,39,8
structured_joint_turnover_100x32,2024,top3,actual,40,7
structured_joint_turnover_100x32,2024,top3,actual,41,6
structured_joint_turnover_100x32,2024,top3,actual,42,7
structured_joint_turnover_100x32,2024,top3,actual,43,11
structured_joint_turnover_100x32,2024,top3,actual,44,10
structured_joint_turnover_100x32,2024,top3,actual,45,7
structured_joint_turnover_100x32,2024,top3,actual,46,7
structured_joint_turnover_100x32,2024,top3,actual,47,5
structured_joint_turnover_100x32,2024,top3,actual,48,8
structured_joint_turnover_100x32,2024,top3,actual,49,7
structured_joint_turnover_100x32,2024,top3,actual,50,8
structured_joint_turnover_100x32,2024,top3,actual,51,11
structured_joint_turnover_100x32,2024,top3,actual,52,11
structured_joint_turnover_100x32,2024,top3,actual,53,14
structured_joint_turnover_100x32,2024,top3,actual,54,14
structured_joint_turnover_100x32,2024,top3,actual,55,14
structured_joint_turnover_100x32,2024,top3,actual,56,9
structured_joint_turnover_100x32,2024,top3,actual,57,14
structured_joint_turnover_100x32,2024,top3,actual,58,14
structured_joint_turnover_100x32,2024,top3,actual,59,13
structured_joint_turnover_100x32,2024,top3,actual,60,49
structured_joint_turnover_100x32,2024,top3,predicted,22,2
structured_joint_turnover_100x32,2024,top3,predicted,23,63
structured_joint_turnover_100x32,2024,top3,predicted,26,1
structured_joint_turnover_100x32,2024,top3,predicted,27,68
structured_joint_turnover_100x32,2024,top3,predicted,30,1
structured_joint_turnover_100x32,2024,top3,predicted,42,156
structured_joint_turnover_100x32,2024,top3,predicted,43,407
structured_joint_turnover_100x32,2024,top3,predicted,58,28
structured_joint_turnover_100x32,2024,universe,actual,2,127300
structured_joint_turnover_100x32,2024,universe,actual,3,44755
structured_joint_turnover_100x32,2024,universe,actual,4,28386
structured_joint_turnover_100x32,2024,universe,actual,5,22410
structured_joint_turnover_100x32,2024,universe,actual,6,18035
structured_joint_turnover_100x32,2024,universe,actual,7,15318
structured_joint_turnover_100x32,2024,universe,actual,8,13530
structured_joint_turnover_100x32,2024,universe,actual,9,12072
structured_joint_turnover_100x32,2024,universe,actual,10,10931
structured_joint_turnover_100x32,2024,universe,actual,11,10301
structured_joint_turnover_100x32,2024,universe,actual,12,9852
structured_joint_turnover_100x32,2024,universe,actual,13,9454
structured_joint_turnover_100x32,2024,universe,actual,14,9145
structured_joint_turnover_100x32,2024,universe,actual,15,8768
structured_joint_turnover_100x32,2024,universe,actual,16,8392
structured_joint_turnover_100x32,2024,universe,actual,17,8103
structured_joint_turnover_100x32,2024,universe,actual,18,7897
structured_joint_turnover_100x32,2024,universe,actual,19,7609
structured_joint_turnover_100x32,2024,universe,actual,20,7496
structured_joint_turnover_100x32,2024,universe,actual,21,7413
structured_joint_turnover_100x32,2024,universe,actual,22,7325
structured_joint_turnover_100x32,2024,universe,actual,23,7100
structured_joint_turnover_100x32,2024,universe,actual,24,6976
structured_joint_turnover_100x32,2024,universe,actual,25,6907
structured_joint_turnover_100x32,2024,universe,actual,26,6834
structured_joint_turnover_100x32,2024,universe,actual,27,6781
structured_joint_turnover_100x32,2024,universe,actual,28,6699
structured_joint_turnover_100x32,2024,universe,actual,29,6688
structured_joint_turnover_100x32,2024,universe,actual,30,6581
structured_joint_turnover_100x32,2024,universe,actual,31,6498
structured_joint_turnover_100x32,2024,universe,actual,32,6456
structured_joint_turnover_100x32,2024,universe,actual,33,6368
structured_joint_turnover_100x32,2024,universe,actual,34,6390
structured_joint_turnover_100x32,2024,universe,actual,35,6393
structured_joint_turnover_100x32,2024,universe,actual,36,6404
structured_joint_turnover_100x32,2024,universe,actual,37,6549
structured_joint_turnover_100x32,2024,universe,actual,38,6593
structured_joint_turnover_100x32,2024,universe,actual,39,6728
structured_joint_turnover_100x32,2024,universe,actual,40,6829
structured_joint_turnover_100x32,2024,universe,actual,41,6897
structured_joint_turnover_100x32,2024,universe,actual,42,6920
structured_joint_turnover_100x32,2024,universe,actual,43,7040
structured_joint_turnover_100x32,2024,universe,actual,44,7207
structured_joint_turnover_100x32,2024,universe,actual,45,7363
structured_joint_turnover_100x32,2024,universe,actual,46,7542
structured_joint_turnover_100x32,2024,universe,actual,47,7905
structured_joint_turnover_100x32,2024,universe,actual,48,8156
structured_joint_turnover_100x32,2024,universe,actual,49,8248
structured_joint_turnover_100x32,2024,universe,actual,50,8477
structured_joint_turnover_100x32,2024,universe,actual,51,8621
structured_joint_turnover_100x32,2024,universe,actual,52,8893
structured_joint_turnover_100x32,2024,universe,actual,53,9246
structured_joint_turnover_100x32,2024,universe,actual,54,9675
structured_joint_turnover_100x32,2024,universe,actual,55,10044
structured_joint_turnover_100x32,2024,universe,actual,56,10559
structured_joint_turnover_100x32,2024,universe,actual,57,11294
structured_joint_turnover_100x32,2024,universe,actual,58,12651
structured_joint_turnover_100x32,2024,universe,actual,59,15364
structured_joint_turnover_100x32,2024,universe,actual,60,29349
structured_joint_turnover_100x32,2024,universe,predicted,2,314594
structured_joint_turnover_100x32,2024,universe,predicted,3,35568
structured_joint_turnover_100x32,2024,universe,predicted,4,35856
structured_joint_turnover_100x32,2024,universe,predicted,5,5034
structured_joint_turnover_100x32,2024,universe,predicted,6,2298
structured_joint_turnover_100x32,2024,universe,predicted,7,1396
structured_joint_turnover_100x32,2024,universe,predicted,8,18765
structured_joint_turnover_100x32,2024,universe,predicted,9,6557
structured_joint_turnover_100x32,2024,universe,predicted,10,1722
structured_joint_turnover_100x32,2024,universe,predicted,11,957
structured_joint_turnover_100x32,2024,universe,predicted,12,984
structured_joint_turnover_100x32,2024,universe,predicted,13,29065
structured_joint_turnover_100x32,2024,universe,predicted,14,45018
structured_joint_turnover_100x32,2024,universe,predicted,15,14032
structured_joint_turnover_100x32,2024,universe,predicted,16,1211
structured_joint_turnover_100x32,2024,universe,predicted,17,10898
structured_joint_turnover_100x32,2024,universe,predicted,18,30651
structured_joint_turnover_100x32,2024,universe,predicted,19,695
structured_joint_turnover_100x32,2024,universe,predicted,21,6
structured_joint_turnover_100x32,2024,universe,predicted,22,49597
structured_joint_turnover_100x32,2024,universe,predicted,23,89547
structured_joint_turnover_100x32,2024,universe,predicted,24,5
structured_joint_turnover_100x32,2024,universe,predicted,26,1291
structured_joint_turnover_100x32,2024,universe,predicted,27,2508
structured_joint_turnover_100x32,2024,universe,predicted,28,3
structured_joint_turnover_100x32,2024,universe,predicted,30,3
structured_joint_turnover_100x32,2024,universe,predicted,32,1
structured_joint_turnover_100x32,2024,universe,predicted,42,4141
structured_joint_turnover_100x32,2024,universe,predicted,43,13064
structured_joint_turnover_100x32,2024,universe,predicted,57,3
structured_joint_turnover_100x32,2024,universe,predicted,58,408
structured_joint_turnover_100x32,2025,top1,actual,2,15
structured_joint_turnover_100x32,2025,top1,actual,3,11
structured_joint_turnover_100x32,2025,top1,actual,4,9
structured_joint_turnover_100x32,2025,top1,actual,5,5
structured_joint_turnover_100x32,2025,top1,actual,6,6
structured_joint_turnover_100x32,2025,top1,actual,7,3
structured_joint_turnover_100x32,2025,top1,actual,8,2
structured_joint_turnover_100x32,2025,top1,actual,9,6
structured_joint_turnover_100x32,2025,top1,actual,10,3
structured_joint_turnover_100x32,2025,top1,actual,11,5
structured_joint_turnover_100x32,2025,top1,actual,12,5
structured_joint_turnover_100x32,2025,top1,actual,14,1
structured_joint_turnover_100x32,2025,top1,actual,15,2
structured_joint_turnover_100x32,2025,top1,actual,16,4
structured_joint_turnover_100x32,2025,top1,actual,17,5
structured_joint_turnover_100x32,2025,top1,actual,18,5
structured_joint_turnover_100x32,2025,top1,actual,19,6
structured_joint_turnover_100x32,2025,top1,actual,20,3
structured_joint_turnover_100x32,2025,top1,actual,21,2
structured_joint_turnover_100x32,2025,top1,actual,22,2
structured_joint_turnover_100x32,2025,top1,actual,23,3
structured_joint_turnover_100x32,2025,top1,actual,24,4
structured_joint_turnover_100x32,2025,top1,actual,25,1
structured_joint_turnover_100x32,2025,top1,actual,26,1
structured_joint_turnover_100x32,2025,top1,actual,27,1
structured_joint_turnover_100x32,2025,top1,actual,28,2
structured_joint_turnover_100x32,2025,top1,actual,29,3
structured_joint_turnover_100x32,2025,top1,actual,30,4
structured_joint_turnover_100x32,2025,top1,actual,31,2
structured_joint_turnover_100x32,2025,top1,actual,32,3
structured_joint_turnover_100x32,2025,top1,actual,33,2
structured_joint_turnover_100x32,2025,top1,actual,34,4
structured_joint_turnover_100x32,2025,top1,actual,35,2
structured_joint_turnover_100x32,2025,top1,actual,36,6
structured_joint_turnover_100x32,2025,top1,actual,37,4
structured_joint_turnover_100x32,2025,top1,actual,38,6
structured_joint_turnover_100x32,2025,top1,actual,39,6
structured_joint_turnover_100x32,2025,top1,actual,40,6
structured_joint_turnover_100x32,2025,top1,actual,41,8
structured_joint_turnover_100x32,2025,top1,actual,42,6
structured_joint_turnover_100x32,2025,top1,actual,43,7
structured_joint_turnover_100x32,2025,top1,actual,44,6
structured_joint_turnover_100x32,2025,top1,actual,45,7
structured_joint_turnover_100x32,2025,top1,actual,46,5
structured_joint_turnover_100x32,2025,top1,actual,47,6
structured_joint_turnover_100x32,2025,top1,actual,48,3
structured_joint_turnover_100x32,2025,top1,actual,49,7
structured_joint_turnover_100x32,2025,top1,actual,50,1
structured_joint_turnover_100x32,2025,top1,actual,51,4
structured_joint_turnover_100x32,2025,top1,actual,53,2
structured_joint_turnover_100x32,2025,top1,actual,55,1
structured_joint_turnover_100x32,2025,top1,actual,56,2
structured_joint_turnover_100x32,2025,top1,actual,57,3
structured_joint_turnover_100x32,2025,top1,actual,58,3
structured_joint_turnover_100x32,2025,top1,actual,59,3
structured_joint_turnover_100x32,2025,top1,actual,60,9
structured_joint_turnover_100x32,2025,top1,predicted,58,243
structured_joint_turnover_100x32,2025,top10,actual,2,200
structured_joint_turnover_100x32,2025,top10,actual,3,103
structured_joint_turnover_100x32,2025,top10,actual,4,76
structured_joint_turnover_100x32,2025,top10,actual,5,55
structured_joint_turnover_100x32,2025,top10,actual,6,46
structured_joint_turnover_100x32,2025,top10,actual,7,42
structured_joint_turnover_100x32,2025,top10,actual,8,41
structured_joint_turnover_100x32,2025,top10,actual,9,44
structured_joint_turnover_100x32,2025,top10,actual,10,36
structured_joint_turnover_100x32,2025,top10,actual,11,33
structured_joint_turnover_100x32,2025,top10,actual,12,33
structured_joint_turnover_100x32,2025,top10,actual,13,34
structured_joint_turnover_100x32,2025,top10,actual,14,24
structured_joint_turnover_100x32,2025,top10,actual,15,37
structured_joint_turnover_100x32,2025,top10,actual,16,40
structured_joint_turnover_100x32,2025,top10,actual,17,39
structured_joint_turnover_100x32,2025,top10,actual,18,32
structured_joint_turnover_100x32,2025,top10,actual,19,34
structured_joint_turnover_100x32,2025,top10,actual,20,26
structured_joint_turnover_100x32,2025,top10,actual,21,27
structured_joint_turnover_100x32,2025,top10,actual,22,29
structured_joint_turnover_100x32,2025,top10,actual,23,32
structured_joint_turnover_100x32,2025,top10,actual,24,40
structured_joint_turnover_100x32,2025,top10,actual,25,35
structured_joint_turnover_100x32,2025,top10,actual,26,28
structured_joint_turnover_100x32,2025,top10,actual,27,28
structured_joint_turnover_100x32,2025,top10,actual,28,28
structured_joint_turnover_100x32,2025,top10,actual,29,25
structured_joint_turnover_100x32,2025,top10,actual,30,28
structured_joint_turnover_100x32,2025,top10,actual,31,29
structured_joint_turnover_100x32,2025,top10,actual,32,32
structured_joint_turnover_100x32,2025,top10,actual,33,31
structured_joint_turnover_100x32,2025,top10,actual,34,34
structured_joint_turnover_100x32,2025,top10,actual,35,36
structured_joint_turnover_100x32,2025,top10,actual,36,31
structured_joint_turnover_100x32,2025,top10,actual,37,38
structured_joint_turnover_100x32,2025,top10,actual,38,38
structured_joint_turnover_100x32,2025,top10,actual,39,29
structured_joint_turnover_100x32,2025,top10,actual,40,34
structured_joint_turnover_100x32,2025,top10,actual,41,36
structured_joint_turnover_100x32,2025,top10,actual,42,28
structured_joint_turnover_100x32,2025,top10,actual,43,29
structured_joint_turnover_100x32,2025,top10,actual,44,30
structured_joint_turnover_100x32,2025,top10,actual,45,30
structured_joint_turnover_100x32,2025,top10,actual,46,28
structured_joint_turnover_100x32,2025,top10,actual,47,31
structured_joint_turnover_100x32,2025,top10,actual,48,39
structured_joint_turnover_100x32,2025,top10,actual,49,40
structured_joint_turnover_100x32,2025,top10,actual,50,37
structured_joint_turnover_100x32,2025,top10,actual,51,42
structured_joint_turnover_100x32,2025,top10,actual,52,31
structured_joint_turnover_100x32,2025,top10,actual,53,34
structured_joint_turnover_100x32,2025,top10,actual,54,26
structured_joint_turnover_100x32,2025,top10,actual,55,35
structured_joint_turnover_100x32,2025,top10,actual,56,46
structured_joint_turnover_100x32,2025,top10,actual,57,45
structured_joint_turnover_100x32,2025,top10,actual,58,58
structured_joint_turnover_100x32,2025,top10,actual,59,59
structured_joint_turnover_100x32,2025,top10,actual,60,119
structured_joint_turnover_100x32,2025,top10,predicted,58,2430
structured_joint_turnover_100x32,2025,top2,actual,2,29
structured_joint_turnover_100x32,2025,top2,actual,3,18
structured_joint_turnover_100x32,2025,top2,actual,4,15
structured_joint_turnover_100x32,2025,top2,actual,5,10
structured_joint_turnover_100x32,2025,top2,actual,6,10
structured_joint_turnover_100x32,2025,top2,actual,7,8
structured_joint_turnover_100x32,2025,top2,actual,8,4
structured_joint_turnover_100x32,2025,top2,actual,9,8
structured_joint_turnover_100x32,2025,top2,actual,10,6
structured_joint_turnover_100x32,2025,top2,actual,11,9
structured_joint_turnover_100x32,2025,top2,actual,12,11
structured_joint_turnover_100x32,2025,top2,actual,13,3
structured_joint_turnover_100x32,2025,top2,actual,14,3
structured_joint_turnover_100x32,2025,top2,actual,15,4
structured_joint_turnover_100x32,2025,top2,actual,16,9
structured_joint_turnover_100x32,2025,top2,actual,17,12
structured_joint_turnover_100x32,2025,top2,actual,18,9
structured_joint_turnover_100x32,2025,top2,actual,19,9
structured_joint_turnover_100x32,2025,top2,actual,20,8
structured_joint_turnover_100x32,2025,top2,actual,21,5
structured_joint_turnover_100x32,2025,top2,actual,22,5
structured_joint_turnover_100x32,2025,top2,actual,23,6
structured_joint_turnover_100x32,2025,top2,actual,24,6
structured_joint_turnover_100x32,2025,top2,actual,25,6
structured_joint_turnover_100x32,2025,top2,actual,26,5
structured_joint_turnover_100x32,2025,top2,actual,27,8
structured_joint_turnover_100x32,2025,top2,actual,28,6
structured_joint_turnover_100x32,2025,top2,actual,29,6
structured_joint_turnover_100x32,2025,top2,actual,30,5
structured_joint_turnover_100x32,2025,top2,actual,31,4
structured_joint_turnover_100x32,2025,top2,actual,32,5
structured_joint_turnover_100x32,2025,top2,actual,33,7
structured_joint_turnover_100x32,2025,top2,actual,34,6
structured_joint_turnover_100x32,2025,top2,actual,35,4
structured_joint_turnover_100x32,2025,top2,actual,36,8
structured_joint_turnover_100x32,2025,top2,actual,37,10
structured_joint_turnover_100x32,2025,top2,actual,38,11
structured_joint_turnover_100x32,2025,top2,actual,39,10
structured_joint_turnover_100x32,2025,top2,actual,40,11
structured_joint_turnover_100x32,2025,top2,actual,41,11
structured_joint_turnover_100x32,2025,top2,actual,42,10
structured_joint_turnover_100x32,2025,top2,actual,43,9
structured_joint_turnover_100x32,2025,top2,actual,44,10
structured_joint_turnover_100x32,2025,top2,actual,45,8
structured_joint_turnover_100x32,2025,top2,actual,46,11
structured_joint_turnover_100x32,2025,top2,actual,47,13
structured_joint_turnover_100x32,2025,top2,actual,48,6
structured_joint_turnover_100x32,2025,top2,actual,49,8
structured_joint_turnover_100x32,2025,top2,actual,50,8
structured_joint_turnover_100x32,2025,top2,actual,51,7
structured_joint_turnover_100x32,2025,top2,actual,52,4
structured_joint_turnover_100x32,2025,top2,actual,53,5
structured_joint_turnover_100x32,2025,top2,actual,54,3
structured_joint_turnover_100x32,2025,top2,actual,55,4
structured_joint_turnover_100x32,2025,top2,actual,56,7
structured_joint_turnover_100x32,2025,top2,actual,57,6
structured_joint_turnover_100x32,2025,top2,actual,58,9
structured_joint_turnover_100x32,2025,top2,actual,59,9
structured_joint_turnover_100x32,2025,top2,actual,60,19
structured_joint_turnover_100x32,2025,top2,predicted,58,486
structured_joint_turnover_100x32,2025,top3,actual,2,46
structured_joint_turnover_100x32,2025,top3,actual,3,28
structured_joint_turnover_100x32,2025,top3,actual,4,21
structured_joint_turnover_100x32,2025,top3,actual,5,22
structured_joint_turnover_100x32,2025,top3,actual,6,13
structured_joint_turnover_100x32,2025,top3,actual,7,10
structured_joint_turnover_100x32,2025,top3,actual,8,7
structured_joint_turnover_100x32,2025,top3,actual,9,11
structured_joint_turnover_100x32,2025,top3,actual,10,11
structured_joint_turnover_100x32,2025,top3,actual,11,14
structured_joint_turnover_100x32,2025,top3,actual,12,12
structured_joint_turnover_100x32,2025,top3,actual,13,7
structured_joint_turnover_100x32,2025,top3,actual,14,5
structured_joint_turnover_100x32,2025,top3,actual,15,9
structured_joint_turnover_100x32,2025,top3,actual,16,11
structured_joint_turnover_100x32,2025,top3,actual,17,17
structured_joint_turnover_100x32,2025,top3,actual,18,10
structured_joint_turnover_100x32,2025,top3,actual,19,13
structured_joint_turnover_100x32,2025,top3,actual,20,13
structured_joint_turnover_100x32,2025,top3,actual,21,9
structured_joint_turnover_100x32,2025,top3,actual,22,10
structured_joint_turnover_100x32,2025,top3,actual,23,8
structured_joint_turnover_100x32,2025,top3,actual,24,9
structured_joint_turnover_100x32,2025,top3,actual,25,9
structured_joint_turnover_100x32,2025,top3,actual,26,7
structured_joint_turnover_100x32,2025,top3,actual,27,9
structured_joint_turnover_100x32,2025,top3,actual,28,6
structured_joint_turnover_100x32,2025,top3,actual,29,8
structured_joint_turnover_100x32,2025,top3,actual,30,9
structured_joint_turnover_100x32,2025,top3,actual,31,5
structured_joint_turnover_100x32,2025,top3,actual,32,11
structured_joint_turnover_100x32,2025,top3,actual,33,10
structured_joint_turnover_100x32,2025,top3,actual,34,11
structured_joint_turnover_100x32,2025,top3,actual,35,9
structured_joint_turnover_100x32,2025,top3,actual,36,14
structured_joint_turnover_100x32,2025,top3,actual,37,13
structured_joint_turnover_100x32,2025,top3,actual,38,15
structured_joint_turnover_100x32,2025,top3,actual,39,13
structured_joint_turnover_100x32,2025,top3,actual,40,14
structured_joint_turnover_100x32,2025,top3,actual,41,15
structured_joint_turnover_100x32,2025,top3,actual,42,12
structured_joint_turnover_100x32,2025,top3,actual,43,14
structured_joint_turnover_100x32,2025,top3,actual,44,11
structured_joint_turnover_100x32,2025,top3,actual,45,9
structured_joint_turnover_100x32,2025,top3,actual,46,16
structured_joint_turnover_100x32,2025,top3,actual,47,15
structured_joint_turnover_100x32,2025,top3,actual,48,9
structured_joint_turnover_100x32,2025,top3,actual,49,12
structured_joint_turnover_100x32,2025,top3,actual,50,10
structured_joint_turnover_100x32,2025,top3,actual,51,14
structured_joint_turnover_100x32,2025,top3,actual,52,7
structured_joint_turnover_100x32,2025,top3,actual,53,8
structured_joint_turnover_100x32,2025,top3,actual,54,6
structured_joint_turnover_100x32,2025,top3,actual,55,8
structured_joint_turnover_100x32,2025,top3,actual,56,13
structured_joint_turnover_100x32,2025,top3,actual,57,11
structured_joint_turnover_100x32,2025,top3,actual,58,15
structured_joint_turnover_100x32,2025,top3,actual,59,14
structured_joint_turnover_100x32,2025,top3,actual,60,31
structured_joint_turnover_100x32,2025,top3,predicted,58,729
structured_joint_turnover_100x32,2025,universe,actual,2,85391
structured_joint_turnover_100x32,2025,universe,actual,3,32520
structured_joint_turnover_100x32,2025,universe,actual,4,22011
structured_joint_turnover_100x32,2025,universe,actual,5,17366
structured_joint_turnover_100x32,2025,universe,actual,6,15035
structured_joint_turnover_100x32,2025,universe,actual,7,13517
structured_joint_turnover_100x32,2025,universe,actual,8,12528
structured_joint_turnover_100x32,2025,universe,actual,9,11742
structured_joint_turnover_100x32,2025,universe,actual,10,11008
structured_joint_turnover_100x32,2025,universe,actual,11,10455
structured_joint_turnover_100x32,2025,universe,actual,12,10127
structured_joint_turnover_100x32,2025,universe,actual,13,9842
structured_joint_turnover_100x32,2025,universe,actual,14,9565
structured_joint_turnover_100x32,2025,universe,actual,15,9432
structured_joint_turnover_100x32,2025,universe,actual,16,9277
structured_joint_turnover_100x32,2025,universe,actual,17,9134
structured_joint_turnover_100x32,2025,universe,actual,18,9015
structured_joint_turnover_100x32,2025,universe,actual,19,8975
structured_joint_turnover_100x32,2025,universe,actual,20,8903
structured_joint_turnover_100x32,2025,universe,actual,21,8714
structured_joint_turnover_100x32,2025,universe,actual,22,8563
structured_joint_turnover_100x32,2025,universe,actual,23,8495
structured_joint_turnover_100x32,2025,universe,actual,24,8406
structured_joint_turnover_100x32,2025,universe,actual,25,8318
structured_joint_turnover_100x32,2025,universe,actual,26,8307
structured_joint_turnover_100x32,2025,universe,actual,27,8277
structured_joint_turnover_100x32,2025,universe,actual,28,8309
structured_joint_turnover_100x32,2025,universe,actual,29,8272
structured_joint_turnover_100x32,2025,universe,actual,30,8249
structured_joint_turnover_100x32,2025,universe,actual,31,8151
structured_joint_turnover_100x32,2025,universe,actual,32,8108
structured_joint_turnover_100x32,2025,universe,actual,33,8127
structured_joint_turnover_100x32,2025,universe,actual,34,8182
structured_joint_turnover_100x32,2025,universe,actual,35,8202
structured_joint_turnover_100x32,2025,universe,actual,36,8248
structured_joint_turnover_100x32,2025,universe,actual,37,8255
structured_joint_turnover_100x32,2025,universe,actual,38,8232
structured_joint_turnover_100x32,2025,universe,actual,39,8277
structured_joint_turnover_100x32,2025,universe,actual,40,8344
structured_joint_turnover_100x32,2025,universe,actual,41,8420
structured_joint_turnover_100x32,2025,universe,actual,42,8578
structured_joint_turnover_100x32,2025,universe,actual,43,8763
structured_joint_turnover_100x32,2025,universe,actual,44,8830
structured_joint_turnover_100x32,2025,universe,actual,45,8973
structured_joint_turnover_100x32,2025,universe,actual,46,9011
structured_joint_turnover_100x32,2025,universe,actual,47,9120
structured_joint_turnover_100x32,2025,universe,actual,48,9215
structured_joint_turnover_100x32,2025,universe,actual,49,9303
structured_joint_turnover_100x32,2025,universe,actual,50,9405
structured_joint_turnover_100x32,2025,universe,actual,51,9619
structured_joint_turnover_100x32,2025,universe,actual,52,9984
structured_joint_turnover_100x32,2025,universe,actual,53,10318
structured_joint_turnover_100x32,2025,universe,actual,54,10825
structured_joint_turnover_100x32,2025,universe,actual,55,11481
structured_joint_turnover_100x32,2025,universe,actual,56,12433
structured_joint_turnover_100x32,2025,universe,actual,57,13891
structured_joint_turnover_100x32,2025,universe,actual,58,15975
structured_joint_turnover_100x32,2025,universe,actual,59,20583
structured_joint_turnover_100x32,2025,universe,actual,60,37201
structured_joint_turnover_100x32,2025,universe,predicted,2,30895
structured_joint_turnover_100x32,2025,universe,predicted,58,639475
structured_joint_turnover_100x32,2025,universe,predicted,59,53755
structured_joint_turnover_100x32,2026,top1,actual,2,11
structured_joint_turnover_100x32,2026,top1,actual,3,5
structured_joint_turnover_100x32,2026,top1,actual,11,1
structured_joint_turnover_100x32,2026,top1,actual,12,2
structured_joint_turnover_100x32,2026,top1,actual,16,1
structured_joint_turnover_100x32,2026,top1,actual,19,2
structured_joint_turnover_100x32,2026,top1,actual,21,2
structured_joint_turnover_100x32,2026,top1,actual,22,1
structured_joint_turnover_100x32,2026,top1,actual,24,1
structured_joint_turnover_100x32,2026,top1,actual,25,1
structured_joint_turnover_100x32,2026,top1,actual,26,2
structured_joint_turnover_100x32,2026,top1,actual,28,1
structured_joint_turnover_100x32,2026,top1,actual,29,1
structured_joint_turnover_100x32,2026,top1,actual,30,1
structured_joint_turnover_100x32,2026,top1,actual,32,1
structured_joint_turnover_100x32,2026,top1,actual,37,1
structured_joint_turnover_100x32,2026,top1,actual,42,1
structured_joint_turnover_100x32,2026,top1,actual,43,1
structured_joint_turnover_100x32,2026,top1,actual,47,1
structured_joint_turnover_100x32,2026,top1,actual,51,1
structured_joint_turnover_100x32,2026,top1,actual,56,1
structured_joint_turnover_100x32,2026,top1,actual,58,1
structured_joint_turnover_100x32,2026,top1,actual,59,2
structured_joint_turnover_100x32,2026,top1,actual,60,6
structured_joint_turnover_100x32,2026,top1,predicted,57,1
structured_joint_turnover_100x32,2026,top1,predicted,58,47
structured_joint_turnover_100x32,2026,top10,actual,2,87
structured_joint_turnover_100x32,2026,top10,actual,3,28
structured_joint_turnover_100x32,2026,top10,actual,4,14
structured_joint_turnover_100x32,2026,top10,actual,5,17
structured_joint_turnover_100x32,2026,top10,actual,6,13
structured_joint_turnover_100x32,2026,top10,actual,7,12
structured_joint_turnover_100x32,2026,top10,actual,8,11
structured_joint_turnover_100x32,2026,top10,actual,9,7
structured_joint_turnover_100x32,2026,top10,actual,10,4
structured_joint_turnover_100x32,2026,top10,actual,11,6
structured_joint_turnover_100x32,2026,top10,actual,12,8
structured_joint_turnover_100x32,2026,top10,actual,13,8
structured_joint_turnover_100x32,2026,top10,actual,14,5
structured_joint_turnover_100x32,2026,top10,actual,15,7
structured_joint_turnover_100x32,2026,top10,actual,16,5
structured_joint_turnover_100x32,2026,top10,actual,17,5
structured_joint_turnover_100x32,2026,top10,actual,18,5
structured_joint_turnover_100x32,2026,top10,actual,19,5
structured_joint_turnover_100x32,2026,top10,actual,20,4
structured_joint_turnover_100x32,2026,top10,actual,21,5
structured_joint_turnover_100x32,2026,top10,actual,22,4
structured_joint_turnover_100x32,2026,top10,actual,23,3
structured_joint_turnover_100x32,2026,top10,actual,24,4
structured_joint_turnover_100x32,2026,top10,actual,25,4
structured_joint_turnover_100x32,2026,top10,actual,26,5
structured_joint_turnover_100x32,2026,top10,actual,27,5
structured_joint_turnover_100x32,2026,top10,actual,28,4
structured_joint_turnover_100x32,2026,top10,actual,29,6
structured_joint_turnover_100x32,2026,top10,actual,30,6
structured_joint_turnover_100x32,2026,top10,actual,31,4
structured_joint_turnover_100x32,2026,top10,actual,32,3
structured_joint_turnover_100x32,2026,top10,actual,33,3
structured_joint_turnover_100x32,2026,top10,actual,34,3
structured_joint_turnover_100x32,2026,top10,actual,35,3
structured_joint_turnover_100x32,2026,top10,actual,36,2
structured_joint_turnover_100x32,2026,top10,actual,37,3
structured_joint_turnover_100x32,2026,top10,actual,38,2
structured_joint_turnover_100x32,2026,top10,actual,39,3
structured_joint_turnover_100x32,2026,top10,actual,40,5
structured_joint_turnover_100x32,2026,top10,actual,41,4
structured_joint_turnover_100x32,2026,top10,actual,42,4
structured_joint_turnover_100x32,2026,top10,actual,43,2
structured_joint_turnover_100x32,2026,top10,actual,44,3
structured_joint_turnover_100x32,2026,top10,actual,45,3
structured_joint_turnover_100x32,2026,top10,actual,46,3
structured_joint_turnover_100x32,2026,top10,actual,47,9
structured_joint_turnover_100x32,2026,top10,actual,48,7
structured_joint_turnover_100x32,2026,top10,actual,49,5
structured_joint_turnover_100x32,2026,top10,actual,50,5
structured_joint_turnover_100x32,2026,top10,actual,51,6
structured_joint_turnover_100x32,2026,top10,actual,52,9
structured_joint_turnover_100x32,2026,top10,actual,53,5
structured_joint_turnover_100x32,2026,top10,actual,54,7
structured_joint_turnover_100x32,2026,top10,actual,55,6
structured_joint_turnover_100x32,2026,top10,actual,56,9
structured_joint_turnover_100x32,2026,top10,actual,57,10
structured_joint_turnover_100x32,2026,top10,actual,58,9
structured_joint_turnover_100x32,2026,top10,actual,59,16
structured_joint_turnover_100x32,2026,top10,actual,60,30
structured_joint_turnover_100x32,2026,top10,predicted,53,2
structured_joint_turnover_100x32,2026,top10,predicted,57,13
structured_joint_turnover_100x32,2026,top10,predicted,58,460
structured_joint_turnover_100x32,2026,top10,predicted,59,5
structured_joint_turnover_100x32,2026,top2,actual,2,19
structured_joint_turnover_100x32,2026,top2,actual,3,7
structured_joint_turnover_100x32,2026,top2,actual,4,1
structured_joint_turnover_100x32,2026,top2,actual,6,1
structured_joint_turnover_100x32,2026,top2,actual,7,1
structured_joint_turnover_100x32,2026,top2,actual,8,1
structured_joint_turnover_100x32,2026,top2,actual,9,2
structured_joint_turnover_100x32,2026,top2,actual,11,3
structured_joint_turnover_100x32,2026,top2,actual,12,2
structured_joint_turnover_100x32,2026,top2,actual,13,1
structured_joint_turnover_100x32,2026,top2,actual,14,2
structured_joint_turnover_100x32,2026,top2,actual,15,1
structured_joint_turnover_100x32,2026,top2,actual,16,2
structured_joint_turnover_100x32,2026,top2,actual,17,1
structured_joint_turnover_100x32,2026,top2,actual,18,1
structured_joint_turnover_100x32,2026,top2,actual,19,4
structured_joint_turnover_100x32,2026,top2,actual,20,2
structured_joint_turnover_100x32,2026,top2,actual,21,2
structured_joint_turnover_100x32,2026,top2,actual,22,1
structured_joint_turnover_100x32,2026,top2,actual,23,1
structured_joint_turnover_100x32,2026,top2,actual,24,2
structured_joint_turnover_100x32,2026,top2,actual,25,1
structured_joint_turnover_100x32,2026,top2,actual,26,3
structured_joint_turnover_100x32,2026,top2,actual,27,2
structured_joint_turnover_100x32,2026,top2,actual,28,2
structured_joint_turnover_100x32,2026,top2,actual,29,1
structured_joint_turnover_100x32,2026,top2,actual,30,1
structured_joint_turnover_100x32,2026,top2,actual,32,2
structured_joint_turnover_100x32,2026,top2,actual,33,1
structured_joint_turnover_100x32,2026,top2,actual,34,1
structured_joint_turnover_100x32,2026,top2,actual,37,1
structured_joint_turnover_100x32,2026,top2,actual,40,1
structured_joint_turnover_100x32,2026,top2,actual,41,1
structured_joint_turnover_100x32,2026,top2,actual,42,1
structured_joint_turnover_100x32,2026,top2,actual,43,1
structured_joint_turnover_100x32,2026,top2,actual,47,1
structured_joint_turnover_100x32,2026,top2,actual,48,1
structured_joint_turnover_100x32,2026,top2,actual,51,1
structured_joint_turnover_100x32,2026,top2,actual,53,1
structured_joint_turnover_100x32,2026,top2,actual,55,1
structured_joint_turnover_100x32,2026,top2,actual,56,2
structured_joint_turnover_100x32,2026,top2,actual,57,2
structured_joint_turnover_100x32,2026,top2,actual,58,1
structured_joint_turnover_100x32,2026,top2,actual,59,3
structured_joint_turnover_100x32,2026,top2,actual,60,7
structured_joint_turnover_100x32,2026,top2,predicted,57,2
structured_joint_turnover_100x32,2026,top2,predicted,58,93
structured_joint_turnover_100x32,2026,top2,predicted,59,1
structured_joint_turnover_100x32,2026,top3,actual,2,25
structured_joint_turnover_100x32,2026,top3,actual,3,10
structured_joint_turnover_100x32,2026,top3,actual,4,3
structured_joint_turnover_100x32,2026,top3,actual,5,1
structured_joint_turnover_100x32,2026,top3,actual,6,1
structured_joint_turnover_100x32,2026,top3,actual,7,2
structured_joint_turnover_100x32,2026,top3,actual,8,5
structured_joint_turnover_100x32,2026,top3,actual,9,2
structured_joint_turnover_100x32,2026,top3,actual,10,1
structured_joint_turnover_100x32,2026,top3,actual,11,3
structured_joint_turnover_100x32,2026,top3,actual,12,2
structured_joint_turnover_100x32,2026,top3,actual,13,3
structured_joint_turnover_100x32,2026,top3,actual,14,3
structured_joint_turnover_100x32,2026,top3,actual,15,3
structured_joint_turnover_100x32,2026,top3,actual,16,2
structured_joint_turnover_100x32,2026,top3,actual,17,2
structured_joint_turnover_100x32,2026,top3,actual,18,2
structured_joint_turnover_100x32,2026,top3,actual,19,4
structured_joint_turnover_100x32,2026,top3,actual,20,2
structured_joint_turnover_100x32,2026,top3,actual,21,3
structured_joint_turnover_100x32,2026,top3,actual,22,2
structured_joint_turnover_100x32,2026,top3,actual,23,1
structured_joint_turnover_100x32,2026,top3,actual,24,2
structured_joint_turnover_100x32,2026,top3,actual,25,2
structured_joint_turnover_100x32,2026,top3,actual,26,3
structured_joint_turnover_100x32,2026,top3,actual,27,3
structured_joint_turnover_100x32,2026,top3,actual,28,3
structured_joint_turnover_100x32,2026,top3,actual,29,4
structured_joint_turnover_100x32,2026,top3,actual,30,2
structured_joint_turnover_100x32,2026,top3,actual,32,2
structured_joint_turnover_100x32,2026,top3,actual,33,1
structured_joint_turnover_100x32,2026,top3,actual,34,1
structured_joint_turnover_100x32,2026,top3,actual,35,1
structured_joint_turnover_100x32,2026,top3,actual,37,1
structured_joint_turnover_100x32,2026,top3,actual,40,1
structured_joint_turnover_100x32,2026,top3,actual,41,2
structured_joint_turnover_100x32,2026,top3,actual,42,1
structured_joint_turnover_100x32,2026,top3,actual,43,1
structured_joint_turnover_100x32,2026,top3,actual,45,1
structured_joint_turnover_100x32,2026,top3,actual,46,1
structured_joint_turnover_100x32,2026,top3,actual,47,2
structured_joint_turnover_100x32,2026,top3,actual,48,1
structured_joint_turnover_100x32,2026,top3,actual,49,1
structured_joint_turnover_100x32,2026,top3,actual,50,1
structured_joint_turnover_100x32,2026,top3,actual,51,1
structured_joint_turnover_100x32,2026,top3,actual,52,1
structured_joint_turnover_100x32,2026,top3,actual,53,3
structured_joint_turnover_100x32,2026,top3,actual,55,1
structured_joint_turnover_100x32,2026,top3,actual,56,2
structured_joint_turnover_100x32,2026,top3,actual,57,2
structured_joint_turnover_100x32,2026,top3,actual,58,2
structured_joint_turnover_100x32,2026,top3,actual,59,3
structured_joint_turnover_100x32,2026,top3,actual,60,10
structured_joint_turnover_100x32,2026,top3,predicted,53,1
structured_joint_turnover_100x32,2026,top3,predicted,57,4
structured_joint_turnover_100x32,2026,top3,predicted,58,138
structured_joint_turnover_100x32,2026,top3,predicted,59,1
structured_joint_turnover_100x32,2026,universe,actual,2,31461
structured_joint_turnover_100x32,2026,universe,actual,3,11275
structured_joint_turnover_100x32,2026,universe,actual,4,7787
structured_joint_turnover_100x32,2026,universe,actual,5,5972
structured_joint_turnover_100x32,2026,universe,actual,6,4651
structured_joint_turnover_100x32,2026,universe,actual,7,4208
structured_joint_turnover_100x32,2026,universe,actual,8,3528
structured_joint_turnover_100x32,2026,universe,actual,9,3129
structured_joint_turnover_100x32,2026,universe,actual,10,2811
structured_joint_turnover_100x32,2026,universe,actual,11,2538
structured_joint_turnover_100x32,2026,universe,actual,12,2346
structured_joint_turnover_100x32,2026,universe,actual,13,2260
structured_joint_turnover_100x32,2026,universe,actual,14,2090
structured_joint_turnover_100x32,2026,universe,actual,15,1867
structured_joint_turnover_100x32,2026,universe,actual,16,1740
structured_joint_turnover_100x32,2026,universe,actual,17,1612
structured_joint_turnover_100x32,2026,universe,actual,18,1460
structured_joint_turnover_100x32,2026,universe,actual,19,1373
structured_joint_turnover_100x32,2026,universe,actual,20,1282
structured_joint_turnover_100x32,2026,universe,actual,21,1310
structured_joint_turnover_100x32,2026,universe,actual,22,1306
structured_joint_turnover_100x32,2026,universe,actual,23,1320
structured_joint_turnover_100x32,2026,universe,actual,24,1304
structured_joint_turnover_100x32,2026,universe,actual,25,1269
structured_joint_turnover_100x32,2026,universe,actual,26,1215
structured_joint_turnover_100x32,2026,universe,actual,27,1146
structured_joint_turnover_100x32,2026,universe,actual,28,1153
structured_joint_turnover_100x32,2026,universe,actual,29,1160
structured_joint_turnover_100x32,2026,universe,actual,30,1182
structured_joint_turnover_100x32,2026,universe,actual,31,1161
structured_joint_turnover_100x32,2026,universe,actual,32,1191
structured_joint_turnover_100x32,2026,universe,actual,33,1267
structured_joint_turnover_100x32,2026,universe,actual,34,1199
structured_joint_turnover_100x32,2026,universe,actual,35,1171
structured_joint_turnover_100x32,2026,universe,actual,36,1096
structured_joint_turnover_100x32,2026,universe,actual,37,1075
structured_joint_turnover_100x32,2026,universe,actual,38,1075
structured_joint_turnover_100x32,2026,universe,actual,39,1088
structured_joint_turnover_100x32,2026,universe,actual,40,1093
structured_joint_turnover_100x32,2026,universe,actual,41,1045
structured_joint_turnover_100x32,2026,universe,actual,42,1022
structured_joint_turnover_100x32,2026,universe,actual,43,962
structured_joint_turnover_100x32,2026,universe,actual,44,961
structured_joint_turnover_100x32,2026,universe,actual,45,962
structured_joint_turnover_100x32,2026,universe,actual,46,962
structured_joint_turnover_100x32,2026,universe,actual,47,951
structured_joint_turnover_100x32,2026,universe,actual,48,968
structured_joint_turnover_100x32,2026,universe,actual,49,976
structured_joint_turnover_100x32,2026,universe,actual,50,996
structured_joint_turnover_100x32,2026,universe,actual,51,1044
structured_joint_turnover_100x32,2026,universe,actual,52,1073
structured_joint_turnover_100x32,2026,universe,actual,53,1102
structured_joint_turnover_100x32,2026,universe,actual,54,1142
structured_joint_turnover_100x32,2026,universe,actual,55,1192
structured_joint_turnover_100x32,2026,universe,actual,56,1282
structured_joint_turnover_100x32,2026,universe,actual,57,1437
structured_joint_turnover_100x32,2026,universe,actual,58,1672
structured_joint_turnover_100x32,2026,universe,actual,59,2245
structured_joint_turnover_100x32,2026,universe,actual,60,4640
structured_joint_turnover_100x32,2026,universe,predicted,2,29831
structured_joint_turnover_100x32,2026,universe,predicted,3,10
structured_joint_turnover_100x32,2026,universe,predicted,49,3
structured_joint_turnover_100x32,2026,universe,predicted,50,94
structured_joint_turnover_100x32,2026,universe,predicted,51,23990
structured_joint_turnover_100x32,2026,universe,predicted,52,7833
structured_joint_turnover_100x32,2026,universe,predicted,53,2320
structured_joint_turnover_100x32,2026,universe,predicted,54,31
structured_joint_turnover_100x32,2026,universe,predicted,55,1609
structured_joint_turnover_100x32,2026,universe,predicted,56,6597
structured_joint_turnover_100x32,2026,universe,predicted,57,28300
structured_joint_turnover_100x32,2026,universe,predicted,58,26710
structured_joint_turnover_100x32,2026,universe,predicted,59,13528
structured_joint_turnover_100x32,2026,universe,predicted,60,2984
structured_joint_turnover_180x35_v2,2020,top1,actual,2,48
structured_joint_turnover_180x35_v2,2020,top1,actual,3,14
structured_joint_turnover_180x35_v2,2020,top1,actual,4,13
structured_joint_turnover_180x35_v2,2020,top1,actual,5,6
structured_joint_turnover_180x35_v2,2020,top1,actual,6,5
structured_joint_turnover_180x35_v2,2020,top1,actual,7,8
structured_joint_turnover_180x35_v2,2020,top1,actual,8,2
structured_joint_turnover_180x35_v2,2020,top1,actual,9,1
structured_joint_turnover_180x35_v2,2020,top1,actual,10,3
structured_joint_turnover_180x35_v2,2020,top1,actual,11,3
structured_joint_turnover_180x35_v2,2020,top1,actual,12,3
structured_joint_turnover_180x35_v2,2020,top1,actual,13,4
structured_joint_turnover_180x35_v2,2020,top1,actual,14,1
structured_joint_turnover_180x35_v2,2020,top1,actual,15,2
structured_joint_turnover_180x35_v2,2020,top1,actual,16,3
structured_joint_turnover_180x35_v2,2020,top1,actual,17,3
structured_joint_turnover_180x35_v2,2020,top1,actual,18,7
structured_joint_turnover_180x35_v2,2020,top1,actual,20,7
structured_joint_turnover_180x35_v2,2020,top1,actual,21,1
structured_joint_turnover_180x35_v2,2020,top1,actual,22,5
structured_joint_turnover_180x35_v2,2020,top1,actual,23,3
structured_joint_turnover_180x35_v2,2020,top1,actual,24,3
structured_joint_turnover_180x35_v2,2020,top1,actual,25,4
structured_joint_turnover_180x35_v2,2020,top1,actual,26,2
structured_joint_turnover_180x35_v2,2020,top1,actual,27,1
structured_joint_turnover_180x35_v2,2020,top1,actual,28,2
structured_joint_turnover_180x35_v2,2020,top1,actual,29,2
structured_joint_turnover_180x35_v2,2020,top1,actual,30,2
structured_joint_turnover_180x35_v2,2020,top1,actual,31,2
structured_joint_turnover_180x35_v2,2020,top1,actual,32,1
structured_joint_turnover_180x35_v2,2020,top1,actual,33,2
structured_joint_turnover_180x35_v2,2020,top1,actual,34,5
structured_joint_turnover_180x35_v2,2020,top1,actual,35,2
structured_joint_turnover_180x35_v2,2020,top1,actual,36,2
structured_joint_turnover_180x35_v2,2020,top1,actual,37,3
structured_joint_turnover_180x35_v2,2020,top1,actual,39,2
structured_joint_turnover_180x35_v2,2020,top1,actual,40,1
structured_joint_turnover_180x35_v2,2020,top1,actual,41,2
structured_joint_turnover_180x35_v2,2020,top1,actual,42,3
structured_joint_turnover_180x35_v2,2020,top1,actual,43,2
structured_joint_turnover_180x35_v2,2020,top1,actual,44,2
structured_joint_turnover_180x35_v2,2020,top1,actual,45,3
structured_joint_turnover_180x35_v2,2020,top1,actual,46,5
structured_joint_turnover_180x35_v2,2020,top1,actual,47,3
structured_joint_turnover_180x35_v2,2020,top1,actual,48,6
structured_joint_turnover_180x35_v2,2020,top1,actual,49,2
structured_joint_turnover_180x35_v2,2020,top1,actual,50,3
structured_joint_turnover_180x35_v2,2020,top1,actual,51,4
structured_joint_turnover_180x35_v2,2020,top1,actual,52,4
structured_joint_turnover_180x35_v2,2020,top1,actual,53,3
structured_joint_turnover_180x35_v2,2020,top1,actual,54,1
structured_joint_turnover_180x35_v2,2020,top1,actual,55,1
structured_joint_turnover_180x35_v2,2020,top1,actual,57,3
structured_joint_turnover_180x35_v2,2020,top1,actual,58,2
structured_joint_turnover_180x35_v2,2020,top1,actual,59,6
structured_joint_turnover_180x35_v2,2020,top1,actual,60,10
structured_joint_turnover_180x35_v2,2020,top1,predicted,13,3
structured_joint_turnover_180x35_v2,2020,top1,predicted,14,109
structured_joint_turnover_180x35_v2,2020,top1,predicted,15,43
structured_joint_turnover_180x35_v2,2020,top1,predicted,16,87
structured_joint_turnover_180x35_v2,2020,top1,predicted,17,1
structured_joint_turnover_180x35_v2,2020,top10,actual,2,438
structured_joint_turnover_180x35_v2,2020,top10,actual,3,152
structured_joint_turnover_180x35_v2,2020,top10,actual,4,90
structured_joint_turnover_180x35_v2,2020,top10,actual,5,80
structured_joint_turnover_180x35_v2,2020,top10,actual,6,64
structured_joint_turnover_180x35_v2,2020,top10,actual,7,57
structured_joint_turnover_180x35_v2,2020,top10,actual,8,41
structured_joint_turnover_180x35_v2,2020,top10,actual,9,42
structured_joint_turnover_180x35_v2,2020,top10,actual,10,38
structured_joint_turnover_180x35_v2,2020,top10,actual,11,36
structured_joint_turnover_180x35_v2,2020,top10,actual,12,37
structured_joint_turnover_180x35_v2,2020,top10,actual,13,32
structured_joint_turnover_180x35_v2,2020,top10,actual,14,28
structured_joint_turnover_180x35_v2,2020,top10,actual,15,32
structured_joint_turnover_180x35_v2,2020,top10,actual,16,31
structured_joint_turnover_180x35_v2,2020,top10,actual,17,35
structured_joint_turnover_180x35_v2,2020,top10,actual,18,33
structured_joint_turnover_180x35_v2,2020,top10,actual,19,26
structured_joint_turnover_180x35_v2,2020,top10,actual,20,33
structured_joint_turnover_180x35_v2,2020,top10,actual,21,26
structured_joint_turnover_180x35_v2,2020,top10,actual,22,28
structured_joint_turnover_180x35_v2,2020,top10,actual,23,20
structured_joint_turnover_180x35_v2,2020,top10,actual,24,27
structured_joint_turnover_180x35_v2,2020,top10,actual,25,26
structured_joint_turnover_180x35_v2,2020,top10,actual,26,24
structured_joint_turnover_180x35_v2,2020,top10,actual,27,20
structured_joint_turnover_180x35_v2,2020,top10,actual,28,20
structured_joint_turnover_180x35_v2,2020,top10,actual,29,22
structured_joint_turnover_180x35_v2,2020,top10,actual,30,25
structured_joint_turnover_180x35_v2,2020,top10,actual,31,24
structured_joint_turnover_180x35_v2,2020,top10,actual,32,27
structured_joint_turnover_180x35_v2,2020,top10,actual,33,22
structured_joint_turnover_180x35_v2,2020,top10,actual,34,29
structured_joint_turnover_180x35_v2,2020,top10,actual,35,23
structured_joint_turnover_180x35_v2,2020,top10,actual,36,22
structured_joint_turnover_180x35_v2,2020,top10,actual,37,19
structured_joint_turnover_180x35_v2,2020,top10,actual,38,24
structured_joint_turnover_180x35_v2,2020,top10,actual,39,21
structured_joint_turnover_180x35_v2,2020,top10,actual,40,21
structured_joint_turnover_180x35_v2,2020,top10,actual,41,22
structured_joint_turnover_180x35_v2,2020,top10,actual,42,17
structured_joint_turnover_180x35_v2,2020,top10,actual,43,33
structured_joint_turnover_180x35_v2,2020,top10,actual,44,20
structured_joint_turnover_180x35_v2,2020,top10,actual,45,25
structured_joint_turnover_180x35_v2,2020,top10,actual,46,25
structured_joint_turnover_180x35_v2,2020,top10,actual,47,28
structured_joint_turnover_180x35_v2,2020,top10,actual,48,32
structured_joint_turnover_180x35_v2,2020,top10,actual,49,28
structured_joint_turnover_180x35_v2,2020,top10,actual,50,32
structured_joint_turnover_180x35_v2,2020,top10,actual,51,29
structured_joint_turnover_180x35_v2,2020,top10,actual,52,24
structured_joint_turnover_180x35_v2,2020,top10,actual,53,26
structured_joint_turnover_180x35_v2,2020,top10,actual,54,23
structured_joint_turnover_180x35_v2,2020,top10,actual,55,26
structured_joint_turnover_180x35_v2,2020,top10,actual,56,29
structured_joint_turnover_180x35_v2,2020,top10,actual,57,41
structured_joint_turnover_180x35_v2,2020,top10,actual,58,33
structured_joint_turnover_180x35_v2,2020,top10,actual,59,53
structured_joint_turnover_180x35_v2,2020,top10,actual,60,82
structured_joint_turnover_180x35_v2,2020,top10,predicted,6,1
structured_joint_turnover_180x35_v2,2020,top10,predicted,7,3
structured_joint_turnover_180x35_v2,2020,top10,predicted,10,2
structured_joint_turnover_180x35_v2,2020,top10,predicted,13,93
structured_joint_turnover_180x35_v2,2020,top10,predicted,14,1265
structured_joint_turnover_180x35_v2,2020,top10,predicted,15,245
structured_joint_turnover_180x35_v2,2020,top10,predicted,16,738
structured_joint_turnover_180x35_v2,2020,top10,predicted,17,4
structured_joint_turnover_180x35_v2,2020,top10,predicted,18,18
structured_joint_turnover_180x35_v2,2020,top10,predicted,26,1
structured_joint_turnover_180x35_v2,2020,top10,predicted,55,17
structured_joint_turnover_180x35_v2,2020,top10,predicted,57,43
structured_joint_turnover_180x35_v2,2020,top2,actual,2,101
structured_joint_turnover_180x35_v2,2020,top2,actual,3,33
structured_joint_turnover_180x35_v2,2020,top2,actual,4,23
structured_joint_turnover_180x35_v2,2020,top2,actual,5,8
structured_joint_turnover_180x35_v2,2020,top2,actual,6,8
structured_joint_turnover_180x35_v2,2020,top2,actual,7,11
structured_joint_turnover_180x35_v2,2020,top2,actual,8,7
structured_joint_turnover_180x35_v2,2020,top2,actual,9,7
structured_joint_turnover_180x35_v2,2020,top2,actual,10,7
structured_joint_turnover_180x35_v2,2020,top2,actual,11,5
structured_joint_turnover_180x35_v2,2020,top2,actual,12,4
structured_joint_turnover_180x35_v2,2020,top2,actual,13,10
structured_joint_turnover_180x35_v2,2020,top2,actual,14,2
structured_joint_turnover_180x35_v2,2020,top2,actual,15,6
structured_joint_turnover_180x35_v2,2020,top2,actual,16,5
structured_joint_turnover_180x35_v2,2020,top2,actual,17,5
structured_joint_turnover_180x35_v2,2020,top2,actual,18,12
structured_joint_turnover_180x35_v2,2020,top2,actual,19,3
structured_joint_turnover_180x35_v2,2020,top2,actual,20,12
structured_joint_turnover_180x35_v2,2020,top2,actual,21,3
structured_joint_turnover_180x35_v2,2020,top2,actual,22,10
structured_joint_turnover_180x35_v2,2020,top2,actual,23,5
structured_joint_turnover_180x35_v2,2020,top2,actual,24,5
structured_joint_turnover_180x35_v2,2020,top2,actual,25,8
structured_joint_turnover_180x35_v2,2020,top2,actual,26,5
structured_joint_turnover_180x35_v2,2020,top2,actual,27,3
structured_joint_turnover_180x35_v2,2020,top2,actual,28,4
structured_joint_turnover_180x35_v2,2020,top2,actual,29,3
structured_joint_turnover_180x35_v2,2020,top2,actual,30,3
structured_joint_turnover_180x35_v2,2020,top2,actual,31,4
structured_joint_turnover_180x35_v2,2020,top2,actual,32,5
structured_joint_turnover_180x35_v2,2020,top2,actual,33,5
structured_joint_turnover_180x35_v2,2020,top2,actual,34,6
structured_joint_turnover_180x35_v2,2020,top2,actual,35,6
structured_joint_turnover_180x35_v2,2020,top2,actual,36,7
structured_joint_turnover_180x35_v2,2020,top2,actual,37,5
structured_joint_turnover_180x35_v2,2020,top2,actual,38,6
structured_joint_turnover_180x35_v2,2020,top2,actual,39,2
structured_joint_turnover_180x35_v2,2020,top2,actual,40,2
structured_joint_turnover_180x35_v2,2020,top2,actual,41,3
structured_joint_turnover_180x35_v2,2020,top2,actual,42,5
structured_joint_turnover_180x35_v2,2020,top2,actual,43,3
structured_joint_turnover_180x35_v2,2020,top2,actual,44,3
structured_joint_turnover_180x35_v2,2020,top2,actual,45,4
structured_joint_turnover_180x35_v2,2020,top2,actual,46,8
structured_joint_turnover_180x35_v2,2020,top2,actual,47,5
structured_joint_turnover_180x35_v2,2020,top2,actual,48,9
structured_joint_turnover_180x35_v2,2020,top2,actual,49,4
structured_joint_turnover_180x35_v2,2020,top2,actual,50,5
structured_joint_turnover_180x35_v2,2020,top2,actual,51,6
structured_joint_turnover_180x35_v2,2020,top2,actual,52,5
structured_joint_turnover_180x35_v2,2020,top2,actual,53,5
structured_joint_turnover_180x35_v2,2020,top2,actual,54,6
structured_joint_turnover_180x35_v2,2020,top2,actual,55,4
structured_joint_turnover_180x35_v2,2020,top2,actual,56,5
structured_joint_turnover_180x35_v2,2020,top2,actual,57,4
structured_joint_turnover_180x35_v2,2020,top2,actual,58,7
structured_joint_turnover_180x35_v2,2020,top2,actual,59,11
structured_joint_turnover_180x35_v2,2020,top2,actual,60,17
structured_joint_turnover_180x35_v2,2020,top2,predicted,13,9
structured_joint_turnover_180x35_v2,2020,top2,predicted,14,246
structured_joint_turnover_180x35_v2,2020,top2,predicted,15,77
structured_joint_turnover_180x35_v2,2020,top2,predicted,16,147
structured_joint_turnover_180x35_v2,2020,top2,predicted,17,1
structured_joint_turnover_180x35_v2,2020,top2,predicted,18,2
structured_joint_turnover_180x35_v2,2020,top2,predicted,26,1
structured_joint_turnover_180x35_v2,2020,top2,predicted,55,1
structured_joint_turnover_180x35_v2,2020,top2,predicted,57,2
structured_joint_turnover_180x35_v2,2020,top3,actual,2,140
structured_joint_turnover_180x35_v2,2020,top3,actual,3,47
structured_joint_turnover_180x35_v2,2020,top3,actual,4,30
structured_joint_turnover_180x35_v2,2020,top3,actual,5,17
structured_joint_turnover_180x35_v2,2020,top3,actual,6,11
structured_joint_turnover_180x35_v2,2020,top3,actual,7,14
structured_joint_turnover_180x35_v2,2020,top3,actual,8,10
structured_joint_turnover_180x35_v2,2020,top3,actual,9,9
structured_joint_turnover_180x35_v2,2020,top3,actual,10,10
structured_joint_turnover_180x35_v2,2020,top3,actual,11,10
structured_joint_turnover_180x35_v2,2020,top3,actual,12,6
structured_joint_turnover_180x35_v2,2020,top3,actual,13,12
structured_joint_turnover_180x35_v2,2020,top3,actual,14,11
structured_joint_turnover_180x35_v2,2020,top3,actual,15,11
structured_joint_turnover_180x35_v2,2020,top3,actual,16,7
structured_joint_turnover_180x35_v2,2020,top3,actual,17,10
structured_joint_turnover_180x35_v2,2020,top3,actual,18,16
structured_joint_turnover_180x35_v2,2020,top3,actual,19,5
structured_joint_turnover_180x35_v2,2020,top3,actual,20,14
structured_joint_turnover_180x35_v2,2020,top3,actual,21,5
structured_joint_turnover_180x35_v2,2020,top3,actual,22,11
structured_joint_turnover_180x35_v2,2020,top3,actual,23,8
structured_joint_turnover_180x35_v2,2020,top3,actual,24,8
structured_joint_turnover_180x35_v2,2020,top3,actual,25,8
structured_joint_turnover_180x35_v2,2020,top3,actual,26,7
structured_joint_turnover_180x35_v2,2020,top3,actual,27,6
structured_joint_turnover_180x35_v2,2020,top3,actual,28,9
structured_joint_turnover_180x35_v2,2020,top3,actual,29,5
structured_joint_turnover_180x35_v2,2020,top3,actual,30,5
structured_joint_turnover_180x35_v2,2020,top3,actual,31,6
structured_joint_turnover_180x35_v2,2020,top3,actual,32,7
structured_joint_turnover_180x35_v2,2020,top3,actual,33,6
structured_joint_turnover_180x35_v2,2020,top3,actual,34,9
structured_joint_turnover_180x35_v2,2020,top3,actual,35,12
structured_joint_turnover_180x35_v2,2020,top3,actual,36,10
structured_joint_turnover_180x35_v2,2020,top3,actual,37,5
structured_joint_turnover_180x35_v2,2020,top3,actual,38,7
structured_joint_turnover_180x35_v2,2020,top3,actual,39,6
structured_joint_turnover_180x35_v2,2020,top3,actual,40,5
structured_joint_turnover_180x35_v2,2020,top3,actual,41,7
structured_joint_turnover_180x35_v2,2020,top3,actual,42,7
structured_joint_turnover_180x35_v2,2020,top3,actual,43,7
structured_joint_turnover_180x35_v2,2020,top3,actual,44,5
structured_joint_turnover_180x35_v2,2020,top3,actual,45,6
structured_joint_turnover_180x35_v2,2020,top3,actual,46,8
structured_joint_turnover_180x35_v2,2020,top3,actual,47,9
structured_joint_turnover_180x35_v2,2020,top3,actual,48,10
structured_joint_turnover_180x35_v2,2020,top3,actual,49,7
structured_joint_turnover_180x35_v2,2020,top3,actual,50,8
structured_joint_turnover_180x35_v2,2020,top3,actual,51,9
structured_joint_turnover_180x35_v2,2020,top3,actual,52,6
structured_joint_turnover_180x35_v2,2020,top3,actual,53,8
structured_joint_turnover_180x35_v2,2020,top3,actual,54,9
structured_joint_turnover_180x35_v2,2020,top3,actual,55,5
structured_joint_turnover_180x35_v2,2020,top3,actual,56,10
structured_joint_turnover_180x35_v2,2020,top3,actual,57,12
structured_joint_turnover_180x35_v2,2020,top3,actual,58,12
structured_joint_turnover_180x35_v2,2020,top3,actual,59,21
structured_joint_turnover_180x35_v2,2020,top3,actual,60,27
structured_joint_turnover_180x35_v2,2020,top3,predicted,13,13
structured_joint_turnover_180x35_v2,2020,top3,predicted,14,380
structured_joint_turnover_180x35_v2,2020,top3,predicted,15,104
structured_joint_turnover_180x35_v2,2020,top3,predicted,16,222
structured_joint_turnover_180x35_v2,2020,top3,predicted,17,1
structured_joint_turnover_180x35_v2,2020,top3,predicted,18,2
structured_joint_turnover_180x35_v2,2020,top3,predicted,26,1
structured_joint_turnover_180x35_v2,2020,top3,predicted,55,3
structured_joint_turnover_180x35_v2,2020,top3,predicted,57,3
structured_joint_turnover_180x35_v2,2020,universe,actual,2,107815
structured_joint_turnover_180x35_v2,2020,universe,actual,3,38290
structured_joint_turnover_180x35_v2,2020,universe,actual,4,24915
structured_joint_turnover_180x35_v2,2020,universe,actual,5,19704
structured_joint_turnover_180x35_v2,2020,universe,actual,6,16811
structured_joint_turnover_180x35_v2,2020,universe,actual,7,14550
structured_joint_turnover_180x35_v2,2020,universe,actual,8,12938
structured_joint_turnover_180x35_v2,2020,universe,actual,9,11208
structured_joint_turnover_180x35_v2,2020,universe,actual,10,9988
structured_joint_turnover_180x35_v2,2020,universe,actual,11,9390
structured_joint_turnover_180x35_v2,2020,universe,actual,12,9012
structured_joint_turnover_180x35_v2,2020,universe,actual,13,8622
structured_joint_turnover_180x35_v2,2020,universe,actual,14,8349
structured_joint_turnover_180x35_v2,2020,universe,actual,15,8137
structured_joint_turnover_180x35_v2,2020,universe,actual,16,7929
structured_joint_turnover_180x35_v2,2020,universe,actual,17,7736
structured_joint_turnover_180x35_v2,2020,universe,actual,18,7484
structured_joint_turnover_180x35_v2,2020,universe,actual,19,7201
structured_joint_turnover_180x35_v2,2020,universe,actual,20,6948
structured_joint_turnover_180x35_v2,2020,universe,actual,21,6789
structured_joint_turnover_180x35_v2,2020,universe,actual,22,6695
structured_joint_turnover_180x35_v2,2020,universe,actual,23,6588
structured_joint_turnover_180x35_v2,2020,universe,actual,24,6490
structured_joint_turnover_180x35_v2,2020,universe,actual,25,6390
structured_joint_turnover_180x35_v2,2020,universe,actual,26,6105
structured_joint_turnover_180x35_v2,2020,universe,actual,27,5928
structured_joint_turnover_180x35_v2,2020,universe,actual,28,5865
structured_joint_turnover_180x35_v2,2020,universe,actual,29,5792
structured_joint_turnover_180x35_v2,2020,universe,actual,30,5702
structured_joint_turnover_180x35_v2,2020,universe,actual,31,5672
structured_joint_turnover_180x35_v2,2020,universe,actual,32,5605
structured_joint_turnover_180x35_v2,2020,universe,actual,33,5504
structured_joint_turnover_180x35_v2,2020,universe,actual,34,5494
structured_joint_turnover_180x35_v2,2020,universe,actual,35,5483
structured_joint_turnover_180x35_v2,2020,universe,actual,36,5527
structured_joint_turnover_180x35_v2,2020,universe,actual,37,5544
structured_joint_turnover_180x35_v2,2020,universe,actual,38,5581
structured_joint_turnover_180x35_v2,2020,universe,actual,39,5581
structured_joint_turnover_180x35_v2,2020,universe,actual,40,5569
structured_joint_turnover_180x35_v2,2020,universe,actual,41,5591
structured_joint_turnover_180x35_v2,2020,universe,actual,42,5627
structured_joint_turnover_180x35_v2,2020,universe,actual,43,5627
structured_joint_turnover_180x35_v2,2020,universe,actual,44,5683
structured_joint_turnover_180x35_v2,2020,universe,actual,45,5742
structured_joint_turnover_180x35_v2,2020,universe,actual,46,5866
structured_joint_turnover_180x35_v2,2020,universe,actual,47,6032
structured_joint_turnover_180x35_v2,2020,universe,actual,48,6199
structured_joint_turnover_180x35_v2,2020,universe,actual,49,6387
structured_joint_turnover_180x35_v2,2020,universe,actual,50,6536
structured_joint_turnover_180x35_v2,2020,universe,actual,51,6783
structured_joint_turnover_180x35_v2,2020,universe,actual,52,7021
structured_joint_turnover_180x35_v2,2020,universe,actual,53,7328
structured_joint_turnover_180x35_v2,2020,universe,actual,54,7676
structured_joint_turnover_180x35_v2,2020,universe,actual,55,8107
structured_joint_turnover_180x35_v2,2020,universe,actual,56,8759
structured_joint_turnover_180x35_v2,2020,universe,actual,57,9685
structured_joint_turnover_180x35_v2,2020,universe,actual,58,11162
structured_joint_turnover_180x35_v2,2020,universe,actual,59,14591
structured_joint_turnover_180x35_v2,2020,universe,actual,60,27502
structured_joint_turnover_180x35_v2,2020,universe,predicted,2,455498
structured_joint_turnover_180x35_v2,2020,universe,predicted,3,4844
structured_joint_turnover_180x35_v2,2020,universe,predicted,4,5388
structured_joint_turnover_180x35_v2,2020,universe,predicted,5,92
structured_joint_turnover_180x35_v2,2020,universe,predicted,6,12873
structured_joint_turnover_180x35_v2,2020,universe,predicted,7,10928
structured_joint_turnover_180x35_v2,2020,universe,predicted,8,13285
structured_joint_turnover_180x35_v2,2020,universe,predicted,9,386
structured_joint_turnover_180x35_v2,2020,universe,predicted,10,217
structured_joint_turnover_180x35_v2,2020,universe,predicted,12,2
structured_joint_turnover_180x35_v2,2020,universe,predicted,13,4037
structured_joint_turnover_180x35_v2,2020,universe,predicted,14,41085
structured_joint_turnover_180x35_v2,2020,universe,predicted,15,7690
structured_joint_turnover_180x35_v2,2020,universe,predicted,16,43412
structured_joint_turnover_180x35_v2,2020,universe,predicted,17,5
structured_joint_turnover_180x35_v2,2020,universe,predicted,18,127
structured_joint_turnover_180x35_v2,2020,universe,predicted,26,1
structured_joint_turnover_180x35_v2,2020,universe,predicted,43,5
structured_joint_turnover_180x35_v2,2020,universe,predicted,51,1
structured_joint_turnover_180x35_v2,2020,universe,predicted,55,1172
structured_joint_turnover_180x35_v2,2020,universe,predicted,57,22199
structured_joint_turnover_180x35_v2,2021,top1,actual,2,30
structured_joint_turnover_180x35_v2,2021,top1,actual,3,13
structured_joint_turnover_180x35_v2,2021,top1,actual,4,15
structured_joint_turnover_180x35_v2,2021,top1,actual,5,6
structured_joint_turnover_180x35_v2,2021,top1,actual,6,5
structured_joint_turnover_180x35_v2,2021,top1,actual,7,2
structured_joint_turnover_180x35_v2,2021,top1,actual,8,8
structured_joint_turnover_180x35_v2,2021,top1,actual,9,4
structured_joint_turnover_180x35_v2,2021,top1,actual,10,4
structured_joint_turnover_180x35_v2,2021,top1,actual,11,3
structured_joint_turnover_180x35_v2,2021,top1,actual,12,4
structured_joint_turnover_180x35_v2,2021,top1,actual,13,4
structured_joint_turnover_180x35_v2,2021,top1,actual,14,3
structured_joint_turnover_180x35_v2,2021,top1,actual,15,3
structured_joint_turnover_180x35_v2,2021,top1,actual,16,1
structured_joint_turnover_180x35_v2,2021,top1,actual,17,5
structured_joint_turnover_180x35_v2,2021,top1,actual,18,2
structured_joint_turnover_180x35_v2,2021,top1,actual,19,1
structured_joint_turnover_180x35_v2,2021,top1,actual,20,2
structured_joint_turnover_180x35_v2,2021,top1,actual,21,2
structured_joint_turnover_180x35_v2,2021,top1,actual,22,4
structured_joint_turnover_180x35_v2,2021,top1,actual,23,2
structured_joint_turnover_180x35_v2,2021,top1,actual,24,3
structured_joint_turnover_180x35_v2,2021,top1,actual,25,4
structured_joint_turnover_180x35_v2,2021,top1,actual,26,1
structured_joint_turnover_180x35_v2,2021,top1,actual,27,2
structured_joint_turnover_180x35_v2,2021,top1,actual,28,1
structured_joint_turnover_180x35_v2,2021,top1,actual,29,5
structured_joint_turnover_180x35_v2,2021,top1,actual,30,2
structured_joint_turnover_180x35_v2,2021,top1,actual,31,2
structured_joint_turnover_180x35_v2,2021,top1,actual,32,4
structured_joint_turnover_180x35_v2,2021,top1,actual,33,3
structured_joint_turnover_180x35_v2,2021,top1,actual,34,3
structured_joint_turnover_180x35_v2,2021,top1,actual,35,7
structured_joint_turnover_180x35_v2,2021,top1,actual,36,2
structured_joint_turnover_180x35_v2,2021,top1,actual,37,2
structured_joint_turnover_180x35_v2,2021,top1,actual,38,2
structured_joint_turnover_180x35_v2,2021,top1,actual,39,2
structured_joint_turnover_180x35_v2,2021,top1,actual,40,3
structured_joint_turnover_180x35_v2,2021,top1,actual,41,1
structured_joint_turnover_180x35_v2,2021,top1,actual,42,3
structured_joint_turnover_180x35_v2,2021,top1,actual,43,3
structured_joint_turnover_180x35_v2,2021,top1,actual,44,2
structured_joint_turnover_180x35_v2,2021,top1,actual,45,3
structured_joint_turnover_180x35_v2,2021,top1,actual,46,5
structured_joint_turnover_180x35_v2,2021,top1,actual,47,1
structured_joint_turnover_180x35_v2,2021,top1,actual,48,1
structured_joint_turnover_180x35_v2,2021,top1,actual,49,4
structured_joint_turnover_180x35_v2,2021,top1,actual,50,4
structured_joint_turnover_180x35_v2,2021,top1,actual,51,2
structured_joint_turnover_180x35_v2,2021,top1,actual,52,1
structured_joint_turnover_180x35_v2,2021,top1,actual,53,6
structured_joint_turnover_180x35_v2,2021,top1,actual,54,3
structured_joint_turnover_180x35_v2,2021,top1,actual,55,3
structured_joint_turnover_180x35_v2,2021,top1,actual,56,1
structured_joint_turnover_180x35_v2,2021,top1,actual,57,4
structured_joint_turnover_180x35_v2,2021,top1,actual,58,6
structured_joint_turnover_180x35_v2,2021,top1,actual,59,9
structured_joint_turnover_180x35_v2,2021,top1,actual,60,10
structured_joint_turnover_180x35_v2,2021,top1,predicted,3,4
structured_joint_turnover_180x35_v2,2021,top1,predicted,4,5
structured_joint_turnover_180x35_v2,2021,top1,predicted,5,22
structured_joint_turnover_180x35_v2,2021,top1,predicted,6,40
structured_joint_turnover_180x35_v2,2021,top1,predicted,7,44
structured_joint_turnover_180x35_v2,2021,top1,predicted,8,4
structured_joint_turnover_180x35_v2,2021,top1,predicted,9,8
structured_joint_turnover_180x35_v2,2021,top1,predicted,10,29
structured_joint_turnover_180x35_v2,2021,top1,predicted,12,2
structured_joint_turnover_180x35_v2,2021,top1,predicted,15,4
structured_joint_turnover_180x35_v2,2021,top1,predicted,16,20
structured_joint_turnover_180x35_v2,2021,top1,predicted,18,1
structured_joint_turnover_180x35_v2,2021,top1,predicted,55,40
structured_joint_turnover_180x35_v2,2021,top1,predicted,56,18
structured_joint_turnover_180x35_v2,2021,top1,predicted,57,2
structured_joint_turnover_180x35_v2,2021,top10,actual,2,283
structured_joint_turnover_180x35_v2,2021,top10,actual,3,105
structured_joint_turnover_180x35_v2,2021,top10,actual,4,90
structured_joint_turnover_180x35_v2,2021,top10,actual,5,67
structured_joint_turnover_180x35_v2,2021,top10,actual,6,48
structured_joint_turnover_180x35_v2,2021,top10,actual,7,44
structured_joint_turnover_180x35_v2,2021,top10,actual,8,49
structured_joint_turnover_180x35_v2,2021,top10,actual,9,55
structured_joint_turnover_180x35_v2,2021,top10,actual,10,37
structured_joint_turnover_180x35_v2,2021,top10,actual,11,29
structured_joint_turnover_180x35_v2,2021,top10,actual,12,32
structured_joint_turnover_180x35_v2,2021,top10,actual,13,27
structured_joint_turnover_180x35_v2,2021,top10,actual,14,28
structured_joint_turnover_180x35_v2,2021,top10,actual,15,32
structured_joint_turnover_180x35_v2,2021,top10,actual,16,31
structured_joint_turnover_180x35_v2,2021,top10,actual,17,30
structured_joint_turnover_180x35_v2,2021,top10,actual,18,28
structured_joint_turnover_180x35_v2,2021,top10,actual,19,24
structured_joint_turnover_180x35_v2,2021,top10,actual,20,25
structured_joint_turnover_180x35_v2,2021,top10,actual,21,25
structured_joint_turnover_180x35_v2,2021,top10,actual,22,25
structured_joint_turnover_180x35_v2,2021,top10,actual,23,34
structured_joint_turnover_180x35_v2,2021,top10,actual,24,33
structured_joint_turnover_180x35_v2,2021,top10,actual,25,36
structured_joint_turnover_180x35_v2,2021,top10,actual,26,32
structured_joint_turnover_180x35_v2,2021,top10,actual,27,31
structured_joint_turnover_180x35_v2,2021,top10,actual,28,35
structured_joint_turnover_180x35_v2,2021,top10,actual,29,39
structured_joint_turnover_180x35_v2,2021,top10,actual,30,34
structured_joint_turnover_180x35_v2,2021,top10,actual,31,27
structured_joint_turnover_180x35_v2,2021,top10,actual,32,39
structured_joint_turnover_180x35_v2,2021,top10,actual,33,30
structured_joint_turnover_180x35_v2,2021,top10,actual,34,35
structured_joint_turnover_180x35_v2,2021,top10,actual,35,38
structured_joint_turnover_180x35_v2,2021,top10,actual,36,30
structured_joint_turnover_180x35_v2,2021,top10,actual,37,24
structured_joint_turnover_180x35_v2,2021,top10,actual,38,25
structured_joint_turnover_180x35_v2,2021,top10,actual,39,23
structured_joint_turnover_180x35_v2,2021,top10,actual,40,29
structured_joint_turnover_180x35_v2,2021,top10,actual,41,23
structured_joint_turnover_180x35_v2,2021,top10,actual,42,24
structured_joint_turnover_180x35_v2,2021,top10,actual,43,23
structured_joint_turnover_180x35_v2,2021,top10,actual,44,24
structured_joint_turnover_180x35_v2,2021,top10,actual,45,17
structured_joint_turnover_180x35_v2,2021,top10,actual,46,33
structured_joint_turnover_180x35_v2,2021,top10,actual,47,24
structured_joint_turnover_180x35_v2,2021,top10,actual,48,29
structured_joint_turnover_180x35_v2,2021,top10,actual,49,23
structured_joint_turnover_180x35_v2,2021,top10,actual,50,32
structured_joint_turnover_180x35_v2,2021,top10,actual,51,27
structured_joint_turnover_180x35_v2,2021,top10,actual,52,31
structured_joint_turnover_180x35_v2,2021,top10,actual,53,38
structured_joint_turnover_180x35_v2,2021,top10,actual,54,39
structured_joint_turnover_180x35_v2,2021,top10,actual,55,36
structured_joint_turnover_180x35_v2,2021,top10,actual,56,35
structured_joint_turnover_180x35_v2,2021,top10,actual,57,37
structured_joint_turnover_180x35_v2,2021,top10,actual,58,47
structured_joint_turnover_180x35_v2,2021,top10,actual,59,67
structured_joint_turnover_180x35_v2,2021,top10,actual,60,133
structured_joint_turnover_180x35_v2,2021,top10,predicted,3,405
structured_joint_turnover_180x35_v2,2021,top10,predicted,4,100
structured_joint_turnover_180x35_v2,2021,top10,predicted,5,290
structured_joint_turnover_180x35_v2,2021,top10,predicted,6,280
structured_joint_turnover_180x35_v2,2021,top10,predicted,7,413
structured_joint_turnover_180x35_v2,2021,top10,predicted,8,55
structured_joint_turnover_180x35_v2,2021,top10,predicted,9,99
structured_joint_turnover_180x35_v2,2021,top10,predicted,10,345
structured_joint_turnover_180x35_v2,2021,top10,predicted,11,9
structured_joint_turnover_180x35_v2,2021,top10,predicted,12,6
structured_joint_turnover_180x35_v2,2021,top10,predicted,15,7
structured_joint_turnover_180x35_v2,2021,top10,predicted,16,77
structured_joint_turnover_180x35_v2,2021,top10,predicted,18,3
structured_joint_turnover_180x35_v2,2021,top10,predicted,54,2
structured_joint_turnover_180x35_v2,2021,top10,predicted,55,207
structured_joint_turnover_180x35_v2,2021,top10,predicted,56,120
structured_joint_turnover_180x35_v2,2021,top10,predicted,57,12
structured_joint_turnover_180x35_v2,2021,top2,actual,2,69
structured_joint_turnover_180x35_v2,2021,top2,actual,3,24
structured_joint_turnover_180x35_v2,2021,top2,actual,4,21
structured_joint_turnover_180x35_v2,2021,top2,actual,5,16
structured_joint_turnover_180x35_v2,2021,top2,actual,6,9
structured_joint_turnover_180x35_v2,2021,top2,actual,7,8
structured_joint_turnover_180x35_v2,2021,top2,actual,8,12
structured_joint_turnover_180x35_v2,2021,top2,actual,9,8
structured_joint_turnover_180x35_v2,2021,top2,actual,10,6
structured_joint_turnover_180x35_v2,2021,top2,actual,11,6
structured_joint_turnover_180x35_v2,2021,top2,actual,12,7
structured_joint_turnover_180x35_v2,2021,top2,actual,13,5
structured_joint_turnover_180x35_v2,2021,top2,actual,14,7
structured_joint_turnover_180x35_v2,2021,top2,actual,15,7
structured_joint_turnover_180x35_v2,2021,top2,actual,16,4
structured_joint_turnover_180x35_v2,2021,top2,actual,17,7
structured_joint_turnover_180x35_v2,2021,top2,actual,18,7
structured_joint_turnover_180x35_v2,2021,top2,actual,19,4
structured_joint_turnover_180x35_v2,2021,top2,actual,20,4
structured_joint_turnover_180x35_v2,2021,top2,actual,21,3
structured_joint_turnover_180x35_v2,2021,top2,actual,22,8
structured_joint_turnover_180x35_v2,2021,top2,actual,23,4
structured_joint_turnover_180x35_v2,2021,top2,actual,24,5
structured_joint_turnover_180x35_v2,2021,top2,actual,25,10
structured_joint_turnover_180x35_v2,2021,top2,actual,26,3
structured_joint_turnover_180x35_v2,2021,top2,actual,27,3
structured_joint_turnover_180x35_v2,2021,top2,actual,28,5
structured_joint_turnover_180x35_v2,2021,top2,actual,29,10
structured_joint_turnover_180x35_v2,2021,top2,actual,30,5
structured_joint_turnover_180x35_v2,2021,top2,actual,31,5
structured_joint_turnover_180x35_v2,2021,top2,actual,32,10
structured_joint_turnover_180x35_v2,2021,top2,actual,33,7
structured_joint_turnover_180x35_v2,2021,top2,actual,34,9
structured_joint_turnover_180x35_v2,2021,top2,actual,35,10
structured_joint_turnover_180x35_v2,2021,top2,actual,36,5
structured_joint_turnover_180x35_v2,2021,top2,actual,37,6
structured_joint_turnover_180x35_v2,2021,top2,actual,38,3
structured_joint_turnover_180x35_v2,2021,top2,actual,39,3
structured_joint_turnover_180x35_v2,2021,top2,actual,40,5
structured_joint_turnover_180x35_v2,2021,top2,actual,41,1
structured_joint_turnover_180x35_v2,2021,top2,actual,42,6
structured_joint_turnover_180x35_v2,2021,top2,actual,43,7
structured_joint_turnover_180x35_v2,2021,top2,actual,44,5
structured_joint_turnover_180x35_v2,2021,top2,actual,45,6
structured_joint_turnover_180x35_v2,2021,top2,actual,46,6
structured_joint_turnover_180x35_v2,2021,top2,actual,47,2
structured_joint_turnover_180x35_v2,2021,top2,actual,48,4
structured_joint_turnover_180x35_v2,2021,top2,actual,49,8
structured_joint_turnover_180x35_v2,2021,top2,actual,50,4
structured_joint_turnover_180x35_v2,2021,top2,actual,51,6
structured_joint_turnover_180x35_v2,2021,top2,actual,52,3
structured_joint_turnover_180x35_v2,2021,top2,actual,53,7
structured_joint_turnover_180x35_v2,2021,top2,actual,54,6
structured_joint_turnover_180x35_v2,2021,top2,actual,55,5
structured_joint_turnover_180x35_v2,2021,top2,actual,56,2
structured_joint_turnover_180x35_v2,2021,top2,actual,57,11
structured_joint_turnover_180x35_v2,2021,top2,actual,58,10
structured_joint_turnover_180x35_v2,2021,top2,actual,59,17
structured_joint_turnover_180x35_v2,2021,top2,actual,60,20
structured_joint_turnover_180x35_v2,2021,top2,predicted,3,13
structured_joint_turnover_180x35_v2,2021,top2,predicted,4,14
structured_joint_turnover_180x35_v2,2021,top2,predicted,5,48
structured_joint_turnover_180x35_v2,2021,top2,predicted,6,70
structured_joint_turnover_180x35_v2,2021,top2,predicted,7,100
structured_joint_turnover_180x35_v2,2021,top2,predicted,8,7
structured_joint_turnover_180x35_v2,2021,top2,predicted,9,21
structured_joint_turnover_180x35_v2,2021,top2,predicted,10,63
structured_joint_turnover_180x35_v2,2021,top2,predicted,11,2
structured_joint_turnover_180x35_v2,2021,top2,predicted,12,4
structured_joint_turnover_180x35_v2,2021,top2,predicted,15,4
structured_joint_turnover_180x35_v2,2021,top2,predicted,16,36
structured_joint_turnover_180x35_v2,2021,top2,predicted,18,2
structured_joint_turnover_180x35_v2,2021,top2,predicted,55,63
structured_joint_turnover_180x35_v2,2021,top2,predicted,56,33
structured_joint_turnover_180x35_v2,2021,top2,predicted,57,6
structured_joint_turnover_180x35_v2,2021,top3,actual,2,98
structured_joint_turnover_180x35_v2,2021,top3,actual,3,37
structured_joint_turnover_180x35_v2,2021,top3,actual,4,34
structured_joint_turnover_180x35_v2,2021,top3,actual,5,23
structured_joint_turnover_180x35_v2,2021,top3,actual,6,15
structured_joint_turnover_180x35_v2,2021,top3,actual,7,11
structured_joint_turnover_180x35_v2,2021,top3,actual,8,18
structured_joint_turnover_180x35_v2,2021,top3,actual,9,16
structured_joint_turnover_180x35_v2,2021,top3,actual,10,12
structured_joint_turnover_180x35_v2,2021,top3,actual,11,10
structured_joint_turnover_180x35_v2,2021,top3,actual,12,8
structured_joint_turnover_180x35_v2,2021,top3,actual,13,6
structured_joint_turnover_180x35_v2,2021,top3,actual,14,8
structured_joint_turnover_180x35_v2,2021,top3,actual,15,10
structured_joint_turnover_180x35_v2,2021,top3,actual,16,8
structured_joint_turnover_180x35_v2,2021,top3,actual,17,10
structured_joint_turnover_180x35_v2,2021,top3,actual,18,9
structured_joint_turnover_180x35_v2,2021,top3,actual,19,5
structured_joint_turnover_180x35_v2,2021,top3,actual,20,7
structured_joint_turnover_180x35_v2,2021,top3,actual,21,5
structured_joint_turnover_180x35_v2,2021,top3,actual,22,14
structured_joint_turnover_180x35_v2,2021,top3,actual,23,7
structured_joint_turnover_180x35_v2,2021,top3,actual,24,7
structured_joint_turnover_180x35_v2,2021,top3,actual,25,12
structured_joint_turnover_180x35_v2,2021,top3,actual,26,7
structured_joint_turnover_180x35_v2,2021,top3,actual,27,7
structured_joint_turnover_180x35_v2,2021,top3,actual,28,10
structured_joint_turnover_180x35_v2,2021,top3,actual,29,14
structured_joint_turnover_180x35_v2,2021,top3,actual,30,9
structured_joint_turnover_180x35_v2,2021,top3,actual,31,11
structured_joint_turnover_180x35_v2,2021,top3,actual,32,12
structured_joint_turnover_180x35_v2,2021,top3,actual,33,12
structured_joint_turnover_180x35_v2,2021,top3,actual,34,10
structured_joint_turnover_180x35_v2,2021,top3,actual,35,12
structured_joint_turnover_180x35_v2,2021,top3,actual,36,8
structured_joint_turnover_180x35_v2,2021,top3,actual,37,9
structured_joint_turnover_180x35_v2,2021,top3,actual,38,4
structured_joint_turnover_180x35_v2,2021,top3,actual,39,6
structured_joint_turnover_180x35_v2,2021,top3,actual,40,8
structured_joint_turnover_180x35_v2,2021,top3,actual,41,5
structured_joint_turnover_180x35_v2,2021,top3,actual,42,7
structured_joint_turnover_180x35_v2,2021,top3,actual,43,10
structured_joint_turnover_180x35_v2,2021,top3,actual,44,7
structured_joint_turnover_180x35_v2,2021,top3,actual,45,7
structured_joint_turnover_180x35_v2,2021,top3,actual,46,9
structured_joint_turnover_180x35_v2,2021,top3,actual,47,4
structured_joint_turnover_180x35_v2,2021,top3,actual,48,5
structured_joint_turnover_180x35_v2,2021,top3,actual,49,10
structured_joint_turnover_180x35_v2,2021,top3,actual,50,7
structured_joint_turnover_180x35_v2,2021,top3,actual,51,8
structured_joint_turnover_180x35_v2,2021,top3,actual,52,5
structured_joint_turnover_180x35_v2,2021,top3,actual,53,10
structured_joint_turnover_180x35_v2,2021,top3,actual,54,11
structured_joint_turnover_180x35_v2,2021,top3,actual,55,7
structured_joint_turnover_180x35_v2,2021,top3,actual,56,6
structured_joint_turnover_180x35_v2,2021,top3,actual,57,13
structured_joint_turnover_180x35_v2,2021,top3,actual,58,13
structured_joint_turnover_180x35_v2,2021,top3,actual,59,22
structured_joint_turnover_180x35_v2,2021,top3,actual,60,34
structured_joint_turnover_180x35_v2,2021,top3,predicted,3,34
structured_joint_turnover_180x35_v2,2021,top3,predicted,4,29
structured_joint_turnover_180x35_v2,2021,top3,predicted,5,77
structured_joint_turnover_180x35_v2,2021,top3,predicted,6,112
structured_joint_turnover_180x35_v2,2021,top3,predicted,7,143
structured_joint_turnover_180x35_v2,2021,top3,predicted,8,12
structured_joint_turnover_180x35_v2,2021,top3,predicted,9,28
structured_joint_turnover_180x35_v2,2021,top3,predicted,10,92
structured_joint_turnover_180x35_v2,2021,top3,predicted,11,2
structured_joint_turnover_180x35_v2,2021,top3,predicted,12,5
structured_joint_turnover_180x35_v2,2021,top3,predicted,15,5
structured_joint_turnover_180x35_v2,2021,top3,predicted,16,46
structured_joint_turnover_180x35_v2,2021,top3,predicted,18,2
structured_joint_turnover_180x35_v2,2021,top3,predicted,54,1
structured_joint_turnover_180x35_v2,2021,top3,predicted,55,88
structured_joint_turnover_180x35_v2,2021,top3,predicted,56,45
structured_joint_turnover_180x35_v2,2021,top3,predicted,57,8
structured_joint_turnover_180x35_v2,2021,universe,actual,2,96125
structured_joint_turnover_180x35_v2,2021,universe,actual,3,36431
structured_joint_turnover_180x35_v2,2021,universe,actual,4,23730
structured_joint_turnover_180x35_v2,2021,universe,actual,5,18600
structured_joint_turnover_180x35_v2,2021,universe,actual,6,15701
structured_joint_turnover_180x35_v2,2021,universe,actual,7,13861
structured_joint_turnover_180x35_v2,2021,universe,actual,8,12407
structured_joint_turnover_180x35_v2,2021,universe,actual,9,11235
structured_joint_turnover_180x35_v2,2021,universe,actual,10,10639
structured_joint_turnover_180x35_v2,2021,universe,actual,11,10044
structured_joint_turnover_180x35_v2,2021,universe,actual,12,9519
structured_joint_turnover_180x35_v2,2021,universe,actual,13,9077
structured_joint_turnover_180x35_v2,2021,universe,actual,14,8650
structured_joint_turnover_180x35_v2,2021,universe,actual,15,8379
structured_joint_turnover_180x35_v2,2021,universe,actual,16,8097
structured_joint_turnover_180x35_v2,2021,universe,actual,17,7925
structured_joint_turnover_180x35_v2,2021,universe,actual,18,7716
structured_joint_turnover_180x35_v2,2021,universe,actual,19,7567
structured_joint_turnover_180x35_v2,2021,universe,actual,20,7474
structured_joint_turnover_180x35_v2,2021,universe,actual,21,7399
structured_joint_turnover_180x35_v2,2021,universe,actual,22,7311
structured_joint_turnover_180x35_v2,2021,universe,actual,23,7296
structured_joint_turnover_180x35_v2,2021,universe,actual,24,7267
structured_joint_turnover_180x35_v2,2021,universe,actual,25,7243
structured_joint_turnover_180x35_v2,2021,universe,actual,26,7209
structured_joint_turnover_180x35_v2,2021,universe,actual,27,7161
structured_joint_turnover_180x35_v2,2021,universe,actual,28,7122
structured_joint_turnover_180x35_v2,2021,universe,actual,29,7058
structured_joint_turnover_180x35_v2,2021,universe,actual,30,7059
structured_joint_turnover_180x35_v2,2021,universe,actual,31,7009
structured_joint_turnover_180x35_v2,2021,universe,actual,32,6969
structured_joint_turnover_180x35_v2,2021,universe,actual,33,6952
structured_joint_turnover_180x35_v2,2021,universe,actual,34,6898
structured_joint_turnover_180x35_v2,2021,universe,actual,35,6835
structured_joint_turnover_180x35_v2,2021,universe,actual,36,6760
structured_joint_turnover_180x35_v2,2021,universe,actual,37,6745
structured_joint_turnover_180x35_v2,2021,universe,actual,38,6736
structured_joint_turnover_180x35_v2,2021,universe,actual,39,6772
structured_joint_turnover_180x35_v2,2021,universe,actual,40,6803
structured_joint_turnover_180x35_v2,2021,universe,actual,41,6839
structured_joint_turnover_180x35_v2,2021,universe,actual,42,6883
structured_joint_turnover_180x35_v2,2021,universe,actual,43,6954
structured_joint_turnover_180x35_v2,2021,universe,actual,44,7013
structured_joint_turnover_180x35_v2,2021,universe,actual,45,7055
structured_joint_turnover_180x35_v2,2021,universe,actual,46,7155
structured_joint_turnover_180x35_v2,2021,universe,actual,47,7283
structured_joint_turnover_180x35_v2,2021,universe,actual,48,7425
structured_joint_turnover_180x35_v2,2021,universe,actual,49,7590
structured_joint_turnover_180x35_v2,2021,universe,actual,50,7799
structured_joint_turnover_180x35_v2,2021,universe,actual,51,7958
structured_joint_turnover_180x35_v2,2021,universe,actual,52,8237
structured_joint_turnover_180x35_v2,2021,universe,actual,53,8546
structured_joint_turnover_180x35_v2,2021,universe,actual,54,9037
structured_joint_turnover_180x35_v2,2021,universe,actual,55,9627
structured_joint_turnover_180x35_v2,2021,universe,actual,56,10343
structured_joint_turnover_180x35_v2,2021,universe,actual,57,11318
structured_joint_turnover_180x35_v2,2021,universe,actual,58,12944
structured_joint_turnover_180x35_v2,2021,universe,actual,59,16219
structured_joint_turnover_180x35_v2,2021,universe,actual,60,29061
structured_joint_turnover_180x35_v2,2021,universe,predicted,2,469723
structured_joint_turnover_180x35_v2,2021,universe,predicted,3,100022
structured_joint_turnover_180x35_v2,2021,universe,predicted,4,41031
structured_joint_turnover_180x35_v2,2021,universe,predicted,5,5949
structured_joint_turnover_180x35_v2,2021,universe,predicted,6,17879
structured_joint_turnover_180x35_v2,2021,universe,predicted,7,13399
structured_joint_turnover_180x35_v2,2021,universe,predicted,8,1327
structured_joint_turnover_180x35_v2,2021,universe,predicted,9,1083
structured_joint_turnover_180x35_v2,2021,universe,predicted,10,4938
structured_joint_turnover_180x35_v2,2021,universe,predicted,11,10
structured_joint_turnover_180x35_v2,2021,universe,predicted,12,6
structured_joint_turnover_180x35_v2,2021,universe,predicted,15,7
structured_joint_turnover_180x35_v2,2021,universe,predicted,16,113
structured_joint_turnover_180x35_v2,2021,universe,predicted,17,1
structured_joint_turnover_180x35_v2,2021,universe,predicted,18,3
structured_joint_turnover_180x35_v2,2021,universe,predicted,54,2
structured_joint_turnover_180x35_v2,2021,universe,predicted,55,2875
structured_joint_turnover_180x35_v2,2021,universe,predicted,56,661
structured_joint_turnover_180x35_v2,2021,universe,predicted,57,38
structured_joint_turnover_180x35_v2,2022,top1,actual,2,39
structured_joint_turnover_180x35_v2,2022,top1,actual,3,7
structured_joint_turnover_180x35_v2,2022,top1,actual,4,12
structured_joint_turnover_180x35_v2,2022,top1,actual,5,6
structured_joint_turnover_180x35_v2,2022,top1,actual,6,7
structured_joint_turnover_180x35_v2,2022,top1,actual,7,3
structured_joint_turnover_180x35_v2,2022,top1,actual,8,4
structured_joint_turnover_180x35_v2,2022,top1,actual,9,2
structured_joint_turnover_180x35_v2,2022,top1,actual,10,3
structured_joint_turnover_180x35_v2,2022,top1,actual,11,2
structured_joint_turnover_180x35_v2,2022,top1,actual,12,3
structured_joint_turnover_180x35_v2,2022,top1,actual,13,4
structured_joint_turnover_180x35_v2,2022,top1,actual,14,1
structured_joint_turnover_180x35_v2,2022,top1,actual,15,1
structured_joint_turnover_180x35_v2,2022,top1,actual,16,2
structured_joint_turnover_180x35_v2,2022,top1,actual,17,4
structured_joint_turnover_180x35_v2,2022,top1,actual,18,3
structured_joint_turnover_180x35_v2,2022,top1,actual,19,3
structured_joint_turnover_180x35_v2,2022,top1,actual,20,5
structured_joint_turnover_180x35_v2,2022,top1,actual,21,1
structured_joint_turnover_180x35_v2,2022,top1,actual,22,1
structured_joint_turnover_180x35_v2,2022,top1,actual,23,2
structured_joint_turnover_180x35_v2,2022,top1,actual,24,1
structured_joint_turnover_180x35_v2,2022,top1,actual,25,3
structured_joint_turnover_180x35_v2,2022,top1,actual,26,1
structured_joint_turnover_180x35_v2,2022,top1,actual,28,3
structured_joint_turnover_180x35_v2,2022,top1,actual,29,1
structured_joint_turnover_180x35_v2,2022,top1,actual,30,3
structured_joint_turnover_180x35_v2,2022,top1,actual,31,1
structured_joint_turnover_180x35_v2,2022,top1,actual,32,2
structured_joint_turnover_180x35_v2,2022,top1,actual,33,5
structured_joint_turnover_180x35_v2,2022,top1,actual,34,2
structured_joint_turnover_180x35_v2,2022,top1,actual,35,3
structured_joint_turnover_180x35_v2,2022,top1,actual,36,3
structured_joint_turnover_180x35_v2,2022,top1,actual,37,2
structured_joint_turnover_180x35_v2,2022,top1,actual,38,4
structured_joint_turnover_180x35_v2,2022,top1,actual,39,2
structured_joint_turnover_180x35_v2,2022,top1,actual,40,3
structured_joint_turnover_180x35_v2,2022,top1,actual,41,4
structured_joint_turnover_180x35_v2,2022,top1,actual,42,5
structured_joint_turnover_180x35_v2,2022,top1,actual,43,3
structured_joint_turnover_180x35_v2,2022,top1,actual,45,2
structured_joint_turnover_180x35_v2,2022,top1,actual,46,6
structured_joint_turnover_180x35_v2,2022,top1,actual,47,7
structured_joint_turnover_180x35_v2,2022,top1,actual,48,4
structured_joint_turnover_180x35_v2,2022,top1,actual,49,2
structured_joint_turnover_180x35_v2,2022,top1,actual,50,2
structured_joint_turnover_180x35_v2,2022,top1,actual,51,5
structured_joint_turnover_180x35_v2,2022,top1,actual,52,4
structured_joint_turnover_180x35_v2,2022,top1,actual,53,2
structured_joint_turnover_180x35_v2,2022,top1,actual,54,5
structured_joint_turnover_180x35_v2,2022,top1,actual,55,5
structured_joint_turnover_180x35_v2,2022,top1,actual,56,7
structured_joint_turnover_180x35_v2,2022,top1,actual,57,3
structured_joint_turnover_180x35_v2,2022,top1,actual,58,6
structured_joint_turnover_180x35_v2,2022,top1,actual,59,7
structured_joint_turnover_180x35_v2,2022,top1,actual,60,9
structured_joint_turnover_180x35_v2,2022,top1,predicted,14,5
structured_joint_turnover_180x35_v2,2022,top1,predicted,15,1
structured_joint_turnover_180x35_v2,2022,top1,predicted,19,25
structured_joint_turnover_180x35_v2,2022,top1,predicted,21,2
structured_joint_turnover_180x35_v2,2022,top1,predicted,22,9
structured_joint_turnover_180x35_v2,2022,top1,predicted,29,29
structured_joint_turnover_180x35_v2,2022,top1,predicted,30,22
structured_joint_turnover_180x35_v2,2022,top1,predicted,31,64
structured_joint_turnover_180x35_v2,2022,top1,predicted,54,6
structured_joint_turnover_180x35_v2,2022,top1,predicted,55,79
structured_joint_turnover_180x35_v2,2022,top10,actual,2,324
structured_joint_turnover_180x35_v2,2022,top10,actual,3,117
structured_joint_turnover_180x35_v2,2022,top10,actual,4,78
structured_joint_turnover_180x35_v2,2022,top10,actual,5,78
structured_joint_turnover_180x35_v2,2022,top10,actual,6,63
structured_joint_turnover_180x35_v2,2022,top10,actual,7,55
structured_joint_turnover_180x35_v2,2022,top10,actual,8,41
structured_joint_turnover_180x35_v2,2022,top10,actual,9,37
structured_joint_turnover_180x35_v2,2022,top10,actual,10,28
structured_joint_turnover_180x35_v2,2022,top10,actual,11,30
structured_joint_turnover_180x35_v2,2022,top10,actual,12,39
structured_joint_turnover_180x35_v2,2022,top10,actual,13,38
structured_joint_turnover_180x35_v2,2022,top10,actual,14,30
structured_joint_turnover_180x35_v2,2022,top10,actual,15,24
structured_joint_turnover_180x35_v2,2022,top10,actual,16,30
structured_joint_turnover_180x35_v2,2022,top10,actual,17,34
structured_joint_turnover_180x35_v2,2022,top10,actual,18,26
structured_joint_turnover_180x35_v2,2022,top10,actual,19,25
structured_joint_turnover_180x35_v2,2022,top10,actual,20,32
structured_joint_turnover_180x35_v2,2022,top10,actual,21,27
structured_joint_turnover_180x35_v2,2022,top10,actual,22,29
structured_joint_turnover_180x35_v2,2022,top10,actual,23,29
structured_joint_turnover_180x35_v2,2022,top10,actual,24,28
structured_joint_turnover_180x35_v2,2022,top10,actual,25,28
structured_joint_turnover_180x35_v2,2022,top10,actual,26,27
structured_joint_turnover_180x35_v2,2022,top10,actual,27,32
structured_joint_turnover_180x35_v2,2022,top10,actual,28,30
structured_joint_turnover_180x35_v2,2022,top10,actual,29,27
structured_joint_turnover_180x35_v2,2022,top10,actual,30,18
structured_joint_turnover_180x35_v2,2022,top10,actual,31,20
structured_joint_turnover_180x35_v2,2022,top10,actual,32,27
structured_joint_turnover_180x35_v2,2022,top10,actual,33,27
structured_joint_turnover_180x35_v2,2022,top10,actual,34,24
structured_joint_turnover_180x35_v2,2022,top10,actual,35,21
structured_joint_turnover_180x35_v2,2022,top10,actual,36,28
structured_joint_turnover_180x35_v2,2022,top10,actual,37,22
structured_joint_turnover_180x35_v2,2022,top10,actual,38,21
structured_joint_turnover_180x35_v2,2022,top10,actual,39,23
structured_joint_turnover_180x35_v2,2022,top10,actual,40,23
structured_joint_turnover_180x35_v2,2022,top10,actual,41,28
structured_joint_turnover_180x35_v2,2022,top10,actual,42,30
structured_joint_turnover_180x35_v2,2022,top10,actual,43,29
structured_joint_turnover_180x35_v2,2022,top10,actual,44,32
structured_joint_turnover_180x35_v2,2022,top10,actual,45,24
structured_joint_turnover_180x35_v2,2022,top10,actual,46,31
structured_joint_turnover_180x35_v2,2022,top10,actual,47,29
structured_joint_turnover_180x35_v2,2022,top10,actual,48,29
structured_joint_turnover_180x35_v2,2022,top10,actual,49,35
structured_joint_turnover_180x35_v2,2022,top10,actual,50,33
structured_joint_turnover_180x35_v2,2022,top10,actual,51,33
structured_joint_turnover_180x35_v2,2022,top10,actual,52,30
structured_joint_turnover_180x35_v2,2022,top10,actual,53,28
structured_joint_turnover_180x35_v2,2022,top10,actual,54,39
structured_joint_turnover_180x35_v2,2022,top10,actual,55,42
structured_joint_turnover_180x35_v2,2022,top10,actual,56,43
structured_joint_turnover_180x35_v2,2022,top10,actual,57,50
structured_joint_turnover_180x35_v2,2022,top10,actual,58,52
structured_joint_turnover_180x35_v2,2022,top10,actual,59,61
structured_joint_turnover_180x35_v2,2022,top10,actual,60,102
structured_joint_turnover_180x35_v2,2022,top10,predicted,13,16
structured_joint_turnover_180x35_v2,2022,top10,predicted,14,58
structured_joint_turnover_180x35_v2,2022,top10,predicted,15,6
structured_joint_turnover_180x35_v2,2022,top10,predicted,17,2
structured_joint_turnover_180x35_v2,2022,top10,predicted,18,3
structured_joint_turnover_180x35_v2,2022,top10,predicted,19,469
structured_joint_turnover_180x35_v2,2022,top10,predicted,20,16
structured_joint_turnover_180x35_v2,2022,top10,predicted,21,42
structured_joint_turnover_180x35_v2,2022,top10,predicted,22,135
structured_joint_turnover_180x35_v2,2022,top10,predicted,29,456
structured_joint_turnover_180x35_v2,2022,top10,predicted,30,223
structured_joint_turnover_180x35_v2,2022,top10,predicted,31,461
structured_joint_turnover_180x35_v2,2022,top10,predicted,54,47
structured_joint_turnover_180x35_v2,2022,top10,predicted,55,486
structured_joint_turnover_180x35_v2,2022,top2,actual,2,70
structured_joint_turnover_180x35_v2,2022,top2,actual,3,19
structured_joint_turnover_180x35_v2,2022,top2,actual,4,17
structured_joint_turnover_180x35_v2,2022,top2,actual,5,14
structured_joint_turnover_180x35_v2,2022,top2,actual,6,18
structured_joint_turnover_180x35_v2,2022,top2,actual,7,7
structured_joint_turnover_180x35_v2,2022,top2,actual,8,8
structured_joint_turnover_180x35_v2,2022,top2,actual,9,8
structured_joint_turnover_180x35_v2,2022,top2,actual,10,5
structured_joint_turnover_180x35_v2,2022,top2,actual,11,5
structured_joint_turnover_180x35_v2,2022,top2,actual,12,8
structured_joint_turnover_180x35_v2,2022,top2,actual,13,9
structured_joint_turnover_180x35_v2,2022,top2,actual,14,6
structured_joint_turnover_180x35_v2,2022,top2,actual,15,4
structured_joint_turnover_180x35_v2,2022,top2,actual,16,5
structured_joint_turnover_180x35_v2,2022,top2,actual,17,8
structured_joint_turnover_180x35_v2,2022,top2,actual,18,6
structured_joint_turnover_180x35_v2,2022,top2,actual,19,4
structured_joint_turnover_180x35_v2,2022,top2,actual,20,7
structured_joint_turnover_180x35_v2,2022,top2,actual,21,4
structured_joint_turnover_180x35_v2,2022,top2,actual,22,3
structured_joint_turnover_180x35_v2,2022,top2,actual,23,5
structured_joint_turnover_180x35_v2,2022,top2,actual,24,3
structured_joint_turnover_180x35_v2,2022,top2,actual,25,5
structured_joint_turnover_180x35_v2,2022,top2,actual,26,2
structured_joint_turnover_180x35_v2,2022,top2,actual,27,2
structured_joint_turnover_180x35_v2,2022,top2,actual,28,4
structured_joint_turnover_180x35_v2,2022,top2,actual,29,2
structured_joint_turnover_180x35_v2,2022,top2,actual,30,3
structured_joint_turnover_180x35_v2,2022,top2,actual,31,3
structured_joint_turnover_180x35_v2,2022,top2,actual,32,3
structured_joint_turnover_180x35_v2,2022,top2,actual,33,8
structured_joint_turnover_180x35_v2,2022,top2,actual,34,7
structured_joint_turnover_180x35_v2,2022,top2,actual,35,4
structured_joint_turnover_180x35_v2,2022,top2,actual,36,7
structured_joint_turnover_180x35_v2,2022,top2,actual,37,5
structured_joint_turnover_180x35_v2,2022,top2,actual,38,7
structured_joint_turnover_180x35_v2,2022,top2,actual,39,4
structured_joint_turnover_180x35_v2,2022,top2,actual,40,5
structured_joint_turnover_180x35_v2,2022,top2,actual,41,6
structured_joint_turnover_180x35_v2,2022,top2,actual,42,9
structured_joint_turnover_180x35_v2,2022,top2,actual,43,7
structured_joint_turnover_180x35_v2,2022,top2,actual,44,4
structured_joint_turnover_180x35_v2,2022,top2,actual,45,4
structured_joint_turnover_180x35_v2,2022,top2,actual,46,9
structured_joint_turnover_180x35_v2,2022,top2,actual,47,10
structured_joint_turnover_180x35_v2,2022,top2,actual,48,6
structured_joint_turnover_180x35_v2,2022,top2,actual,49,2
structured_joint_turnover_180x35_v2,2022,top2,actual,50,6
structured_joint_turnover_180x35_v2,2022,top2,actual,51,6
structured_joint_turnover_180x35_v2,2022,top2,actual,52,8
structured_joint_turnover_180x35_v2,2022,top2,actual,53,6
structured_joint_turnover_180x35_v2,2022,top2,actual,54,12
structured_joint_turnover_180x35_v2,2022,top2,actual,55,8
structured_joint_turnover_180x35_v2,2022,top2,actual,56,14
structured_joint_turnover_180x35_v2,2022,top2,actual,57,7
structured_joint_turnover_180x35_v2,2022,top2,actual,58,12
structured_joint_turnover_180x35_v2,2022,top2,actual,59,18
structured_joint_turnover_180x35_v2,2022,top2,actual,60,16
structured_joint_turnover_180x35_v2,2022,top2,predicted,14,8
structured_joint_turnover_180x35_v2,2022,top2,predicted,15,1
structured_joint_turnover_180x35_v2,2022,top2,predicted,19,65
structured_joint_turnover_180x35_v2,2022,top2,predicted,21,4
structured_joint_turnover_180x35_v2,2022,top2,predicted,22,27
structured_joint_turnover_180x35_v2,2022,top2,predicted,29,73
structured_joint_turnover_180x35_v2,2022,top2,predicted,30,47
structured_joint_turnover_180x35_v2,2022,top2,predicted,31,113
structured_joint_turnover_180x35_v2,2022,top2,predicted,54,10
structured_joint_turnover_180x35_v2,2022,top2,predicted,55,136
structured_joint_turnover_180x35_v2,2022,top3,actual,2,95
structured_joint_turnover_180x35_v2,2022,top3,actual,3,31
structured_joint_turnover_180x35_v2,2022,top3,actual,4,25
structured_joint_turnover_180x35_v2,2022,top3,actual,5,22
structured_joint_turnover_180x35_v2,2022,top3,actual,6,23
structured_joint_turnover_180x35_v2,2022,top3,actual,7,10
structured_joint_turnover_180x35_v2,2022,top3,actual,8,16
structured_joint_turnover_180x35_v2,2022,top3,actual,9,15
structured_joint_turnover_180x35_v2,2022,top3,actual,10,7
structured_joint_turnover_180x35_v2,2022,top3,actual,11,10
structured_joint_turnover_180x35_v2,2022,top3,actual,12,10
structured_joint_turnover_180x35_v2,2022,top3,actual,13,12
structured_joint_turnover_180x35_v2,2022,top3,actual,14,9
structured_joint_turnover_180x35_v2,2022,top3,actual,15,5
structured_joint_turnover_180x35_v2,2022,top3,actual,16,7
structured_joint_turnover_180x35_v2,2022,top3,actual,17,11
structured_joint_turnover_180x35_v2,2022,top3,actual,18,10
structured_joint_turnover_180x35_v2,2022,top3,actual,19,10
structured_joint_turnover_180x35_v2,2022,top3,actual,20,7
structured_joint_turnover_180x35_v2,2022,top3,actual,21,9
structured_joint_turnover_180x35_v2,2022,top3,actual,22,6
structured_joint_turnover_180x35_v2,2022,top3,actual,23,8
structured_joint_turnover_180x35_v2,2022,top3,actual,24,9
structured_joint_turnover_180x35_v2,2022,top3,actual,25,6
structured_joint_turnover_180x35_v2,2022,top3,actual,26,3
structured_joint_turnover_180x35_v2,2022,top3,actual,27,5
structured_joint_turnover_180x35_v2,2022,top3,actual,28,7
structured_joint_turnover_180x35_v2,2022,top3,actual,29,7
structured_joint_turnover_180x35_v2,2022,top3,actual,30,5
structured_joint_turnover_180x35_v2,2022,top3,actual,31,4
structured_joint_turnover_180x35_v2,2022,top3,actual,32,4
structured_joint_turnover_180x35_v2,2022,top3,actual,33,8
structured_joint_turnover_180x35_v2,2022,top3,actual,34,8
structured_joint_turnover_180x35_v2,2022,top3,actual,35,6
structured_joint_turnover_180x35_v2,2022,top3,actual,36,9
structured_joint_turnover_180x35_v2,2022,top3,actual,37,8
structured_joint_turnover_180x35_v2,2022,top3,actual,38,8
structured_joint_turnover_180x35_v2,2022,top3,actual,39,6
structured_joint_turnover_180x35_v2,2022,top3,actual,40,6
structured_joint_turnover_180x35_v2,2022,top3,actual,41,8
structured_joint_turnover_180x35_v2,2022,top3,actual,42,15
structured_joint_turnover_180x35_v2,2022,top3,actual,43,7
structured_joint_turnover_180x35_v2,2022,top3,actual,44,7
structured_joint_turnover_180x35_v2,2022,top3,actual,45,5
structured_joint_turnover_180x35_v2,2022,top3,actual,46,12
structured_joint_turnover_180x35_v2,2022,top3,actual,47,20
structured_joint_turnover_180x35_v2,2022,top3,actual,48,10
structured_joint_turnover_180x35_v2,2022,top3,actual,49,8
structured_joint_turnover_180x35_v2,2022,top3,actual,50,10
structured_joint_turnover_180x35_v2,2022,top3,actual,51,8
structured_joint_turnover_180x35_v2,2022,top3,actual,52,12
structured_joint_turnover_180x35_v2,2022,top3,actual,53,11
structured_joint_turnover_180x35_v2,2022,top3,actual,54,17
structured_joint_turnover_180x35_v2,2022,top3,actual,55,14
structured_joint_turnover_180x35_v2,2022,top3,actual,56,19
structured_joint_turnover_180x35_v2,2022,top3,actual,57,11
structured_joint_turnover_180x35_v2,2022,top3,actual,58,16
structured_joint_turnover_180x35_v2,2022,top3,actual,59,19
structured_joint_turnover_180x35_v2,2022,top3,actual,60,30
structured_joint_turnover_180x35_v2,2022,top3,predicted,13,1
structured_joint_turnover_180x35_v2,2022,top3,predicted,14,11
structured_joint_turnover_180x35_v2,2022,top3,predicted,15,1
structured_joint_turnover_180x35_v2,2022,top3,predicted,19,94
structured_joint_turnover_180x35_v2,2022,top3,predicted,20,2
structured_joint_turnover_180x35_v2,2022,top3,predicted,21,9
structured_joint_turnover_180x35_v2,2022,top3,predicted,22,50
structured_joint_turnover_180x35_v2,2022,top3,predicted,29,125
structured_joint_turnover_180x35_v2,2022,top3,predicted,30,68
structured_joint_turnover_180x35_v2,2022,top3,predicted,31,161
structured_joint_turnover_180x35_v2,2022,top3,predicted,54,17
structured_joint_turnover_180x35_v2,2022,top3,predicted,55,187
structured_joint_turnover_180x35_v2,2022,universe,actual,2,123264
structured_joint_turnover_180x35_v2,2022,universe,actual,3,45712
structured_joint_turnover_180x35_v2,2022,universe,actual,4,29173
structured_joint_turnover_180x35_v2,2022,universe,actual,5,22285
structured_joint_turnover_180x35_v2,2022,universe,actual,6,18505
structured_joint_turnover_180x35_v2,2022,universe,actual,7,15896
structured_joint_turnover_180x35_v2,2022,universe,actual,8,13737
structured_joint_turnover_180x35_v2,2022,universe,actual,9,12297
structured_joint_turnover_180x35_v2,2022,universe,actual,10,11189
structured_joint_turnover_180x35_v2,2022,universe,actual,11,10449
structured_joint_turnover_180x35_v2,2022,universe,actual,12,9848
structured_joint_turnover_180x35_v2,2022,universe,actual,13,9461
structured_joint_turnover_180x35_v2,2022,universe,actual,14,9065
structured_joint_turnover_180x35_v2,2022,universe,actual,15,8728
structured_joint_turnover_180x35_v2,2022,universe,actual,16,8497
structured_joint_turnover_180x35_v2,2022,universe,actual,17,8238
structured_joint_turnover_180x35_v2,2022,universe,actual,18,8076
structured_joint_turnover_180x35_v2,2022,universe,actual,19,7906
structured_joint_turnover_180x35_v2,2022,universe,actual,20,7822
structured_joint_turnover_180x35_v2,2022,universe,actual,21,7719
structured_joint_turnover_180x35_v2,2022,universe,actual,22,7578
structured_joint_turnover_180x35_v2,2022,universe,actual,23,7496
structured_joint_turnover_180x35_v2,2022,universe,actual,24,7427
structured_joint_turnover_180x35_v2,2022,universe,actual,25,7369
structured_joint_turnover_180x35_v2,2022,universe,actual,26,7410
structured_joint_turnover_180x35_v2,2022,universe,actual,27,7376
structured_joint_turnover_180x35_v2,2022,universe,actual,28,7232
structured_joint_turnover_180x35_v2,2022,universe,actual,29,7133
structured_joint_turnover_180x35_v2,2022,universe,actual,30,7001
structured_joint_turnover_180x35_v2,2022,universe,actual,31,6921
structured_joint_turnover_180x35_v2,2022,universe,actual,32,6840
structured_joint_turnover_180x35_v2,2022,universe,actual,33,6788
structured_joint_turnover_180x35_v2,2022,universe,actual,34,6698
structured_joint_turnover_180x35_v2,2022,universe,actual,35,6567
structured_joint_turnover_180x35_v2,2022,universe,actual,36,6471
structured_joint_turnover_180x35_v2,2022,universe,actual,37,6446
structured_joint_turnover_180x35_v2,2022,universe,actual,38,6415
structured_joint_turnover_180x35_v2,2022,universe,actual,39,6458
structured_joint_turnover_180x35_v2,2022,universe,actual,40,6541
structured_joint_turnover_180x35_v2,2022,universe,actual,41,6571
structured_joint_turnover_180x35_v2,2022,universe,actual,42,6592
structured_joint_turnover_180x35_v2,2022,universe,actual,43,6600
structured_joint_turnover_180x35_v2,2022,universe,actual,44,6584
structured_joint_turnover_180x35_v2,2022,universe,actual,45,6543
structured_joint_turnover_180x35_v2,2022,universe,actual,46,6583
structured_joint_turnover_180x35_v2,2022,universe,actual,47,6621
structured_joint_turnover_180x35_v2,2022,universe,actual,48,6606
structured_joint_turnover_180x35_v2,2022,universe,actual,49,6685
structured_joint_turnover_180x35_v2,2022,universe,actual,50,6765
structured_joint_turnover_180x35_v2,2022,universe,actual,51,6878
structured_joint_turnover_180x35_v2,2022,universe,actual,52,7041
structured_joint_turnover_180x35_v2,2022,universe,actual,53,7299
structured_joint_turnover_180x35_v2,2022,universe,actual,54,7604
structured_joint_turnover_180x35_v2,2022,universe,actual,55,7940
structured_joint_turnover_180x35_v2,2022,universe,actual,56,8362
structured_joint_turnover_180x35_v2,2022,universe,actual,57,9087
structured_joint_turnover_180x35_v2,2022,universe,actual,58,10269
structured_joint_turnover_180x35_v2,2022,universe,actual,59,12566
structured_joint_turnover_180x35_v2,2022,universe,actual,60,21657
structured_joint_turnover_180x35_v2,2022,universe,predicted,2,423782
structured_joint_turnover_180x35_v2,2022,universe,predicted,3,27214
structured_joint_turnover_180x35_v2,2022,universe,predicted,4,1299
structured_joint_turnover_180x35_v2,2022,universe,predicted,5,965
structured_joint_turnover_180x35_v2,2022,universe,predicted,6,6979
structured_joint_turnover_180x35_v2,2022,universe,predicted,7,7257
structured_joint_turnover_180x35_v2,2022,universe,predicted,8,74
structured_joint_turnover_180x35_v2,2022,universe,predicted,9,1792
structured_joint_turnover_180x35_v2,2022,universe,predicted,10,1596
structured_joint_turnover_180x35_v2,2022,universe,predicted,11,32878
structured_joint_turnover_180x35_v2,2022,universe,predicted,12,57584
structured_joint_turnover_180x35_v2,2022,universe,predicted,13,6136
structured_joint_turnover_180x35_v2,2022,universe,predicted,14,1670
structured_joint_turnover_180x35_v2,2022,universe,predicted,15,23
structured_joint_turnover_180x35_v2,2022,universe,predicted,17,63
structured_joint_turnover_180x35_v2,2022,universe,predicted,18,4609
structured_joint_turnover_180x35_v2,2022,universe,predicted,19,56833
structured_joint_turnover_180x35_v2,2022,universe,predicted,20,202
structured_joint_turnover_180x35_v2,2022,universe,predicted,21,385
structured_joint_turnover_180x35_v2,2022,universe,predicted,22,1205
structured_joint_turnover_180x35_v2,2022,universe,predicted,28,5
structured_joint_turnover_180x35_v2,2022,universe,predicted,29,32406
structured_joint_turnover_180x35_v2,2022,universe,predicted,30,6271
structured_joint_turnover_180x35_v2,2022,universe,predicted,31,9627
structured_joint_turnover_180x35_v2,2022,universe,predicted,54,385
structured_joint_turnover_180x35_v2,2022,universe,predicted,55,3731
structured_joint_turnover_180x35_v2,2023,top1,actual,2,15
structured_joint_turnover_180x35_v2,2023,top1,actual,3,7
structured_joint_turnover_180x35_v2,2023,top1,actual,4,7
structured_joint_turnover_180x35_v2,2023,top1,actual,5,8
structured_joint_turnover_180x35_v2,2023,top1,actual,6,7
structured_joint_turnover_180x35_v2,2023,top1,actual,7,4
structured_joint_turnover_180x35_v2,2023,top1,actual,8,9
structured_joint_turnover_180x35_v2,2023,top1,actual,9,6
structured_joint_turnover_180x35_v2,2023,top1,actual,10,6
structured_joint_turnover_180x35_v2,2023,top1,actual,11,5
structured_joint_turnover_180x35_v2,2023,top1,actual,12,5
structured_joint_turnover_180x35_v2,2023,top1,actual,13,8
structured_joint_turnover_180x35_v2,2023,top1,actual,14,5
structured_joint_turnover_180x35_v2,2023,top1,actual,15,6
structured_joint_turnover_180x35_v2,2023,top1,actual,16,3
structured_joint_turnover_180x35_v2,2023,top1,actual,17,3
structured_joint_turnover_180x35_v2,2023,top1,actual,18,7
structured_joint_turnover_180x35_v2,2023,top1,actual,19,6
structured_joint_turnover_180x35_v2,2023,top1,actual,20,6
structured_joint_turnover_180x35_v2,2023,top1,actual,21,5
structured_joint_turnover_180x35_v2,2023,top1,actual,22,3
structured_joint_turnover_180x35_v2,2023,top1,actual,23,3
structured_joint_turnover_180x35_v2,2023,top1,actual,24,3
structured_joint_turnover_180x35_v2,2023,top1,actual,25,5
structured_joint_turnover_180x35_v2,2023,top1,actual,26,3
structured_joint_turnover_180x35_v2,2023,top1,actual,27,2
structured_joint_turnover_180x35_v2,2023,top1,actual,28,1
structured_joint_turnover_180x35_v2,2023,top1,actual,29,1
structured_joint_turnover_180x35_v2,2023,top1,actual,30,2
structured_joint_turnover_180x35_v2,2023,top1,actual,31,3
structured_joint_turnover_180x35_v2,2023,top1,actual,32,3
structured_joint_turnover_180x35_v2,2023,top1,actual,33,3
structured_joint_turnover_180x35_v2,2023,top1,actual,34,5
structured_joint_turnover_180x35_v2,2023,top1,actual,35,3
structured_joint_turnover_180x35_v2,2023,top1,actual,36,3
structured_joint_turnover_180x35_v2,2023,top1,actual,37,2
structured_joint_turnover_180x35_v2,2023,top1,actual,38,3
structured_joint_turnover_180x35_v2,2023,top1,actual,39,2
structured_joint_turnover_180x35_v2,2023,top1,actual,40,2
structured_joint_turnover_180x35_v2,2023,top1,actual,41,2
structured_joint_turnover_180x35_v2,2023,top1,actual,42,2
structured_joint_turnover_180x35_v2,2023,top1,actual,43,1
structured_joint_turnover_180x35_v2,2023,top1,actual,44,3
structured_joint_turnover_180x35_v2,2023,top1,actual,45,2
structured_joint_turnover_180x35_v2,2023,top1,actual,46,3
structured_joint_turnover_180x35_v2,2023,top1,actual,47,3
structured_joint_turnover_180x35_v2,2023,top1,actual,48,4
structured_joint_turnover_180x35_v2,2023,top1,actual,49,1
structured_joint_turnover_180x35_v2,2023,top1,actual,50,2
structured_joint_turnover_180x35_v2,2023,top1,actual,51,3
structured_joint_turnover_180x35_v2,2023,top1,actual,52,2
structured_joint_turnover_180x35_v2,2023,top1,actual,53,1
structured_joint_turnover_180x35_v2,2023,top1,actual,54,4
structured_joint_turnover_180x35_v2,2023,top1,actual,55,3
structured_joint_turnover_180x35_v2,2023,top1,actual,56,5
structured_joint_turnover_180x35_v2,2023,top1,actual,57,4
structured_joint_turnover_180x35_v2,2023,top1,actual,58,6
structured_joint_turnover_180x35_v2,2023,top1,actual,59,4
structured_joint_turnover_180x35_v2,2023,top1,actual,60,7
structured_joint_turnover_180x35_v2,2023,top1,predicted,16,109
structured_joint_turnover_180x35_v2,2023,top1,predicted,23,50
structured_joint_turnover_180x35_v2,2023,top1,predicted,24,2
structured_joint_turnover_180x35_v2,2023,top1,predicted,27,76
structured_joint_turnover_180x35_v2,2023,top1,predicted,29,5
structured_joint_turnover_180x35_v2,2023,top10,actual,2,323
structured_joint_turnover_180x35_v2,2023,top10,actual,3,112
structured_joint_turnover_180x35_v2,2023,top10,actual,4,90
structured_joint_turnover_180x35_v2,2023,top10,actual,5,70
structured_joint_turnover_180x35_v2,2023,top10,actual,6,58
structured_joint_turnover_180x35_v2,2023,top10,actual,7,54
structured_joint_turnover_180x35_v2,2023,top10,actual,8,48
structured_joint_turnover_180x35_v2,2023,top10,actual,9,43
structured_joint_turnover_180x35_v2,2023,top10,actual,10,43
structured_joint_turnover_180x35_v2,2023,top10,actual,11,37
structured_joint_turnover_180x35_v2,2023,top10,actual,12,38
structured_joint_turnover_180x35_v2,2023,top10,actual,13,39
structured_joint_turnover_180x35_v2,2023,top10,actual,14,37
structured_joint_turnover_180x35_v2,2023,top10,actual,15,38
structured_joint_turnover_180x35_v2,2023,top10,actual,16,43
structured_joint_turnover_180x35_v2,2023,top10,actual,17,39
structured_joint_turnover_180x35_v2,2023,top10,actual,18,39
structured_joint_turnover_180x35_v2,2023,top10,actual,19,35
structured_joint_turnover_180x35_v2,2023,top10,actual,20,38
structured_joint_turnover_180x35_v2,2023,top10,actual,21,33
structured_joint_turnover_180x35_v2,2023,top10,actual,22,31
structured_joint_turnover_180x35_v2,2023,top10,actual,23,29
structured_joint_turnover_180x35_v2,2023,top10,actual,24,31
structured_joint_turnover_180x35_v2,2023,top10,actual,25,37
structured_joint_turnover_180x35_v2,2023,top10,actual,26,30
structured_joint_turnover_180x35_v2,2023,top10,actual,27,26
structured_joint_turnover_180x35_v2,2023,top10,actual,28,23
structured_joint_turnover_180x35_v2,2023,top10,actual,29,19
structured_joint_turnover_180x35_v2,2023,top10,actual,30,23
structured_joint_turnover_180x35_v2,2023,top10,actual,31,28
structured_joint_turnover_180x35_v2,2023,top10,actual,32,25
structured_joint_turnover_180x35_v2,2023,top10,actual,33,26
structured_joint_turnover_180x35_v2,2023,top10,actual,34,17
structured_joint_turnover_180x35_v2,2023,top10,actual,35,23
structured_joint_turnover_180x35_v2,2023,top10,actual,36,19
structured_joint_turnover_180x35_v2,2023,top10,actual,37,25
structured_joint_turnover_180x35_v2,2023,top10,actual,38,23
structured_joint_turnover_180x35_v2,2023,top10,actual,39,25
structured_joint_turnover_180x35_v2,2023,top10,actual,40,25
structured_joint_turnover_180x35_v2,2023,top10,actual,41,23
structured_joint_turnover_180x35_v2,2023,top10,actual,42,24
structured_joint_turnover_180x35_v2,2023,top10,actual,43,24
structured_joint_turnover_180x35_v2,2023,top10,actual,44,28
structured_joint_turnover_180x35_v2,2023,top10,actual,45,30
structured_joint_turnover_180x35_v2,2023,top10,actual,46,32
structured_joint_turnover_180x35_v2,2023,top10,actual,47,35
structured_joint_turnover_180x35_v2,2023,top10,actual,48,30
structured_joint_turnover_180x35_v2,2023,top10,actual,49,34
structured_joint_turnover_180x35_v2,2023,top10,actual,50,33
structured_joint_turnover_180x35_v2,2023,top10,actual,51,29
structured_joint_turnover_180x35_v2,2023,top10,actual,52,32
structured_joint_turnover_180x35_v2,2023,top10,actual,53,40
structured_joint_turnover_180x35_v2,2023,top10,actual,54,38
structured_joint_turnover_180x35_v2,2023,top10,actual,55,40
structured_joint_turnover_180x35_v2,2023,top10,actual,56,39
structured_joint_turnover_180x35_v2,2023,top10,actual,57,35
structured_joint_turnover_180x35_v2,2023,top10,actual,58,28
structured_joint_turnover_180x35_v2,2023,top10,actual,59,39
structured_joint_turnover_180x35_v2,2023,top10,actual,60,65
structured_joint_turnover_180x35_v2,2023,top10,predicted,12,8
structured_joint_turnover_180x35_v2,2023,top10,predicted,13,317
structured_joint_turnover_180x35_v2,2023,top10,predicted,14,3
structured_joint_turnover_180x35_v2,2023,top10,predicted,16,1657
structured_joint_turnover_180x35_v2,2023,top10,predicted,23,265
structured_joint_turnover_180x35_v2,2023,top10,predicted,24,3
structured_joint_turnover_180x35_v2,2023,top10,predicted,27,160
structured_joint_turnover_180x35_v2,2023,top10,predicted,29,7
structured_joint_turnover_180x35_v2,2023,top2,actual,2,43
structured_joint_turnover_180x35_v2,2023,top2,actual,3,17
structured_joint_turnover_180x35_v2,2023,top2,actual,4,16
structured_joint_turnover_180x35_v2,2023,top2,actual,5,13
structured_joint_turnover_180x35_v2,2023,top2,actual,6,12
structured_joint_turnover_180x35_v2,2023,top2,actual,7,11
structured_joint_turnover_180x35_v2,2023,top2,actual,8,14
structured_joint_turnover_180x35_v2,2023,top2,actual,9,9
structured_joint_turnover_180x35_v2,2023,top2,actual,10,10
structured_joint_turnover_180x35_v2,2023,top2,actual,11,11
structured_joint_turnover_180x35_v2,2023,top2,actual,12,9
structured_joint_turnover_180x35_v2,2023,top2,actual,13,11
structured_joint_turnover_180x35_v2,2023,top2,actual,14,7
structured_joint_turnover_180x35_v2,2023,top2,actual,15,11
structured_joint_turnover_180x35_v2,2023,top2,actual,16,5
structured_joint_turnover_180x35_v2,2023,top2,actual,17,9
structured_joint_turnover_180x35_v2,2023,top2,actual,18,15
structured_joint_turnover_180x35_v2,2023,top2,actual,19,11
structured_joint_turnover_180x35_v2,2023,top2,actual,20,9
structured_joint_turnover_180x35_v2,2023,top2,actual,21,9
structured_joint_turnover_180x35_v2,2023,top2,actual,22,9
structured_joint_turnover_180x35_v2,2023,top2,actual,23,6
structured_joint_turnover_180x35_v2,2023,top2,actual,24,8
structured_joint_turnover_180x35_v2,2023,top2,actual,25,9
structured_joint_turnover_180x35_v2,2023,top2,actual,26,4
structured_joint_turnover_180x35_v2,2023,top2,actual,27,5
structured_joint_turnover_180x35_v2,2023,top2,actual,28,2
structured_joint_turnover_180x35_v2,2023,top2,actual,29,2
structured_joint_turnover_180x35_v2,2023,top2,actual,30,4
structured_joint_turnover_180x35_v2,2023,top2,actual,31,5
structured_joint_turnover_180x35_v2,2023,top2,actual,32,7
structured_joint_turnover_180x35_v2,2023,top2,actual,33,6
structured_joint_turnover_180x35_v2,2023,top2,actual,34,5
structured_joint_turnover_180x35_v2,2023,top2,actual,35,4
structured_joint_turnover_180x35_v2,2023,top2,actual,36,4
structured_joint_turnover_180x35_v2,2023,top2,actual,37,3
structured_joint_turnover_180x35_v2,2023,top2,actual,38,4
structured_joint_turnover_180x35_v2,2023,top2,actual,39,4
structured_joint_turnover_180x35_v2,2023,top2,actual,40,4
structured_joint_turnover_180x35_v2,2023,top2,actual,41,5
structured_joint_turnover_180x35_v2,2023,top2,actual,42,7
structured_joint_turnover_180x35_v2,2023,top2,actual,43,4
structured_joint_turnover_180x35_v2,2023,top2,actual,44,6
structured_joint_turnover_180x35_v2,2023,top2,actual,45,4
structured_joint_turnover_180x35_v2,2023,top2,actual,46,3
structured_joint_turnover_180x35_v2,2023,top2,actual,47,3
structured_joint_turnover_180x35_v2,2023,top2,actual,48,6
structured_joint_turnover_180x35_v2,2023,top2,actual,49,9
structured_joint_turnover_180x35_v2,2023,top2,actual,50,3
structured_joint_turnover_180x35_v2,2023,top2,actual,51,10
structured_joint_turnover_180x35_v2,2023,top2,actual,52,10
structured_joint_turnover_180x35_v2,2023,top2,actual,53,7
structured_joint_turnover_180x35_v2,2023,top2,actual,54,6
structured_joint_turnover_180x35_v2,2023,top2,actual,55,7
structured_joint_turnover_180x35_v2,2023,top2,actual,56,8
structured_joint_turnover_180x35_v2,2023,top2,actual,57,7
structured_joint_turnover_180x35_v2,2023,top2,actual,58,9
structured_joint_turnover_180x35_v2,2023,top2,actual,59,8
structured_joint_turnover_180x35_v2,2023,top2,actual,60,15
structured_joint_turnover_180x35_v2,2023,top2,predicted,13,7
structured_joint_turnover_180x35_v2,2023,top2,predicted,16,259
structured_joint_turnover_180x35_v2,2023,top2,predicted,23,103
structured_joint_turnover_180x35_v2,2023,top2,predicted,24,2
structured_joint_turnover_180x35_v2,2023,top2,predicted,27,107
structured_joint_turnover_180x35_v2,2023,top2,predicted,29,6
structured_joint_turnover_180x35_v2,2023,top3,actual,2,73
structured_joint_turnover_180x35_v2,2023,top3,actual,3,32
structured_joint_turnover_180x35_v2,2023,top3,actual,4,21
structured_joint_turnover_180x35_v2,2023,top3,actual,5,18
structured_joint_turnover_180x35_v2,2023,top3,actual,6,20
structured_joint_turnover_180x35_v2,2023,top3,actual,7,14
structured_joint_turnover_180x35_v2,2023,top3,actual,8,20
structured_joint_turnover_180x35_v2,2023,top3,actual,9,14
structured_joint_turnover_180x35_v2,2023,top3,actual,10,12
structured_joint_turnover_180x35_v2,2023,top3,actual,11,13
structured_joint_turnover_180x35_v2,2023,top3,actual,12,13
structured_joint_turnover_180x35_v2,2023,top3,actual,13,11
structured_joint_turnover_180x35_v2,2023,top3,actual,14,8
structured_joint_turnover_180x35_v2,2023,top3,actual,15,13
structured_joint_turnover_180x35_v2,2023,top3,actual,16,12
structured_joint_turnover_180x35_v2,2023,top3,actual,17,14
structured_joint_turnover_180x35_v2,2023,top3,actual,18,17
structured_joint_turnover_180x35_v2,2023,top3,actual,19,14
structured_joint_turnover_180x35_v2,2023,top3,actual,20,16
structured_joint_turnover_180x35_v2,2023,top3,actual,21,11
structured_joint_turnover_180x35_v2,2023,top3,actual,22,11
structured_joint_turnover_180x35_v2,2023,top3,actual,23,12
structured_joint_turnover_180x35_v2,2023,top3,actual,24,9
structured_joint_turnover_180x35_v2,2023,top3,actual,25,11
structured_joint_turnover_180x35_v2,2023,top3,actual,26,6
structured_joint_turnover_180x35_v2,2023,top3,actual,27,7
structured_joint_turnover_180x35_v2,2023,top3,actual,28,6
structured_joint_turnover_180x35_v2,2023,top3,actual,29,4
structured_joint_turnover_180x35_v2,2023,top3,actual,30,6
structured_joint_turnover_180x35_v2,2023,top3,actual,31,8
structured_joint_turnover_180x35_v2,2023,top3,actual,32,10
structured_joint_turnover_180x35_v2,2023,top3,actual,33,8
structured_joint_turnover_180x35_v2,2023,top3,actual,34,8
structured_joint_turnover_180x35_v2,2023,top3,actual,35,5
structured_joint_turnover_180x35_v2,2023,top3,actual,36,4
structured_joint_turnover_180x35_v2,2023,top3,actual,37,5
structured_joint_turnover_180x35_v2,2023,top3,actual,38,8
structured_joint_turnover_180x35_v2,2023,top3,actual,39,7
structured_joint_turnover_180x35_v2,2023,top3,actual,40,10
structured_joint_turnover_180x35_v2,2023,top3,actual,41,9
structured_joint_turnover_180x35_v2,2023,top3,actual,42,9
structured_joint_turnover_180x35_v2,2023,top3,actual,43,6
structured_joint_turnover_180x35_v2,2023,top3,actual,44,8
structured_joint_turnover_180x35_v2,2023,top3,actual,45,5
structured_joint_turnover_180x35_v2,2023,top3,actual,46,6
structured_joint_turnover_180x35_v2,2023,top3,actual,47,9
structured_joint_turnover_180x35_v2,2023,top3,actual,48,11
structured_joint_turnover_180x35_v2,2023,top3,actual,49,14
structured_joint_turnover_180x35_v2,2023,top3,actual,50,10
structured_joint_turnover_180x35_v2,2023,top3,actual,51,14
structured_joint_turnover_180x35_v2,2023,top3,actual,52,14
structured_joint_turnover_180x35_v2,2023,top3,actual,53,11
structured_joint_turnover_180x35_v2,2023,top3,actual,54,8
structured_joint_turnover_180x35_v2,2023,top3,actual,55,14
structured_joint_turnover_180x35_v2,2023,top3,actual,56,9
structured_joint_turnover_180x35_v2,2023,top3,actual,57,12
structured_joint_turnover_180x35_v2,2023,top3,actual,58,10
structured_joint_turnover_180x35_v2,2023,top3,actual,59,10
structured_joint_turnover_180x35_v2,2023,top3,actual,60,26
structured_joint_turnover_180x35_v2,2023,top3,predicted,13,17
structured_joint_turnover_180x35_v2,2023,top3,predicted,16,438
structured_joint_turnover_180x35_v2,2023,top3,predicted,23,132
structured_joint_turnover_180x35_v2,2023,top3,predicted,24,2
structured_joint_turnover_180x35_v2,2023,top3,predicted,27,131
structured_joint_turnover_180x35_v2,2023,top3,predicted,29,6
structured_joint_turnover_180x35_v2,2023,universe,actual,2,154458
structured_joint_turnover_180x35_v2,2023,universe,actual,3,55527
structured_joint_turnover_180x35_v2,2023,universe,actual,4,35770
structured_joint_turnover_180x35_v2,2023,universe,actual,5,26645
structured_joint_turnover_180x35_v2,2023,universe,actual,6,21669
structured_joint_turnover_180x35_v2,2023,universe,actual,7,18721
structured_joint_turnover_180x35_v2,2023,universe,actual,8,16549
structured_joint_turnover_180x35_v2,2023,universe,actual,9,14973
structured_joint_turnover_180x35_v2,2023,universe,actual,10,13564
structured_joint_turnover_180x35_v2,2023,universe,actual,11,12566
structured_joint_turnover_180x35_v2,2023,universe,actual,12,11729
structured_joint_turnover_180x35_v2,2023,universe,actual,13,10951
structured_joint_turnover_180x35_v2,2023,universe,actual,14,10217
structured_joint_turnover_180x35_v2,2023,universe,actual,15,9650
structured_joint_turnover_180x35_v2,2023,universe,actual,16,9285
structured_joint_turnover_180x35_v2,2023,universe,actual,17,8783
structured_joint_turnover_180x35_v2,2023,universe,actual,18,8401
structured_joint_turnover_180x35_v2,2023,universe,actual,19,8126
structured_joint_turnover_180x35_v2,2023,universe,actual,20,7931
structured_joint_turnover_180x35_v2,2023,universe,actual,21,7684
structured_joint_turnover_180x35_v2,2023,universe,actual,22,7487
structured_joint_turnover_180x35_v2,2023,universe,actual,23,7269
structured_joint_turnover_180x35_v2,2023,universe,actual,24,7043
structured_joint_turnover_180x35_v2,2023,universe,actual,25,6867
structured_joint_turnover_180x35_v2,2023,universe,actual,26,6595
structured_joint_turnover_180x35_v2,2023,universe,actual,27,6385
structured_joint_turnover_180x35_v2,2023,universe,actual,28,6243
structured_joint_turnover_180x35_v2,2023,universe,actual,29,6079
structured_joint_turnover_180x35_v2,2023,universe,actual,30,5940
structured_joint_turnover_180x35_v2,2023,universe,actual,31,5800
structured_joint_turnover_180x35_v2,2023,universe,actual,32,5656
structured_joint_turnover_180x35_v2,2023,universe,actual,33,5596
structured_joint_turnover_180x35_v2,2023,universe,actual,34,5511
structured_joint_turnover_180x35_v2,2023,universe,actual,35,5456
structured_joint_turnover_180x35_v2,2023,universe,actual,36,5366
structured_joint_turnover_180x35_v2,2023,universe,actual,37,5309
structured_joint_turnover_180x35_v2,2023,universe,actual,38,5236
structured_joint_turnover_180x35_v2,2023,universe,actual,39,5176
structured_joint_turnover_180x35_v2,2023,universe,actual,40,5104
structured_joint_turnover_180x35_v2,2023,universe,actual,41,5030
structured_joint_turnover_180x35_v2,2023,universe,actual,42,5019
structured_joint_turnover_180x35_v2,2023,universe,actual,43,5023
structured_joint_turnover_180x35_v2,2023,universe,actual,44,5077
structured_joint_turnover_180x35_v2,2023,universe,actual,45,5069
structured_joint_turnover_180x35_v2,2023,universe,actual,46,5144
structured_joint_turnover_180x35_v2,2023,universe,actual,47,5152
structured_joint_turnover_180x35_v2,2023,universe,actual,48,5215
structured_joint_turnover_180x35_v2,2023,universe,actual,49,5267
structured_joint_turnover_180x35_v2,2023,universe,actual,50,5293
structured_joint_turnover_180x35_v2,2023,universe,actual,51,5361
structured_joint_turnover_180x35_v2,2023,universe,actual,52,5492
structured_joint_turnover_180x35_v2,2023,universe,actual,53,5613
structured_joint_turnover_180x35_v2,2023,universe,actual,54,5799
structured_joint_turnover_180x35_v2,2023,universe,actual,55,6029
structured_joint_turnover_180x35_v2,2023,universe,actual,56,6372
structured_joint_turnover_180x35_v2,2023,universe,actual,57,6926
structured_joint_turnover_180x35_v2,2023,universe,actual,58,7748
structured_joint_turnover_180x35_v2,2023,universe,actual,59,9364
structured_joint_turnover_180x35_v2,2023,universe,actual,60,16002
structured_joint_turnover_180x35_v2,2023,universe,predicted,2,562982
structured_joint_turnover_180x35_v2,2023,universe,predicted,3,19181
structured_joint_turnover_180x35_v2,2023,universe,predicted,4,21268
structured_joint_turnover_180x35_v2,2023,universe,predicted,5,8302
structured_joint_turnover_180x35_v2,2023,universe,predicted,6,1152
structured_joint_turnover_180x35_v2,2023,universe,predicted,7,128
structured_joint_turnover_180x35_v2,2023,universe,predicted,8,98
structured_joint_turnover_180x35_v2,2023,universe,predicted,11,549
structured_joint_turnover_180x35_v2,2023,universe,predicted,12,73031
structured_joint_turnover_180x35_v2,2023,universe,predicted,13,11563
structured_joint_turnover_180x35_v2,2023,universe,predicted,14,10
structured_joint_turnover_180x35_v2,2023,universe,predicted,16,4655
structured_joint_turnover_180x35_v2,2023,universe,predicted,21,1
structured_joint_turnover_180x35_v2,2023,universe,predicted,23,378
structured_joint_turnover_180x35_v2,2023,universe,predicted,24,3
structured_joint_turnover_180x35_v2,2023,universe,predicted,27,160
structured_joint_turnover_180x35_v2,2023,universe,predicted,29,7
structured_joint_turnover_180x35_v2,2024,top1,actual,2,34
structured_joint_turnover_180x35_v2,2024,top1,actual,3,11
structured_joint_turnover_180x35_v2,2024,top1,actual,4,4
structured_joint_turnover_180x35_v2,2024,top1,actual,5,3
structured_joint_turnover_180x35_v2,2024,top1,actual,6,6
structured_joint_turnover_180x35_v2,2024,top1,actual,7,4
structured_joint_turnover_180x35_v2,2024,top1,actual,8,7
structured_joint_turnover_180x35_v2,2024,top1,actual,9,4
structured_joint_turnover_180x35_v2,2024,top1,actual,10,3
structured_joint_turnover_180x35_v2,2024,top1,actual,11,3
structured_joint_turnover_180x35_v2,2024,top1,actual,12,3
structured_joint_turnover_180x35_v2,2024,top1,actual,13,3
structured_joint_turnover_180x35_v2,2024,top1,actual,14,3
structured_joint_turnover_180x35_v2,2024,top1,actual,15,1
structured_joint_turnover_180x35_v2,2024,top1,actual,16,1
structured_joint_turnover_180x35_v2,2024,top1,actual,17,1
structured_joint_turnover_180x35_v2,2024,top1,actual,18,1
structured_joint_turnover_180x35_v2,2024,top1,actual,19,3
structured_joint_turnover_180x35_v2,2024,top1,actual,20,2
structured_joint_turnover_180x35_v2,2024,top1,actual,21,4
structured_joint_turnover_180x35_v2,2024,top1,actual,22,4
structured_joint_turnover_180x35_v2,2024,top1,actual,23,1
structured_joint_turnover_180x35_v2,2024,top1,actual,24,2
structured_joint_turnover_180x35_v2,2024,top1,actual,27,3
structured_joint_turnover_180x35_v2,2024,top1,actual,28,3
structured_joint_turnover_180x35_v2,2024,top1,actual,29,5
structured_joint_turnover_180x35_v2,2024,top1,actual,30,4
structured_joint_turnover_180x35_v2,2024,top1,actual,31,4
structured_joint_turnover_180x35_v2,2024,top1,actual,32,2
structured_joint_turnover_180x35_v2,2024,top1,actual,33,2
structured_joint_turnover_180x35_v2,2024,top1,actual,34,1
structured_joint_turnover_180x35_v2,2024,top1,actual,35,6
structured_joint_turnover_180x35_v2,2024,top1,actual,36,3
structured_joint_turnover_180x35_v2,2024,top1,actual,37,6
structured_joint_turnover_180x35_v2,2024,top1,actual,38,6
structured_joint_turnover_180x35_v2,2024,top1,actual,39,6
structured_joint_turnover_180x35_v2,2024,top1,actual,40,4
structured_joint_turnover_180x35_v2,2024,top1,actual,41,2
structured_joint_turnover_180x35_v2,2024,top1,actual,43,3
structured_joint_turnover_180x35_v2,2024,top1,actual,44,1
structured_joint_turnover_180x35_v2,2024,top1,actual,45,3
structured_joint_turnover_180x35_v2,2024,top1,actual,47,1
structured_joint_turnover_180x35_v2,2024,top1,actual,48,4
structured_joint_turnover_180x35_v2,2024,top1,actual,49,5
structured_joint_turnover_180x35_v2,2024,top1,actual,50,2
structured_joint_turnover_180x35_v2,2024,top1,actual,51,2
structured_joint_turnover_180x35_v2,2024,top1,actual,52,5
structured_joint_turnover_180x35_v2,2024,top1,actual,53,1
structured_joint_turnover_180x35_v2,2024,top1,actual,54,4
structured_joint_turnover_180x35_v2,2024,top1,actual,55,4
structured_joint_turnover_180x35_v2,2024,top1,actual,56,4
structured_joint_turnover_180x35_v2,2024,top1,actual,57,4
structured_joint_turnover_180x35_v2,2024,top1,actual,58,4
structured_joint_turnover_180x35_v2,2024,top1,actual,59,4
structured_joint_turnover_180x35_v2,2024,top1,actual,60,23
structured_joint_turnover_180x35_v2,2024,top1,predicted,16,28
structured_joint_turnover_180x35_v2,2024,top1,predicted,17,30
structured_joint_turnover_180x35_v2,2024,top1,predicted,18,8
structured_joint_turnover_180x35_v2,2024,top1,predicted,19,24
structured_joint_turnover_180x35_v2,2024,top1,predicted,21,1
structured_joint_turnover_180x35_v2,2024,top1,predicted,22,67
structured_joint_turnover_180x35_v2,2024,top1,predicted,23,8
structured_joint_turnover_180x35_v2,2024,top1,predicted,24,47
structured_joint_turnover_180x35_v2,2024,top1,predicted,25,20
structured_joint_turnover_180x35_v2,2024,top1,predicted,26,9
structured_joint_turnover_180x35_v2,2024,top10,actual,2,309
structured_joint_turnover_180x35_v2,2024,top10,actual,3,102
structured_joint_turnover_180x35_v2,2024,top10,actual,4,70
structured_joint_turnover_180x35_v2,2024,top10,actual,5,63
structured_joint_turnover_180x35_v2,2024,top10,actual,6,47
structured_joint_turnover_180x35_v2,2024,top10,actual,7,45
structured_joint_turnover_180x35_v2,2024,top10,actual,8,40
structured_joint_turnover_180x35_v2,2024,top10,actual,9,37
structured_joint_turnover_180x35_v2,2024,top10,actual,10,33
structured_joint_turnover_180x35_v2,2024,top10,actual,11,27
structured_joint_turnover_180x35_v2,2024,top10,actual,12,34
structured_joint_turnover_180x35_v2,2024,top10,actual,13,40
structured_joint_turnover_180x35_v2,2024,top10,actual,14,33
structured_joint_turnover_180x35_v2,2024,top10,actual,15,28
structured_joint_turnover_180x35_v2,2024,top10,actual,16,28
structured_joint_turnover_180x35_v2,2024,top10,actual,17,33
structured_joint_turnover_180x35_v2,2024,top10,actual,18,31
structured_joint_turnover_180x35_v2,2024,top10,actual,19,25
structured_joint_turnover_180x35_v2,2024,top10,actual,20,25
structured_joint_turnover_180x35_v2,2024,top10,actual,21,24
structured_joint_turnover_180x35_v2,2024,top10,actual,22,22
structured_joint_turnover_180x35_v2,2024,top10,actual,23,32
structured_joint_turnover_180x35_v2,2024,top10,actual,24,28
structured_joint_turnover_180x35_v2,2024,top10,actual,25,23
structured_joint_turnover_180x35_v2,2024,top10,actual,26,26
structured_joint_turnover_180x35_v2,2024,top10,actual,27,28
structured_joint_turnover_180x35_v2,2024,top10,actual,28,34
structured_joint_turnover_180x35_v2,2024,top10,actual,29,34
structured_joint_turnover_180x35_v2,2024,top10,actual,30,34
structured_joint_turnover_180x35_v2,2024,top10,actual,31,30
structured_joint_turnover_180x35_v2,2024,top10,actual,32,31
structured_joint_turnover_180x35_v2,2024,top10,actual,33,27
structured_joint_turnover_180x35_v2,2024,top10,actual,34,32
structured_joint_turnover_180x35_v2,2024,top10,actual,35,31
structured_joint_turnover_180x35_v2,2024,top10,actual,36,24
structured_joint_turnover_180x35_v2,2024,top10,actual,37,28
structured_joint_turnover_180x35_v2,2024,top10,actual,38,24
structured_joint_turnover_180x35_v2,2024,top10,actual,39,25
structured_joint_turnover_180x35_v2,2024,top10,actual,40,22
structured_joint_turnover_180x35_v2,2024,top10,actual,41,23
structured_joint_turnover_180x35_v2,2024,top10,actual,42,21
structured_joint_turnover_180x35_v2,2024,top10,actual,43,26
structured_joint_turnover_180x35_v2,2024,top10,actual,44,29
structured_joint_turnover_180x35_v2,2024,top10,actual,45,25
structured_joint_turnover_180x35_v2,2024,top10,actual,46,22
structured_joint_turnover_180x35_v2,2024,top10,actual,47,19
structured_joint_turnover_180x35_v2,2024,top10,actual,48,23
structured_joint_turnover_180x35_v2,2024,top10,actual,49,24
structured_joint_turnover_180x35_v2,2024,top10,actual,50,33
structured_joint_turnover_180x35_v2,2024,top10,actual,51,34
structured_joint_turnover_180x35_v2,2024,top10,actual,52,39
structured_joint_turnover_180x35_v2,2024,top10,actual,53,36
structured_joint_turnover_180x35_v2,2024,top10,actual,54,35
structured_joint_turnover_180x35_v2,2024,top10,actual,55,43
structured_joint_turnover_180x35_v2,2024,top10,actual,56,43
structured_joint_turnover_180x35_v2,2024,top10,actual,57,43
structured_joint_turnover_180x35_v2,2024,top10,actual,58,51
structured_joint_turnover_180x35_v2,2024,top10,actual,59,77
structured_joint_turnover_180x35_v2,2024,top10,actual,60,158
structured_joint_turnover_180x35_v2,2024,top10,predicted,12,2
structured_joint_turnover_180x35_v2,2024,top10,predicted,13,10
structured_joint_turnover_180x35_v2,2024,top10,predicted,15,4
structured_joint_turnover_180x35_v2,2024,top10,predicted,16,590
structured_joint_turnover_180x35_v2,2024,top10,predicted,17,291
structured_joint_turnover_180x35_v2,2024,top10,predicted,18,141
structured_joint_turnover_180x35_v2,2024,top10,predicted,19,271
structured_joint_turnover_180x35_v2,2024,top10,predicted,20,5
structured_joint_turnover_180x35_v2,2024,top10,predicted,21,10
structured_joint_turnover_180x35_v2,2024,top10,predicted,22,626
structured_joint_turnover_180x35_v2,2024,top10,predicted,23,87
structured_joint_turnover_180x35_v2,2024,top10,predicted,24,271
structured_joint_turnover_180x35_v2,2024,top10,predicted,25,88
structured_joint_turnover_180x35_v2,2024,top10,predicted,26,24
structured_joint_turnover_180x35_v2,2024,top2,actual,2,65
structured_joint_turnover_180x35_v2,2024,top2,actual,3,16
structured_joint_turnover_180x35_v2,2024,top2,actual,4,14
structured_joint_turnover_180x35_v2,2024,top2,actual,5,11
structured_joint_turnover_180x35_v2,2024,top2,actual,6,10
structured_joint_turnover_180x35_v2,2024,top2,actual,7,10
structured_joint_turnover_180x35_v2,2024,top2,actual,8,10
structured_joint_turnover_180x35_v2,2024,top2,actual,9,7
structured_joint_turnover_180x35_v2,2024,top2,actual,10,8
structured_joint_turnover_180x35_v2,2024,top2,actual,11,5
structured_joint_turnover_180x35_v2,2024,top2,actual,12,5
structured_joint_turnover_180x35_v2,2024,top2,actual,13,5
structured_joint_turnover_180x35_v2,2024,top2,actual,14,8
structured_joint_turnover_180x35_v2,2024,top2,actual,15,3
structured_joint_turnover_180x35_v2,2024,top2,actual,16,6
structured_joint_turnover_180x35_v2,2024,top2,actual,17,4
structured_joint_turnover_180x35_v2,2024,top2,actual,18,7
structured_joint_turnover_180x35_v2,2024,top2,actual,19,8
structured_joint_turnover_180x35_v2,2024,top2,actual,20,6
structured_joint_turnover_180x35_v2,2024,top2,actual,21,6
structured_joint_turnover_180x35_v2,2024,top2,actual,22,8
structured_joint_turnover_180x35_v2,2024,top2,actual,23,5
structured_joint_turnover_180x35_v2,2024,top2,actual,24,5
structured_joint_turnover_180x35_v2,2024,top2,actual,25,4
structured_joint_turnover_180x35_v2,2024,top2,actual,26,1
structured_joint_turnover_180x35_v2,2024,top2,actual,27,3
structured_joint_turnover_180x35_v2,2024,top2,actual,28,6
structured_joint_turnover_180x35_v2,2024,top2,actual,29,10
structured_joint_turnover_180x35_v2,2024,top2,actual,30,8
structured_joint_turnover_180x35_v2,2024,top2,actual,31,7
structured_joint_turnover_180x35_v2,2024,top2,actual,32,4
structured_joint_turnover_180x35_v2,2024,top2,actual,33,4
structured_joint_turnover_180x35_v2,2024,top2,actual,34,6
structured_joint_turnover_180x35_v2,2024,top2,actual,35,9
structured_joint_turnover_180x35_v2,2024,top2,actual,36,5
structured_joint_turnover_180x35_v2,2024,top2,actual,37,7
structured_joint_turnover_180x35_v2,2024,top2,actual,38,7
structured_joint_turnover_180x35_v2,2024,top2,actual,39,8
structured_joint_turnover_180x35_v2,2024,top2,actual,40,6
structured_joint_turnover_180x35_v2,2024,top2,actual,41,5
structured_joint_turnover_180x35_v2,2024,top2,actual,42,1
structured_joint_turnover_180x35_v2,2024,top2,actual,43,6
structured_joint_turnover_180x35_v2,2024,top2,actual,44,6
structured_joint_turnover_180x35_v2,2024,top2,actual,45,6
structured_joint_turnover_180x35_v2,2024,top2,actual,46,3
structured_joint_turnover_180x35_v2,2024,top2,actual,47,3
structured_joint_turnover_180x35_v2,2024,top2,actual,48,6
structured_joint_turnover_180x35_v2,2024,top2,actual,49,6
structured_joint_turnover_180x35_v2,2024,top2,actual,50,6
structured_joint_turnover_180x35_v2,2024,top2,actual,51,7
structured_joint_turnover_180x35_v2,2024,top2,actual,52,9
structured_joint_turnover_180x35_v2,2024,top2,actual,53,2
structured_joint_turnover_180x35_v2,2024,top2,actual,54,8
structured_joint_turnover_180x35_v2,2024,top2,actual,55,6
structured_joint_turnover_180x35_v2,2024,top2,actual,56,9
structured_joint_turnover_180x35_v2,2024,top2,actual,57,9
structured_joint_turnover_180x35_v2,2024,top2,actual,58,9
structured_joint_turnover_180x35_v2,2024,top2,actual,59,8
structured_joint_turnover_180x35_v2,2024,top2,actual,60,39
structured_joint_turnover_180x35_v2,2024,top2,predicted,13,1
structured_joint_turnover_180x35_v2,2024,top2,predicted,16,67
structured_joint_turnover_180x35_v2,2024,top2,predicted,17,64
structured_joint_turnover_180x35_v2,2024,top2,predicted,18,23
structured_joint_turnover_180x35_v2,2024,top2,predicted,19,53
structured_joint_turnover_180x35_v2,2024,top2,predicted,21,1
structured_joint_turnover_180x35_v2,2024,top2,predicted,22,126
structured_joint_turnover_180x35_v2,2024,top2,predicted,23,17
structured_joint_turnover_180x35_v2,2024,top2,predicted,24,81
structured_joint_turnover_180x35_v2,2024,top2,predicted,25,39
structured_joint_turnover_180x35_v2,2024,top2,predicted,26,12
structured_joint_turnover_180x35_v2,2024,top3,actual,2,91
structured_joint_turnover_180x35_v2,2024,top3,actual,3,27
structured_joint_turnover_180x35_v2,2024,top3,actual,4,18
structured_joint_turnover_180x35_v2,2024,top3,actual,5,19
structured_joint_turnover_180x35_v2,2024,top3,actual,6,16
structured_joint_turnover_180x35_v2,2024,top3,actual,7,13
structured_joint_turnover_180x35_v2,2024,top3,actual,8,12
structured_joint_turnover_180x35_v2,2024,top3,actual,9,11
structured_joint_turnover_180x35_v2,2024,top3,actual,10,8
structured_joint_turnover_180x35_v2,2024,top3,actual,11,9
structured_joint_turnover_180x35_v2,2024,top3,actual,12,10
structured_joint_turnover_180x35_v2,2024,top3,actual,13,9
structured_joint_turnover_180x35_v2,2024,top3,actual,14,10
structured_joint_turnover_180x35_v2,2024,top3,actual,15,7
structured_joint_turnover_180x35_v2,2024,top3,actual,16,11
structured_joint_turnover_180x35_v2,2024,top3,actual,17,6
structured_joint_turnover_180x35_v2,2024,top3,actual,18,9
structured_joint_turnover_180x35_v2,2024,top3,actual,19,11
structured_joint_turnover_180x35_v2,2024,top3,actual,20,9
structured_joint_turnover_180x35_v2,2024,top3,actual,21,7
structured_joint_turnover_180x35_v2,2024,top3,actual,22,8
structured_joint_turnover_180x35_v2,2024,top3,actual,23,10
structured_joint_turnover_180x35_v2,2024,top3,actual,24,8
structured_joint_turnover_180x35_v2,2024,top3,actual,25,7
structured_joint_turnover_180x35_v2,2024,top3,actual,26,8
structured_joint_turnover_180x35_v2,2024,top3,actual,27,9
structured_joint_turnover_180x35_v2,2024,top3,actual,28,9
structured_joint_turnover_180x35_v2,2024,top3,actual,29,13
structured_joint_turnover_180x35_v2,2024,top3,actual,30,14
structured_joint_turnover_180x35_v2,2024,top3,actual,31,8
structured_joint_turnover_180x35_v2,2024,top3,actual,32,7
structured_joint_turnover_180x35_v2,2024,top3,actual,33,7
structured_joint_turnover_180x35_v2,2024,top3,actual,34,8
structured_joint_turnover_180x35_v2,2024,top3,actual,35,12
structured_joint_turnover_180x35_v2,2024,top3,actual,36,8
structured_joint_turnover_180x35_v2,2024,top3,actual,37,10
structured_joint_turnover_180x35_v2,2024,top3,actual,38,9
structured_joint_turnover_180x35_v2,2024,top3,actual,39,10
structured_joint_turnover_180x35_v2,2024,top3,actual,40,7
structured_joint_turnover_180x35_v2,2024,top3,actual,41,7
structured_joint_turnover_180x35_v2,2024,top3,actual,42,3
structured_joint_turnover_180x35_v2,2024,top3,actual,43,7
structured_joint_turnover_180x35_v2,2024,top3,actual,44,10
structured_joint_turnover_180x35_v2,2024,top3,actual,45,10
structured_joint_turnover_180x35_v2,2024,top3,actual,46,6
structured_joint_turnover_180x35_v2,2024,top3,actual,47,5
structured_joint_turnover_180x35_v2,2024,top3,actual,48,12
structured_joint_turnover_180x35_v2,2024,top3,actual,49,9
structured_joint_turnover_180x35_v2,2024,top3,actual,50,7
structured_joint_turnover_180x35_v2,2024,top3,actual,51,8
structured_joint_turnover_180x35_v2,2024,top3,actual,52,10
structured_joint_turnover_180x35_v2,2024,top3,actual,53,5
structured_joint_turnover_180x35_v2,2024,top3,actual,54,15
structured_joint_turnover_180x35_v2,2024,top3,actual,55,13
structured_joint_turnover_180x35_v2,2024,top3,actual,56,14
structured_joint_turnover_180x35_v2,2024,top3,actual,57,10
structured_joint_turnover_180x35_v2,2024,top3,actual,58,11
structured_joint_turnover_180x35_v2,2024,top3,actual,59,20
structured_joint_turnover_180x35_v2,2024,top3,actual,60,55
structured_joint_turnover_180x35_v2,2024,top3,predicted,12,1
structured_joint_turnover_180x35_v2,2024,top3,predicted,13,2
structured_joint_turnover_180x35_v2,2024,top3,predicted,16,116
structured_joint_turnover_180x35_v2,2024,top3,predicted,17,96
structured_joint_turnover_180x35_v2,2024,top3,predicted,18,35
structured_joint_turnover_180x35_v2,2024,top3,predicted,19,76
structured_joint_turnover_180x35_v2,2024,top3,predicted,21,2
structured_joint_turnover_180x35_v2,2024,top3,predicted,22,194
structured_joint_turnover_180x35_v2,2024,top3,predicted,23,27
structured_joint_turnover_180x35_v2,2024,top3,predicted,24,116
structured_joint_turnover_180x35_v2,2024,top3,predicted,25,46
structured_joint_turnover_180x35_v2,2024,top3,predicted,26,15
structured_joint_turnover_180x35_v2,2024,universe,actual,2,127300
structured_joint_turnover_180x35_v2,2024,universe,actual,3,44755
structured_joint_turnover_180x35_v2,2024,universe,actual,4,28386
structured_joint_turnover_180x35_v2,2024,universe,actual,5,22410
structured_joint_turnover_180x35_v2,2024,universe,actual,6,18035
structured_joint_turnover_180x35_v2,2024,universe,actual,7,15318
structured_joint_turnover_180x35_v2,2024,universe,actual,8,13530
structured_joint_turnover_180x35_v2,2024,universe,actual,9,12072
structured_joint_turnover_180x35_v2,2024,universe,actual,10,10931
structured_joint_turnover_180x35_v2,2024,universe,actual,11,10301
structured_joint_turnover_180x35_v2,2024,universe,actual,12,9852
structured_joint_turnover_180x35_v2,2024,universe,actual,13,9454
structured_joint_turnover_180x35_v2,2024,universe,actual,14,9145
structured_joint_turnover_180x35_v2,2024,universe,actual,15,8768
structured_joint_turnover_180x35_v2,2024,universe,actual,16,8392
structured_joint_turnover_180x35_v2,2024,universe,actual,17,8103
structured_joint_turnover_180x35_v2,2024,universe,actual,18,7897
structured_joint_turnover_180x35_v2,2024,universe,actual,19,7609
structured_joint_turnover_180x35_v2,2024,universe,actual,20,7496
structured_joint_turnover_180x35_v2,2024,universe,actual,21,7413
structured_joint_turnover_180x35_v2,2024,universe,actual,22,7325
structured_joint_turnover_180x35_v2,2024,universe,actual,23,7100
structured_joint_turnover_180x35_v2,2024,universe,actual,24,6976
structured_joint_turnover_180x35_v2,2024,universe,actual,25,6907
structured_joint_turnover_180x35_v2,2024,universe,actual,26,6834
structured_joint_turnover_180x35_v2,2024,universe,actual,27,6781
structured_joint_turnover_180x35_v2,2024,universe,actual,28,6699
structured_joint_turnover_180x35_v2,2024,universe,actual,29,6688
structured_joint_turnover_180x35_v2,2024,universe,actual,30,6581
structured_joint_turnover_180x35_v2,2024,universe,actual,31,6498
structured_joint_turnover_180x35_v2,2024,universe,actual,32,6456
structured_joint_turnover_180x35_v2,2024,universe,actual,33,6368
structured_joint_turnover_180x35_v2,2024,universe,actual,34,6390
structured_joint_turnover_180x35_v2,2024,universe,actual,35,6393
structured_joint_turnover_180x35_v2,2024,universe,actual,36,6404
structured_joint_turnover_180x35_v2,2024,universe,actual,37,6549
structured_joint_turnover_180x35_v2,2024,universe,actual,38,6593
structured_joint_turnover_180x35_v2,2024,universe,actual,39,6728
structured_joint_turnover_180x35_v2,2024,universe,actual,40,6829
structured_joint_turnover_180x35_v2,2024,universe,actual,41,6897
structured_joint_turnover_180x35_v2,2024,universe,actual,42,6920
structured_joint_turnover_180x35_v2,2024,universe,actual,43,7040
structured_joint_turnover_180x35_v2,2024,universe,actual,44,7207
structured_joint_turnover_180x35_v2,2024,universe,actual,45,7363
structured_joint_turnover_180x35_v2,2024,universe,actual,46,7542
structured_joint_turnover_180x35_v2,2024,universe,actual,47,7905
structured_joint_turnover_180x35_v2,2024,universe,actual,48,8156
structured_joint_turnover_180x35_v2,2024,universe,actual,49,8248
structured_joint_turnover_180x35_v2,2024,universe,actual,50,8477
structured_joint_turnover_180x35_v2,2024,universe,actual,51,8621
structured_joint_turnover_180x35_v2,2024,universe,actual,52,8893
structured_joint_turnover_180x35_v2,2024,universe,actual,53,9246
structured_joint_turnover_180x35_v2,2024,universe,actual,54,9675
structured_joint_turnover_180x35_v2,2024,universe,actual,55,10044
structured_joint_turnover_180x35_v2,2024,universe,actual,56,10559
structured_joint_turnover_180x35_v2,2024,universe,actual,57,11294
structured_joint_turnover_180x35_v2,2024,universe,actual,58,12651
structured_joint_turnover_180x35_v2,2024,universe,actual,59,15364
structured_joint_turnover_180x35_v2,2024,universe,actual,60,29349
structured_joint_turnover_180x35_v2,2024,universe,predicted,2,429562
structured_joint_turnover_180x35_v2,2024,universe,predicted,3,21473
structured_joint_turnover_180x35_v2,2024,universe,predicted,4,2601
structured_joint_turnover_180x35_v2,2024,universe,predicted,5,182
structured_joint_turnover_180x35_v2,2024,universe,predicted,6,3919
structured_joint_turnover_180x35_v2,2024,universe,predicted,7,35066
structured_joint_turnover_180x35_v2,2024,universe,predicted,8,6806
structured_joint_turnover_180x35_v2,2024,universe,predicted,9,2754
structured_joint_turnover_180x35_v2,2024,universe,predicted,11,5
structured_joint_turnover_180x35_v2,2024,universe,predicted,12,33798
structured_joint_turnover_180x35_v2,2024,universe,predicted,13,44559
structured_joint_turnover_180x35_v2,2024,universe,predicted,14,205
structured_joint_turnover_180x35_v2,2024,universe,predicted,15,4535
structured_joint_turnover_180x35_v2,2024,universe,predicted,16,82038
structured_joint_turnover_180x35_v2,2024,universe,predicted,17,20073
structured_joint_turnover_180x35_v2,2024,universe,predicted,18,6038
structured_joint_turnover_180x35_v2,2024,universe,predicted,19,8596
structured_joint_turnover_180x35_v2,2024,universe,predicted,20,120
structured_joint_turnover_180x35_v2,2024,universe,predicted,21,372
structured_joint_turnover_180x35_v2,2024,universe,predicted,22,9648
structured_joint_turnover_180x35_v2,2024,universe,predicted,23,737
structured_joint_turnover_180x35_v2,2024,universe,predicted,24,2228
structured_joint_turnover_180x35_v2,2024,universe,predicted,25,526
structured_joint_turnover_180x35_v2,2024,universe,predicted,26,37
structured_joint_turnover_180x35_v2,2025,top1,actual,2,20
structured_joint_turnover_180x35_v2,2025,top1,actual,3,10
structured_joint_turnover_180x35_v2,2025,top1,actual,4,5
structured_joint_turnover_180x35_v2,2025,top1,actual,5,3
structured_joint_turnover_180x35_v2,2025,top1,actual,6,2
structured_joint_turnover_180x35_v2,2025,top1,actual,7,5
structured_joint_turnover_180x35_v2,2025,top1,actual,8,4
structured_joint_turnover_180x35_v2,2025,top1,actual,9,4
structured_joint_turnover_180x35_v2,2025,top1,actual,10,4
structured_joint_turnover_180x35_v2,2025,top1,actual,11,1
structured_joint_turnover_180x35_v2,2025,top1,actual,12,2
structured_joint_turnover_180x35_v2,2025,top1,actual,13,1
structured_joint_turnover_180x35_v2,2025,top1,actual,14,3
structured_joint_turnover_180x35_v2,2025,top1,actual,15,2
structured_joint_turnover_180x35_v2,2025,top1,actual,16,1
structured_joint_turnover_180x35_v2,2025,top1,actual,17,4
structured_joint_turnover_180x35_v2,2025,top1,actual,18,2
structured_joint_turnover_180x35_v2,2025,top1,actual,19,5
structured_joint_turnover_180x35_v2,2025,top1,actual,20,2
structured_joint_turnover_180x35_v2,2025,top1,actual,21,3
structured_joint_turnover_180x35_v2,2025,top1,actual,22,7
structured_joint_turnover_180x35_v2,2025,top1,actual,23,4
structured_joint_turnover_180x35_v2,2025,top1,actual,24,4
structured_joint_turnover_180x35_v2,2025,top1,actual,25,4
structured_joint_turnover_180x35_v2,2025,top1,actual,26,5
structured_joint_turnover_180x35_v2,2025,top1,actual,27,1
structured_joint_turnover_180x35_v2,2025,top1,actual,28,1
structured_joint_turnover_180x35_v2,2025,top1,actual,29,2
structured_joint_turnover_180x35_v2,2025,top1,actual,30,2
structured_joint_turnover_180x35_v2,2025,top1,actual,31,3
structured_joint_turnover_180x35_v2,2025,top1,actual,32,1
structured_joint_turnover_180x35_v2,2025,top1,actual,34,1
structured_joint_turnover_180x35_v2,2025,top1,actual,35,4
structured_joint_turnover_180x35_v2,2025,top1,actual,36,5
structured_joint_turnover_180x35_v2,2025,top1,actual,37,3
structured_joint_turnover_180x35_v2,2025,top1,actual,38,5
structured_joint_turnover_180x35_v2,2025,top1,actual,39,4
structured_joint_turnover_180x35_v2,2025,top1,actual,40,1
structured_joint_turnover_180x35_v2,2025,top1,actual,41,2
structured_joint_turnover_180x35_v2,2025,top1,actual,42,3
structured_joint_turnover_180x35_v2,2025,top1,actual,43,4
structured_joint_turnover_180x35_v2,2025,top1,actual,44,5
structured_joint_turnover_180x35_v2,2025,top1,actual,45,2
structured_joint_turnover_180x35_v2,2025,top1,actual,46,5
structured_joint_turnover_180x35_v2,2025,top1,actual,47,4
structured_joint_turnover_180x35_v2,2025,top1,actual,48,3
structured_joint_turnover_180x35_v2,2025,top1,actual,49,3
structured_joint_turnover_180x35_v2,2025,top1,actual,50,5
structured_joint_turnover_180x35_v2,2025,top1,actual,51,4
structured_joint_turnover_180x35_v2,2025,top1,actual,52,5
structured_joint_turnover_180x35_v2,2025,top1,actual,53,7
structured_joint_turnover_180x35_v2,2025,top1,actual,54,6
structured_joint_turnover_180x35_v2,2025,top1,actual,55,6
structured_joint_turnover_180x35_v2,2025,top1,actual,56,5
structured_joint_turnover_180x35_v2,2025,top1,actual,57,5
structured_joint_turnover_180x35_v2,2025,top1,actual,58,8
structured_joint_turnover_180x35_v2,2025,top1,actual,59,6
structured_joint_turnover_180x35_v2,2025,top1,actual,60,15
structured_joint_turnover_180x35_v2,2025,top1,predicted,7,2
structured_joint_turnover_180x35_v2,2025,top1,predicted,8,3
structured_joint_turnover_180x35_v2,2025,top1,predicted,9,10
structured_joint_turnover_180x35_v2,2025,top1,predicted,10,1
structured_joint_turnover_180x35_v2,2025,top1,predicted,11,25
structured_joint_turnover_180x35_v2,2025,top1,predicted,12,67
structured_joint_turnover_180x35_v2,2025,top1,predicted,13,33
structured_joint_turnover_180x35_v2,2025,top1,predicted,14,7
structured_joint_turnover_180x35_v2,2025,top1,predicted,15,9
structured_joint_turnover_180x35_v2,2025,top1,predicted,16,31
structured_joint_turnover_180x35_v2,2025,top1,predicted,17,8
structured_joint_turnover_180x35_v2,2025,top1,predicted,18,11
structured_joint_turnover_180x35_v2,2025,top1,predicted,19,26
structured_joint_turnover_180x35_v2,2025,top1,predicted,20,3
structured_joint_turnover_180x35_v2,2025,top1,predicted,21,2
structured_joint_turnover_180x35_v2,2025,top1,predicted,22,3
structured_joint_turnover_180x35_v2,2025,top1,predicted,23,2
structured_joint_turnover_180x35_v2,2025,top10,actual,2,201
structured_joint_turnover_180x35_v2,2025,top10,actual,3,75
structured_joint_turnover_180x35_v2,2025,top10,actual,4,58
structured_joint_turnover_180x35_v2,2025,top10,actual,5,48
structured_joint_turnover_180x35_v2,2025,top10,actual,6,44
structured_joint_turnover_180x35_v2,2025,top10,actual,7,34
structured_joint_turnover_180x35_v2,2025,top10,actual,8,33
structured_joint_turnover_180x35_v2,2025,top10,actual,9,29
structured_joint_turnover_180x35_v2,2025,top10,actual,10,28
structured_joint_turnover_180x35_v2,2025,top10,actual,11,26
structured_joint_turnover_180x35_v2,2025,top10,actual,12,31
structured_joint_turnover_180x35_v2,2025,top10,actual,13,24
structured_joint_turnover_180x35_v2,2025,top10,actual,14,24
structured_joint_turnover_180x35_v2,2025,top10,actual,15,30
structured_joint_turnover_180x35_v2,2025,top10,actual,16,31
structured_joint_turnover_180x35_v2,2025,top10,actual,17,30
structured_joint_turnover_180x35_v2,2025,top10,actual,18,35
structured_joint_turnover_180x35_v2,2025,top10,actual,19,27
structured_joint_turnover_180x35_v2,2025,top10,actual,20,28
structured_joint_turnover_180x35_v2,2025,top10,actual,21,30
structured_joint_turnover_180x35_v2,2025,top10,actual,22,30
structured_joint_turnover_180x35_v2,2025,top10,actual,23,29
structured_joint_turnover_180x35_v2,2025,top10,actual,24,31
structured_joint_turnover_180x35_v2,2025,top10,actual,25,22
structured_joint_turnover_180x35_v2,2025,top10,actual,26,28
structured_joint_turnover_180x35_v2,2025,top10,actual,27,23
structured_joint_turnover_180x35_v2,2025,top10,actual,28,28
structured_joint_turnover_180x35_v2,2025,top10,actual,29,26
structured_joint_turnover_180x35_v2,2025,top10,actual,30,36
structured_joint_turnover_180x35_v2,2025,top10,actual,31,35
structured_joint_turnover_180x35_v2,2025,top10,actual,32,28
structured_joint_turnover_180x35_v2,2025,top10,actual,33,26
structured_joint_turnover_180x35_v2,2025,top10,actual,34,33
structured_joint_turnover_180x35_v2,2025,top10,actual,35,31
structured_joint_turnover_180x35_v2,2025,top10,actual,36,36
structured_joint_turnover_180x35_v2,2025,top10,actual,37,39
structured_joint_turnover_180x35_v2,2025,top10,actual,38,39
structured_joint_turnover_180x35_v2,2025,top10,actual,39,36
structured_joint_turnover_180x35_v2,2025,top10,actual,40,32
structured_joint_turnover_180x35_v2,2025,top10,actual,41,32
structured_joint_turnover_180x35_v2,2025,top10,actual,42,37
structured_joint_turnover_180x35_v2,2025,top10,actual,43,31
structured_joint_turnover_180x35_v2,2025,top10,actual,44,32
structured_joint_turnover_180x35_v2,2025,top10,actual,45,35
structured_joint_turnover_180x35_v2,2025,top10,actual,46,29
structured_joint_turnover_180x35_v2,2025,top10,actual,47,28
structured_joint_turnover_180x35_v2,2025,top10,actual,48,30
structured_joint_turnover_180x35_v2,2025,top10,actual,49,28
structured_joint_turnover_180x35_v2,2025,top10,actual,50,32
structured_joint_turnover_180x35_v2,2025,top10,actual,51,30
structured_joint_turnover_180x35_v2,2025,top10,actual,52,42
structured_joint_turnover_180x35_v2,2025,top10,actual,53,38
structured_joint_turnover_180x35_v2,2025,top10,actual,54,52
structured_joint_turnover_180x35_v2,2025,top10,actual,55,51
structured_joint_turnover_180x35_v2,2025,top10,actual,56,56
structured_joint_turnover_180x35_v2,2025,top10,actual,57,57
structured_joint_turnover_180x35_v2,2025,top10,actual,58,71
structured_joint_turnover_180x35_v2,2025,top10,actual,59,87
structured_joint_turnover_180x35_v2,2025,top10,actual,60,178
structured_joint_turnover_180x35_v2,2025,top10,predicted,2,17
structured_joint_turnover_180x35_v2,2025,top10,predicted,3,5
structured_joint_turnover_180x35_v2,2025,top10,predicted,4,13
structured_joint_turnover_180x35_v2,2025,top10,predicted,5,3
structured_joint_turnover_180x35_v2,2025,top10,predicted,6,17
structured_joint_turnover_180x35_v2,2025,top10,predicted,7,69
structured_joint_turnover_180x35_v2,2025,top10,predicted,8,30
structured_joint_turnover_180x35_v2,2025,top10,predicted,9,294
structured_joint_turnover_180x35_v2,2025,top10,predicted,10,94
structured_joint_turnover_180x35_v2,2025,top10,predicted,11,464
structured_joint_turnover_180x35_v2,2025,top10,predicted,12,620
structured_joint_turnover_180x35_v2,2025,top10,predicted,13,276
structured_joint_turnover_180x35_v2,2025,top10,predicted,14,92
structured_joint_turnover_180x35_v2,2025,top10,predicted,15,94
structured_joint_turnover_180x35_v2,2025,top10,predicted,16,170
structured_joint_turnover_180x35_v2,2025,top10,predicted,17,65
structured_joint_turnover_180x35_v2,2025,top10,predicted,18,33
structured_joint_turnover_180x35_v2,2025,top10,predicted,19,60
structured_joint_turnover_180x35_v2,2025,top10,predicted,20,4
structured_joint_turnover_180x35_v2,2025,top10,predicted,21,3
structured_joint_turnover_180x35_v2,2025,top10,predicted,22,4
structured_joint_turnover_180x35_v2,2025,top10,predicted,23,3
structured_joint_turnover_180x35_v2,2025,top2,actual,2,48
structured_joint_turnover_180x35_v2,2025,top2,actual,3,19
structured_joint_turnover_180x35_v2,2025,top2,actual,4,10
structured_joint_turnover_180x35_v2,2025,top2,actual,5,10
structured_joint_turnover_180x35_v2,2025,top2,actual,6,8
structured_joint_turnover_180x35_v2,2025,top2,actual,7,7
structured_joint_turnover_180x35_v2,2025,top2,actual,8,8
structured_joint_turnover_180x35_v2,2025,top2,actual,9,7
structured_joint_turnover_180x35_v2,2025,top2,actual,10,4
structured_joint_turnover_180x35_v2,2025,top2,actual,11,4
structured_joint_turnover_180x35_v2,2025,top2,actual,12,3
structured_joint_turnover_180x35_v2,2025,top2,actual,13,3
structured_joint_turnover_180x35_v2,2025,top2,actual,14,5
structured_joint_turnover_180x35_v2,2025,top2,actual,15,6
structured_joint_turnover_180x35_v2,2025,top2,actual,16,6
structured_joint_turnover_180x35_v2,2025,top2,actual,17,10
structured_joint_turnover_180x35_v2,2025,top2,actual,18,10
structured_joint_turnover_180x35_v2,2025,top2,actual,19,9
structured_joint_turnover_180x35_v2,2025,top2,actual,20,6
structured_joint_turnover_180x35_v2,2025,top2,actual,21,7
structured_joint_turnover_180x35_v2,2025,top2,actual,22,10
structured_joint_turnover_180x35_v2,2025,top2,actual,23,6
structured_joint_turnover_180x35_v2,2025,top2,actual,24,6
structured_joint_turnover_180x35_v2,2025,top2,actual,25,5
structured_joint_turnover_180x35_v2,2025,top2,actual,26,7
structured_joint_turnover_180x35_v2,2025,top2,actual,27,5
structured_joint_turnover_180x35_v2,2025,top2,actual,28,3
structured_joint_turnover_180x35_v2,2025,top2,actual,29,4
structured_joint_turnover_180x35_v2,2025,top2,actual,30,2
structured_joint_turnover_180x35_v2,2025,top2,actual,31,4
structured_joint_turnover_180x35_v2,2025,top2,actual,32,3
structured_joint_turnover_180x35_v2,2025,top2,actual,33,3
structured_joint_turnover_180x35_v2,2025,top2,actual,34,4
structured_joint_turnover_180x35_v2,2025,top2,actual,35,7
structured_joint_turnover_180x35_v2,2025,top2,actual,36,7
structured_joint_turnover_180x35_v2,2025,top2,actual,37,5
structured_joint_turnover_180x35_v2,2025,top2,actual,38,10
structured_joint_turnover_180x35_v2,2025,top2,actual,39,9
structured_joint_turnover_180x35_v2,2025,top2,actual,40,2
structured_joint_turnover_180x35_v2,2025,top2,actual,41,6
structured_joint_turnover_180x35_v2,2025,top2,actual,42,5
structured_joint_turnover_180x35_v2,2025,top2,actual,43,7
structured_joint_turnover_180x35_v2,2025,top2,actual,44,9
structured_joint_turnover_180x35_v2,2025,top2,actual,45,4
structured_joint_turnover_180x35_v2,2025,top2,actual,46,7
structured_joint_turnover_180x35_v2,2025,top2,actual,47,6
structured_joint_turnover_180x35_v2,2025,top2,actual,48,8
structured_joint_turnover_180x35_v2,2025,top2,actual,49,9
structured_joint_turnover_180x35_v2,2025,top2,actual,50,12
structured_joint_turnover_180x35_v2,2025,top2,actual,51,5
structured_joint_turnover_180x35_v2,2025,top2,actual,52,8
structured_joint_turnover_180x35_v2,2025,top2,actual,53,8
structured_joint_turnover_180x35_v2,2025,top2,actual,54,11
structured_joint_turnover_180x35_v2,2025,top2,actual,55,11
structured_joint_turnover_180x35_v2,2025,top2,actual,56,9
structured_joint_turnover_180x35_v2,2025,top2,actual,57,9
structured_joint_turnover_180x35_v2,2025,top2,actual,58,12
structured_joint_turnover_180x35_v2,2025,top2,actual,59,14
structured_joint_turnover_180x35_v2,2025,top2,actual,60,34
structured_joint_turnover_180x35_v2,2025,top2,predicted,6,2
structured_joint_turnover_180x35_v2,2025,top2,predicted,7,3
structured_joint_turnover_180x35_v2,2025,top2,predicted,8,7
structured_joint_turnover_180x35_v2,2025,top2,predicted,9,21
structured_joint_turnover_180x35_v2,2025,top2,predicted,10,3
structured_joint_turnover_180x35_v2,2025,top2,predicted,11,67
structured_joint_turnover_180x35_v2,2025,top2,predicted,12,133
structured_joint_turnover_180x35_v2,2025,top2,predicted,13,72
structured_joint_turnover_180x35_v2,2025,top2,predicted,14,12
structured_joint_turnover_180x35_v2,2025,top2,predicted,15,20
structured_joint_turnover_180x35_v2,2025,top2,predicted,16,55
structured_joint_turnover_180x35_v2,2025,top2,predicted,17,18
structured_joint_turnover_180x35_v2,2025,top2,predicted,18,18
structured_joint_turnover_180x35_v2,2025,top2,predicted,19,42
structured_joint_turnover_180x35_v2,2025,top2,predicted,20,3
structured_joint_turnover_180x35_v2,2025,top2,predicted,21,3
structured_joint_turnover_180x35_v2,2025,top2,predicted,22,4
structured_joint_turnover_180x35_v2,2025,top2,predicted,23,3
structured_joint_turnover_180x35_v2,2025,top3,actual,2,61
structured_joint_turnover_180x35_v2,2025,top3,actual,3,26
structured_joint_turnover_180x35_v2,2025,top3,actual,4,15
structured_joint_turnover_180x35_v2,2025,top3,actual,5,14
structured_joint_turnover_180x35_v2,2025,top3,actual,6,12
structured_joint_turnover_180x35_v2,2025,top3,actual,7,10
structured_joint_turnover_180x35_v2,2025,top3,actual,8,9
structured_joint_turnover_180x35_v2,2025,top3,actual,9,10
structured_joint_turnover_180x35_v2,2025,top3,actual,10,8
structured_joint_turnover_180x35_v2,2025,top3,actual,11,9
structured_joint_turnover_180x35_v2,2025,top3,actual,12,3
structured_joint_turnover_180x35_v2,2025,top3,actual,13,5
structured_joint_turnover_180x35_v2,2025,top3,actual,14,8
structured_joint_turnover_180x35_v2,2025,top3,actual,15,10
structured_joint_turnover_180x35_v2,2025,top3,actual,16,10
structured_joint_turnover_180x35_v2,2025,top3,actual,17,11
structured_joint_turnover_180x35_v2,2025,top3,actual,18,15
structured_joint_turnover_180x35_v2,2025,top3,actual,19,14
structured_joint_turnover_180x35_v2,2025,top3,actual,20,9
structured_joint_turnover_180x35_v2,2025,top3,actual,21,9
structured_joint_turnover_180x35_v2,2025,top3,actual,22,11
structured_joint_turnover_180x35_v2,2025,top3,actual,23,11
structured_joint_turnover_180x35_v2,2025,top3,actual,24,11
structured_joint_turnover_180x35_v2,2025,top3,actual,25,9
structured_joint_turnover_180x35_v2,2025,top3,actual,26,10
structured_joint_turnover_180x35_v2,2025,top3,actual,27,7
structured_joint_turnover_180x35_v2,2025,top3,actual,28,8
structured_joint_turnover_180x35_v2,2025,top3,actual,29,5
structured_joint_turnover_180x35_v2,2025,top3,actual,30,6
structured_joint_turnover_180x35_v2,2025,top3,actual,31,8
structured_joint_turnover_180x35_v2,2025,top3,actual,32,5
structured_joint_turnover_180x35_v2,2025,top3,actual,33,6
structured_joint_turnover_180x35_v2,2025,top3,actual,34,7
structured_joint_turnover_180x35_v2,2025,top3,actual,35,11
structured_joint_turnover_180x35_v2,2025,top3,actual,36,13
structured_joint_turnover_180x35_v2,2025,top3,actual,37,9
structured_joint_turnover_180x35_v2,2025,top3,actual,38,12
structured_joint_turnover_180x35_v2,2025,top3,actual,39,12
structured_joint_turnover_180x35_v2,2025,top3,actual,40,10
structured_joint_turnover_180x35_v2,2025,top3,actual,41,9
structured_joint_turnover_180x35_v2,2025,top3,actual,42,11
structured_joint_turnover_180x35_v2,2025,top3,actual,43,11
structured_joint_turnover_180x35_v2,2025,top3,actual,44,11
structured_joint_turnover_180x35_v2,2025,top3,actual,45,6
structured_joint_turnover_180x35_v2,2025,top3,actual,46,10
structured_joint_turnover_180x35_v2,2025,top3,actual,47,10
structured_joint_turnover_180x35_v2,2025,top3,actual,48,12
structured_joint_turnover_180x35_v2,2025,top3,actual,49,11
structured_joint_turnover_180x35_v2,2025,top3,actual,50,15
structured_joint_turnover_180x35_v2,2025,top3,actual,51,6
structured_joint_turnover_180x35_v2,2025,top3,actual,52,15
structured_joint_turnover_180x35_v2,2025,top3,actual,53,14
structured_joint_turnover_180x35_v2,2025,top3,actual,54,16
structured_joint_turnover_180x35_v2,2025,top3,actual,55,17
structured_joint_turnover_180x35_v2,2025,top3,actual,56,16
structured_joint_turnover_180x35_v2,2025,top3,actual,57,12
structured_joint_turnover_180x35_v2,2025,top3,actual,58,19
structured_joint_turnover_180x35_v2,2025,top3,actual,59,22
structured_joint_turnover_180x35_v2,2025,top3,actual,60,47
structured_joint_turnover_180x35_v2,2025,top3,predicted,6,2
structured_joint_turnover_180x35_v2,2025,top3,predicted,7,5
structured_joint_turnover_180x35_v2,2025,top3,predicted,8,9
structured_joint_turnover_180x35_v2,2025,top3,predicted,9,35
structured_joint_turnover_180x35_v2,2025,top3,predicted,10,15
structured_joint_turnover_180x35_v2,2025,top3,predicted,11,111
structured_joint_turnover_180x35_v2,2025,top3,predicted,12,206
structured_joint_turnover_180x35_v2,2025,top3,predicted,13,101
structured_joint_turnover_180x35_v2,2025,top3,predicted,14,27
structured_joint_turnover_180x35_v2,2025,top3,predicted,15,25
structured_joint_turnover_180x35_v2,2025,top3,predicted,16,74
structured_joint_turnover_180x35_v2,2025,top3,predicted,17,29
structured_joint_turnover_180x35_v2,2025,top3,predicted,18,22
structured_joint_turnover_180x35_v2,2025,top3,predicted,19,54
structured_joint_turnover_180x35_v2,2025,top3,predicted,20,4
structured_joint_turnover_180x35_v2,2025,top3,predicted,21,3
structured_joint_turnover_180x35_v2,2025,top3,predicted,22,4
structured_joint_turnover_180x35_v2,2025,top3,predicted,23,3
structured_joint_turnover_180x35_v2,2025,universe,actual,2,85391
structured_joint_turnover_180x35_v2,2025,universe,actual,3,32520
structured_joint_turnover_180x35_v2,2025,universe,actual,4,22011
structured_joint_turnover_180x35_v2,2025,universe,actual,5,17366
structured_joint_turnover_180x35_v2,2025,universe,actual,6,15035
structured_joint_turnover_180x35_v2,2025,universe,actual,7,13517
structured_joint_turnover_180x35_v2,2025,universe,actual,8,12528
structured_joint_turnover_180x35_v2,2025,universe,actual,9,11742
structured_joint_turnover_180x35_v2,2025,universe,actual,10,11008
structured_joint_turnover_180x35_v2,2025,universe,actual,11,10455
structured_joint_turnover_180x35_v2,2025,universe,actual,12,10127
structured_joint_turnover_180x35_v2,2025,universe,actual,13,9842
structured_joint_turnover_180x35_v2,2025,universe,actual,14,9565
structured_joint_turnover_180x35_v2,2025,universe,actual,15,9432
structured_joint_turnover_180x35_v2,2025,universe,actual,16,9277
structured_joint_turnover_180x35_v2,2025,universe,actual,17,9134
structured_joint_turnover_180x35_v2,2025,universe,actual,18,9015
structured_joint_turnover_180x35_v2,2025,universe,actual,19,8975
structured_joint_turnover_180x35_v2,2025,universe,actual,20,8903
structured_joint_turnover_180x35_v2,2025,universe,actual,21,8714
structured_joint_turnover_180x35_v2,2025,universe,actual,22,8563
structured_joint_turnover_180x35_v2,2025,universe,actual,23,8495
structured_joint_turnover_180x35_v2,2025,universe,actual,24,8406
structured_joint_turnover_180x35_v2,2025,universe,actual,25,8318
structured_joint_turnover_180x35_v2,2025,universe,actual,26,8307
structured_joint_turnover_180x35_v2,2025,universe,actual,27,8277
structured_joint_turnover_180x35_v2,2025,universe,actual,28,8309
structured_joint_turnover_180x35_v2,2025,universe,actual,29,8272
structured_joint_turnover_180x35_v2,2025,universe,actual,30,8249
structured_joint_turnover_180x35_v2,2025,universe,actual,31,8151
structured_joint_turnover_180x35_v2,2025,universe,actual,32,8108
structured_joint_turnover_180x35_v2,2025,universe,actual,33,8127
structured_joint_turnover_180x35_v2,2025,universe,actual,34,8182
structured_joint_turnover_180x35_v2,2025,universe,actual,35,8202
structured_joint_turnover_180x35_v2,2025,universe,actual,36,8248
structured_joint_turnover_180x35_v2,2025,universe,actual,37,8255
structured_joint_turnover_180x35_v2,2025,universe,actual,38,8232
structured_joint_turnover_180x35_v2,2025,universe,actual,39,8277
structured_joint_turnover_180x35_v2,2025,universe,actual,40,8344
structured_joint_turnover_180x35_v2,2025,universe,actual,41,8420
structured_joint_turnover_180x35_v2,2025,universe,actual,42,8578
structured_joint_turnover_180x35_v2,2025,universe,actual,43,8763
structured_joint_turnover_180x35_v2,2025,universe,actual,44,8830
structured_joint_turnover_180x35_v2,2025,universe,actual,45,8973
structured_joint_turnover_180x35_v2,2025,universe,actual,46,9011
structured_joint_turnover_180x35_v2,2025,universe,actual,47,9120
structured_joint_turnover_180x35_v2,2025,universe,actual,48,9215
structured_joint_turnover_180x35_v2,2025,universe,actual,49,9303
structured_joint_turnover_180x35_v2,2025,universe,actual,50,9405
structured_joint_turnover_180x35_v2,2025,universe,actual,51,9619
structured_joint_turnover_180x35_v2,2025,universe,actual,52,9984
structured_joint_turnover_180x35_v2,2025,universe,actual,53,10318
structured_joint_turnover_180x35_v2,2025,universe,actual,54,10825
structured_joint_turnover_180x35_v2,2025,universe,actual,55,11481
structured_joint_turnover_180x35_v2,2025,universe,actual,56,12433
structured_joint_turnover_180x35_v2,2025,universe,actual,57,13891
structured_joint_turnover_180x35_v2,2025,universe,actual,58,15975
structured_joint_turnover_180x35_v2,2025,universe,actual,59,20583
structured_joint_turnover_180x35_v2,2025,universe,actual,60,37201
structured_joint_turnover_180x35_v2,2025,universe,predicted,2,623048
structured_joint_turnover_180x35_v2,2025,universe,predicted,3,35374
structured_joint_turnover_180x35_v2,2025,universe,predicted,4,18127
structured_joint_turnover_180x35_v2,2025,universe,predicted,5,5878
structured_joint_turnover_180x35_v2,2025,universe,predicted,6,4574
structured_joint_turnover_180x35_v2,2025,universe,predicted,7,5887
structured_joint_turnover_180x35_v2,2025,universe,predicted,8,3066
structured_joint_turnover_180x35_v2,2025,universe,predicted,9,18533
structured_joint_turnover_180x35_v2,2025,universe,predicted,10,1257
structured_joint_turnover_180x35_v2,2025,universe,predicted,11,3623
structured_joint_turnover_180x35_v2,2025,universe,predicted,12,2813
structured_joint_turnover_180x35_v2,2025,universe,predicted,13,1110
structured_joint_turnover_180x35_v2,2025,universe,predicted,14,221
structured_joint_turnover_180x35_v2,2025,universe,predicted,15,207
structured_joint_turnover_180x35_v2,2025,universe,predicted,16,229
structured_joint_turnover_180x35_v2,2025,universe,predicted,17,69
structured_joint_turnover_180x35_v2,2025,universe,predicted,18,35
structured_joint_turnover_180x35_v2,2025,universe,predicted,19,60
structured_joint_turnover_180x35_v2,2025,universe,predicted,20,4
structured_joint_turnover_180x35_v2,2025,universe,predicted,21,3
structured_joint_turnover_180x35_v2,2025,universe,predicted,22,4
structured_joint_turnover_180x35_v2,2025,universe,predicted,23,3
structured_joint_turnover_180x35_v2,2026,top1,actual,2,11
structured_joint_turnover_180x35_v2,2026,top1,actual,3,3
structured_joint_turnover_180x35_v2,2026,top1,actual,4,3
structured_joint_turnover_180x35_v2,2026,top1,actual,5,2
structured_joint_turnover_180x35_v2,2026,top1,actual,6,2
structured_joint_turnover_180x35_v2,2026,top1,actual,7,2
structured_joint_turnover_180x35_v2,2026,top1,actual,8,1
structured_joint_turnover_180x35_v2,2026,top1,actual,9,2
structured_joint_turnover_180x35_v2,2026,top1,actual,10,1
structured_joint_turnover_180x35_v2,2026,top1,actual,11,1
structured_joint_turnover_180x35_v2,2026,top1,actual,12,1
structured_joint_turnover_180x35_v2,2026,top1,actual,13,1
structured_joint_turnover_180x35_v2,2026,top1,actual,14,1
structured_joint_turnover_180x35_v2,2026,top1,actual,15,2
structured_joint_turnover_180x35_v2,2026,top1,actual,16,1
structured_joint_turnover_180x35_v2,2026,top1,actual,19,1
structured_joint_turnover_180x35_v2,2026,top1,actual,21,1
structured_joint_turnover_180x35_v2,2026,top1,actual,22,1
structured_joint_turnover_180x35_v2,2026,top1,actual,23,1
structured_joint_turnover_180x35_v2,2026,top1,actual,27,1
structured_joint_turnover_180x35_v2,2026,top1,actual,29,1
structured_joint_turnover_180x35_v2,2026,top1,actual,33,1
structured_joint_turnover_180x35_v2,2026,top1,actual,34,1
structured_joint_turnover_180x35_v2,2026,top1,actual,36,1
structured_joint_turnover_180x35_v2,2026,top1,actual,37,1
structured_joint_turnover_180x35_v2,2026,top1,actual,50,1
structured_joint_turnover_180x35_v2,2026,top1,actual,55,2
structured_joint_turnover_180x35_v2,2026,top1,actual,60,1
structured_joint_turnover_180x35_v2,2026,top1,predicted,4,1
structured_joint_turnover_180x35_v2,2026,top1,predicted,8,13
structured_joint_turnover_180x35_v2,2026,top1,predicted,11,1
structured_joint_turnover_180x35_v2,2026,top1,predicted,12,7
structured_joint_turnover_180x35_v2,2026,top1,predicted,13,7
structured_joint_turnover_180x35_v2,2026,top1,predicted,15,1
structured_joint_turnover_180x35_v2,2026,top1,predicted,16,5
structured_joint_turnover_180x35_v2,2026,top1,predicted,17,12
structured_joint_turnover_180x35_v2,2026,top1,predicted,21,1
structured_joint_turnover_180x35_v2,2026,top10,actual,2,58
structured_joint_turnover_180x35_v2,2026,top10,actual,3,27
structured_joint_turnover_180x35_v2,2026,top10,actual,4,17
structured_joint_turnover_180x35_v2,2026,top10,actual,5,11
structured_joint_turnover_180x35_v2,2026,top10,actual,6,13
structured_joint_turnover_180x35_v2,2026,top10,actual,7,16
structured_joint_turnover_180x35_v2,2026,top10,actual,8,14
structured_joint_turnover_180x35_v2,2026,top10,actual,9,9
structured_joint_turnover_180x35_v2,2026,top10,actual,10,5
structured_joint_turnover_180x35_v2,2026,top10,actual,11,3
structured_joint_turnover_180x35_v2,2026,top10,actual,12,6
structured_joint_turnover_180x35_v2,2026,top10,actual,13,10
structured_joint_turnover_180x35_v2,2026,top10,actual,14,6
structured_joint_turnover_180x35_v2,2026,top10,actual,15,7
structured_joint_turnover_180x35_v2,2026,top10,actual,16,8
structured_joint_turnover_180x35_v2,2026,top10,actual,17,6
structured_joint_turnover_180x35_v2,2026,top10,actual,18,6
structured_joint_turnover_180x35_v2,2026,top10,actual,19,3
structured_joint_turnover_180x35_v2,2026,top10,actual,20,1
structured_joint_turnover_180x35_v2,2026,top10,actual,21,4
structured_joint_turnover_180x35_v2,2026,top10,actual,22,4
structured_joint_turnover_180x35_v2,2026,top10,actual,23,5
structured_joint_turnover_180x35_v2,2026,top10,actual,24,5
structured_joint_turnover_180x35_v2,2026,top10,actual,25,4
structured_joint_turnover_180x35_v2,2026,top10,actual,26,5
structured_joint_turnover_180x35_v2,2026,top10,actual,27,3
structured_joint_turnover_180x35_v2,2026,top10,actual,28,3
structured_joint_turnover_180x35_v2,2026,top10,actual,29,3
structured_joint_turnover_180x35_v2,2026,top10,actual,30,6
structured_joint_turnover_180x35_v2,2026,top10,actual,31,4
structured_joint_turnover_180x35_v2,2026,top10,actual,32,2
structured_joint_turnover_180x35_v2,2026,top10,actual,33,3
structured_joint_turnover_180x35_v2,2026,top10,actual,34,3
structured_joint_turnover_180x35_v2,2026,top10,actual,35,7
structured_joint_turnover_180x35_v2,2026,top10,actual,36,6
structured_joint_turnover_180x35_v2,2026,top10,actual,37,8
structured_joint_turnover_180x35_v2,2026,top10,actual,38,6
structured_joint_turnover_180x35_v2,2026,top10,actual,39,5
structured_joint_turnover_180x35_v2,2026,top10,actual,40,4
structured_joint_turnover_180x35_v2,2026,top10,actual,41,2
structured_joint_turnover_180x35_v2,2026,top10,actual,42,3
structured_joint_turnover_180x35_v2,2026,top10,actual,43,5
structured_joint_turnover_180x35_v2,2026,top10,actual,44,4
structured_joint_turnover_180x35_v2,2026,top10,actual,45,4
structured_joint_turnover_180x35_v2,2026,top10,actual,46,6
structured_joint_turnover_180x35_v2,2026,top10,actual,47,9
structured_joint_turnover_180x35_v2,2026,top10,actual,48,7
structured_joint_turnover_180x35_v2,2026,top10,actual,49,8
structured_joint_turnover_180x35_v2,2026,top10,actual,50,8
structured_joint_turnover_180x35_v2,2026,top10,actual,51,6
structured_joint_turnover_180x35_v2,2026,top10,actual,52,6
structured_joint_turnover_180x35_v2,2026,top10,actual,53,9
structured_joint_turnover_180x35_v2,2026,top10,actual,54,10
structured_joint_turnover_180x35_v2,2026,top10,actual,55,7
structured_joint_turnover_180x35_v2,2026,top10,actual,56,5
structured_joint_turnover_180x35_v2,2026,top10,actual,57,8
structured_joint_turnover_180x35_v2,2026,top10,actual,58,9
structured_joint_turnover_180x35_v2,2026,top10,actual,59,12
structured_joint_turnover_180x35_v2,2026,top10,actual,60,36
structured_joint_turnover_180x35_v2,2026,top10,predicted,3,5
structured_joint_turnover_180x35_v2,2026,top10,predicted,4,40
structured_joint_turnover_180x35_v2,2026,top10,predicted,6,1
structured_joint_turnover_180x35_v2,2026,top10,predicted,7,41
structured_joint_turnover_180x35_v2,2026,top10,predicted,8,277
structured_joint_turnover_180x35_v2,2026,top10,predicted,9,12
structured_joint_turnover_180x35_v2,2026,top10,predicted,10,1
structured_joint_turnover_180x35_v2,2026,top10,predicted,11,5
structured_joint_turnover_180x35_v2,2026,top10,predicted,12,55
structured_joint_turnover_180x35_v2,2026,top10,predicted,13,21
structured_joint_turnover_180x35_v2,2026,top10,predicted,15,2
structured_joint_turnover_180x35_v2,2026,top10,predicted,16,5
structured_joint_turnover_180x35_v2,2026,top10,predicted,17,14
structured_joint_turnover_180x35_v2,2026,top10,predicted,21,1
structured_joint_turnover_180x35_v2,2026,top2,actual,2,15
structured_joint_turnover_180x35_v2,2026,top2,actual,3,7
structured_joint_turnover_180x35_v2,2026,top2,actual,4,4
structured_joint_turnover_180x35_v2,2026,top2,actual,5,3
structured_joint_turnover_180x35_v2,2026,top2,actual,6,3
structured_joint_turnover_180x35_v2,2026,top2,actual,7,4
structured_joint_turnover_180x35_v2,2026,top2,actual,8,4
structured_joint_turnover_180x35_v2,2026,top2,actual,9,3
structured_joint_turnover_180x35_v2,2026,top2,actual,10,3
structured_joint_turnover_180x35_v2,2026,top2,actual,11,2
structured_joint_turnover_180x35_v2,2026,top2,actual,12,1
structured_joint_turnover_180x35_v2,2026,top2,actual,13,1
structured_joint_turnover_180x35_v2,2026,top2,actual,14,2
structured_joint_turnover_180x35_v2,2026,top2,actual,15,2
structured_joint_turnover_180x35_v2,2026,top2,actual,16,1
structured_joint_turnover_180x35_v2,2026,top2,actual,19,1
structured_joint_turnover_180x35_v2,2026,top2,actual,21,1
structured_joint_turnover_180x35_v2,2026,top2,actual,22,1
structured_joint_turnover_180x35_v2,2026,top2,actual,23,3
structured_joint_turnover_180x35_v2,2026,top2,actual,24,1
structured_joint_turnover_180x35_v2,2026,top2,actual,26,1
structured_joint_turnover_180x35_v2,2026,top2,actual,27,1
structured_joint_turnover_180x35_v2,2026,top2,actual,28,2
structured_joint_turnover_180x35_v2,2026,top2,actual,29,2
structured_joint_turnover_180x35_v2,2026,top2,actual,33,1
structured_joint_turnover_180x35_v2,2026,top2,actual,34,2
structured_joint_turnover_180x35_v2,2026,top2,actual,35,3
structured_joint_turnover_180x35_v2,2026,top2,actual,36,2
structured_joint_turnover_180x35_v2,2026,top2,actual,37,1
structured_joint_turnover_180x35_v2,2026,top2,actual,38,1
structured_joint_turnover_180x35_v2,2026,top2,actual,39,1
structured_joint_turnover_180x35_v2,2026,top2,actual,40,1
structured_joint_turnover_180x35_v2,2026,top2,actual,48,1
structured_joint_turnover_180x35_v2,2026,top2,actual,49,1
structured_joint_turnover_180x35_v2,2026,top2,actual,50,3
structured_joint_turnover_180x35_v2,2026,top2,actual,51,3
structured_joint_turnover_180x35_v2,2026,top2,actual,52,1
structured_joint_turnover_180x35_v2,2026,top2,actual,53,1
structured_joint_turnover_180x35_v2,2026,top2,actual,55,3
structured_joint_turnover_180x35_v2,2026,top2,actual,60,3
structured_joint_turnover_180x35_v2,2026,top2,predicted,4,1
structured_joint_turnover_180x35_v2,2026,top2,predicted,7,1
structured_joint_turnover_180x35_v2,2026,top2,predicted,8,38
structured_joint_turnover_180x35_v2,2026,top2,predicted,9,2
structured_joint_turnover_180x35_v2,2026,top2,predicted,11,2
structured_joint_turnover_180x35_v2,2026,top2,predicted,12,21
structured_joint_turnover_180x35_v2,2026,top2,predicted,13,11
structured_joint_turnover_180x35_v2,2026,top2,predicted,15,1
structured_joint_turnover_180x35_v2,2026,top2,predicted,16,5
structured_joint_turnover_180x35_v2,2026,top2,predicted,17,13
structured_joint_turnover_180x35_v2,2026,top2,predicted,21,1
structured_joint_turnover_180x35_v2,2026,top3,actual,2,18
structured_joint_turnover_180x35_v2,2026,top3,actual,3,9
structured_joint_turnover_180x35_v2,2026,top3,actual,4,4
structured_joint_turnover_180x35_v2,2026,top3,actual,5,4
structured_joint_turnover_180x35_v2,2026,top3,actual,6,5
structured_joint_turnover_180x35_v2,2026,top3,actual,7,6
structured_joint_turnover_180x35_v2,2026,top3,actual,8,4
structured_joint_turnover_180x35_v2,2026,top3,actual,9,5
structured_joint_turnover_180x35_v2,2026,top3,actual,10,3
structured_joint_turnover_180x35_v2,2026,top3,actual,11,3
structured_joint_turnover_180x35_v2,2026,top3,actual,12,2
structured_joint_turnover_180x35_v2,2026,top3,actual,13,5
structured_joint_turnover_180x35_v2,2026,top3,actual,14,4
structured_joint_turnover_180x35_v2,2026,top3,actual,15,2
structured_joint_turnover_180x35_v2,2026,top3,actual,16,1
structured_joint_turnover_180x35_v2,2026,top3,actual,17,1
structured_joint_turnover_180x35_v2,2026,top3,actual,18,1
structured_joint_turnover_180x35_v2,2026,top3,actual,19,1
structured_joint_turnover_180x35_v2,2026,top3,actual,20,1
structured_joint_turnover_180x35_v2,2026,top3,actual,21,1
structured_joint_turnover_180x35_v2,2026,top3,actual,22,1
structured_joint_turnover_180x35_v2,2026,top3,actual,23,3
structured_joint_turnover_180x35_v2,2026,top3,actual,24,2
structured_joint_turnover_180x35_v2,2026,top3,actual,25,1
structured_joint_turnover_180x35_v2,2026,top3,actual,26,1
structured_joint_turnover_180x35_v2,2026,top3,actual,27,1
structured_joint_turnover_180x35_v2,2026,top3,actual,28,2
structured_joint_turnover_180x35_v2,2026,top3,actual,29,2
structured_joint_turnover_180x35_v2,2026,top3,actual,33,2
structured_joint_turnover_180x35_v2,2026,top3,actual,34,3
structured_joint_turnover_180x35_v2,2026,top3,actual,35,3
structured_joint_turnover_180x35_v2,2026,top3,actual,36,3
structured_joint_turnover_180x35_v2,2026,top3,actual,37,2
structured_joint_turnover_180x35_v2,2026,top3,actual,38,2
structured_joint_turnover_180x35_v2,2026,top3,actual,39,1
structured_joint_turnover_180x35_v2,2026,top3,actual,40,1
structured_joint_turnover_180x35_v2,2026,top3,actual,42,1
structured_joint_turnover_180x35_v2,2026,top3,actual,43,1
structured_joint_turnover_180x35_v2,2026,top3,actual,44,1
structured_joint_turnover_180x35_v2,2026,top3,actual,45,1
structured_joint_turnover_180x35_v2,2026,top3,actual,46,2
structured_joint_turnover_180x35_v2,2026,top3,actual,47,2
structured_joint_turnover_180x35_v2,2026,top3,actual,48,2
structured_joint_turnover_180x35_v2,2026,top3,actual,49,3
structured_joint_turnover_180x35_v2,2026,top3,actual,50,3
structured_joint_turnover_180x35_v2,2026,top3,actual,51,3
structured_joint_turnover_180x35_v2,2026,top3,actual,52,2
structured_joint_turnover_180x35_v2,2026,top3,actual,53,1
structured_joint_turnover_180x35_v2,2026,top3,actual,54,1
structured_joint_turnover_180x35_v2,2026,top3,actual,55,3
structured_joint_turnover_180x35_v2,2026,top3,actual,58,1
structured_joint_turnover_180x35_v2,2026,top3,actual,59,1
structured_joint_turnover_180x35_v2,2026,top3,actual,60,6
structured_joint_turnover_180x35_v2,2026,top3,predicted,4,4
structured_joint_turnover_180x35_v2,2026,top3,predicted,7,2
structured_joint_turnover_180x35_v2,2026,top3,predicted,8,64
structured_joint_turnover_180x35_v2,2026,top3,predicted,9,2
structured_joint_turnover_180x35_v2,2026,top3,predicted,10,1
structured_joint_turnover_180x35_v2,2026,top3,predicted,11,3
structured_joint_turnover_180x35_v2,2026,top3,predicted,12,32
structured_joint_turnover_180x35_v2,2026,top3,predicted,13,15
structured_joint_turnover_180x35_v2,2026,top3,predicted,15,1
structured_joint_turnover_180x35_v2,2026,top3,predicted,16,5
structured_joint_turnover_180x35_v2,2026,top3,predicted,17,14
structured_joint_turnover_180x35_v2,2026,top3,predicted,21,1
structured_joint_turnover_180x35_v2,2026,universe,actual,2,31326
structured_joint_turnover_180x35_v2,2026,universe,actual,3,11238
structured_joint_turnover_180x35_v2,2026,universe,actual,4,7754
structured_joint_turnover_180x35_v2,2026,universe,actual,5,5947
structured_joint_turnover_180x35_v2,2026,universe,actual,6,4632
structured_joint_turnover_180x35_v2,2026,universe,actual,7,4193
structured_joint_turnover_180x35_v2,2026,universe,actual,8,3513
structured_joint_turnover_180x35_v2,2026,universe,actual,9,3115
structured_joint_turnover_180x35_v2,2026,universe,actual,10,2799
structured_joint_turnover_180x35_v2,2026,universe,actual,11,2527
structured_joint_turnover_180x35_v2,2026,universe,actual,12,2337
structured_joint_turnover_180x35_v2,2026,universe,actual,13,2252
structured_joint_turnover_180x35_v2,2026,universe,actual,14,2084
structured_joint_turnover_180x35_v2,2026,universe,actual,15,1861
structured_joint_turnover_180x35_v2,2026,universe,actual,16,1734
structured_joint_turnover_180x35_v2,2026,universe,actual,17,1607
structured_joint_turnover_180x35_v2,2026,universe,actual,18,1454
structured_joint_turnover_180x35_v2,2026,universe,actual,19,1367
structured_joint_turnover_180x35_v2,2026,universe,actual,20,1274
structured_joint_turnover_180x35_v2,2026,universe,actual,21,1304
structured_joint_turnover_180x35_v2,2026,universe,actual,22,1300
structured_joint_turnover_180x35_v2,2026,universe,actual,23,1315
structured_joint_turnover_180x35_v2,2026,universe,actual,24,1297
structured_joint_turnover_180x35_v2,2026,universe,actual,25,1263
structured_joint_turnover_180x35_v2,2026,universe,actual,26,1210
structured_joint_turnover_180x35_v2,2026,universe,actual,27,1142
structured_joint_turnover_180x35_v2,2026,universe,actual,28,1149
structured_joint_turnover_180x35_v2,2026,universe,actual,29,1156
structured_joint_turnover_180x35_v2,2026,universe,actual,30,1178
structured_joint_turnover_180x35_v2,2026,universe,actual,31,1157
structured_joint_turnover_180x35_v2,2026,universe,actual,32,1186
structured_joint_turnover_180x35_v2,2026,universe,actual,33,1262
structured_joint_turnover_180x35_v2,2026,universe,actual,34,1196
structured_joint_turnover_180x35_v2,2026,universe,actual,35,1169
structured_joint_turnover_180x35_v2,2026,universe,actual,36,1094
structured_joint_turnover_180x35_v2,2026,universe,actual,37,1072
structured_joint_turnover_180x35_v2,2026,universe,actual,38,1071
structured_joint_turnover_180x35_v2,2026,universe,actual,39,1083
structured_joint_turnover_180x35_v2,2026,universe,actual,40,1088
structured_joint_turnover_180x35_v2,2026,universe,actual,41,1040
structured_joint_turnover_180x35_v2,2026,universe,actual,42,1017
structured_joint_turnover_180x35_v2,2026,universe,actual,43,956
structured_joint_turnover_180x35_v2,2026,universe,actual,44,956
structured_joint_turnover_180x35_v2,2026,universe,actual,45,957
structured_joint_turnover_180x35_v2,2026,universe,actual,46,957
structured_joint_turnover_180x35_v2,2026,universe,actual,47,948
structured_joint_turnover_180x35_v2,2026,universe,actual,48,965
structured_joint_turnover_180x35_v2,2026,universe,actual,49,973
structured_joint_turnover_180x35_v2,2026,universe,actual,50,993
structured_joint_turnover_180x35_v2,2026,universe,actual,51,1041
structured_joint_turnover_180x35_v2,2026,universe,actual,52,1071
structured_joint_turnover_180x35_v2,2026,universe,actual,53,1100
structured_joint_turnover_180x35_v2,2026,universe,actual,54,1140
structured_joint_turnover_180x35_v2,2026,universe,actual,55,1189
structured_joint_turnover_180x35_v2,2026,universe,actual,56,1279
structured_joint_turnover_180x35_v2,2026,universe,actual,57,1434
structured_joint_turnover_180x35_v2,2026,universe,actual,58,1669
structured_joint_turnover_180x35_v2,2026,universe,actual,59,2242
structured_joint_turnover_180x35_v2,2026,universe,actual,60,4632
structured_joint_turnover_180x35_v2,2026,universe,predicted,2,118119
structured_joint_turnover_180x35_v2,2026,universe,predicted,3,13612
structured_joint_turnover_180x35_v2,2026,universe,predicted,4,2227
structured_joint_turnover_180x35_v2,2026,universe,predicted,5,1326
structured_joint_turnover_180x35_v2,2026,universe,predicted,6,1924
structured_joint_turnover_180x35_v2,2026,universe,predicted,7,1856
structured_joint_turnover_180x35_v2,2026,universe,predicted,8,3805
structured_joint_turnover_180x35_v2,2026,universe,predicted,9,261
structured_joint_turnover_180x35_v2,2026,universe,predicted,10,30
structured_joint_turnover_180x35_v2,2026,universe,predicted,11,20
structured_joint_turnover_180x35_v2,2026,universe,predicted,12,75
structured_joint_turnover_180x35_v2,2026,universe,predicted,13,23
structured_joint_turnover_180x35_v2,2026,universe,predicted,15,2
structured_joint_turnover_180x35_v2,2026,universe,predicted,16,5
structured_joint_turnover_180x35_v2,2026,universe,predicted,17,14
structured_joint_turnover_180x35_v2,2026,universe,predicted,21,1
