sample_group,sample_variant,selection_ranker,strategy_id,policy_id,seed_count,resolved_seed_count,positive_seed_count,positive_seed_fraction,resolved_positive_seed_count,resolved_positive_seed_fraction,all_periods_positive_seed_count,resolved_all_periods_positive_seed_count,combined_net_return_mean,combined_net_return_median,combined_net_return_standard_deviation,combined_net_return_minimum,combined_net_return_q25,combined_net_return_q75,combined_net_return_maximum,maximum_drawdown_mean,maximum_drawdown_median,maximum_drawdown_standard_deviation,maximum_drawdown_minimum,maximum_drawdown_q25,maximum_drawdown_q75,maximum_drawdown_maximum
primary_development_2022_2023_partial,current_contract,sector_leader,s2_reclaim_daily_trend,next_open_5d,5,0,5,1.0,0,,0,0,0.5808613066754107,0.5808613066754107,0.0,0.5808613066754107,0.5808613066754107,0.5808613066754107,0.5808613066754107,-0.2679449349572206,-0.2679449349572206,0.0,-0.2679449349572206,-0.2679449349572206,-0.2679449349572206,-0.2679449349572206
primary_development_2022_2023_partial,current_contract,sector_leader,s2_reclaim_daily_trend,next_open_3d,5,0,5,1.0,0,,5,0,0.5291129120833578,0.5291129120833578,0.0,0.5291129120833578,0.5291129120833578,0.5291129120833578,0.5291129120833578,-0.22172427350151488,-0.2217242735015149,2.7755575615628914e-17,-0.2217242735015149,-0.2217242735015149,-0.2217242735015149,-0.2217242735015149
primary_development_2022_2023_partial,current_contract,sector_leader,s2_reclaim_breakout_recent,next_open_3d,5,5,5,1.0,5,1.0,5,5,0.4642645245342849,0.4642645245342849,0.0,0.4642645245342849,0.4642645245342849,0.4642645245342849,0.4642645245342849,-0.2895519445578455,-0.2895519445578455,0.0,-0.2895519445578455,-0.2895519445578455,-0.2895519445578455,-0.2895519445578455
primary_development_2022_2023_partial,current_contract,sector_leader,ng_r1_auction_reclaim,next_open_5d,5,0,5,1.0,0,,0,0,0.4606696974893623,0.46066969748936226,5.551115123125783e-17,0.46066969748936226,0.46066969748936226,0.46066969748936226,0.46066969748936226,-0.22408161426034914,-0.22408161426034912,2.7755575615628914e-17,-0.22408161426034912,-0.22408161426034912,-0.22408161426034912,-0.22408161426034912
primary_development_2022_2023_partial,current_contract,sector_leader,s0_strong_no_ma,next_open_5d,5,0,5,1.0,0,,5,0,0.4310192017919096,0.43101920179190967,5.551115123125783e-17,0.43101920179190967,0.43101920179190967,0.43101920179190967,0.43101920179190967,-0.4748942399209427,-0.4748942399209427,0.0,-0.4748942399209427,-0.4748942399209427,-0.4748942399209427,-0.4748942399209427
primary_development_2022_2023_partial,current_contract,sector_leader,fu_r3_core_pullback,next_open_3d,5,0,5,1.0,0,,5,0,0.38995427590964415,0.38995427590964415,0.0,0.38995427590964415,0.38995427590964415,0.38995427590964415,0.38995427590964415,-0.2081148457533523,-0.20811484575335226,2.7755575615628914e-17,-0.20811484575335226,-0.20811484575335226,-0.20811484575335226,-0.20811484575335226
primary_development_2022_2023_partial,current_contract,sector_leader,s2_reclaim_positive_slope,next_open_5d,5,5,5,1.0,5,1.0,5,5,0.29030828769852834,0.29030828769852834,0.0,0.29030828769852834,0.29030828769852834,0.29030828769852834,0.29030828769852834,-0.23893363176267624,-0.23893363176267624,0.0,-0.23893363176267624,-0.23893363176267624,-0.23893363176267624,-0.23893363176267624
primary_development_2022_2023_partial,current_contract,sector_leader,s2_reclaim_positive_slope,next_open_3d,5,0,5,1.0,0,,5,0,0.27133868341086,0.27133868341086,0.0,0.27133868341086,0.27133868341086,0.27133868341086,0.27133868341086,-0.2975200360882564,-0.2975200360882564,0.0,-0.2975200360882564,-0.2975200360882564,-0.2975200360882564,-0.2975200360882564
primary_development_2022_2023_partial,current_contract,sector_leader,s1_near_reversal,next_open_3d,5,0,5,1.0,0,,0,0,0.25276725713418924,0.25276725713418924,0.0,0.25276725713418924,0.25276725713418924,0.25276725713418924,0.25276725713418924,-0.3363162685209402,-0.3363162685209402,0.0,-0.3363162685209402,-0.3363162685209402,-0.3363162685209402,-0.3363162685209402
primary_development_2022_2023_partial,current_contract,sector_leader,s2_reclaim_bull_stack,next_open_3d,5,5,5,1.0,5,1.0,0,0,0.22207361873017284,0.22207361873017284,0.0,0.22207361873017284,0.22207361873017284,0.22207361873017284,0.22207361873017284,-0.36816862646294424,-0.36816862646294424,0.0,-0.36816862646294424,-0.36816862646294424,-0.36816862646294424,-0.36816862646294424
primary_development_2022_2023_partial,current_contract,random_hash,fu_r3_core_pullback,momentum_trail_4pct_5d,5,2,3,0.6,1,0.5,2,0,0.1285562262140107,0.20590419013062777,0.19090686356397177,-0.14988420116303203,-0.019115485605435634,0.21324379281671169,0.3926328348911816,-0.18532857044543943,-0.15838116200435515,0.04850648682199287,-0.2503445068655329,-0.23750058438830723,-0.14317180811083963,-0.1372447908581622
primary_development_2022_2023_partial,current_contract,sector_leader,fu_r3_core_pullback,protect_3pct_target6pct_3d,5,0,5,1.0,0,,5,0,0.20021197240646646,0.20021197240646638,1.0892074392614739e-16,0.20021197240646638,0.20021197240646638,0.2002119724064666,0.2002119724064666,-0.28628076158768007,-0.2862807615876801,5.551115123125783e-17,-0.2862807615876801,-0.2862807615876801,-0.28628076158768,-0.28628076158768
primary_development_2022_2023_partial,current_contract,trend_structure,s4_reclaim_amount_acceleration,next_open_3d,5,1,3,0.6,0,0.0,0,0,0.13796214284974578,0.15467229982910347,0.17565876296038432,-0.06011345907430299,-0.04460812492899846,0.2327224094458542,0.40713758897707275,-0.32771609383863287,-0.32741684237559265,0.05146274855674542,-0.39667228579293545,-0.3682520545323199,-0.2941234231541183,-0.252115863338198
primary_development_2022_2023_partial,current_contract,sector_leader,fu_r3_core_pullback,next_open_5d,5,5,5,1.0,5,1.0,0,0,0.13975325439156583,0.13975325439156583,0.0,0.13975325439156583,0.13975325439156583,0.13975325439156583,0.13975325439156583,-0.2698743643332966,-0.2698743643332966,0.0,-0.2698743643332966,-0.2698743643332966,-0.2698743643332966,-0.2698743643332966
primary_development_2022_2023_partial,current_contract,sector_leader,s0_strong_no_ma,next_open_1d,5,0,5,1.0,0,,5,0,0.12712846220727747,0.12712846220727747,0.0,0.12712846220727747,0.12712846220727747,0.12712846220727747,0.12712846220727747,-0.4264827093762077,-0.4264827093762077,0.0,-0.4264827093762077,-0.4264827093762077,-0.4264827093762077,-0.4264827093762077
primary_development_2022_2023_partial,current_contract,sector_leader,ng_r1_auction_reclaim,momentum_trail_4pct_5d,5,0,5,1.0,0,,5,0,0.1212264880973859,0.1212264880973859,0.0,0.1212264880973859,0.1212264880973859,0.1212264880973859,0.1212264880973859,-0.2544173287020173,-0.2544173287020173,0.0,-0.2544173287020173,-0.2544173287020173,-0.2544173287020173,-0.2544173287020173
primary_development_2022_2023_partial,current_contract,flow_quality,fu_r3_core_pullback,next_open_3d,5,2,3,0.6,1,0.5,2,1,0.15121694292042717,0.11920316499594885,0.2751887110532452,-0.1428029142612407,-0.023615608784723574,0.14167726334741593,0.6616228093047354,-0.2305047122448703,-0.2147117407421688,0.04398917466719162,-0.30860024438270506,-0.2463791587855565,-0.19450547007917585,-0.1883269472347453
primary_development_2022_2023_partial,current_contract,sector_leader,s1_near_reversal,next_open_2d,5,0,5,1.0,0,,5,0,0.11701605172054474,0.11701605172054474,0.0,0.11701605172054474,0.11701605172054474,0.11701605172054474,0.11701605172054474,-0.24213956003845497,-0.24213956003845494,2.7755575615628914e-17,-0.24213956003845494,-0.24213956003845494,-0.24213956003845494,-0.24213956003845494
primary_development_2022_2023_partial,current_contract,flow_quality,fu_r3_core_pullback,momentum_trail_4pct_5d,5,2,3,0.6,1,0.5,2,0,0.06980781515511117,0.10817461471190182,0.21336167635147768,-0.24243184610745627,-0.0681945287042065,0.16442343467815124,0.38706740119716554,-0.24361656906279916,-0.22836948920959987,0.04525152563941118,-0.31199094478315115,-0.2747733786593154,-0.221578274227621,-0.1813707584343084
primary_development_2022_2023_partial,current_contract,trend_structure,s1_touch_reclaim,next_open_3d,5,1,4,0.8,0,0.0,0,0,0.10181053351627241,0.08866342943134731,0.12777794198255943,-0.09428637812252116,0.039674269922395755,0.2034079765103649,0.2715933698397752,-0.34936135831015386,-0.35009955950125116,0.03507796858078509,-0.39425012248747693,-0.3819481698414552,-0.31309837335466406,-0.3074105663659219
primary_development_2022_2023_partial,current_contract,trend_structure,s2_reclaim_daily_trend,next_open_3d,5,1,3,0.6,1,1.0,1,1,0.039532847852904965,0.0862025684962715,0.08988124296491128,-0.08277168859420414,-0.05172813362690731,0.10060825883685154,0.14535323415251322,-0.30402817746315886,-0.3248260856839418,0.06444381855800986,-0.38880223724735696,-0.3364543613183828,-0.2708943506971475,-0.19916385236896517
primary_development_2022_2023_partial,current_contract,sector_leader,fu_r3_core_pullback,momentum_trail_4pct_5d,5,0,5,1.0,0,,0,0,0.08592744975195576,0.08592744975195576,0.0,0.08592744975195576,0.08592744975195576,0.08592744975195576,0.08592744975195576,-0.27760324529528224,-0.27760324529528224,0.0,-0.27760324529528224,-0.27760324529528224,-0.27760324529528224,-0.27760324529528224
primary_development_2022_2023_partial,current_contract,flow_quality,fu_r3_core_pullback,protect_3pct_target6pct_3d,5,2,3,0.6,0,0.0,1,0,0.0182434845600556,0.07589469295141926,0.1765408600665516,-0.2056058684241644,-0.1755435441782327,0.19308307751278897,0.20338906493846687,-0.29084419113669757,-0.29457427317781393,0.061686790341601044,-0.37471047548569447,-0.31139218906996124,-0.2901995831487628,-0.1833444348012554
primary_development_2022_2023_partial,current_contract,random_hash,fu_r3_core_pullback,next_open_3d,5,3,4,0.8,2,0.6666666666666666,3,1,0.17533030239185604,0.07287567877251577,0.20653252356595936,-0.04699653538400894,0.02444356972993389,0.3197424473854551,0.5065863514553843,-0.20275086243562815,-0.2131611624910713,0.020425883144203533,-0.22391729821512119,-0.22043418170108187,-0.17948371157846676,-0.17675795819239948
primary_development_2022_2023_partial,current_contract,sector_leader,s2_reclaim_daily_trend,next_open_2d,5,0,5,1.0,0,,0,0,0.07231485779964819,0.07231485779964819,0.0,0.07231485779964819,0.07231485779964819,0.07231485779964819,0.07231485779964819,-0.2883990675989666,-0.2883990675989666,0.0,-0.2883990675989666,-0.2883990675989666,-0.2883990675989666,-0.2883990675989666
primary_development_2022_2023_partial,current_contract,trend_structure,s4_reclaim_volume_proxy,next_open_1d,5,0,3,0.6,0,,0,0,-0.07563538678255484,0.06572094143661156,0.20070938975753183,-0.39913969291113394,-0.222601094720572,0.06625187677692135,0.11159103550539884,-0.3472315530187048,-0.33279423853643175,0.0533368726696902,-0.4505914509195409,-0.33899278329495597,-0.3090792996429357,-0.30469999269965975
primary_development_2022_2023_partial,current_contract,sector_leader,ng_r1_auction_reclaim,protect_3pct_target6pct_3d,5,0,5,1.0,0,,0,0,0.04088635782595462,0.04088635782595462,0.0,0.04088635782595462,0.04088635782595462,0.04088635782595462,0.04088635782595462,-0.24983332671138783,-0.2498333267113878,2.7755575615628914e-17,-0.2498333267113878,-0.2498333267113878,-0.2498333267113878,-0.2498333267113878
primary_development_2022_2023_partial,current_contract,random_hash,fu_r3_core_pullback,next_open_2d,5,2,3,0.6,1,0.5,1,0,-0.019023683345182764,0.03916865585288165,0.14709526373308518,-0.20481017086395137,-0.17216347004768617,0.060414841015747234,0.18227172731709484,-0.2739288938429175,-0.265616791087934,0.0391176286206204,-0.32212585442649666,-0.3154134979279668,-0.24390810307366373,-0.2225802226985265
primary_development_2022_2023_partial,current_contract,flow_quality,s1_break_reclaim_stable3,next_open_3d,5,1,3,0.6,0,0.0,0,0,-0.047147846706422115,0.027810560348416447,0.126886552707215,-0.2054912491253621,-0.19485475713327816,0.042996092854447276,0.09380011952366596,-0.3074983849814353,-0.30290690113885976,0.01884704450636866,-0.34412338194516257,-0.303724389067883,-0.29351023339850735,-0.29322701935676354
primary_development_2022_2023_partial,current_contract,trend_structure,s2_reclaim_acceleration,next_open_3d,5,0,3,0.6,0,,0,0,0.02707474199267603,0.025953668907653382,0.10133069925841597,-0.11307938899918935,-0.033231611188149435,0.06565339368932643,0.19007764755373913,-0.34026836263540633,-0.3438974693150961,0.027533333636991824,-0.3774579749678506,-0.3595467120242196,-0.3206289843744945,-0.29981067249537074
primary_development_2022_2023_partial,current_contract,trend_structure,s2_reclaim_daily_trend,next_open_5d,5,3,3,0.6,2,0.6666666666666666,0,0,0.034988866510425966,0.023917451976640747,0.07898870520836392,-0.06465149314171237,-0.004693646977854904,0.04591557584682082,0.17445644484823553,-0.25521219057059596,-0.2612958491643672,0.03416223956883805,-0.29264983069753914,-0.28947284455378275,-0.2262684944263641,-0.20637393401092674
primary_development_2022_2023_partial,current_contract,sector_leader,ht_r3_core_pullback,next_open_5d,5,0,5,1.0,0,,0,0,0.021706069967591946,0.021706069967591946,0.0,0.021706069967591946,0.021706069967591946,0.021706069967591946,0.021706069967591946,-0.3787484592032112,-0.3787484592032112,0.0,-0.3787484592032112,-0.3787484592032112,-0.3787484592032112,-0.3787484592032112
primary_development_2022_2023_partial,current_contract,flow_quality,ng_r3_volume_quality,next_open_3d,5,3,3,0.6,3,1.0,0,0,-0.014483761166167097,0.02048773964435413,0.18085444127685393,-0.3009432551856105,-0.0922572606922375,0.05013619943941805,0.2501577709632403,-0.22795633762153034,-0.2239735377272144,0.06755292719605169,-0.34921225717550575,-0.23661688930436942,-0.171826138460497,-0.15815286544006513
primary_development_2022_2023_partial,current_contract,trend_structure,s1_touch_reclaim,next_open_5d,5,3,3,0.6,1,0.3333333333333333,1,0,0.03447523303174378,0.01787032118032683,0.12124089319561941,-0.11336911927510718,-0.05270977834439183,0.08250431005948045,0.23808043153841063,-0.263734104353868,-0.2603289580965463,0.04521907332206409,-0.33249026481117294,-0.2871008196735031,-0.24177386888559937,-0.19697661030251856
primary_development_2022_2023_partial,current_contract,trend_structure,s4_reclaim_amount_acceleration,next_open_5d,5,2,3,0.6,1,0.5,1,1,-0.03527895823426421,0.01783762747542461,0.15906191279669113,-0.24294417190401407,-0.18910977755540326,0.05055732679125535,0.1872642040214163,-0.2983236220537496,-0.2946083150006158,0.04965902944019439,-0.3788534642289846,-0.32030457102406196,-0.2642196872719319,-0.23363207274315423
primary_development_2022_2023_partial,current_contract,sector_leader,ng_r3_volume_quality,next_open_2d,5,0,5,1.0,0,,0,0,0.016928825628479194,0.016928825628479194,0.0,0.016928825628479194,0.016928825628479194,0.016928825628479194,0.016928825628479194,-0.3393323329457918,-0.3393323329457918,0.0,-0.3393323329457918,-0.3393323329457918,-0.3393323329457918,-0.3393323329457918
primary_development_2022_2023_partial,current_contract,flow_quality,s4_reclaim_amount_acceleration,next_open_3d,5,3,3,0.6,3,1.0,0,0,0.09276888439142723,0.012991779045161467,0.1725479970112001,-0.10372079487366859,-0.04184158464214183,0.2721169131667187,0.3242981092610664,-0.22353291257217264,-0.21638499517533105,0.03469015015934108,-0.2835889987431306,-0.2366654019301574,-0.19225325020374895,-0.18877191680849525
primary_development_2022_2023_partial,current_contract,random_hash,s4_reclaim_amount_acceleration,next_open_3d,5,3,3,0.6,3,1.0,0,0,0.09276888439142723,0.012991779045161467,0.1725479970112001,-0.10372079487366859,-0.04184158464214183,0.2721169131667187,0.3242981092610664,-0.22353291257217264,-0.21638499517533105,0.03469015015934108,-0.2835889987431306,-0.2366654019301574,-0.19225325020374895,-0.18877191680849525
primary_development_2022_2023_partial,current_contract,trend_structure,s2_reclaim_positive_slope,next_open_3d,5,1,3,0.6,0,0.0,0,0,0.03622368291825906,0.011502548991077388,0.07699501547038905,-0.05614580263483071,-0.00030856582746763284,0.05235848358382511,0.17371175047869114,-0.33735458314289807,-0.36854227698606945,0.07012532647262476,-0.40417340158690807,-0.4025192455360985,-0.2839783113814699,-0.22755968022394446
primary_development_2022_2023_partial,current_contract,trend_structure,s4_reclaim_vwap_support,next_open_3d,5,1,3,0.6,1,1.0,2,1,-0.00500533288842957,0.009719405270429027,0.12759283094456877,-0.18424546731288483,-0.09274770156133283,0.05205801695532264,0.19018908220631814,-0.2552787241416546,-0.2525341160242637,0.034364630538992996,-0.29270331673377303,-0.28988183508087395,-0.2418392661225205,-0.19943508674684152
primary_development_2022_2023_partial,current_contract,flow_quality,ng_r1_auction_reclaim,next_open_3d,5,1,3,0.6,1,1.0,1,1,-0.011761844197343496,0.00852657073318297,0.117505560395705,-0.1961786731480586,-0.05718250404415204,0.02021793496220803,0.16580745051010215,-0.17619176508222095,-0.17124435331748444,0.04952794919231439,-0.26842667744352844,-0.1735452069575476,-0.14236493774455394,-0.1253776499479904
primary_development_2022_2023_partial,current_contract,sector_leader,s0_strong_no_ma,momentum_trail_4pct_5d,5,0,5,1.0,0,,0,0,0.004878953720989232,0.004878953720989232,0.0,0.004878953720989232,0.004878953720989232,0.004878953720989232,0.004878953720989232,-0.36340025244270235,-0.36340025244270235,0.0,-0.36340025244270235,-0.36340025244270235,-0.36340025244270235,-0.36340025244270235
primary_development_2022_2023_partial,current_contract,random_hash,s4_reclaim_amount_acceleration,momentum_trail_4pct_5d,5,5,3,0.6,3,0.6,0,0,-0.05131157822189629,0.0027232720342964534,0.17315025552052107,-0.2610788244621991,-0.24095687955156664,0.060653407418245875,0.18210113345174195,-0.25908182909473326,-0.23819741525188398,0.0628401757219278,-0.36702175036285967,-0.28643644305971905,-0.21537010444826565,-0.1883834323509379
primary_development_2022_2023_partial,current_contract,flow_quality,s4_reclaim_amount_acceleration,next_open_5d,5,3,3,0.6,1,0.3333333333333333,1,1,0.033807921807769946,0.002711733543474981,0.12930514286777028,-0.0971940201930791,-0.09251142389316491,0.11508129291305136,0.2409520266685674,-0.26636732550415737,-0.2599813267647406,0.08662450824141675,-0.42575896085212106,-0.26054735321619626,-0.21733941521794742,-0.16820957146978144
primary_development_2022_2023_partial,current_contract,random_hash,s4_reclaim_amount_acceleration,next_open_5d,5,3,3,0.6,1,0.3333333333333333,1,1,0.033807921807769946,0.002711733543474981,0.12930514286777028,-0.0971940201930791,-0.09251142389316491,0.11508129291305136,0.2409520266685674,-0.26636732550415737,-0.2599813267647406,0.08662450824141675,-0.42575896085212106,-0.26054735321619626,-0.21733941521794742,-0.16820957146978144
primary_development_2022_2023_partial,current_contract,sector_leader,s2_reclaim_breakout_recent,next_open_1d,5,0,0,0.0,0,,0,0,-6.561919070824374e-05,-6.561919070824374e-05,0.0,-6.561919070824374e-05,-6.561919070824374e-05,-6.561919070824374e-05,-6.561919070824374e-05,-0.32580310451416183,-0.32580310451416183,0.0,-0.32580310451416183,-0.32580310451416183,-0.32580310451416183,-0.32580310451416183
primary_development_2022_2023_partial,current_contract,random_hash,s1_break_reclaim_stable3,next_open_3d,5,1,2,0.4,0,0.0,1,0,-0.05411452859654246,-0.0019142849489603986,0.13401854341655411,-0.22130878736489412,-0.20165612588752646,0.03910680949384182,0.11519974572482683,-0.30542203652328215,-0.3127550325246633,0.026038926674138086,-0.34227691828316864,-0.3128440152625469,-0.296810114982218,-0.2624241015638138
primary_development_2022_2023_partial,current_contract,sector_leader,s1_near_reversal,next_open_5d,5,0,0,0.0,0,,0,0,-0.0023993644200054343,-0.0023993644200054343,0.0,-0.0023993644200054343,-0.0023993644200054343,-0.0023993644200054343,-0.0023993644200054343,-0.3083203304989399,-0.3083203304989399,0.0,-0.3083203304989399,-0.3083203304989399,-0.3083203304989399,-0.3083203304989399
primary_development_2022_2023_partial,current_contract,random_hash,s2_reclaim_breakout_recent,next_open_2d,5,0,2,0.4,0,,0,0,-0.12306937780956864,-0.0028280691286129978,0.23780202902328787,-0.4513185986723991,-0.3623174985883011,0.06003174067931294,0.14108553666215706,-0.3638132584419049,-0.37886261415450384,0.07338911524172312,-0.476554691613543,-0.39478376105513724,-0.29911170407797383,-0.2697535213083665
primary_development_2022_2023_partial,current_contract,random_hash,ng_r1_auction_reclaim,next_open_3d,5,1,2,0.4,1,1.0,1,1,0.003662444049037128,-0.0030057635445864817,0.10714611020707514,-0.1435816297401964,-0.07417362795525961,0.08236096573771934,0.1567122757475088,-0.1718869538304884,-0.16007234132942927,0.045190219790146945,-0.25925499510124406,-0.16312797793523448,-0.14656905265094178,-0.13041040213559252
primary_development_2022_2023_partial,current_contract,sector_leader,s0_distance_only,next_open_2d,5,0,0,0.0,0,,0,0,-0.006902853688643629,-0.006902853688643629,0.0,-0.006902853688643629,-0.006902853688643629,-0.006902853688643629,-0.006902853688643629,-0.21749249207825994,-0.21749249207825994,0.0,-0.21749249207825994,-0.21749249207825994,-0.21749249207825994,-0.21749249207825994
primary_development_2022_2023_partial,current_contract,random_hash,s4_reclaim_volume_proxy,next_open_5d,5,1,2,0.4,0,0.0,1,0,-0.023370529898817383,-0.0075508011245610795,0.17732143326836652,-0.3357189940320978,-0.052720035338582716,0.0874009796955344,0.1917362013056203,-0.2592711952804005,-0.255712569387334,0.059199160037886694,-0.35651932576584744,-0.27006380484204573,-0.24223030535212253,-0.1718299710546528
primary_development_2022_2023_partial,current_contract,sector_leader,cs_r3_leader_confirmation,next_open_5d,5,0,0,0.0,0,,0,0,-0.01194288475562788,-0.01194288475562788,0.0,-0.01194288475562788,-0.01194288475562788,-0.01194288475562788,-0.01194288475562788,-0.26508214945568875,-0.26508214945568875,0.0,-0.26508214945568875,-0.26508214945568875,-0.26508214945568875,-0.26508214945568875
primary_development_2022_2023_partial,current_contract,random_hash,fu_r3_core_pullback,fast_failure_2pct_target4pct_2d,5,2,2,0.4,0,0.0,1,0,-0.01355211501396807,-0.013516122814364206,0.24589906274979417,-0.324789971520536,-0.17544162368586202,0.03949043243370376,0.40649671051721814,-0.27542341095007594,-0.30074532906851315,0.1096772254127679,-0.44645583430603497,-0.3022903307995771,-0.21185693893041835,-0.11576862164583601
primary_development_2022_2023_partial,current_contract,sector_leader,s2_reclaim_breakout_recent,next_open_5d,5,0,0,0.0,0,,0,0,-0.014400182071841572,-0.014400182071841572,0.0,-0.014400182071841572,-0.014400182071841572,-0.014400182071841572,-0.014400182071841572,-0.24260705051586565,-0.24260705051586562,2.7755575615628914e-17,-0.24260705051586562,-0.24260705051586562,-0.24260705051586562,-0.24260705051586562
primary_development_2022_2023_partial,current_contract,sector_leader,s0_distance_only,next_open_5d,5,0,0,0.0,0,,0,0,-0.02024785861035938,-0.02024785861035938,0.0,-0.02024785861035938,-0.02024785861035938,-0.02024785861035938,-0.02024785861035938,-0.29085034714363656,-0.29085034714363656,0.0,-0.29085034714363656,-0.29085034714363656,-0.29085034714363656,-0.29085034714363656
primary_development_2022_2023_partial,current_contract,flow_quality,s4_reclaim_volume_proxy,next_open_5d,5,1,2,0.4,0,0.0,1,0,-0.014503753736590786,-0.021292151530593717,0.1830636375224589,-0.32059023227391836,-0.06951580102937793,0.1298812539055496,0.20899816224538648,-0.25789865303415194,-0.2759127790719489,0.057142611831928786,-0.3414809868669153,-0.27738619474893833,-0.2229050686991536,-0.17180823578380333
primary_development_2022_2023_partial,current_contract,flow_quality,s2_reclaim_daily_trend,next_open_5d,5,3,1,0.2,0,0.0,0,0,-0.05464334065361252,-0.022087020220267983,0.40302748205373573,-0.6298351880160005,-0.22138933953020168,-0.016839685773543778,0.6169345302719513,-0.3565513556280395,-0.3188681701614904,0.1545586763597831,-0.6499284410699255,-0.34581850291807437,-0.26434981806813385,-0.2037918459225735
primary_development_2022_2023_partial,current_contract,sector_leader,s4_reclaim_volume_proxy,next_open_3d,5,0,0,0.0,0,,0,0,-0.03400086857269813,-0.03400086857269813,0.0,-0.03400086857269813,-0.03400086857269813,-0.03400086857269813,-0.03400086857269813,-0.33453270142934355,-0.33453270142934355,0.0,-0.33453270142934355,-0.33453270142934355,-0.33453270142934355,-0.33453270142934355
primary_development_2022_2023_partial,current_contract,trend_structure,s2_reclaim_positive_slope,next_open_5d,5,4,2,0.4,2,0.5,0,0,-0.027429644886880954,-0.03877183467306533,0.08676885343744611,-0.1733668423384661,-0.04303094185517431,0.03631055611300815,0.08171083831929282,-0.2660356929113305,-0.25548452494933493,0.032652837901206336,-0.3080063468826293,-0.29750378970612124,-0.2502525372485237,-0.2189312657700433
primary_development_2022_2023_partial,current_contract,random_hash,ng_r1_auction_reclaim,protect_3pct_target6pct_3d,5,2,2,0.4,1,0.5,0,0,-0.01695587812267607,-0.038903783297821626,0.06379226959021997,-0.08985461057122246,-0.07265019203930878,0.050627370735362165,0.06600182455961034,-0.1829791424060209,-0.2004379100705792,0.04521821315715272,-0.22450645070832664,-0.21686387118176076,-0.17351291686795278,-0.09957456320148506
primary_development_2022_2023_partial,current_contract,flow_quality,s2_reclaim_breakout_recent,next_open_2d,5,0,2,0.4,0,,0,0,-0.12995234136765998,-0.04201683420698654,0.2346014516998281,-0.45449054081286955,-0.35773712699516125,0.06747261852241948,0.13701017665429793,-0.366241379472117,-0.3767233719346983,0.07127295348746296,-0.47962454445410874,-0.39027957118927736,-0.3137142261128705,-0.27086518366962986
primary_development_2022_2023_partial,current_contract,sector_leader,ng_r1_auction_reclaim,next_open_1d,5,0,0,0.0,0,,0,0,-0.054581778336157405,-0.054581778336157405,0.0,-0.054581778336157405,-0.054581778336157405,-0.054581778336157405,-0.054581778336157405,-0.289965587360292,-0.289965587360292,0.0,-0.289965587360292,-0.289965587360292,-0.289965587360292,-0.289965587360292
primary_development_2022_2023_partial,current_contract,trend_structure,s2_reclaim_acceleration,next_open_5d,5,2,0,0.0,0,0.0,0,0,-0.10608841957315462,-0.055785367857493884,0.10162464394270644,-0.299888671489304,-0.11386695115416512,-0.03525823301692388,-0.025642874347886258,-0.29152613410123346,-0.26102607216211915,0.04934961297031937,-0.37345131920137953,-0.32324018452283254,-0.25600178028613285,-0.24391131433370328
primary_development_2022_2023_partial,current_contract,random_hash,s2_reclaim_daily_trend,next_open_5d,5,3,2,0.4,1,0.3333333333333333,0,0,-0.052081373872366464,-0.056205421168073366,0.38393934471225455,-0.594887217344388,-0.22483866548179166,0.030659340595577955,0.5848650940368427,-0.34935351013364857,-0.3188681701614904,0.1430939171790506,-0.6191796279850108,-0.3452483118263564,-0.2536345129954717,-0.20983692769991358
primary_development_2022_2023_partial,current_contract,trend_structure,s2_reclaim_breakout_recent,next_open_3d,5,2,2,0.4,1,0.5,0,0,0.026461802275806988,-0.05734741966915857,0.2293109571943933,-0.1688108575529016,-0.13623648013691025,0.030895664484796637,0.46380810425320873,-0.3083283733843948,-0.32612749013847064,0.07789359843554187,-0.41985347245998794,-0.3356925456173536,-0.2777229670749837,-0.18224539163117803
primary_development_2022_2023_partial,current_contract,flow_quality,s1_touch_reclaim,next_open_5d,5,3,0,0.0,0,0.0,0,0,-0.10557405156540271,-0.05951573501439733,0.06767417442651814,-0.2056668087137291,-0.16828840313191362,-0.049524600237971006,-0.04487471072900251,-0.2678718648173648,-0.26146900341038315,0.016386108808873333,-0.29359789456387886,-0.27921515434125543,-0.2570559100968496,-0.24802136167445687
primary_development_2022_2023_partial,current_contract,flow_quality,s0_distance_only,next_open_5d,5,4,2,0.4,1,0.25,1,0,-0.004447424900686859,-0.059826552303895775,0.14735661326273777,-0.16994275233080758,-0.06498922947947916,0.004254188724226449,0.2682672208865218,-0.28480110098931644,-0.2632590552946724,0.04865252075347407,-0.35339872473046097,-0.33168935158682933,-0.2430452986509274,-0.23261307468369175
primary_development_2022_2023_partial,current_contract,random_hash,fu_r3_core_pullback,protect_3pct_target6pct_3d,5,2,2,0.4,0,0.0,2,0,-0.014366436257801119,-0.06097178532694747,0.21984010346480268,-0.3186263070063655,-0.10270808744690174,0.05921192803748632,0.3512620704537228,-0.2743805511856384,-0.23466440983149028,0.06579653856866513,-0.3757124848779817,-0.32780052949457716,-0.22970948300639937,-0.2040158487177437
primary_development_2022_2023_partial,current_contract,random_hash,ng_r1_auction_reclaim,next_open_5d,5,2,2,0.4,1,0.5,0,0,-0.05254362832179214,-0.06269751569333293,0.07210545793267373,-0.16325679248387726,-0.08492394898503874,0.0035299305022196137,0.04463018505106864,-0.23758619686155083,-0.2315509175371463,0.03514019707353828,-0.2972059633048286,-0.24877945428011405,-0.218611104806554,-0.19178354437911116
primary_development_2022_2023_partial,current_contract,flow_quality,ng_r1_auction_reclaim,protect_3pct_target6pct_3d,5,5,1,0.2,1,0.2,0,0,-0.07402755969333079,-0.06426234067224224,0.05459160680734383,-0.1458563506824957,-0.12053968842432605,-0.047924487516660896,0.008445068829070923,-0.1923160253900731,-0.19055661509219257,0.011286051154292844,-0.20933050944389342,-0.1999058351871168,-0.18448085249412194,-0.1773063147330407
primary_development_2022_2023_partial,current_contract,random_hash,ng_r1_auction_reclaim,momentum_trail_4pct_5d,5,3,1,0.2,1,0.3333333333333333,1,1,-0.03440161125923824,-0.06465846297199807,0.144224237605442,-0.19234571975565706,-0.12050252016602303,-0.025911492152637217,0.23141013875012417,-0.22347575707756545,-0.23161630691453616,0.03633737194552392,-0.27098394633976575,-0.2463983455230846,-0.20244597706642664,-0.16593420954401406
primary_development_2022_2023_partial,current_contract,random_hash,cs_r3_leader_confirmation,next_open_2d,5,0,1,0.2,0,,0,0,-0.0678793510501224,-0.06971474605823225,0.07488400627687658,-0.1610559677792518,-0.1384984147137187,-0.0030769013485996144,0.032949274649190397,-0.29771252508003937,-0.3118467912267814,0.053639657136957224,-0.3707499302824664,-0.32566899251609405,-0.2670093548632103,-0.21328755651164477
primary_development_2022_2023_partial,current_contract,flow_quality,cs_r3_leader_confirmation,next_open_2d,5,0,0,0.0,0,,0,0,-0.07375637876696546,-0.0698256362096521,0.051009410873519845,-0.1330830066167883,-0.12916354136212682,-0.02988934878232019,-0.006820360863939889,-0.29593997001452077,-0.30759060299644925,0.05234252286533808,-0.372468551888846,-0.3157693429301285,-0.2691405089759459,-0.21473084328123437
primary_development_2022_2023_partial,current_contract,sector_leader,s2_reclaim_breakout_recent,next_open_2d,5,0,0,0.0,0,,0,0,-0.07064870172932847,-0.07064870172932847,0.0,-0.07064870172932847,-0.07064870172932847,-0.07064870172932847,-0.07064870172932847,-0.3015899639983415,-0.3015899639983415,0.0,-0.3015899639983415,-0.3015899639983415,-0.3015899639983415,-0.3015899639983415
primary_development_2022_2023_partial,current_contract,sector_leader,s2_reclaim_recent_high,next_open_5d,5,0,0,0.0,0,,0,0,-0.07076761212702765,-0.07076761212702765,0.0,-0.07076761212702765,-0.07076761212702765,-0.07076761212702765,-0.07076761212702765,-0.32431400996043525,-0.32431400996043525,0.0,-0.32431400996043525,-0.32431400996043525,-0.32431400996043525,-0.32431400996043525
primary_development_2022_2023_partial,current_contract,flow_quality,ng_r1_auction_reclaim,momentum_trail_4pct_5d,5,3,2,0.4,2,0.6666666666666666,2,2,-0.004077098616864494,-0.07084975157369566,0.11118150616902667,-0.11264418373097074,-0.08315906229769943,0.06421822257351018,0.18204928194453318,-0.2159478977423595,-0.20287790214231072,0.027794969816603465,-0.26206854862460827,-0.23177342765397013,-0.19925494478941153,-0.18376466550149684
primary_development_2022_2023_partial,current_contract,flow_quality,fu_r3_core_pullback,next_open_2d,5,2,1,0.2,0,0.0,1,0,-0.030543186840216285,-0.07104395158959087,0.12197278441754646,-0.11736530317407723,-0.11473561608869898,-0.05848422364205996,0.2089131602933456,-0.27966655784959593,-0.2778026459835089,0.02953042380900975,-0.3210529400660167,-0.30349806222506415,-0.25386831158125356,-0.24211082939213635
primary_development_2022_2023_partial,current_contract,random_hash,s1_touch_immediate,next_open_3d,5,3,1,0.2,0,0.0,0,0,-0.13065386278020366,-0.07109052284195194,0.24737987808139797,-0.5719505506594982,-0.15092951452140424,-0.044707483542783644,0.18540875766461973,-0.2956499370367804,-0.26424955240020065,0.14096030423000455,-0.5688132507030381,-0.2654960284131067,-0.2047854701861661,-0.1749053834813903
primary_development_2022_2023_partial,current_contract,sector_leader,fu_r3_core_pullback,fast_failure_2pct_target4pct_2d,5,0,0,0.0,0,,0,0,-0.07263412417214599,-0.07263412417214599,0.0,-0.07263412417214599,-0.07263412417214599,-0.07263412417214599,-0.07263412417214599,-0.22749048465517338,-0.2274904846551734,2.7755575615628914e-17,-0.2274904846551734,-0.2274904846551734,-0.2274904846551734,-0.2274904846551734
primary_development_2022_2023_partial,current_contract,flow_quality,ht_r3_core_pullback,next_open_5d,5,1,1,0.2,0,0.0,0,0,-0.08531448831265871,-0.07348866212203331,0.06255816701893543,-0.16761595452727462,-0.13764701071709873,-0.05836780483059634,0.010546990633709452,-0.29979984647391333,-0.2902727508187216,0.038875360918428005,-0.3702395302765531,-0.3028562624516943,-0.2827919161791489,-0.2528387726434487
primary_development_2022_2023_partial,current_contract,sector_leader,s1_near_reversal,fast_failure_2pct_target4pct_2d,5,0,0,0.0,0,,0,0,-0.0748420752830058,-0.0748420752830058,0.0,-0.0748420752830058,-0.0748420752830058,-0.0748420752830058,-0.0748420752830058,-0.34182520762156665,-0.34182520762156665,0.0,-0.34182520762156665,-0.34182520762156665,-0.34182520762156665,-0.34182520762156665
primary_development_2022_2023_partial,current_contract,trend_structure,fu_r3_core_pullback,next_open_5d,5,1,0,0.0,0,0.0,0,0,-0.14993105232220805,-0.08195656471248691,0.13742328054951727,-0.3273570404451446,-0.3037650884653815,-0.018892591627407196,-0.017683976360620024,-0.30519457377500325,-0.26921001699578195,0.05936547322375591,-0.403554466903878,-0.3436524753387059,-0.2614509985673418,-0.24810491106930876
primary_development_2022_2023_partial,current_contract,random_hash,s1_touch_reclaim,next_open_5d,5,3,0,0.0,0,0.0,0,0,-0.10771506166189401,-0.08485289544026364,0.06010312039232563,-0.2139682592677895,-0.13040224127429068,-0.06204152524401174,-0.047310387083114525,-0.2643221500474888,-0.2616257995389788,0.016562008524717516,-0.2865952312430914,-0.27966753141871015,-0.250243585342673,-0.2434786026939907
primary_development_2022_2023_partial,current_contract,trend_structure,s1_break_reclaim_stable3,next_open_3d,5,0,0,0.0,0,,0,0,-0.07590077120796687,-0.08549977650606622,0.038633353526141424,-0.1171632718380421,-0.11041072641565097,-0.05362171804900284,-0.012808363231072262,-0.3548428546483991,-0.37928685729780476,0.03807165857688899,-0.3944459693694765,-0.38126406374185207,-0.3216710426857404,-0.29754634014712156
primary_development_2022_2023_partial,current_contract,random_hash,s0_distance_only,next_open_5d,5,4,1,0.2,0,0.0,1,0,-0.01449585294375566,-0.08598236550656735,0.1832429730555699,-0.17569117002189505,-0.10450265702825579,-0.04889432930162585,0.34259125713956573,-0.2884999801979918,-0.26518773407512886,0.057112891992505806,-0.3750622444461287,-0.3351199753006763,-0.23921262357983974,-0.22791732358818528
primary_development_2022_2023_partial,current_contract,random_hash,s2_reclaim_positive_slope,next_open_5d,5,4,2,0.4,2,0.5,2,2,-0.045296819723730675,-0.08805812994702855,0.2583230514327454,-0.39361268573660113,-0.1668261976958595,0.03163339234504159,0.3903795224157942,-0.29658910501188307,-0.247897646979801,0.09420945030440914,-0.4496768485579715,-0.3610959055115085,-0.22065618222224848,-0.2036189417878861
primary_development_2022_2023_partial,current_contract,trend_structure,cs_r3_leader_confirmation,next_open_5d,5,2,1,0.2,0,0.0,0,0,-0.04233594579463969,-0.08880181772197948,0.1466893787952794,-0.15950969360112333,-0.1556266902723703,-0.04620856389008998,0.23846703651236467,-0.2757823158057733,-0.26549873093249354,0.0360162027923443,-0.3307065578035252,-0.30287831315762026,-0.2452122416195206,-0.2346157355157068
primary_development_2022_2023_partial,current_contract,flow_quality,s1_touch_reclaim,next_open_3d,5,4,1,0.2,1,0.25,1,1,-0.09571171030655631,-0.09000264364850419,0.26574133643458275,-0.4078981827364523,-0.300898363339944,-0.04310084776445311,0.363341485956572,-0.3205599980228351,-0.3121951167062309,0.11072665475682295,-0.49987234541714987,-0.3625261530172731,-0.26233081451027607,-0.16587556046324559
primary_development_2022_2023_partial,current_contract,sector_leader,s1_near_reversal,momentum_trail_4pct_5d,5,0,0,0.0,0,,0,0,-0.09357109905115413,-0.09357109905115413,0.0,-0.09357109905115413,-0.09357109905115413,-0.09357109905115413,-0.09357109905115413,-0.3582106591863211,-0.3582106591863211,0.0,-0.3582106591863211,-0.3582106591863211,-0.3582106591863211,-0.3582106591863211
primary_development_2022_2023_partial,current_contract,random_hash,ng_r3_volume_quality,next_open_3d,5,2,0,0.0,0,0.0,0,0,-0.15120552791329653,-0.09362008668492428,0.14177554376413234,-0.42979944411300275,-0.11301304753190178,-0.08626790430745557,-0.0333271569291983,-0.2983085344731283,-0.27981075510294773,0.09412411047762967,-0.4728653872912034,-0.3061012572503763,-0.21653440470418173,-0.21623086801693203
primary_development_2022_2023_partial,current_contract,sector_leader,cs_r3_leader_confirmation,next_open_2d,5,0,0,0.0,0,,0,0,-0.09551583934738683,-0.09551583934738683,0.0,-0.09551583934738683,-0.09551583934738683,-0.09551583934738683,-0.09551583934738683,-0.232227802538954,-0.23222780253895403,2.7755575615628914e-17,-0.23222780253895403,-0.23222780253895403,-0.23222780253895403,-0.23222780253895403
primary_development_2022_2023_partial,current_contract,sector_leader,s4_auction_confirmed_reclaim,next_open_5d,5,0,0,0.0,0,,0,0,-0.0961066947425877,-0.0961066947425877,0.0,-0.0961066947425877,-0.0961066947425877,-0.0961066947425877,-0.0961066947425877,-0.4075630104219944,-0.4075630104219944,0.0,-0.4075630104219944,-0.4075630104219944,-0.4075630104219944,-0.4075630104219944
primary_development_2022_2023_partial,current_contract,flow_quality,cs_r3_leader_confirmation,next_open_5d,5,2,2,0.4,0,0.0,1,0,0.0488021327532715,-0.09759665736521017,0.21174606869805032,-0.1595153419178349,-0.11026495472893805,0.2735674397510388,0.3378201780273018,-0.264761890858533,-0.29988476807241127,0.05011414566310645,-0.3094582108072269,-0.3024839586869361,-0.2282940784525329,-0.18368843827355785
primary_development_2022_2023_partial,current_contract,random_hash,s1_break_reclaim_stable3,next_open_5d,5,2,1,0.2,0,0.0,1,0,-0.1331492576097449,-0.09887609794603514,0.15597249742630517,-0.31146363562570634,-0.28163140580061985,-0.09605378836111389,0.12227863968475083,-0.2909440159508717,-0.2728698509515117,0.06803717892200555,-0.3792068132329046,-0.34840359255368525,-0.26942627151841914,-0.18481355149783774
primary_development_2022_2023_partial,current_contract,trend_structure,s0_distance_only,next_open_5d,5,2,0,0.0,0,0.0,0,0,-0.10452597594288056,-0.09973063196430298,0.03624476355510456,-0.15124759163008683,-0.1366794340889469,-0.08458525823269214,-0.05038696379837393,-0.2638449871749296,-0.27713923955535436,0.021010509362238944,-0.2811423054517117,-0.27883731096803244,-0.25634286766357195,-0.22576321223597762
primary_development_2022_2023_partial,current_contract,random_hash,s1_touch_reclaim,next_open_3d,5,4,1,0.2,1,0.25,1,1,-0.10110434608988386,-0.10281566681477272,0.286983906226252,-0.46849310775895747,-0.3016238902609132,-0.009141666914242563,0.37655260129946666,-0.33193962715107456,-0.2976888164335112,0.12883479345556323,-0.5528929226634756,-0.3662948977349685,-0.2821766649392743,-0.1606448339841432
primary_development_2022_2023_partial,current_contract,sector_leader,s2_reclaim_acceleration,next_open_5d,5,0,0,0.0,0,,0,0,-0.10628822986594078,-0.10628822986594078,0.0,-0.10628822986594078,-0.10628822986594078,-0.10628822986594078,-0.10628822986594078,-0.4058831838703395,-0.4058831838703395,0.0,-0.4058831838703395,-0.4058831838703395,-0.4058831838703395,-0.4058831838703395
primary_development_2022_2023_partial,current_contract,flow_quality,s2_reclaim_positive_slope,next_open_5d,5,4,2,0.4,2,0.5,1,1,-0.027732852538718468,-0.1071758855738919,0.29469334351463605,-0.40546742198450403,-0.149343158882555,0.03479170684977562,0.488530496897583,-0.29227982004539255,-0.24904207457661143,0.09658890689433809,-0.45508147966836454,-0.34730893580021205,-0.20633145916903417,-0.20363515101274077
primary_development_2022_2023_partial,current_contract,sector_leader,s1_break_reclaim_stable3,next_open_3d,5,0,0,0.0,0,,0,0,-0.10806787742869839,-0.10806787742869839,0.0,-0.10806787742869839,-0.10806787742869839,-0.10806787742869839,-0.10806787742869839,-0.2575252105187049,-0.2575252105187049,0.0,-0.2575252105187049,-0.2575252105187049,-0.2575252105187049,-0.2575252105187049
primary_development_2022_2023_partial,current_contract,sector_leader,s0_distance_only,next_open_3d,5,0,0,0.0,0,,0,0,-0.1082410138692087,-0.1082410138692087,0.0,-0.1082410138692087,-0.1082410138692087,-0.1082410138692087,-0.1082410138692087,-0.36578263824954327,-0.36578263824954327,0.0,-0.36578263824954327,-0.36578263824954327,-0.36578263824954327,-0.36578263824954327
primary_development_2022_2023_partial,current_contract,sector_leader,s2_reclaim_bull_stack,momentum_trail_4pct_5d,5,0,0,0.0,0,,0,0,-0.10967939666513993,-0.10967939666513993,0.0,-0.10967939666513993,-0.10967939666513993,-0.10967939666513993,-0.10967939666513993,-0.2931769436127655,-0.2931769436127655,0.0,-0.2931769436127655,-0.2931769436127655,-0.2931769436127655,-0.2931769436127655
primary_development_2022_2023_partial,current_contract,random_hash,cs_r3_leader_confirmation,next_open_5d,5,2,2,0.4,0,0.0,2,0,0.04637511393135059,-0.11059240472955656,0.21292553702417927,-0.15727426252366306,-0.11237191893232301,0.2901749204184556,0.32193923542383995,-0.2693037339795133,-0.30549154815411494,0.05359178193026363,-0.3182382440971172,-0.30903276123277323,-0.23221504381344127,-0.18154107260011965
primary_development_2022_2023_partial,current_contract,random_hash,s1_near_reversal,next_open_5d,5,3,0,0.0,0,0.0,0,0,-0.12339865646829255,-0.11388901544547125,0.05849266566271232,-0.20214659781315047,-0.1787066298417721,-0.06158870360794444,-0.06066233563312451,-0.3038861675270815,-0.2922605009545469,0.03704165104651591,-0.3634179872993193,-0.32799196270664843,-0.26978756806213267,-0.2659728186127601
primary_development_2022_2023_partial,current_contract,sector_leader,s1_touch_reclaim,next_open_5d,5,0,0,0.0,0,,0,0,-0.11397096684912966,-0.11397096684912966,0.0,-0.11397096684912966,-0.11397096684912966,-0.11397096684912966,-0.11397096684912966,-0.42775047914496167,-0.42775047914496167,0.0,-0.42775047914496167,-0.42775047914496167,-0.42775047914496167,-0.42775047914496167
primary_development_2022_2023_partial,current_contract,sector_leader,s2_reclaim_positive_slope,next_open_2d,5,0,0,0.0,0,,0,0,-0.11631311957064727,-0.11631311957064727,0.0,-0.11631311957064727,-0.11631311957064727,-0.11631311957064727,-0.11631311957064727,-0.2674066540758354,-0.2674066540758354,0.0,-0.2674066540758354,-0.2674066540758354,-0.2674066540758354,-0.2674066540758354
primary_development_2022_2023_partial,current_contract,flow_quality,s2_first_touch_reclaim,next_open_3d,5,1,0,0.0,0,0.0,0,0,-0.2429142783347446,-0.11996759145540736,0.18629922579940528,-0.5036402190637652,-0.432690718058921,-0.09890560468353682,-0.05936725841209267,-0.3622917380015488,-0.2828222861271391,0.12882513734079523,-0.5270417722808468,-0.5103867094670368,-0.2589721571415352,-0.23223576499118614
primary_development_2022_2023_partial,current_contract,flow_quality,fu_r3_core_pullback,fast_failure_2pct_target4pct_2d,5,2,1,0.2,0,0.0,1,0,-0.11102880906106352,-0.12032647404594432,0.18341420286402588,-0.36435566104194395,-0.17932313213151962,-0.09477588126666237,0.20363710318075268,-0.3108795060131141,-0.27727906251738865,0.08047174565482089,-0.45814729486582795,-0.3249281929733818,-0.2716046115669043,-0.22243836814206752
primary_development_2022_2023_partial,current_contract,random_hash,ng_r1_auction_reclaim,fast_failure_2pct_target4pct_2d,5,1,1,0.2,1,1.0,0,0,-0.08970856415435506,-0.12229307854829297,0.052107720700565734,-0.12950638605196263,-0.1253881390537266,-0.07937391954072726,0.00801870242293412,-0.21738133820089836,-0.2280314170664821,0.05653430068965145,-0.3020054284588687,-0.24712001730173727,-0.156808795581597,-0.15294103259580671
primary_development_2022_2023_partial,current_contract,flow_quality,ng_r1_auction_reclaim,fast_failure_2pct_target4pct_2d,5,5,0,0.0,0,0.0,0,0,-0.10574724786461298,-0.12231910048129602,0.0360798957926512,-0.1495411223512637,-0.13058272156571082,-0.06905602971119473,-0.05723726521359962,-0.2245749605549614,-0.23907434405147066,0.02798317573698557,-0.2561133371927182,-0.24312854779636783,-0.20411424824189017,-0.1804443254923601
primary_development_2022_2023_partial,current_contract,random_hash,s4_auction_confirmed_reclaim,next_open_2d,5,0,2,0.4,0,,1,0,-0.10256504919875695,-0.12316357832082592,0.24689319227226722,-0.4651866745168214,-0.21606248505450332,0.010485488253755948,0.2811020036446099,-0.3175433800681898,-0.2765571201480108,0.10628836686833822,-0.5077734770105591,-0.3475052238644444,-0.2567821005587546,-0.19909897875918015
primary_development_2022_2023_partial,current_contract,flow_quality,s1_near_reversal,next_open_5d,5,3,0,0.0,0,0.0,0,0,-0.1374030365818151,-0.12574349232755044,0.0773743725733562,-0.24111158918960396,-0.20991527331520954,-0.06617530124090898,-0.044069526835802564,-0.30358200306577315,-0.3042763836977217,0.03632595217848246,-0.3682736014512158,-0.3074140751495623,-0.2700061441676157,-0.26793981086275054
primary_development_2022_2023_partial,current_contract,sector_leader,ng_r1_auction_reclaim,fast_failure_2pct_target4pct_2d,5,0,0,0.0,0,,0,0,-0.12603335320551545,-0.12603335320551545,0.0,-0.12603335320551545,-0.12603335320551545,-0.12603335320551545,-0.12603335320551545,-0.28025811292443914,-0.28025811292443914,0.0,-0.28025811292443914,-0.28025811292443914,-0.28025811292443914,-0.28025811292443914
primary_development_2022_2023_partial,current_contract,flow_quality,s4_reclaim_volume_normal,next_open_3d,5,2,1,0.2,0,0.0,0,0,-0.09197096073312543,-0.12638890957631843,0.17583313226768135,-0.27339732914243187,-0.20869836945615028,-0.08624515699453628,0.2348749615038097,-0.32072191612573436,-0.3285766411045905,0.04115242483987772,-0.36621335404835764,-0.35411103696904345,-0.3043737543409918,-0.2503347941656886
primary_development_2022_2023_partial,current_contract,trend_structure,cs_r3_leader_confirmation,next_open_3d,5,0,0,0.0,0,,0,0,-0.1535641260022051,-0.12840581843906151,0.07676878307347497,-0.3015670827238508,-0.13756788549989785,-0.12210857785435625,-0.078171265493859,-0.31386820931544773,-0.28836944381703156,0.04363349656159686,-0.37837452273245953,-0.3522168570744484,-0.28627048395590815,-0.26410973899739065
primary_development_2022_2023_partial,current_contract,sector_leader,s2_reclaim_positive_slope,fast_failure_2pct_target4pct_2d,5,0,0,0.0,0,,0,0,-0.1320629163856979,-0.1320629163856979,0.0,-0.1320629163856979,-0.1320629163856979,-0.1320629163856979,-0.1320629163856979,-0.3814369613918718,-0.3814369613918718,0.0,-0.3814369613918718,-0.3814369613918718,-0.3814369613918718,-0.3814369613918718
primary_development_2022_2023_partial,current_contract,sector_leader,s2_reclaim_acceleration,next_open_3d,5,0,0,0.0,0,,0,0,-0.1321168072802672,-0.1321168072802672,0.0,-0.1321168072802672,-0.1321168072802672,-0.1321168072802672,-0.1321168072802672,-0.2952085399885176,-0.2952085399885176,0.0,-0.2952085399885176,-0.2952085399885176,-0.2952085399885176,-0.2952085399885176
primary_development_2022_2023_partial,current_contract,random_hash,fu_r3_core_pullback,next_open_1d,5,1,1,0.2,0,0.0,1,0,-0.13987205826136637,-0.13307512868059823,0.15486070210981123,-0.3630937607374105,-0.20284884928678748,-0.11643899626912357,0.11609644366708793,-0.3070969158108301,-0.30995163130444336,0.10975286009544034,-0.4695840986205321,-0.3241273871368816,-0.30783009773123915,-0.12399136426105417
primary_development_2022_2023_partial,current_contract,flow_quality,s1_break_reclaim_stable3,next_open_5d,5,2,1,0.2,0,0.0,1,0,-0.11725485366558623,-0.1333504853890498,0.13834026199611196,-0.3189564418520795,-0.16664061698854993,-0.07480943581157629,0.10748271171332435,-0.2736703596712706,-0.25424771217304387,0.06282491338540667,-0.3858934520300127,-0.28479878908339684,-0.2465970818093809,-0.19681476326051883
primary_development_2022_2023_partial,current_contract,flow_quality,s1_touch_immediate,next_open_3d,5,3,1,0.2,0,0.0,0,0,-0.1416925268999437,-0.1363290769679728,0.23344058944798932,-0.5401713085069084,-0.17330095306911286,-0.035312274167155544,0.17665097821143116,-0.29996973572903984,-0.2662120335886806,0.1236473568151881,-0.5358933902376275,-0.27712184659870787,-0.24932532372261973,-0.1712960844975635
primary_development_2022_2023_partial,current_contract,random_hash,s1_touch_immediate,next_open_2d,5,0,2,0.4,0,,2,0,-0.1013273855457415,-0.13788286014769258,0.2612407953431391,-0.455430485650281,-0.30130001648668303,0.18703142696748376,0.20094500758846534,-0.3000615399714882,-0.2776562237974174,0.11373224037930355,-0.4733634724450311,-0.38168386148061084,-0.1987155369319199,-0.16888860520246218
primary_development_2022_2023_partial,current_contract,flow_quality,s2_reclaim_acceleration,next_open_3d,5,1,1,0.2,1,1.0,0,0,-0.1633369753225029,-0.13867094987426387,0.12860624944271892,-0.3821580617335605,-0.17865013893979853,-0.13617152543790068,0.018965799373009018,-0.32192713173180837,-0.3385708069139677,0.06323459776998311,-0.39169484470415583,-0.3725063244416543,-0.29155704110724334,-0.21530664149202072
primary_development_2022_2023_partial,current_contract,flow_quality,fu_r3_core_pullback,next_open_5d,5,2,1,0.2,1,0.5,0,0,-0.07591361879212104,-0.1389153578240635,0.1684105165365319,-0.23583009026335533,-0.21487019807141916,-0.012199090199633833,0.22224664239786662,-0.2848502721454066,-0.2831093520264867,0.0271636940865938,-0.3262532179783968,-0.2917445710134482,-0.2820760072821683,-0.2410682124265332
primary_development_2022_2023_partial,current_contract,sector_leader,s4_reclaim_amount_acceleration,next_open_5d,5,0,0,0.0,0,,0,0,-0.13992803787956754,-0.13992803787956754,0.0,-0.13992803787956754,-0.13992803787956754,-0.13992803787956754,-0.13992803787956754,-0.42775047914496145,-0.42775047914496145,0.0,-0.42775047914496145,-0.42775047914496145,-0.42775047914496145,-0.42775047914496145
primary_development_2022_2023_partial,current_contract,trend_structure,s2_reclaim_daily_trend,momentum_trail_4pct_5d,5,2,0,0.0,0,0.0,0,0,-0.2312987072073775,-0.14031126719959197,0.18959901821909853,-0.48404081709402624,-0.4315602492674697,-0.08150835353930419,-0.019072848936495523,-0.3589045214924352,-0.31819585825879726,0.10835036798528251,-0.5083904715117502,-0.46564170961387663,-0.25745976857217334,-0.2448347995055783
primary_development_2022_2023_partial,current_contract,trend_structure,fu_r3_core_pullback,momentum_trail_4pct_5d,5,0,0,0.0,0,,0,0,-0.1709220756508883,-0.14078585172989344,0.07796137028370767,-0.3048585945696394,-0.20895139558284848,-0.10440295813382927,-0.09561157823823085,-0.2978851182398562,-0.26657711568142994,0.053717213181554854,-0.4024418490213022,-0.2954350645375853,-0.26374376825472534,-0.2612277937042379
primary_development_2022_2023_partial,current_contract,flow_quality,fu_r3_core_pullback,next_open_1d,5,1,1,0.2,0,0.0,0,0,-0.14038555753025472,-0.1418058602586758,0.1537742994753828,-0.3216780266806636,-0.2536264048098994,-0.11229606468243758,0.12747856878040276,-0.30868228562657307,-0.32079906824050286,0.0851875456269255,-0.43287269630353165,-0.34587009444030226,-0.26820207389763806,-0.17566749525089032
primary_development_2022_2023_partial,current_contract,sector_leader,ng_r1_auction_reclaim,next_open_2d,5,0,0,0.0,0,,0,0,-0.14292281071254442,-0.14292281071254442,0.0,-0.14292281071254442,-0.14292281071254442,-0.14292281071254442,-0.14292281071254442,-0.29976032496334615,-0.29976032496334615,0.0,-0.29976032496334615,-0.29976032496334615,-0.29976032496334615,-0.29976032496334615
primary_development_2022_2023_partial,current_contract,flow_quality,s2_reclaim_bull_stack,next_open_2d,5,0,0,0.0,0,,0,0,-0.14706332530196004,-0.1432204527495795,0.019318443676521063,-0.17487368777436063,-0.15986577631172083,-0.1395850126722481,-0.11777169700189105,-0.30600468862201025,-0.3025937154409212,0.029767808900841863,-0.3588930825835541,-0.3066932292262752,-0.2943940750364602,-0.26744934082284055
primary_development_2022_2023_partial,current_contract,flow_quality,s1_break_reclaim_stable3,next_open_2d,5,0,1,0.2,0,,1,0,-0.131071165520045,-0.14342479979473277,0.18203270404929955,-0.37544599291011926,-0.22860088935170408,-0.08345342391429222,0.1755692783706233,-0.32688715201195817,-0.3172199854248615,0.05378155058006096,-0.4109705916480293,-0.3620127862549257,-0.27782899433529384,-0.2664034023966806
primary_development_2022_2023_partial,current_contract,flow_quality,ng_r3_volume_quality,next_open_5d,5,1,1,0.2,0,0.0,1,0,-0.12864905637243776,-0.1462580107454975,0.12206206546982296,-0.26412241913484413,-0.22539963623106973,-0.09109312220628174,0.08362790645550433,-0.31385733479287814,-0.3365475829202186,0.03723779218365045,-0.35348102706172013,-0.34168546543694,-0.271150632541599,-0.2664219660039129
primary_development_2022_2023_partial,current_contract,random_hash,s2_reclaim_positive_slope,momentum_trail_4pct_5d,5,2,0,0.0,0,0.0,0,0,-0.1990245010359905,-0.15322666090421577,0.10643563618889602,-0.3681086298066264,-0.2664710031164702,-0.14376614178586122,-0.063550069566779,-0.3133153719369428,-0.33320151934735975,0.055675937778529166,-0.39191492910942005,-0.33779522585152133,-0.2714051941386796,-0.23225999123773344
primary_development_2022_2023_partial,current_contract,sector_leader,ng_r3_volume_quality,next_open_5d,5,0,0,0.0,0,,0,0,-0.15398599863045326,-0.15398599863045326,0.0,-0.15398599863045326,-0.15398599863045326,-0.15398599863045326,-0.15398599863045326,-0.3381144926177493,-0.3381144926177493,0.0,-0.3381144926177493,-0.3381144926177493,-0.3381144926177493,-0.3381144926177493
primary_development_2022_2023_partial,current_contract,random_hash,s2_first_touch_reclaim,next_open_3d,5,1,0,0.0,0,0.0,0,0,-0.2543585087734434,-0.15530264343182387,0.1790869623482667,-0.4957932167087632,-0.4453340025807476,-0.09825777020766657,-0.07710491093821581,-0.3590340968011628,-0.2780594009275399,0.12922367379845667,-0.5193802185095513,-0.5126073841710226,-0.2585247432453407,-0.22659873715235967
primary_development_2022_2023_partial,current_contract,trend_structure,s2_reclaim_breakout_recent,next_open_2d,5,0,1,0.2,0,,0,0,-0.1861549484414213,-0.15675842729959055,0.19455299186382075,-0.4288763237371349,-0.3609421560612627,-0.10075078716679287,0.11655295205767446,-0.35607365465217544,-0.35694301390666594,0.09534245992094185,-0.4591936274591687,-0.4317198918160364,-0.34675312676029346,-0.18575861331871257
primary_development_2022_2023_partial,current_contract,random_hash,ng_r1_auction_reclaim,next_open_1d,5,0,1,0.2,0,,1,0,-0.11539996402394723,-0.15788504700223305,0.1350517950756335,-0.2155574014736492,-0.20230882263933891,-0.15138629673830162,0.15013774773378663,-0.25126656547300763,-0.27337408532169727,0.06760331189097833,-0.3235992358271538,-0.29973971003129707,-0.22760385633551794,-0.13201593984937232
primary_development_2022_2023_partial,current_contract,random_hash,s2_reclaim_acceleration,next_open_3d,5,1,0,0.0,0,0.0,0,0,-0.16229011470732388,-0.15789448482855162,0.11246798972636149,-0.35817870510144645,-0.17442283002351788,-0.10505682056976295,-0.01589773301334052,-0.3133100000975901,-0.35453848617778894,0.06446432641411622,-0.3725063244416543,-0.36832564484903874,-0.25086500245533583,-0.22031454256413274
primary_development_2022_2023_partial,current_contract,sector_leader,s2_reclaim_breakout_recent,protect_3pct_target6pct_3d,5,0,0,0.0,0,,0,0,-0.1583805404011528,-0.1583805404011528,0.0,-0.1583805404011528,-0.1583805404011528,-0.1583805404011528,-0.1583805404011528,-0.3504943770418457,-0.3504943770418457,0.0,-0.3504943770418457,-0.3504943770418457,-0.3504943770418457,-0.3504943770418457
primary_development_2022_2023_partial,current_contract,random_hash,s1_break_reclaim_stable3,next_open_2d,5,0,1,0.2,0,,1,0,-0.15135182893916985,-0.15878728643113227,0.1936197792840626,-0.38992272775595527,-0.2501109110058346,-0.15402163732524143,0.1960834178223143,-0.3278762720880802,-0.31837541690563786,0.05653016198374078,-0.42405310582866507,-0.3505985110293891,-0.2814766010736295,-0.2648777256030793
primary_development_2022_2023_partial,current_contract,flow_quality,ng_r1_auction_reclaim,next_open_2d,5,2,1,0.2,0,0.0,0,0,-0.14074516827313693,-0.1595825505386932,0.1322937427861433,-0.2929479594334208,-0.24194639294611853,-0.0959706733033695,0.08672173485591728,-0.28318394957850346,-0.3021465766753185,0.058015361832631125,-0.3486429856022928,-0.32876482091263914,-0.24696200744200336,-0.18940335726026336
primary_development_2022_2023_partial,current_contract,flow_quality,s0_distance_only,momentum_trail_4pct_5d,5,5,1,0.2,1,0.2,0,0,-0.17343243128282315,-0.1604514875789259,0.147124615246576,-0.3732959310927155,-0.29575751543648776,-0.07053078707861449,0.03287356477262793,-0.32145732780815633,-0.28065852828790727,0.06286361330253738,-0.43654656105480094,-0.34132791962911235,-0.27762534934099414,-0.2711282807279669
primary_development_2022_2023_partial,current_contract,random_hash,s2_reclaim_bull_stack,next_open_2d,5,0,0,0.0,0,,0,0,-0.17431291701252982,-0.16140210926117082,0.02537636324827168,-0.2147689610623218,-0.1928100922550342,-0.15396764840364308,-0.1486157740804792,-0.30143387487753304,-0.2964198032399451,0.0292510564631395,-0.34872093720298447,-0.30896038677084225,-0.295511356437716,-0.25755689073617727
primary_development_2022_2023_partial,current_contract,sector_leader,s2_reclaim_breakout_recent,fast_failure_2pct_target4pct_2d,5,0,0,0.0,0,,0,0,-0.16217405805969798,-0.16217405805969798,0.0,-0.16217405805969798,-0.16217405805969798,-0.16217405805969798,-0.16217405805969798,-0.344157597842339,-0.344157597842339,0.0,-0.344157597842339,-0.344157597842339,-0.344157597842339,-0.344157597842339
primary_development_2022_2023_partial,current_contract,flow_quality,s4_reclaim_vwap_support,next_open_3d,5,1,0,0.0,0,0.0,0,0,-0.18246500403149513,-0.16229549745705696,0.07538041295930958,-0.2945080288085544,-0.2338084490243575,-0.1466258268421976,-0.07508721802530915,-0.31964695293117495,-0.2843881692442457,0.07296531838137008,-0.4118831700210288,-0.40256572211122754,-0.2598966659016163,-0.2395010373777563
primary_development_2022_2023_partial,current_contract,random_hash,s2_reclaim_positive_slope,next_open_3d,5,2,0,0.0,0,0.0,0,0,-0.21132065964373714,-0.16513775380605866,0.12890726580957984,-0.39405053184636796,-0.3210833610379731,-0.13905920486459977,-0.03727244666368623,-0.35488968332158477,-0.337326998540021,0.050373723542516534,-0.4509777599725303,-0.3496044314706305,-0.33303783602851766,-0.3035013905962244
primary_development_2022_2023_partial,current_contract,flow_quality,ng_r1_auction_reclaim,next_open_1d,5,3,1,0.2,0,0.0,0,0,-0.13001467967350286,-0.16745534021872988,0.08025029941217086,-0.20652535674621442,-0.18385530340882394,-0.10924152410369303,0.01700412610994695,-0.2539062982903187,-0.2538915229271419,0.05321600505815926,-0.31755189012865404,-0.3003547454595028,-0.2296300701023195,-0.16810326283397525
primary_development_2022_2023_partial,current_contract,random_hash,s2_reclaim_daily_trend,next_open_3d,5,1,1,0.2,0,0.0,1,0,-0.1872057523035498,-0.16784452341851586,0.1711494951227642,-0.39361139894541264,-0.3493108959687,-0.10277478594224843,0.07751284275712789,-0.33800371228179277,-0.2828817345948801,0.11534687796445092,-0.5302508295231638,-0.408499922965188,-0.23562420993078748,-0.23276186439494428
primary_development_2022_2023_partial,current_contract,sector_leader,cs_r3_leader_confirmation,next_open_3d,5,0,0,0.0,0,,0,0,-0.1684054878945752,-0.1684054878945752,0.0,-0.1684054878945752,-0.1684054878945752,-0.1684054878945752,-0.1684054878945752,-0.28463988870845747,-0.28463988870845747,0.0,-0.28463988870845747,-0.28463988870845747,-0.28463988870845747,-0.28463988870845747
primary_development_2022_2023_partial,current_contract,random_hash,s1_near_reversal,momentum_trail_4pct_5d,5,2,1,0.2,0,0.0,1,0,-0.1261143414792391,-0.16915308724545752,0.2124826075217004,-0.3439963665668915,-0.2450247210452292,-0.14850026440287567,0.2761027318642584,-0.2813015714476476,-0.25797565045377824,0.06588557601250837,-0.3580698674140437,-0.3549645336172016,-0.24743863524412435,-0.1880591705090905
primary_development_2022_2023_partial,current_contract,random_hash,cs_r3_leader_confirmation,next_open_3d,5,1,0,0.0,0,0.0,0,0,-0.16795610993135054,-0.16919568326627876,0.09876420875029598,-0.3425176744108912,-0.18201498752606016,-0.07925119459366414,-0.06680100985985848,-0.33323967643519153,-0.28080602560907775,0.10718753215253315,-0.546595634410608,-0.2962007936473936,-0.27937114356170756,-0.26322478494717105
primary_development_2022_2023_partial,current_contract,sector_leader,s1_near_reversal,next_open_1d,5,0,0,0.0,0,,0,0,-0.17069551930225424,-0.17069551930225424,0.0,-0.17069551930225424,-0.17069551930225424,-0.17069551930225424,-0.17069551930225424,-0.3771920937746188,-0.3771920937746188,0.0,-0.3771920937746188,-0.3771920937746188,-0.3771920937746188,-0.3771920937746188
primary_development_2022_2023_partial,current_contract,flow_quality,s1_touch_immediate,next_open_2d,5,0,2,0.4,0,,2,0,-0.11291029930745622,-0.17175976488811462,0.2824213043225461,-0.5105373553732526,-0.29512155820892394,0.20025107608635606,0.21261610584665402,-0.3107516369791649,-0.2829760813451112,0.12857765201401541,-0.5221864434785293,-0.38097411838945205,-0.18739826369396073,-0.18022327798877114
primary_development_2022_2023_partial,current_contract,trend_structure,s4_reclaim_amount_acceleration,momentum_trail_4pct_5d,5,4,0,0.0,0,0.0,0,0,-0.19228625504125402,-0.1725783745737426,0.0765897524597463,-0.2935488205801081,-0.26437494267153083,-0.14451212715388173,-0.08641701022700687,-0.3469238800884063,-0.33890161014579345,0.028809733938061407,-0.3844245711694637,-0.3764377638218105,-0.3232685260244905,-0.3115869292804734
primary_development_2022_2023_partial,current_contract,flow_quality,s4_auction_confirmed_reclaim,next_open_2d,5,0,1,0.2,0,,0,0,-0.17377996750212837,-0.17267994924345198,0.22014601167332457,-0.4665778464950451,-0.3587096837743522,-0.0018122442680065243,0.13087988627021385,-0.34121984595842747,-0.2721435483467869,0.11500224074546482,-0.4965399862273442,-0.4610748199555704,-0.26670217533215035,-0.2096386999302856
primary_development_2022_2023_partial,current_contract,flow_quality,s4_reclaim_amount_acceleration,next_open_1d,5,0,0,0.0,0,,0,0,-0.2493692950363151,-0.1745345805729399,0.14123984826680241,-0.5051237814150643,-0.2904605550320788,-0.1730043702081402,-0.10372318795335222,-0.3568746066276593,-0.3215173974435891,0.10469784435858213,-0.5424678124831426,-0.39468971946625553,-0.2637518565854917,-0.2619462471598176
primary_development_2022_2023_partial,current_contract,random_hash,s4_reclaim_amount_acceleration,next_open_1d,5,0,0,0.0,0,,0,0,-0.2493692950363151,-0.1745345805729399,0.14123984826680241,-0.5051237814150643,-0.2904605550320788,-0.1730043702081402,-0.10372318795335222,-0.3568746066276593,-0.3215173974435891,0.10469784435858213,-0.5424678124831426,-0.39468971946625553,-0.2637518565854917,-0.2619462471598176
primary_development_2022_2023_partial,current_contract,random_hash,s4_auction_confirmed_reclaim,next_open_3d,5,1,1,0.2,0,0.0,0,0,-0.16098545916938806,-0.17560596911922577,0.14741668236067898,-0.33180540281763704,-0.3055057365846485,-0.04040118663465997,0.048390999309231075,-0.2993947433219639,-0.302814259844677,0.06083425509349461,-0.381508240731645,-0.34959045387104937,-0.2346094013467307,-0.2284513608157176
primary_development_2022_2023_partial,current_contract,sector_leader,s4_reclaim_volume_normal,next_open_5d,5,0,0,0.0,0,,0,0,-0.17597005723544867,-0.17597005723544867,0.0,-0.17597005723544867,-0.17597005723544867,-0.17597005723544867,-0.17597005723544867,-0.3327681166225118,-0.3327681166225118,0.0,-0.3327681166225118,-0.3327681166225118,-0.3327681166225118,-0.3327681166225118
primary_development_2022_2023_partial,current_contract,random_hash,s4_auction_confirmed_reclaim,next_open_5d,5,3,0,0.0,0,0.0,0,0,-0.1662015814197712,-0.17701115563070813,0.10202333681240935,-0.293138786579758,-0.2601075013860481,-0.05943329344843151,-0.041317170053910335,-0.32786010173190794,-0.2881370781930723,0.058373237508150745,-0.40040358438814816,-0.39747903041924204,-0.28381639182042295,-0.26946442383865443
primary_development_2022_2023_partial,current_contract,random_hash,ng_r3_volume_quality,next_open_5d,5,1,1,0.2,0,0.0,1,0,-0.1495120170798261,-0.17786067483056234,0.14646891475743726,-0.3170665399299457,-0.24956167409336194,-0.11240393350135103,0.10933273695609058,-0.2933450040012288,-0.28389036398679035,0.0633326022914968,-0.37023761004331535,-0.35776078109179466,-0.2520263867279807,-0.20280987815626317
primary_development_2022_2023_partial,current_contract,random_hash,fu_r3_core_pullback,next_open_5d,5,2,1,0.2,1,0.5,0,0,-0.12499004904783181,-0.180149653091619,0.15882424265408643,-0.26946895572781093,-0.24852537129009056,-0.09517438299721881,0.1683681178675802,-0.3123432977292822,-0.3106588013275271,0.040335532833419896,-0.3805247648425806,-0.3224287084066738,-0.28903676553606816,-0.25906744853356134
primary_development_2022_2023_partial,current_contract,flow_quality,ng_r1_auction_reclaim,next_open_5d,5,0,0,0.0,0,,0,0,-0.1693703851149459,-0.18020994775502452,0.07370999644324815,-0.27192276607953714,-0.18198464490080568,-0.1713035203070713,-0.041431046532290905,-0.32247926392256765,-0.34146664839727003,0.04433132692797249,-0.38290043705356314,-0.3440707779451794,-0.2831235785158507,-0.260834877700975
primary_development_2022_2023_partial,current_contract,flow_quality,s4_reclaim_volume_proxy,momentum_trail_4pct_5d,5,2,0,0.0,0,0.0,0,0,-0.20067415828484697,-0.18095147801466926,0.13757160030338544,-0.4170549453315152,-0.26420313432251075,-0.13962953831081282,-0.001531695444726755,-0.310806349298976,-0.2564948731726515,0.07585885479327878,-0.4411603365547355,-0.3532285329431616,-0.25425235972985727,-0.24889564409447407
primary_development_2022_2023_partial,current_contract,trend_structure,s4_reclaim_vwap_support,next_open_5d,5,3,0,0.0,0,0.0,0,0,-0.16399665828583887,-0.18382152049667944,0.09352675332658723,-0.29480776693084754,-0.2111307489334071,-0.11230047959550404,-0.017922775472756225,-0.29321374601865885,-0.2896946136641495,0.033182209322928105,-0.33320204022710764,-0.32511024255813903,-0.2754554258899107,-0.24260640775398723
primary_development_2022_2023_partial,current_contract,random_hash,s0_distance_only,momentum_trail_4pct_5d,5,4,0,0.0,0,0.0,0,0,-0.2287997692310119,-0.18442612813219272,0.06690839068261205,-0.34657904179470245,-0.26001365507987373,-0.18340948589461825,-0.16957053525367227,-0.3453882795015666,-0.3462198838599839,0.04590134063226694,-0.4192381944835991,-0.36264007085549965,-0.31610504014151686,-0.2827382081672335
primary_development_2022_2023_partial,current_contract,trend_structure,fu_r3_core_pullback,protect_3pct_target6pct_3d,5,0,0,0.0,0,,0,0,-0.17864636797208275,-0.18507626851677517,0.07006335582765878,-0.27252944094345966,-0.20420465225152296,-0.17535125161732024,-0.056070226531335754,-0.32500962344988393,-0.34374217136432705,0.03572357310337205,-0.3513780698238107,-0.3474393372489255,-0.32696103530342724,-0.2555275035089293
primary_development_2022_2023_partial,current_contract,flow_quality,cs_r3_leader_confirmation,next_open_3d,5,1,0,0.0,0,0.0,0,0,-0.18832815817958515,-0.18555749498189833,0.09420954942957074,-0.3536029754265354,-0.20312042488240523,-0.12332241666879273,-0.07603747893829405,-0.33207349595033514,-0.28360555280634603,0.10813980493710874,-0.5476220023833938,-0.2917419374202349,-0.26956421142978737,-0.2678337757119136
primary_development_2022_2023_partial,current_contract,random_hash,s4_reclaim_volume_normal,next_open_5d,5,2,1,0.2,1,0.5,0,0,-0.17754723767864808,-0.18568544708972767,0.14169100197581974,-0.3905090099460159,-0.25587272588932075,-0.07255622671853179,0.01688722125035569,-0.3212871888998373,-0.34705886953288545,0.07151341928749311,-0.4073787927421112,-0.37536326867246506,-0.25835176754428946,-0.21828324600743565
primary_development_2022_2023_partial,current_contract,random_hash,s0_strong_no_ma,next_open_5d,5,1,2,0.4,0,0.0,1,0,-0.10917543248883368,-0.18725887168240196,0.2661098181722398,-0.4605492155914631,-0.2914943769464202,0.15123528784853257,0.24219001392758432,-0.338225287799201,-0.34283168462797253,0.07695722849574059,-0.47387134012323484,-0.3465380754074009,-0.270503441520503,-0.25738189731689354
primary_development_2022_2023_partial,current_contract,random_hash,s0_distance_only,next_open_3d,5,1,1,0.2,0,0.0,1,0,-0.12994556907491958,-0.18735048032988066,0.18267142613211448,-0.3193669264947252,-0.20015604749850902,-0.1617989559800277,0.21894456492854464,-0.26607222960388166,-0.24795635080797762,0.05945188734631492,-0.37333233936674404,-0.2786046421173406,-0.23125868642963077,-0.19920912929771506
primary_development_2022_2023_partial,current_contract,flow_quality,s4_auction_confirmed_reclaim,next_open_5d,5,3,0,0.0,0,0.0,0,0,-0.15327914735163045,-0.19009736136747668,0.08578002865547824,-0.2484685941386735,-0.22096238587945738,-0.08389027745455502,-0.02297711791798962,-0.3173662831632865,-0.3159204174743536,0.05822105292662611,-0.40323390325229935,-0.35429352568521144,-0.2772673229069347,-0.2361162464976334
primary_development_2022_2023_partial,current_contract,random_hash,s4_reclaim_vwap_support,next_open_3d,5,1,0,0.0,0,0.0,0,0,-0.19142680277592963,-0.19200324154474702,0.08829690153921294,-0.31762677703358466,-0.251600356822299,-0.1292483575624661,-0.06665528091655137,-0.3252143954986586,-0.27508741674029324,0.0739534644328037,-0.42601712297880023,-0.40349663628215626,-0.27142370955719086,-0.2500470919348524
primary_development_2022_2023_partial,current_contract,flow_quality,s2_reclaim_breakout_recent,next_open_5d,5,1,1,0.2,0,0.0,1,0,-0.1325427939308608,-0.19201924368145062,0.13555569994397126,-0.29097802040242826,-0.23304609831847212,-0.008282447595691633,0.06161184034373868,-0.3404497516426532,-0.36725236929427274,0.054093471144898014,-0.4030261378813762,-0.3805247424317665,-0.2780850009942142,-0.2733605076116363
primary_development_2022_2023_partial,current_contract,random_hash,s1_touch_immediate,next_open_5d,5,2,0,0.0,0,0.0,0,0,-0.19866990108192314,-0.1936922286666365,0.02673655317496987,-0.24197820881214271,-0.21386327790916515,-0.1742080036982936,-0.1696077863233778,-0.30260682730949084,-0.2649495023933979,0.050636835237684884,-0.3852801260079982,-0.3385319714090508,-0.26289413258702576,-0.2613784041499816
primary_development_2022_2023_partial,current_contract,flow_quality,s4_reclaim_amount_acceleration,next_open_2d,5,0,1,0.2,0,,0,0,-0.1186031484923028,-0.1947618709634381,0.15607570391763337,-0.29548030496497113,-0.22266429838365964,-0.011204406943194911,0.1310951387937498,-0.28398510421880707,-0.27887426931156556,0.0395020216316642,-0.3533306517808523,-0.28340772311353757,-0.2738435505831538,-0.23046932630492623
primary_development_2022_2023_partial,current_contract,random_hash,s4_reclaim_amount_acceleration,next_open_2d,5,0,1,0.2,0,,0,0,-0.1186031484923028,-0.1947618709634381,0.15607570391763337,-0.29548030496497113,-0.22266429838365964,-0.011204406943194911,0.1310951387937498,-0.28398510421880707,-0.27887426931156556,0.0395020216316642,-0.3533306517808523,-0.28340772311353757,-0.2738435505831538,-0.23046932630492623
primary_development_2022_2023_partial,current_contract,flow_quality,s2_reclaim_positive_slope,next_open_3d,5,2,0,0.0,0,0.0,0,0,-0.23491265300828096,-0.19614491218532082,0.08515028413361944,-0.3540201496662183,-0.31865428575648913,-0.15955435561132758,-0.14618956182204912,-0.3494216069503245,-0.3533108094287152,0.03944388386122513,-0.41117591094065875,-0.36133672907933545,-0.3306515323010599,-0.29063305300185305
primary_development_2022_2023_partial,current_contract,flow_quality,s0_distance_only,next_open_3d,5,1,1,0.2,0,0.0,1,0,-0.1203728055690251,-0.19813823259851726,0.17674167219985348,-0.2648474099355437,-0.2087311320774361,-0.15641737054672744,0.22627011731309898,-0.2656906594326057,-0.24902844787887357,0.041502096058746996,-0.3337629565964443,-0.28847868468226234,-0.24323194260820424,-0.21395126539724418
primary_development_2022_2023_partial,current_contract,sector_leader,ng_r1_auction_reclaim,next_open_3d,5,0,0,0.0,0,,0,0,-0.20007464881166337,-0.20007464881166337,0.0,-0.20007464881166337,-0.20007464881166337,-0.20007464881166337,-0.20007464881166337,-0.39912218420113954,-0.39912218420113954,0.0,-0.39912218420113954,-0.39912218420113954,-0.39912218420113954,-0.39912218420113954
primary_development_2022_2023_partial,current_contract,random_hash,s4_reclaim_volume_proxy,next_open_3d,5,0,0,0.0,0,,0,0,-0.2155519000078713,-0.2000817461082378,0.08595908111008636,-0.3341181675435937,-0.2738935565131513,-0.19056768533870794,-0.07909834453566578,-0.35279841822733143,-0.3554331635439172,0.026633381055350704,-0.38248356715917886,-0.37476806224579096,-0.3443912148548678,-0.30691608333290243
primary_development_2022_2023_partial,current_contract,trend_structure,s2_first_touch_reclaim,momentum_trail_4pct_5d,5,0,0,0.0,0,,0,0,-0.18718900162557112,-0.20053780677853383,0.0651959947200224,-0.2618703507134523,-0.2091702693077555,-0.19912603310634525,-0.06524054822176872,-0.29268641620460223,-0.2973825905231353,0.012087496513431096,-0.306987125293822,-0.2997897976138221,-0.2871497246497994,-0.2721228429424324
primary_development_2022_2023_partial,current_contract,flow_quality,s1_touch_immediate,next_open_5d,5,2,0,0.0,0,0.0,0,0,-0.2215235368823202,-0.2014318381152197,0.05810064058453332,-0.32073211199040064,-0.24997998710962,-0.17201616053179458,-0.16345758666456622,-0.31623031910235416,-0.32397049702049185,0.03893388895293524,-0.36572746280362756,-0.3481344741447071,-0.27791994883262194,-0.2653992127103224
primary_development_2022_2023_partial,current_contract,sector_leader,s4_reclaim_amount_acceleration,momentum_trail_4pct_5d,5,0,0,0.0,0,,0,0,-0.20444705554919973,-0.20444705554919973,0.0,-0.20444705554919973,-0.20444705554919973,-0.20444705554919973,-0.20444705554919973,-0.3164790141938062,-0.3164790141938062,0.0,-0.3164790141938062,-0.3164790141938062,-0.3164790141938062,-0.3164790141938062
primary_development_2022_2023_partial,current_contract,flow_quality,s0_distance_only,protect_3pct_target6pct_3d,5,1,1,0.2,0,0.0,1,0,-0.25559935067157885,-0.20667578432952283,0.2264280463352172,-0.5014326792076867,-0.4904862054791864,-0.18990884204262615,0.11050675770112806,-0.38022690981347074,-0.3658222176741833,0.12780401640351377,-0.532197113498619,-0.5101381956207529,-0.2999582892333459,-0.19301873304045258
primary_development_2022_2023_partial,current_contract,trend_structure,s2_first_touch_reclaim,next_open_5d,5,2,0,0.0,0,0.0,0,0,-0.21201705450379857,-0.20722068645439373,0.07621595208995326,-0.30048911455066973,-0.2793662197696103,-0.1877583203330926,-0.08525093141122653,-0.3290247113322562,-0.3085151366659519,0.036425030787912385,-0.39801988106923936,-0.3333336401664052,-0.3071407904154563,-0.29811410834422825
primary_development_2022_2023_partial,current_contract,flow_quality,s2_reclaim_positive_slope,fast_failure_2pct_target4pct_2d,5,1,0,0.0,0,0.0,0,0,-0.2547828486246152,-0.2074318516090793,0.16857994636012383,-0.557432303378793,-0.2618032205798849,-0.20669663151364015,-0.04055023604167873,-0.3649756482552408,-0.2848969459325804,0.1318848935188121,-0.5818887558673518,-0.4534064021809625,-0.2648337983046348,-0.23985233899067449
primary_development_2022_2023_partial,current_contract,sector_leader,s1_touch_immediate,next_open_5d,5,0,0,0.0,0,,0,0,-0.20751656071311841,-0.20751656071311841,0.0,-0.20751656071311841,-0.20751656071311841,-0.20751656071311841,-0.20751656071311841,-0.4194945076908043,-0.4194945076908043,0.0,-0.4194945076908043,-0.4194945076908043,-0.4194945076908043,-0.4194945076908043
primary_development_2022_2023_partial,current_contract,flow_quality,s4_reclaim_amount_acceleration,fast_failure_2pct_target4pct_2d,5,0,0,0.0,0,,0,0,-0.22655065113747738,-0.20846358246694607,0.09394539994126311,-0.40503347227990916,-0.21956871336175454,-0.15786822600461425,-0.1418192615741628,-0.3188552896341614,-0.29796529214292233,0.06487585017357893,-0.42610699782583117,-0.35572353801226164,-0.26598615561693484,-0.24849446457285695
primary_development_2022_2023_partial,current_contract,flow_quality,s2_first_touch_reclaim,momentum_trail_4pct_5d,5,1,0,0.0,0,0.0,0,0,-0.21793467272117173,-0.21054060065224356,0.14385381152487114,-0.4035692578092126,-0.3446853158938703,-0.12191561959934072,-0.008962569651191576,-0.32909678451204966,-0.29547861137858644,0.08371185593760117,-0.4305520337279395,-0.42353880371942054,-0.2756021060863717,-0.22031236764793016
primary_development_2022_2023_partial,current_contract,sector_leader,s2_reclaim_acceleration,next_open_2d,5,0,0,0.0,0,,0,0,-0.21060147399596096,-0.21060147399596096,0.0,-0.21060147399596096,-0.21060147399596096,-0.21060147399596096,-0.21060147399596096,-0.4362630846811594,-0.4362630846811594,0.0,-0.4362630846811594,-0.4362630846811594,-0.4362630846811594,-0.4362630846811594
primary_development_2022_2023_partial,current_contract,random_hash,s2_reclaim_breakout_recent,next_open_5d,5,1,1,0.2,0,0.0,1,0,-0.14497001589090885,-0.21083280051553943,0.14171920123617815,-0.30951529677531786,-0.247181178361362,-0.01893264414606366,0.06161184034373868,-0.3406996846987632,-0.36725236929427274,0.05186032421905437,-0.4033402673739589,-0.37311254076632794,-0.29357069755539866,-0.26622254850385796
primary_development_2022_2023_partial,current_contract,trend_structure,s1_touch_immediate,next_open_5d,5,3,1,0.2,1,0.3333333333333333,0,0,-0.186218109778745,-0.2117701088376588,0.13727617355544397,-0.3226057840654053,-0.3212144181687594,-0.11731061436353152,0.04181037654163,-0.3154119265175506,-0.33216513821602744,0.043714521607988624,-0.3713932218171371,-0.3451361473666492,-0.2661569878682797,-0.26220813731965975
primary_development_2022_2023_partial,current_contract,sector_leader,s4_auction_confirmed_reclaim,next_open_3d,5,0,0,0.0,0,,0,0,-0.2123683773847886,-0.21199574892935302,0.00045637478972926284,-0.2129273200679419,-0.2129273200679419,-0.21199574892935302,-0.21199574892935302,-0.3889740102114689,-0.38926080430113863,0.0003512495904684603,-0.38926080430113863,-0.38926080430113863,-0.3885438190769642,-0.3885438190769642
primary_development_2022_2023_partial,current_contract,sector_leader,s4_reclaim_volume_normal,next_open_3d,5,0,0,0.0,0,,0,0,-0.21386711562376,-0.21386711562376004,2.7755575615628914e-17,-0.21386711562376004,-0.21386711562376004,-0.21386711562376004,-0.21386711562376004,-0.4497985116869973,-0.44979851168699736,5.551115123125783e-17,-0.44979851168699736,-0.44979851168699736,-0.44979851168699736,-0.44979851168699736
primary_development_2022_2023_partial,current_contract,sector_leader,fu_r3_core_pullback,next_open_2d,5,0,0,0.0,0,,0,0,-0.21422921623132218,-0.21422921623132218,0.0,-0.21422921623132218,-0.21422921623132218,-0.21422921623132218,-0.21422921623132218,-0.35313550053667875,-0.35313550053667875,0.0,-0.35313550053667875,-0.35313550053667875,-0.35313550053667875,-0.35313550053667875
primary_development_2022_2023_partial,current_contract,sector_leader,s2_reclaim_daily_trend,next_open_1d,5,0,0,0.0,0,,0,0,-0.21548974076280336,-0.21548974076280336,0.0,-0.21548974076280336,-0.21548974076280336,-0.21548974076280336,-0.21548974076280336,-0.3736715843367102,-0.3736715843367102,0.0,-0.3736715843367102,-0.3736715843367102,-0.3736715843367102,-0.3736715843367102
primary_development_2022_2023_partial,current_contract,flow_quality,s4_auction_confirmed_reclaim,next_open_3d,5,1,0,0.0,0,0.0,0,0,-0.19086949316425167,-0.21714129519777559,0.1072446796334797,-0.31161977184765177,-0.2945035832146753,-0.07194400771251386,-0.059138807848641894,-0.30719402220682335,-0.3195811477570776,0.0766998576304596,-0.4247380879549024,-0.34180839075298,-0.2437430034742215,-0.20609948109493537
primary_development_2022_2023_partial,current_contract,trend_structure,s2_first_touch_reclaim,next_open_2d,5,0,1,0.2,0,,0,0,-0.1557157932318482,-0.21766384509955616,0.1547123104448145,-0.31970914610319345,-0.28390905618103135,-0.04868030930184497,0.091383390526385,-0.3081607546299595,-0.30090069096083394,0.03752395108487394,-0.35519007515788026,-0.34276719565763447,-0.291125957969824,-0.25081985340362467
primary_development_2022_2023_partial,current_contract,flow_quality,s4_reclaim_volume_proxy,next_open_3d,5,0,0,0.0,0,,0,0,-0.23699213900869892,-0.2189899363245611,0.07551426887589711,-0.3598962211555814,-0.2707156504681747,-0.2018609925187177,-0.13349789457645966,-0.3668135722075774,-0.36019501574052026,0.021779834336478416,-0.4066147658329271,-0.3715949835368215,-0.3482612175057642,-0.34740187842185366
primary_development_2022_2023_partial,current_contract,sector_leader,ng_r3_volume_quality,next_open_3d,5,0,0,0.0,0,,0,0,-0.22072190933175095,-0.22072190933175095,0.0,-0.22072190933175095,-0.22072190933175095,-0.22072190933175095,-0.22072190933175095,-0.4496743861283852,-0.4496743861283852,0.0,-0.4496743861283852,-0.4496743861283852,-0.4496743861283852,-0.4496743861283852
primary_development_2022_2023_partial,current_contract,flow_quality,ht_r3_core_pullback,next_open_3d,5,1,1,0.2,0,0.0,1,0,-0.11910417187990181,-0.22089297024957955,0.23296462921019082,-0.30887872366333435,-0.2251579333902881,-0.1798049301996404,0.33921369810333335,-0.32522809213355475,-0.3198088413728396,0.04231149714844631,-0.38931511694045795,-0.34992054442060216,-0.3026610381176138,-0.2644349198162603
primary_development_2022_2023_partial,current_contract,trend_structure,s1_near_reversal,next_open_5d,5,4,0,0.0,0,0.0,0,0,-0.19929286492953363,-0.22162868646921907,0.07236027455210951,-0.2786995274474172,-0.2681634011432319,-0.12023885784457233,-0.10773385174322758,-0.2914853748787595,-0.29365596845579367,0.05289115205048904,-0.37395558533820794,-0.30190894630501974,-0.27968870277329094,-0.20821767152148485
primary_development_2022_2023_partial,current_contract,flow_quality,s1_near_reversal,next_open_3d,5,3,0,0.0,0,0.0,0,0,-0.1996520544532689,-0.22236156386051387,0.05754888489087603,-0.2682512512154901,-0.23404341780877613,-0.17037864499943045,-0.10322539438213396,-0.2964025082736216,-0.28021394683258993,0.033438286912091546,-0.36006380340120103,-0.2981935245082533,-0.2772065726028401,-0.2663346940232235
primary_development_2022_2023_partial,current_contract,sector_leader,s1_near_reversal,protect_3pct_target6pct_3d,5,0,0,0.0,0,,0,0,-0.22301832404735733,-0.22301832404735733,0.0,-0.22301832404735733,-0.22301832404735733,-0.22301832404735733,-0.22301832404735733,-0.36000197520249166,-0.36000197520249166,0.0,-0.36000197520249166,-0.36000197520249166,-0.36000197520249166,-0.36000197520249166
primary_development_2022_2023_partial,current_contract,flow_quality,s4_reclaim_amount_acceleration,momentum_trail_4pct_5d,5,4,1,0.2,1,0.25,0,0,-0.15026050110287265,-0.22351785161699966,0.15498157429169718,-0.3032832324838469,-0.2413653610954456,-0.11933177686214635,0.13619571654407525,-0.28904444338037977,-0.2901374124012702,0.057026190250166676,-0.3449037974628836,-0.3362915879998746,-0.28927736013441485,-0.18461205890345567
primary_development_2022_2023_partial,current_contract,trend_structure,s4_reclaim_volume_proxy,next_open_5d,5,1,0,0.0,0,0.0,0,0,-0.23675628181597794,-0.2237591530130596,0.08539277488390472,-0.34045723383084214,-0.30636732517634857,-0.21921151348743073,-0.09398618357220867,-0.35524397412249603,-0.3352504634767638,0.045311122941908324,-0.42730651715409695,-0.3859375495842171,-0.32622831882038617,-0.30149702157701597
primary_development_2022_2023_partial,current_contract,random_hash,s1_near_reversal,next_open_3d,5,3,0,0.0,0,0.0,0,0,-0.1820284259343381,-0.22521051470300701,0.08733902790572375,-0.27689620990945263,-0.2391447897138732,-0.13428871646499363,-0.034601898880364024,-0.286246433371653,-0.28388413167044524,0.04838669109299337,-0.37364243326479796,-0.28961262267226995,-0.25053521223946773,-0.23355776701128406
primary_development_2022_2023_partial,current_contract,random_hash,s1_near_reversal,next_open_2d,5,2,0,0.0,0,0.0,0,0,-0.2637577167569665,-0.225345013167228,0.08952506059851627,-0.4410129450577768,-0.23530579970666454,-0.2203134959639086,-0.19681132988925465,-0.3442380692717129,-0.30684602802560457,0.08074369285934811,-0.4999893803789759,-0.3436987790602144,-0.2854265334633006,-0.2852296254304689
primary_development_2022_2023_partial,current_contract,sector_leader,s4_reclaim_volume_proxy,next_open_2d,5,0,0,0.0,0,,0,0,-0.22538506060396787,-0.2253850606039679,2.7755575615628914e-17,-0.2253850606039679,-0.2253850606039679,-0.2253850606039679,-0.2253850606039679,-0.3540727048215866,-0.3540727048215866,0.0,-0.3540727048215866,-0.3540727048215866,-0.3540727048215866,-0.3540727048215866
primary_development_2022_2023_partial,current_contract,sector_leader,fu_r3_core_pullback,next_open_1d,5,0,0,0.0,0,,0,0,-0.2262366171445099,-0.22623661714450993,2.7755575615628914e-17,-0.22623661714450993,-0.22623661714450993,-0.22623661714450993,-0.22623661714450993,-0.3237874786896734,-0.3237874786896734,0.0,-0.3237874786896734,-0.3237874786896734,-0.3237874786896734,-0.3237874786896734
primary_development_2022_2023_partial,current_contract,trend_structure,s1_touch_reclaim,next_open_2d,5,0,0,0.0,0,,0,0,-0.2876615450359019,-0.22747523127451919,0.13884553161863436,-0.5218220855036213,-0.36433803444940893,-0.18029005009110155,-0.1443823238608587,-0.3478615382508787,-0.2922901781391979,0.11102809667042952,-0.5444465054650024,-0.38926874281027524,-0.2844821672457174,-0.22882009759420052
primary_development_2022_2023_partial,current_contract,trend_structure,s2_reclaim_breakout_recent,next_open_5d,5,2,0,0.0,0,0.0,0,0,-0.21101076129542937,-0.22845259988344735,0.08038946592725923,-0.3013521447516324,-0.2533470653211214,-0.2093888943698905,-0.06251310215105532,-0.3130728094756733,-0.2676118237779951,0.0765588555219806,-0.45030440416353246,-0.3424050080379669,-0.2628596144890778,-0.24218319690979406
primary_development_2022_2023_partial,current_contract,random_hash,ng_r3_volume_quality,momentum_trail_4pct_5d,5,3,0,0.0,0,0.0,0,0,-0.21907509036476974,-0.22849163691854002,0.06608524412151226,-0.32219101097953073,-0.23128686489716244,-0.19660937666761502,-0.11679656236100044,-0.314815488901765,-0.3274332095498187,0.03608994320063937,-0.35184749377620506,-0.34771957289158784,-0.2892165825198688,-0.2578605857713443
primary_development_2022_2023_partial,current_contract,sector_leader,s2_reclaim_positive_slope,next_open_1d,5,0,0,0.0,0,,0,0,-0.2285852623999131,-0.22858526239991306,2.7755575615628914e-17,-0.22858526239991306,-0.22858526239991306,-0.22858526239991306,-0.22858526239991306,-0.3761532140577939,-0.3761532140577939,0.0,-0.3761532140577939,-0.3761532140577939,-0.3761532140577939,-0.3761532140577939
primary_development_2022_2023_partial,current_contract,trend_structure,s1_touch_immediate,momentum_trail_4pct_5d,5,2,1,0.2,1,0.5,0,0,-0.31802042068852204,-0.2292885583274339,0.2313245641014892,-0.6180812913065601,-0.5389625455135578,-0.2189335866041524,0.015163878309093937,-0.43565304300892027,-0.3583872064496476,0.13124396726678741,-0.629066198090091,-0.553877116098745,-0.3440048745012787,-0.29292981990483924
primary_development_2022_2023_partial,current_contract,random_hash,s2_reclaim_acceleration,next_open_5d,5,4,1,0.2,1,0.25,1,1,-0.15769997105444994,-0.22945932289647264,0.186830682245039,-0.28489475119630314,-0.28136269212004317,-0.20359593269692322,0.21081284363749253,-0.2991418116764103,-0.29135578520818006,0.05715775923429901,-0.37871549519075687,-0.3424849638267198,-0.2683744801039608,-0.21477833405243385
primary_development_2022_2023_partial,current_contract,random_hash,s4_reclaim_amount_acceleration,fast_failure_2pct_target4pct_2d,5,0,0,0.0,0,,0,0,-0.204487988923659,-0.2297388612355037,0.10610221662566989,-0.35731416346700007,-0.24793497847034696,-0.14790560450601142,-0.03954633693943277,-0.3152989008718504,-0.30115083136317233,0.07014246814282082,-0.4207228542296394,-0.36744904116587385,-0.2554244284058622,-0.2317473491947043
primary_development_2022_2023_partial,current_contract,sector_leader,s4_reclaim_volume_proxy,next_open_5d,5,0,0,0.0,0,,0,0,-0.23191433668329142,-0.23191433668329142,0.0,-0.23191433668329142,-0.23191433668329142,-0.23191433668329142,-0.23191433668329142,-0.343252541879966,-0.343252541879966,0.0,-0.343252541879966,-0.343252541879966,-0.343252541879966,-0.343252541879966
primary_development_2022_2023_partial,current_contract,random_hash,s4_reclaim_vwap_support,next_open_5d,5,3,0,0.0,0,0.0,0,0,-0.2024307397206624,-0.23299014455385114,0.06114733992984943,-0.2550626887069274,-0.25021029007440176,-0.1823953279126722,-0.09149524735545944,-0.327049231443428,-0.33425656314865804,0.03453763002773688,-0.37162824914050696,-0.3423976927438497,-0.3202763061409667,-0.266687346043159
primary_development_2022_2023_partial,current_contract,trend_structure,s2_reclaim_daily_trend,next_open_2d,5,0,1,0.2,0,,0,0,-0.22965015575309314,-0.2349301509442311,0.15221153813545735,-0.3872635645523841,-0.35386814415876877,-0.21710078050920434,0.04491186139912262,-0.3384470691146532,-0.32919566747416396,0.06723175968580504,-0.4164049835354249,-0.40950392444756567,-0.2970394651672057,-0.24009130494890607
primary_development_2022_2023_partial,current_contract,trend_structure,ng_r1_auction_reclaim,protect_3pct_target6pct_3d,5,5,0,0.0,0,0.0,0,0,-0.23564231925043763,-0.23521993073202874,0.021889749360643723,-0.2688140685908986,-0.24970972702841787,-0.2130899128489937,-0.21137795705184925,-0.3033340801927917,-0.30808083728330193,0.013364055988401216,-0.31562319302500297,-0.3092919985991752,-0.30632135018478457,-0.27735302187169364
primary_development_2022_2023_partial,current_contract,random_hash,s0_distance_only,next_open_2d,5,1,0,0.0,0,0.0,0,0,-0.22441954603172526,-0.23561756636325037,0.11376697574801374,-0.38013009056558067,-0.2691388171012432,-0.2079098016499421,-0.02930145447860999,-0.31841198815723437,-0.2984947935917185,0.06226694651014275,-0.4402106699324809,-0.3058160860363419,-0.27596407765626374,-0.2715743135693667
primary_development_2022_2023_partial,current_contract,flow_quality,s0_distance_only,next_open_2d,5,1,0,0.0,0,0.0,0,0,-0.2411713011207585,-0.23567966414875086,0.13476450878400778,-0.45267589134511843,-0.2698820187978247,-0.21780709386959696,-0.0298118374425016,-0.3320677204946043,-0.2848837217248069,0.08525011704044798,-0.5013030144342253,-0.30961984699253253,-0.2840922070193469,-0.2804398123021101
primary_development_2022_2023_partial,current_contract,flow_quality,s2_reclaim_positive_slope,next_open_1d,5,1,0,0.0,0,0.0,0,0,-0.28017077978277455,-0.23665272816687855,0.0894423156390739,-0.45726983381279773,-0.25864380303547596,-0.22451814488399569,-0.22376938901472487,-0.3659503284989283,-0.36935098795249877,0.06540856099368714,-0.4720200982666314,-0.39108180067234644,-0.31345835970270064,-0.28384039590046417
primary_development_2022_2023_partial,current_contract,sector_leader,ht_r3_core_pullback,next_open_2d,5,0,0,0.0,0,,0,0,-0.2383289511247381,-0.23832895112473806,2.7755575615628914e-17,-0.23832895112473806,-0.23832895112473806,-0.23832895112473806,-0.23832895112473806,-0.4163573450259781,-0.4163573450259781,0.0,-0.4163573450259781,-0.4163573450259781,-0.4163573450259781,-0.4163573450259781
primary_development_2022_2023_partial,current_contract,trend_structure,ng_r1_auction_reclaim,next_open_3d,5,0,0,0.0,0,,0,0,-0.24122333359633058,-0.2390306376637351,0.013582804156090167,-0.26679035143949437,-0.24077416931925166,-0.23046763244228607,-0.22905387711688552,-0.3113500705726618,-0.3067071886549517,0.012803270325000664,-0.3352153062644656,-0.31304449564749914,-0.302747204377138,-0.29903615791925453
primary_development_2022_2023_partial,current_contract,flow_quality,s1_touch_reclaim,protect_3pct_target6pct_3d,5,0,0,0.0,0,,0,0,-0.26308298105296296,-0.24028255581590507,0.0817162007484789,-0.3713143712565755,-0.33896480649751404,-0.21695798097941432,-0.1478951907154058,-0.3319537478960417,-0.3202964686036883,0.04143187356596955,-0.3844667348142561,-0.37680754473026346,-0.29061096665081343,-0.28758702468118724
primary_development_2022_2023_partial,current_contract,trend_structure,ng_r1_auction_reclaim,momentum_trail_4pct_5d,5,5,0,0.0,0,0.0,0,0,-0.2291365443172114,-0.24040593857634684,0.03266513692171854,-0.2707030709447672,-0.2522294180886432,-0.1968470355150268,-0.18549725846127285,-0.31342795706708415,-0.3187050947129737,0.03330843888444028,-0.35737876988086825,-0.3316921890549033,-0.3017789115734665,-0.25758482011320893
primary_development_2022_2023_partial,current_contract,flow_quality,s4_reclaim_vwap_support,next_open_5d,5,2,0,0.0,0,0.0,0,0,-0.2009699982717283,-0.24047401014554914,0.0978795220685808,-0.2757335373456843,-0.24984180093134,-0.23132925657857817,-0.007471386357490006,-0.3251232166688901,-0.33718935660968896,0.047473071393126995,-0.36643103045118364,-0.3612442358133676,-0.32569201989247787,-0.23505944057773231
primary_development_2022_2023_partial,current_contract,flow_quality,s1_near_reversal,next_open_2d,5,2,0,0.0,0,0.0,0,0,-0.27446426420193976,-0.2405616839578838,0.08311791603553693,-0.43991534325299986,-0.24352372118968602,-0.22493415244147041,-0.22338642016765875,-0.34149810939068836,-0.2890158163448786,0.08148356494614735,-0.4967065735935914,-0.3507323940549675,-0.2862087110426691,-0.28482705191733526
primary_development_2022_2023_partial,current_contract,flow_quality,s2_reclaim_acceleration,next_open_5d,5,4,1,0.2,1,0.25,1,1,-0.1288556277027217,-0.24120399530073444,0.189260098335362,-0.2894568633198493,-0.26955095383299243,-0.054953765165990154,0.21088743910595786,-0.2898335941311679,-0.3009179538561908,0.06901856609185841,-0.3782373841514288,-0.34620398808042663,-0.22857997925947893,-0.19522866530831418
primary_development_2022_2023_partial,current_contract,flow_quality,s0_strong_no_ma,next_open_5d,5,1,1,0.2,0,0.0,0,0,-0.14947526338453093,-0.24135361844668046,0.22603170701277767,-0.40280714787116656,-0.29003067998148047,-0.05674739788197669,0.24356252725864946,-0.3415739857459843,-0.3570861490479804,0.04941879897281461,-0.41560910304045773,-0.35836188828998117,-0.3050473586591893,-0.2717654296923131
primary_development_2022_2023_partial,current_contract,flow_quality,s4_reclaim_amount_acceleration,protect_3pct_target6pct_3d,5,1,1,0.2,0,0.0,0,0,-0.1691996784861733,-0.24262607815970882,0.13713801990274713,-0.3230833720546239,-0.26827645148901635,-0.03668323202907364,0.02467074130155633,-0.3175654476055982,-0.3177087409498719,0.07455308069533328,-0.4309169098495864,-0.342960708539512,-0.2963495646596399,-0.19989131402938098
primary_development_2022_2023_partial,current_contract,trend_structure,fu_r3_core_pullback,next_open_3d,5,3,2,0.4,1,0.3333333333333333,0,0,-0.1567798035540746,-0.24267900152515287,0.14579074120922256,-0.301649509416416,-0.27921938769669175,0.0034045216037450476,0.0362443592641426,-0.34924559815268885,-0.31495719434256786,0.06251303475912716,-0.46818507846827084,-0.35592747942179437,-0.30447377986383584,-0.30268445866697535
primary_development_2022_2023_partial,current_contract,flow_quality,s1_touch_reclaim,momentum_trail_4pct_5d,5,5,0,0.0,0,0.0,0,0,-0.2180509653437185,-0.24370002343473696,0.09950215815510459,-0.3629534587499861,-0.24884994004400218,-0.1749482502548123,-0.059803154235055,-0.3033644383717258,-0.2772966353989492,0.05184948031297918,-0.4000076244805004,-0.313742309802884,-0.2672462708274518,-0.2585293513488435
primary_development_2022_2023_partial,current_contract,sector_leader,s1_break_reclaim_stable3,next_open_2d,5,0,0,0.0,0,,0,0,-0.2463938483068051,-0.2463938483068051,0.0,-0.2463938483068051,-0.2463938483068051,-0.2463938483068051,-0.2463938483068051,-0.43545530567791974,-0.4354553056779198,5.551115123125783e-17,-0.4354553056779198,-0.4354553056779198,-0.4354553056779198,-0.4354553056779198
primary_development_2022_2023_partial,current_contract,flow_quality,s4_reclaim_volume_normal,next_open_5d,5,1,1,0.2,0,0.0,0,0,-0.22406958875411012,-0.24703926849974478,0.1753016283891006,-0.4826408371269939,-0.2492252574613798,-0.20965004723886682,0.06820746655643473,-0.3465411185951971,-0.2924496365915401,0.08689825434839267,-0.5049950684033842,-0.3752381933886112,-0.28486146940481394,-0.2751612251876361
primary_development_2022_2023_partial,current_contract,sector_leader,s4_reclaim_volume_proxy,next_open_1d,5,0,0,0.0,0,,0,0,-0.24721594598439345,-0.24721594598439345,0.0,-0.24721594598439345,-0.24721594598439345,-0.24721594598439345,-0.24721594598439345,-0.34962518530434716,-0.34962518530434716,0.0,-0.34962518530434716,-0.34962518530434716,-0.34962518530434716,-0.34962518530434716
primary_development_2022_2023_partial,current_contract,sector_leader,s4_reclaim_amount_acceleration,next_open_3d,5,0,0,0.0,0,,0,0,-0.24818212374244294,-0.24818212374244297,2.7755575615628914e-17,-0.24818212374244297,-0.24818212374244297,-0.24818212374244297,-0.24818212374244297,-0.38209231177810044,-0.38209231177810044,0.0,-0.38209231177810044,-0.38209231177810044,-0.38209231177810044,-0.38209231177810044
primary_development_2022_2023_partial,current_contract,trend_structure,cs_r3_leader_confirmation,next_open_2d,5,0,0,0.0,0,,0,0,-0.2245793928746222,-0.25207764821426215,0.06334272726442211,-0.2688621187957553,-0.26596902441265924,-0.2359186631218957,-0.10006950982853857,-0.32571346633149856,-0.356076742602386,0.05475110624968682,-0.37451461026876554,-0.370231000179322,-0.2959233417328121,-0.23182163687420754
primary_development_2022_2023_partial,current_contract,trend_structure,ng_r1_auction_reclaim,fast_failure_2pct_target4pct_2d,5,0,0,0.0,0,,0,0,-0.2510921789283383,-0.25362354741465476,0.020575420136445248,-0.2814663279523185,-0.263565720328544,-0.22952605606636445,-0.22727924287980972,-0.29779286012696937,-0.2968837445969288,0.00894570162159788,-0.3129269998150792,-0.3008092146580579,-0.29167499400411656,-0.2866693475606644
primary_development_2022_2023_partial,current_contract,flow_quality,s2_reclaim_acceleration,next_open_2d,5,1,0,0.0,0,0.0,0,0,-0.24270993615588346,-0.2595332360777083,0.11640523858791502,-0.42039433120065495,-0.29715771158503523,-0.14939433199628727,-0.08707006991973165,-0.33860120986498093,-0.3456439119434578,0.06577394079177044,-0.43082775650482286,-0.3854077981183347,-0.2759505215516491,-0.25517606120664016
primary_development_2022_2023_partial,current_contract,flow_quality,s4_reclaim_volume_normal,protect_3pct_target6pct_3d,5,1,0,0.0,0,0.0,0,0,-0.3271628008696445,-0.25997924271470985,0.12048181272243039,-0.5149366512293483,-0.4221929714372563,-0.2356292601475718,-0.2030758788193362,-0.3937614684098544,-0.40589738090488414,0.09522130692612486,-0.5324161508149553,-0.4541563194832048,-0.2909883914087622,-0.28534909943746567
primary_development_2022_2023_partial,current_contract,flow_quality,s2_reclaim_positive_slope,next_open_2d,5,2,0,0.0,0,0.0,0,0,-0.24719717881102543,-0.26026612069747035,0.11148187343598565,-0.41231143586956365,-0.2864035952482691,-0.20757211800700626,-0.06943262423281793,-0.3305397432553049,-0.3331874464969854,0.07236225925687945,-0.4348656103214239,-0.35922950130000164,-0.3140170178994207,-0.21139914025869244
primary_development_2022_2023_partial,current_contract,random_hash,ht_r3_core_pullback,next_open_3d,5,3,0,0.0,0,0.0,0,0,-0.2507962161704179,-0.2604275328174378,0.13078894009002734,-0.45554224718063274,-0.29202712090568295,-0.19062070050148283,-0.05536347944685349,-0.3734718549894776,-0.3675441112060699,0.08715628990478462,-0.5093268277283041,-0.42203556365366934,-0.30873599021789566,-0.2597167821414491
primary_development_2022_2023_partial,current_contract,trend_structure,fu_r3_core_pullback,fast_failure_2pct_target4pct_2d,5,0,0,0.0,0,,0,0,-0.2173117897229456,-0.260771008408173,0.09302848516824205,-0.3205493371359964,-0.2661555045720495,-0.18744240364030584,-0.05164069485820322,-0.3548970133945774,-0.37682103691857194,0.06068332512428132,-0.42571716958977635,-0.3866316679668711,-0.33827335019194293,-0.24704184230572468
primary_development_2022_2023_partial,current_contract,random_hash,s4_reclaim_vwap_support,momentum_trail_4pct_5d,5,2,0,0.0,0,0.0,0,0,-0.2534920780587121,-0.26088780060943983,0.05117766390492539,-0.3075264681790848,-0.29480387792660423,-0.24172376868112022,-0.1625184748973112,-0.3441974857986355,-0.3646670224995854,0.03940298605475886,-0.38462564752891104,-0.3654927524467241,-0.33374580885991934,-0.27245619765803775
primary_development_2022_2023_partial,current_contract,sector_leader,s0_strong_no_ma,protect_3pct_target6pct_3d,5,0,0,0.0,0,,0,0,-0.26101207161812123,-0.26101207161812123,0.0,-0.26101207161812123,-0.26101207161812123,-0.26101207161812123,-0.26101207161812123,-0.508606265420819,-0.508606265420819,0.0,-0.508606265420819,-0.508606265420819,-0.508606265420819,-0.508606265420819
primary_development_2022_2023_partial,current_contract,flow_quality,s2_reclaim_daily_trend,next_open_3d,5,2,1,0.2,0,0.0,1,0,-0.21673106906388356,-0.2619074583522043,0.18151200084666871,-0.4535365792931568,-0.32801239906904156,-0.11203355618445276,0.07183464757943758,-0.35492355542227,-0.3508159382602577,0.11752809869523088,-0.5538878875028068,-0.39580207937139256,-0.23846781652935756,-0.23564405544753553
primary_development_2022_2023_partial,current_contract,random_hash,s2_reclaim_acceleration,momentum_trail_4pct_5d,5,3,0,0.0,0,0.0,0,0,-0.24462198734349366,-0.26216091929057006,0.12343619512138655,-0.43062839645506235,-0.2944439229762569,-0.1758035338959435,-0.06007316409963548,-0.3511308877394964,-0.3069739065392436,0.08091539506202686,-0.48191929717827986,-0.4046640422560521,-0.30332195484272484,-0.25877523788118173
primary_development_2022_2023_partial,current_contract,random_hash,s2_reclaim_positive_slope,next_open_1d,5,1,0,0.0,0,0.0,0,0,-0.28698504177023254,-0.26254677138653304,0.09835024778732086,-0.4633502985889175,-0.3124662903494718,-0.21002375979124976,-0.18653808873499078,-0.3744343339641305,-0.3756751150500648,0.06867515295923927,-0.47790723832189175,-0.3982619423469522,-0.35513042289748575,-0.265196951204258
primary_development_2022_2023_partial,current_contract,trend_structure,s4_reclaim_amount_acceleration,next_open_2d,5,0,0,0.0,0,,0,0,-0.24645544549282317,-0.2633275057537957,0.03463598783218928,-0.2779064022702439,-0.26879008541841265,-0.24053189529099006,-0.18172133873067364,-0.3397120113661775,-0.3575655347424992,0.05441511410611609,-0.404183771386444,-0.36456797408194364,-0.33066315768001053,-0.24157961893999003
primary_development_2022_2023_partial,current_contract,random_hash,s4_reclaim_volume_normal,next_open_3d,5,2,0,0.0,0,0.0,0,0,-0.28271786550937045,-0.26358194086389175,0.12266106264367517,-0.5083433788630669,-0.2797352929826735,-0.22120846878780076,-0.14072024604941935,-0.3796752042277685,-0.3592663258219031,0.08124153578698998,-0.5359568772917238,-0.3668510932061483,-0.33273689915466464,-0.3035648256644028
primary_development_2022_2023_partial,current_contract,sector_leader,s2_reclaim_positive_slope,momentum_trail_4pct_5d,5,0,0,0.0,0,,0,0,-0.264825953957849,-0.264825953957849,0.0,-0.264825953957849,-0.264825953957849,-0.264825953957849,-0.264825953957849,-0.3407813971629532,-0.3407813971629532,0.0,-0.3407813971629532,-0.3407813971629532,-0.3407813971629532,-0.3407813971629532
primary_development_2022_2023_partial,current_contract,trend_structure,ng_r3_volume_quality,next_open_3d,5,1,0,0.0,0,0.0,0,0,-0.3072098907142425,-0.2661995530700165,0.16375540978199246,-0.5628574679613358,-0.3863532437686126,-0.25419304903237616,-0.06644613973887115,-0.40980696983136455,-0.41317885270534827,0.1120693245325097,-0.5811311799032273,-0.4759275884702767,-0.29514458900240403,-0.2836526390755666
primary_development_2022_2023_partial,current_contract,sector_leader,s4_auction_confirmed_reclaim,protect_3pct_target6pct_3d,5,0,0,0.0,0,,0,0,-0.26673884549196325,-0.26673884549196325,0.0,-0.26673884549196325,-0.26673884549196325,-0.26673884549196325,-0.26673884549196325,-0.46131989074305524,-0.46131989074305524,0.0,-0.46131989074305524,-0.46131989074305524,-0.46131989074305524,-0.46131989074305524
primary_development_2022_2023_partial,current_contract,random_hash,ng_r1_auction_reclaim,next_open_2d,5,1,1,0.2,0,0.0,0,0,-0.18047072718177706,-0.2679367421257146,0.14196380115553803,-0.3262048090503842,-0.2807920090687298,-0.06937539141995808,0.04195531575590139,-0.3208077960809222,-0.3488354376505711,0.05832506160951747,-0.3677776536353339,-0.359890974729429,-0.31846047537034494,-0.20907443901893197
primary_development_2022_2023_partial,current_contract,sector_leader,s2_reclaim_bull_stack,next_open_1d,5,0,0,0.0,0,,0,0,-0.2698377635306346,-0.2698377635306346,0.0,-0.2698377635306346,-0.2698377635306346,-0.2698377635306346,-0.2698377635306346,-0.39499787500609085,-0.39499787500609085,0.0,-0.39499787500609085,-0.39499787500609085,-0.39499787500609085,-0.39499787500609085
primary_development_2022_2023_partial,current_contract,random_hash,s4_reclaim_amount_acceleration,protect_3pct_target6pct_3d,5,1,1,0.2,1,1.0,0,0,-0.22628312740031573,-0.27030806158960274,0.1289133056386785,-0.35324193768275125,-0.29446560231011887,-0.23277019138933774,0.01937015597023195,-0.3479135626069615,-0.3485080453325533,0.1092345069629103,-0.4724094302256633,-0.45508134138116507,-0.285190775839267,-0.1783782202561589
primary_development_2022_2023_partial,current_contract,flow_quality,s2_reclaim_positive_slope,momentum_trail_4pct_5d,5,3,0,0.0,0,0.0,0,0,-0.2303195713129345,-0.27330383427944993,0.09115702481306286,-0.3189049018151132,-0.2881770110892671,-0.20828419590706837,-0.06292791347377391,-0.3169321320892319,-0.3328327605197785,0.04373470563949713,-0.3618794968700051,-0.33725003206739923,-0.31867978101060823,-0.23401858997836855
primary_development_2022_2023_partial,current_contract,sector_leader,s4_reclaim_volume_normal,next_open_2d,5,0,0,0.0,0,,0,0,-0.27371075910734677,-0.27371075910734677,0.0,-0.27371075910734677,-0.27371075910734677,-0.27371075910734677,-0.27371075910734677,-0.42858273732898866,-0.42858273732898866,0.0,-0.42858273732898866,-0.42858273732898866,-0.42858273732898866,-0.42858273732898866
primary_development_2022_2023_partial,current_contract,trend_structure,fu_r3_core_pullback,next_open_2d,5,0,0,0.0,0,,0,0,-0.2778178897260144,-0.27439479139444056,0.10873896063932223,-0.413607631035082,-0.34894742616715024,-0.2623990473327418,-0.08974055270065728,-0.372166693334919,-0.3612867197419686,0.05529597759161071,-0.46386131326608715,-0.3992316266098189,-0.3284844879766745,-0.30796931908004577
primary_development_2022_2023_partial,current_contract,trend_structure,s4_auction_confirmed_reclaim,next_open_5d,5,4,0,0.0,0,0.0,0,0,-0.2821370365636135,-0.27537939672964595,0.09859199244534486,-0.3929869359786514,-0.38554881590366674,-0.2233604536473457,-0.13340958055875785,-0.3388543778851524,-0.3554250654078527,0.08108067326156145,-0.43508263134396186,-0.4139870271999291,-0.24887964308043675,-0.24089752239358175
primary_development_2022_2023_partial,current_contract,random_hash,s2_reclaim_acceleration,next_open_2d,5,1,0,0.0,0,0.0,0,0,-0.26475016442219,-0.2753889802833557,0.0974626201249274,-0.39868605696876025,-0.3161495581584316,-0.2283990682015823,-0.10512715849881993,-0.3479865278170255,-0.3604206724189657,0.04998064997092264,-0.4097346446292246,-0.38410186107134325,-0.31666829892807846,-0.26900716203751573
primary_development_2022_2023_partial,current_contract,trend_structure,s1_break_reclaim_stable3,next_open_5d,5,4,0,0.0,0,0.0,0,0,-0.2415065730234255,-0.27581892825127186,0.07299027676722931,-0.33936512629274307,-0.2758929657463405,-0.17861391079002986,-0.13784193403674228,-0.3064324776020014,-0.3178620642860197,0.032581128619562284,-0.34214436166857043,-0.32796818608714984,-0.295327606815013,-0.2488601691532537
primary_development_2022_2023_partial,current_contract,flow_quality,s2_reclaim_acceleration,momentum_trail_4pct_5d,5,3,0,0.0,0,0.0,0,0,-0.24558189037473493,-0.2773054620870482,0.1281372565603232,-0.40775607000215697,-0.3257421391991796,-0.18206946609506214,-0.035036314490227705,-0.3389191426036782,-0.30813745629151146,0.08690683859169251,-0.45208764398630363,-0.431401226423649,-0.2606189508005159,-0.2423504355164109
primary_development_2022_2023_partial,current_contract,sector_leader,s0_distance_only,protect_3pct_target6pct_3d,5,0,0,0.0,0,,0,0,-0.2792876305728329,-0.2792876305728329,0.0,-0.2792876305728329,-0.2792876305728329,-0.2792876305728329,-0.2792876305728329,-0.3554180373153367,-0.3554180373153367,0.0,-0.3554180373153367,-0.3554180373153367,-0.3554180373153367,-0.3554180373153367
primary_development_2022_2023_partial,current_contract,sector_leader,s4_auction_confirmed_reclaim,next_open_1d,5,0,0,0.0,0,,0,0,-0.27947040360842845,-0.2794659193105846,5.492120786052767e-06,-0.27947713005519426,-0.27947713005519426,-0.2794659193105846,-0.2794659193105846,-0.45275411264679966,-0.4527500141888815,5.019565315821143e-06,-0.4527602603336768,-0.4527602603336768,-0.4527500141888815,-0.4527500141888815
primary_development_2022_2023_partial,current_contract,sector_leader,s1_touch_reclaim,next_open_3d,5,0,0,0.0,0,,0,0,-0.2795879906072499,-0.2795879906072499,0.0,-0.2795879906072499,-0.2795879906072499,-0.2795879906072499,-0.2795879906072499,-0.3821754238381261,-0.3821754238381261,0.0,-0.3821754238381261,-0.3821754238381261,-0.3821754238381261,-0.3821754238381261
primary_development_2022_2023_partial,current_contract,sector_leader,s2_reclaim_daily_trend,fast_failure_2pct_target4pct_2d,5,0,0,0.0,0,,0,0,-0.2799217182553376,-0.2799217182553376,0.0,-0.2799217182553376,-0.2799217182553376,-0.2799217182553376,-0.2799217182553376,-0.38062090521005765,-0.38062090521005765,0.0,-0.38062090521005765,-0.38062090521005765,-0.38062090521005765,-0.38062090521005765
primary_development_2022_2023_partial,current_contract,trend_structure,s2_reclaim_bull_stack,next_open_5d,5,5,0,0.0,0,0.0,0,0,-0.2842025691101395,-0.2807630622842464,0.03193814631760524,-0.327010675863737,-0.31360498266438674,-0.2534662862255933,-0.24616783851273405,-0.36362199192685896,-0.3414354659016836,0.031058698883205317,-0.4025370964606154,-0.4005682626224155,-0.3391366883672027,-0.33443244628237756
primary_development_2022_2023_partial,current_contract,sector_leader,s1_touch_reclaim,protect_3pct_target6pct_3d,5,0,0,0.0,0,,0,0,-0.2807851928156796,-0.2807851928156796,0.0,-0.2807851928156796,-0.2807851928156796,-0.2807851928156796,-0.2807851928156796,-0.3790514509123557,-0.3790514509123557,0.0,-0.3790514509123557,-0.3790514509123557,-0.3790514509123557,-0.3790514509123557
primary_development_2022_2023_partial,current_contract,trend_structure,s4_reclaim_volume_proxy,next_open_3d,5,2,0,0.0,0,0.0,0,0,-0.21867416761402794,-0.2811939390331939,0.12193612472052767,-0.3677131126690556,-0.2892647456660864,-0.11903393652469041,-0.03616510417711327,-0.40007008120224896,-0.38831395498186183,0.04997688356444187,-0.4678850355322709,-0.44524387414817634,-0.36658089196739463,-0.33232664938154133
primary_development_2022_2023_partial,current_contract,sector_leader,s1_touch_reclaim,momentum_trail_4pct_5d,5,0,0,0.0,0,,0,0,-0.28140763145065983,-0.28140763145065983,0.0,-0.28140763145065983,-0.28140763145065983,-0.28140763145065983,-0.28140763145065983,-0.35116578368012397,-0.35116578368012397,0.0,-0.35116578368012397,-0.35116578368012397,-0.35116578368012397,-0.35116578368012397
primary_development_2022_2023_partial,current_contract,random_hash,s2_reclaim_positive_slope,fast_failure_2pct_target4pct_2d,5,1,1,0.2,0,0.0,0,0,-0.25062357122959683,-0.2815447402041924,0.25297845739408725,-0.6150925562308168,-0.33832773333847155,-0.18488122063147083,0.1667283942569675,-0.39324126066016846,-0.3839932676682444,0.14468688748391634,-0.6325388734644286,-0.44224266205000096,-0.30842740615523545,-0.19900409396293295
primary_development_2022_2023_partial,current_contract,sector_leader,s4_reclaim_vwap_support,next_open_5d,5,0,0,0.0,0,,0,0,-0.282125610689962,-0.282125610689962,0.0,-0.282125610689962,-0.282125610689962,-0.282125610689962,-0.282125610689962,-0.4231881017020006,-0.4231881017020006,0.0,-0.4231881017020006,-0.4231881017020006,-0.4231881017020006,-0.4231881017020006
primary_development_2022_2023_partial,current_contract,sector_leader,s0_strong_no_ma,next_open_3d,5,0,0,0.0,0,,0,0,-0.2825416498751362,-0.2825416498751362,0.0,-0.2825416498751362,-0.2825416498751362,-0.2825416498751362,-0.2825416498751362,-0.42867696693707485,-0.4286769669370749,5.551115123125783e-17,-0.4286769669370749,-0.4286769669370749,-0.4286769669370749,-0.4286769669370749
primary_development_2022_2023_partial,current_contract,trend_structure,s2_first_touch_reclaim,protect_3pct_target6pct_3d,5,0,0,0.0,0,,0,0,-0.2944125072196579,-0.28262331655568274,0.07243717165623757,-0.41239485715951774,-0.3167229295227636,-0.2715283311261786,-0.1887931017341471,-0.33877829924399105,-0.3253019896267295,0.06164558417150634,-0.43740595103890245,-0.3685308044641057,-0.3096566330401922,-0.2529961180500254
primary_development_2022_2023_partial,current_contract,random_hash,s1_touch_reclaim,fast_failure_2pct_target4pct_2d,5,1,1,0.2,0,0.0,0,0,-0.24174959053760414,-0.2830570896042296,0.14198349108801211,-0.3540125881990239,-0.3466237228235852,-0.25759945087607006,0.0325448988148882,-0.35779656625408496,-0.36825086934279727,0.04181423435052839,-0.41137903523086927,-0.38606554371733004,-0.3303849127951274,-0.2929024701843007
primary_development_2022_2023_partial,current_contract,flow_quality,s2_first_touch_reclaim,next_open_5d,5,2,1,0.2,0,0.0,0,0,-0.24770962567787708,-0.28349964692212537,0.15471805584875148,-0.420880550717188,-0.335530726729214,-0.23471976804757422,0.03608256402671617,-0.3756824235338166,-0.36968520425287543,0.05282713293368044,-0.43930119063005413,-0.43027857316222384,-0.3367937713843615,-0.302353378239568
primary_development_2022_2023_partial,current_contract,sector_leader,s2_reclaim_breakout_recent,momentum_trail_4pct_5d,5,0,0,0.0,0,,0,0,-0.28404366863401564,-0.28404366863401564,0.0,-0.28404366863401564,-0.28404366863401564,-0.28404366863401564,-0.28404366863401564,-0.3869350582412405,-0.3869350582412405,0.0,-0.3869350582412405,-0.3869350582412405,-0.3869350582412405,-0.3869350582412405
primary_development_2022_2023_partial,current_contract,flow_quality,ht_r3_core_pullback,next_open_2d,5,1,0,0.0,0,0.0,0,0,-0.3319709469371809,-0.28554189347530134,0.11579623242326414,-0.48980509345517553,-0.4485804012200225,-0.23181070683894767,-0.20411663969645744,-0.42511076058894737,-0.45851374121137434,0.0767975263092814,-0.49487236773046084,-0.46890456134303893,-0.4250841984417124,-0.27817893421815043
primary_development_2022_2023_partial,current_contract,trend_structure,ht_r3_core_pullback,next_open_5d,5,0,0,0.0,0,,0,0,-0.28526717854067135,-0.28579602648680447,0.06191220850044746,-0.36768613125826843,-0.33846270648208576,-0.22892533105228574,-0.2054656974239123,-0.3781032219779907,-0.37691177305416124,0.02669675433446739,-0.4194624063773301,-0.38345166750951576,-0.37518340935993466,-0.33550685358901167
primary_development_2022_2023_partial,current_contract,trend_structure,s2_reclaim_positive_slope,next_open_1d,5,0,1,0.2,0,,0,0,-0.2822461185541866,-0.28667283077752537,0.22677073858956476,-0.5121202723025784,-0.4773671271309635,-0.25987516139488476,0.12480479883501916,-0.4231872089977367,-0.3869158538597979,0.07172021196114685,-0.5337795811909051,-0.4813602175017072,-0.35930955320478797,-0.35457083923148536
primary_development_2022_2023_partial,current_contract,flow_quality,s4_reclaim_volume_normal,momentum_trail_4pct_5d,5,2,0,0.0,0,0.0,0,0,-0.26647684194010035,-0.2885232624607229,0.14622907773886323,-0.449258797369094,-0.3800622098687857,-0.17591447466367072,-0.038625465338228526,-0.36874959730350726,-0.36785669131063337,0.09020536585016345,-0.5062933127356044,-0.4244676321546612,-0.28146977145318963,-0.26366057886344774
primary_development_2022_2023_partial,current_contract,sector_leader,s4_reclaim_volume_proxy,protect_3pct_target6pct_3d,5,0,0,0.0,0,,0,0,-0.2901583864661783,-0.2901583864661783,0.0,-0.2901583864661783,-0.2901583864661783,-0.2901583864661783,-0.2901583864661783,-0.33579908730728547,-0.33579908730728547,0.0,-0.33579908730728547,-0.33579908730728547,-0.33579908730728547,-0.33579908730728547
primary_development_2022_2023_partial,current_contract,random_hash,s2_reclaim_daily_trend,next_open_2d,5,2,1,0.2,0,0.0,1,0,-0.2488414163224819,-0.2924984088436495,0.24048290770895414,-0.5291695532476043,-0.47459789378695605,-0.0314007567432959,0.0834595310090962,-0.36535347372065863,-0.33933398739347054,0.13484827751304942,-0.545828119955581,-0.4957308537639137,-0.23032398262440124,-0.21555042486592668
primary_development_2022_2023_partial,current_contract,random_hash,s2_reclaim_positive_slope,next_open_2d,5,1,0,0.0,0,0.0,0,0,-0.261514924342679,-0.2934756246123107,0.12186577236584491,-0.4053116887976602,-0.3497313444621367,-0.20000526132203988,-0.059050702519247156,-0.33312596537198635,-0.3320048516691868,0.0761746438774073,-0.4319164574241209,-0.3785800709101521,-0.320487148097201,-0.20264129875927073
primary_development_2022_2023_partial,current_contract,flow_quality,s4_reclaim_vwap_support,momentum_trail_4pct_5d,5,3,0,0.0,0,0.0,0,0,-0.32275525310976033,-0.2936731196727106,0.1065827862996107,-0.5026017244184273,-0.3746242358663384,-0.23537425321966465,-0.20750293237166073,-0.4136039999024471,-0.40322197819084027,0.059456668205730374,-0.5187156970754994,-0.4295770595501447,-0.3665150562773415,-0.34999020841841
primary_development_2022_2023_partial,current_contract,random_hash,s4_auction_confirmed_reclaim,protect_3pct_target6pct_3d,5,0,0,0.0,0,,0,0,-0.32240757595833547,-0.29412158879790473,0.11402937495480446,-0.45887653353971825,-0.45171073323267585,-0.2219740916383912,-0.1853549325829874,-0.39625782661716863,-0.39971828191286685,0.08838061432573115,-0.5057988071444937,-0.4782439066319457,-0.32438320992840264,-0.273144927468134
primary_development_2022_2023_partial,current_contract,random_hash,s4_auction_confirmed_reclaim,momentum_trail_4pct_5d,5,1,0,0.0,0,0.0,0,0,-0.2849259090764269,-0.2953503507781091,0.1792996589951469,-0.49783152631792293,-0.4668235776481551,-0.08982371410253298,-0.07480037653541449,-0.40333337491672755,-0.45908537741309374,0.10612174451683468,-0.5123774467597656,-0.49497813009346914,-0.27901918833605155,-0.27120673198125766
primary_development_2022_2023_partial,current_contract,flow_quality,s2_reclaim_daily_trend,fast_failure_2pct_target4pct_2d,5,0,0,0.0,0,,0,0,-0.3332798709986055,-0.2954976409609217,0.10942957268856865,-0.47358150610507277,-0.44796975936558947,-0.25644314916401423,-0.19290729939742945,-0.4092465667840829,-0.4274348600883211,0.062421611312736124,-0.4907780110722443,-0.4533130144082741,-0.3479603596180727,-0.3267465887335024
primary_development_2022_2023_partial,current_contract,flow_quality,s4_auction_confirmed_reclaim,protect_3pct_target6pct_3d,5,0,0,0.0,0,,0,0,-0.29195495689634965,-0.2960610907063417,0.09614290846999951,-0.42256810869120187,-0.35871463634491974,-0.2380497407198775,-0.14438120801940735,-0.3710895301780778,-0.3837448279209974,0.0371445836053757,-0.42291981898590625,-0.3917425885724456,-0.32930181010841686,-0.32773860530262255
primary_development_2022_2023_partial,current_contract,trend_structure,s2_reclaim_daily_trend,next_open_1d,5,0,0,0.0,0,,0,0,-0.34131500428539613,-0.29709835454684097,0.1232382962473821,-0.5383449591553393,-0.42507790817231306,-0.23202961257096422,-0.21402418698152326,-0.41276622729957024,-0.38250013778127456,0.08384322065552291,-0.5611949590630771,-0.44214836892873466,-0.35404810038623213,-0.32393957033853293
primary_development_2022_2023_partial,current_contract,random_hash,s2_first_touch_reclaim,next_open_5d,5,2,1,0.2,0,0.0,0,0,-0.24509483486437506,-0.2973424388238386,0.15316724170261486,-0.4269329832455653,-0.30000059045889005,-0.2361228933819136,0.034924731588332314,-0.3782223941083572,-0.3764216205799854,0.055871325213199256,-0.44629844913547057,-0.4338538234217215,-0.33218469916504056,-0.302353378239568
primary_development_2022_2023_partial,current_contract,trend_structure,s0_strong_no_ma,momentum_trail_4pct_5d,5,0,0,0.0,0,,0,0,-0.2856904929253745,-0.29760692645904574,0.17475842313276668,-0.5459309415014417,-0.359773755446268,-0.21107420519055187,-0.01406663602956526,-0.4137841371982495,-0.42224042035190446,0.10905175940331423,-0.5885665035107872,-0.4315037538688762,-0.377860986296075,-0.24874902196360493
primary_development_2022_2023_partial,current_contract,flow_quality,ng_r3_volume_quality,next_open_2d,5,0,0,0.0,0,,0,0,-0.24884000513619337,-0.3009906958003299,0.11221363103366896,-0.3299670866409803,-0.3088505996975469,-0.2774490238106335,-0.02694261973147627,-0.333669395125893,-0.3532470195063988,0.05488691710390137,-0.3824933703126795,-0.3712844062401479,-0.3319502430492437,-0.22937193652099497
primary_development_2022_2023_partial,current_contract,random_hash,s2_first_touch_reclaim,next_open_1d,5,0,0,0.0,0,,0,0,-0.35524492138113273,-0.30101506451476134,0.070356989262577,-0.46240116482675686,-0.4167228305509836,-0.299363198916481,-0.2967223480966804,-0.42801965918851953,-0.4432841578641422,0.05878771313398749,-0.5118496884959853,-0.46105821528115853,-0.3719124143583721,-0.3519938199429393
primary_development_2022_2023_partial,current_contract,random_hash,s4_reclaim_volume_proxy,momentum_trail_4pct_5d,5,2,0,0.0,0,0.0,0,0,-0.23642504875835776,-0.30227331181036776,0.11698101224217654,-0.3700232299882602,-0.3164185113278576,-0.11665545280683964,-0.07675473785846365,-0.3484412540893293,-0.3431054263446144,0.08955488906551234,-0.4921556983326776,-0.39107422735964315,-0.28261247290766534,-0.23325844550204622
primary_development_2022_2023_partial,current_contract,trend_structure,s4_reclaim_vwap_support,next_open_2d,5,0,0,0.0,0,,0,0,-0.3345910796600263,-0.30289424431077683,0.11474721027561326,-0.4843587000103696,-0.45371202718996273,-0.22231275732594735,-0.20967766946307498,-0.4027866109709143,-0.3991332815063413,0.07101451757095764,-0.4991901180246813,-0.46480597720086725,-0.3319255613951927,-0.318878116727489
primary_development_2022_2023_partial,current_contract,trend_structure,s2_reclaim_positive_slope,momentum_trail_4pct_5d,5,4,0,0.0,0,0.0,0,0,-0.32958208726249405,-0.3031304641864624,0.05972376483783467,-0.4016360619635426,-0.3979971162530067,-0.2921000334477757,-0.25304676046168295,-0.4028787421204261,-0.4128700652192251,0.029834696674841454,-0.42748861099681656,-0.41893213593001943,-0.41075098583399794,-0.3443519126220713
primary_development_2022_2023_partial,current_contract,trend_structure,cs_r3_leader_confirmation,momentum_trail_4pct_5d,5,0,0,0.0,0,,0,0,-0.35027200346275833,-0.30413726553245035,0.10868965718985134,-0.5124732014228645,-0.4337309558586824,-0.29386234443111026,-0.20715625006868443,-0.4494982059054632,-0.42034415741098863,0.08198408171160756,-0.5964480073815266,-0.4650050913219608,-0.41476463549717313,-0.35092913791566693
primary_development_2022_2023_partial,current_contract,random_hash,s0_strong_no_ma,next_open_3d,5,1,1,0.2,1,1.0,0,0,-0.23187143285103068,-0.3044896701435863,0.15544412739857516,-0.37486585821839924,-0.36691881473689836,-0.14421849100752826,0.031135669851258818,-0.38849286140040284,-0.40218282594713883,0.04926078164479817,-0.435592040027557,-0.41544448321798877,-0.39537562878423416,-0.29386932902509544
primary_development_2022_2023_partial,current_contract,random_hash,s4_reclaim_volume_proxy,next_open_2d,5,1,1,0.2,0,0.0,1,0,-0.2178118120855924,-0.3045952459574264,0.18809572117569964,-0.38892254235092083,-0.3662155577923729,-0.14794280258852455,0.1186170882612827,-0.3824082302366507,-0.42120251495110717,0.07848955595070294,-0.4584108498965159,-0.45438806114083563,-0.3102069667810802,-0.26783275841371457
primary_development_2022_2023_partial,current_contract,sector_leader,s2_reclaim_acceleration,momentum_trail_4pct_5d,5,0,0,0.0,0,,0,0,-0.30492179092134264,-0.30492179092134264,0.0,-0.30492179092134264,-0.30492179092134264,-0.30492179092134264,-0.30492179092134264,-0.328629082085504,-0.328629082085504,0.0,-0.328629082085504,-0.328629082085504,-0.328629082085504,-0.328629082085504
primary_development_2022_2023_partial,current_contract,flow_quality,s1_break_reclaim_stable3,momentum_trail_4pct_5d,5,3,0,0.0,0,0.0,0,0,-0.2863135694347303,-0.30554166956930606,0.15101390549974392,-0.4958398313842095,-0.39314812194236726,-0.15038949480209407,-0.08664872947567448,-0.35469043603240785,-0.34691102667326745,0.10904867579785302,-0.5066615728843433,-0.43958530442480725,-0.2779284160842317,-0.20236586009538948
primary_development_2022_2023_partial,current_contract,flow_quality,s2_first_touch_reclaim,next_open_1d,5,0,0,0.0,0,,0,0,-0.35149691836875185,-0.30968807819306554,0.06811794374979549,-0.455754936643059,-0.40906830353415446,-0.29721488337990043,-0.2857583900935795,-0.4248322823179899,-0.43481752199744017,0.05455569249808599,-0.5048119103137887,-0.4542073777555161,-0.3793267348145951,-0.3509978667086099
primary_development_2022_2023_partial,current_contract,random_hash,s4_reclaim_volume_normal,next_open_2d,5,0,0,0.0,0,,0,0,-0.2617304369834019,-0.31166846818105387,0.14111562114778364,-0.40521233770779974,-0.402059932515363,-0.11831337003783815,-0.071398076474955,-0.36064094962836135,-0.4011116380541079,0.09461889286712438,-0.45451546794897857,-0.4529763628283877,-0.25421050090415687,-0.24039077840617584
primary_development_2022_2023_partial,current_contract,trend_structure,s2_reclaim_acceleration,next_open_2d,5,0,0,0.0,0,,0,0,-0.37201327017966757,-0.3129686456730073,0.16187848034819124,-0.5907032287519821,-0.5234538776408274,-0.28123972599890146,-0.15170087283361955,-0.42246548520938304,-0.3740201654024955,0.1328552101130762,-0.6035168296368502,-0.5361102876437572,-0.36966474696658447,-0.2290153963972279
primary_development_2022_2023_partial,current_contract,flow_quality,s0_strong_no_ma,next_open_3d,5,1,1,0.2,1,1.0,0,0,-0.2688831124860481,-0.3132073356056517,0.17097937245158548,-0.4337571515031434,-0.41716521322879974,-0.2149186442276696,0.034632782135024076,-0.41045903910878384,-0.44195543364716294,0.07157122717034416,-0.47904496817413966,-0.4519116927630308,-0.40365151010291245,-0.27573159085667354
primary_development_2022_2023_partial,current_contract,flow_quality,s4_reclaim_volume_proxy,next_open_2d,5,1,1,0.2,0,0.0,1,0,-0.22443863285858495,-0.3139733318942024,0.1754061726924238,-0.3815361069347032,-0.3489439281609308,-0.17445653075772904,0.0967167334546406,-0.3890666970314644,-0.4295679311153079,0.06831709793082592,-0.4514403672882007,-0.44411064286343094,-0.34406523899401464,-0.276149304896368
primary_development_2022_2023_partial,current_contract,trend_structure,s4_auction_confirmed_reclaim,next_open_3d,5,0,0,0.0,0,,0,0,-0.273639125354214,-0.3164532023948117,0.07479975387599258,-0.34975445449863984,-0.3350797906265832,-0.19583937702749232,-0.17106880222354293,-0.3967055295658942,-0.4138413799328391,0.06399967779702884,-0.4747688678335421,-0.4296673400844544,-0.3815799574057753,-0.28367010257286007
primary_development_2022_2023_partial,current_contract,flow_quality,s1_touch_immediate,protect_3pct_target6pct_3d,5,0,0,0.0,0,,0,0,-0.3238496605432455,-0.3170820692487276,0.08499883142048813,-0.43532153572489607,-0.3830294999685325,-0.29987729413574604,-0.18393790363832518,-0.3755128867398552,-0.3590454668121468,0.051039813838840514,-0.45822278754593493,-0.4043418550934955,-0.3447522884604495,-0.3112020357872495
primary_development_2022_2023_partial,current_contract,sector_leader,s4_reclaim_volume_proxy,momentum_trail_4pct_5d,5,0,0,0.0,0,,0,0,-0.3178567593051531,-0.3178567593051531,0.0,-0.3178567593051531,-0.3178567593051531,-0.3178567593051531,-0.3178567593051531,-0.40719667704685925,-0.40719667704685925,0.0,-0.40719667704685925,-0.40719667704685925,-0.40719667704685925,-0.40719667704685925
primary_development_2022_2023_partial,current_contract,random_hash,s4_reclaim_vwap_support,next_open_2d,5,2,0,0.0,0,0.0,0,0,-0.3438960240484593,-0.3179100183631983,0.11282340320332365,-0.5315281492216452,-0.3746194294333811,-0.3121999039262826,-0.1832226192977896,-0.3923739435512183,-0.3825386258461356,0.09142061369927712,-0.5623859356879617,-0.3857094746563745,-0.33753151609138077,-0.29370416547423883
primary_development_2022_2023_partial,current_contract,random_hash,s1_touch_reclaim,protect_3pct_target6pct_3d,5,0,0,0.0,0,,0,0,-0.28618918890320255,-0.31852893956066375,0.08468837121254114,-0.3857918336455297,-0.3444378476842389,-0.23241454022744035,-0.14977278339814026,-0.3647196077956646,-0.3585297988078018,0.03599171780109787,-0.4198761436002567,-0.38680429517459813,-0.34306070328301497,-0.31532709811265147
primary_development_2022_2023_partial,current_contract,flow_quality,s2_reclaim_acceleration,protect_3pct_target6pct_3d,5,0,0,0.0,0,,0,0,-0.3286226681426129,-0.318565983779883,0.06835933073954793,-0.4327827639046755,-0.35938439239291864,-0.30904213245751655,-0.22333806817807056,-0.3843752781218635,-0.36666828841035914,0.04697272159399204,-0.4757019120666567,-0.3723661606165891,-0.36653041429445776,-0.34060961522125477
primary_development_2022_2023_partial,current_contract,sector_leader,s4_reclaim_amount_acceleration,next_open_2d,5,0,0,0.0,0,,0,0,-0.3187720465153794,-0.3187720465153794,0.0,-0.3187720465153794,-0.3187720465153794,-0.3187720465153794,-0.3187720465153794,-0.423928506088712,-0.423928506088712,0.0,-0.423928506088712,-0.423928506088712,-0.423928506088712,-0.423928506088712
primary_development_2022_2023_partial,current_contract,flow_quality,s2_first_touch_reclaim,next_open_2d,5,2,1,0.2,0,0.0,0,0,-0.2799092911419171,-0.31924822383898965,0.19295121276506258,-0.4343522238365227,-0.42595203340534316,-0.3120883242151494,0.09209434958641949,-0.38122389089173625,-0.38019453599954944,0.05378656703188519,-0.444993567875967,-0.4319960176328641,-0.35070691015081035,-0.29822842279949036
primary_development_2022_2023_partial,current_contract,random_hash,s2_reclaim_daily_trend,next_open_1d,5,0,0,0.0,0,,0,0,-0.3358185353185328,-0.3208838047910847,0.12724332331460111,-0.5375196419167725,-0.37901234982428944,-0.2974588805969888,-0.14421799946352842,-0.42095401272732846,-0.38405965139017895,0.07756151593754618,-0.5665536602121648,-0.4280375383208318,-0.3826145516203243,-0.34350466209314245
primary_development_2022_2023_partial,current_contract,flow_quality,s4_reclaim_volume_normal,next_open_2d,5,1,1,0.2,1,1.0,0,0,-0.268982802556427,-0.32100335634532473,0.16874462571331164,-0.4489508510801571,-0.39069132741574897,-0.21443573757412304,0.03016725963321898,-0.34877367710555107,-0.37795398808953085,0.0803429807753775,-0.4481357802130368,-0.40261524443439844,-0.2893604686605291,-0.22580290413026005
primary_development_2022_2023_partial,current_contract,trend_structure,s1_touch_reclaim,momentum_trail_4pct_5d,5,4,0,0.0,0,0.0,0,0,-0.2810408804115534,-0.32296171064715995,0.1326074465905248,-0.3867112159011604,-0.3741247302363876,-0.2974024289480962,-0.024004316324963026,-0.3614323496764186,-0.40663184848687417,0.07273006459207625,-0.4265801387639008,-0.4091957667136076,-0.3342433680454807,-0.23051062637222985
primary_development_2022_2023_partial,current_contract,random_hash,s1_touch_immediate,momentum_trail_4pct_5d,5,3,0,0.0,0,0.0,0,0,-0.29136972650560455,-0.3249758483201719,0.15485142794571038,-0.493235213810696,-0.32763417691424734,-0.29653435946247886,-0.01446903402042865,-0.37434199644800276,-0.34104906730414486,0.08211662160799738,-0.5264675721759531,-0.39029695639853934,-0.31490676137247364,-0.2989896249889028
primary_development_2022_2023_partial,current_contract,random_hash,s2_reclaim_acceleration,protect_3pct_target6pct_3d,5,0,0,0.0,0,,0,0,-0.32949052888976393,-0.3252229792427167,0.07164008268255455,-0.43691162581377807,-0.3777498680194552,-0.26627624905463354,-0.24129192231823648,-0.3778642202355276,-0.35402255023066476,0.05893745934999769,-0.48021447828933395,-0.4045424364705029,-0.3316056780624149,-0.3189359581247214
primary_development_2022_2023_partial,current_contract,sector_leader,s4_reclaim_vwap_support,protect_3pct_target6pct_3d,5,0,0,0.0,0,,0,0,-0.32547471765973557,-0.32547471765973557,0.0,-0.32547471765973557,-0.32547471765973557,-0.32547471765973557,-0.32547471765973557,-0.426741252606276,-0.42674125260627593,5.551115123125783e-17,-0.42674125260627593,-0.42674125260627593,-0.42674125260627593,-0.42674125260627593
primary_development_2022_2023_partial,current_contract,random_hash,ht_r3_core_pullback,next_open_5d,5,3,1,0.2,0,0.0,0,0,-0.2204006236808306,-0.32563743382708354,0.19598655301470996,-0.45817560037171834,-0.3430707966201677,-0.009515325326427848,0.034396037741244445,-0.3936403826505215,-0.44932588933351425,0.10697830148620918,-0.5065457256901761,-0.473332340133914,-0.3153264191807724,-0.22367153891423086
primary_development_2022_2023_partial,current_contract,random_hash,s1_touch_reclaim,momentum_trail_4pct_5d,5,5,1,0.2,1,0.2,0,0,-0.2584326583602162,-0.3258299329145462,0.1912420510993555,-0.4680607387749457,-0.37741532136969125,-0.20501986034045505,0.08416256159855728,-0.34348861319134494,-0.3354564856474629,0.08259897108760311,-0.47777459737292527,-0.381693760544073,-0.28398238365138617,-0.23853583874087736
primary_development_2022_2023_partial,current_contract,sector_leader,s2_reclaim_daily_trend,momentum_trail_4pct_5d,5,0,0,0.0,0,,0,0,-0.3266008800650789,-0.3266008800650789,0.0,-0.3266008800650789,-0.3266008800650789,-0.3266008800650789,-0.3266008800650789,-0.47346449018586423,-0.47346449018586423,0.0,-0.47346449018586423,-0.47346449018586423,-0.47346449018586423,-0.47346449018586423
primary_development_2022_2023_partial,current_contract,sector_leader,s4_auction_confirmed_reclaim,fast_failure_2pct_target4pct_2d,5,0,0,0.0,0,,0,0,-0.3270107123999606,-0.3270107123999606,0.0,-0.3270107123999606,-0.3270107123999606,-0.3270107123999606,-0.3270107123999606,-0.4977316872331471,-0.4977316872331471,0.0,-0.4977316872331471,-0.4977316872331471,-0.4977316872331471,-0.4977316872331471
primary_development_2022_2023_partial,current_contract,flow_quality,s4_reclaim_vwap_support,fast_failure_2pct_target4pct_2d,5,1,0,0.0,0,0.0,0,0,-0.4184029967039321,-0.3279066553128388,0.2222435665438299,-0.7625222865088862,-0.5805930395806596,-0.2721305381574741,-0.14886246395980196,-0.5033664539315916,-0.42231477496273395,0.16245306089309475,-0.7770508129174301,-0.5892704107605016,-0.4105290687264087,-0.31766720229088374
primary_development_2022_2023_partial,current_contract,flow_quality,s2_reclaim_daily_trend,next_open_1d,5,0,0,0.0,0,,0,0,-0.3303780779997926,-0.3285504805369256,0.11754892877598566,-0.5033700298772852,-0.38629353888403484,-0.28842740742918394,-0.1452489332715332,-0.4139921207639904,-0.3912816599542537,0.06624336242627396,-0.5379821588064784,-0.4171791261643073,-0.37885898027702136,-0.34465867861789135
primary_development_2022_2023_partial,current_contract,trend_structure,ng_r1_auction_reclaim,next_open_1d,5,0,0,0.0,0,,0,0,-0.34594443182847645,-0.3294210446720355,0.05952765013910485,-0.46145621329664643,-0.33619988665334055,-0.3048241646762244,-0.29782084984413526,-0.3970118202034218,-0.3809531687964225,0.04883648272114947,-0.49252737133320934,-0.3876298184605208,-0.36254085602239194,-0.3614078864045642
primary_development_2022_2023_partial,current_contract,flow_quality,s1_touch_immediate,next_open_1d,5,1,0,0.0,0,0.0,0,0,-0.35596757226687104,-0.32974998119072685,0.12418057704970979,-0.5027203726575089,-0.46806375986124094,-0.32699056337951304,-0.15231318424536522,-0.43325142209998047,-0.39880881365794874,0.07140922825547223,-0.5273542629700952,-0.5108941081252394,-0.3649993768027008,-0.3642005489439185
primary_development_2022_2023_partial,current_contract,trend_structure,s2_first_touch_reclaim,next_open_1d,5,0,0,0.0,0,,0,0,-0.33980780272613653,-0.3302538977759788,0.10397901190486547,-0.49039307374290697,-0.38202075710998995,-0.32793462252598027,-0.168436662475827,-0.4091418835094034,-0.40305510872033656,0.059393121753852696,-0.5093343424727774,-0.40956631989655023,-0.40120864816060287,-0.3225449982967501
primary_development_2022_2023_partial,current_contract,random_hash,s1_break_reclaim_stable3,momentum_trail_4pct_5d,5,3,0,0.0,0,0.0,0,0,-0.33767675229141814,-0.33044909853282156,0.05776636197641783,-0.42054725522698444,-0.38425428285445606,-0.2845235304073448,-0.26860959443548393,-0.38781655678369137,-0.37494770999540894,0.02525605505142326,-0.4211014127793995,-0.41540936947359164,-0.36482849355180424,-0.36279579811825247
primary_development_2022_2023_partial,current_contract,sector_leader,s1_touch_immediate,next_open_3d,5,0,0,0.0,0,,0,0,-0.3308816555603451,-0.3308816555603451,0.0,-0.3308816555603451,-0.3308816555603451,-0.3308816555603451,-0.3308816555603451,-0.42102080138982023,-0.42102080138982023,0.0,-0.42102080138982023,-0.42102080138982023,-0.42102080138982023,-0.42102080138982023
primary_development_2022_2023_partial,current_contract,flow_quality,s2_reclaim_daily_trend,protect_3pct_target6pct_3d,5,0,0,0.0,0,,0,0,-0.31924442838453765,-0.33089247158414137,0.17709159468319674,-0.5218208678294646,-0.5003208170699155,-0.17014409999131763,-0.07304388544784934,-0.39010036630218475,-0.3790607128500403,0.11345444941062044,-0.5285656635734166,-0.5100418708803074,-0.27289098645630216,-0.2599425977508574
primary_development_2022_2023_partial,current_contract,sector_leader,s4_reclaim_amount_acceleration,protect_3pct_target6pct_3d,5,0,0,0.0,0,,0,0,-0.33205917742867985,-0.33205917742867985,0.0,-0.33205917742867985,-0.33205917742867985,-0.33205917742867985,-0.33205917742867985,-0.39373497215012676,-0.39373497215012676,0.0,-0.39373497215012676,-0.39373497215012676,-0.39373497215012676,-0.39373497215012676
primary_development_2022_2023_partial,current_contract,trend_structure,ng_r1_auction_reclaim,next_open_2d,5,0,0,0.0,0,,0,0,-0.3198139374197678,-0.3323379557560996,0.04647711468981311,-0.36807599732909546,-0.34892424369092234,-0.3162568286315487,-0.23347466169117337,-0.3567703973775907,-0.35498118060969064,0.02689138831701797,-0.39220802955728773,-0.3757484452734803,-0.3479467073824204,-0.3129676240650746
primary_development_2022_2023_partial,current_contract,flow_quality,s4_reclaim_vwap_support,next_open_2d,5,2,0,0.0,0,0.0,0,0,-0.33768467241926325,-0.3338357147685802,0.09330750992977939,-0.4782783541568504,-0.36612345532091206,-0.3232783255876551,-0.1869075122623184,-0.3901565635694547,-0.3848646920937552,0.06862005152484175,-0.5137027243651859,-0.3869331581494969,-0.36114951632485637,-0.3041327269139793
primary_development_2022_2023_partial,current_contract,trend_structure,s2_reclaim_positive_slope,next_open_2d,5,0,0,0.0,0,,0,0,-0.3331918256355836,-0.33385945727597444,0.03791311703069266,-0.3836889183924701,-0.3661320333468725,-0.29385441201670537,-0.2884243071458954,-0.3898420151078211,-0.3903569749667424,0.017908873481155812,-0.4152738528731673,-0.40064907017051343,-0.38053095629717015,-0.36239922123151225
primary_development_2022_2023_partial,current_contract,flow_quality,ht_r3_core_pullback,momentum_trail_4pct_5d,5,2,1,0.2,0,0.0,0,0,-0.3494411417528026,-0.3341298935118747,0.21088265201984036,-0.6287198887747545,-0.48542077983223264,-0.300558760425114,0.0016236137799627848,-0.454250776384419,-0.424984621459364,0.13730986417170635,-0.6639398423009014,-0.5491233184820686,-0.3523059160792156,-0.2809001836005457
primary_development_2022_2023_partial,current_contract,trend_structure,s2_reclaim_daily_trend,protect_3pct_target6pct_3d,5,1,0,0.0,0,0.0,0,0,-0.3629783614905634,-0.33489299481302837,0.07772606496193916,-0.4921060427438424,-0.4077889897896235,-0.29710267383586597,-0.2830011062704564,-0.41253698374980685,-0.3934716760727728,0.06050421721507704,-0.5185361771514951,-0.43635878276858775,-0.3585003321610919,-0.3558179505950865
primary_development_2022_2023_partial,current_contract,random_hash,s2_first_touch_reclaim,next_open_2d,5,2,1,0.2,0,0.0,0,0,-0.2820108511054662,-0.3360991244423317,0.18582910074233422,-0.43927921264417824,-0.41391937310405225,-0.295699685923997,0.07494314058722806,-0.37971498814571325,-0.37638417543587543,0.053450853575110556,-0.43851497072131684,-0.43541360954189257,-0.3518345322188242,-0.29642765281065697
primary_development_2022_2023_partial,current_contract,random_hash,s1_near_reversal,protect_3pct_target6pct_3d,5,4,0,0.0,0,0.0,0,0,-0.36821304357726425,-0.3365417917387734,0.11530799359785789,-0.5266794693081667,-0.4768074776307365,-0.27135217573052095,-0.22968430347812363,-0.4124328421184618,-0.4010894920770218,0.09930562267106807,-0.5430147977590811,-0.5052498031241748,-0.32908704315330917,-0.28372307447872225
primary_development_2022_2023_partial,current_contract,random_hash,cs_r3_leader_confirmation,momentum_trail_4pct_5d,5,3,0,0.0,0,0.0,0,0,-0.3199192143368901,-0.3389331628182751,0.1271739846909799,-0.4888832110721727,-0.4047134457395275,-0.24502848208488603,-0.12203776996958915,-0.3725588352522057,-0.3778950683685194,0.10593417112035651,-0.5195666321693342,-0.4184893700275324,-0.35312243040473634,-0.1937206752909063
primary_development_2022_2023_partial,current_contract,random_hash,s4_reclaim_vwap_support,next_open_1d,5,0,0,0.0,0,,0,0,-0.3767199676325231,-0.3395837758979612,0.18123266412190722,-0.655119392772074,-0.4658794856988252,-0.3182841487024899,-0.10473303509126519,-0.4744044069747094,-0.4439305016774052,0.1155346052021169,-0.6754707038532395,-0.5027989420391397,-0.4238024676722254,-0.32601941963153713
primary_development_2022_2023_partial,current_contract,trend_structure,fu_r3_core_pullback,next_open_1d,5,0,0,0.0,0,,0,0,-0.2617764590040462,-0.34008196534488755,0.1109385540110059,-0.3606017734141106,-0.3520460593897973,-0.15755950955865705,-0.09859298731277855,-0.39185015555663266,-0.4102287016158528,0.03904460570848338,-0.4450757426464409,-0.4107417057612849,-0.34675573550365724,-0.3464488922559277
primary_development_2022_2023_partial,current_contract,flow_quality,s0_strong_no_ma,protect_3pct_target6pct_3d,5,0,0,0.0,0,,0,0,-0.41158316557456975,-0.3407012787587427,0.18197747127615285,-0.665795472193154,-0.5716014095678025,-0.3153438078910553,-0.16447385946209425,-0.47592358238818255,-0.4283190121240755,0.13125755723819824,-0.6737050444920505,-0.5787199774051832,-0.382559356132107,-0.3163145217874965
primary_development_2022_2023_partial,current_contract,flow_quality,s1_touch_immediate,momentum_trail_4pct_5d,5,3,1,0.2,0,0.0,0,0,-0.24786635372831894,-0.3415881181396716,0.16740741340318985,-0.4179862954498478,-0.37077152665377955,-0.13357954661417049,0.024593718215874638,-0.34084420128414783,-0.37747416479303086,0.09063413443163353,-0.4281322673472583,-0.426533329416136,-0.27346764446681704,-0.19861360039749698
primary_development_2022_2023_partial,current_contract,random_hash,ht_r3_core_pullback,momentum_trail_4pct_5d,5,3,0,0.0,0,0.0,0,0,-0.38040807543850697,-0.34224464000534494,0.1293481330975021,-0.600863458818935,-0.4405130090122823,-0.2766301210102069,-0.24178914834576581,-0.4358414634280033,-0.39347148079685845,0.1175834769434607,-0.6427710576558021,-0.48254691308861364,-0.33307561843823386,-0.3273422471605082
primary_development_2022_2023_partial,current_contract,sector_leader,s0_strong_no_ma,fast_failure_2pct_target4pct_2d,5,0,0,0.0,0,,0,0,-0.3428268881843337,-0.3428268881843337,0.0,-0.3428268881843337,-0.3428268881843337,-0.3428268881843337,-0.3428268881843337,-0.4302846912851822,-0.4302846912851822,0.0,-0.4302846912851822,-0.4302846912851822,-0.4302846912851822,-0.4302846912851822
primary_development_2022_2023_partial,current_contract,flow_quality,s4_reclaim_vwap_support,next_open_1d,5,0,0,0.0,0,,0,0,-0.3751170981848455,-0.34383064532511864,0.1739778047720342,-0.6457160813348847,-0.45116286903244507,-0.32143396350111597,-0.11344193173066308,-0.4733034789535141,-0.4405948445020115,0.10805732177649516,-0.6665429199931034,-0.48810847511782707,-0.43243342919323013,-0.3388377259613983
primary_development_2022_2023_partial,current_contract,trend_structure,s1_touch_immediate,next_open_3d,5,0,2,0.4,0,,1,0,-0.19266456983620042,-0.34747815068183374,0.22453901460209302,-0.4172296782416419,-0.3602753175274197,0.08071212286217921,0.08094817440771407,-0.36387130058506195,-0.38482128256986425,0.07419565794823994,-0.4679018512295272,-0.39661117820294367,-0.3221187603611312,-0.2479034305618435
primary_development_2022_2023_partial,current_contract,flow_quality,s4_auction_confirmed_reclaim,momentum_trail_4pct_5d,5,4,0,0.0,0,0.0,0,0,-0.29939920353238947,-0.3485420488716262,0.15245793589001538,-0.5082199366823148,-0.3918349753606716,-0.1356400041718595,-0.11275905257547536,-0.394325377879616,-0.3777859754794972,0.07839652728694595,-0.5114870910960325,-0.43324141871127597,-0.3768998958180164,-0.27221250829325805
primary_development_2022_2023_partial,current_contract,trend_structure,s2_first_touch_reclaim,next_open_3d,5,3,0,0.0,0,0.0,0,0,-0.3120172723713124,-0.35006563439936955,0.1182589025871109,-0.44596544303462005,-0.4070951912315388,-0.23247938889656172,-0.12448070429447189,-0.40059183733610526,-0.40202987686723723,0.06216629620469556,-0.4811178474862142,-0.4571513973561723,-0.33598602854738235,-0.32667403642352
primary_development_2022_2023_partial,current_contract,trend_structure,s2_reclaim_acceleration,momentum_trail_4pct_5d,5,3,0,0.0,0,0.0,0,0,-0.34284502705192765,-0.35037344181718144,0.12476125419969454,-0.5581483192935579,-0.36269670466223713,-0.24954764236421378,-0.1934590271224479,-0.42295223600115434,-0.43565956129264416,0.10454192833225964,-0.5595119712784782,-0.4955015844158951,-0.3666808729237415,-0.25740719009501256
primary_development_2022_2023_partial,current_contract,random_hash,s2_reclaim_daily_trend,momentum_trail_4pct_5d,5,3,0,0.0,0,0.0,0,0,-0.335091102307025,-0.3506109184462479,0.1211784854100451,-0.4921762422166793,-0.3763153512489751,-0.3375922610245168,-0.11876073859870584,-0.3988865847126907,-0.40365206229944794,0.06863630325553378,-0.5059914606639426,-0.4188474456800052,-0.371522085513068,-0.2944198694069895
primary_development_2022_2023_partial,current_contract,flow_quality,cs_r3_leader_confirmation,protect_3pct_target6pct_3d,5,2,0,0.0,0,0.0,0,0,-0.3674912576380184,-0.3517288771983774,0.050417929619117605,-0.4651903751566433,-0.35698360269238083,-0.34306388261705023,-0.32048955052563977,-0.4236482881315218,-0.4391572255536276,0.04494248065903303,-0.4847570881596519,-0.4420131337621379,-0.40141770876143223,-0.3508962844207594
primary_development_2022_2023_partial,current_contract,random_hash,s4_reclaim_volume_proxy,protect_3pct_target6pct_3d,5,1,0,0.0,0,0.0,0,0,-0.34535038835686455,-0.3525071963527807,0.056650644270089326,-0.40802348673396205,-0.4046548031007069,-0.29109075579839816,-0.2704756997984751,-0.38434175948546717,-0.39374453855161573,0.05999770695182866,-0.46458814154789485,-0.42238882706512393,-0.3510713113646331,-0.2899159788980685
primary_development_2022_2023_partial,current_contract,random_hash,s4_reclaim_volume_normal,momentum_trail_4pct_5d,5,3,0,0.0,0,0.0,0,0,-0.36359154639020036,-0.3537728792799466,0.0343454701139903,-0.4224373643128263,-0.37805623745079997,-0.33939498954151637,-0.32429626136591283,-0.3805584448961391,-0.3680681104370598,0.03725561303036452,-0.4452140174932694,-0.39673408115879616,-0.3482132779703552,-0.34456273742121546
primary_development_2022_2023_partial,current_contract,random_hash,ng_r3_volume_quality,protect_3pct_target6pct_3d,5,1,0,0.0,0,0.0,0,0,-0.32376122114408956,-0.3545719837009115,0.09665047444326681,-0.46047962416609056,-0.3612523223286992,-0.2694335984712113,-0.1730685770535354,-0.38520334549907626,-0.37985264360904003,0.06403145695062816,-0.4990481975994,-0.39741781587759206,-0.3310287684831682,-0.31866930192618104
primary_development_2022_2023_partial,current_contract,trend_structure,s4_reclaim_volume_normal,momentum_trail_4pct_5d,5,4,0,0.0,0,0.0,0,0,-0.3974983075316373,-0.3553957395116675,0.11168392818819003,-0.5324607006617921,-0.5134760770504343,-0.35275199883905883,-0.23340702159523363,-0.4473964075415469,-0.42874072971723975,0.09306804640241016,-0.5639793121368142,-0.5398823513903213,-0.3888399297657894,-0.3155397146975699
primary_development_2022_2023_partial,current_contract,sector_leader,s4_reclaim_vwap_support,next_open_3d,5,0,0,0.0,0,,0,0,-0.35562689435915595,-0.35562689435915595,0.0,-0.35562689435915595,-0.35562689435915595,-0.35562689435915595,-0.35562689435915595,-0.39438698030738795,-0.39438698030738795,0.0,-0.39438698030738795,-0.39438698030738795,-0.39438698030738795,-0.39438698030738795
primary_development_2022_2023_partial,current_contract,flow_quality,s2_reclaim_recent_high,next_open_3d,5,0,0,0.0,0,,0,0,-0.43166501998788814,-0.358975781556648,0.10424570682801765,-0.5841118844432951,-0.5296513621200751,-0.35718544262187546,-0.3284006291975472,-0.48432799306254787,-0.42067027123318157,0.09335384007996497,-0.6374653799187482,-0.5488806000212345,-0.41185735017034975,-0.4027663639692257
primary_development_2022_2023_partial,current_contract,flow_quality,s2_reclaim_breakout_recent,momentum_trail_4pct_5d,5,3,0,0.0,0,0.0,0,0,-0.38655819134812,-0.3592998445791372,0.11763259781230828,-0.5722709754760633,-0.439630717260565,-0.3470003121229863,-0.214589107301848,-0.462509438690209,-0.46639043570954664,0.08057231642940658,-0.5823909329896908,-0.4741597437241687,-0.46101789438074803,-0.32858818664689093
primary_development_2022_2023_partial,current_contract,flow_quality,s2_first_touch_reclaim,protect_3pct_target6pct_3d,5,0,0,0.0,0,,0,0,-0.32871436001744164,-0.3613245575974774,0.11792469715203506,-0.4453108021362324,-0.39253115151163254,-0.3407584154651765,-0.10364687337668921,-0.4048508633305419,-0.40888347031729255,0.051566206790164604,-0.46191942907110506,-0.45884542471168177,-0.3628490349214465,-0.3317569576311832
primary_development_2022_2023_partial,current_contract,trend_structure,s2_reclaim_bull_stack,next_open_2d,5,0,0,0.0,0,,0,0,-0.36585602683847074,-0.3630088097403381,0.011895314566772152,-0.38507681201108057,-0.3723272324659326,-0.3581166394673746,-0.35075064050762783,-0.4859759730769581,-0.4877653789366643,0.005956139931744164,-0.49214373206351636,-0.4916439163251922,-0.48152852201129126,-0.4767983160481265
primary_development_2022_2023_partial,current_contract,flow_quality,s2_first_touch_reclaim,fast_failure_2pct_target4pct_2d,5,0,0,0.0,0,,0,0,-0.35734116910180075,-0.36357855244849224,0.060669033438813656,-0.41642034361242175,-0.41521494653106483,-0.34011435060623174,-0.251377652310793,-0.4098050939358771,-0.4220215882340994,0.042434031032469,-0.46733477809671353,-0.4360473222004624,-0.37296405153353507,-0.35065772961457486
primary_development_2022_2023_partial,current_contract,sector_leader,s0_strong_no_ma,next_open_2d,5,0,0,0.0,0,,0,0,-0.36378480145393155,-0.36378480145393155,0.0,-0.36378480145393155,-0.36378480145393155,-0.36378480145393155,-0.36378480145393155,-0.5875590026979107,-0.5875590026979107,0.0,-0.5875590026979107,-0.5875590026979107,-0.5875590026979107,-0.5875590026979107
primary_development_2022_2023_partial,current_contract,flow_quality,ng_r3_volume_quality,momentum_trail_4pct_5d,5,1,1,0.2,0,0.0,0,0,-0.2724319616090843,-0.36428791862480725,0.1500001895952944,-0.39212610720455876,-0.3648553233775166,-0.25272158357971786,0.011831124741179089,-0.35785890014511035,-0.38146426838825787,0.06221745408331078,-0.4193049485350613,-0.41637568497703514,-0.31149230664081806,-0.2606572921843797
primary_development_2022_2023_partial,current_contract,flow_quality,s1_touch_reclaim,fast_failure_2pct_target4pct_2d,5,1,0,0.0,0,0.0,0,0,-0.3620409708495437,-0.36490981074215445,0.030765679295285054,-0.4045737624405873,-0.37766555344166364,-0.35164178344776886,-0.31141394417554413,-0.41261317987655277,-0.4110581050038261,0.03243689183485336,-0.4543456409762483,-0.44331600874493593,-0.3827442950730139,-0.3716018495847395
primary_development_2022_2023_partial,current_contract,sector_leader,s2_reclaim_bull_stack,next_open_5d,5,0,0,0.0,0,,0,0,-0.3669174214519523,-0.3669174214519523,0.0,-0.3669174214519523,-0.3669174214519523,-0.3669174214519523,-0.3669174214519523,-0.4842201476561302,-0.4842201476561302,0.0,-0.4842201476561302,-0.4842201476561302,-0.4842201476561302,-0.4842201476561302
primary_development_2022_2023_partial,current_contract,trend_structure,s2_reclaim_acceleration,protect_3pct_target6pct_3d,5,2,0,0.0,0,0.0,0,0,-0.3718450046211493,-0.367287223415083,0.07439584597484462,-0.5047131170043644,-0.38236253474518855,-0.31365147630563095,-0.29121067163547953,-0.4175480273166482,-0.4104288830701377,0.0606704277112865,-0.523143853322179,-0.41121397670701276,-0.4096741650213823,-0.3332792584625288
primary_development_2022_2023_partial,current_contract,random_hash,s4_reclaim_vwap_support,fast_failure_2pct_target4pct_2d,5,1,0,0.0,0,0.0,0,0,-0.4122651197633096,-0.36785655228864766,0.17894618826571324,-0.6988700274473025,-0.4991196803004565,-0.33233646357668145,-0.16314287520345983,-0.4946956369808907,-0.49380190477034247,0.12901725824851154,-0.7166174629314099,-0.5243798749648942,-0.3982157452502024,-0.34046319698760463
primary_development_2022_2023_partial,current_contract,trend_structure,s4_auction_confirmed_reclaim,momentum_trail_4pct_5d,5,3,0,0.0,0,0.0,0,0,-0.3902159055681045,-0.36823310714394486,0.07411683796207903,-0.51145466050865,-0.42823314569716486,-0.3481985992695338,-0.29496001522122894,-0.4298799717513589,-0.4110941230640479,0.05436355837905374,-0.5198325350523972,-0.461337938228768,-0.38477627048551744,-0.3723589919260638
primary_development_2022_2023_partial,current_contract,flow_quality,s1_touch_immediate,fast_failure_2pct_target4pct_2d,5,1,0,0.0,0,0.0,0,0,-0.36662927958387154,-0.3687853430636445,0.17359916993348518,-0.5601229748299738,-0.5406014540508342,-0.26744072845468425,-0.09619589752022106,-0.4375640931944722,-0.36999147406764377,0.10869681699914467,-0.5818242301671139,-0.5536273040015506,-0.36991897036321986,-0.31245848737283277
primary_development_2022_2023_partial,current_contract,trend_structure,s1_near_reversal,momentum_trail_4pct_5d,5,4,0,0.0,0,0.0,0,0,-0.380446949224421,-0.36896616159913265,0.09526227068329612,-0.5174555338211493,-0.4390518224794713,-0.3435367064735927,-0.23322452174875918,-0.4303140154708148,-0.3857100669674476,0.08184129437479885,-0.5508042144266767,-0.5002252249535206,-0.3844944304775789,-0.3303361405288505
primary_development_2022_2023_partial,current_contract,random_hash,s0_strong_no_ma,momentum_trail_4pct_5d,5,3,1,0.2,0,0.0,0,0,-0.3027572617040851,-0.37037878677631253,0.1685810528432129,-0.4409544508299963,-0.37165632936122206,-0.36026333914617514,0.029466597593280186,-0.3895647365970203,-0.39828395303246866,0.060469901166241104,-0.45401213091079606,-0.43332523846360793,-0.3825919416460819,-0.2796104189321469
primary_development_2022_2023_partial,current_contract,flow_quality,s2_reclaim_daily_trend,next_open_2d,5,2,1,0.2,0,0.0,1,0,-0.26975643068152866,-0.37084688530165566,0.24832442780820266,-0.5404913901521298,-0.48505692706644654,-0.0314007567432959,0.07901380585588447,-0.3850182946057963,-0.40863456723398917,0.13695706444903663,-0.5568102926794491,-0.5042263989892464,-0.23032398262440124,-0.2250962315018954
primary_development_2022_2023_partial,current_contract,flow_quality,s4_reclaim_volume_proxy,protect_3pct_target6pct_3d,5,2,0,0.0,0,0.0,0,0,-0.3819772925102298,-0.3735504408556469,0.09199149932857831,-0.5417858329249801,-0.40527891782797243,-0.31587595649319666,-0.27339531444935306,-0.42233635538327385,-0.3909001259044078,0.07092982063524932,-0.549958143633358,-0.44315922874079616,-0.38116074669614997,-0.3465035319416574
primary_development_2022_2023_partial,current_contract,flow_quality,s1_near_reversal,momentum_trail_4pct_5d,5,2,1,0.2,0,0.0,1,0,-0.24754060731412048,-0.37410046473790326,0.23260928900394687,-0.4838544435513944,-0.42580077146757245,-0.07817685964560239,0.12422950283187006,-0.35554961304623656,-0.38616876014421286,0.10738140643218294,-0.49123637895185035,-0.4369485387544413,-0.2540665137377609,-0.20932787364291738
primary_development_2022_2023_partial,current_contract,random_hash,ng_r3_volume_quality,next_open_2d,5,0,0,0.0,0,,0,0,-0.32574299038576865,-0.37512913805672954,0.10321008782596482,-0.4249991803847598,-0.4139601139615774,-0.25799543230668076,-0.1566310872190957,-0.3741173215704009,-0.4293132627551972,0.07569356507399677,-0.44240684175698897,-0.43545805664999626,-0.28857740492602124,-0.2748310417638008
primary_development_2022_2023_partial,current_contract,flow_quality,s2_reclaim_breakout_recent,next_open_3d,5,2,0,0.0,0,0.0,0,0,-0.38105875611948825,-0.3751845543030625,0.1181906490878252,-0.5739390218936797,-0.3882570002269954,-0.3667164145960563,-0.2011967895776473,-0.4294027314812636,-0.4302762205814018,0.1006305405998265,-0.590850401720012,-0.4604314061097322,-0.3822836289976912,-0.2831719999974809
primary_development_2022_2023_partial,current_contract,flow_quality,s1_break_reclaim_stable3,protect_3pct_target6pct_3d,5,1,0,0.0,0,0.0,0,0,-0.3580560650627647,-0.37611980829273084,0.09329803818937701,-0.4818329068144882,-0.41084650808536494,-0.31618495957445103,-0.20529614254678863,-0.4041955384801814,-0.42327268062801415,0.07184330925119974,-0.48485133496503097,-0.4715429574225909,-0.3355619485004222,-0.305748770884849
primary_development_2022_2023_partial,current_contract,random_hash,s2_first_touch_reclaim,protect_3pct_target6pct_3d,5,0,0,0.0,0,,0,0,-0.3922496419981298,-0.3775294673845899,0.10585675540850252,-0.570017314869992,-0.4377755986152978,-0.3018585704263349,-0.2740672586944346,-0.4415537709016995,-0.39220379664834193,0.09974299547406879,-0.5930910251505197,-0.5249574012618194,-0.35787444939085933,-0.3396421820569572
primary_development_2022_2023_partial,current_contract,random_hash,s0_distance_only,fast_failure_2pct_target4pct_2d,5,2,0,0.0,0,0.0,0,0,-0.38195780941913576,-0.3777099391317683,0.09604369902692654,-0.5209411936808868,-0.45290303303552204,-0.29646718772746816,-0.26176769352003393,-0.44799312592031837,-0.4500569551919237,0.05186408331437024,-0.5331542524890158,-0.46072044859907924,-0.42077138280023707,-0.3752625905213358
primary_development_2022_2023_partial,current_contract,random_hash,s2_first_touch_reclaim,momentum_trail_4pct_5d,5,1,0,0.0,0,0.0,0,0,-0.3425413734440624,-0.3778463803440876,0.08883427051884354,-0.45797125077884693,-0.3851755850784103,-0.2926203710285682,-0.19909327999039883,-0.39989588544612065,-0.40286485973853825,0.055502090818390165,-0.47620114756185805,-0.42578285479810696,-0.3883733378686922,-0.30625722726340776
primary_development_2022_2023_partial,current_contract,sector_leader,s2_reclaim_bull_stack,next_open_2d,5,5,0,0.0,0,0.0,0,0,-0.3787117126637969,-0.3787117126637969,0.0,-0.3787117126637969,-0.3787117126637969,-0.3787117126637969,-0.3787117126637969,-0.41727132777991577,-0.4172713277799158,5.551115123125783e-17,-0.4172713277799158,-0.4172713277799158,-0.4172713277799158,-0.4172713277799158
primary_development_2022_2023_partial,current_contract,trend_structure,s4_reclaim_amount_acceleration,fast_failure_2pct_target4pct_2d,5,0,0,0.0,0,,0,0,-0.46175897735168103,-0.38031348956697064,0.11240403355714353,-0.6112076914932958,-0.5866538977454432,-0.36616416108657956,-0.3644556468661162,-0.5061882658461488,-0.4310991637066822,0.1027250620943803,-0.6327602589500604,-0.6304855327625967,-0.42840280708285483,-0.4081935667285498
primary_development_2022_2023_partial,current_contract,sector_leader,cs_r3_leader_confirmation,protect_3pct_target6pct_3d,5,0,0,0.0,0,,0,0,-0.38117610076249464,-0.38117610076249464,0.0,-0.38117610076249464,-0.38117610076249464,-0.38117610076249464,-0.38117610076249464,-0.4078515209462566,-0.40785152094625654,5.551115123125783e-17,-0.40785152094625654,-0.40785152094625654,-0.40785152094625654,-0.40785152094625654
primary_development_2022_2023_partial,current_contract,trend_structure,s0_distance_only,momentum_trail_4pct_5d,5,4,0,0.0,0,0.0,0,0,-0.3838602829143256,-0.3820409165350478,0.09359813073145053,-0.49464242305949147,-0.44415442183529774,-0.38159602777074364,-0.21686762537104742,-0.4366340047788465,-0.4413896423133844,0.06405246318159658,-0.5308708599599823,-0.4606959083301171,-0.41670140853394233,-0.3335122047568063
primary_development_2022_2023_partial,current_contract,flow_quality,s0_strong_no_ma,momentum_trail_4pct_5d,5,2,0,0.0,0,0.0,0,0,-0.3791519747643312,-0.38297074477279236,0.10797671696111766,-0.5092209729146837,-0.4620190666916295,-0.34495014763197096,-0.19659894181057969,-0.4440780502221628,-0.45586087189806146,0.055825041613673,-0.5215807451211032,-0.4805712444605852,-0.39105729349901064,-0.37132009613205363
primary_development_2022_2023_partial,current_contract,flow_quality,ng_r3_volume_quality,protect_3pct_target6pct_3d,5,1,0,0.0,0,0.0,0,0,-0.3956316284247273,-0.3835220731114398,0.08391393941017974,-0.5085391973281564,-0.463160903715516,-0.3538103066579604,-0.2691256613105637,-0.42879032436322345,-0.4161059342699214,0.07533138193158687,-0.5197329950301645,-0.5094969381793415,-0.36923456882427486,-0.32938118551241513
primary_development_2022_2023_partial,current_contract,flow_quality,s1_touch_reclaim,next_open_2d,5,3,0,0.0,0,0.0,0,0,-0.3022731930989696,-0.38379835352100433,0.11931546352558406,-0.4231065962015996,-0.3898284453052657,-0.16833680313585675,-0.14629576733112148,-0.3658232476538987,-0.3908545386809219,0.07373960869166256,-0.45066150599079724,-0.41694784331280943,-0.32885933603608275,-0.2417930142488821
primary_development_2022_2023_partial,current_contract,trend_structure,s4_reclaim_vwap_support,next_open_1d,5,0,0,0.0,0,,0,0,-0.39825056418874477,-0.3840061935011425,0.19963417612174586,-0.6219868796485037,-0.6203157619058912,-0.23980629669553422,-0.12513768919265233,-0.47322625609598773,-0.46280486406104104,0.1462662426473996,-0.6339397873545514,-0.6297897960019553,-0.38849804613161476,-0.2510987869307759
primary_development_2022_2023_partial,current_contract,random_hash,s2_reclaim_daily_trend,fast_failure_2pct_target4pct_2d,5,0,0,0.0,0,,0,0,-0.36984778369446214,-0.3841887273828424,0.10581572350639078,-0.4976504076050724,-0.47013074986729597,-0.24999059919211808,-0.24727843442498187,-0.4323676185363234,-0.48293842622842276,0.07658956134957563,-0.5106030613654806,-0.4894483763569326,-0.347053353671407,-0.331794875059374
primary_development_2022_2023_partial,current_contract,flow_quality,s2_reclaim_positive_slope,protect_3pct_target6pct_3d,5,0,0,0.0,0,,0,0,-0.36883112843074045,-0.3849837233163369,0.0639942102163956,-0.44886666059286984,-0.40597651468232165,-0.34424173726385154,-0.26008700629832227,-0.40980263688844987,-0.42807345465553837,0.04861657037257198,-0.4717120412960508,-0.4402039226390586,-0.3720173722815372,-0.33700639357006423
primary_development_2022_2023_partial,current_contract,sector_leader,s1_touch_immediate,momentum_trail_4pct_5d,5,0,0,0.0,0,,0,0,-0.38508497703878497,-0.38508497703878497,0.0,-0.38508497703878497,-0.38508497703878497,-0.38508497703878497,-0.38508497703878497,-0.40538237301818436,-0.40538237301818436,0.0,-0.40538237301818436,-0.40538237301818436,-0.40538237301818436,-0.40538237301818436
primary_development_2022_2023_partial,current_contract,sector_leader,s2_reclaim_acceleration,protect_3pct_target6pct_3d,5,0,0,0.0,0,,0,0,-0.38657430049533037,-0.38657430049533037,0.0,-0.38657430049533037,-0.38657430049533037,-0.38657430049533037,-0.38657430049533037,-0.5060698583055218,-0.5060698583055218,0.0,-0.5060698583055218,-0.5060698583055218,-0.5060698583055218,-0.5060698583055218
primary_development_2022_2023_partial,current_contract,trend_structure,ng_r3_volume_quality,momentum_trail_4pct_5d,5,5,0,0.0,0,0.0,0,0,-0.4583128921723502,-0.38747265671269415,0.09626875042520805,-0.5948318741203759,-0.5549534597032632,-0.3863567944064993,-0.3679496759189185,-0.4896371756707863,-0.4496026466191988,0.07963849789488693,-0.6008215387837521,-0.5682983541355042,-0.4277215670795078,-0.4017417717359689
primary_development_2022_2023_partial,current_contract,trend_structure,ng_r1_auction_reclaim,next_open_5d,5,0,0,0.0,0,,0,0,-0.3872988236187524,-0.38750024010095097,0.009990886259337002,-0.40410505807860686,-0.39051061724786806,-0.3781561505089698,-0.3762220521573665,-0.43243266384330753,-0.4378437767630503,0.012399642535111834,-0.44794098147257433,-0.43978333569157424,-0.4230586994363167,-0.41353652585302214
primary_development_2022_2023_partial,current_contract,flow_quality,s1_touch_reclaim,next_open_1d,5,0,0,0.0,0,,0,0,-0.39216325029040666,-0.38790766439958224,0.009637270149783574,-0.4053398571574436,-0.4019475580089985,-0.3838042059846912,-0.38181696590131753,-0.4379663061617758,-0.43946003026002434,0.0272707542573922,-0.475608240614687,-0.44941948604863957,-0.4337495188190128,-0.391594255066515
primary_development_2022_2023_partial,current_contract,sector_leader,ht_r3_core_pullback,next_open_3d,5,0,0,0.0,0,,0,0,-0.3880119309514869,-0.3880119309514869,0.0,-0.3880119309514869,-0.3880119309514869,-0.3880119309514869,-0.3880119309514869,-0.4379908837097565,-0.4379908837097565,0.0,-0.4379908837097565,-0.4379908837097565,-0.4379908837097565,-0.4379908837097565
primary_development_2022_2023_partial,current_contract,trend_structure,s2_first_touch_reclaim,fast_failure_2pct_target4pct_2d,5,0,0,0.0,0,,0,0,-0.3722009156576676,-0.3906650616816074,0.031074139420465226,-0.403749645962011,-0.39725293450704846,-0.33950534407284894,-0.32983159206482215,-0.4108058059175693,-0.430884971767586,0.031748834609183256,-0.440003844533827,-0.4340944287470815,-0.3919725990878602,-0.3570731854514918
primary_development_2022_2023_partial,current_contract,random_hash,s1_touch_immediate,next_open_1d,5,1,0,0.0,0,0.0,0,0,-0.3619299915119871,-0.3912688492675517,0.11420231440926192,-0.4703808291094209,-0.4632146480129765,-0.3253133674175992,-0.15947226375238732,-0.426560738273208,-0.40115637501404167,0.06275845296919025,-0.5260989471893696,-0.4714912335475441,-0.37108888443841914,-0.36296825117666565
primary_development_2022_2023_partial,current_contract,random_hash,s1_break_reclaim_stable3,protect_3pct_target6pct_3d,5,1,0,0.0,0,0.0,0,0,-0.3453931819590293,-0.39142607146737496,0.10951919309478396,-0.4889139291572152,-0.40932852715982126,-0.24144097201999537,-0.1958564099907395,-0.3797979518978018,-0.4006281116168936,0.09620772249396996,-0.48930222816973623,-0.47294110731852324,-0.2782518724220091,-0.25786643996184666
primary_development_2022_2023_partial,current_contract,trend_structure,s2_reclaim_recent_high,next_open_3d,5,0,0,0.0,0,,0,0,-0.41173321862899437,-0.3916993821513537,0.05646026882591454,-0.4894608007323453,-0.4635631599280202,-0.3771185380186559,-0.3368242123145967,-0.45296364300697967,-0.435296242377171,0.04770702765567339,-0.5190827365796971,-0.49905865968146057,-0.4128191081162603,-0.39856146828030947
primary_development_2022_2023_partial,current_contract,random_hash,s0_distance_only,protect_3pct_target6pct_3d,5,2,1,0.2,1,0.5,1,1,-0.3087553579052703,-0.3918404565272643,0.19732910910228624,-0.4730587241146913,-0.3976599113712813,-0.36009078426600793,0.07887308675289306,-0.3861547732376861,-0.4200734566227754,0.11537701044685363,-0.48638380573745277,-0.4580568446485581,-0.4034726636783751,-0.16278709550126913
primary_development_2022_2023_partial,current_contract,random_hash,s2_first_touch_reclaim,fast_failure_2pct_target4pct_2d,5,0,0,0.0,0,,0,0,-0.3801294527920813,-0.39328953733839034,0.053491686866668754,-0.4526748126675745,-0.4119343363470893,-0.34322487856598627,-0.2995236990413662,-0.43240215136151816,-0.42290465621814255,0.02728926489562549,-0.4743260604507311,-0.4511136683514394,-0.41727441348285765,-0.39639195830442
primary_development_2022_2023_partial,current_contract,random_hash,s1_break_reclaim_stable3,fast_failure_2pct_target4pct_2d,5,1,0,0.0,0,0.0,0,0,-0.4011822536514703,-0.39341461777092157,0.0660266548437158,-0.5113434606942902,-0.4071630490179263,-0.38996887910523903,-0.3040212616689746,-0.44703954360730347,-0.4506550920684448,0.06124782407687917,-0.5254088964691632,-0.47126853200141106,-0.45038573439717555,-0.3374794631003226
primary_development_2022_2023_partial,current_contract,sector_leader,s1_break_reclaim_stable3,next_open_1d,5,0,0,0.0,0,,0,0,-0.39380228360703307,-0.39380228360703307,0.0,-0.39380228360703307,-0.39380228360703307,-0.39380228360703307,-0.39380228360703307,-0.43497413909855653,-0.43497413909855653,0.0,-0.43497413909855653,-0.43497413909855653,-0.43497413909855653,-0.43497413909855653
primary_development_2022_2023_partial,current_contract,random_hash,s2_reclaim_breakout_recent,next_open_3d,5,2,0,0.0,0,0.0,0,0,-0.38831494317851584,-0.3939653820228636,0.11719060853832387,-0.5722073627792997,-0.40352213265479697,-0.36848473894767153,-0.2033950994879472,-0.4361715015827528,-0.42463935909230144,0.09816963644105277,-0.5891874762999101,-0.4660577008984037,-0.41780097162566787,-0.2831719999974809
primary_development_2022_2023_partial,current_contract,flow_quality,cs_r3_leader_confirmation,momentum_trail_4pct_5d,5,2,0,0.0,0,0.0,0,0,-0.303096748612385,-0.39437200475402456,0.15501308852945647,-0.47041363574739303,-0.4113981652902814,-0.16856078518133344,-0.0707391520888927,-0.36623242691992747,-0.44901715657791297,0.1234788783641375,-0.4822298315242759,-0.46619627119901075,-0.24244368730060994,-0.19127518799782783
primary_development_2022_2023_partial,current_contract,random_hash,ht_r3_core_pullback,next_open_2d,5,0,0,0.0,0,,0,0,-0.3898687441865053,-0.39446750940555564,0.1051049648036115,-0.5353924270329995,-0.46368885465193144,-0.31980470624795987,-0.23599022359408006,-0.44493294364658986,-0.40917497274608794,0.06874345056353304,-0.5563955063135783,-0.49246161530651655,-0.3893818449096399,-0.37725077895712666
primary_development_2022_2023_partial,current_contract,flow_quality,s2_reclaim_daily_trend,momentum_trail_4pct_5d,5,2,0,0.0,0,0.0,0,0,-0.32688708546745576,-0.3959051991612068,0.1521040647516787,-0.44072299053800323,-0.4283464353641928,-0.3384266499325391,-0.031034152341336885,-0.4100041191998101,-0.4385564923319365,0.07697379346823942,-0.48760873487308853,-0.4438047714554284,-0.4170011237074043,-0.2630494736311928
primary_development_2022_2023_partial,current_contract,sector_leader,s1_touch_reclaim,next_open_2d,5,0,0,0.0,0,,0,0,-0.3972325343391495,-0.3972325343391495,0.0,-0.3972325343391495,-0.3972325343391495,-0.3972325343391495,-0.3972325343391495,-0.44149902059289037,-0.44149902059289037,0.0,-0.44149902059289037,-0.44149902059289037,-0.44149902059289037,-0.44149902059289037
primary_development_2022_2023_partial,current_contract,random_hash,s2_reclaim_positive_slope,protect_3pct_target6pct_3d,5,1,0,0.0,0,0.0,0,0,-0.32729969715029983,-0.3977438259712557,0.15616135791551744,-0.4261034346229293,-0.4082721910748155,-0.3883959020015859,-0.015983132080912732,-0.39692961177443636,-0.42647402799158085,0.09447434678617396,-0.48897599658672053,-0.4381964290787559,-0.4162910535787,-0.2147105516364246
primary_development_2022_2023_partial,current_contract,sector_leader,s4_reclaim_volume_proxy,fast_failure_2pct_target4pct_2d,5,0,0,0.0,0,,0,0,-0.3977829427551396,-0.3977829427551396,0.0,-0.3977829427551396,-0.3977829427551396,-0.3977829427551396,-0.3977829427551396,-0.4425176105116508,-0.44251761051165084,5.551115123125783e-17,-0.44251761051165084,-0.44251761051165084,-0.44251761051165084,-0.44251761051165084
primary_development_2022_2023_partial,current_contract,random_hash,s2_reclaim_daily_trend,protect_3pct_target6pct_3d,5,0,0,0.0,0,,0,0,-0.36025525788667156,-0.3980242732164696,0.11950383933157005,-0.49260267374648126,-0.4532919401216037,-0.2964389265185462,-0.1609184758302571,-0.42871336374423025,-0.4492461237886203,0.05854014276990771,-0.5100686868472859,-0.45635938046441804,-0.38563288788990835,-0.3422597397309184
primary_development_2022_2023_partial,current_contract,random_hash,s4_reclaim_volume_proxy,next_open_1d,5,0,0,0.0,0,,0,0,-0.41016810940813747,-0.39943882157741795,0.06040355898764248,-0.5245130291861807,-0.40184507679364834,-0.37741239031738105,-0.34763122916605904,-0.4274473431846963,-0.4243933121589891,0.05336423310799766,-0.5252452209418375,-0.42915245523549195,-0.3815516665463903,-0.3768940610407727
primary_development_2022_2023_partial,current_contract,flow_quality,s4_reclaim_volume_proxy,next_open_1d,5,0,0,0.0,0,,0,0,-0.4111834582740753,-0.4022576027444881,0.07028138306374719,-0.5392403239052301,-0.4169617181241865,-0.3625957109758846,-0.3348619356205872,-0.42813411972790777,-0.4295610287442482,0.0640566946961003,-0.5399498374290146,-0.440278744146961,-0.3666726886509466,-0.36420829966836854
primary_development_2022_2023_partial,current_contract,trend_structure,ht_r3_core_pullback,next_open_3d,5,2,0,0.0,0,0.0,0,0,-0.3968451037866009,-0.40228193062174966,0.08167278832020052,-0.5347104286241218,-0.40722778742159205,-0.35463287859653736,-0.2853724936690033,-0.44800574140945904,-0.4271958212694674,0.05578792380220727,-0.5417117244197509,-0.47738976621458673,-0.408125562167989,-0.385605832975501
primary_development_2022_2023_partial,current_contract,random_hash,s1_touch_reclaim,next_open_2d,5,3,0,0.0,0,0.0,0,0,-0.3079793810956374,-0.40347259462345264,0.1277696192421172,-0.42851520815335564,-0.404037561854259,-0.1569928258022858,-0.14687871504483363,-0.37241727298476335,-0.40451469743929425,0.08501888864807039,-0.4613111000987923,-0.43908997897450275,-0.3293522606895193,-0.22781832772170818
primary_development_2022_2023_partial,current_contract,sector_leader,s1_break_reclaim_stable3,next_open_5d,5,0,0,0.0,0,,0,0,-0.40575881785472045,-0.40575881785472045,0.0,-0.40575881785472045,-0.40575881785472045,-0.40575881785472045,-0.40575881785472045,-0.42068344346329295,-0.4206834434632929,5.551115123125783e-17,-0.4206834434632929,-0.4206834434632929,-0.4206834434632929,-0.4206834434632929
primary_development_2022_2023_partial,current_contract,sector_leader,s1_touch_immediate,protect_3pct_target6pct_3d,5,0,0,0.0,0,,0,0,-0.40598041244507,-0.40594010940311787,4.9360943932321326e-05,-0.40604086700799813,-0.40604086700799813,-0.40594010940311787,-0.40594010940311787,-0.43897240001732707,-0.4389313742833182,5.024605732234439e-05,-0.43903393861834017,-0.43903393861834017,-0.4389313742833182,-0.4389313742833182
primary_development_2022_2023_partial,current_contract,random_hash,s1_touch_reclaim,next_open_1d,5,0,0,0.0,0,,0,0,-0.4031605828027983,-0.4062422208158871,0.015369384552792464,-0.4245140552167991,-0.40707656433972184,-0.4011996901418112,-0.3767703834997723,-0.44893595986257917,-0.4450383165104843,0.0201806431622365,-0.4740225571856441,-0.46728332003808803,-0.4408634667231123,-0.4174721388555672
primary_development_2022_2023_partial,current_contract,flow_quality,s2_reclaim_bull_stack,next_open_5d,5,0,0,0.0,0,,0,0,-0.3897530464438231,-0.4073278650824239,0.06957904620965602,-0.4834249630407712,-0.43825273049137614,-0.3122502332356907,-0.3075094403688534,-0.5308043904381823,-0.5174509576260384,0.02975544205058737,-0.5720905203856304,-0.5604162614667063,-0.5044322517510949,-0.49963196096144125
primary_development_2022_2023_partial,current_contract,random_hash,s2_reclaim_bull_stack,next_open_5d,5,0,0,0.0,0,,0,0,-0.3897530464438231,-0.4073278650824239,0.06957904620965602,-0.4834249630407712,-0.43825273049137614,-0.3122502332356907,-0.3075094403688534,-0.5308043904381823,-0.5174509576260384,0.02975544205058737,-0.5720905203856304,-0.5604162614667063,-0.5044322517510949,-0.49963196096144125
primary_development_2022_2023_partial,current_contract,trend_structure,s4_auction_confirmed_reclaim,next_open_2d,5,0,0,0.0,0,,0,0,-0.429365602775463,-0.40912851185135635,0.04405639143766936,-0.5011629245945362,-0.45875054557363226,-0.38956287700627834,-0.38822315485151204,-0.46664244194545856,-0.4588670487186347,0.03227650946002888,-0.5115665174189232,-0.490231316093967,-0.45536915609055817,-0.41717817140520985
primary_development_2022_2023_partial,current_contract,trend_structure,s4_reclaim_amount_acceleration,next_open_1d,5,0,0,0.0,0,,0,0,-0.45630904781883697,-0.4092174558580267,0.10355070999089586,-0.6527013436704605,-0.46539698964470144,-0.3871178135386846,-0.3671116363823116,-0.4832694980918644,-0.4418994759695387,0.10215945604294072,-0.6779433615949317,-0.4801883308072167,-0.4334609369311433,-0.38285538515649165
primary_development_2022_2023_partial,current_contract,sector_leader,s2_reclaim_recent_high,next_open_2d,5,0,0,0.0,0,,0,0,-0.4094255099143612,-0.4094255099143612,0.0,-0.4094255099143612,-0.4094255099143612,-0.4094255099143612,-0.4094255099143612,-0.4673644349014633,-0.4673644349014633,0.0,-0.4673644349014633,-0.4673644349014633,-0.4673644349014633,-0.4673644349014633
primary_development_2022_2023_partial,current_contract,random_hash,s4_reclaim_volume_normal,protect_3pct_target6pct_3d,5,4,0,0.0,0,0.0,0,0,-0.4134146180685717,-0.4128640353779105,0.08238659811176904,-0.5209280335943033,-0.4822656014400447,-0.358542639865861,-0.2924727800647393,-0.46708122644624533,-0.4696524852654823,0.049620969030092145,-0.5428761843185933,-0.4909227437757233,-0.43557439277252663,-0.39638032609890084
primary_development_2022_2023_partial,current_contract,random_hash,s2_reclaim_recent_high,next_open_5d,5,1,0,0.0,0,0.0,0,0,-0.4227596619685416,-0.41330434391348847,0.05316780904446321,-0.5082771471650654,-0.4444726195284575,-0.4010750061527949,-0.3466691930829018,-0.4716054619239706,-0.4363843846886566,0.07650701968856899,-0.5735467724803918,-0.5506739956061608,-0.4181410799371994,-0.3792810769074446
primary_development_2022_2023_partial,current_contract,trend_structure,s1_touch_immediate,next_open_2d,5,0,0,0.0,0,,0,0,-0.38638846563967144,-0.41587794884225104,0.11206317161968772,-0.5177023074885754,-0.4559567108480449,-0.3527580192475449,-0.18964734177194098,-0.4323632750183977,-0.4391540732910576,0.08742138308696026,-0.5450512438122235,-0.502927614932859,-0.37220058359395825,-0.3024828594618899
primary_development_2022_2023_partial,current_contract,random_hash,cs_r3_leader_confirmation,protect_3pct_target6pct_3d,5,3,0,0.0,0,0.0,0,0,-0.4254628669533411,-0.41790280830128557,0.08170247652499962,-0.5718057187314287,-0.43690730507343367,-0.36596979758195947,-0.3347287050785981,-0.4736530953033734,-0.4726274689398525,0.06742588043181066,-0.5864329220433664,-0.4784801791979638,-0.4553124648763084,-0.3754124414593758
primary_development_2022_2023_partial,current_contract,trend_structure,s2_reclaim_breakout_recent,momentum_trail_4pct_5d,5,5,0,0.0,0,0.0,0,0,-0.4855072163545797,-0.4200479562710028,0.12521782628313124,-0.6852033898290499,-0.5733184144036717,-0.40506546977302726,-0.34390085149614713,-0.500286243542615,-0.4285693753683023,0.1213456487647715,-0.7029315922870433,-0.575521845263472,-0.4130657225401473,-0.3813426822541097
primary_development_2022_2023_partial,current_contract,sector_leader,s2_reclaim_positive_slope,protect_3pct_target6pct_3d,5,0,0,0.0,0,,0,0,-0.4201470809946728,-0.4201470809946728,0.0,-0.4201470809946728,-0.4201470809946728,-0.4201470809946728,-0.4201470809946728,-0.47542399383429484,-0.4754239938342948,5.551115123125783e-17,-0.4754239938342948,-0.4754239938342948,-0.4754239938342948,-0.4754239938342948
primary_development_2022_2023_partial,current_contract,trend_structure,s0_strong_no_ma,protect_3pct_target6pct_3d,5,0,0,0.0,0,,0,0,-0.42121122296272206,-0.4211481165756733,0.10157873892213218,-0.5438290327874935,-0.4833443730017536,-0.4173001515206525,-0.24043444092803767,-0.4927329690164379,-0.5041238625268671,0.0597643184627586,-0.5815242328251178,-0.5238003076535305,-0.4386588313796005,-0.4155576106970741
primary_development_2022_2023_partial,current_contract,flow_quality,s4_reclaim_volume_normal,fast_failure_2pct_target4pct_2d,5,1,0,0.0,0,0.0,0,0,-0.3948726318535361,-0.4213792802838128,0.09929563181569655,-0.5071963575717832,-0.4362620384596083,-0.39970014993922853,-0.20982533301324746,-0.4524601328070227,-0.4499384096138721,0.08506802439225755,-0.5476811439533721,-0.5176904367402233,-0.44554939042950514,-0.30144128329814046
primary_development_2022_2023_partial,current_contract,flow_quality,s2_reclaim_acceleration,fast_failure_2pct_target4pct_2d,5,0,0,0.0,0,,0,0,-0.4540095680542122,-0.42141899663226157,0.04978634384349523,-0.5272917086998583,-0.49956242367090575,-0.4200216213526209,-0.4017530899154148,-0.4826755075426702,-0.45715231803104395,0.04586498091908449,-0.5577186164689613,-0.5113307619067451,-0.45697221131497556,-0.43020362999162487
primary_development_2022_2023_partial,current_contract,sector_leader,ht_r3_core_pullback,next_open_1d,5,0,0,0.0,0,,0,0,-0.4221197618768981,-0.42211976187689815,5.551115123125783e-17,-0.42211976187689815,-0.42211976187689815,-0.42211976187689815,-0.42211976187689815,-0.49718923796354186,-0.49718923796354186,0.0,-0.49718923796354186,-0.49718923796354186,-0.49718923796354186,-0.49718923796354186
primary_development_2022_2023_partial,current_contract,flow_quality,s2_reclaim_breakout_recent,fast_failure_2pct_target4pct_2d,5,0,0,0.0,0,,0,0,-0.4507523212461546,-0.42220888197075357,0.06326668992238373,-0.5389609340331311,-0.5077868343773658,-0.41843648312783555,-0.36636847272168704,-0.5039502038641971,-0.48222034091253974,0.04244802762370526,-0.5560596873689202,-0.5533067520056889,-0.47424560531659654,-0.45391863371723995
primary_development_2022_2023_partial,current_contract,random_hash,s1_touch_immediate,protect_3pct_target6pct_3d,5,2,0,0.0,0,0.0,0,0,-0.429072258984451,-0.42357209340911517,0.07552771335036766,-0.5572235673370765,-0.45633306612409086,-0.36079534818116865,-0.3474372198708038,-0.44811120199025317,-0.46032314369222427,0.0778874961815998,-0.5678316428844481,-0.48022112426968155,-0.39220717818407613,-0.33997292092083575
primary_development_2022_2023_partial,current_contract,sector_leader,s4_auction_confirmed_reclaim,next_open_2d,5,0,0,0.0,0,,0,0,-0.423671738277026,-0.423671738277026,0.0,-0.423671738277026,-0.423671738277026,-0.423671738277026,-0.423671738277026,-0.5652623616895954,-0.5652623616895954,0.0,-0.5652623616895954,-0.5652623616895954,-0.5652623616895954,-0.5652623616895954
primary_development_2022_2023_partial,current_contract,sector_leader,s2_reclaim_bull_stack,protect_3pct_target6pct_3d,5,0,0,0.0,0,,0,0,-0.4244778721440923,-0.42447787214409227,5.551115123125783e-17,-0.42447787214409227,-0.42447787214409227,-0.42447787214409227,-0.42447787214409227,-0.5054768122804466,-0.5054768122804466,0.0,-0.5054768122804466,-0.5054768122804466,-0.5054768122804466,-0.5054768122804466
primary_development_2022_2023_partial,current_contract,sector_leader,s2_reclaim_daily_trend,protect_3pct_target6pct_3d,5,0,0,0.0,0,,0,0,-0.418100774185985,-0.426541692314406,0.010337971187619832,-0.426541692314406,-0.426541692314406,-0.40543939699335363,-0.40543939699335363,-0.48968828361488564,-0.49748637557971787,0.009550673140568209,-0.49748637557971787,-0.49748637557971787,-0.47799114566763734,-0.47799114566763734
primary_development_2022_2023_partial,current_contract,random_hash,s4_reclaim_vwap_support,protect_3pct_target6pct_3d,5,2,0,0.0,0,0.0,0,0,-0.4168506986203129,-0.42838155760070207,0.09965838709069043,-0.5777560269459189,-0.45154174075415066,-0.335436262250286,-0.29113790555050667,-0.4718247669806269,-0.4698829751388812,0.08294501050273673,-0.6170007652203857,-0.48965993163141,-0.3951480973245495,-0.3874320655879079
primary_development_2022_2023_partial,current_contract,trend_structure,s0_distance_only,next_open_3d,5,1,0,0.0,0,0.0,0,0,-0.41647559084019703,-0.42899457234525606,0.07228893059612905,-0.4966366909952241,-0.4830438830637137,-0.3717409491507351,-0.30196185864605596,-0.45818041296302126,-0.4473382646695193,0.061107388578120835,-0.5269477957212952,-0.5189135997550497,-0.4381934769107837,-0.3595089277584579
primary_development_2022_2023_partial,current_contract,random_hash,s0_strong_no_ma,protect_3pct_target6pct_3d,5,0,0,0.0,0,,0,0,-0.45619645315883545,-0.4293941308686958,0.10696780665391509,-0.6360148968080754,-0.5084352697487863,-0.36705661574463966,-0.34008135262397987,-0.49497616302618364,-0.45705204781802133,0.08963075135553204,-0.6441773064122615,-0.5425990492855097,-0.4436029536694598,-0.3874494579456659
primary_development_2022_2023_partial,current_contract,trend_structure,s0_strong_no_ma,next_open_5d,5,1,1,0.2,0,0.0,0,0,-0.312528345798884,-0.42960330113687817,0.3006528363984158,-0.5752179896254295,-0.5468818826905845,-0.25622426103202134,0.24528570549049378,-0.513988911484363,-0.4923087221000265,0.09857308227541788,-0.6517074568638418,-0.6014151648444088,-0.43231353810989415,-0.3921996755036433
primary_development_2022_2023_partial,current_contract,random_hash,s1_break_reclaim_stable3,next_open_1d,5,0,0,0.0,0,,0,0,-0.4093213482394365,-0.4308535691865285,0.11511405575445993,-0.5752061801011534,-0.4750637616896868,-0.31362763602512544,-0.2518555941946886,-0.46019889165598366,-0.4554267238118328,0.0811173347364881,-0.5809151777626069,-0.5140685299895026,-0.3974800817466855,-0.35310394496929065
primary_development_2022_2023_partial,current_contract,flow_quality,s0_distance_only,fast_failure_2pct_target4pct_2d,5,1,0,0.0,0,0.0,0,0,-0.44269948378471186,-0.4316506013370762,0.06318566184989016,-0.5516041926594428,-0.4532075226227048,-0.4201248554566779,-0.35691024684765715,-0.4695577431266635,-0.4669705835902117,0.05976350663815045,-0.5725188400678649,-0.4841550979921332,-0.42670802809326724,-0.39743616588984054
primary_development_2022_2023_partial,current_contract,flow_quality,s4_reclaim_vwap_support,protect_3pct_target6pct_3d,5,2,0,0.0,0,0.0,0,0,-0.3759703206355682,-0.4320124308098263,0.13439905215489906,-0.5342662828452855,-0.4409609334619703,-0.33346862360408214,-0.13914333245667654,-0.4569056567345585,-0.45674908189921326,0.06872393925626856,-0.5749103433388514,-0.47529478455538754,-0.39475846100383527,-0.3828156128755055
primary_development_2022_2023_partial,current_contract,trend_structure,s4_reclaim_volume_normal,next_open_3d,5,0,0,0.0,0,,0,0,-0.4517969057911812,-0.43217788539257107,0.09954466331759285,-0.5920539827402571,-0.537779437929117,-0.3678478705943411,-0.3291253522996197,-0.5172125635005823,-0.49006703101378657,0.05527948560186293,-0.6047627362567316,-0.5536178861736786,-0.48961338623176853,-0.4480017778269467
primary_development_2022_2023_partial,current_contract,random_hash,s4_auction_confirmed_reclaim,fast_failure_2pct_target4pct_2d,5,0,0,0.0,0,,0,0,-0.43644870873070307,-0.432610320396021,0.1663080062704395,-0.614973460308943,-0.5708275273255712,-0.42437248726859866,-0.13945974835438135,-0.5243801509424431,-0.47507472416868723,0.07299332722837977,-0.6237860011264948,-0.6025157332070299,-0.4605580768464588,-0.459966219363545
primary_development_2022_2023_partial,current_contract,random_hash,s0_strong_no_ma,fast_failure_2pct_target4pct_2d,5,0,0,0.0,0,,0,0,-0.45248438342044583,-0.43477909705887796,0.04763087971886188,-0.5364383234886563,-0.47053265846244574,-0.41751352190582314,-0.40315831618642595,-0.4938012207894598,-0.5145353675741831,0.06325354901043215,-0.5862017481922258,-0.5230940674114086,-0.4268550592235192,-0.41831986154596246
primary_development_2022_2023_partial,current_contract,trend_structure,s4_reclaim_vwap_support,momentum_trail_4pct_5d,5,2,0,0.0,0,0.0,0,0,-0.42335419901804744,-0.43755494901753,0.07033525769705931,-0.508492415820115,-0.48681391656679407,-0.3437188794213494,-0.34019083426444874,-0.472277193790572,-0.46120571137942024,0.03961806365537487,-0.5217420603425263,-0.5154637732242047,-0.4380400061265909,-0.4249344178801181
primary_development_2022_2023_partial,current_contract,sector_leader,s4_reclaim_vwap_support,next_open_2d,5,0,0,0.0,0,,0,0,-0.4399037722366622,-0.4399037722366622,0.0,-0.4399037722366622,-0.4399037722366622,-0.4399037722366622,-0.4399037722366622,-0.45567176110844015,-0.4556717611084402,5.551115123125783e-17,-0.4556717611084402,-0.4556717611084402,-0.4556717611084402,-0.4556717611084402
primary_development_2022_2023_partial,current_contract,sector_leader,s2_reclaim_recent_high,next_open_1d,5,0,0,0.0,0,,0,0,-0.44425182490851567,-0.44425182490851567,0.0,-0.44425182490851567,-0.44425182490851567,-0.44425182490851567,-0.44425182490851567,-0.5126217133886668,-0.5126217133886668,0.0,-0.5126217133886668,-0.5126217133886668,-0.5126217133886668,-0.5126217133886668
primary_development_2022_2023_partial,current_contract,trend_structure,s2_reclaim_acceleration,next_open_1d,5,0,0,0.0,0,,0,0,-0.4598941276783702,-0.4455278056364025,0.15554890633832041,-0.6459493628032187,-0.6241573340476649,-0.3289319527790314,-0.2549041831255332,-0.49898192515126594,-0.4778268891718257,0.12674049806120566,-0.6511011727292164,-0.634146804426277,-0.40494350634159515,-0.3268912530874153
primary_development_2022_2023_partial,current_contract,trend_structure,ht_r3_core_pullback,next_open_2d,5,0,0,0.0,0,,0,0,-0.45905037953283595,-0.44596641334204945,0.06975355645577135,-0.5577193498243538,-0.5045330058294596,-0.43689286061245525,-0.3501402680558616,-0.5011893949269971,-0.5073237158126993,0.058125865041448,-0.590714010327776,-0.5197648704799165,-0.4754648279735656,-0.4126795500410281
primary_development_2022_2023_partial,current_contract,sector_leader,ng_r3_volume_quality,next_open_1d,5,0,0,0.0,0,,0,0,-0.4460258469598256,-0.4460258469598256,0.0,-0.4460258469598256,-0.4460258469598256,-0.4460258469598256,-0.4460258469598256,-0.4797841445174006,-0.4797841445174006,0.0,-0.4797841445174006,-0.4797841445174006,-0.4797841445174006,-0.4797841445174006
primary_development_2022_2023_partial,current_contract,flow_quality,s2_reclaim_recent_high,next_open_5d,5,3,0,0.0,0,0.0,0,0,-0.45819905041755077,-0.4463874615555613,0.03789424537261513,-0.5276645635368429,-0.45814754852434236,-0.4460693093848015,-0.41272636908620597,-0.48825529259450084,-0.4553415495481322,0.05082647063276566,-0.5810572982556637,-0.5049926512175127,-0.4515613952136799,-0.44832356873751533
primary_development_2022_2023_partial,current_contract,trend_structure,s0_distance_only,next_open_1d,5,0,0,0.0,0,,0,0,-0.46822596067396133,-0.4473978805383221,0.1191926769194003,-0.665816708317303,-0.5079611825176134,-0.4171784267235077,-0.30277560527306047,-0.5343319943670881,-0.5437275982236978,0.07762518554536978,-0.6676645907271606,-0.5437370711737455,-0.47561133625647867,-0.44091937545435833
primary_development_2022_2023_partial,current_contract,sector_leader,s4_reclaim_vwap_support,momentum_trail_4pct_5d,5,0,0,0.0,0,,0,0,-0.4477043692445374,-0.4477043692445374,0.0,-0.4477043692445374,-0.4477043692445374,-0.4477043692445374,-0.4477043692445374,-0.46251972921544704,-0.46251972921544704,0.0,-0.46251972921544704,-0.46251972921544704,-0.46251972921544704,-0.46251972921544704
primary_development_2022_2023_partial,current_contract,trend_structure,s4_reclaim_volume_proxy,next_open_2d,5,2,0,0.0,0,0.0,0,0,-0.45653366977628485,-0.44961916770358146,0.06286988815590487,-0.5664403089283452,-0.4719459238265534,-0.41126878063643535,-0.3833941677865089,-0.5166131122422363,-0.5033027014369591,0.04309352658611429,-0.5997999911645985,-0.5051123410755607,-0.5006900210742805,-0.47416050645978236
primary_development_2022_2023_partial,current_contract,sector_leader,ht_r3_core_pullback,momentum_trail_4pct_5d,5,0,0,0.0,0,,0,0,-0.45135085463879887,-0.45135085463879887,0.0,-0.45135085463879887,-0.45135085463879887,-0.45135085463879887,-0.45135085463879887,-0.5259082643997294,-0.5259082643997294,0.0,-0.5259082643997294,-0.5259082643997294,-0.5259082643997294,-0.5259082643997294
primary_development_2022_2023_partial,current_contract,sector_leader,s2_reclaim_bull_stack,fast_failure_2pct_target4pct_2d,5,0,0,0.0,0,,0,0,-0.4529074888916925,-0.4529074888916925,0.0,-0.4529074888916925,-0.4529074888916925,-0.4529074888916925,-0.4529074888916925,-0.5827914832629382,-0.5827914832629382,0.0,-0.5827914832629382,-0.5827914832629382,-0.5827914832629382,-0.5827914832629382
primary_development_2022_2023_partial,current_contract,flow_quality,s1_break_reclaim_stable3,next_open_1d,5,0,0,0.0,0,,0,0,-0.4119303641328898,-0.4530042214450303,0.1143775683542063,-0.5747343213526708,-0.4634729076625891,-0.31538536617417545,-0.25305500402998327,-0.4666920458688734,-0.4763857354236819,0.07644508552937902,-0.576340297258751,-0.515601320173451,-0.3992427092377845,-0.3658901672506988
primary_development_2022_2023_partial,current_contract,random_hash,s2_reclaim_breakout_recent,next_open_1d,5,0,0,0.0,0,,0,0,-0.4732027053095725,-0.45418213559484166,0.03551584577121276,-0.5217813673464524,-0.5085453548652626,-0.4514773518739772,-0.4300273168673284,-0.5155025316285368,-0.5017109209009416,0.033074129159871554,-0.5579922647922583,-0.5501266776560487,-0.49546503318352264,-0.47221776160991313
primary_development_2022_2023_partial,current_contract,sector_leader,s4_auction_confirmed_reclaim,momentum_trail_4pct_5d,5,0,0,0.0,0,,0,0,-0.4566517971946228,-0.4566517971946228,0.0,-0.4566517971946228,-0.4566517971946228,-0.4566517971946228,-0.4566517971946228,-0.5089412892251213,-0.5089412892251213,0.0,-0.5089412892251213,-0.5089412892251213,-0.5089412892251213,-0.5089412892251213
primary_development_2022_2023_partial,current_contract,trend_structure,s1_touch_reclaim,protect_3pct_target6pct_3d,5,1,0,0.0,0,0.0,0,0,-0.3930677035704249,-0.4582429889987699,0.098702214812185,-0.4802265626034393,-0.4728714928684934,-0.31915022880054966,-0.23484724458087203,-0.4425303897584961,-0.4758622169478529,0.06511138069207868,-0.5050775538161079,-0.4898665708485477,-0.4138080820008915,-0.3280375251790808
primary_development_2022_2023_partial,current_contract,trend_structure,s2_reclaim_bull_stack,momentum_trail_4pct_5d,5,0,0,0.0,0,,0,0,-0.44829132959521756,-0.459102401966597,0.03678877657682984,-0.4833320553881356,-0.4768594543923952,-0.4413884501165697,-0.3807742861123903,-0.5166739188240996,-0.5142972410789244,0.03012153278733413,-0.5566483852110167,-0.5355177611184843,-0.5106455331856934,-0.4662606735263798
primary_development_2022_2023_partial,current_contract,trend_structure,s2_reclaim_positive_slope,protect_3pct_target6pct_3d,5,1,0,0.0,0,0.0,0,0,-0.4180115427408122,-0.4599611700785875,0.14833052591652934,-0.5741395585299995,-0.4844990823928643,-0.434819586783068,-0.13663831591954134,-0.4860430001466799,-0.5095753260101474,0.09392431370245906,-0.5959741322984357,-0.5502810181664892,-0.44964544288623143,-0.32473908137209617
primary_development_2022_2023_partial,current_contract,trend_structure,s4_reclaim_vwap_support,protect_3pct_target6pct_3d,5,0,0,0.0,0,,0,0,-0.45216967808861047,-0.4603825723705147,0.07254813382530763,-0.5565727830085849,-0.48642243902569504,-0.41990707642415726,-0.33756351961410025,-0.5017136945710183,-0.49836373979806414,0.05081627916087645,-0.5884013191065072,-0.5191697108485682,-0.45206137056961115,-0.45057233253234064
primary_development_2022_2023_partial,current_contract,random_hash,s2_reclaim_recent_high,next_open_3d,5,1,0,0.0,0,0.0,0,0,-0.46333133410303917,-0.4603875425565924,0.17217943478890851,-0.64663818402132,-0.6300003756387368,-0.40519403673388954,-0.17443653156465688,-0.5116655398603827,-0.4944606578013153,0.12268039858345904,-0.6663764632298467,-0.6348074889809249,-0.4120685369760366,-0.35061455231379024
primary_development_2022_2023_partial,current_contract,sector_leader,cs_r3_leader_confirmation,momentum_trail_4pct_5d,5,0,0,0.0,0,,0,0,-0.4604474534423467,-0.4604474534423467,0.0,-0.4604474534423467,-0.4604474534423467,-0.4604474534423467,-0.4604474534423467,-0.5013958462250029,-0.5013958462250029,0.0,-0.5013958462250029,-0.5013958462250029,-0.5013958462250029,-0.5013958462250029
primary_development_2022_2023_partial,current_contract,random_hash,s1_near_reversal,next_open_1d,5,2,0,0.0,0,0.0,0,0,-0.4447699463998541,-0.4608816206589429,0.17049399488479772,-0.6800561611981489,-0.5363387046404584,-0.37940901546844197,-0.16716423003327818,-0.5092878119258104,-0.5024730593031872,0.10271570278733785,-0.6857075934113741,-0.5369500725903001,-0.436729111255442,-0.38457922306874837
primary_development_2022_2023_partial,current_contract,trend_structure,ng_r3_volume_quality,next_open_5d,5,2,0,0.0,0,0.0,0,0,-0.4611080310548029,-0.46146131519485567,0.09760658264222505,-0.5567722814487136,-0.5452418173634588,-0.45814639953542846,-0.2839183417315583,-0.4988648741766134,-0.48420900411465095,0.06389700945595442,-0.57583436729186,-0.5634330564492879,-0.4674902720953663,-0.403357670931902
primary_development_2022_2023_partial,current_contract,trend_structure,cs_r3_leader_confirmation,protect_3pct_target6pct_3d,5,0,0,0.0,0,,0,0,-0.44010196358570075,-0.46155052939327457,0.06820234501918623,-0.5004600719758365,-0.4837954011168686,-0.44580043437331274,-0.30890338106921145,-0.5181646715326872,-0.5198231602238499,0.008620537991286547,-0.530595568969507,-0.5222419536175732,-0.5131219088149725,-0.5050407660375337
primary_development_2022_2023_partial,current_contract,trend_structure,s1_near_reversal,protect_3pct_target6pct_3d,5,1,0,0.0,0,0.0,0,0,-0.5008948874616278,-0.46309146017753255,0.07049128215542617,-0.590545838864696,-0.5812064643283528,-0.44470848439986777,-0.4249221895376899,-0.5309118879492564,-0.4885372042909282,0.06858519281014147,-0.6167559327279979,-0.6098909538584156,-0.48729914842178634,-0.4520762004471538
primary_development_2022_2023_partial,current_contract,flow_quality,s2_reclaim_breakout_recent,next_open_1d,5,0,0,0.0,0,,0,0,-0.4766796882489127,-0.4634103643617691,0.03440921674287693,-0.5230101118268219,-0.5104663728316134,-0.45378040282060716,-0.432731189403752,-0.5196980043886557,-0.5092699101050355,0.029943673804150563,-0.5580743110140359,-0.5519657603685022,-0.4944604641205741,-0.48471957633513063
primary_development_2022_2023_partial,current_contract,random_hash,s0_strong_no_ma,next_open_2d,5,1,0,0.0,0,0.0,0,0,-0.4228182304186416,-0.4635161469513849,0.13058410479502564,-0.5341414748141255,-0.5067226660732771,-0.43965428058062916,-0.17005658367379117,-0.48727819730841837,-0.4886500972238764,0.09604019161130542,-0.604256995270412,-0.5484079321474431,-0.4768765383990462,-0.318199423501314
primary_development_2022_2023_partial,current_contract,trend_structure,s1_touch_immediate,protect_3pct_target6pct_3d,5,0,0,0.0,0,,0,0,-0.408682892843547,-0.4644144758788664,0.18284730684689662,-0.5657787905361219,-0.5057160874737726,-0.45618562775826366,-0.05131948257070995,-0.49414648760580915,-0.4970291191311925,0.08193248426589896,-0.5913877841672271,-0.5441292396322841,-0.4909826369095682,-0.34720365818877386
primary_development_2022_2023_partial,current_contract,trend_structure,s0_strong_no_ma,next_open_1d,5,0,0,0.0,0,,0,0,-0.4641696357034458,-0.46563002788943497,0.03979958368034692,-0.5174194463106625,-0.4973561024082752,-0.42790587653897294,-0.4125367253698834,-0.5225769534771054,-0.5346842415886821,0.049575806041862014,-0.5885471320333338,-0.557948990734864,-0.4730485842550366,-0.45865581877361006
primary_development_2022_2023_partial,current_contract,random_hash,s2_reclaim_acceleration,fast_failure_2pct_target4pct_2d,5,0,1,0.2,0,,0,0,-0.3569275000922475,-0.46656708974355376,0.23252566903174263,-0.5540696251152326,-0.4857959322070535,-0.3714302970893104,0.09322544369391284,-0.47319610532285183,-0.4994393989386696,0.06651345695088491,-0.5606497643221137,-0.5145321266290914,-0.4010213730714083,-0.3903378636529766
primary_development_2022_2023_partial,current_contract,random_hash,s1_touch_immediate,fast_failure_2pct_target4pct_2d,5,1,0,0.0,0,0.0,0,0,-0.41634880442588784,-0.4675618398686727,0.15935061548619475,-0.6123784213622538,-0.542918283472114,-0.23298672920685926,-0.22589874821953926,-0.4542485782690531,-0.47349283254559194,0.13121461244680624,-0.6357543619637885,-0.5361685507005329,-0.36818396517234075,-0.25764318096301164
primary_development_2022_2023_partial,current_contract,flow_quality,s4_reclaim_volume_proxy,fast_failure_2pct_target4pct_2d,5,1,0,0.0,0,0.0,0,0,-0.47356749109379176,-0.46761397676641636,0.08457898604559207,-0.5738227908211389,-0.5477118211339913,-0.444103114720521,-0.3345857520268912,-0.49105657078543635,-0.49313051992406787,0.08986017087476983,-0.593181372598907,-0.5664083915147219,-0.4650910583143796,-0.33747151157510535
primary_development_2022_2023_partial,current_contract,sector_leader,s2_first_touch_reclaim,next_open_5d,5,0,0,0.0,0,,0,0,-0.4677141809305905,-0.4677141809305905,0.0,-0.4677141809305905,-0.4677141809305905,-0.4677141809305905,-0.4677141809305905,-0.49127624543650794,-0.49127624543650794,0.0,-0.49127624543650794,-0.49127624543650794,-0.49127624543650794,-0.49127624543650794
primary_development_2022_2023_partial,current_contract,trend_structure,s1_near_reversal,next_open_3d,5,0,0,0.0,0,,0,0,-0.4315705689827155,-0.468145849378378,0.15350204603307435,-0.627741411217076,-0.4975251047853737,-0.40270384391178937,-0.1617366356209603,-0.4852943793729791,-0.5097949800166659,0.11209730604464826,-0.6441321297795861,-0.5242695119660008,-0.4475154825072335,-0.3007597925954094
primary_development_2022_2023_partial,current_contract,flow_quality,s1_break_reclaim_stable3,fast_failure_2pct_target4pct_2d,5,0,0,0.0,0,,0,0,-0.4506357065409472,-0.47009103291277543,0.09102590600934841,-0.5686025457047612,-0.5067051645067071,-0.4052250906036443,-0.30255469897684806,-0.4945959038408235,-0.49206183399974324,0.053548549531165286,-0.571739471595816,-0.523598864767582,-0.4757346412022728,-0.4098447076387034
primary_development_2022_2023_partial,current_contract,random_hash,s4_reclaim_volume_normal,fast_failure_2pct_target4pct_2d,5,1,0,0.0,0,0.0,0,0,-0.4716196882941933,-0.47013111113799355,0.13970553588999687,-0.6645203532844085,-0.5271259929575307,-0.4639404670883135,-0.23238051700272033,-0.5196372157941237,-0.53192297964748,0.09398415874917189,-0.664916904695914,-0.5390444673486632,-0.48976686840693495,-0.3725348588716264
primary_development_2022_2023_partial,current_contract,trend_structure,s1_break_reclaim_stable3,momentum_trail_4pct_5d,5,4,0,0.0,0,0.0,0,0,-0.4327775896197131,-0.4717150731848976,0.10186938500349413,-0.5168290548723034,-0.5063884998483112,-0.43081499235729814,-0.23814032783575512,-0.4676772876548557,-0.4717589569334031,0.0669736460261107,-0.5373096984071907,-0.5246136732289086,-0.45613629778301845,-0.3485678119217577
primary_development_2022_2023_partial,current_contract,flow_quality,ng_r3_volume_quality,fast_failure_2pct_target4pct_2d,5,1,0,0.0,0,0.0,0,0,-0.48250427405597696,-0.4725272549820215,0.04343707095886401,-0.5651976718545146,-0.47675667662441523,-0.4595249538087114,-0.4385148130102221,-0.5112515968166382,-0.4955845377503927,0.036865991344354254,-0.5763624973012017,-0.5253209611311045,-0.48641271842703193,-0.4725772694734609
primary_development_2022_2023_partial,current_contract,flow_quality,s2_reclaim_recent_high,momentum_trail_4pct_5d,5,2,0,0.0,0,0.0,0,0,-0.4415360297718001,-0.4766855176175532,0.10158749622858247,-0.5375642670829418,-0.489784285632499,-0.45840271032506685,-0.24524336820094006,-0.4717730752035152,-0.5074008612191216,0.0994897990381244,-0.5624781827030819,-0.5422347888387246,-0.46187840749359954,-0.2848731357630483
primary_development_2022_2023_partial,current_contract,random_hash,s2_reclaim_breakout_recent,fast_failure_2pct_target4pct_2d,5,1,0,0.0,0,0.0,0,0,-0.42729436989513214,-0.4780374992820121,0.15249501773205348,-0.5887840232024357,-0.5555682385261176,-0.33826081919009887,-0.17582126927499675,-0.49388285171837965,-0.4947866153257624,0.09043632294476624,-0.6129306057109339,-0.5696914759391987,-0.4261067170159625,-0.36589884460004096
primary_development_2022_2023_partial,current_contract,random_hash,s4_reclaim_volume_normal,next_open_1d,5,0,0,0.0,0,,0,0,-0.48102334195246677,-0.47961080004431367,0.15703086247382897,-0.7287057927456737,-0.5510798090451663,-0.38204533154075626,-0.2636749763864241,-0.5106848484491577,-0.4998495850212272,0.14537843242531215,-0.7290455284658865,-0.6075052987120289,-0.39158948020980655,-0.32543434983683917
primary_development_2022_2023_partial,current_contract,trend_structure,s0_distance_only,next_open_2d,5,1,0,0.0,0,0.0,0,0,-0.49094428159008496,-0.47962927842702785,0.11236420591066532,-0.650441488504689,-0.5617145997812744,-0.44697620396288984,-0.3159598372745438,-0.5313716843137736,-0.5541001175069605,0.10700080128970062,-0.6639909329831538,-0.6085666895043405,-0.4705272796925095,-0.35967340188190366
primary_development_2022_2023_partial,current_contract,trend_structure,s2_reclaim_recent_high,next_open_2d,5,0,0,0.0,0,,0,0,-0.41852293001825525,-0.47999695381733665,0.08117447490913865,-0.4920209737972312,-0.48199839978925485,-0.3240746738755863,-0.31452364881186745,-0.4987041410942995,-0.5360239927739527,0.061068878549466694,-0.5552801400331715,-0.5446468496594785,-0.4616883633186132,-0.3958813596862816
primary_development_2022_2023_partial,current_contract,random_hash,s2_reclaim_recent_high,next_open_2d,5,0,0,0.0,0,,0,0,-0.49418945875866277,-0.4805166263616858,0.10592716569957329,-0.6241007724325243,-0.601266252113142,-0.4188542028529425,-0.34620944003301923,-0.5328857207238866,-0.5509527040917113,0.10813940619926452,-0.6516557377827812,-0.645525179208938,-0.4188951338485978,-0.39739984868740497
primary_development_2022_2023_partial,current_contract,trend_structure,s4_reclaim_amount_acceleration,protect_3pct_target6pct_3d,5,1,0,0.0,0,0.0,0,0,-0.46247342080012405,-0.4827287521112521,0.07669387519531402,-0.5678132450778558,-0.5120765494514626,-0.38177738177316856,-0.3679711755868812,-0.4959348469363166,-0.5098879445983092,0.061083674943553753,-0.5815171422622913,-0.5349555436854128,-0.42944505770740604,-0.4238685464281641
primary_development_2022_2023_partial,current_contract,flow_quality,cs_r3_leader_confirmation,next_open_1d,5,1,0,0.0,0,0.0,0,0,-0.4795375479710356,-0.4831308221242253,0.11400082899572553,-0.6131999219324835,-0.5573336506408041,-0.46668622533216986,-0.2773371198254949,-0.5244297022655929,-0.5483941550128658,0.09642860158308077,-0.6220691469642476,-0.5886587115159718,-0.518093615123989,-0.3449328827108904
primary_development_2022_2023_partial,current_contract,random_hash,cs_r3_leader_confirmation,next_open_1d,5,1,0,0.0,0,0.0,0,0,-0.47868370164102025,-0.4836178030289612,0.12138359382567138,-0.6169605750162365,-0.5668767575500406,-0.4629144571236399,-0.2630489154862228,-0.5239096850061769,-0.5471863391099872,0.10289065190399405,-0.6257514250642044,-0.5959812959132413,-0.5185418846542238,-0.3320874802892272
primary_development_2022_2023_partial,current_contract,sector_leader,s4_reclaim_amount_acceleration,next_open_1d,5,0,0,0.0,0,,0,0,-0.48497884408024683,-0.48497884408024683,0.0,-0.48497884408024683,-0.48497884408024683,-0.48497884408024683,-0.48497884408024683,-0.5166345427020784,-0.5166345427020784,0.0,-0.5166345427020784,-0.5166345427020784,-0.5166345427020784,-0.5166345427020784
primary_development_2022_2023_partial,current_contract,sector_leader,s1_touch_reclaim,next_open_1d,5,0,0,0.0,0,,0,0,-0.4851012936532474,-0.4851012936532474,0.0,-0.4851012936532474,-0.4851012936532474,-0.4851012936532474,-0.4851012936532474,-0.5171349720993075,-0.5171349720993075,0.0,-0.5171349720993075,-0.5171349720993075,-0.5171349720993075,-0.5171349720993075
primary_development_2022_2023_partial,current_contract,sector_leader,s0_distance_only,momentum_trail_4pct_5d,5,0,0,0.0,0,,0,0,-0.48543099687532437,-0.4854309968753243,5.551115123125783e-17,-0.4854309968753243,-0.4854309968753243,-0.4854309968753243,-0.4854309968753243,-0.5104647582767643,-0.5104647582767643,0.0,-0.5104647582767643,-0.5104647582767643,-0.5104647582767643,-0.5104647582767643
primary_development_2022_2023_partial,current_contract,flow_quality,s1_near_reversal,next_open_1d,5,2,0,0.0,0,0.0,0,0,-0.4662070537279388,-0.48702293948201836,0.15678924281117088,-0.6836999114489091,-0.5407352296020657,-0.4114988958768975,-0.20807829222980367,-0.5217698469903393,-0.5262291953080289,0.09744536231242856,-0.6879824282343682,-0.5411314569632939,-0.453212860054671,-0.40029329439133454
primary_development_2022_2023_partial,current_contract,sector_leader,ng_r3_volume_quality,fast_failure_2pct_target4pct_2d,5,0,0,0.0,0,,0,0,-0.48742360003236945,-0.4874236000323695,5.551115123125783e-17,-0.4874236000323695,-0.4874236000323695,-0.4874236000323695,-0.4874236000323695,-0.5011876475234482,-0.5011876475234482,0.0,-0.5011876475234482,-0.5011876475234482,-0.5011876475234482,-0.5011876475234482
primary_development_2022_2023_partial,current_contract,trend_structure,s4_reclaim_volume_normal,next_open_5d,5,5,0,0.0,0,0.0,0,0,-0.500524922958621,-0.4885483720170839,0.03358563983879492,-0.5651786688575356,-0.49879481809253845,-0.4778473686547954,-0.4722553871711521,-0.5178654040583973,-0.5023377669670706,0.03519472570697922,-0.5843628302156068,-0.5209189022356848,-0.49641014214509727,-0.4852973787285274
primary_development_2022_2023_partial,current_contract,trend_structure,s2_reclaim_recent_high,next_open_5d,5,5,0,0.0,0,0.0,0,0,-0.4784833153836363,-0.4890763706807586,0.05518677838236136,-0.5441136023981944,-0.5108341311445352,-0.4681712631580144,-0.38022120953667926,-0.5080620084304867,-0.5121380535354739,0.04412495242783741,-0.5570912625519658,-0.5334066021537891,-0.5112341959829968,-0.4264399279282075
primary_development_2022_2023_partial,current_contract,sector_leader,ng_r3_volume_quality,momentum_trail_4pct_5d,5,0,0,0.0,0,,0,0,-0.48953623372806926,-0.4895362337280693,5.551115123125783e-17,-0.4895362337280693,-0.4895362337280693,-0.4895362337280693,-0.4895362337280693,-0.540604125941335,-0.540604125941335,0.0,-0.540604125941335,-0.540604125941335,-0.540604125941335,-0.540604125941335
primary_development_2022_2023_partial,current_contract,sector_leader,s2_first_touch_reclaim,next_open_3d,5,0,0,0.0,0,,0,0,-0.49194976847801286,-0.49194976847801286,0.0,-0.49194976847801286,-0.49194976847801286,-0.49194976847801286,-0.49194976847801286,-0.554704782190008,-0.554704782190008,0.0,-0.554704782190008,-0.554704782190008,-0.554704782190008,-0.554704782190008
primary_development_2022_2023_partial,current_contract,random_hash,s4_auction_confirmed_reclaim,next_open_1d,5,0,0,0.0,0,,0,0,-0.44085612651845835,-0.4929272375479008,0.15628574968299355,-0.6324284813131805,-0.5308253574751143,-0.37144493149520263,-0.17665462476089333,-0.5002523992909056,-0.507137046935169,0.10269221410478813,-0.646380634099425,-0.5591787982611637,-0.446225731186944,-0.3423397859718261
primary_development_2022_2023_partial,current_contract,flow_quality,s0_distance_only,next_open_1d,5,2,0,0.0,0,0.0,0,0,-0.508219703079045,-0.4936505625538832,0.08744373874723914,-0.6359150936349276,-0.5773665128515262,-0.42974510705211677,-0.40442123930277096,-0.5251085518872692,-0.5003074870489692,0.08097692383474264,-0.6535476617264171,-0.5803534416381763,-0.4462678731793891,-0.4450662958433942
primary_development_2022_2023_partial,current_contract,flow_quality,s2_reclaim_acceleration,next_open_1d,5,0,0,0.0,0,,0,0,-0.5068059692258025,-0.4939329804977627,0.038208485811119575,-0.5777414393410807,-0.5118741249800589,-0.4817006160160273,-0.4687806852940829,-0.5283456555741569,-0.5208794513180759,0.03729662442115221,-0.5946357190812687,-0.5384190797778532,-0.49778176167541,-0.4900122660181767
primary_development_2022_2023_partial,current_contract,trend_structure,s2_reclaim_daily_trend,fast_failure_2pct_target4pct_2d,5,0,0,0.0,0,,0,0,-0.4617262996796523,-0.495769720884645,0.10562583807412365,-0.6142464719622589,-0.49773916313244015,-0.4018951646840775,-0.2989809777348401,-0.494531104495162,-0.5141237158238616,0.09646979842793094,-0.6255762305042529,-0.5550582037779279,-0.4277854645922985,-0.35011190777746937
primary_development_2022_2023_partial,current_contract,trend_structure,s4_reclaim_volume_proxy,momentum_trail_4pct_5d,5,4,0,0.0,0,0.0,0,0,-0.4216806461598894,-0.49645507872776284,0.15796277470945885,-0.5767927734763907,-0.5363393921458435,-0.3557278907823965,-0.14308809566705338,-0.49427214079213877,-0.5449702165891142,0.11562411865314169,-0.607722264431557,-0.5922413709136234,-0.424257324720002,-0.3021695273063971
primary_development_2022_2023_partial,current_contract,trend_structure,s1_touch_immediate,fast_failure_2pct_target4pct_2d,5,0,0,0.0,0,,0,0,-0.5296658106735006,-0.49654018375926234,0.08623170375708857,-0.6551953553929832,-0.6059150232252737,-0.45735336851611796,-0.4333251224738659,-0.5545411932259373,-0.5442916012627403,0.08438008661030852,-0.6765446232711312,-0.6213799319495024,-0.4751199431630566,-0.45536986648325595
primary_development_2022_2023_partial,current_contract,random_hash,s1_near_reversal,fast_failure_2pct_target4pct_2d,5,2,0,0.0,0,0.0,0,0,-0.4940842390155584,-0.5023134888157375,0.10790300606597288,-0.6203653509538525,-0.6032016469697881,-0.3898316753659601,-0.3547090329724538,-0.522356734920455,-0.5380236339559237,0.08780228164569766,-0.622780019441565,-0.6081725729433058,-0.4367095511416532,-0.40609789711982724
primary_development_2022_2023_partial,current_contract,random_hash,s2_reclaim_acceleration,next_open_1d,5,0,0,0.0,0,,0,0,-0.5145036790214623,-0.5027651979701266,0.03506484520383465,-0.5819957843661888,-0.5125535043677061,-0.48893083471653753,-0.4862730736867529,-0.5363513151977382,-0.5241698275446899,0.03255653710457688,-0.5988533104177916,-0.5350486953716208,-0.5164074023008463,-0.5072773403537423
primary_development_2022_2023_partial,current_contract,trend_structure,s4_reclaim_volume_proxy,fast_failure_2pct_target4pct_2d,5,0,0,0.0,0,,0,0,-0.5003085417491224,-0.5041319051378117,0.019826952666490535,-0.5328441787599707,-0.5046301811831538,-0.4847755433766374,-0.47516090028803837,-0.5459993581469362,-0.5496099749056305,0.020620897247042472,-0.5791317429549353,-0.5510942336414886,-0.5326353453314007,-0.5175254939012259
primary_development_2022_2023_partial,current_contract,flow_quality,s1_near_reversal,protect_3pct_target6pct_3d,5,3,0,0.0,0,0.0,0,0,-0.4002925354584125,-0.5073264075877004,0.18721178783474055,-0.600643452825087,-0.5310366029778802,-0.25393322637974425,-0.10852298752165046,-0.4559649630902299,-0.5217273303584761,0.13773287319779978,-0.6221034486670431,-0.5409349648747742,-0.3499774432551933,-0.2450816282956626
primary_development_2022_2023_partial,current_contract,trend_structure,s1_near_reversal,fast_failure_2pct_target4pct_2d,5,0,0,0.0,0,,0,0,-0.4962000619238903,-0.5089377190378526,0.029036853581046195,-0.5219162704842566,-0.5123206313429681,-0.4975752395726778,-0.44025044918169687,-0.5288372383116856,-0.5428371292243112,0.03565758875669767,-0.5627131759879724,-0.5516458483776516,-0.5250811271140627,-0.4619089108544304
primary_development_2022_2023_partial,current_contract,trend_structure,ng_r3_volume_quality,next_open_2d,5,3,0,0.0,0,0.0,0,0,-0.5509172228201513,-0.5101670466892683,0.1297197423041129,-0.7984885698514472,-0.5444766099522917,-0.4738163729740231,-0.42763751463372635,-0.5672431182489408,-0.5173896348660347,0.11833580349344935,-0.7995422948835107,-0.5463962376275469,-0.49264266822875324,-0.4802447556388586
primary_development_2022_2023_partial,current_contract,flow_quality,s0_strong_no_ma,fast_failure_2pct_target4pct_2d,5,0,0,0.0,0,,0,0,-0.5471937834460254,-0.5110228376803494,0.09528166462464631,-0.7217151102429011,-0.5617977040471012,-0.5000096655290378,-0.4414235997307373,-0.5752395526381079,-0.5624633399895203,0.09362598381154996,-0.7324284585819736,-0.6123361496991206,-0.5080281836296291,-0.46094163129029575
primary_development_2022_2023_partial,current_contract,trend_structure,s2_reclaim_positive_slope,fast_failure_2pct_target4pct_2d,5,0,0,0.0,0,,0,0,-0.46714107343936656,-0.51118244542585,0.11747212256341488,-0.6344611019344933,-0.5140888393773104,-0.37980130854177074,-0.2961716719174079,-0.504885927974562,-0.5178150832784554,0.09753782336345637,-0.6497471274781998,-0.5602641708545759,-0.41603619212771825,-0.3805670661338606
primary_development_2022_2023_partial,current_contract,trend_structure,cs_r3_leader_confirmation,next_open_1d,5,0,0,0.0,0,,0,0,-0.49608812569189115,-0.5112931976388788,0.047923797776842005,-0.5482063113805735,-0.5414802389879185,-0.44757681208731437,-0.43188406836477045,-0.5492102001407949,-0.5622199252141491,0.04853335771942876,-0.614001751464708,-0.5744186999404515,-0.5248093756670662,-0.47060124841759965
primary_development_2022_2023_partial,current_contract,flow_quality,s0_strong_no_ma,next_open_2d,5,1,0,0.0,0,0.0,0,0,-0.4437126135434073,-0.5113569969486128,0.11796202586124974,-0.5297933511826443,-0.5219025103036028,-0.4386234816262149,-0.21688672765596162,-0.49483488329927433,-0.5268027159893872,0.09783148076229799,-0.6029966037767471,-0.5429366375279099,-0.48762377992866957,-0.3138146792736579
primary_development_2022_2023_partial,current_contract,trend_structure,s4_reclaim_volume_proxy,protect_3pct_target6pct_3d,5,2,0,0.0,0,0.0,0,0,-0.5333890207349311,-0.5148915715140978,0.05795109807737443,-0.6440471129257777,-0.5321065155784556,-0.4940004502029912,-0.4818994534533335,-0.5685804737095516,-0.5413299018744264,0.051544120819388,-0.6652338354725058,-0.5779531910561833,-0.5312995952658643,-0.5270858448787777
primary_development_2022_2023_partial,current_contract,trend_structure,s2_reclaim_breakout_recent,next_open_1d,5,0,0,0.0,0,,0,0,-0.5158084226552848,-0.5150406083640289,0.055604857965529934,-0.603308893335339,-0.5462451756261212,-0.4596576512701981,-0.45478978468073705,-0.5484276415414902,-0.5363875898003041,0.05517215618445835,-0.6419077137281355,-0.5736586163912116,-0.4973719067939597,-0.49281238099384006
primary_development_2022_2023_partial,current_contract,trend_structure,s4_auction_confirmed_reclaim,next_open_1d,5,0,0,0.0,0,,0,0,-0.5233847470024904,-0.5164980788216338,0.0842232251730471,-0.6345815466915263,-0.5834574337312797,-0.4956727866534868,-0.386713889114526,-0.5500237153071073,-0.5424264339665863,0.06737857747670846,-0.6490904674387967,-0.5968289070491258,-0.5040893615315046,-0.45768340654952266
primary_development_2022_2023_partial,current_contract,random_hash,s0_distance_only,next_open_1d,5,2,0,0.0,0,0.0,0,0,-0.49146928032482534,-0.5172317546292697,0.10693622707861403,-0.6268501698416551,-0.5652635931764766,-0.42470367862521796,-0.3232972053515073,-0.5321183933916865,-0.5232558174256181,0.0670469119544996,-0.6407580870759904,-0.5682740744213861,-0.46911271766219653,-0.4591912703732417
primary_development_2022_2023_partial,current_contract,trend_structure,s1_break_reclaim_stable3,next_open_2d,5,0,0,0.0,0,,0,0,-0.5497271023613719,-0.5187590136247715,0.06441092952940057,-0.6377803864191047,-0.615779960728042,-0.4947522255551877,-0.4815639254797536,-0.5666016277711423,-0.5334339489491045,0.05989600470671048,-0.6514364948867246,-0.6249088548319586,-0.5214553691940929,-0.501773470993831
primary_development_2022_2023_partial,current_contract,sector_leader,s4_reclaim_vwap_support,next_open_1d,5,0,0,0.0,0,,0,0,-0.5207567843060044,-0.5207567843060044,0.0,-0.5207567843060044,-0.5207567843060044,-0.5207567843060044,-0.5207567843060044,-0.5523829692189773,-0.5523829692189773,0.0,-0.5523829692189773,-0.5523829692189773,-0.5523829692189773,-0.5523829692189773
primary_development_2022_2023_partial,current_contract,trend_structure,s1_break_reclaim_stable3,protect_3pct_target6pct_3d,5,3,0,0.0,0,0.0,0,0,-0.5021087412460947,-0.5212465090964584,0.03593962046295496,-0.5364071058177711,-0.5294012838255104,-0.4831009865750898,-0.44038782091564366,-0.5231951563677122,-0.5362097051535579,0.0389068596201335,-0.5638114147108644,-0.5507476563894894,-0.511716685100245,-0.45349032048440396
primary_development_2022_2023_partial,current_contract,flow_quality,s2_reclaim_bull_stack,next_open_3d,5,0,0,0.0,0,,0,0,-0.5112791018261044,-0.5219028654793123,0.029366141079136012,-0.5415286569166728,-0.5362473032648969,-0.49405845796047443,-0.4626582255091656,-0.5742089812134644,-0.5826636791908719,0.03711870137770445,-0.6136189108183367,-0.6033489832905734,-0.5626359188329386,-0.5087774139346015
primary_development_2022_2023_partial,current_contract,trend_structure,s0_strong_no_ma,fast_failure_2pct_target4pct_2d,5,0,0,0.0,0,,0,0,-0.49366617690618175,-0.5248539207647533,0.06375758480956334,-0.5654001557632982,-0.5380922718383678,-0.4462348043579467,-0.39374973180654294,-0.5432093899667205,-0.5750820423404885,0.070709257689542,-0.611294519346882,-0.6085749234556943,-0.4870900810848545,-0.4340053836056833
primary_development_2022_2023_partial,current_contract,flow_quality,ht_r3_core_pullback,next_open_1d,5,1,0,0.0,0,0.0,0,0,-0.5216233185967954,-0.525473355292603,0.0977552844206978,-0.6699371606359785,-0.5582640308130493,-0.4846776635730268,-0.3697643826693199,-0.5859459926079336,-0.6029979271181329,0.06449098618514482,-0.675134671499041,-0.6110262805003783,-0.5608961143758362,-0.4796749695462792
primary_development_2022_2023_partial,current_contract,sector_leader,s2_first_touch_reclaim,next_open_2d,5,0,0,0.0,0,,0,0,-0.5262044868532458,-0.5262044868532458,0.0,-0.5262044868532458,-0.5262044868532458,-0.5262044868532458,-0.5262044868532458,-0.522546424261272,-0.522546424261272,0.0,-0.522546424261272,-0.522546424261272,-0.522546424261272,-0.522546424261272
primary_development_2022_2023_partial,current_contract,random_hash,s0_strong_no_ma,next_open_1d,5,0,0,0.0,0,,0,0,-0.4900306393589625,-0.5263195244011176,0.2007905004613789,-0.726958222713634,-0.5739349759664139,-0.5029447652682799,-0.11999570844536722,-0.5679503707395002,-0.5786616814791659,0.11512348681847773,-0.7449946291312479,-0.6098527664027475,-0.5109162121581625,-0.395326564526177
primary_development_2022_2023_partial,current_contract,flow_quality,s2_reclaim_breakout_recent,protect_3pct_target6pct_3d,5,2,0,0.0,0,0.0,0,0,-0.5367156798953125,-0.5281685359036483,0.06567620420114986,-0.6123961271164693,-0.599874621854209,-0.5121229092086013,-0.4310162053936353,-0.5709465382934908,-0.5403156278227355,0.046558159612743,-0.6317865981176303,-0.623382522361417,-0.5337412590801496,-0.5255066840855218
primary_development_2022_2023_partial,current_contract,random_hash,s2_reclaim_bull_stack,next_open_3d,5,0,0,0.0,0,,0,0,-0.5150627818698706,-0.5285820022774907,0.030579940466287328,-0.5438075267520108,-0.5415246652804109,-0.4980892465604244,-0.46331046847901625,-0.5776977062481979,-0.5889260079135801,0.037839003906579884,-0.6180008196549114,-0.6034081885964829,-0.5687781978525432,-0.5093753172234721
primary_development_2022_2023_partial,current_contract,flow_quality,s2_reclaim_recent_high,next_open_2d,5,0,0,0.0,0,,0,0,-0.48231271423695043,-0.5306061439245928,0.12394959710583835,-0.630159259724036,-0.5788365059054468,-0.35153355052190993,-0.3204281111087669,-0.5333911453762143,-0.5794669519517719,0.09191157180430658,-0.6423630611678808,-0.5977925822089409,-0.4263419135942246,-0.4209912179582531
primary_development_2022_2023_partial,current_contract,trend_structure,s1_break_reclaim_stable3,next_open_1d,5,0,0,0.0,0,,0,0,-0.5394275364534129,-0.5308180285631428,0.12324399525439965,-0.6891840342888743,-0.6593637917451822,-0.4587725039976873,-0.3589993236721779,-0.580095217815909,-0.6258997316427328,0.10858823309523413,-0.6931239539376777,-0.6721586475262964,-0.5001068941299411,-0.409186861842897
primary_development_2022_2023_partial,current_contract,trend_structure,s0_distance_only,protect_3pct_target6pct_3d,5,2,0,0.0,0,0.0,0,0,-0.5264618938929826,-0.5310636309572536,0.019792537881777383,-0.5470498370830081,-0.5377050584495662,-0.5272664934165862,-0.4892244495584991,-0.5492360319292405,-0.5667676583493532,0.03330694990992507,-0.578789276153873,-0.5764425130256097,-0.5329016187182152,-0.49127909339915155
primary_development_2022_2023_partial,current_contract,flow_quality,s4_reclaim_volume_normal,next_open_1d,5,0,0,0.0,0,,0,0,-0.472815399152312,-0.5311335334096285,0.1189272640780555,-0.5502972599816559,-0.5485844007268746,-0.49585707322253914,-0.23820472842086193,-0.5255055451476272,-0.5628166667340138,0.10055605043573626,-0.6132035366374811,-0.5652097910412912,-0.5578939449411002,-0.3284037863842496
primary_development_2022_2023_partial,current_contract,random_hash,ng_r3_volume_quality,fast_failure_2pct_target4pct_2d,5,1,0,0.0,0,0.0,0,0,-0.48496030464390516,-0.5314728811338104,0.07878402404944096,-0.5439609383563877,-0.5379168553643128,-0.4765399313446824,-0.33491091702033216,-0.5119355627331755,-0.5412409995141172,0.07739769674267567,-0.5886006441399909,-0.5700932071334115,-0.48628218739948803,-0.3734607754788699
primary_development_2022_2023_partial,current_contract,sector_leader,s1_touch_immediate,next_open_1d,5,0,0,0.0,0,,0,0,-0.5317254694452505,-0.5317254694452505,0.0,-0.5317254694452505,-0.5317254694452505,-0.5317254694452505,-0.5317254694452505,-0.5483913006902229,-0.5483913006902229,0.0,-0.5483913006902229,-0.5483913006902229,-0.5483913006902229,-0.5483913006902229
primary_development_2022_2023_partial,current_contract,random_hash,s2_reclaim_breakout_recent,momentum_trail_4pct_5d,5,4,0,0.0,0,0.0,0,0,-0.44434464756261943,-0.5319754006118279,0.15257683761019866,-0.5789618272845858,-0.5359539675510188,-0.4157750252607437,-0.15905701710492093,-0.49530072716790335,-0.5506094757334605,0.11446979575384351,-0.5947427376844396,-0.5858196710510979,-0.4572135154456488,-0.28811823592487007
primary_development_2022_2023_partial,current_contract,flow_quality,s4_auction_confirmed_reclaim,next_open_1d,5,0,0,0.0,0,,0,0,-0.4671089801061667,-0.5324712061135485,0.14536142144734374,-0.5920129426028611,-0.541487993445871,-0.48516209985601644,-0.1844106585125368,-0.5188535877213003,-0.5527534990626524,0.08240688363198062,-0.6140481859107471,-0.5567775680565059,-0.4999873647367141,-0.37070132083988183
primary_development_2022_2023_partial,current_contract,sector_leader,s1_break_reclaim_stable3,protect_3pct_target6pct_3d,5,0,0,0.0,0,,0,0,-0.5345601888400486,-0.5345544965967164,6.971545827825433e-06,-0.5345687272050469,-0.5345687272050469,-0.5345544965967164,-0.5345544965967164,-0.5481924433938705,-0.5459121395285,0.0027927904643269127,-0.5516128991919262,-0.5516128991919262,-0.5459121395285,-0.5459121395285
primary_development_2022_2023_partial,current_contract,sector_leader,s1_touch_immediate,next_open_2d,5,0,0,0.0,0,,0,0,-0.5351020994109796,-0.5351020994109796,0.0,-0.5351020994109796,-0.5351020994109796,-0.5351020994109796,-0.5351020994109796,-0.5310845350811628,-0.5310845350811628,0.0,-0.5310845350811628,-0.5310845350811628,-0.5310845350811628,-0.5310845350811628
primary_development_2022_2023_partial,current_contract,random_hash,s2_reclaim_recent_high,momentum_trail_4pct_5d,5,4,0,0.0,0,0.0,0,0,-0.5043186887603089,-0.5369029765802944,0.10763968981062962,-0.6225210487182953,-0.569143837516617,-0.4844089140897829,-0.3086166668965551,-0.5339240120424431,-0.550806769245866,0.10191286056940195,-0.6282597537011629,-0.6200957289585696,-0.5242229563796581,-0.3462348519269589
primary_development_2022_2023_partial,current_contract,trend_structure,s0_strong_no_ma,next_open_2d,5,0,0,0.0,0,,0,0,-0.5375638984599611,-0.5393307966397682,0.10525331368606591,-0.6648061111758219,-0.6442945078815067,-0.42282187528298776,-0.41656620131972133,-0.5730760260449139,-0.5456351509038415,0.09942829524058285,-0.7137781872174114,-0.663172365478148,-0.47792857567209124,-0.46486585095307753
primary_development_2022_2023_partial,current_contract,trend_structure,s1_near_reversal,next_open_1d,5,0,0,0.0,0,,0,0,-0.5303763391671046,-0.5403815251779002,0.06715407561899335,-0.6433907749750988,-0.5440336122222578,-0.47067429751040657,-0.45340148594985963,-0.5581631231847244,-0.5593996722224882,0.05984738972679428,-0.6601817667755352,-0.5739358052684713,-0.5077766885686696,-0.48952168308845734
primary_development_2022_2023_partial,current_contract,sector_leader,s1_touch_immediate,fast_failure_2pct_target4pct_2d,5,0,0,0.0,0,,0,0,-0.5413649209869288,-0.5413649209869288,0.0,-0.5413649209869288,-0.5413649209869288,-0.5413649209869288,-0.5413649209869288,-0.5585184828635481,-0.5585184828635481,0.0,-0.5585184828635481,-0.5585184828635481,-0.5585184828635481,-0.5585184828635481
primary_development_2022_2023_partial,current_contract,trend_structure,s1_touch_reclaim,fast_failure_2pct_target4pct_2d,5,0,0,0.0,0,,0,0,-0.5107963519810937,-0.5435248171034556,0.15188485579300517,-0.69069221227735,-0.6230870874790801,-0.43921584400761693,-0.25746179903796607,-0.5519344826346837,-0.5873398111261205,0.11958621264486412,-0.6967029656675987,-0.6383910538593327,-0.47462036758070314,-0.36261821493966395
primary_development_2022_2023_partial,current_contract,random_hash,s4_reclaim_volume_proxy,fast_failure_2pct_target4pct_2d,5,1,0,0.0,0,0.0,0,0,-0.5433958586494357,-0.5444022953715462,0.06395896232655111,-0.6490134172257926,-0.561520512450657,-0.5053941305290592,-0.4566489376701238,-0.5557417793161686,-0.5601351775595382,0.06437626068160382,-0.6646145199689459,-0.5701164942390557,-0.5076727472721398,-0.47616995754116365
primary_development_2022_2023_partial,current_contract,trend_structure,s4_auction_confirmed_reclaim,protect_3pct_target6pct_3d,5,1,0,0.0,0,0.0,0,0,-0.5182450492343849,-0.5446212715183196,0.12718928432314106,-0.6725586886111478,-0.5500959372461373,-0.5399901063403483,-0.2839592424559714,-0.5456768158529537,-0.5573726694957972,0.09942253196074151,-0.6816253798608223,-0.5620874876610761,-0.5560588158722257,-0.37123972637484726
primary_development_2022_2023_partial,current_contract,sector_leader,s1_touch_reclaim,fast_failure_2pct_target4pct_2d,5,0,0,0.0,0,,0,0,-0.5464098566877361,-0.5464098566877361,0.0,-0.5464098566877361,-0.5464098566877361,-0.5464098566877361,-0.5464098566877361,-0.5623340228502218,-0.5623340228502218,0.0,-0.5623340228502218,-0.5623340228502218,-0.5623340228502218,-0.5623340228502218
primary_development_2022_2023_partial,current_contract,sector_leader,cs_r3_leader_confirmation,fast_failure_2pct_target4pct_2d,5,0,0,0.0,0,,0,0,-0.5470285904169985,-0.5470285904169985,0.0,-0.5470285904169985,-0.5470285904169985,-0.5470285904169985,-0.5470285904169985,-0.5590728652740137,-0.5590728652740137,0.0,-0.5590728652740137,-0.5590728652740137,-0.5590728652740137,-0.5590728652740137
primary_development_2022_2023_partial,current_contract,flow_quality,s0_strong_no_ma,next_open_1d,5,0,0,0.0,0,,0,0,-0.5089365083109689,-0.5475892235318772,0.18814515679709504,-0.7349968756956446,-0.5838172789004934,-0.5139631437222905,-0.16431601970453846,-0.5767227913970819,-0.5991547701249343,0.11698572755426392,-0.7526480191322265,-0.6138237139896322,-0.5217578850621225,-0.39622956867649395
primary_development_2022_2023_partial,current_contract,flow_quality,s1_near_reversal,fast_failure_2pct_target4pct_2d,5,1,0,0.0,0,0.0,0,0,-0.4913895099058119,-0.5483934816473794,0.1069635933112484,-0.6145947681368737,-0.5581624653921287,-0.41159244118854466,-0.3242043931641332,-0.5181620911100391,-0.5570367175095732,0.09243212042166359,-0.6197116345821463,-0.5922488338714207,-0.4455377393009683,-0.37627553028608707
primary_development_2022_2023_partial,current_contract,trend_structure,s2_reclaim_breakout_recent,protect_3pct_target6pct_3d,5,0,0,0.0,0,,0,0,-0.5361283519896808,-0.5488868136850242,0.07875405534038969,-0.6422497254063219,-0.5791168876854278,-0.50334903646873,-0.40703929670290007,-0.5680032136530992,-0.5593191048052626,0.07251224344834749,-0.6817373369201829,-0.6021989162728225,-0.5331311232779572,-0.46362958698927104
primary_development_2022_2023_partial,current_contract,random_hash,cs_r3_leader_confirmation,fast_failure_2pct_target4pct_2d,5,1,0,0.0,0,0.0,0,0,-0.5498805408038371,-0.5503917557035796,0.028288586586337268,-0.5866562659444827,-0.5756170882574116,-0.5186476269230398,-0.5180899671906719,-0.5869410519448881,-0.5989162932233045,0.01823799424010763,-0.601482413752428,-0.6010776820953261,-0.578490410324987,-0.5547384603283947
primary_development_2022_2023_partial,current_contract,trend_structure,s1_near_reversal,next_open_2d,5,2,0,0.0,0,0.0,0,0,-0.5424038795158496,-0.5506544612404451,0.03116359696429894,-0.5870856415131,-0.5561239257472645,-0.5228944626180662,-0.49526090646037224,-0.561408031440164,-0.565025237645745,0.027342085525139215,-0.5936644184752324,-0.5880991930201839,-0.5328456852478827,-0.5274056228117763
primary_development_2022_2023_partial,current_contract,random_hash,s2_reclaim_bull_stack,momentum_trail_4pct_5d,5,5,0,0.0,0,0.0,0,0,-0.5346444427603887,-0.5551388211603292,0.04059056704917008,-0.5708173230518923,-0.5681413477271493,-0.5152785329426726,-0.46384618891989937,-0.5663642282938877,-0.581161550056553,0.03224552310942267,-0.5978287297630269,-0.5932557959017647,-0.5469780464625291,-0.5125970192855643
primary_development_2022_2023_partial,current_contract,sector_leader,s4_reclaim_amount_acceleration,fast_failure_2pct_target4pct_2d,5,0,0,0.0,0,,0,0,-0.556347977421587,-0.556347977421587,0.0,-0.556347977421587,-0.556347977421587,-0.556347977421587,-0.556347977421587,-0.5712355579382704,-0.5712355579382704,0.0,-0.5712355579382704,-0.5712355579382704,-0.5712355579382704,-0.5712355579382704
primary_development_2022_2023_partial,current_contract,flow_quality,ht_r3_core_pullback,fast_failure_2pct_target4pct_2d,5,1,0,0.0,0,0.0,0,0,-0.5510501900348459,-0.5580057814366801,0.058706769673365036,-0.6185825870270538,-0.5869859455412082,-0.5470014835449688,-0.444675152624319,-0.5932792384392623,-0.5974223488786652,0.05649428454801861,-0.6667856462499268,-0.6185619658720294,-0.5897762455651776,-0.49384998563051297
primary_development_2022_2023_partial,current_contract,sector_leader,s0_distance_only,next_open_1d,5,0,0,0.0,0,,0,0,-0.5588599332063195,-0.5588599332063195,0.0,-0.5588599332063195,-0.5588599332063195,-0.5588599332063195,-0.5588599332063195,-0.5818750103286673,-0.5818750103286673,0.0,-0.5818750103286673,-0.5818750103286673,-0.5818750103286673,-0.5818750103286673
primary_development_2022_2023_partial,current_contract,sector_leader,ht_r3_core_pullback,protect_3pct_target6pct_3d,5,0,0,0.0,0,,0,0,-0.5618830180553092,-0.5618830180553092,0.0,-0.5618830180553092,-0.5618830180553092,-0.5618830180553092,-0.5618830180553092,-0.6071859201385514,-0.6071859201385514,0.0,-0.6071859201385514,-0.6071859201385514,-0.6071859201385514,-0.6071859201385514
primary_development_2022_2023_partial,current_contract,random_hash,s2_reclaim_breakout_recent,protect_3pct_target6pct_3d,5,2,0,0.0,0,0.0,0,0,-0.534828927497774,-0.563470854637249,0.06868243103657225,-0.5979346710797115,-0.5737195628795337,-0.5356082682680032,-0.40341128062437215,-0.5679740022880513,-0.5775985338074747,0.04666790277745513,-0.6248807985170451,-0.5779245660768766,-0.5773497400344576,-0.482116373004402
primary_development_2022_2023_partial,current_contract,flow_quality,cs_r3_leader_confirmation,fast_failure_2pct_target4pct_2d,5,0,0,0.0,0,,0,0,-0.5424687936881101,-0.5636971240512214,0.04087038251516262,-0.5773719822589601,-0.5664989681790765,-0.5404186478620253,-0.464357246089267,-0.587215451213441,-0.5912030169658771,0.01696166950527463,-0.6057964118316888,-0.604119567977562,-0.5699835699333144,-0.5649746893587624
primary_development_2022_2023_partial,current_contract,trend_structure,s2_reclaim_bull_stack,next_open_3d,5,4,0,0.0,0,0.0,0,0,-0.5646874796526459,-0.5643267100717155,0.013288692290087757,-0.5801123232787834,-0.574353994964387,-0.563404788799057,-0.541239581149286,-0.6130855613443154,-0.612835684473491,0.007969527342782489,-0.6220742999934934,-0.621602265215513,-0.60722323070773,-0.6016923263313496
primary_development_2022_2023_partial,current_contract,trend_structure,s2_reclaim_breakout_recent,fast_failure_2pct_target4pct_2d,5,0,0,0.0,0,,0,0,-0.5709269936423518,-0.5646441693712201,0.0359956708622609,-0.6274902452975034,-0.5898561374319338,-0.5519150177746408,-0.5207293983364603,-0.5971233038433266,-0.5942334528561337,0.03600291951348646,-0.6513861920219135,-0.6181436065007577,-0.5761907723521678,-0.5456624954856594
primary_development_2022_2023_partial,current_contract,trend_structure,s4_auction_confirmed_reclaim,fast_failure_2pct_target4pct_2d,5,0,0,0.0,0,,0,0,-0.5841766599807927,-0.5675366107926679,0.04494620476848022,-0.6539882482926678,-0.6119456665535037,-0.564960255262682,-0.5224525190024418,-0.601985340475274,-0.6135781266780215,0.04595146509406298,-0.6670565374157308,-0.6220162680922078,-0.5772264566246308,-0.5300493135657787
primary_development_2022_2023_partial,current_contract,random_hash,ng_r3_volume_quality,next_open_1d,5,1,0,0.0,0,0.0,0,0,-0.5776177461136797,-0.5685512447951074,0.06303167017847988,-0.6674394183796313,-0.6201293485182098,-0.549971400551474,-0.4819973183239761,-0.5944143030823479,-0.5801095154212494,0.06329958061467694,-0.6954030456424259,-0.6236197653774599,-0.5685841855570462,-0.5043550034135575
primary_development_2022_2023_partial,current_contract,sector_leader,s4_reclaim_volume_normal,fast_failure_2pct_target4pct_2d,5,0,0,0.0,0,,0,0,-0.5686741608017107,-0.5686741608017107,0.0,-0.5686741608017107,-0.5686741608017107,-0.5686741608017107,-0.5686741608017107,-0.5736564286338139,-0.5736564286338139,0.0,-0.5736564286338139,-0.5736564286338139,-0.5736564286338139,-0.5736564286338139
primary_development_2022_2023_partial,current_contract,trend_structure,s4_reclaim_volume_normal,next_open_2d,5,0,0,0.0,0,,0,0,-0.5839550585439826,-0.5690159859968824,0.03560916426149857,-0.654762829131095,-0.5697117567305636,-0.5672617160155233,-0.559023004845848,-0.5927485961226407,-0.5775379637742714,0.035242571824197835,-0.6627808971903041,-0.578828566438375,-0.5769918446895781,-0.5676037085206758
primary_development_2022_2023_partial,current_contract,sector_leader,s1_break_reclaim_stable3,momentum_trail_4pct_5d,5,5,0,0.0,0,0.0,0,0,-0.5711741930891734,-0.5711741930891734,0.0,-0.5711741930891734,-0.5711741930891734,-0.5711741930891734,-0.5711741930891734,-0.5792802767816752,-0.5792802767816752,0.0,-0.5792802767816752,-0.5792802767816752,-0.5792802767816752,-0.5792802767816752
primary_development_2022_2023_partial,current_contract,sector_leader,cs_r3_leader_confirmation,next_open_1d,5,0,0,0.0,0,,0,0,-0.5726597873803467,-0.5726597873803467,0.0,-0.5726597873803467,-0.5726597873803467,-0.5726597873803467,-0.5726597873803467,-0.5859222573848498,-0.5859222573848498,0.0,-0.5859222573848498,-0.5859222573848498,-0.5859222573848498,-0.5859222573848498
primary_development_2022_2023_partial,current_contract,flow_quality,s4_auction_confirmed_reclaim,fast_failure_2pct_target4pct_2d,5,1,0,0.0,0,0.0,0,0,-0.4979818599952579,-0.5735080659360046,0.172829122528245,-0.6736896980365568,-0.5785712474455182,-0.49210768931635696,-0.17203259924185288,-0.570415910177676,-0.5814695581309652,0.07025230526225296,-0.676190670573011,-0.6054468307740783,-0.5119312394267113,-0.477041251983614
primary_development_2022_2023_partial,current_contract,flow_quality,ht_r3_core_pullback,protect_3pct_target6pct_3d,5,2,0,0.0,0,0.0,0,0,-0.5427659836684509,-0.5745439945017614,0.13140054797030057,-0.6625891513886188,-0.6192451160367087,-0.5685537845263734,-0.2888978718887919,-0.5844578956108402,-0.6274276338251543,0.10801224411427512,-0.6936039840782176,-0.6344046914973034,-0.5875049759942679,-0.37934819265925757
primary_development_2022_2023_partial,current_contract,sector_leader,s4_reclaim_volume_normal,next_open_1d,5,0,0,0.0,0,,0,0,-0.5752129298277241,-0.5752129298277241,0.0,-0.5752129298277241,-0.5752129298277241,-0.5752129298277241,-0.5752129298277241,-0.5827084407212798,-0.5827084407212798,0.0,-0.5827084407212798,-0.5827084407212798,-0.5827084407212798,-0.5827084407212798
primary_development_2022_2023_partial,current_contract,flow_quality,ng_r3_volume_quality,next_open_1d,5,0,0,0.0,0,,0,0,-0.5755587619631153,-0.575764415415108,0.06552676038234956,-0.6786429900202431,-0.5810662708200737,-0.5706252693699223,-0.47169486419022955,-0.6018840501712758,-0.5958658113183133,0.04915284184705075,-0.6877683462529227,-0.6008653338233951,-0.5903726389630675,-0.5345481204986804
primary_development_2022_2023_partial,current_contract,random_hash,ht_r3_core_pullback,next_open_1d,5,0,0,0.0,0,,0,0,-0.5847756204112984,-0.5788847646488091,0.06513748660451645,-0.6633440380140829,-0.6542855192806847,-0.519448143050468,-0.5079156370624471,-0.6214997149060562,-0.6136907857294889,0.044216613701620076,-0.671627136383615,-0.6639111645424128,-0.6092469863539439,-0.5490225015208201
primary_development_2022_2023_partial,current_contract,sector_leader,ht_r3_core_pullback,fast_failure_2pct_target4pct_2d,5,0,0,0.0,0,,0,0,-0.5789901841050124,-0.5789901841050124,0.0,-0.5789901841050124,-0.5789901841050124,-0.5789901841050124,-0.5789901841050124,-0.6182590424026964,-0.6182590424026964,0.0,-0.6182590424026964,-0.6182590424026964,-0.6182590424026964,-0.6182590424026964
primary_development_2022_2023_partial,current_contract,trend_structure,s4_reclaim_vwap_support,fast_failure_2pct_target4pct_2d,5,0,0,0.0,0,,0,0,-0.5326077766781548,-0.5810748334441482,0.16949541251820638,-0.7015149807620353,-0.6914175306886836,-0.436131899523856,-0.2528996389720505,-0.5692021617739554,-0.6271901785198271,0.14916192985686305,-0.7067549040943885,-0.6962039813967316,-0.5099522424112248,-0.3059095024476053
primary_development_2022_2023_partial,current_contract,sector_leader,s4_reclaim_vwap_support,fast_failure_2pct_target4pct_2d,5,0,0,0.0,0,,0,0,-0.5820836088254644,-0.5820836088254644,0.0,-0.5820836088254644,-0.5820836088254644,-0.5820836088254644,-0.5820836088254644,-0.6040817302647119,-0.6040817302647119,0.0,-0.6040817302647119,-0.6040817302647119,-0.6040817302647119,-0.6040817302647119
primary_development_2022_2023_partial,current_contract,flow_quality,s2_reclaim_bull_stack,next_open_1d,5,0,0,0.0,0,,0,0,-0.5568112603684752,-0.5832739611093878,0.040428852598551314,-0.5933626674223642,-0.5924482305273266,-0.5077768324039935,-0.5071946103793037,-0.5805369403847914,-0.6039459879895712,0.03875174798071063,-0.6182282702577426,-0.613571323942325,-0.5364631267896287,-0.5304759929446892
primary_development_2022_2023_partial,current_contract,random_hash,s2_reclaim_bull_stack,next_open_1d,5,0,0,0.0,0,,0,0,-0.5613991175465959,-0.5839796123545913,0.0350492122324268,-0.5962273207317533,-0.5892814161955602,-0.5202791151506514,-0.5172281233004229,-0.5854571828246854,-0.6049152260928082,0.0324397591558929,-0.6160100548485963,-0.6140083286191891,-0.5510970153391865,-0.5412552892236469
primary_development_2022_2023_partial,current_contract,random_hash,s2_reclaim_recent_high,protect_3pct_target6pct_3d,5,3,0,0.0,0,0.0,0,0,-0.5124132843214081,-0.5862440118882507,0.11921335169275146,-0.6118478550084006,-0.6108328124210676,-0.4441289201899763,-0.30901282209934533,-0.5501342609436257,-0.6160341227771957,0.08753453170652128,-0.6266162472084718,-0.616691334906321,-0.476173852030393,-0.4151557477957476
primary_development_2022_2023_partial,current_contract,sector_leader,s0_distance_only,fast_failure_2pct_target4pct_2d,5,0,0,0.0,0,,0,0,-0.5864905243869265,-0.5864905243869265,0.0,-0.5864905243869265,-0.5864905243869265,-0.5864905243869265,-0.5864905243869265,-0.6081356484160307,-0.6081356484160307,0.0,-0.6081356484160307,-0.6081356484160307,-0.6081356484160307,-0.6081356484160307
primary_development_2022_2023_partial,current_contract,random_hash,ht_r3_core_pullback,protect_3pct_target6pct_3d,5,0,0,0.0,0,,0,0,-0.5854997937375038,-0.5866367162238162,0.013609944544179318,-0.6058038308129952,-0.5898143021473576,-0.5816309273313746,-0.5636131921719753,-0.6156577315024666,-0.6103323349267529,0.02659107971223933,-0.6521792126662702,-0.6344311477631213,-0.6075894301823612,-0.5737565319738276
primary_development_2022_2023_partial,current_contract,trend_structure,s2_reclaim_recent_high,protect_3pct_target6pct_3d,5,2,0,0.0,0,0.0,0,0,-0.5600402107339113,-0.5882441810252875,0.09217843104686056,-0.6917268198043802,-0.6094592146721731,-0.45538871654926594,-0.45538212161844926,-0.5998280001175487,-0.6497737901424562,0.08958148189410613,-0.7102731545088878,-0.652170048960954,-0.4991246357592869,-0.48779837121615865
primary_development_2022_2023_partial,current_contract,trend_structure,s1_break_reclaim_stable3,fast_failure_2pct_target4pct_2d,5,1,0,0.0,0,0.0,0,0,-0.6115610314300769,-0.5903456866852549,0.08265591733802548,-0.7153490022206933,-0.6995014891193123,-0.5445676993087996,-0.5080412798163243,-0.642859829712395,-0.611652135289781,0.054607773141557195,-0.7156132923117189,-0.7002111473045025,-0.6086357327899765,-0.5781868408659954
primary_development_2022_2023_partial,current_contract,trend_structure,s2_reclaim_acceleration,fast_failure_2pct_target4pct_2d,5,1,0,0.0,0,0.0,0,0,-0.5402359556578056,-0.5913323948409226,0.10886753092767494,-0.6814059632580003,-0.5967176304519161,-0.45186804522366963,-0.3798557445145191,-0.5666598154359197,-0.6075327030332759,0.08966809393384485,-0.6865906115994385,-0.6135326775960825,-0.47671412088530174,-0.4489289640655001
primary_development_2022_2023_partial,current_contract,sector_leader,s2_reclaim_acceleration,next_open_1d,5,0,0,0.0,0,,0,0,-0.5957724797724071,-0.5957724797724071,0.0,-0.5957724797724071,-0.5957724797724071,-0.5957724797724071,-0.5957724797724071,-0.6051264957331408,-0.6051264957331408,0.0,-0.6051264957331408,-0.6051264957331408,-0.6051264957331408,-0.6051264957331408
primary_development_2022_2023_partial,current_contract,sector_leader,s1_break_reclaim_stable3,fast_failure_2pct_target4pct_2d,5,0,0,0.0,0,,0,0,-0.5984441312089475,-0.5984441312089475,0.0,-0.5984441312089475,-0.5984441312089475,-0.5984441312089475,-0.5984441312089475,-0.6120237749170969,-0.6120237749170969,0.0,-0.6120237749170969,-0.6120237749170969,-0.6120237749170969,-0.6120237749170969
primary_development_2022_2023_partial,current_contract,sector_leader,s2_first_touch_reclaim,momentum_trail_4pct_5d,5,0,0,0.0,0,,0,0,-0.5995996620086623,-0.5995996620086623,0.0,-0.5995996620086623,-0.5995996620086623,-0.5995996620086623,-0.5995996620086623,-0.5951571054779352,-0.5951571054779352,0.0,-0.5951571054779352,-0.5951571054779352,-0.5951571054779352,-0.5951571054779352
primary_development_2022_2023_partial,current_contract,trend_structure,cs_r3_leader_confirmation,fast_failure_2pct_target4pct_2d,5,0,0,0.0,0,,0,0,-0.5920338250886099,-0.6020884352970495,0.09470835516937567,-0.7516240280114904,-0.6109406639499356,-0.5216839614420776,-0.4738320367424965,-0.6267195118662473,-0.6167449242678449,0.08050812325736627,-0.7743675871268494,-0.629143442531461,-0.5752291468544959,-0.538112458550585
primary_development_2022_2023_partial,current_contract,sector_leader,s2_first_touch_reclaim,protect_3pct_target6pct_3d,5,0,0,0.0,0,,0,0,-0.6039594658266633,-0.6039594658266633,0.0,-0.6039594658266633,-0.6039594658266633,-0.6039594658266633,-0.6039594658266633,-0.6113564335926654,-0.6113564335926654,0.0,-0.6113564335926654,-0.6113564335926654,-0.6113564335926654,-0.6113564335926654
primary_development_2022_2023_partial,current_contract,sector_leader,ng_r3_volume_quality,protect_3pct_target6pct_3d,5,0,0,0.0,0,,0,0,-0.6044361627891421,-0.6044361627891421,0.0,-0.6044361627891421,-0.6044361627891421,-0.6044361627891421,-0.6044361627891421,-0.6307221503406537,-0.6307221503406537,0.0,-0.6307221503406537,-0.6307221503406537,-0.6307221503406537,-0.6307221503406537
primary_development_2022_2023_partial,current_contract,flow_quality,s2_reclaim_recent_high,protect_3pct_target6pct_3d,5,0,0,0.0,0,,0,0,-0.573476665373051,-0.6047392863220498,0.12429172716496335,-0.7191529950287123,-0.6775954237781816,-0.48145445458301506,-0.384441167153296,-0.6092500458630271,-0.6087255657075589,0.09826788138544688,-0.7274984087189814,-0.6937992133852249,-0.5659675483145248,-0.45025949318884584
primary_development_2022_2023_partial,current_contract,sector_leader,s4_reclaim_volume_normal,momentum_trail_4pct_5d,5,0,0,0.0,0,,0,0,-0.6054559434483548,-0.6054559434483548,0.0,-0.6054559434483548,-0.6054559434483548,-0.6054559434483548,-0.6054559434483548,-0.608173436647787,-0.608173436647787,0.0,-0.608173436647787,-0.608173436647787,-0.608173436647787,-0.608173436647787
primary_development_2022_2023_partial,current_contract,trend_structure,s1_touch_reclaim,next_open_1d,5,0,0,0.0,0,,0,0,-0.5163287165524078,-0.6107969998854692,0.1610350873659957,-0.6593464032506422,-0.6324266249768753,-0.4497494754541276,-0.2293240791949246,-0.5567800786589985,-0.640285786022874,0.12501247514786387,-0.668340683911467,-0.6500956356408151,-0.47751902286429626,-0.34765926485554055
primary_development_2022_2023_partial,current_contract,trend_structure,s0_strong_no_ma,next_open_3d,5,0,0,0.0,0,,0,0,-0.5492272496332598,-0.6146291030292583,0.1142458186142397,-0.6591304454311746,-0.651276646412098,-0.4142646428189385,-0.40683541047482885,-0.6610749244708962,-0.6462039919232605,0.09240215727773776,-0.777452542300857,-0.7401539878568416,-0.6272036515153457,-0.5143604487581759
primary_development_2022_2023_partial,current_contract,sector_leader,s4_reclaim_volume_normal,protect_3pct_target6pct_3d,5,0,0,0.0,0,,0,0,-0.6166525135978491,-0.6166525135978491,0.0,-0.6166525135978491,-0.6166525135978491,-0.6166525135978491,-0.6166525135978491,-0.6472636928321953,-0.6472636928321953,0.0,-0.6472636928321953,-0.6472636928321953,-0.6472636928321953,-0.6472636928321953
primary_development_2022_2023_partial,current_contract,trend_structure,s4_reclaim_volume_normal,protect_3pct_target6pct_3d,5,0,0,0.0,0,,0,0,-0.6125683633732371,-0.6185483976142045,0.052967656004037016,-0.6930525027856991,-0.637264771525053,-0.5760426697778356,-0.5379334751633925,-0.6293304306294821,-0.647875453076742,0.0508239799957558,-0.7006851848937896,-0.654228801595482,-0.5835659961812212,-0.5602967174001756
primary_development_2022_2023_partial,current_contract,trend_structure,s0_distance_only,fast_failure_2pct_target4pct_2d,5,1,0,0.0,0,0.0,0,0,-0.577424134912065,-0.6206845425009806,0.08697983717342495,-0.685530995914094,-0.6295904875001984,-0.49608534791296177,-0.45522930073209034,-0.5994201485926353,-0.6224664002270127,0.07125007254187575,-0.700788451475562,-0.6357978956913717,-0.5317868154374968,-0.5062611801317329
primary_development_2022_2023_partial,current_contract,trend_structure,s1_touch_immediate,next_open_1d,5,0,0,0.0,0,,0,0,-0.5228903790238426,-0.6225425746173439,0.16762601909491245,-0.6828742085787345,-0.663642542097409,-0.3726988025428085,-0.27269376728291694,-0.5540271122689803,-0.634197790141172,0.14708299574626113,-0.6977209078465494,-0.6827498747972768,-0.412109100676488,-0.3433578878834156
primary_development_2022_2023_partial,current_contract,trend_structure,ht_r3_core_pullback,protect_3pct_target6pct_3d,5,0,0,0.0,0,,0,0,-0.6301843932777951,-0.6229691226766383,0.06854327290921257,-0.7347204118666175,-0.674866882381242,-0.5738810312381365,-0.5444845182263407,-0.6559028998637932,-0.6475922922340835,0.052623921654556434,-0.737511928383584,-0.6906144548244563,-0.6081953886942035,-0.5956004351826395
primary_development_2022_2023_partial,current_contract,trend_structure,s2_reclaim_recent_high,momentum_trail_4pct_5d,5,3,0,0.0,0,0.0,0,0,-0.6016740932068628,-0.6248908787834648,0.07656593694230984,-0.6746414894826327,-0.6413374866959991,-0.6132738454514579,-0.4542267656207596,-0.6479913010730354,-0.670124243851974,0.06974470558768046,-0.7215271670188153,-0.6710430484103689,-0.6622705531191486,-0.5149914929648695
primary_development_2022_2023_partial,current_contract,trend_structure,ht_r3_core_pullback,momentum_trail_4pct_5d,5,3,0,0.0,0,0.0,0,0,-0.5769488906650765,-0.6291880910412648,0.1132374987284257,-0.6450162869903677,-0.6437621710451245,-0.6152612624442912,-0.3515166418043344,-0.6164281198811253,-0.656961419035778,0.09064446836932778,-0.6856006033928297,-0.6663676407929661,-0.6351373162124724,-0.4380736199715809
primary_development_2022_2023_partial,current_contract,trend_structure,ng_r3_volume_quality,protect_3pct_target6pct_3d,5,0,0,0.0,0,,0,0,-0.6201059822443263,-0.6352958556586664,0.05428638829536845,-0.6905739131969242,-0.6512090386713822,-0.5913452142180586,-0.5321058894766002,-0.6312196831390242,-0.6483282723064498,0.04989034361061045,-0.6997247407134966,-0.6542780653495439,-0.5995010432104768,-0.5542662941151539
primary_development_2022_2023_partial,current_contract,flow_quality,s2_reclaim_recent_high,next_open_1d,5,0,0,0.0,0,,0,0,-0.6132134275066836,-0.6391347711715278,0.17464878611087434,-0.7800383432665572,-0.7561789255671902,-0.5990100758857104,-0.2917050216424324,-0.6512955781621279,-0.6738073661183909,0.14323534311042377,-0.7914321688462894,-0.7697892231379165,-0.6308819845875167,-0.39056714812052595
primary_development_2022_2023_partial,current_contract,random_hash,s2_reclaim_recent_high,fast_failure_2pct_target4pct_2d,5,0,0,0.0,0,,0,0,-0.6496332507121304,-0.6551687925721892,0.08256089325769558,-0.7670712003922507,-0.6681133525838274,-0.6493092860480697,-0.508503621964315,-0.6640768162090195,-0.6699330634639482,0.07161877121685988,-0.7693219049809764,-0.6708555095582911,-0.6665437077455314,-0.5437298952963503
primary_development_2022_2023_partial,current_contract,random_hash,ht_r3_core_pullback,fast_failure_2pct_target4pct_2d,5,0,0,0.0,0,,0,0,-0.6387116936917792,-0.6622676654087545,0.04007989948223208,-0.6818509070480104,-0.6686211143406107,-0.5956685643922524,-0.585150217269268,-0.664895791693899,-0.6719589072129273,0.04336218340596211,-0.7250216884423801,-0.6952276732700419,-0.6216669937141031,-0.6106036958300427
primary_development_2022_2023_partial,current_contract,trend_structure,s2_reclaim_bull_stack,next_open_1d,5,0,0,0.0,0,,0,0,-0.6559064572242275,-0.6643369547444131,0.03214563370389599,-0.6936681622993628,-0.6723042771679169,-0.6514633100695603,-0.5977595818398852,-0.6685777957550003,-0.6745354775345103,0.03047773476908175,-0.7046447751728606,-0.6869781088669409,-0.6622816244119438,-0.6144489927887455
primary_development_2022_2023_partial,current_contract,flow_quality,s2_reclaim_bull_stack,momentum_trail_4pct_5d,5,5,0,0.0,0,0.0,0,0,-0.6626026133186185,-0.6703812815516891,0.043315803985531566,-0.7148154632109491,-0.6857734179830466,-0.6570751122545825,-0.5849677915928251,-0.6860637092395245,-0.6892357493294154,0.03840132060968042,-0.7219173804770367,-0.7214359460841351,-0.6809508463061945,-0.6167786240008413
primary_development_2022_2023_partial,current_contract,trend_structure,ht_r3_core_pullback,fast_failure_2pct_target4pct_2d,5,0,0,0.0,0,,0,0,-0.6387833655675038,-0.6776588314518952,0.08718002257491589,-0.7326068444109126,-0.678868193668771,-0.6270698733857554,-0.4777130849201847,-0.6683305963965729,-0.7049283634225317,0.0723574828719382,-0.7364899645483187,-0.7112015462181105,-0.6555820373586015,-0.533451070435302
primary_development_2022_2023_partial,current_contract,flow_quality,s2_reclaim_recent_high,fast_failure_2pct_target4pct_2d,5,0,0,0.0,0,,0,0,-0.6304399010320838,-0.6786745928789124,0.0841269532164087,-0.6992846502617774,-0.694865733946243,-0.6017266309879861,-0.4776478970855005,-0.6476098390677377,-0.6920823077557332,0.07865365647685978,-0.7167707978845083,-0.6995959986041884,-0.62706345816256,-0.5025366329316989
primary_development_2022_2023_partial,current_contract,random_hash,s2_reclaim_recent_high,next_open_1d,5,0,0,0.0,0,,0,0,-0.5598241115844903,-0.6873406091392076,0.24429423697626187,-0.8028713705991417,-0.6926757990646515,-0.5064882856486044,-0.1097444934708468,-0.6256483659934199,-0.6966254780594411,0.14886119349150742,-0.8056721460040202,-0.6991723610880501,-0.5508158480071288,-0.37595599680845915
primary_development_2022_2023_partial,current_contract,random_hash,s2_reclaim_bull_stack,fast_failure_2pct_target4pct_2d,5,0,0,0.0,0,,0,0,-0.6979561570004353,-0.6887540979130109,0.024402147898730492,-0.7340349616273389,-0.7167521895380498,-0.6849857171764367,-0.6652538187473406,-0.7102507569690168,-0.7016288672539942,0.023356862479534946,-0.7443988467418968,-0.7280790059643626,-0.6992888373482832,-0.6778582275365477
primary_development_2022_2023_partial,current_contract,trend_structure,ht_r3_core_pullback,next_open_1d,5,0,0,0.0,0,,0,0,-0.6911235682094061,-0.6897841123855859,0.0793841868824606,-0.8339370499738156,-0.6932077199631405,-0.6393812211055991,-0.5993077376188896,-0.7126670131784607,-0.7124895009331782,0.06943467414545583,-0.8353687488852821,-0.7188356271354968,-0.6674405763309776,-0.6292006126073688
primary_development_2022_2023_partial,current_contract,sector_leader,s2_reclaim_acceleration,fast_failure_2pct_target4pct_2d,5,0,0,0.0,0,,0,0,-0.689901366253469,-0.689901366253469,0.0,-0.689901366253469,-0.689901366253469,-0.689901366253469,-0.689901366253469,-0.6956439572728654,-0.6956439572728654,0.0,-0.6956439572728654,-0.6956439572728654,-0.6956439572728654,-0.6956439572728654
primary_development_2022_2023_partial,current_contract,trend_structure,s2_reclaim_bull_stack,fast_failure_2pct_target4pct_2d,5,0,0,0.0,0,,0,0,-0.6891812874155763,-0.6939842813457312,0.012630906214221308,-0.7027774619438476,-0.6948780573237838,-0.6886878397756767,-0.6655787966888421,-0.7174759842189005,-0.7244695882159604,0.014364337151470218,-0.7262668727989612,-0.7247892884857372,-0.7230332566321658,-0.6888209149616777
primary_development_2022_2023_partial,current_contract,flow_quality,s2_reclaim_bull_stack,protect_3pct_target6pct_3d,5,0,0,0.0,0,,0,0,-0.6913484444004955,-0.6945287901355683,0.04273073747728129,-0.7512504771137622,-0.7023045374700536,-0.6908691039402723,-0.6177893133428208,-0.711130056191618,-0.7190128780068832,0.03759687262809234,-0.7617898417118709,-0.723428751429949,-0.7055302736763318,-0.6458885361330549
primary_development_2022_2023_partial,current_contract,sector_leader,s2_reclaim_recent_high,momentum_trail_4pct_5d,5,5,0,0.0,0,0.0,0,0,-0.6981839055321684,-0.6981839055321684,0.0,-0.6981839055321684,-0.6981839055321684,-0.6981839055321684,-0.6981839055321684,-0.7053246948976746,-0.7053246948976746,0.0,-0.7053246948976746,-0.7053246948976746,-0.7053246948976746,-0.7053246948976746
primary_development_2022_2023_partial,current_contract,trend_structure,s2_reclaim_recent_high,next_open_1d,5,0,0,0.0,0,,0,0,-0.6094656674886704,-0.7009878038073486,0.1813509221792141,-0.7147981791126237,-0.7074173397872405,-0.6764449134812416,-0.24768010125489692,-0.6510393388235671,-0.7131370346029735,0.13283859859175234,-0.7296870526010908,-0.7239015107899801,-0.7024535687323801,-0.3860175273914114
primary_development_2022_2023_partial,current_contract,flow_quality,s2_reclaim_bull_stack,fast_failure_2pct_target4pct_2d,5,0,0,0.0,0,,0,0,-0.7031576094337867,-0.7034077476654214,0.012288495159049574,-0.724020293011459,-0.7049210845933107,-0.6969610783062372,-0.6864778435925054,-0.7138176950559214,-0.7128543425481406,0.011665521603988744,-0.7336695483905722,-0.7151052555117428,-0.7100622510196704,-0.6973970778094809
primary_development_2022_2023_partial,current_contract,trend_structure,ng_r3_volume_quality,next_open_1d,5,0,0,0.0,0,,0,0,-0.7067462638030286,-0.706249862313122,0.08209098269156401,-0.798927477017126,-0.7894701862841689,-0.6591939715392201,-0.5798898218615061,-0.7166992744392967,-0.712840630335337,0.0739232279917535,-0.8023165453258219,-0.7918841669953535,-0.6699261722759764,-0.6065288572639951
primary_development_2022_2023_partial,current_contract,sector_leader,s2_reclaim_recent_high,protect_3pct_target6pct_3d,5,0,0,0.0,0,,0,0,-0.72004741058768,-0.72004741058768,0.0,-0.72004741058768,-0.72004741058768,-0.72004741058768,-0.72004741058768,-0.7223286934949613,-0.7223286934949613,0.0,-0.7223286934949613,-0.7223286934949613,-0.7223286934949613,-0.7223286934949613
primary_development_2022_2023_partial,current_contract,trend_structure,s4_reclaim_volume_normal,next_open_1d,5,0,0,0.0,0,,0,0,-0.7221858453728747,-0.7425983667212411,0.06587528314231471,-0.7980989384794391,-0.7591933122462478,-0.7068022844386652,-0.6042363249787803,-0.733564923720281,-0.747789298793541,0.05387146147450719,-0.8008362857048368,-0.763479104488261,-0.7144793566068107,-0.6412405730079555
primary_development_2022_2023_partial,current_contract,trend_structure,ng_r3_volume_quality,fast_failure_2pct_target4pct_2d,5,0,0,0.0,0,,0,0,-0.7303789941542872,-0.7443585626829388,0.04457801037811935,-0.7745501973533705,-0.7730069510348355,-0.7011338103768967,-0.6588454493233942,-0.7377897901384778,-0.7492205647806942,0.0389132781364885,-0.7778802412975581,-0.7749792273133596,-0.7094884938652163,-0.6773804234355614
primary_development_2022_2023_partial,current_contract,random_hash,s2_reclaim_bull_stack,protect_3pct_target6pct_3d,5,0,0,0.0,0,,0,0,-0.7319422621756075,-0.7454101829351808,0.0476543191492288,-0.7784199503091729,-0.75203319243233,-0.7439169777329595,-0.6399310074683942,-0.7450481561712972,-0.7549305550715227,0.03917435565922608,-0.7857127995851179,-0.7604758351436001,-0.7539387758501435,-0.6701828152061016
primary_development_2022_2023_partial,current_contract,sector_leader,s2_reclaim_recent_high,fast_failure_2pct_target4pct_2d,5,0,0,0.0,0,,0,0,-0.745533413715697,-0.745533413715697,0.0,-0.745533413715697,-0.745533413715697,-0.745533413715697,-0.745533413715697,-0.7451497406144747,-0.7451497406144747,0.0,-0.7451497406144747,-0.7451497406144747,-0.7451497406144747,-0.7451497406144747
primary_development_2022_2023_partial,current_contract,trend_structure,s4_reclaim_volume_normal,fast_failure_2pct_target4pct_2d,5,0,0,0.0,0,,0,0,-0.7368489434606884,-0.7463224787410783,0.03627733142733765,-0.7783806039944965,-0.7616379609799409,-0.7242374097858109,-0.6736662638021154,-0.7450107335523651,-0.7526750268652647,0.03571088840151601,-0.7806970036683338,-0.770006097903473,-0.7431157445388636,-0.678559794785891
primary_development_2022_2023_partial,current_contract,sector_leader,s2_reclaim_recent_high,next_open_3d,5,0,0,0.0,0,,0,0,-0.7585358975839389,-0.7585358975839389,0.0,-0.7585358975839389,-0.7585358975839389,-0.7585358975839389,-0.7585358975839389,-0.766079833497866,-0.766079833497866,0.0,-0.766079833497866,-0.766079833497866,-0.766079833497866,-0.766079833497866
primary_development_2022_2023_partial,current_contract,trend_structure,s2_reclaim_recent_high,fast_failure_2pct_target4pct_2d,5,0,0,0.0,0,,0,0,-0.7220385474421303,-0.7690983129264086,0.09288015264746281,-0.8439315255160476,-0.7704008961291362,-0.6207719660272779,-0.6059900366117807,-0.7455622603190293,-0.7840432354833688,0.08121762539546638,-0.8490321090574667,-0.7950136959187641,-0.6538524569531832,-0.6458698041823636
primary_development_2022_2023_partial,current_contract,trend_structure,s2_reclaim_bull_stack,protect_3pct_target6pct_3d,5,0,0,0.0,0,,0,0,-0.7648018366408642,-0.7757942948971255,0.028854309355014703,-0.7899472553219294,-0.7796465789348594,-0.7700493422023917,-0.7085717118480155,-0.7704726459356006,-0.7808009964850481,0.02746717148428589,-0.7947750284607848,-0.7846045781179458,-0.7751286742114261,-0.7170539524027979
primary_development_2022_2023_partial,current_contract,sector_leader,s2_first_touch_reclaim,next_open_1d,5,0,0,0.0,0,,0,0,-0.7774481853455447,-0.7774481853455447,0.0,-0.7774481853455447,-0.7774481853455447,-0.7774481853455447,-0.7774481853455447,-0.7850714121652251,-0.7850714121652251,0.0,-0.7850714121652251,-0.7850714121652251,-0.7850714121652251,-0.7850714121652251
primary_development_2022_2023_partial,current_contract,sector_leader,s2_first_touch_reclaim,fast_failure_2pct_target4pct_2d,5,0,0,0.0,0,,0,0,-0.8160095726638691,-0.816009572663869,1.1102230246251565e-16,-0.816009572663869,-0.816009572663869,-0.816009572663869,-0.816009572663869,-0.8161601167033614,-0.8161601167033614,0.0,-0.8161601167033614,-0.8161601167033614,-0.8161601167033614,-0.8161601167033614
supplemental_2023_09_legacy,legacy_vwap,sector_leader,s2_reclaim_recent_high,next_open_5d,5,5,5,1.0,5,1.0,5,5,0.11880732370746938,0.11880732370746938,0.0,0.11880732370746938,0.11880732370746938,0.11880732370746938,0.11880732370746938,-0.02254305177589422,-0.02254305177589422,0.0,-0.02254305177589422,-0.02254305177589422,-0.02254305177589422,-0.02254305177589422
supplemental_2023_09_legacy,legacy_vwap,sector_leader,s2_reclaim_positive_slope,next_open_1d,5,5,5,1.0,5,1.0,5,5,0.07938258085571803,0.07938258085571803,0.0,0.07938258085571803,0.07938258085571803,0.07938258085571803,0.07938258085571803,-0.04730120964805351,-0.04730120964805351,0.0,-0.04730120964805351,-0.04730120964805351,-0.04730120964805351,-0.04730120964805351
supplemental_2023_09_legacy,legacy_vwap,sector_leader,s2_reclaim_recent_high,protect_3pct_target6pct_3d,5,0,5,1.0,0,,5,0,0.05661478383681562,0.05661478383681562,0.0,0.05661478383681562,0.05661478383681562,0.05661478383681562,0.05661478383681562,-0.08021212300861291,-0.08021212300861291,0.0,-0.08021212300861291,-0.08021212300861291,-0.08021212300861291,-0.08021212300861291
supplemental_2023_09_legacy,legacy_vwap,trend_structure,s2_reclaim_bull_stack,protect_3pct_target6pct_3d,5,5,5,1.0,5,1.0,5,5,0.044540737106990226,0.05213444538411416,0.010448902581007499,0.03175863741550411,0.03175863741550411,0.05352598265991437,0.05352598265991437,-0.03961284849267188,-0.03961284849267188,0.0,-0.03961284849267188,-0.03961284849267188,-0.03961284849267188,-0.03961284849267188
supplemental_2023_09_legacy,legacy_vwap,sector_leader,s2_first_touch_reclaim,momentum_trail_4pct_5d,5,5,5,1.0,5,1.0,5,5,0.05142067988222032,0.05142067988222032,0.0,0.05142067988222032,0.05142067988222032,0.05142067988222032,0.05142067988222032,-0.021941082625381192,-0.021941082625381192,0.0,-0.021941082625381192,-0.021941082625381192,-0.021941082625381192,-0.021941082625381192
supplemental_2023_09_legacy,legacy_vwap,sector_leader,s1_near_reversal,next_open_2d,5,5,5,1.0,5,1.0,5,5,0.049977668897330796,0.049977668897330796,0.0,0.049977668897330796,0.049977668897330796,0.049977668897330796,0.049977668897330796,-0.09080417053739309,-0.09080417053739309,0.0,-0.09080417053739309,-0.09080417053739309,-0.09080417053739309,-0.09080417053739309
supplemental_2023_09_legacy,legacy_vwap,sector_leader,s2_reclaim_bull_stack,momentum_trail_4pct_5d,5,5,5,1.0,5,1.0,5,5,0.04949563245412403,0.04949563245412403,0.0,0.04949563245412403,0.04949563245412403,0.04949563245412403,0.04949563245412403,-0.07269875395411696,-0.07269875395411696,0.0,-0.07269875395411696,-0.07269875395411696,-0.07269875395411696,-0.07269875395411696
supplemental_2023_09_legacy,legacy_vwap,sector_leader,ng_r1_auction_reclaim,fast_failure_2pct_target4pct_2d,5,5,5,1.0,5,1.0,5,5,0.04898121695684887,0.04898121695684887,0.0,0.04898121695684887,0.04898121695684887,0.04898121695684887,0.04898121695684887,-0.025768278792559607,-0.025768278792559607,0.0,-0.025768278792559607,-0.025768278792559607,-0.025768278792559607,-0.025768278792559607
supplemental_2023_09_legacy,legacy_vwap,sector_leader,s2_reclaim_positive_slope,next_open_3d,5,5,5,1.0,5,1.0,5,5,0.046872948653701396,0.046872948653701396,0.0,0.046872948653701396,0.046872948653701396,0.046872948653701396,0.046872948653701396,-0.07593355959816239,-0.07593355959816239,0.0,-0.07593355959816239,-0.07593355959816239,-0.07593355959816239,-0.07593355959816239
supplemental_2023_09_legacy,legacy_vwap,sector_leader,s2_reclaim_daily_trend,protect_3pct_target6pct_3d,5,5,5,1.0,5,1.0,5,5,0.04633084905171092,0.04633084905171092,0.0,0.04633084905171092,0.04633084905171092,0.04633084905171092,0.04633084905171092,-0.03305532592935545,-0.03305532592935545,0.0,-0.03305532592935545,-0.03305532592935545,-0.03305532592935545,-0.03305532592935545
supplemental_2023_09_legacy,legacy_vwap,flow_quality,s2_reclaim_bull_stack,next_open_3d,5,5,5,1.0,5,1.0,5,5,0.03992857644738268,0.04463177299691856,0.009406393099071986,0.02111579024923871,0.04463177299691856,0.044631772996918784,0.044631772996918784,-0.024604294840904227,-0.024604294840904206,4.443059973708341e-17,-0.024604294840904317,-0.024604294840904206,-0.024604294840904206,-0.024604294840904206
supplemental_2023_09_legacy,legacy_vwap,random_hash,s2_reclaim_bull_stack,next_open_3d,5,5,5,1.0,5,1.0,5,5,0.03992857644738268,0.04463177299691856,0.009406393099071986,0.02111579024923871,0.04463177299691856,0.044631772996918784,0.044631772996918784,-0.024604294840904227,-0.024604294840904206,4.443059973708341e-17,-0.024604294840904317,-0.024604294840904206,-0.024604294840904206,-0.024604294840904206
supplemental_2023_09_legacy,legacy_vwap,trend_structure,s2_reclaim_bull_stack,fast_failure_2pct_target4pct_2d,5,5,5,1.0,5,1.0,5,5,0.04563118581933887,0.0430774957874287,0.02262866964848004,0.020809100200628983,0.021212862513598996,0.07135893283987893,0.07169753775515875,-0.04437215987340977,-0.04526516121356794,0.002198683688741178,-0.045670361954886274,-0.045670361954886274,-0.04526516121356794,-0.03998975303014041
supplemental_2023_09_legacy,legacy_vwap,trend_structure,s2_reclaim_bull_stack,next_open_3d,5,5,5,1.0,5,1.0,5,5,0.0391529887351985,0.04268723211977843,0.0070684867691599654,0.02501601519687857,0.04268723211977843,0.04268723211977843,0.04268723211977865,-0.0202089121162774,-0.0202089121162774,0.0,-0.0202089121162774,-0.0202089121162774,-0.0202089121162774,-0.0202089121162774
supplemental_2023_09_legacy,legacy_vwap,flow_quality,s2_reclaim_recent_high,next_open_3d,5,5,5,1.0,5,1.0,5,5,0.03941295754303167,0.04196149412419037,0.02759788140144829,0.0052441652057502175,0.010847949579390948,0.06761863202704843,0.07139254677877838,-0.03909896267388635,-0.04193530588039007,0.008561037387677812,-0.05214630232611528,-0.042129487362360996,-0.029888016901889913,-0.029395700898675492
supplemental_2023_09_legacy,legacy_vwap,sector_leader,s2_first_touch_reclaim,next_open_3d,5,5,5,1.0,5,1.0,5,5,0.04152490082957083,0.04152490082957083,0.0,0.04152490082957083,0.04152490082957083,0.04152490082957083,0.04152490082957083,-0.0395044513630185,-0.0395044513630185,0.0,-0.0395044513630185,-0.0395044513630185,-0.0395044513630185,-0.0395044513630185
supplemental_2023_09_legacy,legacy_vwap,sector_leader,s1_touch_reclaim,next_open_2d,5,5,5,1.0,5,1.0,5,5,0.03966973794522821,0.03966973794522821,0.0,0.03966973794522821,0.03966973794522821,0.03966973794522821,0.03966973794522821,-0.058653911903987055,-0.058653911903987055,0.0,-0.058653911903987055,-0.058653911903987055,-0.058653911903987055,-0.058653911903987055
supplemental_2023_09_legacy,legacy_vwap,sector_leader,s4_reclaim_amount_acceleration,next_open_2d,5,5,5,1.0,5,1.0,5,5,0.03966973794522821,0.03966973794522821,0.0,0.03966973794522821,0.03966973794522821,0.03966973794522821,0.03966973794522821,-0.058653911903987055,-0.058653911903987055,0.0,-0.058653911903987055,-0.058653911903987055,-0.058653911903987055,-0.058653911903987055
supplemental_2023_09_legacy,legacy_vwap,sector_leader,s4_reclaim_vwap_support,next_open_2d,5,5,5,1.0,5,1.0,5,5,0.03966973794522821,0.03966973794522821,0.0,0.03966973794522821,0.03966973794522821,0.03966973794522821,0.03966973794522821,-0.058653911903987055,-0.058653911903987055,0.0,-0.058653911903987055,-0.058653911903987055,-0.058653911903987055,-0.058653911903987055
supplemental_2023_09_legacy,legacy_vwap,sector_leader,fu_r3_core_pullback,fast_failure_2pct_target4pct_2d,5,5,5,1.0,5,1.0,5,5,0.03930698735620952,0.03930698735620952,0.0,0.03930698735620952,0.03930698735620952,0.03930698735620952,0.03930698735620952,-0.042716080452888994,-0.042716080452888994,0.0,-0.042716080452888994,-0.042716080452888994,-0.042716080452888994,-0.042716080452888994
supplemental_2023_09_legacy,legacy_vwap,trend_structure,s4_reclaim_volume_proxy,protect_3pct_target6pct_3d,5,5,3,0.6,3,0.6,3,3,0.026581838883754826,0.033768358109270924,0.03768261989310113,-0.01671345513172917,-0.007900664932249057,0.03455383192073058,0.08920112445275086,-0.02559276482205077,-0.02117042435594474,0.01145673135033868,-0.039415730891141254,-0.03905272453052955,-0.015423083977814667,-0.012901860354823658
supplemental_2023_09_legacy,legacy_vwap,sector_leader,ng_r3_volume_quality,next_open_2d,5,5,5,1.0,5,1.0,5,5,0.03263614076849075,0.03263614076849075,0.0,0.03263614076849075,0.03263614076849075,0.03263614076849075,0.03263614076849075,-0.053880390910648335,-0.053880390910648335,0.0,-0.053880390910648335,-0.053880390910648335,-0.053880390910648335,-0.053880390910648335
supplemental_2023_09_legacy,legacy_vwap,sector_leader,s2_reclaim_bull_stack,fast_failure_2pct_target4pct_2d,5,5,5,1.0,5,1.0,5,5,0.032553900829497495,0.032553900829497495,0.0,0.032553900829497495,0.032553900829497495,0.032553900829497495,0.032553900829497495,-0.06333244824490736,-0.06333244824490736,0.0,-0.06333244824490736,-0.06333244824490736,-0.06333244824490736,-0.06333244824490736
supplemental_2023_09_legacy,legacy_vwap,sector_leader,cs_r3_leader_confirmation,next_open_1d,5,5,5,1.0,5,1.0,5,5,0.03223947602650057,0.03223947602650057,0.0,0.03223947602650057,0.03223947602650057,0.03223947602650057,0.03223947602650057,-0.05844684787853449,-0.05844684787853449,0.0,-0.05844684787853449,-0.05844684787853449,-0.05844684787853449,-0.05844684787853449
supplemental_2023_09_legacy,legacy_vwap,sector_leader,s2_reclaim_positive_slope,fast_failure_2pct_target4pct_2d,5,5,5,1.0,5,1.0,5,5,0.031585682596935616,0.031585682596935616,0.0,0.031585682596935616,0.031585682596935616,0.031585682596935616,0.031585682596935616,-0.039453988312452504,-0.039453988312452504,0.0,-0.039453988312452504,-0.039453988312452504,-0.039453988312452504,-0.039453988312452504
supplemental_2023_09_legacy,legacy_vwap,sector_leader,s1_touch_reclaim,next_open_1d,5,5,5,1.0,5,1.0,5,5,0.030142397510720675,0.030142397510720675,0.0,0.030142397510720675,0.030142397510720675,0.030142397510720675,0.030142397510720675,-0.04025866206185669,-0.04025866206185669,0.0,-0.04025866206185669,-0.04025866206185669,-0.04025866206185669,-0.04025866206185669
supplemental_2023_09_legacy,legacy_vwap,sector_leader,s4_reclaim_amount_acceleration,next_open_1d,5,5,5,1.0,5,1.0,5,5,0.030142397510720675,0.030142397510720675,0.0,0.030142397510720675,0.030142397510720675,0.030142397510720675,0.030142397510720675,-0.04025866206185669,-0.04025866206185669,0.0,-0.04025866206185669,-0.04025866206185669,-0.04025866206185669,-0.04025866206185669
supplemental_2023_09_legacy,legacy_vwap,trend_structure,ht_r3_core_pullback,next_open_2d,5,5,4,0.8,4,0.8,4,4,0.02210994890825202,0.02821507714342686,0.011263103184809355,-0.000285571095289483,0.025383427316834073,0.02851870061877415,0.028718110557514498,-0.04598367521633735,-0.04687336644201645,0.00473166045337997,-0.05208207147339039,-0.04914047478666461,-0.04341486062182076,-0.038407602757794534
supplemental_2023_09_legacy,legacy_vwap,sector_leader,ng_r1_auction_reclaim,next_open_1d,5,5,5,1.0,5,1.0,5,5,0.026931932159406147,0.026931932159406147,0.0,0.026931932159406147,0.026931932159406147,0.026931932159406147,0.026931932159406147,-0.025297624499105442,-0.025297624499105442,0.0,-0.025297624499105442,-0.025297624499105442,-0.025297624499105442,-0.025297624499105442
supplemental_2023_09_legacy,legacy_vwap,flow_quality,ng_r1_auction_reclaim,next_open_1d,5,5,5,1.0,5,1.0,5,5,0.028379289637309714,0.025597060659243054,0.00864842383356007,0.020762032725661905,0.023413060047504874,0.02696553452825068,0.04515876022588805,-0.03475415538289199,-0.035421971886097525,0.004325195329659686,-0.038995316859239404,-0.03787381488101915,-0.03481054655694693,-0.026669126731156956
supplemental_2023_09_legacy,legacy_vwap,random_hash,s4_reclaim_vwap_support,momentum_trail_4pct_5d,5,5,3,0.6,3,0.6,3,3,0.012864082764337925,0.025484572809699957,0.026208249027522577,-0.024531481524659893,-0.011019734858189745,0.029371253934990182,0.045015803459849124,-0.03365079936679325,-0.02586809274607682,0.015686147116086954,-0.06416979923417654,-0.03270109812508781,-0.022939785349584074,-0.022575221379041
supplemental_2023_09_legacy,legacy_vwap,sector_leader,fu_r3_core_pullback,next_open_1d,5,5,5,1.0,5,1.0,5,5,0.021229899619719328,0.021229899619719328,0.0,0.021229899619719328,0.021229899619719328,0.021229899619719328,0.021229899619719328,-0.05089402195215309,-0.05089402195215309,0.0,-0.05089402195215309,-0.05089402195215309,-0.05089402195215309,-0.05089402195215309
supplemental_2023_09_legacy,legacy_vwap,sector_leader,s2_reclaim_daily_trend,momentum_trail_4pct_5d,5,5,5,1.0,5,1.0,5,5,0.021224482522421706,0.021224482522421706,0.0,0.021224482522421706,0.021224482522421706,0.021224482522421706,0.021224482522421706,-0.02663865826029399,-0.02663865826029399,0.0,-0.02663865826029399,-0.02663865826029399,-0.02663865826029399,-0.02663865826029399
supplemental_2023_09_legacy,legacy_vwap,trend_structure,s2_reclaim_recent_high,next_open_5d,5,5,3,0.6,3,0.6,3,3,0.00917881426639946,0.01933221007685071,0.04230232198386069,-0.05937315826537992,-0.009045767419799344,0.026546680071625195,0.06843410686870066,-0.03740294570105616,-0.03126546488447057,0.019022573014473926,-0.07242652650670744,-0.04103285861060835,-0.022399873929039305,-0.01989000457445511
supplemental_2023_09_legacy,legacy_vwap,trend_structure,s2_reclaim_bull_stack,next_open_2d,5,5,5,1.0,5,1.0,5,5,0.01825763312179749,0.018757888467929806,0.004133032775545152,0.011331709967459247,0.016636160965049607,0.02123627968491948,0.02332612652362931,-0.02696808282255907,-0.02741223327713438,0.0018600276994531156,-0.028337362846074243,-0.028337362846074243,-0.02741223327713438,-0.023341221866378103
supplemental_2023_09_legacy,legacy_vwap,trend_structure,ht_r3_core_pullback,momentum_trail_4pct_5d,5,5,3,0.6,3,0.6,3,3,-0.0011870555401318982,0.018342496817480347,0.028070360956325,-0.041020335436229516,-0.02937117030430103,0.02212079192315053,0.02399293929924018,-0.052014916154315596,-0.04282286597163365,0.013547823782715646,-0.07337632235368252,-0.06273282317650652,-0.040823523827516306,-0.040319045442238965
supplemental_2023_09_legacy,legacy_vwap,sector_leader,s2_first_touch_reclaim,protect_3pct_target6pct_3d,5,5,5,1.0,5,1.0,5,5,0.01600588274274517,0.01600588274274517,0.0,0.01600588274274517,0.01600588274274517,0.01600588274274517,0.01600588274274517,-0.056114124933495324,-0.056114124933495324,0.0,-0.056114124933495324,-0.056114124933495324,-0.056114124933495324,-0.056114124933495324
supplemental_2023_09_legacy,legacy_vwap,flow_quality,s2_reclaim_acceleration,next_open_3d,5,5,3,0.6,3,0.6,3,3,0.01339838803395974,0.01564221747399186,0.02377925603199623,-0.016312171136459996,-0.010798457818233853,0.036110630969200086,0.04234972068130061,-0.03699409331291483,-0.03899773602648371,0.005052769298789142,-0.043155657071110465,-0.03974906680815826,-0.03457192133756781,-0.028496085321253917
supplemental_2023_09_legacy,legacy_vwap,sector_leader,s2_reclaim_positive_slope,momentum_trail_4pct_5d,5,5,5,1.0,5,1.0,5,5,0.01554491119507806,0.01554491119507806,0.0,0.01554491119507806,0.01554491119507806,0.01554491119507806,0.01554491119507806,-0.06167047671443926,-0.06167047671443926,0.0,-0.06167047671443926,-0.06167047671443926,-0.06167047671443926,-0.06167047671443926
supplemental_2023_09_legacy,legacy_vwap,sector_leader,s4_auction_confirmed_reclaim,next_open_2d,5,5,5,1.0,5,1.0,5,5,0.015423266073346875,0.015423266073346875,0.0,0.015423266073346875,0.015423266073346875,0.015423266073346875,0.015423266073346875,-0.08149237917084018,-0.08149237917084018,0.0,-0.08149237917084018,-0.08149237917084018,-0.08149237917084018,-0.08149237917084018
supplemental_2023_09_legacy,legacy_vwap,trend_structure,ng_r1_auction_reclaim,fast_failure_2pct_target4pct_2d,5,5,5,1.0,5,1.0,5,5,0.01564913237389596,0.01510956888617998,0.0006608276143703017,0.01510956888617998,0.01510956888617998,0.016458477605469923,0.016458477605469923,-0.02043309441536729,-0.019311382997431292,0.001373810306298503,-0.022115661542271292,-0.022115661542271292,-0.019311382997431292,-0.019311382997431292
supplemental_2023_09_legacy,legacy_vwap,sector_leader,s4_reclaim_vwap_support,next_open_1d,5,5,5,1.0,5,1.0,5,5,0.014649979348680509,0.014649979348680509,0.0,0.014649979348680509,0.014649979348680509,0.014649979348680509,0.014649979348680509,-0.04593894033983281,-0.04593894033983281,0.0,-0.04593894033983281,-0.04593894033983281,-0.04593894033983281,-0.04593894033983281
supplemental_2023_09_legacy,legacy_vwap,sector_leader,ng_r1_auction_reclaim,protect_3pct_target6pct_3d,5,5,5,1.0,5,1.0,5,5,0.01461957679819692,0.01461957679819692,0.0,0.01461957679819692,0.01461957679819692,0.01461957679819692,0.01461957679819692,-0.0364605500594235,-0.0364605500594235,0.0,-0.0364605500594235,-0.0364605500594235,-0.0364605500594235,-0.0364605500594235
supplemental_2023_09_legacy,legacy_vwap,sector_leader,s2_reclaim_recent_high,momentum_trail_4pct_5d,5,0,5,1.0,0,,5,0,0.01440395256166993,0.01440395256166993,0.0,0.01440395256166993,0.01440395256166993,0.01440395256166993,0.01440395256166993,-0.1276954495996614,-0.1276954495996614,0.0,-0.1276954495996614,-0.1276954495996614,-0.1276954495996614,-0.1276954495996614
supplemental_2023_09_legacy,legacy_vwap,sector_leader,s0_strong_no_ma,protect_3pct_target6pct_3d,5,5,5,1.0,5,1.0,5,5,0.013726111517200712,0.013726111517200712,0.0,0.013726111517200712,0.013726111517200712,0.013726111517200712,0.013726111517200712,-0.06078775882054677,-0.06078775882054677,0.0,-0.06078775882054677,-0.06078775882054677,-0.06078775882054677,-0.06078775882054677
supplemental_2023_09_legacy,legacy_vwap,random_hash,s2_reclaim_acceleration,next_open_3d,5,5,3,0.6,3,0.6,3,3,0.012530282328765806,0.013076046323802215,0.02299309067114955,-0.016312171136459996,-0.00968881597919391,0.03322663175438012,0.04234972068130061,-0.037487652389538176,-0.03899773602648371,0.005405956361655494,-0.043155657071110465,-0.04221686219127496,-0.03457192133756781,-0.028496085321253917
supplemental_2023_09_legacy,legacy_vwap,trend_structure,ng_r1_auction_reclaim,next_open_5d,5,5,5,1.0,5,1.0,5,5,0.012323990412425045,0.012323990412425045,1.9860273225978183e-16,0.012323990412424823,0.012323990412424823,0.012323990412425267,0.012323990412425267,-0.04840854706403501,-0.04840854706403497,5.4460371963073697e-17,-0.04840854706403508,-0.04840854706403508,-0.04840854706403497,-0.04840854706403497
supplemental_2023_09_legacy,legacy_vwap,trend_structure,s4_reclaim_volume_proxy,next_open_2d,5,5,4,0.8,4,0.8,4,4,0.014243962541031862,0.011935602520720234,0.011290341500819409,-0.002879522627830644,0.011456364760839666,0.018865453858889714,0.031841914192540344,-0.024449536324303956,-0.02691706796254112,0.004681395960679591,-0.030271957500380142,-0.027202071243163206,-0.01965055412008143,-0.018206030795353878
supplemental_2023_09_legacy,legacy_vwap,flow_quality,ng_r3_volume_quality,next_open_2d,5,4,3,0.6,3,0.75,3,3,-0.0012766439188769628,0.010996399318221162,0.02413186428193388,-0.045049399041295346,-0.008760402106218201,0.014394712782664687,0.022035469452242884,-0.04037409143521675,-0.033650990723347984,0.020384072794682153,-0.07990427133285416,-0.03665394700269142,-0.029883558261393883,-0.02177768985579631
supplemental_2023_09_legacy,legacy_vwap,trend_structure,ng_r1_auction_reclaim,next_open_1d,5,5,5,1.0,5,1.0,5,5,0.01008084506278415,0.010569281681820142,0.0009768732380720957,0.008127098586639958,0.01056928168181992,0.010569281681820364,0.010569281681820364,-0.03291115897598203,-0.032425618513320154,0.0009710809253239638,-0.03485332082662995,-0.032425618513320376,-0.03242561851331982,-0.03242561851331982
supplemental_2023_09_legacy,legacy_vwap,flow_quality,s1_break_reclaim_stable3,next_open_2d,5,5,4,0.8,4,0.8,4,4,0.02350936745709107,0.010170798420373384,0.0371879276769095,-0.030979010035316,0.009626263294030935,0.05348316250622642,0.0752456231001406,-0.037092459053963946,-0.029690242715242454,0.015412334610824044,-0.05565785969043735,-0.05456359138534361,-0.028818101162743304,-0.016732500316053
supplemental_2023_09_legacy,legacy_vwap,flow_quality,s4_reclaim_vwap_support,next_open_3d,5,5,3,0.6,3,0.6,3,3,0.009868320138955134,0.00925637872439089,0.031018793863852194,-0.02730729439749713,-0.021667524036728114,0.04058979781347971,0.04847024259113031,-0.041024426281887384,-0.03217115031927065,0.0183248560514715,-0.07170864912233721,-0.05200195578427802,-0.025064881678092288,-0.02417549450545875
supplemental_2023_09_legacy,legacy_vwap,random_hash,s4_reclaim_vwap_support,next_open_3d,5,5,3,0.6,3,0.6,3,3,0.008673846840989086,0.008847526718420706,0.032206255676598,-0.02730729439749713,-0.02723103852058817,0.04058979781347971,0.04847024259113031,-0.040612788506258976,-0.03217115031927065,0.01763635297673994,-0.06964080369783343,-0.05200195578427802,-0.025064881678092288,-0.024185151051820508
supplemental_2023_09_legacy,legacy_vwap,random_hash,s2_reclaim_recent_high,next_open_5d,5,5,3,0.6,3,0.6,3,3,-0.017634011585555352,0.008798888071129829,0.04588356778501718,-0.09846240433878006,-0.03837445275084994,0.015367146174968482,0.024500764915754925,-0.05552085590337226,-0.04090131515849604,0.026232662827999024,-0.09330991091946605,-0.08059896702250002,-0.03315644785609628,-0.02963763856030288
supplemental_2023_09_legacy,legacy_vwap,sector_leader,cs_r3_leader_confirmation,next_open_2d,5,5,5,1.0,5,1.0,5,5,0.008685304105598979,0.008685304105598979,0.0,0.008685304105598979,0.008685304105598979,0.008685304105598979,0.008685304105598979,-0.059003248187441404,-0.059003248187441404,0.0,-0.059003248187441404,-0.059003248187441404,-0.059003248187441404,-0.059003248187441404
supplemental_2023_09_legacy,legacy_vwap,sector_leader,s2_reclaim_bull_stack,next_open_1d,5,5,5,1.0,5,1.0,5,5,0.008097643876462612,0.008097643876462612,0.0,0.008097643876462612,0.008097643876462612,0.008097643876462612,0.008097643876462612,-0.09726435970154157,-0.09726435970154157,0.0,-0.09726435970154157,-0.09726435970154157,-0.09726435970154157,-0.09726435970154157
supplemental_2023_09_legacy,legacy_vwap,flow_quality,s4_auction_confirmed_reclaim,fast_failure_2pct_target4pct_2d,5,5,3,0.6,3,0.6,3,3,-0.0006925815822922176,0.00807481255672049,0.04014253899777294,-0.053692971912177034,-0.03172129209214958,0.010705987392023442,0.06317055614412159,-0.041940941591214684,-0.03860086404698504,0.02314102598343703,-0.08334889169101234,-0.04689120475956543,-0.021425820997741374,-0.01943792646076925
supplemental_2023_09_legacy,legacy_vwap,random_hash,s2_reclaim_acceleration,momentum_trail_4pct_5d,5,5,4,0.8,4,0.8,4,4,0.012637800080573669,0.0077065244009133504,0.02269424315050007,-0.017747210711837935,0.003995941346191856,0.017488883706610725,0.05174486166099035,-0.041916827942473825,-0.03944394621229974,0.014115185288754446,-0.06271660607165008,-0.050489070197237584,-0.03628330611331443,-0.020651211117867274
supplemental_2023_09_legacy,legacy_vwap,flow_quality,s1_break_reclaim_stable3,fast_failure_2pct_target4pct_2d,5,5,3,0.6,3,0.6,3,3,0.0037232953098293997,0.0073263045863611875,0.03272601366044723,-0.03762389852581893,-0.027651119920697576,0.026895247245370513,0.04966994316393181,-0.0458557658700516,-0.039135892753151214,0.017622722524041932,-0.0688564677890845,-0.06458908266504715,-0.031057974178287595,-0.025639411964687553
supplemental_2023_09_legacy,legacy_vwap,trend_structure,ht_r3_core_pullback,protect_3pct_target6pct_3d,5,5,3,0.6,3,0.6,3,3,0.008346797048794463,0.007314729164690448,0.015449138378115037,-0.009865230281971504,-0.0060055523496266305,0.018426172693421172,0.03186386601745883,-0.04117256234121436,-0.039533728700464676,0.003417121684747103,-0.04782202585048201,-0.04093666823361464,-0.03890301966055021,-0.03866736926096026
supplemental_2023_09_legacy,legacy_vwap,random_hash,s1_break_reclaim_stable3,next_open_2d,5,5,4,0.8,4,0.8,4,4,0.02178091910484714,0.006951915529293418,0.03627870398127137,-0.027797907710895964,0.004417181048941066,0.05130958452783663,0.07402382212906056,-0.03806793364898373,-0.03194902183103343,0.01583985082840239,-0.060667064467164744,-0.051435269037390485,-0.029555812593276998,-0.016732500316053
supplemental_2023_09_legacy,legacy_vwap,flow_quality,s4_reclaim_volume_proxy,momentum_trail_4pct_5d,5,5,3,0.6,3,0.6,3,3,-0.013922941340745454,0.005091004098680019,0.02951906307064131,-0.06394395036537637,-0.03137322918155072,0.007597048483499957,0.013014420261019843,-0.045386663384949164,-0.03811277494513876,0.013389012525319622,-0.06892168597546366,-0.05149203662537816,-0.03523191146411164,-0.033174907914653606
supplemental_2023_09_legacy,legacy_vwap,flow_quality,cs_r3_leader_confirmation,next_open_2d,5,5,4,0.8,4,0.8,4,4,0.006164816034993192,0.005080034391809596,0.04401773871430282,-0.0691829599997893,0.0016470268478860906,0.027766029164044692,0.06551394977101488,-0.051844980646994186,-0.044999902608152675,0.031156534555683253,-0.11095718023354939,-0.050732568797362654,-0.02747207006983221,-0.025063181526074008
supplemental_2023_09_legacy,legacy_vwap,random_hash,cs_r3_leader_confirmation,next_open_2d,5,5,4,0.8,4,0.8,4,4,0.006163361095627184,0.005072759694979556,0.04401777466627611,-0.0691829599997893,0.0016470268478860906,0.027766029164044692,0.06551394977101488,-0.05184504427062531,-0.04500022072630827,0.031156520577853945,-0.11095718023354939,-0.050732568797362654,-0.02747207006983221,-0.025063181526074008
supplemental_2023_09_legacy,legacy_vwap,trend_structure,s1_break_reclaim_stable3,protect_3pct_target6pct_3d,5,5,4,0.8,4,0.8,4,4,0.003070770751715779,0.004943176617200562,0.02343440261661517,-0.035801224247058006,0.001663918002705378,0.006592607707520237,0.03795537567821072,-0.03852770942934643,-0.037893289967397936,0.011906861303588388,-0.05959234835925009,-0.04004664056011065,-0.03083608032440599,-0.024270187935567455
supplemental_2023_09_legacy,legacy_vwap,trend_structure,ng_r1_auction_reclaim,protect_3pct_target6pct_3d,5,5,5,1.0,5,1.0,5,5,0.003554313410978338,0.004609505580530415,0.0012923411979915613,0.0019715251566501113,0.0019715251566501113,0.004609505580530415,0.004609505580530637,-0.020198325406900298,-0.019025185775302655,0.0014367967472255659,-0.021958034854296926,-0.021958034854296926,-0.019025185775302655,-0.019025185775302322
supplemental_2023_09_legacy,legacy_vwap,random_hash,ng_r1_auction_reclaim,next_open_1d,5,5,3,0.6,3,0.6,3,3,0.005569900543843232,0.0042168214900506484,0.019210897102783172,-0.020685475162501188,-0.0013966919791698063,0.006922134693793547,0.038792713677042956,-0.03210542222417798,-0.03084239530617261,0.006906608158949689,-0.04475736229283345,-0.03270847250507336,-0.027621408381219736,-0.024597472635590756
supplemental_2023_09_legacy,legacy_vwap,flow_quality,s2_reclaim_acceleration,momentum_trail_4pct_5d,5,5,3,0.6,3,0.6,3,3,0.0008561745530055065,0.003995941346191856,0.030176277715512557,-0.046536935786568034,-0.008937532259476688,0.00863632267346004,0.04712307679142036,-0.0470912172110439,-0.03944394621229974,0.019141705729670944,-0.07519897914337526,-0.06271660607165008,-0.03569091682426595,-0.022405637803628475
supplemental_2023_09_legacy,legacy_vwap,trend_structure,s2_reclaim_bull_stack,next_open_1d,5,5,5,1.0,5,1.0,5,5,0.0038791882623549156,0.003821814230271059,0.001226961240324458,0.0019962260296311207,0.0036771885742008514,0.004044065630040672,0.005856646847630875,-0.04314594119857584,-0.04376156679186516,0.0009043158354419469,-0.043950830184103284,-0.04393452212284554,-0.04205096308701184,-0.04203182380705339
supplemental_2023_09_legacy,legacy_vwap,random_hash,s2_reclaim_bull_stack,next_open_1d,5,5,4,0.8,4,0.8,4,4,0.0026872287360343305,0.0038208767484402273,0.003604820246661623,-0.004429342931130065,0.0038208767484402273,0.00511186655721052,0.0051118665572107425,-0.05877883297868647,-0.06166488648372215,0.0058329860954206844,-0.061725702161295914,-0.061725702161295914,-0.061664886483721815,-0.04711298760339655
supplemental_2023_09_legacy,legacy_vwap,sector_leader,s1_touch_immediate,next_open_1d,5,5,5,1.0,5,1.0,5,5,0.0031361237594418334,0.0031361237594418334,0.0,0.0031361237594418334,0.0031361237594418334,0.0031361237594418334,0.0031361237594418334,-0.04091314406427715,-0.04091314406427715,0.0,-0.04091314406427715,-0.04091314406427715,-0.04091314406427715,-0.04091314406427715
supplemental_2023_09_legacy,legacy_vwap,flow_quality,s4_reclaim_vwap_support,momentum_trail_4pct_5d,5,5,3,0.6,3,0.6,3,3,0.003168108445512452,0.002777480523369791,0.029603098536087183,-0.04521256610928981,-0.004924620988033701,0.01820938838865005,0.04499086041286593,-0.04454989935454527,-0.04001505272725825,0.011684805207611103,-0.059350799123378484,-0.05715138182866497,-0.0364912198927112,-0.02974104320071347
supplemental_2023_09_legacy,legacy_vwap,random_hash,s1_break_reclaim_stable3,fast_failure_2pct_target4pct_2d,5,5,3,0.6,3,0.6,3,3,-0.003380520622681882,0.0026901048493508384,0.029671956494933382,-0.04552403308641251,-0.02920731788288944,0.02578215015990115,0.029356492846640547,-0.043069685086671396,-0.036633370490984696,0.015360131970583281,-0.0654222877020535,-0.05691855407268631,-0.029570909953832714,-0.026803303213799756
supplemental_2023_09_legacy,legacy_vwap,random_hash,ng_r1_auction_reclaim,next_open_2d,5,5,3,0.6,3,0.6,3,3,0.00041214601753976067,0.0025395158658865213,0.027409765040882692,-0.031045447709295515,-0.02901439632816194,0.020563665918276186,0.03901739234099355,-0.035294778892595066,-0.04184743678545644,0.010080616302044935,-0.04386747904828192,-0.042807267822549844,-0.030260442258950193,-0.01769126854773695
supplemental_2023_09_legacy,legacy_vwap,flow_quality,s4_reclaim_volume_proxy,next_open_3d,5,5,3,0.6,3,0.6,3,3,-0.0042919855810471304,0.002295326276240184,0.023790832469195836,-0.0346816129636599,-0.0280509497459277,0.010335229307941729,0.028642079220170036,-0.044146929172957775,-0.043860088573961176,0.009020352482133256,-0.05700906008328832,-0.05083743606694424,-0.036855905027775804,-0.03217215611281932
supplemental_2023_09_legacy,legacy_vwap,random_hash,s4_reclaim_volume_proxy,next_open_3d,5,5,3,0.6,3,0.6,3,3,-0.008848541248907016,0.002295326276240184,0.02459873308063947,-0.03976415826250723,-0.0346816129636599,0.0030387483179721286,0.024868990387419743,-0.04718617496201538,-0.043860088573961176,0.012072022320144463,-0.06872952478362082,-0.05083743606694424,-0.03697369932746897,-0.0355301260580817
supplemental_2023_09_legacy,legacy_vwap,flow_quality,s2_reclaim_recent_high,next_open_5d,5,5,3,0.6,3,0.6,3,3,0.01528321808361408,0.0021493664366720733,0.025021423739727485,-0.008745025478810287,-0.007188068084519883,0.038118687792888295,0.052081129751840205,-0.043996665044902114,-0.03854014527158789,0.012888501539096292,-0.0666335677684764,-0.04797810616743414,-0.03834531253280504,-0.028486193484207112
supplemental_2023_09_legacy,legacy_vwap,sector_leader,s1_touch_immediate,next_open_2d,5,5,5,1.0,5,1.0,5,5,0.0019032688400588693,0.0019032688400588693,0.0,0.0019032688400588693,0.0019032688400588693,0.0019032688400588693,0.0019032688400588693,-0.04728374607693686,-0.04728374607693686,0.0,-0.04728374607693686,-0.04728374607693686,-0.04728374607693686,-0.04728374607693686
supplemental_2023_09_legacy,legacy_vwap,flow_quality,s1_break_reclaim_stable3,next_open_3d,5,5,3,0.6,3,0.6,3,3,-0.003976221135577074,0.001777169778883314,0.013473603490202728,-0.029312852297300074,-0.004411954866889278,0.0020286406556302428,0.010037891051790426,-0.0421093404109588,-0.043939394294485234,0.010636302230301924,-0.05645251674630014,-0.04967658554643106,-0.03319803303906632,-0.027280172428511218
supplemental_2023_09_legacy,legacy_vwap,sector_leader,fu_r3_core_pullback,protect_3pct_target6pct_3d,5,5,5,1.0,5,1.0,5,5,0.0016432969110957707,0.0016432969110957707,0.0,0.0016432969110957707,0.0016432969110957707,0.0016432969110957707,0.0016432969110957707,-0.06176425488840853,-0.06176425488840853,0.0,-0.06176425488840853,-0.06176425488840853,-0.06176425488840853,-0.06176425488840853
supplemental_2023_09_legacy,legacy_vwap,flow_quality,s1_break_reclaim_stable3,next_open_1d,5,4,3,0.6,2,0.5,3,2,-0.0004154684583487445,0.0012844421134938777,0.02340679687915241,-0.02599723055803771,-0.020480674807878407,0.002666395668255772,0.040449725292422745,-0.04645996539322528,-0.05719822855284684,0.015220458083015316,-0.0589088807882624,-0.05845792513839576,-0.036775553881163825,-0.020959238605457564
supplemental_2023_09_legacy,legacy_vwap,flow_quality,fu_r3_core_pullback,next_open_2d,5,5,3,0.6,3,0.6,3,3,-1.920097575356383e-05,0.0010918696910584558,0.018740301324431677,-0.022682966343613664,-0.014941433032149454,0.00492859386964839,0.03150793093628845,-0.04230801024695328,-0.04321624169890115,0.012099089033797469,-0.059633754102012215,-0.04979760386964904,-0.03413602752970635,-0.024756424034497626
supplemental_2023_09_legacy,legacy_vwap,flow_quality,ht_r3_core_pullback,next_open_5d,5,5,3,0.6,3,0.6,3,3,-0.01047582877417923,0.0010421407280805095,0.020907734244408036,-0.035931986278000094,-0.03531180299585002,0.0046425443207533945,0.013179960354120057,-0.05021575929301749,-0.044903737158185075,0.021471612891255668,-0.08711598499602102,-0.05687169828905636,-0.039451254059449936,-0.022736121962375067
supplemental_2023_09_legacy,legacy_vwap,random_hash,ht_r3_core_pullback,next_open_5d,5,5,3,0.6,3,0.6,3,3,-0.0065788376927681915,0.0008022705678003561,0.023744471790678148,-0.052761574494921804,-0.0023449385426298486,0.007851616259070049,0.01355843774684029,-0.049826784369355656,-0.040496326222590584,0.019996792702231595,-0.08769384364941146,-0.05203316344618025,-0.03514574317692598,-0.033764845351670014
supplemental_2023_09_legacy,legacy_vwap,sector_leader,s2_reclaim_positive_slope,next_open_2d,5,5,5,1.0,5,1.0,5,5,0.00021662900889940495,0.00021662900889940495,0.0,0.00021662900889940495,0.00021662900889940495,0.00021662900889940495,0.00021662900889940495,-0.06544923196241581,-0.06544923196241581,0.0,-0.06544923196241581,-0.06544923196241581,-0.06544923196241581,-0.06544923196241581
supplemental_2023_09_legacy,legacy_vwap,trend_structure,s4_reclaim_volume_proxy,fast_failure_2pct_target4pct_2d,5,5,3,0.6,3,0.6,3,3,-0.005043641252638342,0.0001805859290915368,0.020698474912885238,-0.044460669027623356,-0.0030783154593434503,0.00671279658961077,0.015427395705072788,-0.03836824370873428,-0.03706800065650251,0.01468458204230966,-0.0636419017076918,-0.0418741207159079,-0.029521930512733774,-0.01973526495083544
supplemental_2023_09_legacy,legacy_vwap,sector_leader,s0_strong_no_ma,momentum_trail_4pct_5d,5,5,0,0.0,0,0.0,0,0,-0.00026420532955406806,-0.00026420532955406806,0.0,-0.00026420532955406806,-0.00026420532955406806,-0.00026420532955406806,-0.00026420532955406806,-0.09516401478635983,-0.09516401478635983,0.0,-0.09516401478635983,-0.09516401478635983,-0.09516401478635983,-0.09516401478635983
supplemental_2023_09_legacy,legacy_vwap,random_hash,fu_r3_core_pullback,fast_failure_2pct_target4pct_2d,5,5,2,0.4,2,0.4,2,2,-0.0053511714830771105,-0.0006261476346799411,0.017953664538078493,-0.03937230458483232,-0.005427125452568737,0.008814194283011334,0.00985552597368411,-0.045944025800314446,-0.05011575232924792,0.013181249447323684,-0.06126714019461377,-0.05041642400635382,-0.046396421002005694,-0.021524391469351034
supplemental_2023_09_legacy,legacy_vwap,random_hash,s4_reclaim_volume_proxy,momentum_trail_4pct_5d,5,5,2,0.4,2,0.4,2,2,-0.010669962070546445,-0.0007726480879398645,0.03167592256346073,-0.07055582972724761,-0.007678990332214641,0.0023594899420400495,0.023298167852629836,-0.04186795090324669,-0.034876213096854736,0.016001361458561812,-0.07368094771670997,-0.036097480379750135,-0.033842902929073326,-0.03084221039384527
supplemental_2023_09_legacy,legacy_vwap,flow_quality,s2_reclaim_acceleration,next_open_5d,5,5,2,0.4,2,0.4,2,2,-0.00547755021224261,-0.001283490321969727,0.012248078965146503,-0.020760970243850263,-0.019109929614279486,0.004949391656140278,0.008817247462746147,-0.04221534417970816,-0.04457835793134035,0.0079056068526765,-0.051582882511430506,-0.04639463884235662,-0.04038946537094523,-0.028131376242468087
supplemental_2023_09_legacy,legacy_vwap,random_hash,s2_reclaim_acceleration,next_open_5d,5,5,2,0.4,2,0.4,2,2,-0.0065674008180745865,-0.001283490321969727,0.012291293026795165,-0.02183462070519948,-0.020760970243850263,0.004949391656140278,0.006092685524506258,-0.04232141758100725,-0.0451087249378358,0.007940083865227278,-0.051582882511430506,-0.04639463884235662,-0.04038946537094523,-0.028131376242468087
supplemental_2023_09_legacy,legacy_vwap,trend_structure,ng_r1_auction_reclaim,momentum_trail_4pct_5d,5,5,2,0.4,2,0.4,2,2,0.00021247404553499384,-0.0013112602389269146,0.003596511074613373,-0.0034543622255469586,-0.0013112602389270256,0.00010232966337286875,0.007036923267702999,-0.0536887803613741,-0.0539956831395797,0.0006138055564114175,-0.05399568313957992,-0.05399568313957992,-0.0539956831395797,-0.052461169248551265
supplemental_2023_09_legacy,legacy_vwap,flow_quality,s2_reclaim_bull_stack,next_open_1d,5,5,1,0.2,1,0.2,1,1,-0.0012485095770397915,-0.001806933944250022,0.0015639027149779163,-0.00310142740419983,-0.001810437595429537,-0.0011307947175296373,0.0016070457762100698,-0.05877883297868647,-0.06166488648372215,0.0058329860954206844,-0.061725702161295914,-0.061725702161295914,-0.061664886483721815,-0.04711298760339655
supplemental_2023_09_legacy,legacy_vwap,flow_quality,s4_reclaim_volume_proxy,protect_3pct_target6pct_3d,5,5,2,0.4,2,0.4,2,2,-0.0066531847413880294,-0.0021321758182191175,0.04808297854246452,-0.0937455793380747,-0.012537441812760508,0.03563626601126524,0.03951300725084894,-0.05179080615483058,-0.0423944846039227,0.02316745928454867,-0.0968726475435362,-0.04858601614638314,-0.03910170740166519,-0.03199917507864569
supplemental_2023_09_legacy,legacy_vwap,flow_quality,s1_touch_reclaim,momentum_trail_4pct_5d,5,4,2,0.4,1,0.25,2,1,-0.009457966563794228,-0.002566912816400313,0.025174817043481967,-0.05179812556786989,-0.021050324708429824,0.007435210052150643,0.02069032022157824,-0.04243306198939356,-0.03772325323212433,0.011044645962709753,-0.06396112832413181,-0.040858903658728685,-0.03648609866106034,-0.03313592607092264
supplemental_2023_09_legacy,legacy_vwap,random_hash,ng_r3_volume_quality,next_open_2d,5,4,2,0.4,2,0.5,2,2,-0.013911125269444758,-0.003019922548189169,0.03699558816581624,-0.08015905276854896,-0.02243707989272048,0.00747627540202056,0.028584153460214257,-0.05256320695000614,-0.03978579298809981,0.02641248345144943,-0.10193263691014576,-0.05671893208686363,-0.036663385611241384,-0.0277152871536801
supplemental_2023_09_legacy,legacy_vwap,trend_structure,s4_reclaim_volume_proxy,next_open_3d,5,5,2,0.4,2,0.4,2,2,0.0013787215712384616,-0.003227615033163711,0.01447569695000923,-0.018064843174043443,-0.0043197445533935674,0.006938849689106519,0.02556696092768651,-0.024689410768435116,-0.024107278861630443,0.005773516421427953,-0.034921444596517026,-0.025706811049819867,-0.020716512042177948,-0.017995007292030296
supplemental_2023_09_legacy,legacy_vwap,flow_quality,s4_reclaim_vwap_support,next_open_5d,5,5,2,0.4,2,0.4,2,2,-0.00475640466743279,-0.003260827552480916,0.03907550248530307,-0.0495232830711696,-0.03558200748145002,0.0012053063854700063,0.06337878838246658,-0.05515871016656295,-0.06057225165831748,0.013895690425125744,-0.07530714984181242,-0.06103734699472596,-0.04026617173142355,-0.03861063060653536
supplemental_2023_09_legacy,legacy_vwap,random_hash,s4_reclaim_vwap_support,next_open_5d,5,5,2,0.4,2,0.4,2,2,-0.0048421690308948495,-0.003260827552480916,0.039062791910920706,-0.0495232830711696,-0.03558200748145002,0.0007764845681597077,0.06337878838246658,-0.05516202965986623,-0.06057225165831748,0.013892133929093326,-0.07530714984181242,-0.06103734699472596,-0.04028276919793994,-0.03861063060653536
supplemental_2023_09_legacy,legacy_vwap,sector_leader,s4_reclaim_volume_normal,next_open_5d,5,5,0,0.0,0,0.0,0,0,-0.0032844718697706554,-0.0032844718697706554,0.0,-0.0032844718697706554,-0.0032844718697706554,-0.0032844718697706554,-0.0032844718697706554,-0.09832773033046494,-0.09832773033046494,0.0,-0.09832773033046494,-0.09832773033046494,-0.09832773033046494,-0.09832773033046494
supplemental_2023_09_legacy,legacy_vwap,flow_quality,ng_r3_volume_quality,next_open_3d,5,4,1,0.2,1,0.25,1,1,-0.00803209008022292,-0.0035821471893499046,0.01448857601208848,-0.03275712495282934,-0.01231675974132962,-0.0027705955770859214,0.011266177059480187,-0.03630746179188549,-0.032478673143047754,0.01399270862398975,-0.06273211126833156,-0.0342431433012258,-0.031092642242217194,-0.02099073900460513
supplemental_2023_09_legacy,legacy_vwap,trend_structure,ht_r3_core_pullback,next_open_5d,5,5,2,0.4,2,0.4,2,2,-0.006934958969187566,-0.004061639431244934,0.0107153525235572,-0.027311863975939654,-0.006786349204013775,0.0017425288826302676,0.0017425288826302676,-0.051641805721490554,-0.05506110114938345,0.008557489659604725,-0.0633292544767231,-0.05632883943498568,-0.041744916773180374,-0.04174491677318015
supplemental_2023_09_legacy,legacy_vwap,random_hash,s1_break_reclaim_stable3,protect_3pct_target6pct_3d,5,5,1,0.2,1,0.2,1,1,-0.010982753649395516,-0.004188904453889308,0.013178755535709132,-0.027738737205779795,-0.025134661262849356,-0.003948611132149282,0.006097145807690163,-0.04921454178748348,-0.04597730702515679,0.009311051590022578,-0.062154917614966165,-0.05794878464211839,-0.04215105654050122,-0.03784064311467483
supplemental_2023_09_legacy,legacy_vwap,random_hash,s1_break_reclaim_stable3,next_open_3d,5,5,2,0.4,2,0.4,2,2,-0.005315186198157029,-0.004411954866889278,0.012971638702988456,-0.02886181108847985,-0.0051172258660897585,0.001777169778883314,0.010037891051790426,-0.04317461835947121,-0.04967658554643106,0.01087065684269957,-0.054960856387443635,-0.050757444395903795,-0.03319803303906632,-0.027280172428511218
supplemental_2023_09_legacy,legacy_vwap,flow_quality,s4_reclaim_vwap_support,next_open_2d,5,5,2,0.4,2,0.4,2,2,-0.01120608542798005,-0.004412166399209938,0.03811435514521289,-0.06953988940644473,-0.034236505969509334,0.010208263660243633,0.04194987097502012,-0.0642195248363913,-0.054579143691555476,0.02095522113754712,-0.09539994484089043,-0.08254060615704806,-0.04469789785185896,-0.04388003164060361
supplemental_2023_09_legacy,legacy_vwap,flow_quality,ng_r1_auction_reclaim,momentum_trail_4pct_5d,5,5,1,0.2,1,0.2,1,1,-0.015132472259285823,-0.005116713246158033,0.02098329693208473,-0.039903781095262936,-0.0392716393599859,-0.0043008462111464585,0.012930618616124212,-0.050713679988810045,-0.05184229124063788,0.008374291947772068,-0.06434987925203672,-0.051994202181152915,-0.04675660378279001,-0.0386254234874327
supplemental_2023_09_legacy,legacy_vwap,random_hash,s4_reclaim_vwap_support,next_open_2d,5,5,2,0.4,2,0.4,2,2,-0.00967970082346794,-0.005241431683159714,0.03765572197499313,-0.06953988940644473,-0.0269838258952394,0.010208263660243633,0.04315837920726051,-0.06199566830169238,-0.054579143691555476,0.019753148938868596,-0.09539994484089043,-0.07253307813785526,-0.04473388948804602,-0.04273228535011475
supplemental_2023_09_legacy,legacy_vwap,sector_leader,cs_r3_leader_confirmation,next_open_3d,5,5,0,0.0,0,0.0,0,0,-0.005286981982841721,-0.005286981982841721,0.0,-0.005286981982841721,-0.005286981982841721,-0.005286981982841721,-0.005286981982841721,-0.09102098728867936,-0.09102098728867936,0.0,-0.09102098728867936,-0.09102098728867936,-0.09102098728867936,-0.09102098728867936
supplemental_2023_09_legacy,legacy_vwap,flow_quality,s4_reclaim_amount_acceleration,next_open_3d,5,5,1,0.2,1,0.2,1,1,-0.00620206508250627,-0.005434817195355768,0.030683577469270067,-0.043523287014579415,-0.027658323603569124,-0.0013938782001373662,0.046999980601110325,-0.050657365854253934,-0.0497173881814732,0.012095498178474058,-0.07152906922182323,-0.05184599221824915,-0.04603631237207162,-0.03415806727765247
supplemental_2023_09_legacy,legacy_vwap,random_hash,s4_reclaim_amount_acceleration,next_open_3d,5,5,1,0.2,1,0.2,1,1,-0.00620206508250627,-0.005434817195355768,0.030683577469270067,-0.043523287014579415,-0.027658323603569124,-0.0013938782001373662,0.046999980601110325,-0.050657365854253934,-0.0497173881814732,0.012095498178474058,-0.07152906922182323,-0.05184599221824915,-0.04603631237207162,-0.03415806727765247
supplemental_2023_09_legacy,legacy_vwap,random_hash,s2_reclaim_positive_slope,protect_3pct_target6pct_3d,5,4,1,0.2,0,0.0,1,0,-0.009339649298066254,-0.005572772689515393,0.040816978752368054,-0.05607091225779948,-0.04168613050649883,-0.005225013379237975,0.0618565823427204,-0.04630777134786079,-0.04144939418463223,0.011550600700276947,-0.06564216402202883,-0.05290588182646805,-0.037196341361181884,-0.03434507534499298
supplemental_2023_09_legacy,legacy_vwap,random_hash,ng_r1_auction_reclaim,protect_3pct_target6pct_3d,5,5,1,0.2,1,0.2,1,1,-0.013904309253494396,-0.005591315610319447,0.022207935878915026,-0.0436924709211961,-0.03403602781674209,-0.0040249000835842486,0.017823168164369907,-0.042321691248524494,-0.045625724546532354,0.010196747794556722,-0.054353469889763195,-0.047437716380810624,-0.040123084269824805,-0.0240684611556915
supplemental_2023_09_legacy,legacy_vwap,flow_quality,s4_reclaim_volume_proxy,next_open_2d,5,5,1,0.2,1,0.2,1,1,-0.010946421812265994,-0.005942517714043527,0.010945212069261816,-0.02853200396599942,-0.018530295737823166,-0.0022522950262344743,0.0005250033827706169,-0.0467606411099639,-0.04610865740986114,0.0045138838102452,-0.0524693600366386,-0.051408870486930214,-0.042192742200311106,-0.04162357541607842
supplemental_2023_09_legacy,legacy_vwap,random_hash,s4_reclaim_volume_proxy,next_open_2d,5,5,1,0.2,1,0.2,1,1,-0.011164510383735959,-0.005942517714043527,0.017885933095030598,-0.03389924664629329,-0.02853200396599942,-0.0022522950262344743,0.014803511433890915,-0.047353250349213984,-0.051408870486930214,0.008147669952795498,-0.056630905909624496,-0.0524693600366386,-0.042192742200311106,-0.034064373112565494
supplemental_2023_09_legacy,legacy_vwap,sector_leader,ng_r3_volume_quality,next_open_3d,5,5,0,0.0,0,0.0,0,0,-0.006269359677689601,-0.006269359677689601,0.0,-0.006269359677689601,-0.006269359677689601,-0.006269359677689601,-0.006269359677689601,-0.06466715690612734,-0.06466715690612734,0.0,-0.06466715690612734,-0.06466715690612734,-0.06466715690612734,-0.06466715690612734
supplemental_2023_09_legacy,legacy_vwap,sector_leader,s4_reclaim_volume_proxy,next_open_5d,5,5,0,0.0,0,0.0,0,0,-0.006367339580811926,-0.006367339580811926,0.0,-0.006367339580811926,-0.006367339580811926,-0.006367339580811926,-0.006367339580811926,-0.04273536956834301,-0.04273536956834301,0.0,-0.04273536956834301,-0.04273536956834301,-0.04273536956834301,-0.04273536956834301
supplemental_2023_09_legacy,legacy_vwap,random_hash,fu_r3_core_pullback,next_open_2d,5,5,2,0.4,2,0.4,2,2,0.0017573115187558886,-0.0063887267523145,0.01831674060949805,-0.018173903611366393,-0.014052816730249607,0.023033032510651585,0.024368972177058357,-0.04166209702236312,-0.041430406160279154,0.011600938584085988,-0.05877968171386316,-0.04955277582234552,-0.031580475646271644,-0.026967145769056122
supplemental_2023_09_legacy,legacy_vwap,random_hash,s1_break_reclaim_stable3,next_open_1d,5,4,1,0.2,0,0.0,1,0,-0.004945952346725968,-0.006979792700934073,0.02087745111138327,-0.028716515414617616,-0.01881653908705605,-0.002866808127492848,0.03264989359647075,-0.04807320912041013,-0.05591056902470526,0.014547084500588286,-0.06163249019946593,-0.06047963334691142,-0.03778858866569834,-0.02455476436526971
supplemental_2023_09_legacy,legacy_vwap,flow_quality,s2_reclaim_positive_slope,next_open_5d,5,5,2,0.4,2,0.4,2,2,-0.007159268630443916,-0.0075256735919396744,0.039401346832566055,-0.05523003749012978,-0.04019974414386995,0.010771433612559944,0.056387678461159885,-0.0467959332464454,-0.040494579066082004,0.016199652292036827,-0.0698048324888525,-0.06203583361785381,-0.03129811223631984,-0.03034630882311884
supplemental_2023_09_legacy,legacy_vwap,random_hash,s2_reclaim_positive_slope,next_open_5d,5,5,2,0.4,2,0.4,2,2,-0.007159268630443916,-0.0075256735919396744,0.039401346832566055,-0.05523003749012978,-0.04019974414386995,0.010771433612559944,0.056387678461159885,-0.0467959332464454,-0.040494579066082004,0.016199652292036827,-0.0698048324888525,-0.06203583361785381,-0.03129811223631984,-0.03034630882311884
supplemental_2023_09_legacy,legacy_vwap,trend_structure,s2_reclaim_recent_high,momentum_trail_4pct_5d,5,5,1,0.2,1,0.2,1,1,-0.02122692637904946,-0.007532244482059913,0.028043847527575615,-0.05890920156786805,-0.05039969838912972,-0.00015700228897985724,0.010863514832790244,-0.06377252986500659,-0.06094340640432139,0.013015366796303668,-0.08493254289062668,-0.07015887959523703,-0.05615692357115598,-0.04667089686369186
supplemental_2023_09_legacy,legacy_vwap,sector_leader,s1_break_reclaim_stable3,next_open_3d,5,5,0,0.0,0,0.0,0,0,-0.007717828797779824,-0.007717828797779824,0.0,-0.007717828797779824,-0.007717828797779824,-0.007717828797779824,-0.007717828797779824,-0.08096172902430432,-0.08096172902430432,0.0,-0.08096172902430432,-0.08096172902430432,-0.08096172902430432,-0.08096172902430432
supplemental_2023_09_legacy,legacy_vwap,flow_quality,s4_reclaim_amount_acceleration,next_open_5d,5,5,0,0.0,0,0.0,0,0,-0.010837155895706973,-0.008049010087139763,0.00952111688235294,-0.024565583647176203,-0.01918083815432936,-0.0020502108012497855,-0.0003401367886397555,-0.050343370115689214,-0.04813297470153688,0.004529527628904668,-0.05690834777332976,-0.05456247638277978,-0.0462038319050998,-0.04590921981569984
supplemental_2023_09_legacy,legacy_vwap,random_hash,s4_reclaim_amount_acceleration,next_open_5d,5,5,0,0.0,0,0.0,0,0,-0.010837155895706973,-0.008049010087139763,0.00952111688235294,-0.024565583647176203,-0.01918083815432936,-0.0020502108012497855,-0.0003401367886397555,-0.050343370115689214,-0.04813297470153688,0.004529527628904668,-0.05690834777332976,-0.05456247638277978,-0.0462038319050998,-0.04590921981569984
supplemental_2023_09_legacy,legacy_vwap,random_hash,s2_reclaim_acceleration,protect_3pct_target6pct_3d,5,5,2,0.4,2,0.4,2,2,-0.014077358978416266,-0.008049419652229273,0.024003215897298556,-0.04842282011137988,-0.03441387726995615,0.0044340214266833655,0.016065300714800612,-0.04948351614182376,-0.044972112045886914,0.016344165128240204,-0.0747049132477211,-0.061005084913269614,-0.03704222129792012,-0.029693249204321037
supplemental_2023_09_legacy,legacy_vwap,trend_structure,fu_r3_core_pullback,protect_3pct_target6pct_3d,5,5,1,0.2,1,0.2,1,1,-0.014522050836338595,-0.008569073959696638,0.019655068633969767,-0.03870326096458088,-0.03454297806973994,-0.0048606384535296865,0.01406569726585416,-0.045608279190346136,-0.05341992406884688,0.020872003371286318,-0.06666895734181921,-0.06624453013412201,-0.02418748603694243,-0.017520498370000137
supplemental_2023_09_legacy,legacy_vwap,sector_leader,ht_r3_core_pullback,next_open_5d,5,5,0,0.0,0,0.0,0,0,-0.008815660631810496,-0.008815660631810496,0.0,-0.008815660631810496,-0.008815660631810496,-0.008815660631810496,-0.008815660631810496,-0.10433080334085998,-0.10433080334085998,0.0,-0.10433080334085998,-0.10433080334085998,-0.10433080334085998,-0.10433080334085998
supplemental_2023_09_legacy,legacy_vwap,flow_quality,s1_break_reclaim_stable3,momentum_trail_4pct_5d,5,5,1,0.2,1,0.2,1,1,-0.00715965564989236,-0.008832844853619903,0.01739042430808911,-0.025575953701699627,-0.019976695166624703,-0.005945789199857776,0.02453300467234021,-0.05004098667718939,-0.047293217893614736,0.007524753301327176,-0.06228407893568766,-0.0548363017378245,-0.04342472245537965,-0.042366612363440415
supplemental_2023_09_legacy,legacy_vwap,trend_structure,s4_reclaim_volume_normal,next_open_5d,5,5,2,0.4,2,0.4,2,2,-0.002000768707638989,-0.008916102367215517,0.027416462745248685,-0.043767109805609494,-0.013480367935254867,0.024573273299265175,0.03158646327061976,-0.039232343723913196,-0.041255413377198624,0.010490921189712442,-0.05176769855732599,-0.048946931825845974,-0.02732650317049201,-0.026865171688703393
supplemental_2023_09_legacy,legacy_vwap,flow_quality,s2_reclaim_acceleration,protect_3pct_target6pct_3d,5,5,1,0.2,1,0.2,1,1,-0.014383326118624983,-0.009194136295679667,0.019290035580170617,-0.048783905204930034,-0.019061041318066074,-0.002638923442629615,0.00776137566818047,-0.050671360347472175,-0.04967141868660008,0.009973874166281434,-0.06256567065199103,-0.06140534139136422,-0.04156089092496629,-0.03815348008243924
supplemental_2023_09_legacy,legacy_vwap,random_hash,ht_r3_core_pullback,protect_3pct_target6pct_3d,5,3,1,0.2,0,0.0,1,0,-0.018527222247253027,-0.009598110557259454,0.0267203165887814,-0.0496632270404993,-0.046646570445976865,-0.008589635052479672,0.021861431859950153,-0.058094348889016614,-0.054821185545652296,0.018635452516485046,-0.08784776512343406,-0.06854036882194059,-0.04460750285267756,-0.03465492210137855
supplemental_2023_09_legacy,legacy_vwap,trend_structure,ng_r1_auction_reclaim,next_open_2d,5,5,0,0.0,0,0.0,0,0,-0.009634922454309724,-0.009634922454309858,1.631691635139148e-16,-0.009634922454309858,-0.009634922454309858,-0.009634922454309525,-0.009634922454309525,-0.03769677481866742,-0.03769677481866751,1.0878804855433139e-16,-0.03769677481866751,-0.03769677481866751,-0.03769677481866729,-0.03769677481866729
supplemental_2023_09_legacy,legacy_vwap,flow_quality,s4_reclaim_volume_proxy,next_open_5d,5,5,2,0.4,2,0.4,2,2,-0.024710137624644468,-0.010041211257012739,0.042174666945268724,-0.07795919368216031,-0.07154795606320974,0.017299150579709988,0.01869852229945046,-0.06765096917438684,-0.054779718209872375,0.022650240956719078,-0.1088860684354579,-0.07431916306783815,-0.054666932452886785,-0.04560296370587902
supplemental_2023_09_legacy,legacy_vwap,random_hash,s4_reclaim_volume_proxy,next_open_5d,5,5,2,0.4,2,0.4,2,2,-0.024710137624644468,-0.010041211257012739,0.042174666945268724,-0.07795919368216031,-0.07154795606320974,0.017299150579709988,0.01869852229945046,-0.06765096917438684,-0.054779718209872375,0.022650240956719078,-0.1088860684354579,-0.07431916306783815,-0.054666932452886785,-0.04560296370587902
supplemental_2023_09_legacy,legacy_vwap,trend_structure,s2_reclaim_bull_stack,momentum_trail_4pct_5d,5,5,0,0.0,0,0.0,0,0,-0.010100849050094785,-0.010100849050094785,0.0,-0.010100849050094785,-0.010100849050094785,-0.010100849050094785,-0.010100849050094785,-0.033685760908856,-0.033685760908856,0.0,-0.033685760908856,-0.033685760908856,-0.033685760908856,-0.033685760908856
supplemental_2023_09_legacy,legacy_vwap,trend_structure,s2_reclaim_bull_stack,next_open_5d,5,5,0,0.0,0,0.0,0,0,-0.010100849050094785,-0.010100849050094785,0.0,-0.010100849050094785,-0.010100849050094785,-0.010100849050094785,-0.010100849050094785,-0.033685760908856,-0.033685760908856,0.0,-0.033685760908856,-0.033685760908856,-0.033685760908856,-0.033685760908856
supplemental_2023_09_legacy,legacy_vwap,flow_quality,ng_r1_auction_reclaim,fast_failure_2pct_target4pct_2d,5,5,2,0.4,2,0.4,2,2,-0.009904956900891815,-0.010108815154899475,0.014949501677419093,-0.030235665500904618,-0.021732269087665457,0.001774437853509836,0.01077752738550064,-0.04591839408634015,-0.04794957254100862,0.004942306238532666,-0.0510291841180488,-0.05007770664419453,-0.042583648266061536,-0.03795185886238728
supplemental_2023_09_legacy,legacy_vwap,trend_structure,ng_r3_volume_quality,momentum_trail_4pct_5d,5,5,1,0.2,1,0.2,1,1,-0.008360684124541762,-0.01031839352804742,0.006065040393671399,-0.01692596775119748,-0.011279630975659538,-0.0036226086043247285,0.00034318023652035734,-0.048454782729495105,-0.048052123473999564,0.007237851677371434,-0.06067242786189753,-0.04954924182063136,-0.04574003164022722,-0.03826008885071985
supplemental_2023_09_legacy,legacy_vwap,sector_leader,fu_r3_core_pullback,momentum_trail_4pct_5d,5,5,0,0.0,0,0.0,0,0,-0.010362453501910451,-0.010362453501910451,0.0,-0.010362453501910451,-0.010362453501910451,-0.010362453501910451,-0.010362453501910451,-0.06324889174340864,-0.06324889174340864,0.0,-0.06324889174340864,-0.06324889174340864,-0.06324889174340864,-0.06324889174340864
supplemental_2023_09_legacy,legacy_vwap,flow_quality,fu_r3_core_pullback,fast_failure_2pct_target4pct_2d,5,5,1,0.2,1,0.2,1,1,-0.011601727009575735,-0.010560073889109622,0.02121335390637895,-0.04834090336729535,-0.01219564724611899,-0.004417132567945514,0.017505122022590802,-0.052760123354370345,-0.05819987875028276,0.012810237644712685,-0.06537562722872636,-0.06519489577027959,-0.03999749392875396,-0.03503272109380906
supplemental_2023_09_legacy,legacy_vwap,trend_structure,s2_reclaim_recent_high,next_open_3d,5,0,0,0.0,0,,0,0,-0.03049774937099592,-0.010776313161069861,0.03149413813505611,-0.0885500096121592,-0.03944290616060153,-0.00805948971850945,-0.005660028202639555,-0.07487477817594701,-0.08509442732891725,0.020514533858376132,-0.10068818260705403,-0.08626674047225158,-0.0574517276611205,-0.04487281281039168
supplemental_2023_09_legacy,legacy_vwap,sector_leader,s4_reclaim_amount_acceleration,protect_3pct_target6pct_3d,5,0,0,0.0,0,,0,0,-0.010788286922925772,-0.010788286922925772,0.0,-0.010788286922925772,-0.010788286922925772,-0.010788286922925772,-0.010788286922925772,-0.06188686476444327,-0.06188686476444327,0.0,-0.06188686476444327,-0.06188686476444327,-0.06188686476444327,-0.06188686476444327
supplemental_2023_09_legacy,legacy_vwap,flow_quality,s0_strong_no_ma,next_open_5d,5,5,2,0.4,2,0.4,2,2,-0.017105022920294966,-0.010788692839830083,0.03273769924938848,-0.057062876839139465,-0.05142342753153495,0.006029900669909827,0.027719981939119842,-0.06712992423394346,-0.0599854808984055,0.01935116075775471,-0.09552004514331403,-0.08405749251106298,-0.04832093448711949,-0.04776566812981531
supplemental_2023_09_legacy,legacy_vwap,random_hash,s0_strong_no_ma,next_open_5d,5,5,2,0.4,2,0.4,2,2,-0.017105022920294966,-0.010788692839830083,0.03273769924938848,-0.057062876839139465,-0.05142342753153495,0.006029900669909827,0.027719981939119842,-0.06712992423394346,-0.0599854808984055,0.01935116075775471,-0.09552004514331403,-0.08405749251106298,-0.04832093448711949,-0.04776566812981531
supplemental_2023_09_legacy,legacy_vwap,random_hash,ng_r1_auction_reclaim,fast_failure_2pct_target4pct_2d,5,5,1,0.2,1,0.2,1,1,-0.0114293397527091,-0.010875891094453527,0.02068072422344138,-0.04232541973892223,-0.02010244686589535,-0.005098173421094199,0.02125523235681981,-0.04263482899833852,-0.042025556548714316,0.012111688765355257,-0.05660922256975287,-0.05554081403387923,-0.03311591635210709,-0.025882635487239125
supplemental_2023_09_legacy,legacy_vwap,sector_leader,s2_reclaim_bull_stack,next_open_3d,5,5,0,0.0,0,0.0,0,0,-0.011253435856473759,-0.011253435856473759,0.0,-0.011253435856473759,-0.011253435856473759,-0.011253435856473759,-0.011253435856473759,-0.05361944892827797,-0.05361944892827797,0.0,-0.05361944892827797,-0.05361944892827797,-0.05361944892827797,-0.05361944892827797
supplemental_2023_09_legacy,legacy_vwap,sector_leader,s2_reclaim_recent_high,next_open_3d,5,5,0,0.0,0,0.0,0,0,-0.011338902432980524,-0.011338902432980524,0.0,-0.011338902432980524,-0.011338902432980524,-0.011338902432980524,-0.011338902432980524,-0.0670702220752083,-0.0670702220752083,0.0,-0.0670702220752083,-0.0670702220752083,-0.0670702220752083,-0.0670702220752083
supplemental_2023_09_legacy,legacy_vwap,random_hash,s4_reclaim_volume_proxy,protect_3pct_target6pct_3d,5,5,2,0.4,2,0.4,2,2,-0.019190120318474845,-0.011536658136072853,0.04731974852604758,-0.10547523186999785,-0.025706158678340918,0.019878447144514366,0.02688899994752303,-0.056353857227664284,-0.048024546793055234,0.028834593546978336,-0.1124400089567974,-0.051054412992439846,-0.03764861914648887,-0.03260169824954007
supplemental_2023_09_legacy,legacy_vwap,random_hash,ng_r1_auction_reclaim,next_open_3d,5,5,2,0.4,2,0.4,2,2,-0.009798376682961374,-0.011771790988299502,0.020662396068641373,-0.037429565809635634,-0.02615093387149192,0.00849727467434036,0.017863132580279828,-0.0364883749397823,-0.0366004123169118,0.01201900412275813,-0.049338745332906275,-0.048848484236471146,-0.03029822495783252,-0.017356007854789746
supplemental_2023_09_legacy,legacy_vwap,trend_structure,s2_reclaim_daily_trend,next_open_3d,5,2,2,0.4,2,1.0,2,2,-0.020972387433545882,-0.011836312552997552,0.031227002092757503,-0.06517971853073457,-0.04897594255440052,0.0048879899849232356,0.01624204648548,-0.05862457873060374,-0.062203718867900215,0.021590248026232984,-0.08178516972546135,-0.07130842205375032,-0.059449123173377805,-0.018376459832529002
supplemental_2023_09_legacy,legacy_vwap,flow_quality,s1_break_reclaim_stable3,next_open_5d,5,5,2,0.4,2,0.4,2,2,-0.006742760771467427,-0.01272907171245985,0.026781310312893974,-0.03734483904357,-0.031933266546379846,0.018188822887320377,0.030104550557752185,-0.055568061468143415,-0.066979126459901,0.021146580249618577,-0.08040577180496389,-0.06942542498471849,-0.03506614155038923,-0.025963842540744464
supplemental_2023_09_legacy,legacy_vwap,random_hash,s1_break_reclaim_stable3,next_open_5d,5,5,2,0.4,2,0.4,2,2,-0.0032558483513478675,-0.01272907171245985,0.03198186220378034,-0.03734483904357,-0.031933266546379846,0.018188822887320377,0.04753911265834998,-0.05495013361567207,-0.066979126459901,0.02202933812961243,-0.08040577180496389,-0.06942542498471849,-0.03506614155038923,-0.02287420327838774
supplemental_2023_09_legacy,legacy_vwap,random_hash,fu_r3_core_pullback,next_open_1d,5,5,1,0.2,1,0.2,1,1,-0.007479370152051845,-0.013036576246301168,0.02436983891533481,-0.0385413299945887,-0.013090283753080745,-0.009283156647159174,0.03655449588087056,-0.041720808227152184,-0.03902241728346689,0.010775992499341294,-0.06253280661751837,-0.04013993234482571,-0.034170230821141345,-0.032738654068808604
supplemental_2023_09_legacy,legacy_vwap,random_hash,s4_reclaim_amount_acceleration,momentum_trail_4pct_5d,5,5,1,0.2,1,0.2,1,1,-0.01566038342748357,-0.013096259063274385,0.0172780537174553,-0.04480447175483848,-0.0230257067498294,-0.00046451087840604366,0.0030890313089304566,-0.04590483349406118,-0.04541072354788167,0.014265313094544376,-0.06756143903337375,-0.053689402454805024,-0.03729121987077588,-0.02557138256346958
supplemental_2023_09_legacy,legacy_vwap,sector_leader,ng_r3_volume_quality,next_open_5d,5,5,0,0.0,0,0.0,0,0,-0.01313850057841015,-0.01313850057841015,0.0,-0.01313850057841015,-0.01313850057841015,-0.01313850057841015,-0.01313850057841015,-0.10299096631841476,-0.10299096631841476,0.0,-0.10299096631841476,-0.10299096631841476,-0.10299096631841476,-0.10299096631841476
supplemental_2023_09_legacy,legacy_vwap,trend_structure,ng_r3_volume_quality,protect_3pct_target6pct_3d,5,4,2,0.4,1,0.25,2,1,-0.014245513754778205,-0.013275881965702396,0.026107939474677412,-0.061266519306209855,-0.0161537300775616,0.005124241207102642,0.014344321368480184,-0.041597666952718805,-0.03541821484120211,0.013607963122861434,-0.0686881378718387,-0.03644758513979762,-0.03495759125457998,-0.03247680565617561
supplemental_2023_09_legacy,legacy_vwap,flow_quality,s2_reclaim_daily_trend,next_open_2d,5,4,1,0.2,1,0.25,1,1,-0.029455377987532505,-0.013392777549045332,0.043837218247418326,-0.080735903582273,-0.08030429488197699,-0.0011094700364178145,0.028265556112050616,-0.06213695490731186,-0.049482420546253736,0.02694015298032858,-0.10639334479163942,-0.07769031861816833,-0.047401840817454355,-0.02971684976304345
supplemental_2023_09_legacy,legacy_vwap,flow_quality,s2_reclaim_positive_slope,next_open_3d,5,5,1,0.2,1,0.2,1,1,-0.030094458681184343,-0.013524059087358209,0.029691012614511323,-0.06675292030712587,-0.06534147491280007,-0.005257343761097322,0.0004035046624597527,-0.05771185889424206,-0.048331051026089034,0.022991002039338345,-0.09526928477586749,-0.0723961089523516,-0.038541609923600006,-0.03402123979330218
supplemental_2023_09_legacy,legacy_vwap,trend_structure,s1_near_reversal,next_open_5d,5,5,0,0.0,0,0.0,0,0,-0.020928722003813925,-0.01365432147807022,0.015319556991889414,-0.03944167379061969,-0.03796198523557992,-0.01342674427119983,-0.00015888524359997103,-0.04275264615597585,-0.038957250701259105,0.01219627205076892,-0.0594749734883373,-0.05290198233429222,-0.037556353463827574,-0.024872670792163043
supplemental_2023_09_legacy,legacy_vwap,trend_structure,s4_auction_confirmed_reclaim,momentum_trail_4pct_5d,5,5,1,0.2,1,0.2,1,1,-0.01749911452693036,-0.013760983771799684,0.01892170045331854,-0.041078683945122485,-0.03396875637369967,-0.011378682046339628,0.012691533502309671,-0.04177519935807299,-0.04614352263375454,0.01291157822308552,-0.05959718868453501,-0.046216839915065866,-0.03628482415757306,-0.020633621399436475
supplemental_2023_09_legacy,legacy_vwap,random_hash,cs_r3_leader_confirmation,momentum_trail_4pct_5d,5,5,0,0.0,0,0.0,0,0,-0.02018147841479896,-0.013942212269091647,0.015045700774801959,-0.04472456607428277,-0.02916149812771096,-0.010882898395999652,-0.0021962172069097674,-0.046031431348836714,-0.05036004882934286,0.013284411165622415,-0.06253958469359155,-0.05621438274772128,-0.032298894252871246,-0.028744246220656633
supplemental_2023_09_legacy,legacy_vwap,random_hash,s1_near_reversal,momentum_trail_4pct_5d,5,5,0,0.0,0,0.0,0,0,-0.01578236499884129,-0.014163415168709781,0.010272700781206645,-0.028664001066555533,-0.02655941229072445,-0.004942338456362938,-0.004582658011853757,-0.05290100144495517,-0.05308516151297249,0.01274319641772934,-0.06912121871817223,-0.0643859866184856,-0.042698161726636874,-0.035214478648508685
supplemental_2023_09_legacy,legacy_vwap,flow_quality,cs_r3_leader_confirmation,momentum_trail_4pct_5d,5,5,0,0.0,0,0.0,0,0,-0.02376132289702153,-0.014242666513191837,0.02345722037151002,-0.056830720505573806,-0.04626550843716282,-0.000891266246319522,-0.000576452782859671,-0.05007203853775451,-0.05016000933392384,0.01704263615618124,-0.07742636787884916,-0.05818667581686576,-0.034024888086022775,-0.030562251573110988
supplemental_2023_09_legacy,legacy_vwap,trend_structure,ht_r3_core_pullback,next_open_3d,5,5,1,0.2,1,0.2,1,1,-0.007971260038900651,-0.014266343337339782,0.022690856448517392,-0.034281871494469485,-0.02095418921973946,-0.002992400867923406,0.032638504724968875,-0.04607718338120792,-0.045007639875823346,0.0036228176489419804,-0.051281586284777414,-0.04923638981137024,-0.04306734049847083,-0.04179296043559777
supplemental_2023_09_legacy,legacy_vwap,random_hash,s4_auction_confirmed_reclaim,fast_failure_2pct_target4pct_2d,5,5,2,0.4,2,0.4,2,2,-0.011264759077068387,-0.014465728130183986,0.045344125214971914,-0.06823457478100725,-0.04105858299587495,0.0013898868045940649,0.06604520371713019,-0.04389354056252106,-0.03244764934992728,0.02645315722112635,-0.08482402849238602,-0.0645641940849111,-0.020750325773589706,-0.016881505111791206
supplemental_2023_09_legacy,legacy_vwap,random_hash,ht_r3_core_pullback,momentum_trail_4pct_5d,5,5,2,0.4,2,0.4,2,2,-0.011958377240781503,-0.014589877638139459,0.027409929774303853,-0.05279616648221763,-0.026606287125329642,0.0076528492751597454,0.02654759576661947,-0.05044307168039834,-0.04832351225006959,0.019952250649726524,-0.08208355880156126,-0.06038970246552011,-0.03802602062181715,-0.023392564263023607
supplemental_2023_09_legacy,legacy_vwap,trend_structure,cs_r3_leader_confirmation,next_open_2d,5,5,1,0.2,1,0.2,1,1,-0.009553903168097788,-0.014811326817429471,0.01660366538133601,-0.022807839577599243,-0.020444295653283207,-0.01252035566828813,0.02281430187611111,-0.045563165578325224,-0.0457170445445666,0.01888249911274276,-0.071719249445518,-0.05997528540956998,-0.03075758351616109,-0.01964666497581047
supplemental_2023_09_legacy,legacy_vwap,random_hash,ng_r3_volume_quality,next_open_3d,5,5,1,0.2,1,0.2,1,1,-0.016277067458860615,-0.015095585724949179,0.01496955346084241,-0.03819815932097237,-0.0225632100140718,-0.013576134612509616,0.00804775237819988,-0.044073167938454436,-0.045175975623657716,0.008527767396326892,-0.058399506668475376,-0.045531879609486015,-0.03812184822306697,-0.03313662956758612
supplemental_2023_09_legacy,legacy_vwap,random_hash,s1_touch_reclaim,fast_failure_2pct_target4pct_2d,5,4,1,0.2,1,0.25,1,1,-0.021745287218207232,-0.015127027343124322,0.02815964038932147,-0.06873269094790124,-0.028519016215403425,-0.014848691516577972,0.0185009899319708,-0.0633770542379016,-0.060255512163524094,0.014783918753075826,-0.08275990107352549,-0.07821596138834053,-0.04916443402350801,-0.04648946254060993
supplemental_2023_09_legacy,legacy_vwap,random_hash,s2_reclaim_daily_trend,next_open_2d,5,4,1,0.2,1,0.25,1,1,-0.02998027002057859,-0.01531307547169558,0.04386624252634438,-0.08100845712455718,-0.080735903582273,-0.0011094700364178145,0.028265556112050616,-0.0626543560753493,-0.05136153522603404,0.02685522075817874,-0.10639334479163942,-0.07839820977857526,-0.047401840817454355,-0.02971684976304345
supplemental_2023_09_legacy,legacy_vwap,trend_structure,ng_r1_auction_reclaim,next_open_3d,5,5,0,0.0,0,0.0,0,0,-0.015342849661039803,-0.015342849661039937,1.631691635139148e-16,-0.015342849661039937,-0.015342849661039937,-0.015342849661039604,-0.015342849661039604,-0.037635832294794704,-0.037635832294794835,1.631746962036502e-16,-0.037635832294794835,-0.037635832294794835,-0.0376358322947945,-0.0376358322947945
supplemental_2023_09_legacy,legacy_vwap,sector_leader,s2_reclaim_recent_high,fast_failure_2pct_target4pct_2d,5,0,0,0.0,0,,0,0,-0.01537822205656647,-0.01537822205656647,0.0,-0.01537822205656647,-0.01537822205656647,-0.01537822205656647,-0.01537822205656647,-0.125221942106702,-0.125221942106702,0.0,-0.125221942106702,-0.125221942106702,-0.125221942106702,-0.125221942106702
supplemental_2023_09_legacy,legacy_vwap,random_hash,s1_break_reclaim_stable3,momentum_trail_4pct_5d,5,5,1,0.2,1,0.2,1,1,-0.017316543323675715,-0.015720975460589703,0.012340036285528263,-0.035273593978089934,-0.025575953701699627,-0.010709995520049587,0.0006978020420502773,-0.05757571424616794,-0.061917449083627174,0.014028928643307102,-0.07303558492510664,-0.0697743358738182,-0.047293217893614736,-0.03585798345467295
supplemental_2023_09_legacy,legacy_vwap,trend_structure,s4_auction_confirmed_reclaim,next_open_2d,5,5,1,0.2,1,0.2,1,1,-0.022062866414180492,-0.015882988140559218,0.022651592177794087,-0.04816472271795147,-0.045388134735983354,-0.01398075427221901,0.013102267795810585,-0.054693803455738245,-0.046146745223314634,0.01971792956909174,-0.08815016428800893,-0.06529752189466997,-0.03900819509582698,-0.034866390776870704
supplemental_2023_09_legacy,legacy_vwap,flow_quality,ng_r1_auction_reclaim,protect_3pct_target6pct_3d,5,5,1,0.2,1,0.2,1,1,-0.017327305103323164,-0.01605283955636061,0.01624109406679599,-0.040605130423246316,-0.027974564492327825,-0.009032832030785198,0.0070288409861041234,-0.04499164124108228,-0.045270166134391276,0.0041792384673432145,-0.05017300220503906,-0.047357195732972035,-0.04455681460256933,-0.0376010275304397
supplemental_2023_09_legacy,legacy_vwap,sector_leader,s1_near_reversal,next_open_3d,5,5,0,0.0,0,0.0,0,0,-0.016197145779419553,-0.016197145779419553,0.0,-0.016197145779419553,-0.016197145779419553,-0.016197145779419553,-0.016197145779419553,-0.06333768845493815,-0.06333768845493815,0.0,-0.06333768845493815,-0.06333768845493815,-0.06333768845493815,-0.06333768845493815
supplemental_2023_09_legacy,legacy_vwap,random_hash,s1_touch_reclaim,momentum_trail_4pct_5d,5,4,1,0.2,0,0.0,1,0,-0.027877846285692898,-0.016210451790819813,0.025558792432396053,-0.06322845606314587,-0.0511358632282396,-0.015311143543299988,0.006496683197040776,-0.05153172275648386,-0.03981973674823547,0.01842727714711881,-0.07524483693954465,-0.0721744523059269,-0.039648673705478865,-0.030770914083233403
supplemental_2023_09_legacy,legacy_vwap,flow_quality,s2_reclaim_recent_high,momentum_trail_4pct_5d,5,5,1,0.2,1,0.2,1,1,-0.01367815263846881,-0.016307567743409357,0.017599456803550226,-0.039993823145729857,-0.017794445797990055,-0.009101642612574956,0.014806716107360174,-0.06802590333695284,-0.0699219176277921,0.014868710115178749,-0.0906224958082773,-0.07586229485302975,-0.053758868836426,-0.04996393955923906
supplemental_2023_09_legacy,legacy_vwap,flow_quality,s1_near_reversal,protect_3pct_target6pct_3d,5,5,1,0.2,1,0.2,1,1,-0.02165718452677203,-0.016388849333099476,0.018436830620402113,-0.043337394494310844,-0.04001245086160854,-0.015686411701691938,0.007139183756850631,-0.044684467364832135,-0.03496005576729,0.020661808854033882,-0.07249539226164148,-0.06643097231585449,-0.02515191918821802,-0.0243839972911567
supplemental_2023_09_legacy,legacy_vwap,flow_quality,s0_strong_no_ma,fast_failure_2pct_target4pct_2d,5,3,1,0.2,1,0.3333333333333333,1,1,-0.03563076557353193,-0.016984860212519104,0.038256366031432607,-0.09387978791831908,-0.06510081628102693,-0.01380429940327621,0.01161593594748167,-0.07572091989766694,-0.06346231661272839,0.02137086281467874,-0.11060405236332915,-0.09044460585065306,-0.05810300531165269,-0.055990619349971404
supplemental_2023_09_legacy,legacy_vwap,flow_quality,cs_r3_leader_confirmation,next_open_3d,5,5,2,0.4,2,0.4,2,2,-0.0248746309178433,-0.01733188566570698,0.034408438077074874,-0.08060101325840996,-0.04513081534691965,0.007754247547869797,0.010936312133950299,-0.066855714452649,-0.05395323102742777,0.027551337022899153,-0.10228762096135402,-0.09506309106139565,-0.053543832858390705,-0.029430796354676825
supplemental_2023_09_legacy,legacy_vwap,random_hash,cs_r3_leader_confirmation,next_open_3d,5,5,2,0.4,2,0.4,2,2,-0.0248746309178433,-0.01733188566570698,0.034408438077074874,-0.08060101325840996,-0.04513081534691965,0.007754247547869797,0.010936312133950299,-0.066855714452649,-0.05395323102742777,0.027551337022899153,-0.10228762096135402,-0.09506309106139565,-0.053543832858390705,-0.029430796354676825
supplemental_2023_09_legacy,legacy_vwap,trend_structure,s2_reclaim_acceleration,momentum_trail_4pct_5d,5,5,0,0.0,0,0.0,0,0,-0.022082101334421966,-0.017391834856969823,0.017275655821490783,-0.05330276444376092,-0.02308036138406999,-0.01592050353027963,-0.0007150424570294689,-0.05282359884568462,-0.04910111096136982,0.00999989242602863,-0.07094873135746504,-0.05569828471489413,-0.04440288387831748,-0.04396698331637661
supplemental_2023_09_legacy,legacy_vwap,flow_quality,s2_reclaim_positive_slope,protect_3pct_target6pct_3d,5,5,1,0.2,1,0.2,1,1,-0.01286150977066891,-0.017695690721817647,0.04606024628452837,-0.0642871394275698,-0.04137585710418934,-0.012506381841157821,0.07155752024139006,-0.05033600870055606,-0.05260842340896854,0.013392990494659055,-0.07134973140127976,-0.05313494553014575,-0.044437383856839596,-0.030149559305546636
supplemental_2023_09_legacy,legacy_vwap,flow_quality,s1_near_reversal,next_open_2d,5,5,1,0.2,1,0.2,1,1,-0.017603507162813847,-0.01780943345597452,0.015763956656745015,-0.04496978577859034,-0.018333764845145373,-0.010253307620394225,0.0033487558860352262,-0.05093276476233659,-0.04833068369822047,0.009769287195521366,-0.06375686635399014,-0.06088856084097105,-0.04212378555691576,-0.03956392736158554
supplemental_2023_09_legacy,legacy_vwap,random_hash,s1_near_reversal,next_open_2d,5,5,0,0.0,0,0.0,0,0,-0.02076146081215382,-0.01780943345597452,0.01358870091122111,-0.04496978577859034,-0.0217007906404455,-0.016039430176514324,-0.0032878640092444122,-0.053199495525745474,-0.05172946597445671,0.008138457978578853,-0.06375686635399014,-0.06088856084097105,-0.047786841856516604,-0.04183574260279288
supplemental_2023_09_legacy,legacy_vwap,sector_leader,s0_strong_no_ma,next_open_3d,5,5,0,0.0,0,0.0,0,0,-0.01786665093274964,-0.01786665093274964,0.0,-0.01786665093274964,-0.01786665093274964,-0.01786665093274964,-0.01786665093274964,-0.08615355060428864,-0.08615355060428864,0.0,-0.08615355060428864,-0.08615355060428864,-0.08615355060428864,-0.08615355060428864
supplemental_2023_09_legacy,legacy_vwap,sector_leader,s4_reclaim_volume_proxy,protect_3pct_target6pct_3d,5,5,0,0.0,0,0.0,0,0,-0.017925090049641823,-0.017925090049641823,0.0,-0.017925090049641823,-0.017925090049641823,-0.017925090049641823,-0.017925090049641823,-0.0704598919882129,-0.0704598919882129,0.0,-0.0704598919882129,-0.0704598919882129,-0.0704598919882129,-0.0704598919882129
supplemental_2023_09_legacy,legacy_vwap,random_hash,s2_reclaim_positive_slope,next_open_2d,5,5,1,0.2,1,0.2,1,1,-0.015856604814664867,-0.017941138221499675,0.02851189992301344,-0.055242267727766414,-0.030936930311069033,-0.006056590691629782,0.030893902878640578,-0.05508765945234828,-0.06417748957534819,0.01554003192648734,-0.07284993466015843,-0.06539082172436805,-0.03905240849343816,-0.033967642808428566
supplemental_2023_09_legacy,legacy_vwap,sector_leader,s4_reclaim_amount_acceleration,fast_failure_2pct_target4pct_2d,5,5,0,0.0,0,0.0,0,0,-0.018193878370934446,-0.018193878370934446,0.0,-0.018193878370934446,-0.018193878370934446,-0.018193878370934446,-0.018193878370934446,-0.06693739886648942,-0.06693739886648942,0.0,-0.06693739886648942,-0.06693739886648942,-0.06693739886648942,-0.06693739886648942
supplemental_2023_09_legacy,legacy_vwap,flow_quality,ng_r1_auction_reclaim,next_open_3d,5,5,2,0.4,2,0.4,2,2,-0.010223514708506309,-0.018405480896848014,0.01631738946054583,-0.03138371456133571,-0.018514455591366108,0.004136453939104445,0.013049623567913837,-0.038607985802236656,-0.040476474056412526,0.0063042363143322455,-0.04562117364014506,-0.044523945623191064,-0.03209158798895251,-0.030326747702482115
supplemental_2023_09_legacy,legacy_vwap,flow_quality,s2_reclaim_positive_slope,next_open_2d,5,5,1,0.2,1,0.2,1,1,-0.017532215138860763,-0.018640383976399777,0.028917111315276266,-0.057721007774266364,-0.030936930311069033,-0.01126225013420934,0.0308994965016407,-0.056532405512706066,-0.06607049684773714,0.016709524296356172,-0.0752956723470104,-0.06828133475372256,-0.03905240849343816,-0.03396211512162206
supplemental_2023_09_legacy,legacy_vwap,flow_quality,s4_reclaim_volume_proxy,fast_failure_2pct_target4pct_2d,5,5,1,0.2,1,0.2,1,1,-0.03702425476580111,-0.019132957365010417,0.03552194089534924,-0.08441930770321981,-0.07303899484664444,-0.016497212852981225,0.00796719893885034,-0.06588301868451991,-0.06445096722874188,0.01739497627567456,-0.08819506953132317,-0.08289420271379344,-0.04863982839896186,-0.045235025549779206
supplemental_2023_09_legacy,legacy_vwap,flow_quality,s2_reclaim_acceleration,fast_failure_2pct_target4pct_2d,5,4,0,0.0,0,0.0,0,0,-0.023514859342549665,-0.019233547416087626,0.014255333152881572,-0.04641646096428986,-0.03094399249275448,-0.016766348728848857,-0.004213947110767502,-0.056295515384025996,-0.05433382185269464,0.012821065965589096,-0.07223724658690567,-0.06611267973503043,-0.05399851578263104,-0.0347953129628682
supplemental_2023_09_legacy,legacy_vwap,trend_structure,ht_r3_core_pullback,fast_failure_2pct_target4pct_2d,5,5,1,0.2,1,0.2,1,1,-0.010451237617797694,-0.019299402626459794,0.025259419828331582,-0.03674414778500967,-0.026102923870783168,-0.006098344160611502,0.03598863035387567,-0.06960781693063858,-0.07640320833902436,0.018952466909988572,-0.09103553442211021,-0.07766560098553221,-0.06831338048399771,-0.03462136042252839
supplemental_2023_09_legacy,legacy_vwap,random_hash,fu_r3_core_pullback,next_open_3d,5,5,1,0.2,1,0.2,1,1,-0.018319669930584183,-0.01942701123731183,0.014246735481355306,-0.03477831941191001,-0.030159868162530468,-0.012841046715678872,0.005607895874510271,-0.047591379841461376,-0.044547958964959444,0.014354241418174632,-0.06786126278537363,-0.06029836054131421,-0.03318045149837001,-0.032068865417289594
supplemental_2023_09_legacy,legacy_vwap,flow_quality,fu_r3_core_pullback,next_open_3d,5,5,0,0.0,0,0.0,0,0,-0.021354156709470183,-0.0197280591842518,0.01403624612578898,-0.04052159056450988,-0.0319721501923006,-0.01454878212658861,-2.0147970003492333e-07,-0.04923222252140318,-0.04512757827423253,0.01583970253821154,-0.06960309448242474,-0.06590853047992407,-0.03374983745298821,-0.031772071917446354
supplemental_2023_09_legacy,legacy_vwap,flow_quality,ng_r3_volume_quality,fast_failure_2pct_target4pct_2d,5,4,1,0.2,1,0.25,1,1,-0.02506632664385744,-0.019756880457222237,0.026786860213376697,-0.07216892740864367,-0.0321452315865588,-0.007575949723396369,0.006315355956533875,-0.06330314317498173,-0.052817215747927415,0.01949011931464751,-0.10110347107283835,-0.06243929616548449,-0.05230745950636506,-0.04784827338229336
supplemental_2023_09_legacy,legacy_vwap,trend_structure,cs_r3_leader_confirmation,protect_3pct_target6pct_3d,5,5,0,0.0,0,0.0,0,0,-0.018246317979765947,-0.019807615842629467,0.012366189600572938,-0.03638800177221957,-0.025133766315633355,-0.008956877329250323,-0.0009453286390970206,-0.04208322086921403,-0.03925185053328473,0.006856357555245383,-0.0538555608928154,-0.045491943397778956,-0.03644068520705113,-0.035376064315139955
supplemental_2023_09_legacy,legacy_vwap,random_hash,ng_r3_volume_quality,momentum_trail_4pct_5d,5,5,0,0.0,0,0.0,0,0,-0.027443369559906117,-0.01985071824161322,0.0176063638456585,-0.05387777120002968,-0.04227585120866961,-0.012411085138829492,-0.008801422010388582,-0.05493400187142368,-0.05053524916622332,0.011698838246161143,-0.06892424435256339,-0.06757626799363159,-0.04939571371425511,-0.03823853413044498
supplemental_2023_09_legacy,legacy_vwap,flow_quality,s1_near_reversal,next_open_3d,5,5,0,0.0,0,0.0,0,0,-0.02765423277824295,-0.020076127557549506,0.012195637373202268,-0.04541499142936167,-0.03908733021774391,-0.01864351735251213,-0.015049197334047526,-0.05479384809135664,-0.056565997805085866,0.006221431115189803,-0.06205469167505828,-0.05840105241707083,-0.05320510428796488,-0.04374239427160331
supplemental_2023_09_legacy,legacy_vwap,random_hash,s1_near_reversal,next_open_3d,5,5,0,0.0,0,0.0,0,0,-0.02847799299746807,-0.020076127557549506,0.013049297155024488,-0.04541499142936167,-0.04320613131386952,-0.01864351735251213,-0.015049197334047526,-0.05480385658279312,-0.056565997805085866,0.006227263536085678,-0.06205469167505828,-0.05845109487425326,-0.05320510428796488,-0.04374239427160331
supplemental_2023_09_legacy,legacy_vwap,flow_quality,fu_r3_core_pullback,protect_3pct_target6pct_3d,5,5,1,0.2,1,0.2,1,1,-0.020371344706638993,-0.020117505606451314,0.03515685867336664,-0.07346018729096448,-0.0373708279758701,-0.003260332208346539,0.03235212954843747,-0.05388471840050466,-0.04737793028517301,0.020643274217141162,-0.08631910863505587,-0.0675372866391879,-0.0398699396317469,-0.028319326811359624
supplemental_2023_09_legacy,legacy_vwap,trend_structure,s2_reclaim_daily_trend,protect_3pct_target6pct_3d,5,4,1,0.2,1,0.25,1,1,-0.028385423081886185,-0.020252869156879183,0.035842985662786084,-0.07721713841064137,-0.05547502692995998,-0.0161868726247677,0.02720479171281731,-0.05231193659805407,-0.04873570764844937,0.021929492558046278,-0.08759342508433121,-0.06369071350118416,-0.037453731443141014,-0.024086105313164574
supplemental_2023_09_legacy,legacy_vwap,flow_quality,ng_r1_auction_reclaim,next_open_2d,5,5,2,0.4,2,0.4,2,2,-0.009017004611561009,-0.020386986604891688,0.019175172667059235,-0.028750554228917924,-0.024292168183955964,0.011835201839370368,0.016509484120590168,-0.04515661729645846,-0.044992167895354984,0.002211101611481216,-0.048365513019330786,-0.04596943654047203,-0.044963045372695576,-0.04149292365443891
supplemental_2023_09_legacy,legacy_vwap,random_hash,s2_reclaim_positive_slope,next_open_3d,5,5,1,0.2,1,0.2,1,1,-0.03147172197297834,-0.020410375546328186,0.029043072161754745,-0.06675292030712587,-0.06534147491280007,-0.005257343761097322,0.0004035046624597527,-0.05907288735950644,-0.048331051026089034,0.02199575549135336,-0.09526928477586749,-0.0723961089523516,-0.04534675224992191,-0.03402123979330218
supplemental_2023_09_legacy,legacy_vwap,random_hash,fu_r3_core_pullback,protect_3pct_target6pct_3d,5,5,2,0.4,2,0.4,2,2,-0.01172557868190296,-0.020746368026311357,0.03265340366727591,-0.05424933792028719,-0.028253129328320248,0.0016765929885964592,0.04294434887680754,-0.047003649537228666,-0.04687509838518933,0.015384779209109783,-0.06854514210903329,-0.05870531450746508,-0.03458078630959038,-0.026311906374865246
supplemental_2023_09_legacy,legacy_vwap,flow_quality,fu_r3_core_pullback,next_open_1d,5,5,1,0.2,1,0.2,1,1,-0.016712057972051286,-0.02117500856928045,0.020405718971133992,-0.04150126165921919,-0.03284290434189807,-0.002895570528529401,0.014854455238670683,-0.04966485181861493,-0.0519312817324985,0.011978458870335645,-0.0654188784964369,-0.05495840564128884,-0.047071457110202664,-0.028944236112647737
supplemental_2023_09_legacy,legacy_vwap,trend_structure,s4_auction_confirmed_reclaim,next_open_5d,5,5,0,0.0,0,0.0,0,0,-0.018108026383076604,-0.02167545741319976,0.008230343771580932,-0.027900348271193032,-0.02177364304183993,-0.015583175542300487,-0.0036075076468498057,-0.037660784069548335,-0.03650128732412483,0.004269882672828433,-0.04393479536444467,-0.04049857350410535,-0.03600618560538671,-0.03136307854968012
supplemental_2023_09_legacy,legacy_vwap,sector_leader,s4_reclaim_volume_normal,next_open_3d,5,5,0,0.0,0,0.0,0,0,-0.021753282033669663,-0.021753282033669663,0.0,-0.021753282033669663,-0.021753282033669663,-0.021753282033669663,-0.021753282033669663,-0.09273350149809279,-0.09273350149809279,0.0,-0.09273350149809279,-0.09273350149809279,-0.09273350149809279,-0.09273350149809279
supplemental_2023_09_legacy,legacy_vwap,random_hash,s4_reclaim_volume_normal,next_open_5d,5,5,0,0.0,0,0.0,0,0,-0.02327400307297267,-0.02177273274589986,0.00912844420807013,-0.03394066830043385,-0.03168013675240977,-0.020635128926750013,-0.008341348639369861,-0.05765484548839776,-0.05616905261384886,0.018203654071043872,-0.08844550607865942,-0.05766501485301878,-0.05476395230798803,-0.03123070158847374
supplemental_2023_09_legacy,legacy_vwap,flow_quality,s2_reclaim_bull_stack,next_open_2d,5,5,0,0.0,0,0.0,0,0,-0.023598294999229143,-0.02182310979290314,0.0035503704126520043,-0.03069903582453315,-0.02182310979290314,-0.02182310979290314,-0.02182310979290314,-0.05777624083550936,-0.058289008468937475,0.0010255352668563367,-0.0582890084689377,-0.058289008468937475,-0.058289008468937475,-0.05572517030179669
supplemental_2023_09_legacy,legacy_vwap,random_hash,s2_reclaim_bull_stack,next_open_2d,5,5,0,0.0,0,0.0,0,0,-0.023598294999229143,-0.02182310979290314,0.0035503704126520043,-0.03069903582453315,-0.02182310979290314,-0.02182310979290314,-0.02182310979290314,-0.05777624083550936,-0.058289008468937475,0.0010255352668563367,-0.0582890084689377,-0.058289008468937475,-0.058289008468937475,-0.05572517030179669
supplemental_2023_09_legacy,legacy_vwap,random_hash,s4_reclaim_amount_acceleration,fast_failure_2pct_target4pct_2d,5,5,1,0.2,1,0.2,1,1,-0.028050428954274453,-0.021908461654817524,0.024434481504201973,-0.06157445208735035,-0.046484314256618364,-0.019878081619369325,0.009593164846783298,-0.05298954876963251,-0.05353953960031754,0.018236233240937212,-0.08072759181698752,-0.05924807429694612,-0.0470564182487061,-0.024376119885205272
supplemental_2023_09_legacy,legacy_vwap,trend_structure,s4_reclaim_volume_normal,protect_3pct_target6pct_3d,5,5,2,0.4,2,0.4,2,2,-0.012968756297481555,-0.021939366808069738,0.019777022082646045,-0.03559463854208955,-0.02648732728351999,0.000566182755231015,0.018611368391040495,-0.045393085199305114,-0.04469236199817983,0.004299606250983917,-0.05330035143414025,-0.04511554180239907,-0.04356177993969912,-0.04029539082210731
supplemental_2023_09_legacy,legacy_vwap,sector_leader,s2_reclaim_acceleration,momentum_trail_4pct_5d,5,5,0,0.0,0,0.0,0,0,-0.02207749623689148,-0.02207749623689148,0.0,-0.02207749623689148,-0.02207749623689148,-0.02207749623689148,-0.02207749623689148,-0.053290860306598575,-0.053290860306598575,0.0,-0.053290860306598575,-0.053290860306598575,-0.053290860306598575,-0.053290860306598575
supplemental_2023_09_legacy,legacy_vwap,random_hash,s0_distance_only,momentum_trail_4pct_5d,5,5,0,0.0,0,0.0,0,0,-0.029780867259020537,-0.02225940387434977,0.015366238231239273,-0.05019169006977986,-0.04609181951647978,-0.01792443360467355,-0.012436989229819728,-0.04711673210040179,-0.04101034398017944,0.015431393942114192,-0.0646628678830129,-0.06458024798742112,-0.040501267410680275,-0.024828933240715223
supplemental_2023_09_legacy,legacy_vwap,flow_quality,s1_break_reclaim_stable3,protect_3pct_target6pct_3d,5,5,0,0.0,0,0.0,0,0,-0.02194733914944762,-0.02246694662617954,0.009804739791827352,-0.038103277424649695,-0.023928157318709897,-0.017170348266219326,-0.00806796611147964,-0.058273064395722864,-0.058730165195629236,0.008977832060164018,-0.06975556575839881,-0.06582400748383299,-0.051991398648537857,-0.04506418489221542
supplemental_2023_09_legacy,legacy_vwap,trend_structure,s4_reclaim_vwap_support,momentum_trail_4pct_5d,5,5,0,0.0,0,0.0,0,0,-0.024718544824387446,-0.022624781269008354,0.015951252826072966,-0.04842485607771985,-0.03395451952051953,-0.017800763481080062,-0.0007878037736094301,-0.04989255283337011,-0.051182319241715124,0.012892832173197375,-0.07080164474496742,-0.05329276903579394,-0.04224346248732913,-0.03194256865704492
supplemental_2023_09_legacy,legacy_vwap,random_hash,s4_auction_confirmed_reclaim,next_open_5d,5,5,1,0.2,1,0.2,1,1,-0.02385506312223007,-0.022753318298339598,0.031230249642454123,-0.06327995751095994,-0.045672324142149834,-0.016551927836414126,0.02898221217671315,-0.06477414453736285,-0.06788327677214212,0.013094053265420218,-0.08172670164690587,-0.07387925111509053,-0.05528786835296895,-0.0450936247997068
supplemental_2023_09_legacy,legacy_vwap,sector_leader,s0_distance_only,next_open_2d,5,5,0,0.0,0,0.0,0,0,-0.02276269993390012,-0.02276269993390012,0.0,-0.02276269993390012,-0.02276269993390012,-0.02276269993390012,-0.02276269993390012,-0.054906889627349686,-0.054906889627349686,0.0,-0.054906889627349686,-0.054906889627349686,-0.054906889627349686,-0.054906889627349686
supplemental_2023_09_legacy,legacy_vwap,trend_structure,fu_r3_core_pullback,fast_failure_2pct_target4pct_2d,5,5,0,0.0,0,0.0,0,0,-0.03907517898730466,-0.022807258704806488,0.021105314247527623,-0.06833938006184559,-0.061157903574630024,-0.02280408439106918,-0.020267268204172018,-0.06093337643498846,-0.05056348677577349,0.017670117409344998,-0.08429464131650954,-0.08026717130247507,-0.04718201548235679,-0.042359567297827416
supplemental_2023_09_legacy,legacy_vwap,flow_quality,s4_reclaim_volume_normal,momentum_trail_4pct_5d,5,5,0,0.0,0,0.0,0,0,-0.034724247723804405,-0.022822366989629805,0.02526905439982928,-0.0742876622768408,-0.054121132618579426,-0.01224871897955182,-0.010141357754420155,-0.06420633974381104,-0.05527919327286446,0.017251350422668968,-0.08497745953403013,-0.08390086254434026,-0.0552083359744856,-0.04166584739333479
supplemental_2023_09_legacy,legacy_vwap,flow_quality,s4_reclaim_amount_acceleration,momentum_trail_4pct_5d,5,5,0,0.0,0,0.0,0,0,-0.0222784559291165,-0.0230257067498294,0.008960043606173394,-0.033722612268638485,-0.030173520464864656,-0.013941032554665722,-0.010529407607584251,-0.05509834186412055,-0.04541072354788167,0.021413958675054832,-0.09101786609396045,-0.06756143903337375,-0.03729121987077588,-0.034210460774610985
supplemental_2023_09_legacy,legacy_vwap,flow_quality,s4_reclaim_amount_acceleration,next_open_2d,5,5,1,0.2,1,0.2,1,1,-0.02352243432670582,-0.02363521611737729,0.02410519858489264,-0.05204883046298958,-0.047055980067929326,-0.006835824489257902,0.011963679504024993,-0.057794957606852805,-0.05574858512679837,0.02059942332456922,-0.09312660244736692,-0.05932038705984988,-0.051812150717809535,-0.028967062682439315
supplemental_2023_09_legacy,legacy_vwap,random_hash,s4_reclaim_amount_acceleration,next_open_2d,5,5,1,0.2,1,0.2,1,1,-0.02352243432670582,-0.02363521611737729,0.02410519858489264,-0.05204883046298958,-0.047055980067929326,-0.006835824489257902,0.011963679504024993,-0.057794957606852805,-0.05574858512679837,0.02059942332456922,-0.09312660244736692,-0.05932038705984988,-0.051812150717809535,-0.028967062682439315
supplemental_2023_09_legacy,legacy_vwap,random_hash,s4_reclaim_volume_proxy,fast_failure_2pct_target4pct_2d,5,5,1,0.2,1,0.2,1,1,-0.031112716557177934,-0.023753718334907137,0.03364859808286212,-0.08139433958262698,-0.05291389386856482,-0.014701797970514296,0.017200166970723574,-0.06052740930042146,-0.060327899612814595,0.010859144279593778,-0.07986207435668236,-0.06159336280881722,-0.05272439035222698,-0.04812931937156617
supplemental_2023_09_legacy,legacy_vwap,sector_leader,s0_strong_no_ma,next_open_2d,5,5,0,0.0,0,0.0,0,0,-0.023759776658719756,-0.023759776658719756,0.0,-0.023759776658719756,-0.023759776658719756,-0.023759776658719756,-0.023759776658719756,-0.13365703051893874,-0.13365703051893874,0.0,-0.13365703051893874,-0.13365703051893874,-0.13365703051893874,-0.13365703051893874
supplemental_2023_09_legacy,legacy_vwap,random_hash,s1_near_reversal,protect_3pct_target6pct_3d,5,5,1,0.2,1,0.2,1,1,-0.015828107592544584,-0.02418173385372746,0.016867878329674294,-0.03223369165406509,-0.02612377352707107,-0.011778010167349584,0.015176671239490291,-0.041132732826773634,-0.03490114990386328,0.016881969218861984,-0.06893430002888035,-0.0513758759078774,-0.026295080394892367,-0.024157257898354767
supplemental_2023_09_legacy,legacy_vwap,random_hash,s2_reclaim_acceleration,fast_failure_2pct_target4pct_2d,5,4,0,0.0,0,0.0,0,0,-0.01909403048012326,-0.024347029302437262,0.009539308140799587,-0.029655451871190452,-0.02598407226074506,-0.010047814188346438,-0.005435784777897079,-0.05198807336325861,-0.05207082367568283,0.008232653233481225,-0.06207815185175369,-0.05846474056374429,-0.04897916434710503,-0.03834748637800722
supplemental_2023_09_legacy,legacy_vwap,sector_leader,s0_strong_no_ma,next_open_1d,5,0,0,0.0,0,,0,0,-0.024356335453602385,-0.024356335453602385,0.0,-0.024356335453602385,-0.024356335453602385,-0.024356335453602385,-0.024356335453602385,-0.11390693215313119,-0.11390693215313119,0.0,-0.11390693215313119,-0.11390693215313119,-0.11390693215313119,-0.11390693215313119
supplemental_2023_09_legacy,legacy_vwap,random_hash,s4_reclaim_volume_normal,fast_failure_2pct_target4pct_2d,5,5,0,0.0,0,0.0,0,0,-0.034250160816113026,-0.024712220394039086,0.025483077681214165,-0.08257687675995651,-0.03238919818068842,-0.024008103158557836,-0.007564405587323297,-0.053071087807896065,-0.05022091902840209,0.018444728810243022,-0.08495137570710565,-0.058527801594269735,-0.04093244062075818,-0.03072290208894468
supplemental_2023_09_legacy,legacy_vwap,flow_quality,s1_touch_immediate,momentum_trail_4pct_5d,5,5,0,0.0,0,0.0,0,0,-0.03540799943151307,-0.024937465019665872,0.017916086006319935,-0.06337716887329004,-0.04974992353098007,-0.01994748561454962,-0.01902795411907976,-0.058206543902765695,-0.05243716190942549,0.013696477960778452,-0.07463894706618757,-0.07349394845364676,-0.05089882011983149,-0.03956384196473717
supplemental_2023_09_legacy,legacy_vwap,random_hash,s4_reclaim_volume_normal,next_open_3d,5,5,0,0.0,0,0.0,0,0,-0.03316011687333533,-0.025310864861579074,0.02621515553965535,-0.08353771508357455,-0.027503488381289798,-0.022626773823853696,-0.006821742216379545,-0.04807242957125697,-0.04244439658034249,0.01887120875170296,-0.08434723377044084,-0.044601530031558645,-0.03957199212162976,-0.029396995352313104
supplemental_2023_09_legacy,legacy_vwap,flow_quality,s2_first_touch_reclaim,momentum_trail_4pct_5d,5,5,0,0.0,0,0.0,0,0,-0.037164142364148334,-0.025347447242404786,0.01991704559761346,-0.07573435502650983,-0.03705267515141941,-0.02462927573721807,-0.023056958663189575,-0.0604718575590953,-0.060530683900355986,0.01306594149670065,-0.08009051791372335,-0.06688717071182104,-0.054025665832635905,-0.040825249436940214
supplemental_2023_09_legacy,legacy_vwap,trend_structure,s2_first_touch_reclaim,next_open_5d,5,5,1,0.2,1,0.2,1,1,-0.025344391810357837,-0.025357609078949905,0.02483297429866369,-0.05562859589206981,-0.047318112689799796,-0.011803845640730004,0.013386204249760336,-0.05880380525406335,-0.057077433656440135,0.013285502260655464,-0.07639837861975429,-0.07151480539449884,-0.04461055091884347,-0.04441785768077999
supplemental_2023_09_legacy,legacy_vwap,random_hash,s4_reclaim_volume_normal,protect_3pct_target6pct_3d,5,5,2,0.4,2,0.4,2,2,-0.007619348193004827,-0.025437311343529556,0.0318627155449603,-0.04159258291264778,-0.02745426542569973,0.010222501867640732,0.0461649168492122,-0.03784819977524676,-0.042699645651621654,0.009882642853311783,-0.04923002427200385,-0.04451859497605992,-0.030169136022260123,-0.022623597954288255
supplemental_2023_09_legacy,legacy_vwap,sector_leader,s4_reclaim_vwap_support,fast_failure_2pct_target4pct_2d,5,5,0,0.0,0,0.0,0,0,-0.025442915698030366,-0.025442915698030366,0.0,-0.025442915698030366,-0.025442915698030366,-0.025442915698030366,-0.025442915698030366,-0.074426990119144,-0.074426990119144,0.0,-0.074426990119144,-0.074426990119144,-0.074426990119144,-0.074426990119144
supplemental_2023_09_legacy,legacy_vwap,random_hash,s1_touch_immediate,fast_failure_2pct_target4pct_2d,5,4,1,0.2,1,0.25,1,1,-0.017057412830555996,-0.02546190389046943,0.03469440570582822,-0.048257602354737306,-0.04696670078595955,-0.011142760496935078,0.04654190337532138,-0.05029511932968615,-0.05448504055692749,0.015170961250017346,-0.06945350425945596,-0.05978641852016897,-0.04214836244413245,-0.025602270867745913
supplemental_2023_09_legacy,legacy_vwap,random_hash,s1_touch_immediate,next_open_3d,5,5,1,0.2,1,0.2,1,1,-0.02608684125230958,-0.025480484694340166,0.022586409267273674,-0.04893311876822026,-0.04590594060156694,-0.024436857147070223,0.014322194949649703,-0.05868518953037203,-0.05375902093531115,0.007199146126241176,-0.06985982869950969,-0.06463294470319292,-0.052939974883763896,-0.05223417843008249
supplemental_2023_09_legacy,legacy_vwap,random_hash,s0_strong_no_ma,momentum_trail_4pct_5d,5,5,0,0.0,0,0.0,0,0,-0.029658937237670747,-0.025567481194514685,0.020293368236486364,-0.06748366830338981,-0.030431974831010122,-0.015208751395779596,-0.009602810463659517,-0.060414849686021024,-0.053174167077762124,0.017583171024109046,-0.08119549396299719,-0.0806331997143076,-0.04997709791323213,-0.037094289761806065
supplemental_2023_09_legacy,legacy_vwap,random_hash,s4_auction_confirmed_reclaim,next_open_3d,5,4,1,0.2,1,0.25,1,1,-0.019537380723923237,-0.025609138408589915,0.026402266938382855,-0.04539648825471765,-0.043763225835450004,-0.009011221790749424,0.02609317066989081,-0.05089995016812034,-0.045329846758500714,0.013100855827859866,-0.07088843463441952,-0.06017728771952291,-0.04456498582222701,-0.033539195905931574
supplemental_2023_09_legacy,legacy_vwap,sector_leader,s4_reclaim_volume_proxy,fast_failure_2pct_target4pct_2d,5,5,0,0.0,0,0.0,0,0,-0.025669642080734967,-0.025669642080734967,0.0,-0.025669642080734967,-0.025669642080734967,-0.025669642080734967,-0.025669642080734967,-0.08048927169099562,-0.08048927169099562,0.0,-0.08048927169099562,-0.08048927169099562,-0.08048927169099562,-0.08048927169099562
supplemental_2023_09_legacy,legacy_vwap,trend_structure,s1_near_reversal,next_open_3d,5,5,2,0.4,2,0.4,2,2,-0.012939678724149407,-0.025737141188279633,0.024523480637297243,-0.03744539504000888,-0.03485236606507969,0.014514760844500652,0.018821747828120516,-0.05920388765360827,-0.06413908084199904,0.02090318028633294,-0.0874927129816423,-0.07381190731620146,-0.03646149191204895,-0.034114245216149586
supplemental_2023_09_legacy,legacy_vwap,flow_quality,cs_r3_leader_confirmation,next_open_5d,5,5,1,0.2,1,0.2,1,1,-0.018092410233074573,-0.025889312127249986,0.023326187325823616,-0.041917014093630134,-0.03764178061168788,-0.006662262400269792,0.021648318067464922,-0.057162616780928446,-0.05852721573826969,0.012886880045287126,-0.07286014199382662,-0.06532956234262577,-0.0544761224770991,-0.03462004135282104
supplemental_2023_09_legacy,legacy_vwap,random_hash,cs_r3_leader_confirmation,next_open_5d,5,5,1,0.2,1,0.2,1,1,-0.018092410233074573,-0.025889312127249986,0.023326187325823616,-0.041917014093630134,-0.03764178061168788,-0.006662262400269792,0.021648318067464922,-0.057162616780928446,-0.05852721573826969,0.012886880045287126,-0.07286014199382662,-0.06532956234262577,-0.0544761224770991,-0.03462004135282104
supplemental_2023_09_legacy,legacy_vwap,trend_structure,s2_reclaim_acceleration,protect_3pct_target6pct_3d,5,5,0,0.0,0,0.0,0,0,-0.026733574814205352,-0.02592332099868988,0.011002927323918742,-0.039893286461539446,-0.038526268285397514,-0.015368959535410065,-0.013956038789989855,-0.04504050445066119,-0.04335253244088233,0.008690469621392463,-0.05973989548414782,-0.04869984929807336,-0.038487252729897725,-0.03492299230030471
supplemental_2023_09_legacy,legacy_vwap,sector_leader,s1_touch_reclaim,fast_failure_2pct_target4pct_2d,5,5,0,0.0,0,0.0,0,0,-0.025992175282720464,-0.025992175282720464,0.0,-0.025992175282720464,-0.025992175282720464,-0.025992175282720464,-0.025992175282720464,-0.074426990119144,-0.074426990119144,0.0,-0.074426990119144,-0.074426990119144,-0.074426990119144,-0.074426990119144
supplemental_2023_09_legacy,legacy_vwap,random_hash,s4_reclaim_vwap_support,protect_3pct_target6pct_3d,5,5,1,0.2,1,0.2,1,1,-0.03259739452108843,-0.026267300805317695,0.03298404431899639,-0.07426347924975008,-0.06173413529961658,-0.01954809405500968,0.018826036804251878,-0.05651442468925334,-0.05337315977092649,0.0212627650633493,-0.09506279371245097,-0.05985927384160539,-0.03828662805158911,-0.03599026806969474
supplemental_2023_09_legacy,legacy_vwap,random_hash,cs_r3_leader_confirmation,fast_failure_2pct_target4pct_2d,5,5,1,0.2,1,0.2,1,1,-0.02316266773518729,-0.026451848277814438,0.02752622696199638,-0.05042558617521353,-0.04384484282169521,-0.022983225538201757,0.027892164136988473,-0.05386065323530709,-0.05315304120948949,0.01296860828068416,-0.07313352292433828,-0.06295552252702519,-0.041394742213541,-0.038666437302141476
supplemental_2023_09_legacy,legacy_vwap,trend_structure,s1_break_reclaim_stable3,momentum_trail_4pct_5d,5,5,2,0.4,2,0.4,2,2,-0.018087461367476167,-0.02658980984083459,0.022034896113263838,-0.049318342451337704,-0.02870071207830971,0.007074768926200736,0.007096788606900439,-0.05052432575029686,-0.06249564735407964,0.020619255951947798,-0.07539295363421172,-0.06274224058245559,-0.028382119132952743,-0.02360866804778461
supplemental_2023_09_legacy,legacy_vwap,sector_leader,s1_touch_reclaim,protect_3pct_target6pct_3d,5,0,0,0.0,0,,0,0,-0.026610956919034923,-0.026610956919034923,0.0,-0.026610956919034923,-0.026610956919034923,-0.026610956919034923,-0.026610956919034923,-0.07174988091493739,-0.07174988091493739,0.0,-0.07174988091493739,-0.07174988091493739,-0.07174988091493739,-0.07174988091493739
supplemental_2023_09_legacy,legacy_vwap,sector_leader,s4_reclaim_vwap_support,protect_3pct_target6pct_3d,5,0,0,0.0,0,,0,0,-0.026610956919034923,-0.026610956919034923,0.0,-0.026610956919034923,-0.026610956919034923,-0.026610956919034923,-0.026610956919034923,-0.07174988091493739,-0.07174988091493739,0.0,-0.07174988091493739,-0.07174988091493739,-0.07174988091493739,-0.07174988091493739
supplemental_2023_09_legacy,legacy_vwap,random_hash,s4_reclaim_volume_normal,momentum_trail_4pct_5d,5,5,1,0.2,1,0.2,1,1,-0.022242963490906997,-0.026747690376186517,0.019666127013881082,-0.03880438637276962,-0.03857891095851984,-0.021884322676269496,0.014800492929210485,-0.05188816116729926,-0.045414382099739914,0.011155283018852534,-0.07327104058137557,-0.05259454104236394,-0.04464776790712133,-0.04351307420589556
supplemental_2023_09_legacy,legacy_vwap,sector_leader,s2_reclaim_positive_slope,protect_3pct_target6pct_3d,5,5,0,0.0,0,0.0,0,0,-0.02697441975197068,-0.02697441975197068,0.0,-0.02697441975197068,-0.02697441975197068,-0.02697441975197068,-0.02697441975197068,-0.08401972524297685,-0.08401972524297685,0.0,-0.08401972524297685,-0.08401972524297685,-0.08401972524297685,-0.08401972524297685
supplemental_2023_09_legacy,legacy_vwap,flow_quality,s4_auction_confirmed_reclaim,next_open_5d,5,5,2,0.4,2,0.4,2,2,-0.024561603557386145,-0.02699164815274968,0.040724954853063954,-0.0744914941409297,-0.06327399533344025,0.012372903016275805,0.029576216823913093,-0.06746999344020788,-0.07001018974704953,0.02001220936321743,-0.09843144729738329,-0.0757971989034475,-0.05338233145634819,-0.039728799796810876
supplemental_2023_09_legacy,legacy_vwap,trend_structure,cs_r3_leader_confirmation,fast_failure_2pct_target4pct_2d,5,5,2,0.4,2,0.4,2,2,-0.019802377687143324,-0.02702018453973709,0.0232404264672521,-0.044589060827499916,-0.04263823459346894,0.0055079935947157654,0.009727597930273557,-0.04466341434689769,-0.047087014661702065,0.012165184833643424,-0.058775227535218355,-0.05497277452116156,-0.03708643836364123,-0.02539561665276524
supplemental_2023_09_legacy,legacy_vwap,flow_quality,s4_reclaim_volume_normal,protect_3pct_target6pct_3d,5,5,0,0.0,0,0.0,0,0,-0.027924049407574425,-0.027230368590144938,0.002620479152496986,-0.032850427630209844,-0.028045134961637963,-0.025961382967109925,-0.025532932888769455,-0.05679109519261625,-0.05533908690641498,0.005310063637217211,-0.06708844170582373,-0.0559224661867207,-0.05317134913544774,-0.052434132028674085
supplemental_2023_09_legacy,legacy_vwap,random_hash,ng_r3_volume_quality,next_open_5d,5,5,1,0.2,1,0.2,1,1,-0.02498003481912512,-0.027234342512049814,0.02742335559658862,-0.05760149303079232,-0.045983629940949955,-0.015595114065247495,0.021514405453413987,-0.06195471680967175,-0.05923160702570707,0.012240906244479823,-0.08266314335379732,-0.0662705446121673,-0.05558157990617507,-0.04602670915051199
supplemental_2023_09_legacy,legacy_vwap,trend_structure,s1_touch_immediate,next_open_5d,5,5,0,0.0,0,0.0,0,0,-0.04450060320299783,-0.02724416466401991,0.04131941624922965,-0.12363059199657,-0.045384877525320055,-0.015002752380109396,-0.011240629448969752,-0.06275088217903926,-0.04754109104289517,0.03983076245336985,-0.1410802334838116,-0.05385807405337584,-0.03848976937541171,-0.032785242939701975
supplemental_2023_09_legacy,legacy_vwap,sector_leader,s2_reclaim_bull_stack,protect_3pct_target6pct_3d,5,5,0,0.0,0,0.0,0,0,-0.027289270010109057,-0.027289270010109057,0.0,-0.027289270010109057,-0.027289270010109057,-0.027289270010109057,-0.027289270010109057,-0.070964791285968,-0.070964791285968,0.0,-0.070964791285968,-0.070964791285968,-0.070964791285968,-0.070964791285968
supplemental_2023_09_legacy,legacy_vwap,trend_structure,s0_strong_no_ma,next_open_5d,5,5,2,0.4,2,0.4,2,2,-0.026849878816639784,-0.02731123123475976,0.03168467722901786,-0.0623138281954595,-0.06169879987127003,0.003914100816500232,0.013160364401790137,-0.07714135548616803,-0.06985210451309942,0.02454943705837154,-0.11783820810548651,-0.09044880494364693,-0.05801296079492191,-0.04955469907368537
supplemental_2023_09_legacy,legacy_vwap,flow_quality,ng_r1_auction_reclaim,next_open_5d,5,5,0,0.0,0,0.0,0,0,-0.02832889192595478,-0.02805333573394697,0.007273378426180456,-0.03682822877043679,-0.03396035426724686,-0.027080102321796917,-0.01572243853634636,-0.06851909980305229,-0.06941217869712812,0.006677807573484612,-0.07493400227683078,-0.07369806798490752,-0.06844949497848574,-0.056101755077909266
supplemental_2023_09_legacy,legacy_vwap,flow_quality,s2_first_touch_reclaim,next_open_3d,5,5,2,0.4,2,0.4,2,2,-0.0350646881607785,-0.02813671747935953,0.041522108361182496,-0.0892550535079204,-0.0763946180060695,0.007933040919606782,0.010529907269850147,-0.058623524873928766,-0.045375311598808366,0.02278322640390823,-0.09276014274622701,-0.07846886230033034,-0.04219980646677035,-0.03431350125750776
supplemental_2023_09_legacy,legacy_vwap,random_hash,s2_first_touch_reclaim,next_open_3d,5,5,2,0.4,2,0.4,2,2,-0.0350646881607785,-0.02813671747935953,0.041522108361182496,-0.0892550535079204,-0.0763946180060695,0.007933040919606782,0.010529907269850147,-0.058623524873928766,-0.045375311598808366,0.02278322640390823,-0.09276014274622701,-0.07846886230033034,-0.04219980646677035,-0.03431350125750776
supplemental_2023_09_legacy,legacy_vwap,flow_quality,s0_distance_only,protect_3pct_target6pct_3d,5,5,0,0.0,0,0.0,0,0,-0.029491483476415992,-0.02819184867553648,0.013323877080522926,-0.0456229100472092,-0.04366200641694917,-0.01646438154243557,-0.01351627069994954,-0.049881590325050865,-0.04569311230557471,0.0072264106507817834,-0.059501992847216134,-0.05754357560980217,-0.045148237702500316,-0.04152103316016098
supplemental_2023_09_legacy,legacy_vwap,random_hash,fu_r3_core_pullback,next_open_5d,5,5,0,0.0,0,0.0,0,0,-0.03222357918732264,-0.028259078438214957,0.019520267959164655,-0.0667467122866896,-0.0354850856263097,-0.022899747420409677,-0.007727272164989252,-0.07028478556303093,-0.056391046276058954,0.02136136544648894,-0.10534876329244558,-0.08493216136792836,-0.05360577109535969,-0.05114618578336205
supplemental_2023_09_legacy,legacy_vwap,trend_structure,ng_r3_volume_quality,next_open_2d,5,4,2,0.4,2,0.5,2,2,-0.03035112913237381,-0.028487203206381095,0.04016003581214395,-0.08650536906935957,-0.0630616280221894,0.008010112060720331,0.01828844257534068,-0.05794126298657776,-0.05554172160104809,0.020377871239324784,-0.09246660616390967,-0.06593888407628234,-0.0400732454511461,-0.03568585764050258
supplemental_2023_09_legacy,legacy_vwap,flow_quality,s1_near_reversal,momentum_trail_4pct_5d,5,5,0,0.0,0,0.0,0,0,-0.031672782368378026,-0.028590969713659486,0.01879453721740336,-0.06162347270772983,-0.041450460498444586,-0.020151846296166176,-0.006547162625890057,-0.06460002853470156,-0.07410163635184308,0.019121906433301653,-0.0765933954434026,-0.07554969274679546,-0.07014801778010493,-0.026607400351361776
supplemental_2023_09_legacy,legacy_vwap,random_hash,s2_reclaim_recent_high,momentum_trail_4pct_5d,5,5,0,0.0,0,0.0,0,0,-0.0314583513263319,-0.028892494922579837,0.01767285751006517,-0.06414932542155494,-0.029867493300504977,-0.02338530092005009,-0.010997142066969667,-0.06628144542986276,-0.05766420222617907,0.013677318370512441,-0.08590649325769073,-0.07939699806596312,-0.05676534165257818,-0.0516741919469027
supplemental_2023_09_legacy,legacy_vwap,flow_quality,s0_distance_only,momentum_trail_4pct_5d,5,5,0,0.0,0,0.0,0,0,-0.03883362605322442,-0.02937752999492982,0.017345098042723033,-0.06689465597962962,-0.05065047178344961,-0.027161295098223737,-0.020084177409889326,-0.05578406399250106,-0.048871820394609466,0.019292356466304422,-0.08501201769351985,-0.06906202405596729,-0.0466233101848228,-0.029351147633585928
supplemental_2023_09_legacy,legacy_vwap,sector_leader,s2_reclaim_daily_trend,fast_failure_2pct_target4pct_2d,5,5,0,0.0,0,0.0,0,0,-0.029431348673074287,-0.029431348673074287,0.0,-0.029431348673074287,-0.029431348673074287,-0.029431348673074287,-0.029431348673074287,-0.0885108489746721,-0.0885108489746721,0.0,-0.0885108489746721,-0.0885108489746721,-0.0885108489746721,-0.0885108489746721
supplemental_2023_09_legacy,legacy_vwap,flow_quality,fu_r3_core_pullback,next_open_5d,5,5,0,0.0,0,0.0,0,0,-0.03469268792569276,-0.02948921982645003,0.020975461522120018,-0.07214844678736965,-0.03583942241143989,-0.028259078438214957,-0.007727272164989252,-0.07126669822126104,-0.056391046276058954,0.023290644724217505,-0.11062531174486356,-0.08527272372722583,-0.05360577109535969,-0.05043863826279715
supplemental_2023_09_legacy,legacy_vwap,flow_quality,ng_r3_volume_quality,next_open_5d,5,5,1,0.2,1,0.2,1,1,-0.019546436666258726,-0.02956196254583976,0.029919191942543995,-0.05640301598076969,-0.038290695077879966,-0.002753423067987648,0.02927691334118343,-0.057521191029243024,-0.04999480643143128,0.01292049957666078,-0.07614286720942154,-0.06994963417366806,-0.04601817781050199,-0.045500469521192244
supplemental_2023_09_legacy,legacy_vwap,random_hash,cs_r3_leader_confirmation,protect_3pct_target6pct_3d,5,5,1,0.2,1,0.2,1,1,-0.0295359121188014,-0.030217291284626357,0.020680155395597966,-0.06088734136733143,-0.0384449171213298,-0.019961824427179975,0.001831813606460564,-0.06615290094454969,-0.060719317609106094,0.013214149638776174,-0.08845658583328486,-0.0734270787783482,-0.055003742611049566,-0.05315777989095971
supplemental_2023_09_legacy,legacy_vwap,trend_structure,s1_break_reclaim_stable3,next_open_5d,5,5,1,0.2,1,0.2,1,1,-0.029082169468041742,-0.030354244229449212,0.022230910273485917,-0.058752525643459785,-0.047126679734590615,-0.010230245337541022,0.0010528476048319302,-0.059291587983475405,-0.04656730248800578,0.021823505385955573,-0.09983130244242455,-0.06449912327139817,-0.04411699387125034,-0.041443217844298164
supplemental_2023_09_legacy,legacy_vwap,flow_quality,s1_touch_immediate,next_open_2d,5,5,1,0.2,1,0.2,1,1,-0.03047590630001773,-0.03052819524926953,0.021772962141015543,-0.05472240079530999,-0.04586114503203964,-0.030105641327962118,0.008837850904492628,-0.060837896226553556,-0.05742745569800056,0.00778317207735807,-0.07382613489307932,-0.06543802628824957,-0.054418024448225966,-0.05307983980521236
supplemental_2023_09_legacy,legacy_vwap,random_hash,s4_auction_confirmed_reclaim,protect_3pct_target6pct_3d,5,5,1,0.2,1,0.2,1,1,-0.012198406774490068,-0.030609358114489837,0.05024283350424933,-0.05507016072420956,-0.03462448435882459,-0.027081357783876436,0.08639332710895009,-0.04859783263932389,-0.05260675321970942,0.015477315021063781,-0.0646999271292018,-0.058946768791699466,-0.04662271870960477,-0.020112995346403983
supplemental_2023_09_legacy,legacy_vwap,random_hash,s2_reclaim_acceleration,next_open_2d,5,5,2,0.4,2,0.4,2,2,-0.004914981771316063,-0.03071047774342961,0.04692964215203406,-0.050046365986457286,-0.047556503984165,0.04725854266263063,0.05647989619484095,-0.05389552160515101,-0.05949800599331445,0.016939309333765088,-0.07322362803909466,-0.06714892688057428,-0.04271161888651154,-0.02689542822626012
supplemental_2023_09_legacy,legacy_vwap,flow_quality,s4_reclaim_amount_acceleration,protect_3pct_target6pct_3d,5,5,1,0.2,1,0.2,1,1,-0.028854251270180487,-0.030754208555915707,0.027187848988744198,-0.07142192766776934,-0.03934167336586747,-0.012784257109446528,0.010030810348096608,-0.05098908793862504,-0.050017055123750764,0.015940277651108895,-0.07587116513757208,-0.06024235292306501,-0.03713453679444112,-0.03168032971429624
supplemental_2023_09_legacy,legacy_vwap,flow_quality,s0_strong_no_ma,momentum_trail_4pct_5d,5,5,0,0.0,0,0.0,0,0,-0.028659332411042793,-0.03080488468063458,0.020984224288447574,-0.06356370242200005,-0.034014892997540125,-0.012505124762029585,-0.0024080571930096273,-0.06136613076214583,-0.0526209031689201,0.021791195886535292,-0.08904951053719579,-0.08557463464378001,-0.0424913156990272,-0.037094289761806065
supplemental_2023_09_legacy,legacy_vwap,flow_quality,s2_reclaim_recent_high,protect_3pct_target6pct_3d,5,5,2,0.4,2,0.4,2,2,-0.02593023550010991,-0.030969496326030632,0.027666626216214497,-0.06513115062659913,-0.043778785074209736,0.002029528921339896,0.008198725604950052,-0.08262602084742601,-0.08207112311723164,0.010971514743698998,-0.10113525572570325,-0.08631546588946781,-0.07416340221657658,-0.06944485728815075
supplemental_2023_09_legacy,legacy_vwap,flow_quality,cs_r3_leader_confirmation,fast_failure_2pct_target4pct_2d,5,5,1,0.2,1,0.2,1,1,-0.018954592944653494,-0.031039592468735333,0.024522865357233,-0.040687241194193535,-0.03525382221104445,-0.014716623396422657,0.026924314547128514,-0.05176504723171047,-0.05040621080097618,0.00877787455085004,-0.06696292246526059,-0.052134215982398424,-0.04972852145554485,-0.03959336545437231
supplemental_2023_09_legacy,legacy_vwap,trend_structure,s4_auction_confirmed_reclaim,next_open_1d,5,5,0,0.0,0,0.0,0,0,-0.03558161542275311,-0.03120923754475924,0.009936144525976267,-0.054936242083195586,-0.03397762752682354,-0.03087413446769638,-0.026910835491290808,-0.06356444448588254,-0.06587650343706875,0.012505467698927393,-0.07893209643577603,-0.06724012815992197,-0.06511143900623051,-0.04066205539041545
supplemental_2023_09_legacy,legacy_vwap,flow_quality,ht_r3_core_pullback,momentum_trail_4pct_5d,5,5,0,0.0,0,0.0,0,0,-0.0340200937251663,-0.03126843067467988,0.020948296577583483,-0.06591086680015013,-0.04486621704560978,-0.02526390790820998,-0.0027910461971817346,-0.06520245219529157,-0.061476140708115246,0.01038125760915166,-0.08347284949358524,-0.06903622955834288,-0.05796146268989377,-0.05406557852652072
supplemental_2023_09_legacy,legacy_vwap,random_hash,s1_touch_immediate,next_open_2d,5,5,1,0.2,1,0.2,1,1,-0.030612418254796346,-0.03137989711561939,0.021776981211791894,-0.05472240079530999,-0.04586114503203964,-0.029936499235505343,0.008837850904492628,-0.06095320673019722,-0.05742745569800056,0.007690929484697878,-0.07382613489307932,-0.06543802628824957,-0.054994576966444275,-0.05307983980521236
supplemental_2023_09_legacy,legacy_vwap,flow_quality,s2_reclaim_daily_trend,momentum_trail_4pct_5d,5,5,1,0.2,1,0.2,1,1,-0.028053766206229857,-0.031448529380229684,0.025829702832758674,-0.0548094168196499,-0.046107471822711577,-0.027623669193806655,0.01972025618524853,-0.05842628471647502,-0.06305270726644452,0.012476037238765914,-0.07034990034476163,-0.06983188745937952,-0.051298078371594835,-0.037598850140194595
supplemental_2023_09_legacy,legacy_vwap,flow_quality,ng_r3_volume_quality,momentum_trail_4pct_5d,5,5,0,0.0,0,0.0,0,0,-0.031625222103148956,-0.03156228851545906,0.014721347439444936,-0.05558850678258398,-0.034558551173429874,-0.026596461776961955,-0.0098203022673099,-0.061529789251488665,-0.05805656738163423,0.015089353310440689,-0.08565963567216828,-0.07041651823502937,-0.05054963837361137,-0.04296658659500008
supplemental_2023_09_legacy,legacy_vwap,sector_leader,s1_touch_reclaim,next_open_3d,5,5,0,0.0,0,0.0,0,0,-0.03156705299312457,-0.03156705299312457,0.0,-0.03156705299312457,-0.03156705299312457,-0.03156705299312457,-0.03156705299312457,-0.0795268645358631,-0.0795268645358631,0.0,-0.0795268645358631,-0.0795268645358631,-0.0795268645358631,-0.0795268645358631
supplemental_2023_09_legacy,legacy_vwap,sector_leader,s4_reclaim_amount_acceleration,next_open_3d,5,5,0,0.0,0,0.0,0,0,-0.03156705299312457,-0.03156705299312457,0.0,-0.03156705299312457,-0.03156705299312457,-0.03156705299312457,-0.03156705299312457,-0.0795268645358631,-0.0795268645358631,0.0,-0.0795268645358631,-0.0795268645358631,-0.0795268645358631,-0.0795268645358631
supplemental_2023_09_legacy,legacy_vwap,sector_leader,s4_reclaim_vwap_support,next_open_3d,5,5,0,0.0,0,0.0,0,0,-0.03156705299312457,-0.03156705299312457,0.0,-0.03156705299312457,-0.03156705299312457,-0.03156705299312457,-0.03156705299312457,-0.0795268645358631,-0.0795268645358631,0.0,-0.0795268645358631,-0.0795268645358631,-0.0795268645358631,-0.0795268645358631
supplemental_2023_09_legacy,legacy_vwap,random_hash,s4_reclaim_volume_normal,next_open_2d,5,5,1,0.2,1,0.2,1,1,-0.02821720208710037,-0.03159209355842929,0.026546877358061827,-0.0711411035870192,-0.03674725561484937,-0.007657312283080198,0.006051754607876214,-0.05407985995165514,-0.0499479371648992,0.017319657465242683,-0.08746901039362087,-0.05031416956259682,-0.0451324370251146,-0.0375357456120442
supplemental_2023_09_legacy,legacy_vwap,trend_structure,s4_reclaim_volume_normal,next_open_3d,5,5,0,0.0,0,0.0,0,0,-0.03421669615534726,-0.031628957916149836,0.006999026508552247,-0.044604843314719034,-0.03903470597060865,-0.031615343679849195,-0.02419962989540958,-0.04648048417794877,-0.044369464510528034,0.011305046495251983,-0.0632604967969077,-0.05465896503665124,-0.03859963273946487,-0.03151386180619198
supplemental_2023_09_legacy,legacy_vwap,sector_leader,s4_reclaim_volume_normal,next_open_2d,5,5,0,0.0,0,0.0,0,0,-0.0316353419148494,-0.0316353419148494,0.0,-0.0316353419148494,-0.0316353419148494,-0.0316353419148494,-0.0316353419148494,-0.09803498973973324,-0.09803498973973324,0.0,-0.09803498973973324,-0.09803498973973324,-0.09803498973973324,-0.09803498973973324
supplemental_2023_09_legacy,legacy_vwap,trend_structure,s1_touch_reclaim,momentum_trail_4pct_5d,5,5,1,0.2,1,0.2,1,1,-0.03688777206819856,-0.03187155341779957,0.02948834583546659,-0.08473359638219002,-0.04420282921954366,-0.030824302820089966,0.007193421498630448,-0.06261750074888447,-0.060702723496430466,0.02579626857349201,-0.10528231669282728,-0.07377736091628528,-0.040626336845651645,-0.032698765793227724
supplemental_2023_09_legacy,legacy_vwap,flow_quality,s4_reclaim_vwap_support,protect_3pct_target6pct_3d,5,5,0,0.0,0,0.0,0,0,-0.03598555936757928,-0.031878152154806716,0.02307923441933958,-0.07093602853110759,-0.04754577720372999,-0.028787338938479623,-0.0007805000097724779,-0.060637689725995994,-0.05841055579386778,0.021149090052991162,-0.09474874241418818,-0.0704296013961,-0.04699619912131703,-0.03260334990450697
supplemental_2023_09_legacy,legacy_vwap,flow_quality,s2_reclaim_positive_slope,fast_failure_2pct_target4pct_2d,5,5,0,0.0,0,0.0,0,0,-0.03237362028764077,-0.03207301318818423,0.01369518306234906,-0.04953124642686413,-0.042658529742758855,-0.02800032401865782,-0.009604988061738817,-0.05906569483538608,-0.056649388119988764,0.00639024359467601,-0.06942422739833676,-0.06317594086425493,-0.05390927767488074,-0.05216964011946923
supplemental_2023_09_legacy,legacy_vwap,random_hash,s2_reclaim_daily_trend,next_open_3d,5,5,1,0.2,1,0.2,1,1,-0.005692462677781252,-0.03208685289048652,0.045371932792787194,-0.041565805632109654,-0.034486068127567604,-0.000992819851723059,0.08066923311298058,-0.05182704827910911,-0.052509904081803005,0.013275202230764262,-0.06905051273654772,-0.0630288766976953,-0.041451360692066785,-0.033094587187432745
supplemental_2023_09_legacy,legacy_vwap,flow_quality,s1_touch_immediate,fast_failure_2pct_target4pct_2d,5,4,1,0.2,1,0.25,1,1,-0.020399592308290027,-0.03215813681309465,0.028532635807765144,-0.047910268807429435,-0.04322525939528976,-0.008412017083209822,0.029707720557573536,-0.05024048603682685,-0.058587991250043214,0.016142920024666163,-0.06911053225101438,-0.06155866611591265,-0.03279022111033758,-0.029155019456826414
supplemental_2023_09_legacy,legacy_vwap,sector_leader,s2_first_touch_reclaim,next_open_1d,5,5,0,0.0,0,0.0,0,0,-0.03219372518738861,-0.03219372518738861,0.0,-0.03219372518738861,-0.03219372518738861,-0.03219372518738861,-0.03219372518738861,-0.08478071700812284,-0.08478071700812284,0.0,-0.08478071700812284,-0.08478071700812284,-0.08478071700812284,-0.08478071700812284
supplemental_2023_09_legacy,legacy_vwap,flow_quality,s2_reclaim_acceleration,next_open_2d,5,5,2,0.4,2,0.4,2,2,-0.006357597908678158,-0.032216822953949786,0.045866370250285,-0.050046365986457286,-0.047556503984165,0.04155180718634033,0.05647989619484095,-0.055379534564836574,-0.0609244309905318,0.0163924764215945,-0.07322362803909466,-0.06714892688057428,-0.04870525868772202,-0.02689542822626012
supplemental_2023_09_legacy,legacy_vwap,flow_quality,s4_auction_confirmed_reclaim,next_open_3d,5,5,1,0.2,1,0.2,1,1,-0.0213141851667036,-0.03244980961737809,0.026351589300311277,-0.04624289573799034,-0.04286052425026077,-0.009870428359679662,0.024852732131790845,-0.051071013122517786,-0.05565698398337682,0.008950205909506629,-0.059740856432171974,-0.05934421892674846,-0.04174496282290496,-0.0388680434473867
supplemental_2023_09_legacy,legacy_vwap,sector_leader,s4_reclaim_volume_proxy,next_open_3d,5,5,0,0.0,0,0.0,0,0,-0.03252410609682321,-0.03252410609682321,0.0,-0.03252410609682321,-0.03252410609682321,-0.03252410609682321,-0.03252410609682321,-0.05589981656784415,-0.05589981656784415,0.0,-0.05589981656784415,-0.05589981656784415,-0.05589981656784415,-0.05589981656784415
supplemental_2023_09_legacy,legacy_vwap,sector_leader,s1_touch_reclaim,next_open_5d,5,5,0,0.0,0,0.0,0,0,-0.03263037124053969,-0.03263037124053969,0.0,-0.03263037124053969,-0.03263037124053969,-0.03263037124053969,-0.03263037124053969,-0.0680006792110679,-0.0680006792110679,0.0,-0.0680006792110679,-0.0680006792110679,-0.0680006792110679,-0.0680006792110679
supplemental_2023_09_legacy,legacy_vwap,sector_leader,s4_reclaim_amount_acceleration,next_open_5d,5,5,0,0.0,0,0.0,0,0,-0.03263037124053969,-0.03263037124053969,0.0,-0.03263037124053969,-0.03263037124053969,-0.03263037124053969,-0.03263037124053969,-0.0680006792110679,-0.0680006792110679,0.0,-0.0680006792110679,-0.0680006792110679,-0.0680006792110679,-0.0680006792110679
supplemental_2023_09_legacy,legacy_vwap,sector_leader,s4_reclaim_vwap_support,next_open_5d,5,5,0,0.0,0,0.0,0,0,-0.03263037124053969,-0.03263037124053969,0.0,-0.03263037124053969,-0.03263037124053969,-0.03263037124053969,-0.03263037124053969,-0.0680006792110679,-0.0680006792110679,0.0,-0.0680006792110679,-0.0680006792110679,-0.0680006792110679,-0.0680006792110679
supplemental_2023_09_legacy,legacy_vwap,random_hash,s0_strong_no_ma,fast_failure_2pct_target4pct_2d,5,4,1,0.2,1,0.25,1,1,-0.0482149400563032,-0.032631244216114186,0.04296316128016486,-0.10886742681212869,-0.0855309035790115,-0.023170091977232965,0.009124966302971327,-0.08333204014779953,-0.0661641194872018,0.025669939538002923,-0.12507066703324932,-0.10133439667879007,-0.06575770680183357,-0.05833331073792292
supplemental_2023_09_legacy,legacy_vwap,trend_structure,s1_touch_reclaim,next_open_5d,5,5,1,0.2,1,0.2,1,1,-0.03243132275784184,-0.03280133739704039,0.024806522248193887,-0.06146242326566975,-0.05715785089650949,-0.014243703712329636,0.0035087014823400597,-0.05136780098550733,-0.040746965978208594,0.01776439848712484,-0.07458319560351012,-0.07126812301581775,-0.036152615265043986,-0.03408810506495619
supplemental_2023_09_legacy,legacy_vwap,flow_quality,s4_reclaim_volume_normal,next_open_2d,5,5,0,0.0,0,0.0,0,0,-0.03270177322236785,-0.033001810972037915,0.0076112806815593044,-0.04550293280868589,-0.03330848358238492,-0.029808677520002935,-0.021886961228727575,-0.05448787966201725,-0.05483772711407886,0.00992902004672499,-0.06653112292632912,-0.06381978094463125,-0.04713914757403903,-0.040111619751007965
supplemental_2023_09_legacy,legacy_vwap,flow_quality,s1_touch_reclaim,fast_failure_2pct_target4pct_2d,5,4,1,0.2,1,0.25,1,1,-0.02508734307178375,-0.03326852956878035,0.021769568339363533,-0.04590288443402368,-0.04373244272954757,-0.015173987472097528,0.01264112884553037,-0.0639360288623831,-0.06702214093224468,0.011823177102543578,-0.0806360004029757,-0.07074824228942345,-0.052915420710105354,-0.04835833997716632
supplemental_2023_09_legacy,legacy_vwap,trend_structure,s4_reclaim_volume_proxy,momentum_trail_4pct_5d,5,5,0,0.0,0,0.0,0,0,-0.02509466889683596,-0.03329735423212998,0.012082783475464489,-0.03685927439654002,-0.03458466218172018,-0.010785864242559784,-0.009946189431229824,-0.03950231875173116,-0.042308543552893374,0.008028933360459359,-0.04755566997359029,-0.044715147681745004,-0.038294469116691654,-0.02463776343373547
supplemental_2023_09_legacy,legacy_vwap,sector_leader,s2_first_touch_reclaim,next_open_5d,5,5,0,0.0,0,0.0,0,0,-0.03336756783092987,-0.03336756783092987,0.0,-0.03336756783092987,-0.03336756783092987,-0.03336756783092987,-0.03336756783092987,-0.0795627410155304,-0.0795627410155304,0.0,-0.0795627410155304,-0.0795627410155304,-0.0795627410155304,-0.0795627410155304
supplemental_2023_09_legacy,legacy_vwap,random_hash,s4_auction_confirmed_reclaim,next_open_2d,5,5,2,0.4,2,0.4,2,2,-0.019314044022962683,-0.033498822954835195,0.03289882205578756,-0.0616221077339808,-0.04002955562951627,0.016967973450150886,0.021612292753367957,-0.0504020377816355,-0.05799893253975108,0.01914526215522835,-0.07032125103397247,-0.06781732035877341,-0.03365956059897601,-0.02221312437670453
supplemental_2023_09_legacy,legacy_vwap,trend_structure,s1_touch_reclaim,protect_3pct_target6pct_3d,5,5,0,0.0,0,0.0,0,0,-0.049767243987830036,-0.03365186995614755,0.038385431408007306,-0.10532285371069039,-0.08301381215756509,-0.02512973047329725,-0.0017179536414498875,-0.06833059333739026,-0.06648962704125405,0.025391547493051444,-0.10582010572972811,-0.08684787411938855,-0.042819722499772284,-0.03967563729680834
supplemental_2023_09_legacy,legacy_vwap,flow_quality,s2_first_touch_reclaim,protect_3pct_target6pct_3d,5,4,1,0.2,0,0.0,1,0,-0.02757555800515976,-0.03368364216662334,0.028429367467801198,-0.06680795561368968,-0.036370162413081,-0.021978996663925332,0.020962966831520546,-0.06626972749869167,-0.06642209658590914,0.0178212303637066,-0.09498233719651716,-0.07336789179456626,-0.0540538441167524,-0.04252246779971336
supplemental_2023_09_legacy,legacy_vwap,trend_structure,s1_near_reversal,momentum_trail_4pct_5d,5,5,1,0.2,1,0.2,1,1,-0.031186781937947994,-0.03370572199223354,0.027245166991073246,-0.06376234891895072,-0.0509204053395198,-0.02315705527633649,0.015611621837300582,-0.06912787717306346,-0.0666161619702701,0.01306032909210521,-0.09092307565830893,-0.07327309637981183,-0.06373360097799896,-0.05109345087892747
supplemental_2023_09_legacy,legacy_vwap,flow_quality,s4_auction_confirmed_reclaim,next_open_2d,5,5,2,0.4,2,0.4,2,2,-0.02244376483020809,-0.03396978548642626,0.03469969493473524,-0.07089618359944094,-0.040546387202565204,0.007546156598360776,0.02564737553903118,-0.05292255741483052,-0.060712171753505406,0.02058199766771113,-0.07950935245822555,-0.0666899488447611,-0.029876213600597112,-0.02782510041706343
supplemental_2023_09_legacy,legacy_vwap,flow_quality,s4_reclaim_volume_normal,next_open_5d,5,4,2,0.4,1,0.25,2,1,-0.023014631147594368,-0.03399879197916944,0.043178679044325846,-0.07357224373488991,-0.05796027696214634,0.0056183869488732885,0.04483976998936057,-0.06458935343956532,-0.04878118625732386,0.02049358449234313,-0.09389691745141471,-0.08498895845619747,-0.0480806023510395,-0.04719910268185101
supplemental_2023_09_legacy,legacy_vwap,trend_structure,ht_r3_core_pullback,next_open_1d,5,4,0,0.0,0,0.0,0,0,-0.03513546367428331,-0.03407402393353953,0.008962579487836615,-0.0493078753006706,-0.04046038810438968,-0.0267419222967894,-0.025093108736027325,-0.07708323213680894,-0.07452356242556901,0.010841448325882132,-0.09792890638548701,-0.07571277510978269,-0.06953235938220803,-0.06771855738099797
supplemental_2023_09_legacy,legacy_vwap,flow_quality,s1_touch_reclaim,protect_3pct_target6pct_3d,5,4,0,0.0,0,0.0,0,0,-0.043135130236900986,-0.03425677928688908,0.02898297878063962,-0.09851641177768544,-0.041439024534739466,-0.025602615115039806,-0.015860820470151138,-0.06846022270582797,-0.07160500621955246,0.025325339154198555,-0.1095002065336027,-0.07700598805870096,-0.04706534044144739,-0.03712457227583632
supplemental_2023_09_legacy,legacy_vwap,sector_leader,s2_reclaim_daily_trend,next_open_1d,5,5,0,0.0,0,0.0,0,0,-0.03430528220324025,-0.03430528220324025,0.0,-0.03430528220324025,-0.03430528220324025,-0.03430528220324025,-0.03430528220324025,-0.09007003617317155,-0.09007003617317155,0.0,-0.09007003617317155,-0.09007003617317155,-0.09007003617317155,-0.09007003617317155
supplemental_2023_09_legacy,legacy_vwap,random_hash,s2_reclaim_positive_slope,fast_failure_2pct_target4pct_2d,5,5,0,0.0,0,0.0,0,0,-0.037513980023279304,-0.03434010075508598,0.014929213439559736,-0.05614005742604988,-0.05091557256208912,-0.032074005736324795,-0.014100163636846741,-0.06333093772657869,-0.06206928311485249,0.007625647440947456,-0.07718357648226548,-0.06451779542021452,-0.05712832125095546,-0.055755712364605525
supplemental_2023_09_legacy,legacy_vwap,flow_quality,cs_r3_leader_confirmation,protect_3pct_target6pct_3d,5,5,0,0.0,0,0.0,0,0,-0.033770785109058885,-0.034398107397516586,0.018135817441492008,-0.059557789540261474,-0.04722861053092975,-0.015093461850189671,-0.012575956226396956,-0.06837711465983506,-0.06929953697103985,0.011192075554818784,-0.08671902664515663,-0.07244212217421075,-0.057149934994004004,-0.05627495251476411
supplemental_2023_09_legacy,legacy_vwap,flow_quality,s2_reclaim_daily_trend,next_open_3d,5,5,1,0.2,1,0.2,1,1,-0.006400807189923285,-0.034486068127567604,0.04580406025738041,-0.041565805632109654,-0.03562857545119669,-0.000992819851723059,0.08066923311298058,-0.05193869703575247,-0.052509904081803005,0.01311861059974024,-0.06905051273654772,-0.0630288766976953,-0.041451360692066785,-0.03365283097064953
supplemental_2023_09_legacy,legacy_vwap,random_hash,s1_touch_reclaim,protect_3pct_target6pct_3d,5,4,0,0.0,0,0.0,0,0,-0.04132508365014227,-0.03451672181524945,0.015992519316113084,-0.06266758105698056,-0.05797348925922963,-0.028341737269359624,-0.023125888849892084,-0.05896533418164425,-0.05118033261078392,0.01907061469560623,-0.08192356929197564,-0.08138019573733302,-0.04348009688094512,-0.03686247638718354
supplemental_2023_09_legacy,legacy_vwap,flow_quality,ht_r3_core_pullback,fast_failure_2pct_target4pct_2d,5,5,0,0.0,0,0.0,0,0,-0.03925301772418714,-0.03453039269723912,0.026101601094304854,-0.0855601187546492,-0.04336091061929037,-0.025868493637077217,-0.00694517291267982,-0.06587694487500406,-0.05845342054144187,0.020700679916327364,-0.10605594496516735,-0.06267415067894444,-0.0547194159745612,-0.04748179221490545
supplemental_2023_09_legacy,legacy_vwap,trend_structure,s4_reclaim_vwap_support,fast_failure_2pct_target4pct_2d,5,5,2,0.4,2,0.4,2,2,-0.013849594227915051,-0.03453044006840966,0.051012812850562105,-0.0774365105094803,-0.0439818404895469,0.020016862828001303,0.0666839570998603,-0.04535772373464,-0.039484755266470994,0.019582634524962145,-0.07866862812408337,-0.052630083817782114,-0.03568372861739855,-0.020321422847464965
supplemental_2023_09_legacy,legacy_vwap,flow_quality,s1_touch_immediate,next_open_3d,5,5,1,0.2,1,0.2,1,1,-0.02768909381938158,-0.03463623612824007,0.023293139058985866,-0.048998491921250276,-0.04590594060156694,-0.024436857147070223,0.015532056701219599,-0.060544981832832814,-0.06113857505175346,0.006002460211440977,-0.06911214308505631,-0.06463294470319292,-0.05490127144039747,-0.052939974883763896
supplemental_2023_09_legacy,legacy_vwap,trend_structure,s4_auction_confirmed_reclaim,protect_3pct_target6pct_3d,5,5,0,0.0,0,0.0,0,0,-0.03655561801639353,-0.03482543110186498,0.027470911362911625,-0.08312756308690983,-0.045204072369060544,-0.016735757654222416,-0.002885265869909892,-0.05617886684869,-0.04582794346727803,0.020583793254900857,-0.08965151006188887,-0.06941781988391249,-0.04322271083592488,-0.03277434999444573
supplemental_2023_09_legacy,legacy_vwap,trend_structure,s4_auction_confirmed_reclaim,fast_failure_2pct_target4pct_2d,5,5,0,0.0,0,0.0,0,0,-0.033974437358916434,-0.03488244766866899,0.024782758909379175,-0.07603380555661932,-0.04101173670317915,-0.009794678004190205,-0.008149518861924498,-0.05209989079821398,-0.050002924565471174,0.011133511785846909,-0.07213155663352688,-0.05430484698857263,-0.0438253094556843,-0.040234816347814895
supplemental_2023_09_legacy,legacy_vwap,trend_structure,ng_r3_volume_quality,next_open_5d,5,5,2,0.4,2,0.4,2,2,-0.016090256458658293,-0.03496661342461971,0.032216556026877535,-0.044963395731362654,-0.04477245830673959,0.010812183542092235,0.03343900162733826,-0.04395089589169241,-0.04312622643331909,0.010506023791212637,-0.061181357788730684,-0.04789622987894038,-0.03775427405390652,-0.029796391303565373
supplemental_2023_09_legacy,legacy_vwap,sector_leader,s1_near_reversal,next_open_1d,5,0,0,0.0,0,,0,0,-0.035098653523227274,-0.035098653523227274,0.0,-0.035098653523227274,-0.035098653523227274,-0.035098653523227274,-0.035098653523227274,-0.08534206264950661,-0.08534206264950661,0.0,-0.08534206264950661,-0.08534206264950661,-0.08534206264950661,-0.08534206264950661
supplemental_2023_09_legacy,legacy_vwap,trend_structure,s4_reclaim_vwap_support,protect_3pct_target6pct_3d,5,5,0,0.0,0,0.0,0,0,-0.02501909271757683,-0.0351068749276191,0.015310164465363091,-0.03989328646153967,-0.03721938715499795,-0.008632990055750023,-0.004242924987977403,-0.04533863792446646,-0.05470027589412085,0.014070702452820405,-0.05973989548414815,-0.05561900103827433,-0.030522598946785218,-0.02611141825900376
supplemental_2023_09_legacy,legacy_vwap,flow_quality,s4_auction_confirmed_reclaim,protect_3pct_target6pct_3d,5,5,1,0.2,1,0.2,1,1,-0.014336612428288587,-0.035238226323425215,0.0503352287758795,-0.05252566621551813,-0.051909606550779586,-0.014426023470510252,0.08241646041879025,-0.051623216099601854,-0.05856706804388567,0.01847464503060664,-0.07501168588355467,-0.06214942705502591,-0.04029927739511141,-0.02208862212043161
supplemental_2023_09_legacy,legacy_vwap,flow_quality,s0_strong_no_ma,next_open_2d,5,5,0,0.0,0,0.0,0,0,-0.05043785800774745,-0.03525146785923894,0.028148219518390864,-0.08790396815237933,-0.0809291869439892,-0.025658962334420665,-0.022445704748709105,-0.07597117363068048,-0.06725534004660128,0.02556749498970495,-0.11804448810434698,-0.09001898012452247,-0.05938832456860066,-0.045148735309331056
supplemental_2023_09_legacy,legacy_vwap,random_hash,s0_strong_no_ma,next_open_2d,5,5,0,0.0,0,0.0,0,0,-0.04564969344915744,-0.03525146785923894,0.024331735250541102,-0.08790396815237933,-0.05698836415103914,-0.025658962334420665,-0.022445704748709105,-0.07137637194149386,-0.06725534004660128,0.018748560944078643,-0.09507047965841386,-0.09001898012452247,-0.05938832456860066,-0.045148735309331056
supplemental_2023_09_legacy,legacy_vwap,trend_structure,s2_reclaim_acceleration,next_open_5d,5,5,2,0.4,2,0.4,2,2,-0.029387790337511842,-0.03542165453657975,0.027770066652129968,-0.06211957462930995,-0.05516473508205988,0.0022583110780503013,0.0035087014823400597,-0.05816671576484298,-0.057184367858160945,0.015321914566121897,-0.079453218147021,-0.06983007811729847,-0.048213299436690504,-0.036152615265043986
supplemental_2023_09_legacy,legacy_vwap,trend_structure,s4_reclaim_vwap_support,next_open_5d,5,5,1,0.2,1,0.2,1,1,-0.0314016577759757,-0.03542165453657975,0.023451947908564603,-0.05691069042008967,-0.05516473508205988,-0.0117695199191995,0.0022583110780503013,-0.056614193679711745,-0.057184367858160945,0.014791417487669368,-0.0743406030778373,-0.06983007811729847,-0.048213299436690504,-0.03350261990857151
supplemental_2023_09_legacy,legacy_vwap,random_hash,ng_r1_auction_reclaim,next_open_5d,5,5,2,0.4,2,0.4,2,2,-0.02357467567396072,-0.03558684021047742,0.026041167971913564,-0.058189395062587135,-0.03726646822827406,0.0020237031253445004,0.011145622006190514,-0.05711925519373191,-0.05491097545381396,0.01639192919968254,-0.0862805287905628,-0.05994018136730617,-0.046534594317924505,-0.037929996039052116
supplemental_2023_09_legacy,legacy_vwap,flow_quality,s4_reclaim_volume_normal,fast_failure_2pct_target4pct_2d,5,5,0,0.0,0,0.0,0,0,-0.04399991289763951,-0.036136031349327524,0.024026248189148454,-0.07502946834704127,-0.06693829089781056,-0.0326241037937367,-0.009271670100281515,-0.07042497250180826,-0.07093640830104964,0.015301018274276742,-0.09136722716975199,-0.08130006364282505,-0.0610031159591764,-0.04751804743623822
supplemental_2023_09_legacy,legacy_vwap,flow_quality,s1_touch_immediate,protect_3pct_target6pct_3d,5,5,1,0.2,1,0.2,1,1,-0.02726132422775729,-0.03615633406958629,0.019142750170716472,-0.04107069587366019,-0.04061485711569057,-0.02838962467248929,0.009924890592639901,-0.053654430149837506,-0.05965046460397805,0.011184755138564479,-0.06086433207449171,-0.059795403077794074,-0.05648488736927437,-0.031477063623649326
supplemental_2023_09_legacy,legacy_vwap,random_hash,s1_touch_immediate,protect_3pct_target6pct_3d,5,5,0,0.0,0,0.0,0,0,-0.03380088578765408,-0.036187898324544276,0.01723580105196795,-0.05668259019553634,-0.03853201581345955,-0.03435273010548001,-0.0032491944992502075,-0.057710230476371735,-0.05865301882484675,0.01290666273903203,-0.0709446072491613,-0.06963008488786238,-0.05399611928257986,-0.03532732213740841
supplemental_2023_09_legacy,legacy_vwap,flow_quality,ht_r3_core_pullback,next_open_3d,5,5,2,0.4,2,0.4,2,2,-0.021585480727131644,-0.03624561861595921,0.023018522438127253,-0.0443197056210195,-0.03978941713952988,0.0017120850310301527,0.010715252709820211,-0.04710231686978621,-0.05304141635884818,0.010447595240821195,-0.057311900130074145,-0.056125679512018634,-0.03651825952325116,-0.032514328824738925
supplemental_2023_09_legacy,legacy_vwap,flow_quality,ng_r3_volume_quality,next_open_1d,5,3,1,0.2,0,0.0,1,0,-0.03138209659150428,-0.036341785464493626,0.021912048573148376,-0.04914632096585758,-0.04637615500006087,-0.03623364324960432,0.011187421722494983,-0.054029606234655095,-0.05658177072723558,0.014874629795035014,-0.0703986099244227,-0.0614821959143651,-0.05547977938877191,-0.026205675218480162
supplemental_2023_09_legacy,legacy_vwap,random_hash,s2_first_touch_reclaim,momentum_trail_4pct_5d,5,5,1,0.2,1,0.2,1,1,-0.034228333973535086,-0.03640405180076978,0.02302094063141537,-0.07148369352743,-0.03705267515141941,-0.026449517388446586,0.00024826800039035035,-0.06218409845106929,-0.06116465357815004,0.013238863753924853,-0.07756883511238388,-0.07570573434446493,-0.054025665832635905,-0.042455603387711704
supplemental_2023_09_legacy,legacy_vwap,sector_leader,s4_reclaim_volume_proxy,next_open_1d,5,5,0,0.0,0,0.0,0,0,-0.036505467848555684,-0.036505467848555684,0.0,-0.036505467848555684,-0.036505467848555684,-0.036505467848555684,-0.036505467848555684,-0.07511922982581076,-0.07511922982581076,0.0,-0.07511922982581076,-0.07511922982581076,-0.07511922982581076,-0.07511922982581076
supplemental_2023_09_legacy,legacy_vwap,flow_quality,s0_distance_only,next_open_3d,5,5,0,0.0,0,0.0,0,0,-0.035885257611469656,-0.036548762515729916,0.02415521436954177,-0.0649767182234795,-0.06033132706562949,-0.010222129983599726,-0.007347350268909647,-0.05246934248480419,-0.04393458704659525,0.016132910820863443,-0.08244002551731267,-0.05576424466122176,-0.0427122618397493,-0.03749559335914199
supplemental_2023_09_legacy,legacy_vwap,sector_leader,ng_r1_auction_reclaim,next_open_2d,5,5,0,0.0,0,0.0,0,0,-0.03676530335164274,-0.03676530335164274,0.0,-0.03676530335164274,-0.03676530335164274,-0.03676530335164274,-0.03676530335164274,-0.07172848364160489,-0.07172848364160489,0.0,-0.07172848364160489,-0.07172848364160489,-0.07172848364160489,-0.07172848364160489
supplemental_2023_09_legacy,legacy_vwap,random_hash,s2_reclaim_positive_slope,momentum_trail_4pct_5d,5,5,1,0.2,1,0.2,1,1,-0.03492726690963406,-0.037652092195249565,0.03410190154935764,-0.07959275274230981,-0.0464787519548816,-0.03661534566168945,0.025702608005960137,-0.061887240805192145,-0.07150319474260924,0.021094680173379156,-0.08653982070614008,-0.07665000038838499,-0.044608252659663616,-0.0301349355291628
supplemental_2023_09_legacy,legacy_vwap,random_hash,ng_r3_volume_quality,protect_3pct_target6pct_3d,5,5,1,0.2,1,0.2,1,1,-0.04122461651603759,-0.037708757799641446,0.03764982995633144,-0.08810956405225323,-0.0696844163453183,-0.03258043146886569,0.0219600870858907,-0.06731039557524228,-0.05671069517962768,0.027457029148877567,-0.111949022167663,-0.081776895915181,-0.054864751842448434,-0.031250612771291264
supplemental_2023_09_legacy,legacy_vwap,sector_leader,s4_reclaim_volume_proxy,next_open_2d,5,5,0,0.0,0,0.0,0,0,-0.03780136003142953,-0.03780136003142953,0.0,-0.03780136003142953,-0.03780136003142953,-0.03780136003142953,-0.03780136003142953,-0.061049563904265525,-0.061049563904265525,0.0,-0.061049563904265525,-0.061049563904265525,-0.061049563904265525,-0.061049563904265525
supplemental_2023_09_legacy,legacy_vwap,random_hash,ng_r1_auction_reclaim,momentum_trail_4pct_5d,5,5,1,0.2,1,0.2,1,1,-0.022895737379454873,-0.037860894813895984,0.027552462487387255,-0.05052006465787917,-0.04413461266981977,-0.003640782413769972,0.021677667658090538,-0.05532334368725396,-0.053890929232894846,0.016299499606979084,-0.08308345411351648,-0.05908640396971132,-0.04694150315181589,-0.03361442796833125
supplemental_2023_09_legacy,legacy_vwap,random_hash,s4_reclaim_vwap_support,fast_failure_2pct_target4pct_2d,5,4,1,0.2,1,0.25,1,1,-0.03087531207102632,-0.037862711245690406,0.022019298505844553,-0.05068841936451596,-0.0453017799822194,-0.03176659041097063,0.01124294064826481,-0.05717506400753032,-0.061593237032654846,0.016971873193637913,-0.07514738824634337,-0.06323621472234109,-0.061062936807308565,-0.02483554322900372
supplemental_2023_09_legacy,legacy_vwap,sector_leader,s4_reclaim_volume_normal,fast_failure_2pct_target4pct_2d,5,5,0,0.0,0,0.0,0,0,-0.03795891053515865,-0.03795891053515865,0.0,-0.03795891053515865,-0.03795891053515865,-0.03795891053515865,-0.03795891053515865,-0.09439046177865351,-0.09439046177865351,0.0,-0.09439046177865351,-0.09439046177865351,-0.09439046177865351,-0.09439046177865351
supplemental_2023_09_legacy,legacy_vwap,trend_structure,fu_r3_core_pullback,next_open_2d,5,5,0,0.0,0,0.0,0,0,-0.030400113760424997,-0.038038427989839585,0.017520084567814054,-0.05184751785544095,-0.042234905570730064,-0.01436283606117883,-0.005516881324935552,-0.06390303204362538,-0.07865257044751084,0.021836998349556137,-0.08370294238593001,-0.08228550557046399,-0.041672494214036404,-0.033201647600185624
supplemental_2023_09_legacy,legacy_vwap,random_hash,s2_reclaim_daily_trend,next_open_5d,5,5,0,0.0,0,0.0,0,0,-0.044694337861470236,-0.03822420518007186,0.02141086709025742,-0.08248232992346005,-0.05213021317610966,-0.02815586519063973,-0.022479075837069873,-0.0615847668328348,-0.06271339149554456,0.018623457894507787,-0.09296394002053687,-0.06507317788528266,-0.05022771187713404,-0.03694561288567588
supplemental_2023_09_legacy,legacy_vwap,trend_structure,s2_reclaim_acceleration,fast_failure_2pct_target4pct_2d,5,5,2,0.4,2,0.4,2,2,-0.007391156273897015,-0.03834713079359642,0.054954782983729536,-0.06704234352274652,-0.04876819754884343,0.04961123184584104,0.06759065864986025,-0.045193570613798806,-0.04309894494026123,0.019705818612221773,-0.07559114440706483,-0.05742805595895184,-0.029500446686614223,-0.02034926107610191
supplemental_2023_09_legacy,legacy_vwap,trend_structure,s2_reclaim_positive_slope,momentum_trail_4pct_5d,5,5,1,0.2,1,0.2,1,1,-0.04080794693792196,-0.03842469535494075,0.028199716784326097,-0.08121414773822977,-0.056547126053939856,-0.0318834164240297,0.004029650881530289,-0.05200907837250537,-0.04541269652194213,0.018605040711442908,-0.08298313100214338,-0.061156964389329604,-0.04165598841222118,-0.028836611536890544
supplemental_2023_09_legacy,legacy_vwap,random_hash,s0_distance_only,protect_3pct_target6pct_3d,5,5,1,0.2,1,0.2,1,1,-0.029677343473028594,-0.038491782481009706,0.025316412964144157,-0.05930913122178927,-0.04547349927663946,-0.018807768659509283,0.013695464273804747,-0.04975363959318746,-0.05573490834142325,0.01178104089882091,-0.06110277549001697,-0.06060689317781398,-0.03834823494953765,-0.032975386007145446
supplemental_2023_09_legacy,legacy_vwap,random_hash,s1_touch_immediate,momentum_trail_4pct_5d,5,5,1,0.2,1,0.2,1,1,-0.02763826225495216,-0.03850388799370008,0.01891994487971116,-0.04323837787488005,-0.043112051015311126,-0.019108270290309926,0.005771275899440376,-0.050046580849348966,-0.05417984552834021,0.016192411144372927,-0.06974667434276294,-0.05815444697403871,-0.0469199348890873,-0.02123200251251567
supplemental_2023_09_legacy,legacy_vwap,flow_quality,ht_r3_core_pullback,next_open_2d,5,5,0,0.0,0,0.0,0,0,-0.035940346631456864,-0.03857900339929532,0.018737369287459876,-0.06349309359770983,-0.04724480168721945,-0.015733162873078688,-0.014651671599981042,-0.0596302211383948,-0.050991647790054384,0.015652593638724087,-0.08267558547921816,-0.07396722494826191,-0.04582934165954433,-0.04468730581489522
supplemental_2023_09_legacy,legacy_vwap,flow_quality,s1_touch_reclaim,next_open_5d,5,5,1,0.2,1,0.2,1,1,-0.028705578588618753,-0.03880625669991922,0.03236834505775103,-0.06404248204661767,-0.047918069135109986,-0.023109671391319142,0.03034858632987225,-0.062259134154208806,-0.06189963094354867,0.01408691847726378,-0.08597150978947887,-0.0669866195555151,-0.050787806547130665,-0.04565010393537072
supplemental_2023_09_legacy,legacy_vwap,random_hash,s1_touch_reclaim,next_open_5d,5,5,1,0.2,1,0.2,1,1,-0.028705578588618753,-0.03880625669991922,0.03236834505775103,-0.06404248204661767,-0.047918069135109986,-0.023109671391319142,0.03034858632987225,-0.062259134154208806,-0.06189963094354867,0.01408691847726378,-0.08597150978947887,-0.0669866195555151,-0.050787806547130665,-0.04565010393537072
supplemental_2023_09_legacy,legacy_vwap,random_hash,s2_reclaim_daily_trend,momentum_trail_4pct_5d,5,5,0,0.0,0,0.0,0,0,-0.05530239628121882,-0.03889826425539966,0.029319985122516854,-0.10158939098762976,-0.07664608729870004,-0.03740576259196182,-0.02197247627240284,-0.0732507297213296,-0.06960565078175729,0.021460034886152786,-0.10666855964409361,-0.08371698721467291,-0.06438946872629692,-0.04187298223982727
supplemental_2023_09_legacy,legacy_vwap,flow_quality,s0_distance_only,next_open_2d,5,5,1,0.2,1,0.2,1,1,-0.03133732119951218,-0.03892847728388693,0.020374209408075817,-0.054268287127033576,-0.042197705099890626,-0.02673773316190986,0.0054455966751600915,-0.05431740410310595,-0.04857516315086485,0.009723409632869405,-0.06647110368868647,-0.06576103432853764,-0.04630609050135959,-0.04447362884608119
supplemental_2023_09_legacy,legacy_vwap,random_hash,s0_distance_only,next_open_2d,5,5,1,0.2,1,0.2,1,1,-0.031091838175956177,-0.03892847728388693,0.0189064279581429,-0.05188788434723368,-0.042197705099890626,-0.025014953021629815,0.0025698288728601693,-0.054327945363268904,-0.048623645669025994,0.00971243989722996,-0.06647110368868647,-0.06576103432853764,-0.046180430801743944,-0.04460351232835047
supplemental_2023_09_legacy,legacy_vwap,random_hash,s1_touch_immediate,next_open_1d,5,5,0,0.0,0,0.0,0,0,-0.03975483322408295,-0.03896145966434805,0.02758370983742021,-0.08351351569868881,-0.05334146501465786,-0.018731308881759,-0.004226416860961035,-0.061634064913980845,-0.0661660012140658,0.02182558020856784,-0.09480472848723154,-0.07177300358274163,-0.040334736689284,-0.03509185459658126
supplemental_2023_09_legacy,legacy_vwap,flow_quality,fu_r3_core_pullback,momentum_trail_4pct_5d,5,5,0,0.0,0,0.0,0,0,-0.03453325424956544,-0.03904694949512977,0.016210480259014802,-0.05298426296680958,-0.04964204524226956,-0.015580498917140528,-0.015412514626477747,-0.06319908229383009,-0.07281952986995965,0.017531400863819446,-0.08155219055926866,-0.07398892485002595,-0.05476359834525946,-0.03287116784463673
supplemental_2023_09_legacy,legacy_vwap,random_hash,s2_first_touch_reclaim,protect_3pct_target6pct_3d,5,5,0,0.0,0,0.0,0,0,-0.048126312983800525,-0.03911097926400109,0.02266631231312031,-0.0890934801577995,-0.05401753060012915,-0.034611673746193006,-0.023797901150879874,-0.07529075351686731,-0.06810241915252746,0.02004300733067738,-0.11364200048878703,-0.072559449225857,-0.06717749883358481,-0.05497239988358027
supplemental_2023_09_legacy,legacy_vwap,random_hash,ht_r3_core_pullback,next_open_2d,5,5,0,0.0,0,0.0,0,0,-0.04381678856051634,-0.039322621491754806,0.025484049776171712,-0.07799627402591902,-0.0672897621803622,-0.02412483011459976,-0.010350454989945912,-0.07383611029117909,-0.06225351214407404,0.02106035135890559,-0.10339619100217967,-0.09473484290892298,-0.05733908811837052,-0.05145691728234825
supplemental_2023_09_legacy,legacy_vwap,random_hash,fu_r3_core_pullback,momentum_trail_4pct_5d,5,5,0,0.0,0,0.0,0,0,-0.03081740840673943,-0.03932365445288977,0.015688628768298726,-0.047202008410019425,-0.043503597864269716,-0.015412514626477747,-0.008645266680040509,-0.05994645072612259,-0.06032599026896912,0.01584582479442766,-0.07584603941058732,-0.07561975130401666,-0.05506930480240313,-0.03287116784463673
supplemental_2023_09_legacy,legacy_vwap,sector_leader,s0_strong_no_ma,fast_failure_2pct_target4pct_2d,5,5,0,0.0,0,0.0,0,0,-0.039580297246866736,-0.039580297246866736,0.0,-0.039580297246866736,-0.039580297246866736,-0.039580297246866736,-0.039580297246866736,-0.1300172508086056,-0.1300172508086056,0.0,-0.1300172508086056,-0.1300172508086056,-0.1300172508086056,-0.1300172508086056
supplemental_2023_09_legacy,legacy_vwap,flow_quality,s1_near_reversal,fast_failure_2pct_target4pct_2d,5,5,0,0.0,0,0.0,0,0,-0.03829239909225755,-0.039684035118986105,0.01652329140936818,-0.05719860281374789,-0.05108701216163458,-0.0338799533116817,-0.009612392055237451,-0.05891796881841878,-0.053189005209606344,0.01747195692573685,-0.08420287537698323,-0.07406659019389306,-0.04492088771447744,-0.0382104855971338
supplemental_2023_09_legacy,legacy_vwap,trend_structure,s2_reclaim_acceleration,next_open_2d,5,5,2,0.4,2,0.4,2,2,-0.02928336207614164,-0.03998165958516908,0.04767015081429947,-0.10295873515834975,-0.04904824375853978,0.02096483716050046,0.02460699096084995,-0.06094500663768456,-0.05548629484648271,0.026935153385766686,-0.10772815624674947,-0.06994569584214194,-0.04133808020739804,-0.030226806045650645
supplemental_2023_09_legacy,legacy_vwap,random_hash,s0_distance_only,next_open_3d,5,5,0,0.0,0,0.0,0,0,-0.035663444513525634,-0.04011132975323983,0.02538900054781364,-0.0649767182234795,-0.06033132706562949,-0.010222129983599726,-0.002675717541679612,-0.053177297760619656,-0.04625203821882662,0.015762628613454847,-0.08244002551731267,-0.05576424466122176,-0.04393458704659525,-0.03749559335914199
supplemental_2023_09_legacy,legacy_vwap,flow_quality,s1_near_reversal,next_open_5d,5,5,0,0.0,0,0.0,0,0,-0.03474879087942191,-0.04014668225314977,0.010218011941233502,-0.04400234671326286,-0.04091313909670968,-0.03307660878663965,-0.015605177547347582,-0.06875106394178251,-0.07149890001005854,0.01203316360506585,-0.07955921371078323,-0.07659077950056703,-0.07048843073454758,-0.04561799575295622
supplemental_2023_09_legacy,legacy_vwap,random_hash,s1_near_reversal,next_open_5d,5,5,0,0.0,0,0.0,0,0,-0.036324601905881916,-0.04014668225314977,0.011979323863620266,-0.05188140184556289,-0.04091313909670968,-0.03307660878663965,-0.015605177547347582,-0.07029581801461886,-0.07149890001005854,0.013362744927861221,-0.08431454986474873,-0.07955921371078323,-0.07048843073454758,-0.04561799575295622
supplemental_2023_09_legacy,legacy_vwap,trend_structure,fu_r3_core_pullback,next_open_1d,5,5,1,0.2,1,0.2,1,1,-0.028991729567689785,-0.04058054574110026,0.01982222969946914,-0.04221561668753038,-0.04190930567214124,-0.029834219562748343,0.009581039825071302,-0.0487729831927262,-0.05387375472352485,0.011014835055676537,-0.060636435302757974,-0.05685978020779947,-0.041756578346979545,-0.030738367382569187
supplemental_2023_09_legacy,legacy_vwap,sector_leader,ng_r3_volume_quality,fast_failure_2pct_target4pct_2d,5,5,0,0.0,0,0.0,0,0,-0.04062659114455858,-0.04062659114455858,0.0,-0.04062659114455858,-0.04062659114455858,-0.04062659114455858,-0.04062659114455858,-0.08102717416838368,-0.08102717416838368,0.0,-0.08102717416838368,-0.08102717416838368,-0.08102717416838368,-0.08102717416838368
supplemental_2023_09_legacy,legacy_vwap,trend_structure,s2_reclaim_recent_high,protect_3pct_target6pct_3d,5,5,1,0.2,1,0.2,1,1,-0.027797071823614083,-0.04068337872065353,0.02904498563379479,-0.06286722509685361,-0.04712938692941471,-0.0037562082745791203,0.015450839903430547,-0.06632953876493601,-0.0620824069479885,0.017968307679232628,-0.10117422681495569,-0.06296051804338898,-0.05289291761163617,-0.052537624406710726
supplemental_2023_09_legacy,legacy_vwap,trend_structure,s0_strong_no_ma,fast_failure_2pct_target4pct_2d,5,4,0,0.0,0,0.0,0,0,-0.05089207493341672,-0.04074799578678179,0.03161831159029049,-0.11068016566323957,-0.0463580964116691,-0.04023360205232396,-0.01644051475306918,-0.08223278062186404,-0.06341972515908056,0.036264153006859416,-0.14714863934883127,-0.09575914309746192,-0.05724846747460677,-0.04758792802933964
supplemental_2023_09_legacy,legacy_vwap,random_hash,s4_auction_confirmed_reclaim,next_open_1d,5,5,1,0.2,1,0.2,1,1,-0.0269172732831632,-0.041015113916960666,0.03963381964635901,-0.06938228176277161,-0.05979606822773176,-0.0018338293911335235,0.037440926882781556,-0.056855576819018074,-0.055657239964380434,0.024435658680289324,-0.08449450654706026,-0.0839509764418419,-0.03523290373716492,-0.024942257404642842
supplemental_2023_09_legacy,legacy_vwap,trend_structure,s1_near_reversal,fast_failure_2pct_target4pct_2d,5,5,0,0.0,0,0.0,0,0,-0.04203871189561208,-0.04102242037311954,0.031202398726355614,-0.08476930800260996,-0.06838783147529637,-0.01190704995246561,-0.004106949674568927,-0.049906728538952415,-0.04387153202446248,0.023360582166660714,-0.0796977385626021,-0.07455866820498436,-0.029258320105904345,-0.022147383796808806
supplemental_2023_09_legacy,legacy_vwap,trend_structure,s2_reclaim_acceleration,next_open_1d,5,5,2,0.4,2,0.4,2,2,-0.03790814698955085,-0.04116192565180532,0.043706908919727415,-0.08762354020667085,-0.08325335069436735,0.0017565091069180472,0.020741572498171212,-0.05588252841766561,-0.05340441450590816,0.02889185637217319,-0.09678118590935081,-0.07961593390066146,-0.024915921660145668,-0.024695186112261958
supplemental_2023_09_legacy,legacy_vwap,flow_quality,s2_first_touch_reclaim,next_open_5d,5,5,1,0.2,1,0.2,1,1,-0.03868669274734524,-0.04132063499034988,0.026460371291108595,-0.07325155544010731,-0.0497912967383195,-0.03699792412102976,0.007927947553080239,-0.06847094700989895,-0.06647728019558197,0.011670157476810434,-0.08315642345186003,-0.08041928253077935,-0.058888926095500005,-0.053412822775773416
supplemental_2023_09_legacy,legacy_vwap,random_hash,s2_first_touch_reclaim,next_open_5d,5,5,1,0.2,1,0.2,1,1,-0.03868669274734524,-0.04132063499034988,0.026460371291108595,-0.07325155544010731,-0.0497912967383195,-0.03699792412102976,0.007927947553080239,-0.06847094700989895,-0.06647728019558197,0.011670157476810434,-0.08315642345186003,-0.08041928253077935,-0.058888926095500005,-0.053412822775773416
supplemental_2023_09_legacy,legacy_vwap,flow_quality,s2_reclaim_bull_stack,next_open_5d,5,5,0,0.0,0,0.0,0,0,-0.0391193556245798,-0.04132995532068773,0.004421199392215858,-0.04132995532068773,-0.04132995532068773,-0.04132995532068773,-0.030276956840148084,-0.047677642990543244,-0.04986855351135022,0.004381821041613954,-0.04986855351135022,-0.04986855351135022,-0.04986855351135022,-0.03891400090731534
supplemental_2023_09_legacy,legacy_vwap,random_hash,s2_reclaim_bull_stack,next_open_5d,5,5,0,0.0,0,0.0,0,0,-0.0391193556245798,-0.04132995532068773,0.004421199392215858,-0.04132995532068773,-0.04132995532068773,-0.04132995532068773,-0.030276956840148084,-0.047677642990543244,-0.04986855351135022,0.004381821041613954,-0.04986855351135022,-0.04986855351135022,-0.04986855351135022,-0.03891400090731534
supplemental_2023_09_legacy,legacy_vwap,flow_quality,s2_reclaim_positive_slope,next_open_1d,5,5,0,0.0,0,0.0,0,0,-0.03725108408968485,-0.041377123427046136,0.019614432023575386,-0.06922972730504906,-0.04251282262090894,-0.01715762201528037,-0.015978125080139738,-0.06509091736924313,-0.07273229773584289,0.026440412268416248,-0.100076123953173,-0.08350175758557277,-0.0369574538718348,-0.03218695369979219
supplemental_2023_09_legacy,legacy_vwap,random_hash,s2_reclaim_recent_high,next_open_3d,5,2,0,0.0,0,0.0,0,0,-0.04113840740727761,-0.04185293743242158,0.03360445157429603,-0.09631160081789447,-0.05399744827310937,-0.012818547817989301,-0.0007115026949733316,-0.08064147276584746,-0.09721274517596501,0.02373081644190904,-0.10248350087211977,-0.10015804292450492,-0.05329603039538722,-0.05005704446126036
supplemental_2023_09_legacy,legacy_vwap,flow_quality,s2_reclaim_positive_slope,momentum_trail_4pct_5d,5,5,0,0.0,0,0.0,0,0,-0.04363913583336572,-0.04189243693255951,0.027241434674022038,-0.08974366096222997,-0.04258681261308961,-0.03991694401884949,-0.004055824640100014,-0.06850286285442764,-0.060387074843074595,0.01850723649315372,-0.09661411170090406,-0.08344304424417903,-0.05442783686717534,-0.04764224661680516
supplemental_2023_09_legacy,legacy_vwap,flow_quality,s2_reclaim_daily_trend,fast_failure_2pct_target4pct_2d,5,5,0,0.0,0,0.0,0,0,-0.05830094590569492,-0.04194458530122003,0.03130938791349763,-0.10974136244773569,-0.07796009932530534,-0.03810046641111664,-0.023758216043096914,-0.07270361236776035,-0.06015253975851387,0.031021330840605703,-0.1273776731226942,-0.0838006032390789,-0.05401530837597013,-0.03817193734254465
supplemental_2023_09_legacy,legacy_vwap,sector_leader,ng_r1_auction_reclaim,next_open_5d,5,5,0,0.0,0,0.0,0,0,-0.04195436776890327,-0.04195436776890327,0.0,-0.04195436776890327,-0.04195436776890327,-0.04195436776890327,-0.04195436776890327,-0.09698880374430285,-0.09698880374430285,0.0,-0.09698880374430285,-0.09698880374430285,-0.09698880374430285,-0.09698880374430285
supplemental_2023_09_legacy,legacy_vwap,flow_quality,s4_reclaim_amount_acceleration,fast_failure_2pct_target4pct_2d,5,5,0,0.0,0,0.0,0,0,-0.032861490547451556,-0.04201455965973966,0.02272293885303449,-0.06375919162042032,-0.04511291154137753,-0.010271028846829733,-0.003149761068890533,-0.05601588962496844,-0.05316706435938312,0.01825277936375659,-0.0828677411088361,-0.06810246234391248,-0.046318761184525936,-0.029623419128184558
supplemental_2023_09_legacy,legacy_vwap,trend_structure,s4_reclaim_vwap_support,next_open_2d,5,5,2,0.4,2,0.4,2,2,-0.03783248070217984,-0.04216452253906977,0.04707115980184343,-0.10295873515834975,-0.0734110443804099,0.010439206427640402,0.01893269213928983,-0.06405655508602148,-0.063184001336823,0.027127004667336512,-0.10772815624674947,-0.07625176679912549,-0.04399227006871065,-0.0291265809786988
supplemental_2023_09_legacy,legacy_vwap,flow_quality,s4_auction_confirmed_reclaim,next_open_1d,5,5,1,0.2,1,0.2,1,1,-0.028639834533739417,-0.042470936650090274,0.043534187930164135,-0.07200139654094184,-0.061144939212701255,-0.0178876981736944,0.05030579790873069,-0.0627208178293784,-0.05727611956999634,0.021960092984533955,-0.08949260112487989,-0.08706018229412216,-0.043743648831578,-0.03603153732631559
supplemental_2023_09_legacy,legacy_vwap,random_hash,ht_r3_core_pullback,next_open_3d,5,5,0,0.0,0,0.0,0,0,-0.03652997114382848,-0.042573996954449966,0.009740496063298623,-0.04509900704154246,-0.04476276225565967,-0.02933092615658983,-0.020883163310900454,-0.06141313789126981,-0.0624348112219405,0.010282036405852003,-0.07184945669317366,-0.07003831124342053,-0.059814907961287855,-0.0429282023365265
supplemental_2023_09_legacy,legacy_vwap,trend_structure,s4_reclaim_amount_acceleration,protect_3pct_target6pct_3d,5,5,2,0.4,2,0.4,2,2,-0.027954006682436038,-0.0427295600638099,0.04498253655951659,-0.08488433478883484,-0.059728331347265184,0.011660101589010097,0.03591209119871963,-0.0530988738370618,-0.0476845032882226,0.021165067027949742,-0.08969722634991617,-0.06102682041002805,-0.03819703046235745,-0.028888788674784727
supplemental_2023_09_legacy,legacy_vwap,random_hash,ht_r3_core_pullback,fast_failure_2pct_target4pct_2d,5,5,1,0.2,1,0.2,1,1,-0.0338792703878454,-0.04283379867813175,0.0367787958609839,-0.07653453976989988,-0.05416914990584776,-0.02848497581556453,0.03262611223021694,-0.06424398081648267,-0.06941848670092932,0.018466070130753798,-0.08989030281354848,-0.07340856764617487,-0.05252965013362698,-0.035972896788133646
supplemental_2023_09_legacy,legacy_vwap,sector_leader,s2_reclaim_recent_high,next_open_1d,5,0,0,0.0,0,,0,0,-0.0428376568183374,-0.0428376568183374,0.0,-0.0428376568183374,-0.0428376568183374,-0.0428376568183374,-0.0428376568183374,-0.14387135616357927,-0.14387135616357927,0.0,-0.14387135616357927,-0.14387135616357927,-0.14387135616357927,-0.14387135616357927
supplemental_2023_09_legacy,legacy_vwap,trend_structure,s1_near_reversal,protect_3pct_target6pct_3d,5,5,0,0.0,0,0.0,0,0,-0.03835971202445745,-0.042875412459784434,0.01482543467063809,-0.0542708952387283,-0.051726682081099096,-0.027615918580933596,-0.015309651761741816,-0.053402880319754355,-0.05285481381577839,0.014475331345846894,-0.06800728288072844,-0.06750720412474898,-0.050246006913067465,-0.0283990938644485
supplemental_2023_09_legacy,legacy_vwap,trend_structure,s2_reclaim_positive_slope,next_open_5d,5,5,0,0.0,0,0.0,0,0,-0.044301631627211256,-0.04294135777224961,0.011428661527845786,-0.059055518581777044,-0.05553641946731014,-0.033409484624409624,-0.03056537769030987,-0.061257219145410956,-0.05992420155163869,0.016570627396178053,-0.09012407038116044,-0.06428476839939645,-0.05153041411148718,-0.04042264128337203
supplemental_2023_09_legacy,legacy_vwap,flow_quality,s2_reclaim_bull_stack,fast_failure_2pct_target4pct_2d,5,0,0,0.0,0,,0,0,-0.03989481722865582,-0.04295562388517782,0.01139556421353023,-0.05009920644956789,-0.04663606910891771,-0.04193781410797792,-0.017845372591637765,-0.06426597780155956,-0.06451031464532586,0.0005294806159326397,-0.06455081174276556,-0.06455081174276556,-0.06451031464532586,-0.06320763623161496
supplemental_2023_09_legacy,legacy_vwap,flow_quality,ng_r3_volume_quality,protect_3pct_target6pct_3d,5,5,1,0.2,1,0.2,1,1,-0.026587466499886237,-0.043088285510155866,0.030131760419858173,-0.05144444162122297,-0.043836297538629165,-0.025872423018263646,0.031304115188840465,-0.0636535994238983,-0.0646560843418642,0.021209658709008677,-0.09315221389313211,-0.07205767390595574,-0.06079378405325753,-0.027608240925281913
supplemental_2023_09_legacy,legacy_vwap,flow_quality,s4_reclaim_vwap_support,next_open_1d,5,5,0,0.0,0,0.0,0,0,-0.044656137560078045,-0.043286419533480336,0.018285764915814816,-0.07570493346557716,-0.050375549220037064,-0.03178928027387051,-0.022124505307425157,-0.07403144032997618,-0.07107966512190833,0.011707170616202411,-0.09310231044572148,-0.08066054093181019,-0.06491488339158002,-0.06039980175886084
supplemental_2023_09_legacy,legacy_vwap,random_hash,s4_reclaim_vwap_support,next_open_1d,5,5,0,0.0,0,0.0,0,0,-0.04424922959316206,-0.043286419533480336,0.018396906448413575,-0.07524600643888724,-0.050534778584257034,-0.03005443810176056,-0.022124505307425157,-0.07289503546022383,-0.07107966512190833,0.01115500524005391,-0.09272474633107042,-0.0753458837317913,-0.06492508035748823,-0.06039980175886084
supplemental_2023_09_legacy,legacy_vwap,random_hash,ng_r3_volume_quality,next_open_1d,5,4,0,0.0,0,0.0,0,0,-0.034220458967789066,-0.04333725074789252,0.020343555514391258,-0.057687376657516554,-0.05009525185687458,-0.0121553313882522,-0.007827084188409494,-0.057165114149736886,-0.05506678370598683,0.015378939584846568,-0.07739557394780472,-0.07090707348815783,-0.04723074454152776,-0.03522539506520728
supplemental_2023_09_legacy,legacy_vwap,flow_quality,ht_r3_core_pullback,next_open_1d,5,5,1,0.2,1,0.2,1,1,-0.040973555651239016,-0.043387968085129236,0.025912204969925218,-0.0739240377843483,-0.050807345408358406,-0.042327127910068985,0.005578700931709868,-0.06957446952063762,-0.07380051725249337,0.013088908348880018,-0.08190444732305491,-0.08033289029499213,-0.06586527809766063,-0.04596921463498704
supplemental_2023_09_legacy,legacy_vwap,random_hash,s2_reclaim_positive_slope,next_open_1d,5,5,0,0.0,0,0.0,0,0,-0.0388897281215254,-0.0434335671815963,0.019185235064489464,-0.06940919771460874,-0.04502855717948884,-0.01923428777805969,-0.017343030753873445,-0.0662811831524421,-0.07535492673880784,0.025207852896314213,-0.09730100462702573,-0.08551830443970365,-0.03773053377692559,-0.035501146179747645
supplemental_2023_09_legacy,legacy_vwap,trend_structure,s1_break_reclaim_stable3,fast_failure_2pct_target4pct_2d,5,5,1,0.2,1,0.2,1,1,-0.036253979632493084,-0.043503343732894884,0.04209748783161287,-0.08330337334321836,-0.07694103039272115,-0.0033933285177133454,0.025871177824082325,-0.05292073721203525,-0.05781859521358057,0.023544877130034714,-0.08065896265779893,-0.07468628638617802,-0.029248382653058735,-0.02219145914956
supplemental_2023_09_legacy,legacy_vwap,flow_quality,s4_reclaim_volume_normal,next_open_1d,5,5,0,0.0,0,0.0,0,0,-0.0392048702319298,-0.04370801194329932,0.017385508104433716,-0.06527780326632837,-0.04598507839247035,-0.02633560900517884,-0.014717848552372126,-0.05933492573191899,-0.06095438075690218,0.01255020573396194,-0.07266021913072507,-0.07033810288873243,-0.05501067139246085,-0.03771125449077439
supplemental_2023_09_legacy,legacy_vwap,flow_quality,s4_reclaim_amount_acceleration,next_open_1d,5,5,0,0.0,0,0.0,0,0,-0.04917193454258166,-0.04420245830707337,0.036177399586011336,-0.10055823119161,-0.07771318806072391,-0.02298037848511314,-0.00040541666838789236,-0.06484988142550943,-0.06611003175910579,0.022474223212100033,-0.0967245643036726,-0.07991016611195745,-0.04848773739875545,-0.03301690755405584
supplemental_2023_09_legacy,legacy_vwap,random_hash,s4_reclaim_amount_acceleration,next_open_1d,5,5,0,0.0,0,0.0,0,0,-0.04917193454258166,-0.04420245830707337,0.036177399586011336,-0.10055823119161,-0.07771318806072391,-0.02298037848511314,-0.00040541666838789236,-0.06484988142550943,-0.06611003175910579,0.022474223212100033,-0.0967245643036726,-0.07991016611195745,-0.04848773739875545,-0.03301690755405584
supplemental_2023_09_legacy,legacy_vwap,flow_quality,s2_reclaim_daily_trend,protect_3pct_target6pct_3d,5,5,0,0.0,0,0.0,0,0,-0.043299419265814064,-0.044212424835159636,0.01934672218751296,-0.0637171125183007,-0.06021759251665182,-0.038940649935060634,-0.009409316523897537,-0.06360971380149838,-0.06313431627105304,0.004250984360538809,-0.07088819667890911,-0.06489324729351309,-0.06075128074906433,-0.05838152801495233
supplemental_2023_09_legacy,legacy_vwap,sector_leader,s4_auction_confirmed_reclaim,next_open_3d,5,5,0,0.0,0,0.0,0,0,-0.0447723444087178,-0.0447723444087178,0.0,-0.0447723444087178,-0.0447723444087178,-0.0447723444087178,-0.0447723444087178,-0.14071759714578114,-0.14071759714578114,0.0,-0.14071759714578114,-0.14071759714578114,-0.14071759714578114,-0.14071759714578114
supplemental_2023_09_legacy,legacy_vwap,trend_structure,s4_reclaim_volume_normal,fast_failure_2pct_target4pct_2d,5,5,0,0.0,0,0.0,0,0,-0.048451611733807944,-0.04487253626734311,0.018736882374360057,-0.08426689534041942,-0.045104063185149035,-0.03796493760488895,-0.030049626271239194,-0.08085233543769435,-0.07500370239130905,0.021679581337377452,-0.11964534759076795,-0.08464952834281159,-0.07027663453370092,-0.05468646432988222
supplemental_2023_09_legacy,legacy_vwap,trend_structure,s1_near_reversal,next_open_1d,5,5,0,0.0,0,0.0,0,0,-0.04330359067849463,-0.04504698665260176,0.012398723462591493,-0.06171457226733157,-0.04716687008842735,-0.039146169514615026,-0.023443354869497446,-0.04150891954428293,-0.03955980167428186,0.004883461790594808,-0.04984115001546874,-0.04371748309550694,-0.0386673282991139,-0.03575883463704321
supplemental_2023_09_legacy,legacy_vwap,sector_leader,s4_reclaim_volume_normal,protect_3pct_target6pct_3d,5,5,0,0.0,0,0.0,0,0,-0.045076906736829736,-0.045076906736829736,0.0,-0.045076906736829736,-0.045076906736829736,-0.045076906736829736,-0.045076906736829736,-0.08403608817453256,-0.08403608817453256,0.0,-0.08403608817453256,-0.08403608817453256,-0.08403608817453256,-0.08403608817453256
supplemental_2023_09_legacy,legacy_vwap,flow_quality,s0_distance_only,next_open_5d,5,5,0,0.0,0,0.0,0,0,-0.04174172509835461,-0.04508217487652988,0.015181146676636439,-0.056240446752940154,-0.0535075003583898,-0.0402491096764197,-0.013629393827493508,-0.0652278046077226,-0.0704320380944149,0.016541652197522832,-0.08043384550529176,-0.07739080315596192,-0.06362748784220795,-0.03425484844073645
supplemental_2023_09_legacy,legacy_vwap,random_hash,s0_distance_only,next_open_5d,5,5,0,0.0,0,0.0,0,0,-0.037834631584814614,-0.04508217487652988,0.019026941157061175,-0.056240446752940154,-0.046373817929509675,-0.0402491096764197,-0.0012276086886736648,-0.06397756969158312,-0.0704320380944149,0.01555173174515229,-0.07739080315596192,-0.07418267092459441,-0.06362748784220795,-0.03425484844073645
supplemental_2023_09_legacy,legacy_vwap,trend_structure,s0_strong_no_ma,next_open_2d,5,5,2,0.4,2,0.4,2,2,-0.044150696279231696,-0.04515409385956004,0.07750050415765254,-0.16798499075595985,-0.07921260564196975,0.017327197748721268,0.0542710111126099,-0.0892002619730411,-0.07308397382808118,0.04604808093334046,-0.17850927336803746,-0.08198006492438059,-0.06451990569151789,-0.047908092053188356
supplemental_2023_09_legacy,legacy_vwap,flow_quality,s4_reclaim_volume_normal,next_open_3d,5,5,1,0.2,1,0.2,1,1,-0.02709745240705965,-0.045167581140709956,0.02802084576712128,-0.050827376820019365,-0.048156470494460035,-0.013233315467879314,0.02189748188777041,-0.05025898512717193,-0.056019053896136595,0.012949767753958409,-0.06356178490312614,-0.06090711107168967,-0.04146918517950848,-0.02933779058539876
supplemental_2023_09_legacy,legacy_vwap,sector_leader,cs_r3_leader_confirmation,next_open_5d,5,5,0,0.0,0,0.0,0,0,-0.04517723113417782,-0.04517723113417782,0.0,-0.04517723113417782,-0.04517723113417782,-0.04517723113417782,-0.04517723113417782,-0.0801835606335718,-0.0801835606335718,0.0,-0.0801835606335718,-0.0801835606335718,-0.0801835606335718,-0.0801835606335718
supplemental_2023_09_legacy,legacy_vwap,trend_structure,s4_reclaim_amount_acceleration,next_open_5d,5,5,1,0.2,1,0.2,1,1,-0.030370029706690848,-0.04544146052925968,0.03513092367274331,-0.07137468799228464,-0.05049824223416011,-0.014104616613459964,0.029568858835710143,-0.0575684313672941,-0.054748929594822804,0.026775355453782707,-0.10121128610013475,-0.07091047182869248,-0.034159627208202314,-0.026811842104618178
supplemental_2023_09_legacy,legacy_vwap,trend_structure,s2_reclaim_positive_slope,fast_failure_2pct_target4pct_2d,5,5,1,0.2,1,0.2,1,1,-0.05049729704752761,-0.0456159773226501,0.04831092903475044,-0.12315905962634843,-0.06863855851655953,-0.041784038181889915,0.026711148409809926,-0.07142770162700898,-0.06607702958410344,0.031153998347751462,-0.12674628002514465,-0.07381005286816544,-0.059183346772083034,-0.03132179888554831
supplemental_2023_09_legacy,legacy_vwap,sector_leader,s1_break_reclaim_stable3,next_open_1d,5,5,0,0.0,0,0.0,0,0,-0.04576145679631416,-0.04576145679631416,0.0,-0.04576145679631416,-0.04576145679631416,-0.04576145679631416,-0.04576145679631416,-0.09577427989052989,-0.09577427989052989,0.0,-0.09577427989052989,-0.09577427989052989,-0.09577427989052989,-0.09577427989052989
supplemental_2023_09_legacy,legacy_vwap,trend_structure,s2_reclaim_acceleration,next_open_3d,5,5,1,0.2,1,0.2,1,1,-0.04039814310495784,-0.045762398462039555,0.027649755305529735,-0.07557851639643975,-0.054625241225289556,-0.033672986318610154,0.00764842687758982,-0.05283907454037282,-0.057078587622232946,0.018240000714942837,-0.07729951152667525,-0.06388661843708854,-0.04118791283507017,-0.024742742280797203
supplemental_2023_09_legacy,legacy_vwap,random_hash,s4_auction_confirmed_reclaim,momentum_trail_4pct_5d,5,5,1,0.2,1,0.2,1,1,-0.030924744412664594,-0.04581105600161017,0.0412994244811401,-0.06940963428068359,-0.04950744619358027,-0.03905858733671974,0.049163001749270796,-0.059963901948536937,-0.05776714185802401,0.010218912508860761,-0.07738520183795716,-0.06321311204017399,-0.054764745161926975,-0.04668930884460254
supplemental_2023_09_legacy,legacy_vwap,flow_quality,s4_auction_confirmed_reclaim,momentum_trail_4pct_5d,5,5,1,0.2,1,0.2,1,1,-0.030118732216288913,-0.04585941125529003,0.04606551819706282,-0.07507715309679985,-0.05781319109839533,-0.028743895657679985,0.05689999002672064,-0.060635422851622336,-0.05481265214281139,0.01938407429294875,-0.09616028068025617,-0.06350847022598638,-0.049036533650003156,-0.03965917755905457
supplemental_2023_09_legacy,legacy_vwap,flow_quality,s2_reclaim_acceleration,next_open_1d,5,5,0,0.0,0,0.0,0,0,-0.04359667962890037,-0.04601982596980436,0.019912264516386845,-0.06856400720676281,-0.05978342101872158,-0.030226945487037193,-0.0133891984621759,-0.06568919306126672,-0.06690438366715157,0.011497996776578215,-0.07889190754687825,-0.07278531092352392,-0.06501805811623995,-0.04484630505253995
supplemental_2023_09_legacy,legacy_vwap,random_hash,s2_reclaim_acceleration,next_open_1d,5,5,0,0.0,0,0.0,0,0,-0.03951268127668219,-0.04601982596980436,0.019227783560998087,-0.06614258135478235,-0.049970362570391114,-0.022041438026257243,-0.0133891984621759,-0.06354397396685534,-0.06501805811623995,0.01064086131425484,-0.07778916990566409,-0.06690438366715157,-0.06316195309268113,-0.04484630505253995
supplemental_2023_09_legacy,legacy_vwap,flow_quality,s4_reclaim_vwap_support,fast_failure_2pct_target4pct_2d,5,5,1,0.2,1,0.2,1,1,-0.038664485326343104,-0.04611522930505352,0.03146082909264925,-0.07263854157441996,-0.07013773902774145,-0.008980808330645629,0.004549891606145051,-0.06258184713987983,-0.06072933823567539,0.026378675633612184,-0.09582257662175353,-0.08788605738789401,-0.042092979958190946,-0.026378283495885224
supplemental_2023_09_legacy,legacy_vwap,trend_structure,s1_break_reclaim_stable3,next_open_3d,5,5,2,0.4,2,0.4,2,2,-0.031841374792985835,-0.04618106777188946,0.029591492349276324,-0.06780547348123012,-0.05184036923043023,0.001305241144960334,0.005314795373660308,-0.05524371573157492,-0.05812053212511703,0.025643585903847965,-0.09667522894875447,-0.06500862733573554,-0.029911489977766825,-0.026502700270500723
supplemental_2023_09_legacy,legacy_vwap,flow_quality,s1_near_reversal,next_open_1d,5,5,2,0.4,2,0.4,2,2,-0.02655979982344738,-0.046323730785038486,0.03069486132943479,-0.060357313570331805,-0.04697923409013338,0.006934274773241933,0.013927004555024824,-0.05282094977167464,-0.05328494125562799,0.02195960768340323,-0.08855065519370942,-0.06214496818610693,-0.032452299949107255,-0.027671884273821612
supplemental_2023_09_legacy,legacy_vwap,flow_quality,s2_first_touch_reclaim,fast_failure_2pct_target4pct_2d,5,5,0,0.0,0,0.0,0,0,-0.0407365816861663,-0.046573302676884976,0.0177082540653303,-0.05966596301866933,-0.0560726191056895,-0.028938925379807023,-0.012432098249780643,-0.06501726873498577,-0.07231369160505907,0.02057527084489367,-0.09175050353010561,-0.07893076107422481,-0.04277009756394079,-0.039321289901598555
supplemental_2023_09_legacy,legacy_vwap,trend_structure,s0_strong_no_ma,momentum_trail_4pct_5d,5,5,1,0.2,1,0.2,1,1,-0.038774891835627726,-0.04669369913424992,0.02321651769495116,-0.06849803722991998,-0.04836735354180988,-0.03160913312609981,0.0012937638539409768,-0.06407233000471266,-0.06343831297235447,0.005671317845394157,-0.07228474843469035,-0.06668333277275151,-0.06311550916539443,-0.05483974667837255
supplemental_2023_09_legacy,legacy_vwap,random_hash,ng_r3_volume_quality,fast_failure_2pct_target4pct_2d,5,5,0,0.0,0,0.0,0,0,-0.04276701947326147,-0.04681712329109844,0.031192297934816208,-0.09190953849803307,-0.054250622848940555,-0.020676502907379213,-0.00018130982085606817,-0.06687306611866813,-0.06952143707323355,0.026007391930142718,-0.1085929400481116,-0.07448845018969807,-0.05149297891388205,-0.030269524368415346
supplemental_2023_09_legacy,legacy_vwap,random_hash,s1_near_reversal,fast_failure_2pct_target4pct_2d,5,5,0,0.0,0,0.0,0,0,-0.044207641794369715,-0.046972700738117545,0.013295760088819511,-0.05986791623588239,-0.054642688305679865,-0.03704537711987943,-0.02250952657228933,-0.061842110494122846,-0.06040736375764311,0.013929103700880432,-0.08677411711316174,-0.0639742128071138,-0.05162148353527385,-0.04643337525742175
supplemental_2023_09_legacy,legacy_vwap,flow_quality,s1_touch_immediate,next_open_1d,5,5,0,0.0,0,0.0,0,0,-0.042411641866426965,-0.04711846389344776,0.02657915031743332,-0.08351351569868881,-0.05381245196281792,-0.019017248529069053,-0.008596529248111273,-0.063387690208872,-0.07223911394933547,0.021855787439410405,-0.09480472848723154,-0.07268637714724213,-0.040614404256358094,-0.0365938272041928
supplemental_2023_09_legacy,legacy_vwap,random_hash,s2_reclaim_daily_trend,protect_3pct_target6pct_3d,5,5,0,0.0,0,0.0,0,0,-0.055740729509361445,-0.047267359533009534,0.012074210565397687,-0.07492659624786957,-0.0650372962079081,-0.04683843640020935,-0.044633959157810654,-0.06652897450873925,-0.07091525848621705,0.01538810745964707,-0.08392552846096635,-0.08054087453229797,-0.05217594641320167,-0.045087264651013204
supplemental_2023_09_legacy,legacy_vwap,flow_quality,s2_reclaim_daily_trend,next_open_5d,5,5,0,0.0,0,0.0,0,0,-0.04652646577245023,-0.04738484473497184,0.021169406674226093,-0.08248232992346005,-0.05213021317610966,-0.02815586519063973,-0.022479075837069873,-0.06341933038904723,-0.06271339149554456,0.01642837453739428,-0.09296394002053687,-0.06507317788528266,-0.05022771187713404,-0.04611843066673804
supplemental_2023_09_legacy,legacy_vwap,trend_structure,s2_reclaim_daily_trend,fast_failure_2pct_target4pct_2d,5,4,2,0.4,2,0.5,2,2,-0.010689174755854292,-0.04740302275204744,0.05284066068512893,-0.05880344413953309,-0.052273311886313345,0.03550933583625859,0.06952456916236383,-0.051780524564335684,-0.05113275949801044,0.02190070554022357,-0.08352050500861952,-0.06256616593827968,-0.044933279102420176,-0.016749913274348605
supplemental_2023_09_legacy,legacy_vwap,random_hash,s4_reclaim_volume_normal,next_open_1d,5,5,0,0.0,0,0.0,0,0,-0.04347429021414619,-0.04749958220596073,0.01856638203456036,-0.07045310654554926,-0.048015006667883164,-0.03849167479195892,-0.012912080859378894,-0.062061792765167656,-0.0665741855842551,0.013617107594879534,-0.07736120415861181,-0.06770494922296355,-0.0619214426061383,-0.036747182253869526
supplemental_2023_09_legacy,legacy_vwap,random_hash,s4_reclaim_amount_acceleration,protect_3pct_target6pct_3d,5,5,0,0.0,0,0.0,0,0,-0.03794133836798934,-0.04775429601649561,0.024347536325311964,-0.068698687772759,-0.05455398393090971,-0.01167138287512981,-0.0070283412446525695,-0.06168796775045075,-0.06667928186903682,0.018067176381949483,-0.08166950746080925,-0.07308645629418165,-0.0579344889162573,-0.02907010421196876
supplemental_2023_09_legacy,legacy_vwap,random_hash,s2_first_touch_reclaim,next_open_1d,5,5,0,0.0,0,0.0,0,0,-0.059401048850281926,-0.04777893543185274,0.035563659748400984,-0.10449916019304739,-0.09222691676188977,-0.04721973676448976,-0.005280495100129956,-0.0808388549606552,-0.07211453572269877,0.025233747658189528,-0.11508029814093923,-0.10570291640565077,-0.060535309181803276,-0.05076121535218392
supplemental_2023_09_legacy,legacy_vwap,trend_structure,s4_reclaim_volume_proxy,next_open_1d,5,5,0,0.0,0,0.0,0,0,-0.04362967233153488,-0.04786508139548007,0.010238521329215948,-0.05179542106089141,-0.05073791198823174,-0.04384199641543063,-0.02390795079764052,-0.061132510204142634,-0.061607915571273986,0.007457281530040524,-0.07113112983847913,-0.06491077796227873,-0.059574918508066066,-0.04843780914061524
supplemental_2023_09_legacy,legacy_vwap,trend_structure,s4_reclaim_amount_acceleration,fast_failure_2pct_target4pct_2d,5,5,1,0.2,1,0.2,1,1,-0.039978876516055584,-0.04810383222781267,0.04418503697690134,-0.07928264556203779,-0.07152655232524907,-0.04541780903948267,0.044436456574304284,-0.05853735510539253,-0.05212252784024829,0.02209019562989315,-0.08640991182924074,-0.07884771653435241,-0.050635158491637244,-0.02467146083148397
supplemental_2023_09_legacy,legacy_vwap,trend_structure,s1_touch_immediate,next_open_2d,5,5,0,0.0,0,0.0,0,0,-0.05785074915664405,-0.048138854645930595,0.0193361936567458,-0.08977011640307331,-0.06937807469807744,-0.04619763250553022,-0.03576906753060871,-0.07469576903311514,-0.07181234690307337,0.012632693543012137,-0.09609708181881393,-0.07709564476480912,-0.07155325583355232,-0.05692051584532698
supplemental_2023_09_legacy,legacy_vwap,sector_leader,ht_r3_core_pullback,next_open_2d,5,5,0,0.0,0,0.0,0,0,-0.04821284259025993,-0.04821284259025993,0.0,-0.04821284259025993,-0.04821284259025993,-0.04821284259025993,-0.04821284259025993,-0.09540889016611698,-0.09540889016611698,0.0,-0.09540889016611698,-0.09540889016611698,-0.09540889016611698,-0.09540889016611698
supplemental_2023_09_legacy,legacy_vwap,trend_structure,s1_touch_reclaim,next_open_2d,5,4,0,0.0,0,0.0,0,0,-0.0521561561981513,-0.048214516472397495,0.013803025334842742,-0.07122836895976059,-0.06448576260253958,-0.04313147810122964,-0.033720654854829224,-0.06680308115454373,-0.06603486562414362,0.013914662329477193,-0.0892288412258524,-0.0731072530271969,-0.05694004357545124,-0.04870440232007445
supplemental_2023_09_legacy,legacy_vwap,trend_structure,s4_reclaim_volume_normal,next_open_2d,5,5,0,0.0,0,0.0,0,0,-0.04544333598714534,-0.04835909690209883,0.01890328197983414,-0.06924245976535037,-0.0609862551420387,-0.030532434740039194,-0.018096433386199595,-0.056001956717133906,-0.050947625601462376,0.014039554916796539,-0.07620942646713491,-0.06692108045054379,-0.04976835149767789,-0.03616329956885056
supplemental_2023_09_legacy,legacy_vwap,flow_quality,s2_first_touch_reclaim,next_open_2d,5,5,1,0.2,1,0.2,1,1,-0.04953928237751628,-0.048459280194174226,0.033388020496192106,-0.08441974928206053,-0.07854003724550751,-0.045914073689090174,0.009636728523251037,-0.07967045721219657,-0.088813640437721,0.020901903997286784,-0.10053308583793552,-0.09447458235991313,-0.07213951864027535,-0.04239145878513784
supplemental_2023_09_legacy,legacy_vwap,trend_structure,s2_first_touch_reclaim,momentum_trail_4pct_5d,5,5,1,0.2,1,0.2,1,1,-0.033343254393599885,-0.04848125280438964,0.03927611952694672,-0.07933115665272006,-0.05904980664143966,-0.011586407047110003,0.031732351177659934,-0.06315122157385271,-0.0698111594280999,0.021992715366251577,-0.09029211967863637,-0.07716720322192938,-0.05144409875074363,-0.027041526789854275
supplemental_2023_09_legacy,legacy_vwap,flow_quality,s2_first_touch_reclaim,next_open_1d,5,5,0,0.0,0,0.0,0,0,-0.06013329511176195,-0.0488598242456999,0.03583489423871543,-0.10449916019304739,-0.09424806058807977,-0.04777893543185274,-0.005280495100129956,-0.08155688449344238,-0.07211453572269877,0.025522298673505455,-0.11705192662001851,-0.10570291640565077,-0.06215382836665995,-0.05076121535218392
supplemental_2023_09_legacy,legacy_vwap,random_hash,s4_reclaim_volume_proxy,next_open_1d,5,4,0,0.0,0,0.0,0,0,-0.04769593321545653,-0.048930817485624334,0.022330682666566765,-0.07668921093717174,-0.06318131425707052,-0.03837616312486669,-0.011302160272549377,-0.0710307573969626,-0.06465818841744164,0.010868481507924958,-0.08489353226325613,-0.08351603418819498,-0.062147823368064126,-0.05993820874785616
supplemental_2023_09_legacy,legacy_vwap,random_hash,s2_reclaim_bull_stack,fast_failure_2pct_target4pct_2d,5,0,0,0.0,0,,0,0,-0.04864867810852569,-0.0489980750279877,0.0045021252138716305,-0.05304447179885752,-0.05229112501434774,-0.048544903716197574,-0.04036481498523792,-0.06515334172707195,-0.06515944930222717,0.0005844680732990951,-0.06596920994845556,-0.06561742009402527,-0.06451031464532586,-0.06451031464532586
supplemental_2023_09_legacy,legacy_vwap,trend_structure,s2_first_touch_reclaim,protect_3pct_target6pct_3d,5,5,1,0.2,1,0.2,1,1,-0.04656422369483506,-0.04937916578642643,0.031077529196572584,-0.08952635371377937,-0.05970064025274657,-0.04020975821518358,0.005994799493960645,-0.06288500419711215,-0.0652367960313186,0.019333505651664477,-0.09382199110075684,-0.06728545896008375,-0.05343961500395944,-0.034641159889442164
supplemental_2023_09_legacy,legacy_vwap,sector_leader,ht_r3_core_pullback,protect_3pct_target6pct_3d,5,5,0,0.0,0,0.0,0,0,-0.04945415080962412,-0.04945415080962412,0.0,-0.04945415080962412,-0.04945415080962412,-0.04945415080962412,-0.04945415080962412,-0.10186516960821379,-0.10186516960821379,0.0,-0.10186516960821379,-0.10186516960821379,-0.10186516960821379,-0.10186516960821379
supplemental_2023_09_legacy,legacy_vwap,trend_structure,s0_strong_no_ma,next_open_1d,5,3,1,0.2,0,0.0,1,0,0.030424061377633826,-0.04957274194152039,0.208040202327674,-0.135432335354719,-0.07404972862661463,-0.029163932690681516,0.44033904550170466,-0.09363745699452841,-0.07657480139329875,0.035284745678698014,-0.14659657513349023,-0.12157027938218012,-0.0742114614610736,-0.049234167602599355
supplemental_2023_09_legacy,legacy_vwap,trend_structure,ng_r3_volume_quality,next_open_3d,5,5,1,0.2,1,0.2,1,1,-0.04603162604202227,-0.04971793027389959,0.031023585059068805,-0.07800825765992936,-0.07721610735599183,-0.02948186002724118,0.004266025106950622,-0.06003127847003684,-0.07232827842001155,0.024933386324062588,-0.08615742208025245,-0.08163806026136977,-0.031737970809146754,-0.02829466077940368
supplemental_2023_09_legacy,legacy_vwap,trend_structure,s2_reclaim_daily_trend,next_open_5d,5,5,0,0.0,0,0.0,0,0,-0.04316215601038418,-0.04992666231250975,0.01845020296077509,-0.05686098406594964,-0.052660326374741384,-0.04974030422414022,-0.0066225030745799,-0.05985424204824032,-0.05948897852355717,0.0037957980301738183,-0.0644343202291272,-0.0630402130273765,-0.0587416721334979,-0.053566026327642846
supplemental_2023_09_legacy,legacy_vwap,random_hash,s2_first_touch_reclaim,fast_failure_2pct_target4pct_2d,5,5,0,0.0,0,0.0,0,0,-0.054722002140254265,-0.050114328896435634,0.02912594996465281,-0.09532515669565877,-0.08006716469138953,-0.028952875708736725,-0.019150484709050675,-0.07790787721350023,-0.07590034608557272,0.032342313023016885,-0.11532462370095686,-0.11364994902105374,-0.045276247012673076,-0.039388220247244754
supplemental_2023_09_legacy,legacy_vwap,sector_leader,cs_r3_leader_confirmation,fast_failure_2pct_target4pct_2d,5,5,0,0.0,0,0.0,0,0,-0.05039635942625309,-0.05039635942625309,0.0,-0.05039635942625309,-0.05039635942625309,-0.05039635942625309,-0.05039635942625309,-0.08202434593028174,-0.08202434593028174,0.0,-0.08202434593028174,-0.08202434593028174,-0.08202434593028174,-0.08202434593028174
supplemental_2023_09_legacy,legacy_vwap,trend_structure,s4_reclaim_volume_normal,momentum_trail_4pct_5d,5,5,0,0.0,0,0.0,0,0,-0.04586908374820893,-0.05071143599822503,0.015097742735321691,-0.06427715330428507,-0.055111642371484804,-0.03868024223279776,-0.020564944834251975,-0.06480481972328281,-0.06791495845185813,0.008368045331577352,-0.07659952536202441,-0.06881807616241176,-0.05711768537810069,-0.05357385326201902
supplemental_2023_09_legacy,legacy_vwap,random_hash,s1_near_reversal,next_open_1d,5,5,2,0.4,2,0.4,2,2,-0.030708779553025888,-0.050762485529858514,0.029796389823249128,-0.060357313570331805,-0.05340129068832322,0.0021354271714417727,0.008841764851942324,-0.05469415146019838,-0.058044211171314974,0.022415442196257723,-0.08855065519370942,-0.06655220964198538,-0.032452299949107255,-0.02787138134487488
supplemental_2023_09_legacy,legacy_vwap,trend_structure,s0_distance_only,next_open_5d,5,5,1,0.2,1,0.2,1,1,-0.03689269296644067,-0.05092655304458993,0.03260560823526413,-0.06493170671981963,-0.06444261807408014,-0.026058652416303563,0.021896065422589928,-0.058490489782983414,-0.06601040484376075,0.025177274271647728,-0.08871078635590957,-0.07719691240122739,-0.04159454536459373,-0.01893979994942563
supplemental_2023_09_legacy,legacy_vwap,trend_structure,s2_reclaim_positive_slope,protect_3pct_target6pct_3d,5,5,0,0.0,0,0.0,0,0,-0.04718300315007482,-0.051224784620929276,0.029501052465745328,-0.08231408967324727,-0.07478198489716059,-0.0212162255612377,-0.006377930997799264,-0.06180157954375485,-0.06960546877540597,0.019168858984410533,-0.08606840983057151,-0.0744582227112609,-0.04311124353037821,-0.03576455287115765
supplemental_2023_09_legacy,legacy_vwap,trend_structure,s4_reclaim_volume_normal,next_open_1d,5,4,0,0.0,0,0.0,0,0,-0.04910728570618685,-0.05136186218769889,0.01163217177508068,-0.06730912992624971,-0.05264919452574923,-0.04156018928032834,-0.03265605261090809,-0.08491892897609706,-0.08056533731348225,0.012124138257914665,-0.10465348533037477,-0.09262157631740164,-0.0740134480775404,-0.07274079784168619
supplemental_2023_09_legacy,legacy_vwap,sector_leader,s1_break_reclaim_stable3,next_open_5d,5,5,0,0.0,0,0.0,0,0,-0.052170885237959985,-0.052170885237959985,0.0,-0.052170885237959985,-0.052170885237959985,-0.052170885237959985,-0.052170885237959985,-0.10746008702667564,-0.10746008702667564,0.0,-0.10746008702667564,-0.10746008702667564,-0.10746008702667564,-0.10746008702667564
supplemental_2023_09_legacy,legacy_vwap,trend_structure,s0_distance_only,next_open_2d,5,4,1,0.2,1,0.25,1,1,-0.05609585472380681,-0.052361141315149906,0.04056056506783948,-0.11795176314113986,-0.07097322295040964,-0.04698237691193918,0.007789230699604577,-0.07366532702992531,-0.07683625924004478,0.02913378163981158,-0.11798899603095125,-0.08592071724689343,-0.056713535082494215,-0.030867127549242923
supplemental_2023_09_legacy,legacy_vwap,flow_quality,ht_r3_core_pullback,protect_3pct_target6pct_3d,5,4,1,0.2,0,0.0,1,0,-0.04324030634849128,-0.052763725234869496,0.039541835830797636,-0.10064653270547863,-0.06238375551956943,-0.013636054836889344,0.013228536554350523,-0.07568818978921447,-0.074032559992539,0.02765065485852688,-0.1219560942022575,-0.08374995162519328,-0.0600063210161732,-0.03869602210990941
supplemental_2023_09_legacy,legacy_vwap,trend_structure,fu_r3_core_pullback,next_open_3d,5,5,0,0.0,0,0.0,0,0,-0.04780283668648966,-0.052836835071429666,0.015037640840245382,-0.0620284295275596,-0.060648369359920795,-0.04229938320189974,-0.021201166271638483,-0.07302070701512886,-0.07350587583522117,0.017996273601416417,-0.09175261366421872,-0.09041628740476426,-0.06686674717964747,-0.04256201099179269
supplemental_2023_09_legacy,legacy_vwap,trend_structure,s1_near_reversal,next_open_2d,5,5,0,0.0,0,0.0,0,0,-0.0442843180295146,-0.05287518310637984,0.020132964410681096,-0.06525518514978745,-0.062108936857606434,-0.026618201549039378,-0.014564083484759904,-0.055156550292132754,-0.059085763855452056,0.012389168972236101,-0.06910646209770688,-0.06653128879067027,-0.04079403186640973,-0.04026520485042484
supplemental_2023_09_legacy,legacy_vwap,sector_leader,s2_first_touch_reclaim,next_open_2d,5,5,0,0.0,0,0.0,0,0,-0.053257544418889635,-0.053257544418889635,0.0,-0.053257544418889635,-0.053257544418889635,-0.053257544418889635,-0.053257544418889635,-0.11798427067528183,-0.11798427067528183,0.0,-0.11798427067528183,-0.11798427067528183,-0.11798427067528183,-0.11798427067528183
supplemental_2023_09_legacy,legacy_vwap,random_hash,s0_distance_only,next_open_1d,5,5,0,0.0,0,0.0,0,0,-0.05141110601047694,-0.053350388775580515,0.024212989896136267,-0.07447409647796932,-0.0701096570565658,-0.05291840372317136,-0.00620298401909769,-0.06469111578735473,-0.06851347152379117,0.008143419057580944,-0.07540489008740048,-0.0692079634323427,-0.055532808080941076,-0.054796445812298256
supplemental_2023_09_legacy,legacy_vwap,flow_quality,s4_reclaim_volume_proxy,next_open_1d,5,4,0,0.0,0,0.0,0,0,-0.04875644123744054,-0.05407591163387404,0.0212318137802615,-0.07668921093717174,-0.06318131425707052,-0.032016570277636935,-0.017819199081449466,-0.07262285995404835,-0.07247292428497887,0.011286949345413713,-0.08489353226325613,-0.08351603418819498,-0.06828887308802822,-0.05394293594578359
supplemental_2023_09_legacy,legacy_vwap,flow_quality,s2_reclaim_bull_stack,protect_3pct_target6pct_3d,5,5,0,0.0,0,0.0,0,0,-0.04368317140138347,-0.054121582892970865,0.021455598797511466,-0.05630587255404085,-0.0560949123564507,-0.05094882046721383,-0.0009446687362411055,-0.06110599936143015,-0.06628404033829238,0.011725736572758166,-0.06844067546458421,-0.06823238616098071,-0.06476276590184249,-0.03781012894145097
supplemental_2023_09_legacy,legacy_vwap,flow_quality,s1_touch_reclaim,next_open_2d,5,5,1,0.2,1,0.2,1,1,-0.03505477576884344,-0.05419336174032974,0.03952323171094947,-0.08135989045073899,-0.05558578520909274,-0.016384414463216035,0.032249573019160316,-0.06831725355225186,-0.06784751339475037,0.01834998578055226,-0.09624807063003493,-0.0753634197507782,-0.06242662720442593,-0.039700636781269893
supplemental_2023_09_legacy,legacy_vwap,random_hash,s1_touch_reclaim,next_open_2d,5,5,1,0.2,1,0.2,1,1,-0.036118294764103484,-0.05419336174032974,0.03461827854425602,-0.07520689567651906,-0.05740298055636284,-0.01432095545167611,0.02053271960437031,-0.06907919013429276,-0.07083020846698151,0.014454504545607457,-0.09019479596806412,-0.0753634197507782,-0.06260780400518884,-0.0463997224804511
supplemental_2023_09_legacy,legacy_vwap,trend_structure,s1_touch_reclaim,fast_failure_2pct_target4pct_2d,5,5,0,0.0,0,0.0,0,0,-0.06211752791900431,-0.05458477635166126,0.02979826322201471,-0.1169893323067005,-0.060320504755539295,-0.052225908794959586,-0.02646711738616092,-0.07086654786642768,-0.06728235107587022,0.02943607743646373,-0.12483020016073676,-0.06801073987803274,-0.05872554298704702,-0.03548390523045164
supplemental_2023_09_legacy,legacy_vwap,random_hash,s1_touch_reclaim,next_open_3d,5,5,1,0.2,1,0.2,1,1,-0.0426693576737039,-0.054673947362939956,0.03333188774896394,-0.07744308682147816,-0.07405052663354961,-0.012604067737612024,0.0054248401870602425,-0.06432414478970017,-0.07006096217207347,0.028398917202759923,-0.09857495420635587,-0.09003180977862757,-0.033431460703022275,-0.029521537088421645
supplemental_2023_09_legacy,legacy_vwap,trend_structure,s1_break_reclaim_stable3,next_open_2d,5,5,2,0.4,2,0.4,2,2,-0.02634271822858545,-0.05477676690333955,0.04156746360009958,-0.06554988657909855,-0.058397198650080195,0.011330007973150868,0.03568025301644018,-0.05615136778241185,-0.06305961318340825,0.026560479530650744,-0.09111967298332435,-0.07392514867669764,-0.03532066784015864,-0.017331736228470396
supplemental_2023_09_legacy,legacy_vwap,flow_quality,s0_distance_only,next_open_1d,5,4,0,0.0,0,0.0,0,0,-0.051768616236132936,-0.05485893317327062,0.026207357008774256,-0.07531953630489918,-0.07310405188792557,-0.05291840372317136,-0.0026421560913979514,-0.06550796134361185,-0.06936435620073611,0.010612510278132318,-0.08014757363450487,-0.07120069180485111,-0.055532808080941076,-0.0512943769970261
supplemental_2023_09_legacy,legacy_vwap,trend_structure,s4_reclaim_amount_acceleration,next_open_2d,5,5,1,0.2,1,0.2,1,1,-0.05153175441791569,-0.05491521029531954,0.03567374853370206,-0.10077501803709932,-0.07244429088415028,-0.03457865516193959,0.005054402288930282,-0.07569914650962514,-0.060311465332423375,0.027517591005277106,-0.1263542812523536,-0.08322734215533178,-0.056642063289536804,-0.05196058051848018
supplemental_2023_09_legacy,legacy_vwap,trend_structure,cs_r3_leader_confirmation,next_open_1d,5,5,0,0.0,0,0.0,0,0,-0.05651790424503265,-0.05519141767979496,0.011427935691321436,-0.07730727132670467,-0.056904250709351456,-0.04990131517290075,-0.04328526633641139,-0.07990855162568629,-0.08746454587615715,0.017182175757776502,-0.09772480586585397,-0.09567886920583224,-0.06114911386087818,-0.05752542331970989
supplemental_2023_09_legacy,legacy_vwap,sector_leader,s1_near_reversal,momentum_trail_4pct_5d,5,5,0,0.0,0,0.0,0,0,-0.0554444824856688,-0.0554444824856688,0.0,-0.0554444824856688,-0.0554444824856688,-0.0554444824856688,-0.0554444824856688,-0.09668179060342896,-0.09668179060342896,0.0,-0.09668179060342896,-0.09668179060342896,-0.09668179060342896,-0.09668179060342896
supplemental_2023_09_legacy,legacy_vwap,sector_leader,ng_r3_volume_quality,protect_3pct_target6pct_3d,5,5,0,0.0,0,0.0,0,0,-0.0556540698619894,-0.0556540698619894,0.0,-0.0556540698619894,-0.0556540698619894,-0.0556540698619894,-0.0556540698619894,-0.10382276709604765,-0.10382276709604765,0.0,-0.10382276709604765,-0.10382276709604765,-0.10382276709604765,-0.10382276709604765
supplemental_2023_09_legacy,legacy_vwap,random_hash,s2_reclaim_recent_high,fast_failure_2pct_target4pct_2d,5,5,0,0.0,0,0.0,0,0,-0.0669030396482277,-0.05573749417738805,0.03224736027284494,-0.11142130319118848,-0.09823057743492236,-0.03770406242625757,-0.031421761011382054,-0.11839456496132608,-0.11441057409145838,0.021176654838078523,-0.15749721864811572,-0.11901485621474528,-0.10592613698144715,-0.09512403887086385
supplemental_2023_09_legacy,legacy_vwap,random_hash,s2_reclaim_bull_stack,protect_3pct_target6pct_3d,5,5,0,0.0,0,0.0,0,0,-0.046265912753568214,-0.05578901552551396,0.021211876367852787,-0.059423892188060656,-0.05749082673158101,-0.05466138210592408,-0.003964447216761369,-0.062305342852946845,-0.06774334373275126,0.013050982667342404,-0.071332200480966,-0.06942360889663224,-0.06662998688928368,-0.03639757426510104
supplemental_2023_09_legacy,legacy_vwap,trend_structure,s4_reclaim_vwap_support,next_open_3d,5,5,1,0.2,1,0.2,1,1,-0.04740747951688586,-0.05594717247773007,0.03198570936679529,-0.07948714926923917,-0.07557851639643975,-0.033672986318610154,0.00764842687758982,-0.058960877463032337,-0.06255225119398677,0.023407826745695432,-0.08902196947863228,-0.07729951152667525,-0.04118791283507017,-0.024742742280797203
supplemental_2023_09_legacy,legacy_vwap,trend_structure,s1_touch_immediate,protect_3pct_target6pct_3d,5,5,0,0.0,0,0.0,0,0,-0.05321458010080591,-0.05641367224074978,0.025221517244305654,-0.08906457999518735,-0.0619602552236278,-0.04757248699403982,-0.011061906050424786,-0.06933981108753631,-0.06171652532403338,0.016395655252064642,-0.09319767316948935,-0.08422337681716707,-0.056135052667924845,-0.05142642745906689
supplemental_2023_09_legacy,legacy_vwap,trend_structure,s2_reclaim_daily_trend,momentum_trail_4pct_5d,5,5,2,0.4,2,0.4,2,2,-0.03515720524419148,-0.056667723649759694,0.042097817261936676,-0.08118643687573979,-0.06671100012479858,0.0007087187234002812,0.028070415705940377,-0.062108904825720845,-0.06883989324482831,0.021042535380143293,-0.08958031415972034,-0.07654121025325666,-0.0411825946344615,-0.03440051183633741
supplemental_2023_09_legacy,legacy_vwap,flow_quality,s0_strong_no_ma,next_open_1d,5,4,0,0.0,0,0.0,0,0,-0.06570287553739096,-0.05679812415426044,0.0374742124726697,-0.13522305363462872,-0.06766906951051932,-0.04298929375859706,-0.025834836628949254,-0.08217402465543074,-0.06979351706555104,0.03565892960177076,-0.14730686152944228,-0.09047102525279449,-0.05551474041249638,-0.04778397901686948
supplemental_2023_09_legacy,legacy_vwap,random_hash,s0_strong_no_ma,next_open_1d,5,4,0,0.0,0,0.0,0,0,-0.06215195008665493,-0.05679812415426044,0.03100049914409713,-0.11746842638094857,-0.06766906951051932,-0.04298929375859706,-0.025834836628949254,-0.07867271743419982,-0.06979351706555104,0.029402308161118128,-0.12980032542328768,-0.09047102525279449,-0.05551474041249638,-0.04778397901686948
supplemental_2023_09_legacy,legacy_vwap,trend_structure,fu_r3_core_pullback,momentum_trail_4pct_5d,5,5,0,0.0,0,0.0,0,0,-0.05019587446583793,-0.05685257603771965,0.015466758019850972,-0.07078010367945953,-0.05777928890518935,-0.03844961596139973,-0.027117787745421396,-0.07688642366287812,-0.07783088716698583,0.013924078177103737,-0.09031587389624951,-0.08921301410780669,-0.07536313920363524,-0.051709203939713344
supplemental_2023_09_legacy,legacy_vwap,trend_structure,s2_first_touch_reclaim,next_open_3d,5,5,0,0.0,0,0.0,0,0,-0.07113073235376044,-0.056912695443572914,0.020429473887479784,-0.10814193512815984,-0.07862473467652975,-0.05608452125963992,-0.05588977526089978,-0.08195241812485679,-0.07912069722574566,0.013851394966058573,-0.10574433001418193,-0.08652758029013818,-0.0735592563031896,-0.06481022679102855
supplemental_2023_09_legacy,legacy_vwap,sector_leader,s4_reclaim_volume_proxy,momentum_trail_4pct_5d,5,5,0,0.0,0,0.0,0,0,-0.0570983936416396,-0.0570983936416396,0.0,-0.0570983936416396,-0.0570983936416396,-0.0570983936416396,-0.0570983936416396,-0.08265175370294564,-0.08265175370294564,0.0,-0.08265175370294564,-0.08265175370294564,-0.08265175370294564,-0.08265175370294564
supplemental_2023_09_legacy,legacy_vwap,sector_leader,s1_touch_immediate,fast_failure_2pct_target4pct_2d,5,5,0,0.0,0,0.0,0,0,-0.05715781413238352,-0.05715781413238352,0.0,-0.05715781413238352,-0.05715781413238352,-0.05715781413238352,-0.05715781413238352,-0.07334157455062496,-0.07334157455062496,0.0,-0.07334157455062496,-0.07334157455062496,-0.07334157455062496,-0.07334157455062496
supplemental_2023_09_legacy,legacy_vwap,trend_structure,s4_reclaim_amount_acceleration,momentum_trail_4pct_5d,5,4,0,0.0,0,0.0,0,0,-0.048975652497881314,-0.05754823605058945,0.03954438569885258,-0.10910138995857821,-0.06704002228130979,-0.010066163241569281,-0.0011224509573598551,-0.06914693815061483,-0.06734826496709934,0.02978717787072953,-0.11743856260107033,-0.08391285798841142,-0.04034870125730394,-0.03668630393918915
supplemental_2023_09_legacy,legacy_vwap,trend_structure,s1_touch_immediate,momentum_trail_4pct_5d,5,5,1,0.2,1,0.2,1,1,-0.0488138381983819,-0.05774062625137988,0.03389199920848294,-0.08473174565374009,-0.08080746371487968,-0.024499615973219147,0.003710260601309301,-0.06650829849585256,-0.08155372503590774,0.024559518699879875,-0.09439834550627568,-0.08173610152976696,-0.04406973385509805,-0.03078358655221436
supplemental_2023_09_legacy,legacy_vwap,sector_leader,s2_reclaim_bull_stack,next_open_5d,5,5,0,0.0,0,0.0,0,0,-0.058186118302399836,-0.058186118302399836,0.0,-0.058186118302399836,-0.058186118302399836,-0.058186118302399836,-0.058186118302399836,-0.120095191050275,-0.120095191050275,0.0,-0.120095191050275,-0.120095191050275,-0.120095191050275,-0.120095191050275
supplemental_2023_09_legacy,legacy_vwap,flow_quality,s1_touch_reclaim,next_open_3d,5,5,1,0.2,1,0.2,1,1,-0.04426316358967788,-0.05823550991063009,0.03507839598556525,-0.08005799743692943,-0.07744308682147816,-0.011004063966411959,0.0054248401870602425,-0.0661924017885785,-0.07349846138549321,0.02968062452945614,-0.09857495420635587,-0.09593559555959952,-0.033431460703022275,-0.029521537088421645
supplemental_2023_09_legacy,legacy_vwap,sector_leader,s2_reclaim_daily_trend,next_open_2d,5,5,0,0.0,0,0.0,0,0,-0.05865039382671999,-0.05865039382671999,0.0,-0.05865039382671999,-0.05865039382671999,-0.05865039382671999,-0.05865039382671999,-0.0913399729673734,-0.0913399729673734,0.0,-0.0913399729673734,-0.0913399729673734,-0.0913399729673734,-0.0913399729673734
supplemental_2023_09_legacy,legacy_vwap,trend_structure,s0_distance_only,momentum_trail_4pct_5d,5,5,1,0.2,1,0.2,1,1,-0.03895395360651366,-0.05870620250987002,0.04343960280924122,-0.07306098069228983,-0.061798667900777704,-0.04760154779211123,0.0463976308624805,-0.05814476109503277,-0.07018148166802929,0.019309711442494586,-0.07938362761056839,-0.07055147647567694,-0.04126136619005083,-0.029345853530838406
supplemental_2023_09_legacy,legacy_vwap,sector_leader,s1_near_reversal,next_open_5d,5,5,0,0.0,0,0.0,0,0,-0.05901102416803983,-0.05901102416803983,0.0,-0.05901102416803983,-0.05901102416803983,-0.05901102416803983,-0.05901102416803983,-0.11255407815559926,-0.11255407815559926,0.0,-0.11255407815559926,-0.11255407815559926,-0.11255407815559926,-0.11255407815559926
supplemental_2023_09_legacy,legacy_vwap,trend_structure,s0_distance_only,protect_3pct_target6pct_3d,5,5,0,0.0,0,0.0,0,0,-0.06879060009217819,-0.05911457981165791,0.021243766097338884,-0.11074992244367954,-0.06357703808259929,-0.05734274311873366,-0.053168717004220545,-0.07471055628828352,-0.07165190720670778,0.019777029706126308,-0.11128246363708993,-0.07452609299610757,-0.06321125631679247,-0.05288106128471981
supplemental_2023_09_legacy,legacy_vwap,random_hash,s2_first_touch_reclaim,next_open_2d,5,5,1,0.2,1,0.2,1,1,-0.05194045648531624,-0.05917046211749999,0.033982801469103464,-0.08441974928206053,-0.07854003724550751,-0.048459280194174226,0.010887246412661034,-0.08224885788011871,-0.088813640437721,0.02060695602560732,-0.10053308583793552,-0.09447458235991313,-0.08503152197988606,-0.04239145878513784
supplemental_2023_09_legacy,legacy_vwap,trend_structure,s1_touch_reclaim,next_open_3d,5,4,0,0.0,0,0.0,0,0,-0.06118873530582454,-0.05921656333814962,0.015705274155255328,-0.07929454974473482,-0.07889523495027784,-0.04704989273808058,-0.04148743575787983,-0.07331714136384877,-0.06939325637893057,0.016529399976082205,-0.09755946070341281,-0.08650956606207705,-0.06026910248725181,-0.05285432118757161
supplemental_2023_09_legacy,legacy_vwap,trend_structure,s2_reclaim_positive_slope,next_open_2d,5,4,0,0.0,0,0.0,0,0,-0.049999873868768495,-0.05927719969763867,0.02602227583490693,-0.07388170345090272,-0.06986319742646929,-0.04504252473701209,-0.0019347440318197018,-0.06716950199386074,-0.07252332550976737,0.012379364708502493,-0.08295154724345888,-0.07431752421076909,-0.05735326501484128,-0.04870184799046706
supplemental_2023_09_legacy,legacy_vwap,trend_structure,s1_break_reclaim_stable3,next_open_1d,5,5,2,0.4,2,0.4,2,2,-0.03805754130707355,-0.05930906817971826,0.04468188664991391,-0.08837004179115926,-0.07336565777748216,0.01080200234772688,0.019955058865265052,-0.05440253186270496,-0.057716082397590296,0.023846530424283856,-0.08922261327783676,-0.06916406222525262,-0.02918285599534509,-0.02672704541750004
supplemental_2023_09_legacy,legacy_vwap,trend_structure,s2_reclaim_daily_trend,next_open_2d,5,2,1,0.2,1,0.5,1,1,-0.04298436189027692,-0.06033957048253413,0.037407074296878916,-0.07270693736543077,-0.06438807832487292,-0.0475304279973372,0.030043204718790406,-0.06807250105857095,-0.07054012230530904,0.02140414860930363,-0.09240431987608533,-0.08632575606664628,-0.058670698120795395,-0.032421608924018686
supplemental_2023_09_legacy,legacy_vwap,trend_structure,s0_strong_no_ma,next_open_3d,5,5,2,0.4,2,0.4,2,2,-0.02578522196190993,-0.060367151023534626,0.0675221198836764,-0.0905794472306286,-0.07712546078481375,0.008290737410461713,0.09085521181896561,-0.07605563262319101,-0.08618830444473746,0.021578065043445973,-0.10050797424648616,-0.08879903921582821,-0.0655271053576082,-0.039255739851295046
supplemental_2023_09_legacy,legacy_vwap,sector_leader,ng_r3_volume_quality,next_open_1d,5,5,0,0.0,0,0.0,0,0,-0.060396959314658716,-0.060396959314658716,0.0,-0.060396959314658716,-0.060396959314658716,-0.060396959314658716,-0.060396959314658716,-0.11587535344063005,-0.11587535344063005,0.0,-0.11587535344063005,-0.11587535344063005,-0.11587535344063005,-0.11587535344063005
supplemental_2023_09_legacy,legacy_vwap,flow_quality,s0_distance_only,fast_failure_2pct_target4pct_2d,5,4,0,0.0,0,0.0,0,0,-0.05267647154734219,-0.06060630825821167,0.018155477443524977,-0.06749778440237253,-0.06450133049365758,-0.05310816973773935,-0.01766876484472979,-0.06741851797283435,-0.06445440237266875,0.009664553918940095,-0.08299338459670813,-0.07357992236708877,-0.05889723705798766,-0.05716764346971848
supplemental_2023_09_legacy,legacy_vwap,sector_leader,s1_break_reclaim_stable3,fast_failure_2pct_target4pct_2d,5,5,0,0.0,0,0.0,0,0,-0.060768290163503935,-0.060768290163503935,0.0,-0.060768290163503935,-0.060768290163503935,-0.060768290163503935,-0.060768290163503935,-0.08762625497944632,-0.08762625497944632,0.0,-0.08762625497944632,-0.08762625497944632,-0.08762625497944632,-0.08762625497944632
supplemental_2023_09_legacy,legacy_vwap,trend_structure,s4_reclaim_amount_acceleration,next_open_3d,5,5,0,0.0,0,0.0,0,0,-0.052873682102132745,-0.06086880733266076,0.02362114355111208,-0.07964642526084975,-0.06838358705933356,-0.043618842638249666,-0.011850748219569995,-0.0670306868164402,-0.06467946324409823,0.023588632765594475,-0.10177149078644221,-0.08201064359472376,-0.053913099375073825,-0.03277873708186296
supplemental_2023_09_legacy,legacy_vwap,sector_leader,s4_reclaim_volume_normal,momentum_trail_4pct_5d,5,5,0,0.0,0,0.0,0,0,-0.06106339141611283,-0.06106339141611283,0.0,-0.06106339141611283,-0.06106339141611283,-0.06106339141611283,-0.06106339141611283,-0.09633266844089805,-0.09633266844089805,0.0,-0.09633266844089805,-0.09633266844089805,-0.09633266844089805,-0.09633266844089805
supplemental_2023_09_legacy,legacy_vwap,flow_quality,s2_reclaim_bull_stack,momentum_trail_4pct_5d,5,5,0,0.0,0,0.0,0,0,-0.06135582636435908,-0.061375082797731184,0.0008098132892647848,-0.06281551863705104,-0.061375082797731184,-0.06071905221051099,-0.06049439537877099,-0.0763085340099346,-0.07632748368614928,0.0007969128721503338,-0.077744973219944,-0.07632748368614928,-0.07568190374024009,-0.07546082571719037
supplemental_2023_09_legacy,legacy_vwap,random_hash,s2_reclaim_bull_stack,momentum_trail_4pct_5d,5,5,0,0.0,0,0.0,0,0,-0.06135582636435908,-0.061375082797731184,0.0008098132892647848,-0.06281551863705104,-0.061375082797731184,-0.06071905221051099,-0.06049439537877099,-0.0763085340099346,-0.07632748368614928,0.0007969128721503338,-0.077744973219944,-0.07632748368614928,-0.07568190374024009,-0.07546082571719037
supplemental_2023_09_legacy,legacy_vwap,trend_structure,s2_reclaim_recent_high,fast_failure_2pct_target4pct_2d,5,5,0,0.0,0,0.0,0,0,-0.06935702030977867,-0.06189361408354943,0.0263002915893824,-0.11591347725951462,-0.07698132028376015,-0.05255331231537941,-0.0394433776066897,-0.10294784756391888,-0.10257049457693157,0.015323686017585726,-0.12879096426447,-0.10764876973234316,-0.09166940619640973,-0.08405960304943993
supplemental_2023_09_legacy,legacy_vwap,trend_structure,s0_strong_no_ma,protect_3pct_target6pct_3d,5,5,1,0.2,1,0.2,1,1,-0.056029265580067114,-0.0627077919318294,0.03352666471669767,-0.08787733370504502,-0.07562924745092492,-0.06223476920100046,0.008302814388464252,-0.07493425360723993,-0.07024801756448695,0.02235865067290218,-0.11503238136959348,-0.07347314084250123,-0.07002665379771611,-0.04589107446190188
supplemental_2023_09_legacy,legacy_vwap,trend_structure,fu_r3_core_pullback,next_open_5d,5,5,0,0.0,0,0.0,0,0,-0.06341154897855013,-0.0627331041490592,0.031887627240681046,-0.10197385026954986,-0.08625412193216009,-0.0578572009627899,-0.008239467579191584,-0.0944476697395221,-0.09161401897466959,0.033582801390982714,-0.13228259278832644,-0.12170211928417096,-0.0908771971029867,-0.03576242054745682
supplemental_2023_09_legacy,legacy_vwap,trend_structure,s2_first_touch_reclaim,fast_failure_2pct_target4pct_2d,5,5,0,0.0,0,0.0,0,0,-0.0578428758207199,-0.06328360660917842,0.01099783113877247,-0.070057371988548,-0.06637465243468721,-0.04701820528245915,-0.042480542788726705,-0.07028678666583317,-0.06250785008555015,0.014058419977392364,-0.09331476566217001,-0.07961843132189816,-0.0600227093847544,-0.05597017687479311
supplemental_2023_09_legacy,legacy_vwap,trend_structure,s0_distance_only,next_open_3d,5,4,0,0.0,0,0.0,0,0,-0.05739258127161153,-0.06378170655768367,0.01999227937551567,-0.08306948419784965,-0.07152728500408934,-0.03824748024715474,-0.030336950351280256,-0.07045328056356881,-0.07356318619165558,0.013601771704743394,-0.08690961611872117,-0.08247548065969312,-0.0554041667079338,-0.053913953139840376
supplemental_2023_09_legacy,legacy_vwap,trend_structure,s1_touch_immediate,next_open_3d,5,5,0,0.0,0,0.0,0,0,-0.05677125672816874,-0.06379844351404007,0.01641566891375228,-0.06903103375138986,-0.06885706605324304,-0.05704568481042327,-0.025124055511747456,-0.08272181044145728,-0.08902519158807776,0.02397348036863242,-0.1115348060524326,-0.09581150607601807,-0.07692812479945388,-0.04030942369130408
supplemental_2023_09_legacy,legacy_vwap,sector_leader,ht_r3_core_pullback,fast_failure_2pct_target4pct_2d,5,5,0,0.0,0,0.0,0,0,-0.06394405726132846,-0.06394405726132846,0.0,-0.06394405726132846,-0.06394405726132846,-0.06394405726132846,-0.06394405726132846,-0.1327458633362305,-0.1327458633362305,0.0,-0.1327458633362305,-0.1327458633362305,-0.1327458633362305,-0.1327458633362305
supplemental_2023_09_legacy,legacy_vwap,sector_leader,s4_auction_confirmed_reclaim,momentum_trail_4pct_5d,5,5,0,0.0,0,0.0,0,0,-0.06404084971635549,-0.06404084971635549,0.0,-0.06404084971635549,-0.06404084971635549,-0.06404084971635549,-0.06404084971635549,-0.11362659688499221,-0.11362659688499221,0.0,-0.11362659688499221,-0.11362659688499221,-0.11362659688499221,-0.11362659688499221
supplemental_2023_09_legacy,legacy_vwap,sector_leader,s1_break_reclaim_stable3,next_open_2d,5,5,0,0.0,0,0.0,0,0,-0.06422363759001981,-0.06422363759001981,0.0,-0.06422363759001981,-0.06422363759001981,-0.06422363759001981,-0.06422363759001981,-0.1135402584240438,-0.1135402584240438,0.0,-0.1135402584240438,-0.1135402584240438,-0.1135402584240438,-0.1135402584240438
supplemental_2023_09_legacy,legacy_vwap,trend_structure,s2_reclaim_positive_slope,next_open_3d,5,4,0,0.0,0,0.0,0,0,-0.05938720007353324,-0.06442238567848224,0.029567510490284676,-0.0992951001503436,-0.08097790961072926,-0.032189203060950966,-0.020051401867160146,-0.07109920903046878,-0.06486265788593881,0.024387792378017113,-0.10518789496910086,-0.0928313217535146,-0.052278076891268066,-0.040336093652521554
supplemental_2023_09_legacy,legacy_vwap,trend_structure,s4_auction_confirmed_reclaim,next_open_3d,5,4,1,0.2,0,0.0,1,0,-0.053373180462905866,-0.06445604888885015,0.036957758420659154,-0.08601394804549989,-0.08442050179700555,-0.0466621672594737,0.014686763676299952,-0.07045967094314536,-0.07582022932172439,0.01820240188787387,-0.09492322023924882,-0.08247938985671222,-0.051718329547678854,-0.04735718575036252
supplemental_2023_09_legacy,legacy_vwap,sector_leader,s2_reclaim_acceleration,next_open_3d,5,5,0,0.0,0,0.0,0,0,-0.06541506044073553,-0.06541506044073553,0.0,-0.06541506044073553,-0.06541506044073553,-0.06541506044073553,-0.06541506044073553,-0.08788067403687494,-0.08788067403687494,0.0,-0.08788067403687494,-0.08788067403687494,-0.08788067403687494,-0.08788067403687494
supplemental_2023_09_legacy,legacy_vwap,random_hash,ht_r3_core_pullback,next_open_1d,5,5,0,0.0,0,0.0,0,0,-0.061566980516903035,-0.06552256102414988,0.013422958378327503,-0.0802773971764793,-0.06938356309841764,-0.048500541453339374,-0.044150839832128974,-0.07702591983485665,-0.07895786187030995,0.008070428721793421,-0.08878180405731473,-0.08145403698386089,-0.06807740278173502,-0.06785849348106265
supplemental_2023_09_legacy,legacy_vwap,random_hash,s0_distance_only,fast_failure_2pct_target4pct_2d,5,4,1,0.2,1,0.25,1,1,-0.054420480276638726,-0.0655554109059685,0.029021834730101465,-0.07620320941540892,-0.07228587932787878,-0.06068513882342741,0.0026272370894899755,-0.06810030950836152,-0.06814463119846936,0.0146892921064461,-0.08460346196220392,-0.07971463258552736,-0.06574725374534163,-0.04229156805026535
supplemental_2023_09_legacy,legacy_vwap,flow_quality,s1_touch_immediate,next_open_5d,5,5,0,0.0,0,0.0,0,0,-0.060919337895686466,-0.0657645034063602,0.013079710075583938,-0.07374756701370977,-0.07346985615048984,-0.05095990625821778,-0.040654856649654736,-0.08128593335162873,-0.07862545758933992,0.009856659395155582,-0.10019799903036863,-0.08052884925684212,-0.07399215645254875,-0.0730852044290442
supplemental_2023_09_legacy,legacy_vwap,random_hash,s1_touch_immediate,next_open_5d,5,5,0,0.0,0,0.0,0,0,-0.06165395812301906,-0.0657645034063602,0.012593835131035954,-0.07374756701370977,-0.07346985615048984,-0.05463300739488075,-0.040654856649654736,-0.08216719144057112,-0.07862545758933992,0.00926316794152581,-0.10019799903036863,-0.08052884925684212,-0.07749149487375617,-0.07399215645254875
supplemental_2023_09_legacy,legacy_vwap,trend_structure,s0_distance_only,next_open_1d,5,4,0,0.0,0,0.0,0,0,-0.0680644378843128,-0.06592274419867694,0.026478471248983334,-0.11589187285120406,-0.06957025561792163,-0.05145821139861684,-0.03747910535514454,-0.08315605117681793,-0.07220370202150017,0.019515823502155357,-0.11925357090172506,-0.0878833752656738,-0.0707517389697746,-0.06568786872541599
supplemental_2023_09_legacy,legacy_vwap,trend_structure,cs_r3_leader_confirmation,next_open_5d,5,5,0,0.0,0,0.0,0,0,-0.06275848423051203,-0.0662196548437598,0.007139608943351037,-0.07089707492300978,-0.06739498245568032,-0.05805711764650956,-0.051223591283600656,-0.0878153002263714,-0.08866193206393669,0.013372161251955138,-0.10457817479624765,-0.0999334705436834,-0.07638986991588159,-0.0695130538121077
supplemental_2023_09_legacy,legacy_vwap,random_hash,s2_reclaim_recent_high,protect_3pct_target6pct_3d,5,5,1,0.2,1,0.2,1,1,-0.05370503866198868,-0.06640604504480407,0.037877830563895445,-0.0820964916788346,-0.08005063512991928,-0.06022420111208371,0.020252179655698255,-0.10048273284289308,-0.10238500117989735,0.007692541247700586,-0.10803555943710763,-0.10752578598609919,-0.09720925411321824,-0.08725806349814302
supplemental_2023_09_legacy,legacy_vwap,sector_leader,s2_reclaim_daily_trend,next_open_3d,5,5,0,0.0,0,0.0,0,0,-0.06665080292540881,-0.06665080292540881,0.0,-0.06665080292540881,-0.06665080292540881,-0.06665080292540881,-0.06665080292540881,-0.09302065055925723,-0.09302065055925723,0.0,-0.09302065055925723,-0.09302065055925723,-0.09302065055925723,-0.09302065055925723
supplemental_2023_09_legacy,legacy_vwap,sector_leader,ht_r3_core_pullback,next_open_3d,5,5,0,0.0,0,0.0,0,0,-0.06749848564392935,-0.06749848564392935,0.0,-0.06749848564392935,-0.06749848564392935,-0.06749848564392935,-0.06749848564392935,-0.11993348066338638,-0.11993348066338638,0.0,-0.11993348066338638,-0.11993348066338638,-0.11993348066338638,-0.11993348066338638
supplemental_2023_09_legacy,legacy_vwap,sector_leader,s2_reclaim_acceleration,next_open_5d,5,5,0,0.0,0,0.0,0,0,-0.06759095470990117,-0.06759095470990117,0.0,-0.06759095470990117,-0.06759095470990117,-0.06759095470990117,-0.06759095470990117,-0.09708216526046498,-0.09708216526046498,0.0,-0.09708216526046498,-0.09708216526046498,-0.09708216526046498,-0.09708216526046498
supplemental_2023_09_legacy,legacy_vwap,random_hash,s2_reclaim_daily_trend,fast_failure_2pct_target4pct_2d,5,5,0,0.0,0,0.0,0,0,-0.06865362429404435,-0.06790397072524934,0.01780765625546926,-0.10096242303735581,-0.06984723690448957,-0.05357076144934947,-0.050983729353777596,-0.08430949502531153,-0.08302223881523096,0.01944168683678991,-0.11571854507730517,-0.08919169260053728,-0.07832346477455143,-0.05529153385893282
supplemental_2023_09_legacy,legacy_vwap,sector_leader,s2_reclaim_bull_stack,next_open_2d,5,5,0,0.0,0,0.0,0,0,-0.06818172279360779,-0.06818172279360779,0.0,-0.06818172279360779,-0.06818172279360779,-0.06818172279360779,-0.06818172279360779,-0.11018211604275885,-0.11018211604275885,0.0,-0.11018211604275885,-0.11018211604275885,-0.11018211604275885,-0.11018211604275885
supplemental_2023_09_legacy,legacy_vwap,sector_leader,ng_r1_auction_reclaim,next_open_3d,5,5,0,0.0,0,0.0,0,0,-0.06826698602834369,-0.06826698602834369,0.0,-0.06826698602834369,-0.06826698602834369,-0.06826698602834369,-0.06826698602834369,-0.10208672846801337,-0.10208672846801337,0.0,-0.10208672846801337,-0.10208672846801337,-0.10208672846801337,-0.10208672846801337
supplemental_2023_09_legacy,legacy_vwap,random_hash,cs_r3_leader_confirmation,next_open_1d,5,5,0,0.0,0,0.0,0,0,-0.05498785112522866,-0.0690020462764741,0.02491051420215866,-0.08000485428459125,-0.0763176407998365,-0.026174125845369378,-0.023440588419872066,-0.09193190744705393,-0.09022852329233433,0.011305451180062553,-0.11207273606762502,-0.09278909122236412,-0.08695554255094295,-0.07761364410200322
supplemental_2023_09_legacy,legacy_vwap,trend_structure,s0_distance_only,fast_failure_2pct_target4pct_2d,5,4,0,0.0,0,0.0,0,0,-0.057770688927441506,-0.06931876350884947,0.01817195034574054,-0.07756981480567704,-0.07038591492006574,-0.03613882375827571,-0.03544012764433957,-0.0720778548368292,-0.08369368651137443,0.019384340794604535,-0.09368374767043663,-0.08557562216986392,-0.05003644264712925,-0.047399775185341775
supplemental_2023_09_legacy,legacy_vwap,sector_leader,s2_reclaim_acceleration,next_open_2d,5,5,0,0.0,0,0.0,0,0,-0.06978188880037628,-0.06978188880037628,0.0,-0.06978188880037628,-0.06978188880037628,-0.06978188880037628,-0.06978188880037628,-0.09870441645332662,-0.09870441645332662,0.0,-0.09870441645332662,-0.09870441645332662,-0.09870441645332662,-0.09870441645332662
supplemental_2023_09_legacy,legacy_vwap,sector_leader,s2_reclaim_positive_slope,next_open_5d,5,5,0,0.0,0,0.0,0,0,-0.06989170259215005,-0.06989170259215005,0.0,-0.06989170259215005,-0.06989170259215005,-0.06989170259215005,-0.06989170259215005,-0.12115757902868962,-0.12115757902868962,0.0,-0.12115757902868962,-0.12115757902868962,-0.12115757902868962,-0.12115757902868962
supplemental_2023_09_legacy,legacy_vwap,random_hash,s0_strong_no_ma,protect_3pct_target6pct_3d,5,5,0,0.0,0,0.0,0,0,-0.07108140890066172,-0.07169035499409859,0.03697990837451701,-0.12167563525989944,-0.09314751566399948,-0.0579660683319112,-0.010927470253399907,-0.08853201317540049,-0.08892960950627882,0.027443121190056277,-0.12631746352439144,-0.11090264856455068,-0.059652782345838484,-0.056857561935943046
supplemental_2023_09_legacy,legacy_vwap,trend_structure,cs_r3_leader_confirmation,momentum_trail_4pct_5d,5,5,0,0.0,0,0.0,0,0,-0.07384583470961359,-0.07254838152751664,0.015089341494243583,-0.10016869137522999,-0.07648620027734165,-0.06521852637310954,-0.05480737399487012,-0.08727539740421864,-0.08872856260947504,0.015126560782527889,-0.11209711185069049,-0.09110474319679052,-0.07761025620426376,-0.06683631315987337
supplemental_2023_09_legacy,legacy_vwap,trend_structure,s4_reclaim_volume_proxy,next_open_5d,5,5,0,0.0,0,0.0,0,0,-0.07657483846716581,-0.0726571638275596,0.008988656768593731,-0.08967019239609986,-0.08452374152146991,-0.06992182374900002,-0.0661012708416997,-0.08436740999671906,-0.08310122627455951,0.007181432360490205,-0.09333995899109504,-0.09199118079721569,-0.07695391684413067,-0.07645076707659437
supplemental_2023_09_legacy,legacy_vwap,flow_quality,s1_touch_reclaim,next_open_1d,5,3,0,0.0,0,0.0,0,0,-0.0547471509087859,-0.07374609162334644,0.027125794122024576,-0.07668697334374797,-0.07602683775797747,-0.03861015260552114,-0.008665699213336486,-0.07647683275837469,-0.08098473937075656,0.028443018725631767,-0.12409692923410665,-0.0810970127500984,-0.056024469444099556,-0.04018101299281229
supplemental_2023_09_legacy,legacy_vwap,trend_structure,ng_r3_volume_quality,fast_failure_2pct_target4pct_2d,5,5,0,0.0,0,0.0,0,0,-0.06284332886912743,-0.07390420307108125,0.030811735930927252,-0.10342778787172924,-0.07524178975101958,-0.05047910834179903,-0.011163755310008017,-0.07418577962026587,-0.07622916871963692,0.025155150292741096,-0.11571723615786211,-0.07989133532439874,-0.05924192532459771,-0.03984923257483386
supplemental_2023_09_legacy,legacy_vwap,trend_structure,s2_reclaim_recent_high,next_open_1d,5,4,0,0.0,0,0.0,0,0,-0.08033376245005715,-0.07427814541158417,0.038991583597116505,-0.1356152921907391,-0.10140829918428951,-0.07341284196363385,-0.016954233500039106,-0.12408925048873905,-0.11883792830166329,0.013207980541535994,-0.146772579413728,-0.13043399726311478,-0.1141010235521126,-0.11030072391307655
supplemental_2023_09_legacy,legacy_vwap,random_hash,s2_reclaim_daily_trend,next_open_1d,5,5,0,0.0,0,0.0,0,0,-0.07279785736901016,-0.07437307162694606,0.015471034817581497,-0.09201904291861718,-0.08698524348586278,-0.057715814413829336,-0.05289611439979547,-0.08320372646488852,-0.07828650311758345,0.021182525354425778,-0.1116718051083565,-0.10283969632629808,-0.06834693280299753,-0.05487369496920702
supplemental_2023_09_legacy,legacy_vwap,random_hash,s1_touch_reclaim,next_open_1d,5,3,0,0.0,0,0.0,0,0,-0.054297502722071345,-0.07442179358539647,0.027940691559736743,-0.07878335378230517,-0.07602683775797747,-0.031763556092401,-0.010491972392276616,-0.07713016762694942,-0.08098473937075656,0.028883282138297585,-0.1261440162499965,-0.08176735221728249,-0.054664418256152314,-0.04209031204055924
supplemental_2023_09_legacy,legacy_vwap,sector_leader,s4_auction_confirmed_reclaim,next_open_5d,5,5,0,0.0,0,0.0,0,0,-0.07459294570079944,-0.07459294570079944,0.0,-0.07459294570079944,-0.07459294570079944,-0.07459294570079944,-0.07459294570079944,-0.1088457022668895,-0.1088457022668895,0.0,-0.1088457022668895,-0.1088457022668895,-0.1088457022668895,-0.1088457022668895
supplemental_2023_09_legacy,legacy_vwap,flow_quality,s2_reclaim_daily_trend,next_open_1d,5,5,0,0.0,0,0.0,0,0,-0.07369710878210815,-0.0748493416239362,0.016276824796539004,-0.09201904291861718,-0.0910052305543626,-0.057715814413829336,-0.05289611439979547,-0.08410835573504286,-0.08234479057886801,0.02113970586766077,-0.1116718051083565,-0.10330455521578519,-0.06834693280299753,-0.05487369496920702
supplemental_2023_09_legacy,legacy_vwap,flow_quality,cs_r3_leader_confirmation,next_open_1d,5,5,0,0.0,0,0.0,0,0,-0.056030783236351314,-0.07488641468272716,0.02554887692180187,-0.07933514643395145,-0.0763176407998365,-0.026174125845369378,-0.023440588419872066,-0.09313519187751365,-0.09278909122236412,0.011538640044911013,-0.11262740333846233,-0.0956902781737956,-0.08695554255094295,-0.07761364410200322
supplemental_2023_09_legacy,legacy_vwap,sector_leader,s1_touch_immediate,next_open_5d,5,5,0,0.0,0,0.0,0,0,-0.07530489949757002,-0.07530489949757002,0.0,-0.07530489949757002,-0.07530489949757002,-0.07530489949757002,-0.07530489949757002,-0.07576206260183549,-0.07576206260183549,0.0,-0.07576206260183549,-0.07576206260183549,-0.07576206260183549,-0.07576206260183549
supplemental_2023_09_legacy,legacy_vwap,trend_structure,cs_r3_leader_confirmation,next_open_3d,5,5,0,0.0,0,0.0,0,0,-0.06673961162989735,-0.0756360475271467,0.01883926932128829,-0.0873863246407367,-0.08241092803578676,-0.044966920244019604,-0.04329783770179696,-0.09166711610881133,-0.09489360733208374,0.013358011130121266,-0.10531419695587818,-0.1000414667631967,-0.09142601983621212,-0.06666028965668591
supplemental_2023_09_legacy,legacy_vwap,flow_quality,s2_reclaim_recent_high,fast_failure_2pct_target4pct_2d,5,5,0,0.0,0,0.0,0,0,-0.07247388219672435,-0.07648855237824714,0.03713149018848958,-0.10598249270138727,-0.10146748431871466,-0.07597082441329306,-0.0024600571719796127,-0.11143479762952187,-0.11915722135022455,0.026255641484434277,-0.13426497944787907,-0.13105875918033083,-0.11106489499237271,-0.06162813317680216
supplemental_2023_09_legacy,legacy_vwap,sector_leader,s1_near_reversal,fast_failure_2pct_target4pct_2d,5,0,0,0.0,0,,0,0,-0.07801267683743207,-0.07801267683743207,0.0,-0.07801267683743207,-0.07801267683743207,-0.07801267683743207,-0.07801267683743207,-0.1065054546989066,-0.1065054546989066,0.0,-0.1065054546989066,-0.1065054546989066,-0.1065054546989066,-0.1065054546989066
supplemental_2023_09_legacy,legacy_vwap,trend_structure,s2_reclaim_positive_slope,next_open_1d,5,4,0,0.0,0,0.0,0,0,-0.07425788476975166,-0.07949102188814516,0.026078198062652654,-0.10684718109790659,-0.09555226290798513,-0.052117863755771876,-0.03728109419894954,-0.07795965603597196,-0.07867566593817865,0.02211656170026398,-0.1118144185519917,-0.09063606381111744,-0.05766882454271949,-0.051003307335852566
supplemental_2023_09_legacy,legacy_vwap,trend_structure,s1_touch_immediate,fast_failure_2pct_target4pct_2d,5,5,0,0.0,0,0.0,0,0,-0.07925395334555503,-0.0798829849381687,0.022559318834598115,-0.117598275214297,-0.08512661074335537,-0.06094562780543189,-0.052716268026522184,-0.08925226485556248,-0.0901228568103517,0.02665254298655028,-0.13029017073752536,-0.10171587144179606,-0.07286941193623608,-0.0512630133519032
supplemental_2023_09_legacy,legacy_vwap,trend_structure,s2_reclaim_daily_trend,next_open_1d,5,2,0,0.0,0,0.0,0,0,-0.07643661550224942,-0.08006827017939988,0.04060840991167995,-0.12326806057240525,-0.10159163500408297,-0.0743138041338065,-0.0029413076215525358,-0.08922402021319349,-0.10540613718315306,0.03255300004211577,-0.11990261808973357,-0.10853263284462977,-0.08382905952624486,-0.028449653422206178
supplemental_2023_09_legacy,legacy_vwap,sector_leader,s2_first_touch_reclaim,fast_failure_2pct_target4pct_2d,5,5,0,0.0,0,0.0,0,0,-0.08017606665579557,-0.08017606665579557,0.0,-0.08017606665579557,-0.08017606665579557,-0.08017606665579557,-0.08017606665579557,-0.10435082918088301,-0.10435082918088301,0.0,-0.10435082918088301,-0.10435082918088301,-0.10435082918088301,-0.10435082918088301
supplemental_2023_09_legacy,legacy_vwap,sector_leader,cs_r3_leader_confirmation,protect_3pct_target6pct_3d,5,5,0,0.0,0,0.0,0,0,-0.08024416531273248,-0.08024416531273248,0.0,-0.08024416531273248,-0.08024416531273248,-0.08024416531273248,-0.08024416531273248,-0.12747619914599695,-0.12747619914599695,0.0,-0.12747619914599695,-0.12747619914599695,-0.12747619914599695,-0.12747619914599695
supplemental_2023_09_legacy,legacy_vwap,sector_leader,ht_r3_core_pullback,momentum_trail_4pct_5d,5,5,0,0.0,0,0.0,0,0,-0.08119544248553401,-0.08119544248553401,0.0,-0.08119544248553401,-0.08119544248553401,-0.08119544248553401,-0.08119544248553401,-0.10444679310572158,-0.10444679310572158,0.0,-0.10444679310572158,-0.10444679310572158,-0.10444679310572158,-0.10444679310572158
supplemental_2023_09_legacy,legacy_vwap,trend_structure,s4_reclaim_amount_acceleration,next_open_1d,5,5,0,0.0,0,0.0,0,0,-0.06393811523163029,-0.08186543320430617,0.030064286732313025,-0.0920332774727709,-0.09034129148040748,-0.03438540109550525,-0.021065172905161633,-0.0733010267279103,-0.08575726177855925,0.0277266253940001,-0.10204536592863989,-0.09736920815780614,-0.049417401984553244,-0.03191589578999299
supplemental_2023_09_legacy,legacy_vwap,sector_leader,s2_reclaim_daily_trend,next_open_5d,5,5,0,0.0,0,0.0,0,0,-0.08194862065165953,-0.08194862065165953,0.0,-0.08194862065165953,-0.08194862065165953,-0.08194862065165953,-0.08194862065165953,-0.11690683871405971,-0.11690683871405971,0.0,-0.11690683871405971,-0.11690683871405971,-0.11690683871405971,-0.11690683871405971
supplemental_2023_09_legacy,legacy_vwap,sector_leader,ht_r3_core_pullback,next_open_1d,5,5,0,0.0,0,0.0,0,0,-0.08239396703435853,-0.08239396703435853,0.0,-0.08239396703435853,-0.08239396703435853,-0.08239396703435853,-0.08239396703435853,-0.15758435447430674,-0.15758435447430674,0.0,-0.15758435447430674,-0.15758435447430674,-0.15758435447430674,-0.15758435447430674
supplemental_2023_09_legacy,legacy_vwap,flow_quality,s2_reclaim_recent_high,next_open_2d,5,5,0,0.0,0,0.0,0,0,-0.07267689425135986,-0.08277254263888212,0.02093393131055432,-0.09045897335821707,-0.08602410184682263,-0.07136633541608184,-0.03276251799679564,-0.11013746757869644,-0.11011051685027029,0.00884781741208619,-0.12362591249942889,-0.11507322222292682,-0.1037574807552526,-0.09812020556560364
supplemental_2023_09_legacy,legacy_vwap,trend_structure,s4_reclaim_vwap_support,next_open_1d,5,5,2,0.4,2,0.4,2,2,-0.0460982460914114,-0.08347110695563709,0.050753138220155834,-0.09256453271802456,-0.08514429267007506,0.0041958205524081915,0.026492881334271523,-0.06050501542941535,-0.07983486148452767,0.03285679952429341,-0.09682023530564898,-0.08412853381725649,-0.022541558498053393,-0.01919988804159023
supplemental_2023_09_legacy,legacy_vwap,trend_structure,ng_r3_volume_quality,next_open_1d,5,4,0,0.0,0,0.0,0,0,-0.0729321210314379,-0.08347887514877994,0.026938853604341527,-0.09732470762308654,-0.08425738098879565,-0.07915802835837038,-0.020441613038156947,-0.08249268845603122,-0.08410957066417457,0.012572186323065688,-0.09680827166724759,-0.08867827437060538,-0.08367873411277005,-0.05918859146535849
supplemental_2023_09_legacy,legacy_vwap,sector_leader,fu_r3_core_pullback,next_open_5d,5,5,0,0.0,0,0.0,0,0,-0.08358510020598009,-0.08358510020598009,0.0,-0.08358510020598009,-0.08358510020598009,-0.08358510020598009,-0.08358510020598009,-0.11798856887104192,-0.11798856887104192,0.0,-0.11798856887104192,-0.11798856887104192,-0.11798856887104192,-0.11798856887104192
supplemental_2023_09_legacy,legacy_vwap,sector_leader,s1_touch_immediate,next_open_3d,5,5,0,0.0,0,0.0,0,0,-0.08395593315964156,-0.08395593315964156,0.0,-0.08395593315964156,-0.08395593315964156,-0.08395593315964156,-0.08395593315964156,-0.08709662534109563,-0.08709662534109563,0.0,-0.08709662534109563,-0.08709662534109563,-0.08709662534109563,-0.08709662534109563
supplemental_2023_09_legacy,legacy_vwap,sector_leader,s2_reclaim_acceleration,protect_3pct_target6pct_3d,5,0,0,0.0,0,,0,0,-0.0847862241287688,-0.0847862241287688,0.0,-0.0847862241287688,-0.0847862241287688,-0.0847862241287688,-0.0847862241287688,-0.07621742645087337,-0.07621742645087337,0.0,-0.07621742645087337,-0.07621742645087337,-0.07621742645087337,-0.07621742645087337
supplemental_2023_09_legacy,legacy_vwap,flow_quality,s0_strong_no_ma,next_open_3d,5,5,0,0.0,0,0.0,0,0,-0.07698254373514242,-0.08479720792491996,0.017972601385494988,-0.10045629890807961,-0.08623810036588386,-0.06361756381961914,-0.04980354765720951,-0.09651129951849746,-0.09443232135020552,0.009854028870878752,-0.11362295520613741,-0.09864229456098561,-0.09220389574774446,-0.08365503072741431
supplemental_2023_09_legacy,legacy_vwap,random_hash,s0_strong_no_ma,next_open_3d,5,5,0,0.0,0,0.0,0,0,-0.07738830885284442,-0.08479720792491996,0.017686913144691382,-0.10045629890807961,-0.08623810036588386,-0.06564638940812917,-0.04980354765720951,-0.0969046772441561,-0.09443232135020552,0.009712465996369045,-0.11362295520613741,-0.09864229456098561,-0.09417078437603765,-0.08365503072741431
supplemental_2023_09_legacy,legacy_vwap,sector_leader,s1_touch_reclaim,momentum_trail_4pct_5d,5,5,0,0.0,0,0.0,0,0,-0.08557126070330678,-0.08557126070330678,0.0,-0.08557126070330678,-0.08557126070330678,-0.08557126070330678,-0.08557126070330678,-0.08452457882594133,-0.08452457882594133,0.0,-0.08452457882594133,-0.08452457882594133,-0.08452457882594133,-0.08452457882594133
supplemental_2023_09_legacy,legacy_vwap,sector_leader,s4_reclaim_vwap_support,momentum_trail_4pct_5d,5,5,0,0.0,0,0.0,0,0,-0.08557126070330678,-0.08557126070330678,0.0,-0.08557126070330678,-0.08557126070330678,-0.08557126070330678,-0.08557126070330678,-0.08452457882594133,-0.08452457882594133,0.0,-0.08452457882594133,-0.08452457882594133,-0.08452457882594133,-0.08452457882594133
supplemental_2023_09_legacy,legacy_vwap,sector_leader,s4_reclaim_amount_acceleration,momentum_trail_4pct_5d,5,5,0,0.0,0,0.0,0,0,-0.0855965793310165,-0.0855965793310165,0.0,-0.0855965793310165,-0.0855965793310165,-0.0855965793310165,-0.0855965793310165,-0.09839417168809717,-0.09839417168809717,0.0,-0.09839417168809717,-0.09839417168809717,-0.09839417168809717,-0.09839417168809717
supplemental_2023_09_legacy,legacy_vwap,sector_leader,s0_distance_only,next_open_5d,5,5,0,0.0,0,0.0,0,0,-0.08630663427413998,-0.08630663427413998,0.0,-0.08630663427413998,-0.08630663427413998,-0.08630663427413998,-0.08630663427413998,-0.07218044550942204,-0.07218044550942204,0.0,-0.07218044550942204,-0.07218044550942204,-0.07218044550942204,-0.07218044550942204
supplemental_2023_09_legacy,legacy_vwap,trend_structure,s1_touch_reclaim,next_open_1d,5,4,0,0.0,0,0.0,0,0,-0.08457863259351803,-0.0868920271909911,0.026027230138168617,-0.12005547325441202,-0.09490295651644542,-0.08124607807237672,-0.039796627933364914,-0.09087600120936612,-0.09785742649346674,0.024641869255335652,-0.1240320045726544,-0.10302687596652649,-0.07839513333884518,-0.051068565675337796
supplemental_2023_09_legacy,legacy_vwap,random_hash,s2_reclaim_recent_high,next_open_1d,5,5,0,0.0,0,0.0,0,0,-0.0628866411925266,-0.0872781499413362,0.04654027354215912,-0.11780424262644895,-0.09455595622394442,-0.012784715218399634,-0.002010141952503819,-0.11948552531846694,-0.12075001377134509,0.02143166938450251,-0.15186033406044908,-0.1297549484305911,-0.10694939696163919,-0.08811293336831028
supplemental_2023_09_legacy,legacy_vwap,sector_leader,fu_r3_core_pullback,next_open_2d,5,5,0,0.0,0,0.0,0,0,-0.08821835639003339,-0.08821835639003339,0.0,-0.08821835639003339,-0.08821835639003339,-0.08821835639003339,-0.08821835639003339,-0.10338874665479014,-0.10338874665479014,0.0,-0.10338874665479014,-0.10338874665479014,-0.10338874665479014,-0.10338874665479014
supplemental_2023_09_legacy,legacy_vwap,trend_structure,s2_reclaim_recent_high,next_open_2d,5,5,0,0.0,0,0.0,0,0,-0.08824884170096665,-0.08963433121205133,0.03121281231079222,-0.12829537254424972,-0.10973511592995899,-0.07709410490422175,-0.03648528391435146,-0.11322540163610147,-0.1044347341841676,0.030151986798801374,-0.15569411837032565,-0.13757615269944912,-0.09814322835181533,-0.07027877457474963
supplemental_2023_09_legacy,legacy_vwap,flow_quality,s0_strong_no_ma,protect_3pct_target6pct_3d,5,5,0,0.0,0,0.0,0,0,-0.076138425504328,-0.08985357239768943,0.03289215291860093,-0.10645712520196482,-0.09044036184804927,-0.08158312310480575,-0.012357944969130785,-0.0919823190663364,-0.09869381830212243,0.018452714031156493,-0.10824849771944145,-0.10215334448747493,-0.09464351343848032,-0.056172421384162896
supplemental_2023_09_legacy,legacy_vwap,sector_leader,s0_strong_no_ma,next_open_5d,5,5,0,0.0,0,0.0,0,0,-0.09014882658357004,-0.09014882658357004,0.0,-0.09014882658357004,-0.09014882658357004,-0.09014882658357004,-0.09014882658357004,-0.14161809919167123,-0.14161809919167123,0.0,-0.14161809919167123,-0.14161809919167123,-0.14161809919167123,-0.14161809919167123
supplemental_2023_09_legacy,legacy_vwap,trend_structure,s2_first_touch_reclaim,next_open_2d,5,5,0,0.0,0,0.0,0,0,-0.09835930869441756,-0.09022514926449976,0.0284162817386179,-0.14834557688876948,-0.10738261163326923,-0.07988795151685935,-0.06595525416868997,-0.10431180706902299,-0.08777937799146063,0.026381557394350795,-0.15069897186165815,-0.11677196689341207,-0.08462265915734213,-0.08168605944124196
supplemental_2023_09_legacy,legacy_vwap,trend_structure,s2_first_touch_reclaim,next_open_1d,5,5,0,0.0,0,0.0,0,0,-0.08919455189439329,-0.09079919286582894,0.026418676220755725,-0.1269342353090479,-0.10010981432517907,-0.08251357554783734,-0.045615941424073214,-0.10061145249208112,-0.09746618018037412,0.021647762599151493,-0.1331274902859506,-0.10914167523932339,-0.09723233470573622,-0.06608958204902127
supplemental_2023_09_legacy,legacy_vwap,sector_leader,s4_reclaim_volume_normal,next_open_1d,5,5,0,0.0,0,0.0,0,0,-0.0911784580154692,-0.0911784580154692,0.0,-0.0911784580154692,-0.0911784580154692,-0.0911784580154692,-0.0911784580154692,-0.14574402181854162,-0.14574402181854162,0.0,-0.14574402181854162,-0.14574402181854162,-0.14574402181854162,-0.14574402181854162
supplemental_2023_09_legacy,legacy_vwap,random_hash,s2_reclaim_recent_high,next_open_2d,5,5,0,0.0,0,0.0,0,0,-0.0933940870812304,-0.0933115513817524,0.0617527302658743,-0.19162326440617894,-0.12437542427513693,-0.03661340272338154,-0.021046792619702215,-0.12388618299082979,-0.1028134023874765,0.05021627176879837,-0.21310951354360563,-0.14311296017754582,-0.08306434212277203,-0.07733069672274895
supplemental_2023_09_legacy,legacy_vwap,sector_leader,s0_distance_only,fast_failure_2pct_target4pct_2d,5,5,0,0.0,0,0.0,0,0,-0.09610789790787866,-0.09610789790787866,0.0,-0.09610789790787866,-0.09610789790787866,-0.09610789790787866,-0.09610789790787866,-0.06308115750515952,-0.06308115750515952,0.0,-0.06308115750515952,-0.06308115750515952,-0.06308115750515952,-0.06308115750515952
supplemental_2023_09_legacy,legacy_vwap,sector_leader,s1_near_reversal,protect_3pct_target6pct_3d,5,5,0,0.0,0,0.0,0,0,-0.096999770228546,-0.096999770228546,0.0,-0.096999770228546,-0.096999770228546,-0.096999770228546,-0.096999770228546,-0.123667318086786,-0.123667318086786,0.0,-0.123667318086786,-0.123667318086786,-0.123667318086786,-0.123667318086786
supplemental_2023_09_legacy,legacy_vwap,sector_leader,s1_touch_immediate,momentum_trail_4pct_5d,5,5,0,0.0,0,0.0,0,0,-0.09770731008704736,-0.09770731008704736,0.0,-0.09770731008704736,-0.09770731008704736,-0.09770731008704736,-0.09770731008704736,-0.10366948518687802,-0.10366948518687802,0.0,-0.10366948518687802,-0.10366948518687802,-0.10366948518687802,-0.10366948518687802
supplemental_2023_09_legacy,legacy_vwap,flow_quality,s2_reclaim_recent_high,next_open_1d,5,5,0,0.0,0,0.0,0,0,-0.08361862809462353,-0.0978418362117841,0.03696812294836626,-0.12014647618354002,-0.11335759077662166,-0.06759034597669222,-0.01915689132447962,-0.12302600746396253,-0.1344835433979633,0.029310289414345016,-0.14465024370767265,-0.13724864185471664,-0.13383716033920934,-0.0649104480202507
supplemental_2023_09_legacy,legacy_vwap,sector_leader,ng_r1_auction_reclaim,momentum_trail_4pct_5d,5,5,0,0.0,0,0.0,0,0,-0.09982509321010702,-0.09982509321010702,0.0,-0.09982509321010702,-0.09982509321010702,-0.09982509321010702,-0.09982509321010702,-0.1349046657940629,-0.1349046657940629,0.0,-0.1349046657940629,-0.1349046657940629,-0.1349046657940629,-0.1349046657940629
supplemental_2023_09_legacy,legacy_vwap,sector_leader,cs_r3_leader_confirmation,momentum_trail_4pct_5d,5,5,0,0.0,0,0.0,0,0,-0.09991038745916014,-0.09991038745916014,0.0,-0.09991038745916014,-0.09991038745916014,-0.09991038745916014,-0.09991038745916014,-0.11593637745024032,-0.11593637745024032,0.0,-0.11593637745024032,-0.11593637745024032,-0.11593637745024032,-0.11593637745024032
supplemental_2023_09_legacy,legacy_vwap,sector_leader,s1_break_reclaim_stable3,protect_3pct_target6pct_3d,5,5,0,0.0,0,0.0,0,0,-0.10038766379832609,-0.10038766379832609,0.0,-0.10038766379832609,-0.10038766379832609,-0.10038766379832609,-0.10038766379832609,-0.1257317423429959,-0.1257317423429959,0.0,-0.1257317423429959,-0.1257317423429959,-0.1257317423429959,-0.1257317423429959
supplemental_2023_09_legacy,legacy_vwap,trend_structure,s1_touch_immediate,next_open_1d,5,5,0,0.0,0,0.0,0,0,-0.09922944923483645,-0.10520376629973327,0.01892159059109333,-0.12035492391615876,-0.10696281266231844,-0.09972481665686983,-0.06390092663910196,-0.10455043392996484,-0.1096472713201947,0.012987974352314437,-0.11790971727963706,-0.1097313010804325,-0.1056314400368571,-0.07983243993270284
supplemental_2023_09_legacy,legacy_vwap,sector_leader,s4_auction_confirmed_reclaim,fast_failure_2pct_target4pct_2d,5,5,0,0.0,0,0.0,0,0,-0.10772555512443327,-0.10772555512443327,0.0,-0.10772555512443327,-0.10772555512443327,-0.10772555512443327,-0.10772555512443327,-0.12356297724886911,-0.12356297724886911,0.0,-0.12356297724886911,-0.12356297724886911,-0.12356297724886911,-0.12356297724886911
supplemental_2023_09_legacy,legacy_vwap,sector_leader,s2_reclaim_recent_high,next_open_2d,5,5,0,0.0,0,0.0,0,0,-0.10968011370553343,-0.10968011370553343,0.0,-0.10968011370553343,-0.10968011370553343,-0.10968011370553343,-0.10968011370553343,-0.16496589933110806,-0.16496589933110806,0.0,-0.16496589933110806,-0.16496589933110806,-0.16496589933110806,-0.16496589933110806
supplemental_2023_09_legacy,legacy_vwap,sector_leader,s2_reclaim_acceleration,fast_failure_2pct_target4pct_2d,5,5,0,0.0,0,0.0,0,0,-0.1151688521673021,-0.1151688521673021,0.0,-0.1151688521673021,-0.1151688521673021,-0.1151688521673021,-0.1151688521673021,-0.102989187612052,-0.102989187612052,0.0,-0.102989187612052,-0.102989187612052,-0.102989187612052,-0.102989187612052
supplemental_2023_09_legacy,legacy_vwap,sector_leader,s1_break_reclaim_stable3,momentum_trail_4pct_5d,5,5,0,0.0,0,0.0,0,0,-0.11536286017292707,-0.11536286017292707,0.0,-0.11536286017292707,-0.11536286017292707,-0.11536286017292707,-0.11536286017292707,-0.13771178745376,-0.13771178745376,0.0,-0.13771178745376,-0.13771178745376,-0.13771178745376,-0.13771178745376
supplemental_2023_09_legacy,legacy_vwap,sector_leader,s2_reclaim_acceleration,next_open_1d,5,5,0,0.0,0,0.0,0,0,-0.12188151858649243,-0.12188151858649243,0.0,-0.12188151858649243,-0.12188151858649243,-0.12188151858649243,-0.12188151858649243,-0.10248716215137477,-0.10248716215137477,0.0,-0.10248716215137477,-0.10248716215137477,-0.10248716215137477,-0.10248716215137477
supplemental_2023_09_legacy,legacy_vwap,sector_leader,ng_r3_volume_quality,momentum_trail_4pct_5d,5,5,0,0.0,0,0.0,0,0,-0.12259943934651663,-0.12259943934651663,0.0,-0.12259943934651663,-0.12259943934651663,-0.12259943934651663,-0.12259943934651663,-0.15030343317350925,-0.15030343317350925,0.0,-0.15030343317350925,-0.15030343317350925,-0.15030343317350925,-0.15030343317350925
supplemental_2023_09_legacy,legacy_vwap,sector_leader,s1_touch_immediate,protect_3pct_target6pct_3d,5,5,0,0.0,0,0.0,0,0,-0.12485921758218876,-0.12485921758218876,0.0,-0.12485921758218876,-0.12485921758218876,-0.12485921758218876,-0.12485921758218876,-0.10409116758455272,-0.10409116758455272,0.0,-0.10409116758455272,-0.10409116758455272,-0.10409116758455272,-0.10409116758455272
supplemental_2023_09_legacy,legacy_vwap,sector_leader,s4_auction_confirmed_reclaim,next_open_1d,5,5,0,0.0,0,0.0,0,0,-0.12834861995395996,-0.12834861995395996,0.0,-0.12834861995395996,-0.12834861995395996,-0.12834861995395996,-0.12834861995395996,-0.14321016525766117,-0.14321016525766117,0.0,-0.14321016525766117,-0.14321016525766117,-0.14321016525766117,-0.14321016525766117
supplemental_2023_09_legacy,legacy_vwap,sector_leader,s0_distance_only,next_open_1d,5,5,0,0.0,0,0.0,0,0,-0.1375624918520384,-0.1375624918520384,0.0,-0.1375624918520384,-0.1375624918520384,-0.1375624918520384,-0.1375624918520384,-0.13179706726916862,-0.13179706726916862,0.0,-0.13179706726916862,-0.13179706726916862,-0.13179706726916862,-0.13179706726916862
supplemental_2023_09_legacy,legacy_vwap,sector_leader,fu_r3_core_pullback,next_open_3d,5,5,0,0.0,0,0.0,0,0,-0.1392660364509163,-0.1392660364509163,0.0,-0.1392660364509163,-0.1392660364509163,-0.1392660364509163,-0.1392660364509163,-0.1529166797872461,-0.1529166797872461,0.0,-0.1529166797872461,-0.1529166797872461,-0.1529166797872461,-0.1529166797872461
supplemental_2023_09_legacy,legacy_vwap,sector_leader,s0_distance_only,momentum_trail_4pct_5d,5,5,0,0.0,0,0.0,0,0,-0.14435306671492965,-0.14435306671492965,0.0,-0.14435306671492965,-0.14435306671492965,-0.14435306671492965,-0.14435306671492965,-0.12840848502008062,-0.12840848502008062,0.0,-0.12840848502008062,-0.12840848502008062,-0.12840848502008062,-0.12840848502008062
supplemental_2023_09_legacy,legacy_vwap,sector_leader,s4_auction_confirmed_reclaim,protect_3pct_target6pct_3d,5,5,0,0.0,0,0.0,0,0,-0.1515590102999349,-0.1515590102999349,0.0,-0.1515590102999349,-0.1515590102999349,-0.1515590102999349,-0.1515590102999349,-0.1609192952243541,-0.1609192952243541,0.0,-0.1609192952243541,-0.1609192952243541,-0.1609192952243541,-0.1609192952243541
supplemental_2023_09_legacy,legacy_vwap,sector_leader,s0_distance_only,next_open_3d,5,5,0,0.0,0,0.0,0,0,-0.16174945027064913,-0.16174945027064913,0.0,-0.16174945027064913,-0.16174945027064913,-0.16174945027064913,-0.16174945027064913,-0.1337679103538083,-0.1337679103538083,0.0,-0.1337679103538083,-0.1337679103538083,-0.1337679103538083,-0.1337679103538083
supplemental_2023_09_legacy,legacy_vwap,sector_leader,s0_distance_only,protect_3pct_target6pct_3d,5,5,0,0.0,0,0.0,0,0,-0.16542465311056975,-0.16542465311056975,0.0,-0.16542465311056975,-0.16542465311056975,-0.16542465311056975,-0.16542465311056975,-0.13914338767295187,-0.13914338767295187,0.0,-0.13914338767295187,-0.13914338767295187,-0.13914338767295187,-0.13914338767295187
