selection_ranker,selection_seed,strategy_id,policy_id,net_return_primary,maximum_drawdown_primary,fully_resolved_primary,net_return_supplemental,maximum_drawdown_supplemental,fully_resolved_supplemental,same_return_sign,return_difference_primary_minus_supplemental
flow_quality,0,cs_r3_leader_confirmation,fast_failure_2pct_target4pct_2d,-0.4643572461,-0.5699835699,False,-0.0310395925,-0.0504062108,True,True,-0.4333176536
flow_quality,0,cs_r3_leader_confirmation,momentum_trail_4pct_5d,-0.4704136357,-0.4822298315,True,-0.0568307205,-0.0774263679,True,True,-0.4135829152
flow_quality,0,cs_r3_leader_confirmation,next_open_1d,-0.4666862253,-0.548394155,False,-0.0763176408,-0.0869555426,True,True,-0.3903685845
flow_quality,0,cs_r3_leader_confirmation,next_open_2d,-0.0698256362,-0.3724685519,False,-0.06918296,-0.1109571802,True,True,-0.0006426761999999975
flow_quality,0,cs_r3_leader_confirmation,next_open_3d,-0.1233224167,-0.2678337757,False,-0.0806010133,-0.102287621,True,True,-0.04272140340000001
flow_quality,0,cs_r3_leader_confirmation,next_open_5d,-0.1595153419,-0.2998847681,True,0.0216483181,-0.0346200414,True,False,-0.18116366
flow_quality,0,cs_r3_leader_confirmation,protect_3pct_target6pct_3d,-0.3204895505,-0.4391572256,False,-0.0472286105,-0.069299537,True,True,-0.27326094
flow_quality,0,fu_r3_core_pullback,fast_failure_2pct_target4pct_2d,-0.364355661,-0.4581472949,True,0.017505122,-0.0399974939,True,False,-0.381860783
flow_quality,0,fu_r3_core_pullback,momentum_trail_4pct_5d,-0.2424318461,-0.3119909448,True,-0.0496420452,-0.0739889249,True,True,-0.19278980089999997
flow_quality,0,fu_r3_core_pullback,next_open_1d,-0.3216780267,-0.4328726963,True,-0.0028955705,-0.0289442361,True,True,-0.3187824562
flow_quality,0,fu_r3_core_pullback,next_open_2d,-0.0710439516,-0.2538683116,True,0.0315079309,-0.024756424,True,False,-0.1025518825
flow_quality,0,fu_r3_core_pullback,next_open_3d,0.1416772633,-0.1883269472,True,-0.0197280592,-0.0451275783,True,False,0.1614053225
flow_quality,0,fu_r3_core_pullback,next_open_5d,-0.0121990902,-0.291744571,True,-0.0077272722,-0.0563910463,True,True,-0.004471818
flow_quality,0,fu_r3_core_pullback,protect_3pct_target6pct_3d,-0.1755435442,-0.2945742732,True,-0.0201175056,-0.0473779303,True,True,-0.1554260386
flow_quality,0,ht_r3_core_pullback,fast_failure_2pct_target4pct_2d,-0.5869859455,-0.5974223489,True,-0.0855601188,-0.106055945,True,True,-0.5014258267
flow_quality,0,ht_r3_core_pullback,momentum_trail_4pct_5d,0.0016236138,-0.2809001836,False,-0.0252639079,-0.0690362296,True,False,0.0268875217
flow_quality,0,ht_r3_core_pullback,next_open_1d,-0.6699371606,-0.6751346715,True,-0.0423271279,-0.0803328903,True,True,-0.6276100326999999
flow_quality,0,ht_r3_core_pullback,next_open_2d,-0.4485804012,-0.4689045613,True,-0.0634930936,-0.0826755855,True,True,-0.3850873076
flow_quality,0,ht_r3_core_pullback,next_open_3d,0.3392136981,-0.2644349198,False,-0.0362456186,-0.0573119001,True,False,0.3754593167
flow_quality,0,ht_r3_core_pullback,next_open_5d,0.0105469906,-0.2528387726,False,-0.035311803,-0.087115985,True,False,0.0458587936
flow_quality,0,ht_r3_core_pullback,protect_3pct_target6pct_3d,-0.2888978719,-0.3793481927,True,-0.1006465327,-0.1219560942,True,True,-0.18825133919999998
flow_quality,0,ng_r1_auction_reclaim,fast_failure_2pct_target4pct_2d,-0.1305827216,-0.2041142482,True,-0.0101088152,-0.0500777066,True,True,-0.12047390640000001
flow_quality,0,ng_r1_auction_reclaim,momentum_trail_4pct_5d,-0.0831590623,-0.2317734277,False,-0.0051167132,-0.0386254235,True,True,-0.0780423491
flow_quality,0,ng_r1_auction_reclaim,next_open_1d,-0.1674553402,-0.2296300701,True,0.0269655345,-0.0348105466,True,False,-0.1944208747
flow_quality,0,ng_r1_auction_reclaim,next_open_2d,-0.2419463929,-0.3021465767,False,-0.0287505542,-0.0459694365,True,True,-0.2131958387
flow_quality,0,ng_r1_auction_reclaim,next_open_3d,0.0085265707,-0.173545207,False,-0.0184054809,-0.032091588,True,False,0.0269320516
flow_quality,0,ng_r1_auction_reclaim,next_open_5d,-0.1802099478,-0.2831235785,False,-0.0157224385,-0.0561017551,True,True,-0.1644875093
flow_quality,0,ng_r1_auction_reclaim,protect_3pct_target6pct_3d,-0.1205396884,-0.2093305094,True,-0.0160528396,-0.0376010275,True,True,-0.1044868488
flow_quality,0,ng_r3_volume_quality,fast_failure_2pct_target4pct_2d,-0.472527255,-0.5253209611,False,-0.0075759497,-0.0624392962,True,True,-0.4649513053
flow_quality,0,ng_r3_volume_quality,momentum_trail_4pct_5d,0.0118311247,-0.2606572922,False,-0.0315622885,-0.0704165182,True,False,0.0433934132
flow_quality,0,ng_r3_volume_quality,next_open_1d,-0.4716948642,-0.5345481205,False,-0.0363417855,-0.0565817707,True,True,-0.4353530787
flow_quality,0,ng_r3_volume_quality,next_open_2d,-0.3009906958,-0.3532470195,False,0.0143947128,-0.0298835583,True,False,-0.3153854086
flow_quality,0,ng_r3_volume_quality,next_open_3d,0.250157771,-0.2239735377,True,0.0112661771,-0.0342431433,True,True,0.23889159389999998
flow_quality,0,ng_r3_volume_quality,next_open_5d,-0.1462580107,-0.3365475829,False,0.0292769133,-0.0455004695,True,False,-0.17553492399999998
flow_quality,0,ng_r3_volume_quality,protect_3pct_target6pct_3d,-0.4631609037,-0.5094969382,False,0.0313041152,-0.0276082409,True,False,-0.4944650189
flow_quality,0,s0_distance_only,fast_failure_2pct_target4pct_2d,-0.4532075226,-0.4669705836,False,-0.0645013305,-0.0735799224,True,True,-0.3887061921
flow_quality,0,s0_distance_only,momentum_trail_4pct_5d,-0.3732959311,-0.4365465611,True,-0.0506504718,-0.0690620241,True,True,-0.3226454593
flow_quality,0,s0_distance_only,next_open_1d,-0.4297451071,-0.4450662958,False,-0.0529184037,-0.0555328081,True,True,-0.3768267034
flow_quality,0,s0_distance_only,next_open_2d,-0.2178070939,-0.2804398123,False,-0.0421977051,-0.0664711037,True,True,-0.1756093888
flow_quality,0,s0_distance_only,next_open_3d,-0.2087311321,-0.2884786847,False,-0.0649767182,-0.0824400255,True,True,-0.1437544139
flow_quality,0,s0_distance_only,next_open_5d,-0.1699427523,-0.3533987247,True,-0.0402491097,-0.0773908032,True,True,-0.1296936426
flow_quality,0,s0_distance_only,protect_3pct_target6pct_3d,-0.2066757843,-0.3658222177,False,-0.0436620064,-0.0595019928,True,True,-0.1630137779
flow_quality,0,s0_strong_no_ma,fast_failure_2pct_target4pct_2d,-0.5000096655,-0.5080281836,False,-0.0138042994,-0.0581030053,False,True,-0.48620536610000004
flow_quality,0,s0_strong_no_ma,momentum_trail_4pct_5d,-0.3829707448,-0.4558608719,False,-0.034014893,-0.0526209032,True,True,-0.3489558518
flow_quality,0,s0_strong_no_ma,next_open_1d,-0.5139631437,-0.5217578851,False,-0.0429892938,-0.0555147404,True,True,-0.47097384989999996
flow_quality,0,s0_strong_no_ma,next_open_2d,-0.4386234816,-0.4876237799,False,-0.0352514679,-0.0593883246,True,True,-0.4033720137
flow_quality,0,s0_strong_no_ma,next_open_3d,-0.4337571515,-0.4790449682,False,-0.0847972079,-0.1136229552,True,True,-0.3489599436
flow_quality,0,s0_strong_no_ma,next_open_5d,-0.0567473979,-0.3050473587,False,-0.0514234275,-0.0840574925,True,True,-0.005323970400000003
flow_quality,0,s0_strong_no_ma,protect_3pct_target6pct_3d,-0.3153438079,-0.4283190121,False,-0.0815831231,-0.0986938183,True,True,-0.2337606848
flow_quality,0,s1_break_reclaim_stable3,fast_failure_2pct_target4pct_2d,-0.4700910329,-0.492061834,False,0.0496699432,-0.025639412,True,False,-0.5197609760999999
flow_quality,0,s1_break_reclaim_stable3,momentum_trail_4pct_5d,-0.1503894948,-0.2779284161,True,-0.0255759537,-0.0472932179,True,True,-0.1248135411
flow_quality,0,s1_break_reclaim_stable3,next_open_1d,-0.4530042214,-0.4763857354,False,0.0012844421,-0.0571982286,True,False,-0.4542886635
flow_quality,0,s1_break_reclaim_stable3,next_open_2d,-0.2286008894,-0.3172199854,False,0.0101707984,-0.0288181012,True,False,-0.23877168780000002
flow_quality,0,s1_break_reclaim_stable3,next_open_3d,-0.2054912491,-0.2932270194,True,0.0017771698,-0.033198033,True,False,-0.2072684189
flow_quality,0,s1_break_reclaim_stable3,next_open_5d,-0.1333504854,-0.2465970818,True,0.0181888229,-0.0350661416,True,False,-0.1515393083
flow_quality,0,s1_break_reclaim_stable3,protect_3pct_target6pct_3d,-0.3161849596,-0.3355619485,False,-0.0224669466,-0.0519913986,True,True,-0.293718013
flow_quality,0,s1_near_reversal,fast_failure_2pct_target4pct_2d,-0.3242043932,-0.3762755303,False,-0.0510870122,-0.0740665902,True,True,-0.273117381
flow_quality,0,s1_near_reversal,momentum_trail_4pct_5d,-0.4838544436,-0.491236379,True,-0.0285909697,-0.0741016364,True,True,-0.4552634739
flow_quality,0,s1_near_reversal,next_open_1d,-0.4114988959,-0.4532128601,False,-0.0463237308,-0.0621449682,True,True,-0.3651751651
flow_quality,0,s1_near_reversal,next_open_2d,-0.2233864202,-0.2848270519,True,-0.0102533076,-0.0421237856,True,True,-0.21313311259999998
flow_quality,0,s1_near_reversal,next_open_3d,-0.2682512512,-0.2981935245,True,-0.0454149914,-0.0620546917,True,True,-0.2228362598
flow_quality,0,s1_near_reversal,next_open_5d,-0.2099152733,-0.3682736015,True,-0.0409131391,-0.0714989,True,True,-0.16900213420000001
flow_quality,0,s1_near_reversal,protect_3pct_target6pct_3d,-0.2539332264,-0.3499774433,False,-0.0433373945,-0.0664309723,True,True,-0.21059583189999997
flow_quality,0,s1_touch_immediate,fast_failure_2pct_target4pct_2d,-0.0961958975,-0.3124584874,False,-0.0321581368,-0.0585879913,True,True,-0.0640377607
flow_quality,0,s1_touch_immediate,momentum_trail_4pct_5d,0.0245937182,-0.1986136004,False,-0.024937465,-0.0524371619,True,False,0.049531183199999995
flow_quality,0,s1_touch_immediate,next_open_1d,-0.1523131842,-0.3642005489,False,-0.0190172485,-0.0406144043,True,True,-0.1332959357
flow_quality,0,s1_touch_immediate,next_open_2d,0.2002510761,-0.180223278,False,-0.0305281952,-0.0654380263,True,False,0.2307792713
flow_quality,0,s1_touch_immediate,next_open_3d,-0.136329077,-0.2493253237,True,-0.0346362361,-0.0611385751,True,True,-0.1016928409
flow_quality,0,s1_touch_immediate,next_open_5d,-0.320732112,-0.323970497,True,-0.073747567,-0.100197999,True,True,-0.246984545
flow_quality,0,s1_touch_immediate,protect_3pct_target6pct_3d,-0.2998772941,-0.3112020358,False,0.0099248906,-0.0314770636,True,False,-0.30980218470000004
flow_quality,0,s1_touch_reclaim,fast_failure_2pct_target4pct_2d,-0.3114139442,-0.3716018496,False,0.0126411288,-0.04835834,True,False,-0.324055073
flow_quality,0,s1_touch_reclaim,momentum_trail_4pct_5d,-0.1749482503,-0.2772966354,True,-0.0025669128,-0.0364860987,True,True,-0.1723813375
flow_quality,0,s1_touch_reclaim,next_open_1d,-0.383804206,-0.3915942551,False,-0.0086656992,-0.040181013,True,True,-0.3751385068
flow_quality,0,s1_touch_reclaim,next_open_2d,-0.4231065962,-0.450661506,True,0.032249573,-0.0397006368,True,False,-0.4553561692
flow_quality,0,s1_touch_reclaim,next_open_3d,-0.4078981827,-0.4998723454,True,-0.0800579974,-0.0959355956,True,True,-0.32784018530000003
flow_quality,0,s1_touch_reclaim,next_open_5d,-0.0495246002,-0.2480213617,True,0.0303485863,-0.0456501039,True,False,-0.0798731865
flow_quality,0,s1_touch_reclaim,protect_3pct_target6pct_3d,-0.3713143713,-0.3844667348,False,-0.0342567793,-0.0770059881,True,True,-0.337057592
flow_quality,0,s2_first_touch_reclaim,fast_failure_2pct_target4pct_2d,-0.3635785524,-0.4220215882,False,-0.0465733027,-0.0723136916,True,True,-0.3170052497
flow_quality,0,s2_first_touch_reclaim,momentum_trail_4pct_5d,-0.2105406007,-0.2954786114,False,-0.0246292757,-0.0605306839,True,True,-0.185911325
flow_quality,0,s2_first_touch_reclaim,next_open_1d,-0.4090683035,-0.4542073778,False,-0.0477789354,-0.0721145357,True,True,-0.3612893681
flow_quality,0,s2_first_touch_reclaim,next_open_2d,-0.3120883242,-0.3507069102,False,-0.0484592802,-0.0888136404,True,True,-0.263629044
flow_quality,0,s2_first_touch_reclaim,next_open_3d,-0.0989056047,-0.2828222861,True,0.0105299073,-0.0343135013,True,False,-0.109435512
flow_quality,0,s2_first_touch_reclaim,next_open_5d,-0.3355307267,-0.4302785732,True,-0.041320635,-0.0831564235,True,True,-0.2942100917
flow_quality,0,s2_first_touch_reclaim,protect_3pct_target6pct_3d,-0.3925311515,-0.4619194291,False,-0.0219789967,-0.0664220966,True,True,-0.37055215480000003
flow_quality,0,s2_reclaim_acceleration,fast_failure_2pct_target4pct_2d,-0.5272917087,-0.5577186165,False,-0.046416461,-0.0722372466,True,True,-0.48087524769999995
flow_quality,0,s2_reclaim_acceleration,momentum_trail_4pct_5d,-0.3257421392,-0.452087644,True,-0.0465369358,-0.0751989791,True,True,-0.2792052034
flow_quality,0,s2_reclaim_acceleration,next_open_1d,-0.5777414393,-0.5946357191,False,-0.046019826,-0.0669043837,True,True,-0.5317216133
flow_quality,0,s2_reclaim_acceleration,next_open_2d,-0.0870700699,-0.2551760612,False,-0.050046366,-0.073223628,True,True,-0.0370237039
flow_quality,0,s2_reclaim_acceleration,next_open_3d,-0.1786501389,-0.3725063244,False,-0.0163121711,-0.0431556571,True,True,-0.1623379678
flow_quality,0,s2_reclaim_acceleration,next_open_5d,0.2108874391,-0.2285799793,True,-0.0207609702,-0.0515828825,True,False,0.2316484093
flow_quality,0,s2_reclaim_acceleration,protect_3pct_target6pct_3d,-0.3090421325,-0.3723661606,False,-0.0091941363,-0.0381534801,True,True,-0.2998479962
flow_quality,0,s2_reclaim_bull_stack,fast_failure_2pct_target4pct_2d,-0.7049210846,-0.7151052555,False,-0.0500992064,-0.0645103146,False,True,-0.6548218782
flow_quality,0,s2_reclaim_bull_stack,momentum_trail_4pct_5d,-0.6570751123,-0.6892357493,True,-0.0607190522,-0.0756819037,True,True,-0.5963560601000001
flow_quality,0,s2_reclaim_bull_stack,next_open_1d,-0.5077768324,-0.5304759929,False,-0.0031014274,-0.0617257022,True,True,-0.5046754050000001
flow_quality,0,s2_reclaim_bull_stack,next_open_2d,-0.117771697,-0.3025937154,False,-0.0218231098,-0.0582890085,True,True,-0.09594858719999999
flow_quality,0,s2_reclaim_bull_stack,next_open_3d,-0.5415286569,-0.6033489833,False,0.044631773,-0.0246042948,True,False,-0.5861604299
flow_quality,0,s2_reclaim_bull_stack,next_open_5d,-0.3122502332,-0.499631961,False,-0.0413299553,-0.0498685535,True,True,-0.2709202779
flow_quality,0,s2_reclaim_bull_stack,protect_3pct_target6pct_3d,-0.7023045375,-0.719012878,False,-0.0541215829,-0.0662840403,True,True,-0.6481829546
flow_quality,0,s2_reclaim_daily_trend,fast_failure_2pct_target4pct_2d,-0.4735815061,-0.4907780111,False,-0.023758216,-0.0381719373,True,True,-0.4498232901
flow_quality,0,s2_reclaim_daily_trend,momentum_trail_4pct_5d,-0.3384266499,-0.4385564923,True,-0.0461074718,-0.0512980784,True,True,-0.29231917809999997
flow_quality,0,s2_reclaim_daily_trend,next_open_1d,-0.3862935389,-0.39128166,False,-0.0910052306,-0.0823447906,True,True,-0.2952883083
flow_quality,0,s2_reclaim_daily_trend,next_open_2d,0.0790138059,-0.2250962315,False,-0.0803042949,-0.0776903186,True,False,0.1593181008
flow_quality,0,s2_reclaim_daily_trend,next_open_3d,0.0718346476,-0.2356440554,False,-0.0356285755,-0.033652831,True,False,0.1074632231
flow_quality,0,s2_reclaim_daily_trend,next_open_5d,-0.0220870202,-0.3458185029,True,-0.0473848447,-0.0461184307,True,True,0.025297824499999996
flow_quality,0,s2_reclaim_daily_trend,protect_3pct_target6pct_3d,-0.5003208171,-0.5100418709,False,-0.0602175925,-0.0607512807,True,True,-0.44010322459999995
flow_quality,0,s2_reclaim_positive_slope,fast_failure_2pct_target4pct_2d,-0.2618032206,-0.2848969459,False,-0.0320730132,-0.0566493881,True,True,-0.2297302074
flow_quality,0,s2_reclaim_positive_slope,momentum_trail_4pct_5d,-0.2733038343,-0.318679781,True,-0.0425868126,-0.0834430442,True,True,-0.2307170217
flow_quality,0,s2_reclaim_positive_slope,next_open_1d,-0.223769389,-0.369350988,False,-0.0413771234,-0.0835017576,True,True,-0.18239226560000002
flow_quality,0,s2_reclaim_positive_slope,next_open_2d,-0.2602661207,-0.3592295013,True,-0.018640384,-0.0660704968,True,True,-0.24162573669999998
flow_quality,0,s2_reclaim_positive_slope,next_open_3d,-0.1461895618,-0.3613367291,False,0.0004035047,-0.0340212398,True,False,-0.1465930665
flow_quality,0,s2_reclaim_positive_slope,next_open_5d,-0.1493431589,-0.3473089358,False,0.0107714336,-0.0303463088,True,False,-0.16011459249999999
flow_quality,0,s2_reclaim_positive_slope,protect_3pct_target6pct_3d,-0.3442417373,-0.3720173723,False,-0.0176956907,-0.0531349455,True,True,-0.32654604660000003
flow_quality,0,s2_reclaim_recent_high,fast_failure_2pct_target4pct_2d,-0.6948657339,-0.7167707979,False,-0.1059824927,-0.1310587592,True,True,-0.5888832411999999
flow_quality,0,s2_reclaim_recent_high,momentum_trail_4pct_5d,-0.5375642671,-0.5422347888,False,-0.0399938231,-0.0758622949,True,True,-0.49757044400000006
flow_quality,0,s2_reclaim_recent_high,next_open_1d,-0.7800383433,-0.7914321688,False,-0.067590346,-0.1344835434,True,True,-0.7124479973
flow_quality,0,s2_reclaim_recent_high,next_open_2d,-0.5306061439,-0.579466952,False,-0.0713663354,-0.0981202056,True,True,-0.45923980850000007
flow_quality,0,s2_reclaim_recent_high,next_open_3d,-0.5296513621,-0.5488806,False,0.0108479496,-0.0293957009,True,False,-0.5404993117
flow_quality,0,s2_reclaim_recent_high,next_open_5d,-0.4460693094,-0.4515613952,True,0.0021493664,-0.0479781062,True,False,-0.4482186758
flow_quality,0,s2_reclaim_recent_high,protect_3pct_target6pct_3d,-0.719152995,-0.7274984087,False,-0.0651311506,-0.1011352557,True,True,-0.6540218444
flow_quality,0,s4_auction_confirmed_reclaim,fast_failure_2pct_target4pct_2d,-0.1720325992,-0.477041252,False,-0.0536929719,-0.0833488917,True,True,-0.1183396273
flow_quality,0,s4_auction_confirmed_reclaim,momentum_trail_4pct_5d,-0.1356400042,-0.3777859755,False,-0.0750771531,-0.0961602807,True,True,-0.060562851099999995
flow_quality,0,s4_auction_confirmed_reclaim,next_open_1d,-0.1844106585,-0.3707013208,False,-0.0611449392,-0.0894926011,True,True,-0.12326571929999999
flow_quality,0,s4_auction_confirmed_reclaim,next_open_2d,0.1308798863,-0.2667021753,False,-0.0339697855,-0.0666899488,True,False,0.16484967179999999
flow_quality,0,s4_auction_confirmed_reclaim,next_open_3d,-0.0591388078,-0.2060994811,False,-0.0324498096,-0.0597408564,True,True,-0.0266889982
flow_quality,0,s4_auction_confirmed_reclaim,next_open_5d,-0.0838902775,-0.3159204175,True,0.012372903,-0.0397287998,True,False,-0.0962631805
flow_quality,0,s4_auction_confirmed_reclaim,protect_3pct_target6pct_3d,-0.2380497407,-0.3837448279,False,-0.0352382263,-0.058567068,True,True,-0.2028115144
flow_quality,0,s4_reclaim_amount_acceleration,fast_failure_2pct_target4pct_2d,-0.157868226,-0.2659861556,False,-0.0031497611,-0.0296234191,True,True,-0.1547184649
flow_quality,0,s4_reclaim_amount_acceleration,momentum_trail_4pct_5d,0.1361957165,-0.1846120589,True,-0.0230257067,-0.0372912199,True,False,0.15922142320000002
flow_quality,0,s4_reclaim_amount_acceleration,next_open_1d,-0.103723188,-0.3215173974,False,-0.0442024583,-0.0484877374,True,True,-0.0595207297
flow_quality,0,s4_reclaim_amount_acceleration,next_open_2d,-0.0112044069,-0.2738435506,False,0.0119636795,-0.0289670627,True,False,-0.0231680864
flow_quality,0,s4_reclaim_amount_acceleration,next_open_3d,0.2721169132,-0.2366654019,True,-0.043523287,-0.0715290692,True,False,0.3156402002
flow_quality,0,s4_reclaim_amount_acceleration,next_open_5d,0.1150812929,-0.1682095715,True,-0.0080490101,-0.0462038319,True,False,0.12313030300000001
flow_quality,0,s4_reclaim_amount_acceleration,protect_3pct_target6pct_3d,-0.036683232,-0.199891314,True,-0.0127842571,-0.0316803297,True,True,-0.0238989749
flow_quality,0,s4_reclaim_volume_normal,fast_failure_2pct_target4pct_2d,-0.4213792803,-0.4455493904,True,-0.0361360313,-0.0709364083,True,True,-0.385243249
flow_quality,0,s4_reclaim_volume_normal,momentum_trail_4pct_5d,-0.0386254653,-0.2814697715,True,-0.0541211326,-0.0839008625,True,True,0.015495667300000002
flow_quality,0,s4_reclaim_volume_normal,next_open_1d,-0.5485844007,-0.565209791,False,-0.0459850784,-0.0703381029,True,True,-0.5025993223
flow_quality,0,s4_reclaim_volume_normal,next_open_2d,-0.2144357376,-0.2893604687,False,-0.0218869612,-0.0471391476,True,True,-0.1925487764
flow_quality,0,s4_reclaim_volume_normal,next_open_3d,-0.086245157,-0.2503347942,True,-0.0132333155,-0.0414691852,True,True,-0.07301184150000001
flow_quality,0,s4_reclaim_volume_normal,next_open_5d,0.0682074666,-0.2924496366,False,-0.057960277,-0.0849889585,True,False,0.1261677436
flow_quality,0,s4_reclaim_volume_normal,protect_3pct_target6pct_3d,-0.2356292601,-0.2909883914,True,-0.0255329329,-0.0559224662,True,True,-0.2100963272
flow_quality,0,s4_reclaim_volume_proxy,fast_failure_2pct_target4pct_2d,-0.5477118211,-0.5664083915,False,-0.0844193077,-0.0828942027,True,True,-0.46329251340000005
flow_quality,0,s4_reclaim_volume_proxy,momentum_trail_4pct_5d,-0.2642031343,-0.3532285329,False,-0.0639439504,-0.068921686,True,True,-0.20025918389999997
flow_quality,0,s4_reclaim_volume_proxy,next_open_1d,-0.3348619356,-0.3642082997,False,-0.0766892109,-0.0848935323,False,True,-0.25817272469999997
flow_quality,0,s4_reclaim_volume_proxy,next_open_2d,-0.3489439282,-0.4514403673,True,-0.028532004,-0.05246936,True,True,-0.3204119242
flow_quality,0,s4_reclaim_volume_proxy,next_open_3d,-0.2707156505,-0.3715949835,False,-0.034681613,-0.0508374361,True,True,-0.23603403750000002
flow_quality,0,s4_reclaim_volume_proxy,next_open_5d,-0.0212921515,-0.2759127791,False,-0.0715479561,-0.0743191631,True,True,0.05025580460000001
flow_quality,0,s4_reclaim_volume_proxy,protect_3pct_target6pct_3d,-0.3158759565,-0.3811607467,False,-0.0937455793,-0.0968726475,True,True,-0.2221303772
flow_quality,0,s4_reclaim_vwap_support,fast_failure_2pct_target4pct_2d,-0.5805930396,-0.5892704108,True,0.0045498916,-0.0263782835,True,False,-0.5851429311999999
flow_quality,0,s4_reclaim_vwap_support,momentum_trail_4pct_5d,-0.5026017244,-0.5187156971,True,-0.0452125661,-0.0571513818,True,True,-0.45738915829999993
flow_quality,0,s4_reclaim_vwap_support,next_open_1d,-0.451162869,-0.4881084751,False,-0.0432864195,-0.0710796651,True,True,-0.4078764495
flow_quality,0,s4_reclaim_vwap_support,next_open_2d,-0.3338357148,-0.3611495163,True,-0.0695398894,-0.0953999448,True,True,-0.2642958254
flow_quality,0,s4_reclaim_vwap_support,next_open_3d,-0.075087218,-0.2598966659,False,-0.0273072944,-0.0520019558,True,True,-0.047779923599999996
flow_quality,0,s4_reclaim_vwap_support,next_open_5d,-0.2498418009,-0.3371893566,True,-0.0495232831,-0.061037347,True,True,-0.20031851779999998
flow_quality,0,s4_reclaim_vwap_support,protect_3pct_target6pct_3d,-0.4409609335,-0.4752947846,False,-0.0318781522,-0.0326033499,True,True,-0.4090827813
flow_quality,1,cs_r3_leader_confirmation,fast_failure_2pct_target4pct_2d,-0.5773719823,-0.604119568,False,-0.0147166234,-0.0497285215,True,True,-0.5626553589
flow_quality,1,cs_r3_leader_confirmation,momentum_trail_4pct_5d,-0.4113981653,-0.4490171566,False,-0.0142426665,-0.0305622516,True,True,-0.3971554988
flow_quality,1,cs_r3_leader_confirmation,next_open_1d,-0.6131999219,-0.622069147,False,-0.0748864147,-0.0956902782,True,True,-0.5383135071999999
flow_quality,1,cs_r3_leader_confirmation,next_open_2d,-0.1291635414,-0.3157693429,False,0.0050800344,-0.0449999026,True,False,-0.1342435758
flow_quality,1,cs_r3_leader_confirmation,next_open_3d,-0.3536029754,-0.5476220024,False,0.0077542475,-0.0535438329,True,False,-0.3613572229
flow_quality,1,cs_r3_leader_confirmation,next_open_5d,-0.1102649547,-0.3024839587,False,-0.0419170141,-0.0585272157,True,True,-0.0683479406
flow_quality,1,cs_r3_leader_confirmation,protect_3pct_target6pct_3d,-0.3430638826,-0.3508962844,False,-0.0150934619,-0.0562749525,True,True,-0.3279704207
flow_quality,1,fu_r3_core_pullback,fast_failure_2pct_target4pct_2d,-0.0947758813,-0.324928193,True,-0.0483409034,-0.0653756272,True,True,-0.0464349779
flow_quality,1,fu_r3_core_pullback,momentum_trail_4pct_5d,-0.0681945287,-0.2283694892,False,-0.0390469495,-0.0547635983,True,True,-0.02914757920000001
flow_quality,1,fu_r3_core_pullback,next_open_1d,-0.2536264048,-0.3458700944,False,-0.0328429043,-0.0549584056,True,True,-0.22078350049999998
flow_quality,1,fu_r3_core_pullback,next_open_2d,-0.1173653032,-0.3034980622,True,-0.0226829663,-0.0497976039,True,True,-0.09468233690000001
flow_quality,1,fu_r3_core_pullback,next_open_3d,-0.1428029143,-0.3086002444,True,-2.015e-07,-0.0317720719,True,True,-0.1428027128
flow_quality,1,fu_r3_core_pullback,next_open_5d,-0.2148701981,-0.2820760073,False,-0.0294892198,-0.0504386383,True,True,-0.1853809783
flow_quality,1,fu_r3_core_pullback,protect_3pct_target6pct_3d,-0.2056058684,-0.3747104755,True,-0.0734601873,-0.0863191086,True,True,-0.13214568110000002
flow_quality,1,ht_r3_core_pullback,fast_failure_2pct_target4pct_2d,-0.618582587,-0.6667856462,False,-0.0258684936,-0.0626741507,True,True,-0.5927140934
flow_quality,1,ht_r3_core_pullback,momentum_trail_4pct_5d,-0.4854207798,-0.5491233185,False,-0.044866217,-0.0579614627,True,True,-0.4405545628
flow_quality,1,ht_r3_core_pullback,next_open_1d,-0.5254733553,-0.6029979271,False,-0.0508073454,-0.0738005173,True,True,-0.47466600989999996
flow_quality,1,ht_r3_core_pullback,next_open_2d,-0.2041166397,-0.4585137412,False,-0.0385790034,-0.0509916478,True,True,-0.16553763629999999
flow_quality,1,ht_r3_core_pullback,next_open_3d,-0.1798049302,-0.3499205444,False,-0.0443197056,-0.0561256795,True,True,-0.13548522459999998
flow_quality,1,ht_r3_core_pullback,next_open_5d,-0.1676159545,-0.3702395303,False,-0.0359319863,-0.0568716983,True,True,-0.1316839682
flow_quality,1,ht_r3_core_pullback,protect_3pct_target6pct_3d,-0.5745439945,-0.6344046915,False,-0.0527637252,-0.07403256,True,True,-0.5217802693
flow_quality,1,ng_r1_auction_reclaim,fast_failure_2pct_target4pct_2d,-0.0690560297,-0.1804443255,True,-0.0302356655,-0.0479495725,True,True,-0.03882036419999999
flow_quality,1,ng_r1_auction_reclaim,momentum_trail_4pct_5d,-0.0708497516,-0.2028779021,False,-0.0399037811,-0.0467566038,True,True,-0.030945970499999996
flow_quality,1,ng_r1_auction_reclaim,next_open_1d,0.0170041261,-0.1681032628,False,0.0255970607,-0.0354219719,True,True,-0.008592934600000001
flow_quality,1,ng_r1_auction_reclaim,next_open_2d,-0.2929479594,-0.3486429856,False,-0.0242921682,-0.048365513,True,True,-0.2686557912
flow_quality,1,ng_r1_auction_reclaim,next_open_3d,-0.1961786731,-0.2684266774,False,-0.0313837146,-0.0445239456,True,True,-0.1647949585
flow_quality,1,ng_r1_auction_reclaim,next_open_5d,-0.1713035203,-0.2608348777,False,-0.0368282288,-0.073698068,True,True,-0.1344752915
flow_quality,1,ng_r1_auction_reclaim,protect_3pct_target6pct_3d,-0.0642623407,-0.1905566151,True,-0.0279745645,-0.0473571957,True,True,-0.0362877762
flow_quality,1,ng_r3_volume_quality,fast_failure_2pct_target4pct_2d,-0.4767566766,-0.4864127184,True,-0.0721689274,-0.1011034711,False,True,-0.40458774919999996
flow_quality,1,ng_r3_volume_quality,momentum_trail_4pct_5d,-0.3648553234,-0.3814642684,False,-0.0555885068,-0.0856596357,True,True,-0.3092668166
flow_quality,1,ng_r3_volume_quality,next_open_1d,-0.5810662708,-0.6008653338,False,-0.046376155,-0.0703986099,False,True,-0.5346901157999999
flow_quality,1,ng_r3_volume_quality,next_open_2d,-0.0269426197,-0.2293719365,False,-0.045049399,-0.0799042713,True,True,0.018106779299999997
flow_quality,1,ng_r3_volume_quality,next_open_3d,0.0501361994,-0.1581528654,True,-0.032757125,-0.0627321113,False,False,0.0828933244
flow_quality,1,ng_r3_volume_quality,next_open_5d,0.0836279065,-0.266421966,False,-0.0382906951,-0.0761428672,True,False,0.12191860160000001
flow_quality,1,ng_r3_volume_quality,protect_3pct_target6pct_3d,-0.2691256613,-0.3293811855,False,-0.0514444416,-0.0931522139,True,True,-0.21768121969999998
flow_quality,1,s0_distance_only,fast_failure_2pct_target4pct_2d,-0.3569102468,-0.3974361659,False,-0.0674977844,-0.0829933846,True,True,-0.2894124624
flow_quality,1,s0_distance_only,momentum_trail_4pct_5d,0.0328735648,-0.2776253493,True,-0.02937753,-0.0466233102,True,False,0.0622510948
flow_quality,1,s0_distance_only,next_open_1d,-0.4936505626,-0.500307487,True,-0.0026421561,-0.051294377,True,True,-0.4910084065
flow_quality,1,s0_distance_only,next_open_2d,-0.2356796641,-0.309619847,True,0.0054455967,-0.0444736288,True,False,-0.2411252608
flow_quality,1,s0_distance_only,next_open_3d,-0.1981382326,-0.2490284479,False,-0.01022213,-0.043934587,True,True,-0.1879161026
flow_quality,1,s0_distance_only,next_open_5d,0.0042541887,-0.2430452987,True,-0.0562404468,-0.0704320381,True,False,0.060494635500000005
flow_quality,1,s0_distance_only,protect_3pct_target6pct_3d,0.1105067577,-0.193018733,False,-0.0135162707,-0.0575435756,True,False,0.1240230284
flow_quality,1,s0_strong_no_ma,fast_failure_2pct_target4pct_2d,-0.5110228377,-0.56246334,False,-0.0169848602,-0.0559906193,True,True,-0.4940379775
flow_quality,1,s0_strong_no_ma,momentum_trail_4pct_5d,-0.3449501476,-0.3910572935,True,-0.0125051248,-0.0370942898,True,True,-0.3324450228
flow_quality,1,s0_strong_no_ma,next_open_1d,-0.1643160197,-0.3962295687,False,-0.0567981242,-0.0904710253,True,True,-0.10751789550000002
flow_quality,1,s0_strong_no_ma,next_open_2d,-0.2168867277,-0.3138146793,False,-0.0256589623,-0.0451487353,True,True,-0.1912277654
flow_quality,1,s0_strong_no_ma,next_open_3d,-0.4171652132,-0.4419554336,False,-0.0862381004,-0.0944323214,True,True,-0.3309271128
flow_quality,1,s0_strong_no_ma,next_open_5d,-0.2413536184,-0.357086149,False,-0.0107886928,-0.0599854809,True,True,-0.2305649256
flow_quality,1,s0_strong_no_ma,protect_3pct_target6pct_3d,-0.3407012788,-0.3825593561,False,-0.0898535724,-0.0946435134,True,True,-0.2508477064
flow_quality,1,s1_break_reclaim_stable3,fast_failure_2pct_target4pct_2d,-0.302554699,-0.4098447076,False,0.0268952472,-0.0310579742,True,False,-0.3294499462
flow_quality,1,s1_break_reclaim_stable3,momentum_trail_4pct_5d,-0.0866487295,-0.2023658601,False,0.0245330047,-0.0622840789,True,False,-0.1111817342
flow_quality,1,s1_break_reclaim_stable3,next_open_1d,-0.4634729077,-0.5156013202,False,0.0026663957,-0.0367755539,True,False,-0.4661393034
flow_quality,1,s1_break_reclaim_stable3,next_open_2d,-0.0834534239,-0.3620127863,False,0.0752456231,-0.0296902427,True,False,-0.158699047
flow_quality,1,s1_break_reclaim_stable3,next_open_3d,-0.1948547571,-0.3441233819,False,-0.0044119549,-0.0496765855,True,True,-0.1904428022
flow_quality,1,s1_break_reclaim_stable3,next_open_5d,-0.3189564419,-0.385893452,False,-0.0127290717,-0.069425425,True,True,-0.3062273702
flow_quality,1,s1_break_reclaim_stable3,protect_3pct_target6pct_3d,-0.2052961425,-0.3057487709,False,-0.0381032774,-0.0697555658,True,True,-0.1671928651
flow_quality,1,s1_near_reversal,fast_failure_2pct_target4pct_2d,-0.6145947681,-0.6197116346,True,-0.0571986028,-0.0842028754,True,True,-0.5573961653
flow_quality,1,s1_near_reversal,momentum_trail_4pct_5d,-0.3741004647,-0.3861687601,False,-0.0201518463,-0.0755496927,True,True,-0.3539486184
flow_quality,1,s1_near_reversal,next_open_1d,-0.5407352296,-0.541131457,True,-0.0603573136,-0.0885506552,True,True,-0.48037791599999996
flow_quality,1,s1_near_reversal,next_open_2d,-0.240561684,-0.3507323941,False,-0.0178094335,-0.0637568664,True,True,-0.2227522505
flow_quality,1,s1_near_reversal,next_open_3d,-0.2340434178,-0.2772065726,False,-0.0200761276,-0.0565659978,True,True,-0.2139672902
flow_quality,1,s1_near_reversal,next_open_5d,-0.1257434923,-0.2679398109,False,-0.0401466823,-0.0795592137,True,True,-0.08559681000000001
flow_quality,1,s1_near_reversal,protect_3pct_target6pct_3d,-0.1085229875,-0.2450816283,False,-0.0400124509,-0.0724953923,True,True,-0.0685105366
flow_quality,1,s1_touch_immediate,fast_failure_2pct_target4pct_2d,-0.5601229748,-0.553627304,True,0.0297077206,-0.0291550195,True,False,-0.5898306954
flow_quality,1,s1_touch_immediate,momentum_trail_4pct_5d,-0.1335795466,-0.2734676445,True,-0.0497499235,-0.0734939485,True,True,-0.08382962309999999
flow_quality,1,s1_touch_immediate,next_open_1d,-0.5027203727,-0.5108941081,True,-0.0471184639,-0.0726863771,True,True,-0.4556019088
flow_quality,1,s1_touch_immediate,next_open_2d,-0.5105373554,-0.5221864435,False,-0.0301056413,-0.0544180244,True,True,-0.4804317141
flow_quality,1,s1_touch_immediate,next_open_3d,-0.5401713085,-0.5358933902,True,-0.0489984919,-0.0691121431,True,True,-0.49117281659999995
flow_quality,1,s1_touch_immediate,next_open_5d,-0.2499799871,-0.3657274628,False,-0.0509599063,-0.0730852044,True,True,-0.1990200808
flow_quality,1,s1_touch_immediate,protect_3pct_target6pct_3d,-0.3830295,-0.4043418551,False,-0.0283896247,-0.0597954031,True,True,-0.3546398753
flow_quality,1,s1_touch_reclaim,fast_failure_2pct_target4pct_2d,-0.4045737624,-0.4433160087,True,-0.0151739875,-0.0806360004,False,True,-0.3893997749
flow_quality,1,s1_touch_reclaim,momentum_trail_4pct_5d,-0.2437000234,-0.3137423098,True,-0.0517981256,-0.0639611283,True,True,-0.1919018978
flow_quality,1,s1_touch_reclaim,next_open_1d,-0.3879076644,-0.449419486,False,-0.0766869733,-0.1240969292,False,True,-0.3112206911
flow_quality,1,s1_touch_reclaim,next_open_2d,-0.3898284453,-0.3908545387,False,-0.0163844145,-0.0624266272,True,True,-0.3734440308
flow_quality,1,s1_touch_reclaim,next_open_3d,-0.0900026436,-0.2623308145,False,-0.0774430868,-0.0985749542,True,True,-0.012559556799999996
flow_quality,1,s1_touch_reclaim,next_open_5d,-0.2056668087,-0.2792151543,True,-0.0479180691,-0.0618996309,True,True,-0.15774873960000002
flow_quality,1,s1_touch_reclaim,protect_3pct_target6pct_3d,-0.216957981,-0.2875870247,False,-0.0985164118,-0.1095002065,True,True,-0.1184415692
flow_quality,1,s2_first_touch_reclaim,fast_failure_2pct_target4pct_2d,-0.3401143506,-0.3506577296,False,-0.0289389254,-0.0427700976,True,True,-0.3111754252
flow_quality,1,s2_first_touch_reclaim,momentum_trail_4pct_5d,-0.1219156196,-0.2203123676,True,-0.0370526752,-0.0540256658,True,True,-0.0848629444
flow_quality,1,s2_first_touch_reclaim,next_open_1d,-0.3096880782,-0.3793267348,False,-0.1044991602,-0.1057029164,True,True,-0.205188918
flow_quality,1,s2_first_touch_reclaim,next_open_2d,-0.3192482238,-0.380194536,False,-0.0844197493,-0.1005330858,True,True,-0.2348284745
flow_quality,1,s2_first_touch_reclaim,next_open_3d,-0.1199675915,-0.2589721571,False,-0.0281367175,-0.0421998065,True,True,-0.091830874
flow_quality,1,s2_first_touch_reclaim,next_open_5d,-0.234719768,-0.3023533782,True,-0.0369979241,-0.0664772802,True,True,-0.1977218439
flow_quality,1,s2_first_touch_reclaim,protect_3pct_target6pct_3d,-0.1036468734,-0.3317569576,False,-0.0336836422,-0.0540538441,True,True,-0.0699632312
flow_quality,1,s2_reclaim_acceleration,fast_failure_2pct_target4pct_2d,-0.4017530899,-0.4569722113,False,-0.0192335474,-0.0543338219,True,True,-0.38251954250000003
flow_quality,1,s2_reclaim_acceleration,momentum_trail_4pct_5d,-0.0350363145,-0.2423504355,True,0.0086363227,-0.0356909168,True,False,-0.0436726372
flow_quality,1,s2_reclaim_acceleration,next_open_1d,-0.481700616,-0.5208794513,False,-0.059783421,-0.0727853109,True,True,-0.421917195
flow_quality,1,s2_reclaim_acceleration,next_open_2d,-0.2971577116,-0.3854077981,False,0.0415518072,-0.0487052587,True,False,-0.3387095188
flow_quality,1,s2_reclaim_acceleration,next_open_3d,-0.1386709499,-0.3385708069,False,0.0156422175,-0.0397490668,True,False,-0.1543131674
flow_quality,1,s2_reclaim_acceleration,next_open_5d,-0.2412039953,-0.3782373842,True,-0.0012834903,-0.0403894654,True,True,-0.239920505
flow_quality,1,s2_reclaim_acceleration,protect_3pct_target6pct_3d,-0.4327827639,-0.4757019121,False,-0.0190610413,-0.0625656707,True,True,-0.41372172259999995
flow_quality,1,s2_reclaim_bull_stack,fast_failure_2pct_target4pct_2d,-0.6864778436,-0.6973970778,False,-0.0466360691,-0.0645508117,False,True,-0.6398417745
flow_quality,1,s2_reclaim_bull_stack,momentum_trail_4pct_5d,-0.6703812816,-0.6809508463,True,-0.0628155186,-0.0777449732,True,True,-0.607565763
flow_quality,1,s2_reclaim_bull_stack,next_open_1d,-0.5071946104,-0.5364631268,False,-0.0018104376,-0.0616648865,True,True,-0.5053841728
flow_quality,1,s2_reclaim_bull_stack,next_open_2d,-0.1748736878,-0.3588930826,False,-0.0218231098,-0.0582890085,True,True,-0.15305057800000002
flow_quality,1,s2_reclaim_bull_stack,next_open_3d,-0.5362473033,-0.6136189108,False,0.044631773,-0.0246042948,True,False,-0.5808790763
flow_quality,1,s2_reclaim_bull_stack,next_open_5d,-0.4073278651,-0.5604162615,False,-0.0413299553,-0.0498685535,True,True,-0.3659979098
flow_quality,1,s2_reclaim_bull_stack,protect_3pct_target6pct_3d,-0.6908691039,-0.7055302737,False,-0.0563058726,-0.0684406755,True,True,-0.6345632313
flow_quality,1,s2_reclaim_daily_trend,fast_failure_2pct_target4pct_2d,-0.1929072994,-0.3267465887,False,-0.0779600993,-0.0838006032,True,True,-0.11494720010000001
flow_quality,1,s2_reclaim_daily_trend,momentum_trail_4pct_5d,-0.0310341523,-0.2630494736,True,-0.0276236692,-0.0698318875,True,True,-0.0034104831
flow_quality,1,s2_reclaim_daily_trend,next_open_1d,-0.3285504805,-0.3788589803,False,-0.0577158144,-0.0683469328,True,True,-0.2708346661
flow_quality,1,s2_reclaim_daily_trend,next_open_2d,-0.3708468853,-0.4086345672,True,-0.00110947,-0.0474018408,True,True,-0.3697374153
flow_quality,1,s2_reclaim_daily_trend,next_open_3d,-0.2619074584,-0.3508159383,True,-0.0344860681,-0.0414513607,True,True,-0.22742139030000003
flow_quality,1,s2_reclaim_daily_trend,next_open_5d,-0.0168396858,-0.2643498181,True,-0.0521302132,-0.0650731779,True,True,0.035290527399999994
flow_quality,1,s2_reclaim_daily_trend,protect_3pct_target6pct_3d,-0.0730438854,-0.2728909865,False,-0.0442124248,-0.0631343163,True,True,-0.028831460599999997
flow_quality,1,s2_reclaim_positive_slope,fast_failure_2pct_target4pct_2d,-0.2066966315,-0.4534064022,False,-0.0495312464,-0.0631759409,True,True,-0.1571653851
flow_quality,1,s2_reclaim_positive_slope,momentum_trail_4pct_5d,-0.2881770111,-0.3372500321,False,-0.0418924369,-0.0603870748,True,True,-0.2462845742
flow_quality,1,s2_reclaim_positive_slope,next_open_1d,-0.258643803,-0.3910818007,False,-0.017157622,-0.0369574539,True,True,-0.241486181
flow_quality,1,s2_reclaim_positive_slope,next_open_2d,-0.4123114359,-0.4348656103,False,0.0308994965,-0.0339621151,True,False,-0.44321093240000003
flow_quality,1,s2_reclaim_positive_slope,next_open_3d,-0.3540201497,-0.4111759109,False,-0.0135240591,-0.0385416099,True,True,-0.3404960906
flow_quality,1,s2_reclaim_positive_slope,next_open_5d,-0.405467422,-0.4550814797,True,-0.0401997441,-0.0620358336,True,True,-0.36526767790000003
flow_quality,1,s2_reclaim_positive_slope,protect_3pct_target6pct_3d,-0.4059765147,-0.4280734547,False,-0.0125063818,-0.0444373839,True,True,-0.3934701329
flow_quality,1,s2_reclaim_recent_high,fast_failure_2pct_target4pct_2d,-0.6992846503,-0.6995959986,False,-0.1014674843,-0.1342649794,True,True,-0.597817166
flow_quality,1,s2_reclaim_recent_high,momentum_trail_4pct_5d,-0.4584027103,-0.4618784075,True,-0.0091016426,-0.0906224958,True,True,-0.4493010677
flow_quality,1,s2_reclaim_recent_high,next_open_1d,-0.7561789256,-0.7697892231,False,-0.1201464762,-0.1446502437,True,True,-0.6360324494
flow_quality,1,s2_reclaim_recent_high,next_open_2d,-0.5788365059,-0.5977925822,False,-0.0827725426,-0.1101105169,True,True,-0.4960639633
flow_quality,1,s2_reclaim_recent_high,next_open_3d,-0.3589757816,-0.402766364,False,0.0052441652,-0.0521463023,True,False,-0.36421994679999997
flow_quality,1,s2_reclaim_recent_high,next_open_5d,-0.4463874616,-0.4483235687,False,-0.0087450255,-0.0385401453,True,True,-0.4376424361
flow_quality,1,s2_reclaim_recent_high,protect_3pct_target6pct_3d,-0.6047392863,-0.6087255657,False,0.0081987256,-0.0694448573,True,False,-0.6129380119
flow_quality,1,s4_auction_confirmed_reclaim,fast_failure_2pct_target4pct_2d,-0.5785712474,-0.6054468308,False,0.0080748126,-0.038600864,True,False,-0.58664606
flow_quality,1,s4_auction_confirmed_reclaim,momentum_trail_4pct_5d,-0.3918349754,-0.4332414187,True,-0.0287438957,-0.0490365337,True,True,-0.3630910797
flow_quality,1,s4_auction_confirmed_reclaim,next_open_1d,-0.5324712061,-0.5527534991,False,-0.0424709367,-0.0572761196,True,True,-0.49000026939999997
flow_quality,1,s4_auction_confirmed_reclaim,next_open_2d,-0.0018122443,-0.2096386999,False,-0.0405463872,-0.0607121718,True,True,0.0387341429
flow_quality,1,s4_auction_confirmed_reclaim,next_open_3d,-0.3116197718,-0.424738088,False,-0.0098704284,-0.0417449628,True,True,-0.3017493434
flow_quality,1,s4_auction_confirmed_reclaim,next_open_5d,-0.0229771179,-0.2361162465,True,-0.0269916482,-0.0700101897,True,True,0.004014530299999999
flow_quality,1,s4_auction_confirmed_reclaim,protect_3pct_target6pct_3d,-0.144381208,-0.3293018101,False,-0.0144260235,-0.0402992774,True,True,-0.12995518450000001
flow_quality,1,s4_reclaim_amount_acceleration,fast_failure_2pct_target4pct_2d,-0.2084635825,-0.2979652921,False,-0.0451129115,-0.0681024623,True,True,-0.163350671
flow_quality,1,s4_reclaim_amount_acceleration,momentum_trail_4pct_5d,-0.2235178516,-0.2892773601,False,-0.0337226123,-0.067561439,True,True,-0.1897952393
flow_quality,1,s4_reclaim_amount_acceleration,next_open_1d,-0.1745345806,-0.2637518566,False,-0.0777131881,-0.0799101661,True,True,-0.09682139249999999
flow_quality,1,s4_reclaim_amount_acceleration,next_open_2d,-0.2226642984,-0.2788742693,False,-0.0236352161,-0.0593203871,True,True,-0.1990290823
flow_quality,1,s4_reclaim_amount_acceleration,next_open_3d,0.3242981093,-0.2163849952,True,-0.0013938782,-0.0518459922,True,False,0.3256919875
flow_quality,1,s4_reclaim_amount_acceleration,next_open_5d,0.0027117335,-0.2605473532,False,-0.0020502108,-0.0481329747,True,False,0.0047619443
flow_quality,1,s4_reclaim_amount_acceleration,protect_3pct_target6pct_3d,-0.2682764515,-0.3429607085,False,-0.0393416734,-0.0602423529,True,True,-0.2289347781
flow_quality,1,s4_reclaim_volume_normal,fast_failure_2pct_target4pct_2d,-0.3997001499,-0.5176904367,False,-0.0092716701,-0.0475180474,True,True,-0.3904284798
flow_quality,1,s4_reclaim_volume_normal,momentum_trail_4pct_5d,-0.1759144747,-0.2636605789,False,-0.0101413578,-0.0416658474,True,True,-0.1657731169
flow_quality,1,s4_reclaim_volume_normal,next_open_1d,-0.5311335334,-0.6132035366,False,-0.0147178486,-0.0377112545,True,True,-0.5164156848
flow_quality,1,s4_reclaim_volume_normal,next_open_2d,0.0301672596,-0.2258029041,True,-0.0298086775,-0.0401116198,True,False,0.0599759371
flow_quality,1,s4_reclaim_volume_normal,next_open_3d,-0.1263889096,-0.3285766411,True,-0.0508273768,-0.0609071111,True,True,-0.0755615328
flow_quality,1,s4_reclaim_volume_normal,next_open_5d,-0.2096500472,-0.2848614694,False,0.0056183869,-0.0471991027,True,False,-0.2152684341
flow_quality,1,s4_reclaim_volume_normal,protect_3pct_target6pct_3d,-0.2599792427,-0.4058973809,False,-0.0272303686,-0.052434132,True,True,-0.2327488741
flow_quality,1,s4_reclaim_volume_proxy,fast_failure_2pct_target4pct_2d,-0.5738227908,-0.5931813726,False,0.0079671989,-0.0486398284,True,False,-0.5817899897
flow_quality,1,s4_reclaim_volume_proxy,momentum_trail_4pct_5d,-0.4170549453,-0.4411603366,True,0.0130144203,-0.0331749079,True,False,-0.4300693656
flow_quality,1,s4_reclaim_volume_proxy,next_open_1d,-0.5392403239,-0.5399498374,False,-0.0178191991,-0.0682888731,True,True,-0.5214211248
flow_quality,1,s4_reclaim_volume_proxy,next_open_2d,-0.1744565308,-0.344065239,False,0.0005250034,-0.0461086574,True,False,-0.1749815342
flow_quality,1,s4_reclaim_volume_proxy,next_open_3d,-0.1334978946,-0.3474018784,False,0.0286420792,-0.036855905,True,False,-0.1621399738
flow_quality,1,s4_reclaim_volume_proxy,next_open_5d,0.2089981622,-0.1718082358,False,0.0186985223,-0.0456029637,True,True,0.1902996399
flow_quality,1,s4_reclaim_volume_proxy,protect_3pct_target6pct_3d,-0.5417858329,-0.5499581436,True,0.0395130073,-0.0391017074,True,False,-0.5812988402
flow_quality,1,s4_reclaim_vwap_support,fast_failure_2pct_target4pct_2d,-0.2721305382,-0.422314775,False,-0.0461152293,-0.0607293382,True,True,-0.2260153089
flow_quality,1,s4_reclaim_vwap_support,momentum_trail_4pct_5d,-0.2936731197,-0.4032219782,False,0.0449908604,-0.0400150527,True,False,-0.3386639801
flow_quality,1,s4_reclaim_vwap_support,next_open_1d,-0.3438306453,-0.4405948445,False,-0.0221245053,-0.0603998018,True,True,-0.32170614000000003
flow_quality,1,s4_reclaim_vwap_support,next_open_2d,-0.1869075123,-0.3041327269,False,0.0102082637,-0.0545791437,True,False,-0.197115776
flow_quality,1,s4_reclaim_vwap_support,next_open_3d,-0.1466258268,-0.2843881692,False,0.0484702426,-0.0321711503,True,False,-0.1950960694
flow_quality,1,s4_reclaim_vwap_support,next_open_5d,-0.2757335373,-0.3612442358,False,0.0633787884,-0.0386106306,True,False,-0.3391123257
flow_quality,1,s4_reclaim_vwap_support,protect_3pct_target6pct_3d,-0.3334686236,-0.394758461,False,-0.0475457772,-0.0704296014,True,True,-0.2859228464
flow_quality,2,cs_r3_leader_confirmation,fast_failure_2pct_target4pct_2d,-0.5664989682,-0.591203017,False,-0.0406872412,-0.0669629225,True,True,-0.525811727
flow_quality,2,cs_r3_leader_confirmation,momentum_trail_4pct_5d,-0.3943720048,-0.4661962712,True,-0.0008912662,-0.0501600093,True,True,-0.3934807386
flow_quality,2,cs_r3_leader_confirmation,next_open_1d,-0.5573336506,-0.5886587115,False,-0.0793351464,-0.1126274033,True,True,-0.47799850419999995
flow_quality,2,cs_r3_leader_confirmation,next_open_2d,-0.0068203609,-0.307590603,False,0.0016470268,-0.0274720701,True,False,-0.0084673877
flow_quality,2,cs_r3_leader_confirmation,next_open_3d,-0.0760374789,-0.2917419374,True,0.0109363121,-0.0294307964,True,False,-0.086973791
flow_quality,2,cs_r3_leader_confirmation,next_open_5d,0.2735674398,-0.1836884383,False,-0.0258893121,-0.072860142,True,False,0.2994567519
flow_quality,2,cs_r3_leader_confirmation,protect_3pct_target6pct_3d,-0.4651903752,-0.4847570882,True,-0.0125759562,-0.0724421222,True,True,-0.452614419
flow_quality,2,fu_r3_core_pullback,fast_failure_2pct_target4pct_2d,-0.1793231321,-0.2716046116,False,-0.0105600739,-0.0581998788,True,True,-0.1687630582
flow_quality,2,fu_r3_core_pullback,momentum_trail_4pct_5d,0.1081746147,-0.1813707584,True,-0.0154125146,-0.0328711678,True,False,0.1235871293
flow_quality,2,fu_r3_core_pullback,next_open_1d,-0.1418058603,-0.3207990682,False,0.0148544552,-0.0519312817,True,False,-0.1566603155
flow_quality,2,fu_r3_core_pullback,next_open_2d,0.2089131603,-0.2421108294,False,0.0010918697,-0.0341360275,True,True,0.2078212906
flow_quality,2,fu_r3_core_pullback,next_open_3d,0.6616228093,-0.2147117407,False,-0.0145487821,-0.0337498375,True,False,0.6761715913999999
flow_quality,2,fu_r3_core_pullback,next_open_5d,0.2222466424,-0.2410682124,True,-0.0282590784,-0.0536057711,True,False,0.2505057208
flow_quality,2,fu_r3_core_pullback,protect_3pct_target6pct_3d,0.1930830775,-0.1833444348,False,0.0323521295,-0.0283193268,True,True,0.160730948
flow_quality,2,ht_r3_core_pullback,fast_failure_2pct_target4pct_2d,-0.4446751526,-0.4938499856,False,-0.0345303927,-0.054719416,True,True,-0.4101447599
flow_quality,2,ht_r3_core_pullback,momentum_trail_4pct_5d,-0.3005587604,-0.3523059161,True,-0.0027910462,-0.0540655785,True,True,-0.29776771420000003
flow_quality,2,ht_r3_core_pullback,next_open_1d,-0.3697643827,-0.4796749695,False,-0.0433879681,-0.0658652781,True,True,-0.3263764146
flow_quality,2,ht_r3_core_pullback,next_open_2d,-0.2318107068,-0.2781789342,False,-0.0157331629,-0.0458293417,True,True,-0.2160775439
flow_quality,2,ht_r3_core_pullback,next_open_3d,-0.3088787237,-0.3893151169,True,0.0107152527,-0.0365182595,True,False,-0.31959397640000003
flow_quality,2,ht_r3_core_pullback,next_open_5d,-0.0734886621,-0.2827919162,False,0.0046425443,-0.0449037372,True,False,-0.0781312064
flow_quality,2,ht_r3_core_pullback,protect_3pct_target6pct_3d,-0.619245116,-0.6274276338,True,-0.0136360548,-0.060006321,True,True,-0.6056090612
flow_quality,2,ng_r1_auction_reclaim,fast_failure_2pct_target4pct_2d,-0.1223191005,-0.2390743441,True,0.0017744379,-0.0425836483,True,False,-0.1240935384
flow_quality,2,ng_r1_auction_reclaim,momentum_trail_4pct_5d,0.0642182226,-0.1992549448,True,-0.0043008462,-0.0519942022,True,False,0.0685190688
flow_quality,2,ng_r1_auction_reclaim,next_open_1d,-0.1092415241,-0.3003547455,False,0.0207620327,-0.0389953169,True,False,-0.1300035568
flow_quality,2,ng_r1_auction_reclaim,next_open_2d,0.0867217349,-0.3287648209,False,0.0165094841,-0.0449630454,True,True,0.0702122508
flow_quality,2,ng_r1_auction_reclaim,next_open_3d,-0.057182504,-0.1712443533,False,0.0130496236,-0.0404764741,True,False,-0.0702321276
flow_quality,2,ng_r1_auction_reclaim,next_open_5d,-0.2719227661,-0.3414666484,False,-0.0280533357,-0.0694121787,True,True,-0.24386943039999998
flow_quality,2,ng_r1_auction_reclaim,protect_3pct_target6pct_3d,-0.0479244875,-0.1773063147,True,0.007028841,-0.0452701661,True,False,-0.0549533285
flow_quality,2,ng_r3_volume_quality,fast_failure_2pct_target4pct_2d,-0.5651976719,-0.5763624973,False,-0.0321452316,-0.0528172157,True,True,-0.5330524403
flow_quality,2,ng_r3_volume_quality,momentum_trail_4pct_5d,-0.3642879186,-0.416375685,False,-0.0098203023,-0.0429665866,True,True,-0.3544676163
flow_quality,2,ng_r3_volume_quality,next_open_1d,-0.5757644154,-0.590372639,False,-0.0362336432,-0.0614821959,True,True,-0.5395307722
flow_quality,2,ng_r3_volume_quality,next_open_2d,-0.2774490238,-0.3824933703,False,0.0109963993,-0.0336509907,True,False,-0.28844542310000004
flow_quality,2,ng_r3_volume_quality,next_open_3d,-0.3009432552,-0.3492122572,False,-0.0035821472,-0.0324786731,True,True,-0.297361108
flow_quality,2,ng_r3_volume_quality,next_open_5d,-0.2641224191,-0.3416854654,False,-0.0027534231,-0.0460181778,True,True,-0.261368996
flow_quality,2,ng_r3_volume_quality,protect_3pct_target6pct_3d,-0.3835220731,-0.4161059343,False,-0.0438362975,-0.0720576739,True,True,-0.3396857756
flow_quality,2,s0_distance_only,fast_failure_2pct_target4pct_2d,-0.5516041927,-0.5725188401,True,-0.0531081697,-0.0588972371,True,True,-0.49849602300000007
flow_quality,2,s0_distance_only,momentum_trail_4pct_5d,-0.2957575154,-0.3413279196,True,-0.0200841774,-0.0293511476,True,True,-0.275673338
flow_quality,2,s0_distance_only,next_open_1d,-0.6359150936,-0.6535476617,True,-0.0731040519,-0.0801475736,False,True,-0.5628110417
flow_quality,2,s0_distance_only,next_open_2d,-0.4526758913,-0.5013030144,False,-0.0267377332,-0.0463060905,True,True,-0.4259381581
flow_quality,2,s0_distance_only,next_open_3d,-0.2648474099,-0.3337629566,False,-0.0365487625,-0.0427122618,True,True,-0.2282986474
flow_quality,2,s0_distance_only,next_open_5d,-0.0598265523,-0.3316893516,True,-0.0450821749,-0.0636274878,True,True,-0.014744377400000001
flow_quality,2,s0_distance_only,protect_3pct_target6pct_3d,-0.4904862055,-0.5321971135,False,-0.0281918487,-0.0456931123,True,True,-0.4622943568
flow_quality,2,s0_strong_no_ma,fast_failure_2pct_target4pct_2d,-0.7217151102,-0.7324284586,False,-0.0651008163,-0.0904446059,False,True,-0.6566142939
flow_quality,2,s0_strong_no_ma,momentum_trail_4pct_5d,-0.5092209729,-0.5215807451,True,-0.0635637024,-0.0890495105,True,True,-0.44565727050000004
flow_quality,2,s0_strong_no_ma,next_open_1d,-0.7349968757,-0.7526480191,False,-0.0676690695,-0.0697935171,True,True,-0.6673278062000001
flow_quality,2,s0_strong_no_ma,next_open_2d,-0.5219025103,-0.526802716,True,-0.0879039682,-0.0900189801,True,True,-0.4339985421
flow_quality,2,s0_strong_no_ma,next_open_3d,-0.2149186442,-0.4519116928,False,-0.1004562989,-0.0986422946,True,True,-0.1144623453
flow_quality,2,s0_strong_no_ma,next_open_5d,-0.4028071479,-0.415609103,False,0.0277199819,-0.0477656681,True,False,-0.4305271298
flow_quality,2,s0_strong_no_ma,protect_3pct_target6pct_3d,-0.6657954722,-0.6737050445,False,-0.1064571252,-0.1021533445,True,True,-0.559338347
flow_quality,2,s1_break_reclaim_stable3,fast_failure_2pct_target4pct_2d,-0.5686025457,-0.5717394716,False,-0.0276511199,-0.0645890827,True,True,-0.5409514258
flow_quality,2,s1_break_reclaim_stable3,momentum_trail_4pct_5d,-0.3055416696,-0.3469110267,True,-0.0088328449,-0.0548363017,True,True,-0.2967088247
flow_quality,2,s1_break_reclaim_stable3,next_open_1d,-0.5747343214,-0.5763402973,False,-0.0204806748,-0.0584579251,True,True,-0.5542536466
flow_quality,2,s1_break_reclaim_stable3,next_open_2d,-0.3754459929,-0.4109705916,False,-0.03097901,-0.0545635914,True,True,-0.3444669829
flow_quality,2,s1_break_reclaim_stable3,next_open_3d,0.0278105603,-0.3037243891,False,0.0100378911,-0.0272801724,True,True,0.0177726692
flow_quality,2,s1_break_reclaim_stable3,next_open_5d,-0.0748094358,-0.2542477122,True,-0.037344839,-0.0669791265,True,True,-0.037464596800000007
flow_quality,2,s1_break_reclaim_stable3,protect_3pct_target6pct_3d,-0.4818329068,-0.484851335,True,-0.0080679661,-0.0450641849,True,True,-0.4737649407
flow_quality,2,s1_near_reversal,fast_failure_2pct_target4pct_2d,-0.5483934816,-0.5570367175,False,-0.0096123921,-0.0382104856,True,True,-0.5387810895
flow_quality,2,s1_near_reversal,momentum_trail_4pct_5d,-0.4258007715,-0.4369485388,False,-0.0414504605,-0.0701480178,True,True,-0.384350311
flow_quality,2,s1_near_reversal,next_open_1d,-0.6836999114,-0.6879824282,True,0.0139270046,-0.0276718843,True,False,-0.6976269159999999
flow_quality,2,s1_near_reversal,next_open_2d,-0.4399153433,-0.4967065736,False,-0.0449697858,-0.0608885608,True,True,-0.3949455575
flow_quality,2,s1_near_reversal,next_open_3d,-0.1032253944,-0.2802139468,False,-0.0390873302,-0.0584010524,True,True,-0.06413806420000001
flow_quality,2,s1_near_reversal,next_open_5d,-0.2411115892,-0.3042763837,False,-0.0156051775,-0.0704884307,True,True,-0.2255064117
flow_quality,2,s1_near_reversal,protect_3pct_target6pct_3d,-0.6006434528,-0.6221034487,True,-0.0163888493,-0.0349600558,True,True,-0.5842546035
flow_quality,2,s1_touch_immediate,fast_failure_2pct_target4pct_2d,-0.2674407285,-0.3699914741,False,-0.0432252594,-0.0615586661,False,True,-0.2242154691
flow_quality,2,s1_touch_immediate,momentum_trail_4pct_5d,-0.3415881181,-0.4281322673,True,-0.0190279541,-0.0508988201,True,True,-0.322560164
flow_quality,2,s1_touch_immediate,next_open_1d,-0.3269905634,-0.3988088137,False,-0.053812452,-0.0722391139,True,True,-0.2731781114
flow_quality,2,s1_touch_immediate,next_open_2d,-0.2951215582,-0.3809741184,False,-0.045861145,-0.0530798398,True,True,-0.24926041320000003
flow_quality,2,s1_touch_immediate,next_open_3d,0.1766509782,-0.1712960845,False,-0.0459059406,-0.0529399749,True,False,0.2225569188
flow_quality,2,s1_touch_immediate,next_open_5d,-0.2014318381,-0.3481344741,True,-0.0734698562,-0.0805288493,True,True,-0.12796198190000002
flow_quality,2,s1_touch_immediate,protect_3pct_target6pct_3d,-0.1839379036,-0.3590454668,False,-0.0410706959,-0.0564848874,True,True,-0.1428672077
flow_quality,2,s1_touch_reclaim,fast_failure_2pct_target4pct_2d,-0.3776655534,-0.454345641,False,-0.0459028844,-0.0707482423,True,True,-0.331762669
flow_quality,2,s1_touch_reclaim,momentum_trail_4pct_5d,-0.24884994,-0.2585293513,True,0.0074352101,-0.0331359261,False,False,-0.25628515009999997
flow_quality,2,s1_touch_reclaim,next_open_1d,-0.3818169659,-0.4394600303,False,-0.0760268378,-0.0809847394,True,True,-0.30579012810000006
flow_quality,2,s1_touch_reclaim,next_open_2d,-0.1462957673,-0.328859336,True,-0.0541933617,-0.0753634198,True,True,-0.09210240559999999
flow_quality,2,s1_touch_reclaim,next_open_3d,-0.0431008478,-0.3121951167,True,0.0054248402,-0.0295215371,True,False,-0.048525688000000004
flow_quality,2,s1_touch_reclaim,next_open_5d,-0.059515735,-0.2614690034,False,-0.0231096714,-0.0507878065,True,True,-0.036406063599999997
flow_quality,2,s1_touch_reclaim,protect_3pct_target6pct_3d,-0.3389648065,-0.3768075447,False,-0.0414390245,-0.0716050062,True,True,-0.297525782
flow_quality,2,s2_first_touch_reclaim,fast_failure_2pct_target4pct_2d,-0.4164203436,-0.4360473222,False,-0.059665963,-0.0789307611,True,True,-0.35675438060000003
flow_quality,2,s2_first_touch_reclaim,momentum_trail_4pct_5d,-0.3446853159,-0.4305520337,False,-0.0253474472,-0.0408252494,True,True,-0.3193378687
flow_quality,2,s2_first_touch_reclaim,next_open_1d,-0.2972148834,-0.3509978667,False,-0.0488598242,-0.0621538284,True,True,-0.2483550592
flow_quality,2,s2_first_touch_reclaim,next_open_2d,-0.4343522238,-0.4319960176,True,0.0096367285,-0.0423914588,True,False,-0.4439889523
flow_quality,2,s2_first_touch_reclaim,next_open_3d,-0.5036402191,-0.5270417723,False,0.0079330409,-0.0453753116,True,False,-0.51157326
flow_quality,2,s2_first_touch_reclaim,next_open_5d,-0.4208805507,-0.4393011906,False,0.0079279476,-0.0534128228,True,False,-0.4288084983
flow_quality,2,s2_first_touch_reclaim,protect_3pct_target6pct_3d,-0.3407584155,-0.3628490349,False,-0.0363701624,-0.0733678918,True,True,-0.3043882531
flow_quality,2,s2_reclaim_acceleration,fast_failure_2pct_target4pct_2d,-0.4200216214,-0.43020363,False,-0.0042139471,-0.034795313,True,True,-0.4158076743
flow_quality,2,s2_reclaim_acceleration,momentum_trail_4pct_5d,-0.2773054621,-0.3081374563,False,-0.0089375323,-0.0627166061,True,True,-0.2683679298
flow_quality,2,s2_reclaim_acceleration,next_open_1d,-0.4939329805,-0.4977817617,False,-0.0133891985,-0.0448463051,True,True,-0.48054378200000003
flow_quality,2,s2_reclaim_acceleration,next_open_2d,-0.4203943312,-0.4308277565,False,0.0564798962,-0.0268954282,True,False,-0.4768742274
flow_quality,2,s2_reclaim_acceleration,next_open_3d,-0.3821580617,-0.3916948447,False,0.0423497207,-0.038997736,True,False,-0.4245077824
flow_quality,2,s2_reclaim_acceleration,next_open_5d,-0.2695509538,-0.3462039881,False,0.0049493917,-0.0463946388,True,False,-0.2745003455
flow_quality,2,s2_reclaim_acceleration,protect_3pct_target6pct_3d,-0.3593843924,-0.3665304143,False,-0.0026389234,-0.0496714187,True,True,-0.356745469
flow_quality,2,s2_reclaim_bull_stack,fast_failure_2pct_target4pct_2d,-0.724020293,-0.7336695484,False,-0.0419378141,-0.0645103146,False,True,-0.6820824789000001
flow_quality,2,s2_reclaim_bull_stack,momentum_trail_4pct_5d,-0.7148154632,-0.7214359461,True,-0.0613750828,-0.0763274837,True,True,-0.6534403804
flow_quality,2,s2_reclaim_bull_stack,next_open_1d,-0.5924482305,-0.6135713239,False,-0.0011307947,-0.0616648865,True,True,-0.5913174358
flow_quality,2,s2_reclaim_bull_stack,next_open_2d,-0.1395850127,-0.294394075,False,-0.0218231098,-0.0582890085,True,True,-0.1177619029
flow_quality,2,s2_reclaim_bull_stack,next_open_3d,-0.5219028655,-0.5826636792,False,0.044631773,-0.0246042948,True,False,-0.5665346385
flow_quality,2,s2_reclaim_bull_stack,next_open_5d,-0.4382527305,-0.5720905204,False,-0.0413299553,-0.0498685535,True,True,-0.3969227752
flow_quality,2,s2_reclaim_bull_stack,protect_3pct_target6pct_3d,-0.7512504771,-0.7617898417,False,-0.0509488205,-0.0647627659,True,True,-0.7003016566
flow_quality,2,s2_reclaim_daily_trend,fast_failure_2pct_target4pct_2d,-0.2564431492,-0.3479603596,False,-0.0381004664,-0.0540153084,True,True,-0.2183426828
flow_quality,2,s2_reclaim_daily_trend,momentum_trail_4pct_5d,-0.3959051992,-0.4170011237,False,-0.0548094168,-0.0703499003,True,True,-0.3410957824
flow_quality,2,s2_reclaim_daily_trend,next_open_1d,-0.1452489333,-0.3446586786,False,-0.0920190429,-0.1116718051,True,True,-0.05322989039999999
flow_quality,2,s2_reclaim_daily_trend,next_open_2d,-0.0314007567,-0.2303239826,False,-0.0807359036,-0.1063933448,False,True,0.04933514690000001
flow_quality,2,s2_reclaim_daily_trend,next_open_3d,-0.3280123991,-0.3958020794,False,0.0806692331,-0.0690505127,True,False,-0.40868163220000003
flow_quality,2,s2_reclaim_daily_trend,next_open_5d,-0.2213893395,-0.3188681702,False,-0.0824823299,-0.09296394,True,True,-0.13890700960000002
flow_quality,2,s2_reclaim_daily_trend,protect_3pct_target6pct_3d,-0.3308924716,-0.3790607129,False,-0.0389406499,-0.0648932473,True,True,-0.2919518217
flow_quality,2,s2_reclaim_positive_slope,fast_failure_2pct_target4pct_2d,-0.040550236,-0.239852339,False,-0.0096049881,-0.0694242274,True,True,-0.030945247900000004
flow_quality,2,s2_reclaim_positive_slope,momentum_trail_4pct_5d,-0.0629279135,-0.23401859,True,-0.0040558246,-0.0544278369,True,True,-0.0588720889
flow_quality,2,s2_reclaim_positive_slope,next_open_1d,-0.2245181449,-0.2838403959,False,-0.0692297273,-0.100076124,True,True,-0.1552884176
flow_quality,2,s2_reclaim_positive_slope,next_open_2d,-0.0694326242,-0.2113991403,True,-0.0112622501,-0.0682813348,True,True,-0.058170374100000005
flow_quality,2,s2_reclaim_positive_slope,next_open_3d,-0.1595543556,-0.290633053,False,-0.0667529203,-0.0952692848,True,True,-0.0928014353
flow_quality,2,s2_reclaim_positive_slope,next_open_5d,-0.1071758856,-0.203635151,True,0.0563876785,-0.0312981122,True,False,-0.1635635641
flow_quality,2,s2_reclaim_positive_slope,protect_3pct_target6pct_3d,-0.2600870063,-0.3370063936,False,0.0715575202,-0.0301495593,True,False,-0.3316445265
flow_quality,2,s2_reclaim_recent_high,fast_failure_2pct_target4pct_2d,-0.4776478971,-0.5025366329,False,-0.0759708244,-0.1191572214,True,True,-0.40167707269999997
flow_quality,2,s2_reclaim_recent_high,momentum_trail_4pct_5d,-0.4897842856,-0.5624781827,False,-0.0163075677,-0.0537588688,True,True,-0.47347671789999995
flow_quality,2,s2_reclaim_recent_high,next_open_1d,-0.2917050216,-0.3905671481,False,-0.0978418362,-0.1338371603,True,True,-0.1938631854
flow_quality,2,s2_reclaim_recent_high,next_open_2d,-0.3204281111,-0.4263419136,False,-0.0860241018,-0.1236259125,True,True,-0.23440400930000002
flow_quality,2,s2_reclaim_recent_high,next_open_3d,-0.5841118844,-0.6374653799,False,0.0419614941,-0.0419353059,True,False,-0.6260733785
flow_quality,2,s2_reclaim_recent_high,next_open_5d,-0.4127263691,-0.4553415495,True,0.0381186878,-0.0383453125,True,False,-0.4508450569
flow_quality,2,s2_reclaim_recent_high,protect_3pct_target6pct_3d,-0.3844411672,-0.4502594932,False,-0.0309694963,-0.0820711231,True,True,-0.3534716709
flow_quality,2,s4_auction_confirmed_reclaim,fast_failure_2pct_target4pct_2d,-0.5735080659,-0.5814695581,False,0.0631705561,-0.0194379265,True,False,-0.636678622
flow_quality,2,s4_auction_confirmed_reclaim,momentum_trail_4pct_5d,-0.3485420489,-0.3768998958,True,0.05689999,-0.0396591776,True,False,-0.4054420389
flow_quality,2,s4_auction_confirmed_reclaim,next_open_1d,-0.5920129426,-0.6140481859,False,0.0503057979,-0.0360315373,True,False,-0.6423187405
flow_quality,2,s4_auction_confirmed_reclaim,next_open_2d,-0.4665778465,-0.4965399862,False,0.0256473755,-0.0298762136,True,False,-0.492225222
flow_quality,2,s4_auction_confirmed_reclaim,next_open_3d,-0.2945035832,-0.3195811478,False,0.0248527321,-0.0388680434,True,False,-0.31935631529999997
flow_quality,2,s4_auction_confirmed_reclaim,next_open_5d,-0.1900973614,-0.3542935257,False,0.0295762168,-0.0533823315,True,False,-0.2196735782
flow_quality,2,s4_auction_confirmed_reclaim,protect_3pct_target6pct_3d,-0.4225681087,-0.422919819,False,0.0824164604,-0.0220886221,True,False,-0.5049845691
flow_quality,2,s4_reclaim_amount_acceleration,fast_failure_2pct_target4pct_2d,-0.2195687134,-0.355723538,False,-0.0637591916,-0.0828677411,True,True,-0.15580952180000002
flow_quality,2,s4_reclaim_amount_acceleration,momentum_trail_4pct_5d,-0.2413653611,-0.336291588,True,-0.0139410326,-0.0342104608,True,True,-0.2274243285
flow_quality,2,s4_reclaim_amount_acceleration,next_open_1d,-0.290460555,-0.3946897195,False,-0.0004054167,-0.0330169076,True,True,-0.2900551383
flow_quality,2,s4_reclaim_amount_acceleration,next_open_2d,-0.295480305,-0.3533306518,False,-0.0068358245,-0.0518121507,True,True,-0.2886444805
flow_quality,2,s4_reclaim_amount_acceleration,next_open_3d,0.012991779,-0.1887719168,True,-0.0054348172,-0.0341580673,True,False,0.0184265962
flow_quality,2,s4_reclaim_amount_acceleration,next_open_5d,-0.0925114239,-0.4257589609,True,-0.0245655836,-0.0569083478,True,True,-0.0679458403
flow_quality,2,s4_reclaim_amount_acceleration,protect_3pct_target6pct_3d,0.0246707413,-0.2963495647,False,-0.0307542086,-0.0500170551,True,False,0.0554249499
flow_quality,2,s4_reclaim_volume_normal,fast_failure_2pct_target4pct_2d,-0.5071963576,-0.547681144,False,-0.0750294683,-0.0913672272,True,True,-0.4321668893
flow_quality,2,s4_reclaim_volume_normal,momentum_trail_4pct_5d,-0.2885232625,-0.3678566913,False,-0.0742876623,-0.0849774595,True,True,-0.2142356002
flow_quality,2,s4_reclaim_volume_normal,next_open_1d,-0.55029726,-0.5628166667,False,-0.0652778033,-0.0726602191,True,True,-0.4850194567
flow_quality,2,s4_reclaim_volume_normal,next_open_2d,-0.3906913274,-0.4026152444,False,-0.0455029328,-0.0548377271,True,True,-0.3451883946
flow_quality,2,s4_reclaim_volume_normal,next_open_3d,-0.2733973291,-0.366213354,False,-0.0451675811,-0.0560190539,True,True,-0.22822974799999998
flow_quality,2,s4_reclaim_volume_normal,next_open_5d,-0.2470392685,-0.3752381934,True,-0.033998792,-0.0487811863,True,True,-0.2130404765
flow_quality,2,s4_reclaim_volume_normal,protect_3pct_target6pct_3d,-0.5149366512,-0.5324161508,False,-0.028045135,-0.0553390869,True,True,-0.4868915162
flow_quality,2,s4_reclaim_volume_proxy,fast_failure_2pct_target4pct_2d,-0.4441031147,-0.4650910583,True,-0.0730389948,-0.0881950695,True,True,-0.3710641199
flow_quality,2,s4_reclaim_volume_proxy,momentum_trail_4pct_5d,-0.180951478,-0.2542523597,False,-0.0313732292,-0.0514920366,True,True,-0.1495782488
flow_quality,2,s4_reclaim_volume_proxy,next_open_1d,-0.4169617181,-0.4402787441,False,-0.0320165703,-0.0539429359,True,True,-0.3849451478
flow_quality,2,s4_reclaim_volume_proxy,next_open_2d,-0.3139733319,-0.4295679311,False,-0.002252295,-0.0421927422,True,True,-0.31172103689999997
flow_quality,2,s4_reclaim_volume_proxy,next_open_3d,-0.3598962212,-0.4066147658,False,0.0103352293,-0.0321721561,True,False,-0.3702314505
flow_quality,2,s4_reclaim_volume_proxy,next_open_5d,-0.3205902323,-0.3414809869,True,-0.0100412113,-0.0546669325,True,True,-0.310549021
flow_quality,2,s4_reclaim_volume_proxy,protect_3pct_target6pct_3d,-0.2733953144,-0.3465035319,False,-0.0021321758,-0.0319991751,True,True,-0.27126313859999995
flow_quality,2,s4_reclaim_vwap_support,fast_failure_2pct_target4pct_2d,-0.148862464,-0.3176672023,False,-0.070137739,-0.0878860574,True,True,-0.078724725
flow_quality,2,s4_reclaim_vwap_support,momentum_trail_4pct_5d,-0.2353742532,-0.3665150563,False,-0.004924621,-0.0593507991,True,True,-0.2304496322
flow_quality,2,s4_reclaim_vwap_support,next_open_1d,-0.1134419317,-0.338837726,False,-0.0757049335,-0.0931023104,True,True,-0.037736998199999996
flow_quality,2,s4_reclaim_vwap_support,next_open_2d,-0.3232783256,-0.3869331581,False,0.041949871,-0.0438800316,True,False,-0.36522819660000005
flow_quality,2,s4_reclaim_vwap_support,next_open_3d,-0.1622954975,-0.2395010374,False,-0.021667524,-0.0717086491,True,True,-0.1406279735
flow_quality,2,s4_reclaim_vwap_support,next_open_5d,-0.2404740101,-0.3664310305,False,-0.0355820075,-0.0753071498,True,True,-0.2048920026
flow_quality,2,s4_reclaim_vwap_support,protect_3pct_target6pct_3d,-0.1391433325,-0.3828156129,False,-0.0709360285,-0.0947487424,True,True,-0.068207304
flow_quality,3,cs_r3_leader_confirmation,fast_failure_2pct_target4pct_2d,-0.5636971241,-0.6057964118,False,0.0269243145,-0.0395933655,True,False,-0.5906214385999999
flow_quality,3,cs_r3_leader_confirmation,momentum_trail_4pct_5d,-0.0707391521,-0.191275188,False,-0.0005764528,-0.0340248881,True,True,-0.07016269929999999
flow_quality,3,cs_r3_leader_confirmation,next_open_1d,-0.2773371198,-0.3449328827,False,-0.0234405884,-0.0927890912,True,True,-0.25389653139999996
flow_quality,3,cs_r3_leader_confirmation,next_open_2d,-0.1330830066,-0.2147308433,False,0.0655139498,-0.0250631815,True,False,-0.1985969564
flow_quality,3,cs_r3_leader_confirmation,next_open_3d,-0.2031204249,-0.2836055528,False,-0.0451308153,-0.0950630911,True,True,-0.15798960960000002
flow_quality,3,cs_r3_leader_confirmation,next_open_5d,-0.0975966574,-0.3094582108,True,-0.0066622624,-0.0653295623,True,True,-0.090934395
flow_quality,3,cs_r3_leader_confirmation,protect_3pct_target6pct_3d,-0.3569836027,-0.4420131338,False,-0.0595577895,-0.0867190266,True,True,-0.2974258132
flow_quality,3,fu_r3_core_pullback,fast_failure_2pct_target4pct_2d,-0.120326474,-0.2772790625,False,-0.0044171326,-0.0350327211,True,True,-0.1159093414
flow_quality,3,fu_r3_core_pullback,momentum_trail_4pct_5d,0.3870674012,-0.2747733787,False,-0.052984263,-0.0815521906,True,False,0.44005166419999997
flow_quality,3,fu_r3_core_pullback,next_open_1d,-0.1122960647,-0.2682020739,False,-0.0211750086,-0.0470714571,True,True,-0.0911210561
flow_quality,3,fu_r3_core_pullback,next_open_2d,-0.1147356161,-0.277802646,False,0.0049285939,-0.0432162417,True,False,-0.11966421000000001
flow_quality,3,fu_r3_core_pullback,next_open_3d,-0.0236156088,-0.1945054701,False,-0.0405215906,-0.0659085305,True,True,0.016905981799999997
flow_quality,3,fu_r3_core_pullback,next_open_5d,-0.2358300903,-0.326253218,False,-0.0721484468,-0.1106253117,True,True,-0.16368164349999997
flow_quality,3,fu_r3_core_pullback,protect_3pct_target6pct_3d,0.2033890649,-0.3113921891,False,-0.0032603322,-0.0398699396,True,False,0.2066493971
flow_quality,3,ht_r3_core_pullback,fast_failure_2pct_target4pct_2d,-0.5580057814,-0.6185619659,False,-0.0069451729,-0.0474817922,True,True,-0.5510606085
flow_quality,3,ht_r3_core_pullback,momentum_trail_4pct_5d,-0.3341298935,-0.4249846215,False,-0.0312684307,-0.0614761407,True,True,-0.3028614628
flow_quality,3,ht_r3_core_pullback,next_open_1d,-0.4846776636,-0.5608961144,False,0.0055787009,-0.0459692146,True,False,-0.4902563645
flow_quality,3,ht_r3_core_pullback,next_open_2d,-0.4898050935,-0.4948723677,False,-0.0472448017,-0.0739672249,True,True,-0.4425602918
flow_quality,3,ht_r3_core_pullback,next_open_3d,-0.2251579334,-0.3198088414,False,0.001712085,-0.0325143288,True,False,-0.2268700184
flow_quality,3,ht_r3_core_pullback,next_open_5d,-0.0583678048,-0.2902727508,True,0.0131799604,-0.022736122,True,False,-0.0715477652
flow_quality,3,ht_r3_core_pullback,protect_3pct_target6pct_3d,-0.5685537845,-0.587504976,False,0.0132285366,-0.0386960221,False,False,-0.5817823211
flow_quality,3,ng_r1_auction_reclaim,fast_failure_2pct_target4pct_2d,-0.0572372652,-0.2431285478,True,0.0107775274,-0.0379518589,True,False,-0.0680147926
flow_quality,3,ng_r1_auction_reclaim,momentum_trail_4pct_5d,-0.1126441837,-0.2620685486,True,0.0129306186,-0.0518422912,True,False,-0.1255748023
flow_quality,3,ng_r1_auction_reclaim,next_open_1d,-0.2065253567,-0.3175518901,True,0.02341306,-0.0378738149,True,False,-0.22993841669999998
flow_quality,3,ng_r1_auction_reclaim,next_open_2d,-0.0959706733,-0.2469620074,True,0.0118352018,-0.0414929237,True,False,-0.1078058751
flow_quality,3,ng_r1_auction_reclaim,next_open_3d,0.020217935,-0.1253776499,False,0.0041364539,-0.0456211736,True,True,0.0160814811
flow_quality,3,ng_r1_auction_reclaim,next_open_5d,-0.1819846449,-0.3440707779,False,-0.0270801023,-0.068449495,True,True,-0.1549045426
flow_quality,3,ng_r1_auction_reclaim,protect_3pct_target6pct_3d,0.0084450688,-0.1999058352,True,-0.009032832,-0.0445568146,True,False,0.0174779008
flow_quality,3,ng_r3_volume_quality,fast_failure_2pct_target4pct_2d,-0.4595249538,-0.4955845378,False,-0.0197568805,-0.0523074595,True,True,-0.4397680733
flow_quality,3,ng_r3_volume_quality,momentum_trail_4pct_5d,-0.2527215836,-0.3114923066,False,-0.0345585512,-0.0505496384,True,True,-0.2181630324
flow_quality,3,ng_r3_volume_quality,next_open_1d,-0.5706252694,-0.5958658113,False,-0.049146321,-0.0554797794,True,True,-0.5214789484
flow_quality,3,ng_r3_volume_quality,next_open_2d,-0.3088505997,-0.331950243,False,-0.0087604021,-0.036653947,False,True,-0.3000901976
flow_quality,3,ng_r3_volume_quality,next_open_3d,-0.0922572607,-0.2366168893,False,-0.0027705956,-0.020990739,True,True,-0.0894866651
flow_quality,3,ng_r3_volume_quality,next_open_5d,-0.0910931222,-0.2711506325,False,-0.0295619625,-0.0499948064,True,True,-0.061531159700000004
flow_quality,3,ng_r3_volume_quality,protect_3pct_target6pct_3d,-0.3538103067,-0.3692345688,False,-0.0430882855,-0.0607937841,True,True,-0.31072202120000003
flow_quality,3,s0_distance_only,fast_failure_2pct_target4pct_2d,-0.4316506013,-0.484155098,False,-0.0606063083,-0.0644544024,True,True,-0.37104429299999997
flow_quality,3,s0_distance_only,momentum_trail_4pct_5d,-0.0705307871,-0.2711282807,True,-0.0271612951,-0.0488718204,True,True,-0.04336949200000001
flow_quality,3,s0_distance_only,next_open_1d,-0.4044212393,-0.4462678732,False,-0.0753195363,-0.0693643562,True,True,-0.329101703
flow_quality,3,s0_distance_only,next_open_2d,-0.0298118374,-0.284092207,False,-0.0542682871,-0.0485751632,True,True,0.0244564497
flow_quality,3,s0_distance_only,next_open_3d,0.2262701173,-0.2139512654,False,-0.0603313271,-0.0557642447,True,False,0.2866014444
flow_quality,3,s0_distance_only,next_open_5d,-0.0649892295,-0.2632590553,True,-0.0136293938,-0.0342548484,True,True,-0.051359835699999995
flow_quality,3,s0_distance_only,protect_3pct_target6pct_3d,-0.189908842,-0.2999582892,False,-0.04562291,-0.0451482377,True,True,-0.144285932
flow_quality,3,s0_strong_no_ma,fast_failure_2pct_target4pct_2d,-0.561797704,-0.6123361497,False,-0.0938797879,-0.1106040524,True,True,-0.46791791609999994
flow_quality,3,s0_strong_no_ma,momentum_trail_4pct_5d,-0.1965989418,-0.3713200961,False,-0.0024080572,-0.0424913157,True,True,-0.1941908846
flow_quality,3,s0_strong_no_ma,next_open_1d,-0.5475892235,-0.5991547701,False,-0.1352230536,-0.1473068615,True,True,-0.4123661699000001
flow_quality,3,s0_strong_no_ma,next_open_2d,-0.5297933512,-0.5429366375,False,-0.0809291869,-0.1180444881,True,True,-0.44886416430000003
flow_quality,3,s0_strong_no_ma,next_open_3d,0.0346327821,-0.2757315909,True,-0.0636175638,-0.0922038957,True,False,0.09825034590000001
flow_quality,3,s0_strong_no_ma,next_open_5d,0.2435625273,-0.2717654297,False,0.0060299007,-0.0483209345,True,True,0.2375326266
flow_quality,3,s0_strong_no_ma,protect_3pct_target6pct_3d,-0.1644738595,-0.3163145218,False,-0.0904403618,-0.1082484977,True,True,-0.07403349770000002
flow_quality,3,s1_break_reclaim_stable3,fast_failure_2pct_target4pct_2d,-0.5067051645,-0.5235988648,False,0.0073263046,-0.0391358928,True,False,-0.5140314691000001
flow_quality,3,s1_break_reclaim_stable3,momentum_trail_4pct_5d,-0.4958398314,-0.5066615729,False,-0.0199766952,-0.0434247225,True,True,-0.4758631362
flow_quality,3,s1_break_reclaim_stable3,next_open_1d,-0.3153853662,-0.3992427092,False,0.0404497253,-0.0209592386,False,False,-0.35583509150000003
flow_quality,3,s1_break_reclaim_stable3,next_open_2d,-0.1434247998,-0.2664034024,False,0.0534831625,-0.0167325003,True,False,-0.19690796230000002
flow_quality,3,s1_break_reclaim_stable3,next_open_3d,0.0938001195,-0.2935102334,False,-0.0293128523,-0.0564525167,True,False,0.1231129718
flow_quality,3,s1_break_reclaim_stable3,next_open_5d,-0.166640617,-0.2847987891,False,0.0301045506,-0.0259638425,True,False,-0.1967451676
flow_quality,3,s1_break_reclaim_stable3,protect_3pct_target6pct_3d,-0.4108465081,-0.4232726806,False,-0.0171703483,-0.0587301652,True,True,-0.39367615980000004
flow_quality,3,s1_near_reversal,fast_failure_2pct_target4pct_2d,-0.4115924412,-0.4455377393,False,-0.0338799533,-0.0449208877,True,True,-0.3777124879
flow_quality,3,s1_near_reversal,momentum_trail_4pct_5d,-0.0781768596,-0.2540665137,True,-0.0616234727,-0.0765933954,True,True,-0.016553386899999994
flow_quality,3,s1_near_reversal,next_open_1d,-0.2080782922,-0.4002932944,False,0.0069342748,-0.0324522999,True,False,-0.215012567
flow_quality,3,s1_near_reversal,next_open_2d,-0.2249341524,-0.286208711,True,-0.0183337648,-0.0483306837,True,True,-0.2066003876
flow_quality,3,s1_near_reversal,next_open_3d,-0.2223615639,-0.3600638034,True,-0.0186435174,-0.0437423943,True,True,-0.2037180465
flow_quality,3,s1_near_reversal,next_open_5d,-0.0661753012,-0.3074140751,True,-0.0440023467,-0.0765907795,True,True,-0.022172954499999994
flow_quality,3,s1_near_reversal,protect_3pct_target6pct_3d,-0.531036603,-0.5409349649,True,-0.0156864117,-0.0251519192,True,True,-0.5153501913
flow_quality,3,s1_touch_immediate,fast_failure_2pct_target4pct_2d,-0.5406014541,-0.5818242302,False,-0.0479102688,-0.0691105323,True,True,-0.49269118530000006
flow_quality,3,s1_touch_immediate,momentum_trail_4pct_5d,-0.4179862954,-0.4265333294,True,-0.0633771689,-0.0746389471,True,True,-0.3546091265
flow_quality,3,s1_touch_immediate,next_open_1d,-0.4680637599,-0.527354263,False,-0.0835135157,-0.0948047285,True,True,-0.3845502442
flow_quality,3,s1_touch_immediate,next_open_2d,-0.1717597649,-0.2829760813,False,-0.0547224008,-0.0738261349,True,True,-0.1170373641
flow_quality,3,s1_touch_immediate,next_open_3d,-0.0353122742,-0.2662120336,False,-0.0244368571,-0.0646329447,True,True,-0.0108754171
flow_quality,3,s1_touch_immediate,next_open_5d,-0.1634575867,-0.2653992127,False,-0.0406548566,-0.0739921565,True,True,-0.1228027301
flow_quality,3,s1_touch_immediate,protect_3pct_target6pct_3d,-0.4353215357,-0.4582227875,False,-0.0361563341,-0.0608643321,True,True,-0.39916520159999996
flow_quality,3,s1_touch_reclaim,fast_failure_2pct_target4pct_2d,-0.3649098107,-0.411058105,False,-0.0437324427,-0.0529154207,True,True,-0.321177368
flow_quality,3,s1_touch_reclaim,momentum_trail_4pct_5d,-0.0598031542,-0.2672462708,True,0.0206903202,-0.0377232532,True,False,-0.0804934744
flow_quality,3,s1_touch_reclaim,next_open_1d,-0.4053398572,-0.4756082406,False,-0.0737460916,-0.0810970128,False,True,-0.3315937656
flow_quality,3,s1_touch_reclaim,next_open_2d,-0.3837983535,-0.4169478433,False,-0.0555857852,-0.0678475134,True,True,-0.3282125683
flow_quality,3,s1_touch_reclaim,next_open_3d,-0.3008983633,-0.362526153,True,-0.011004064,-0.0334314607,True,True,-0.28989429930000005
flow_quality,3,s1_touch_reclaim,next_open_5d,-0.0448747107,-0.2935978946,False,-0.0388062567,-0.0669866196,True,True,-0.006068454000000001
flow_quality,3,s1_touch_reclaim,protect_3pct_target6pct_3d,-0.1478951907,-0.3202964686,False,-0.0158608205,-0.0371245723,False,True,-0.1320343702
flow_quality,3,s2_first_touch_reclaim,fast_failure_2pct_target4pct_2d,-0.2513776523,-0.3729640515,False,-0.0560726191,-0.0917505035,True,True,-0.19530503319999998
flow_quality,3,s2_first_touch_reclaim,momentum_trail_4pct_5d,-0.0089625697,-0.2756021061,False,-0.075734355,-0.0800905179,True,True,0.0667717853
flow_quality,3,s2_first_touch_reclaim,next_open_1d,-0.4557549366,-0.5048119103,False,-0.0942480606,-0.1170519266,True,True,-0.361506876
flow_quality,3,s2_first_touch_reclaim,next_open_2d,-0.4259520334,-0.4449935679,True,-0.0459140737,-0.0721395186,True,True,-0.3800379597
flow_quality,3,s2_first_touch_reclaim,next_open_3d,-0.4326907181,-0.5103867095,False,-0.0892550535,-0.0927601427,True,True,-0.34343566459999997
flow_quality,3,s2_first_touch_reclaim,next_open_5d,-0.2834996469,-0.3696852043,False,-0.0732515554,-0.0804192825,True,True,-0.2102480915
flow_quality,3,s2_first_touch_reclaim,protect_3pct_target6pct_3d,-0.4453108021,-0.4588454247,False,-0.0668079556,-0.0949823372,True,True,-0.3785028465
flow_quality,3,s2_reclaim_acceleration,fast_failure_2pct_target4pct_2d,-0.4995624237,-0.5113307619,False,-0.0309439925,-0.0661126797,False,True,-0.46861843119999996
flow_quality,3,s2_reclaim_acceleration,momentum_trail_4pct_5d,-0.1820694661,-0.2606189508,False,0.0039959413,-0.0394439462,True,False,-0.1860654074
flow_quality,3,s2_reclaim_acceleration,next_open_1d,-0.4687806853,-0.490012266,False,-0.0302269455,-0.0650180581,True,True,-0.4385537398
flow_quality,3,s2_reclaim_acceleration,next_open_2d,-0.149394332,-0.2759505216,True,-0.047556504,-0.0671489269,True,True,-0.10183782799999999
flow_quality,3,s2_reclaim_acceleration,next_open_3d,-0.1361715254,-0.2915570411,False,-0.0107984578,-0.0345719213,True,True,-0.1253730676
flow_quality,3,s2_reclaim_acceleration,next_open_5d,-0.0549537652,-0.1952286653,True,0.0088172475,-0.0281313762,True,False,-0.06377101269999999
flow_quality,3,s2_reclaim_acceleration,protect_3pct_target6pct_3d,-0.2233380682,-0.3406096152,False,-0.0487839052,-0.0614053414,True,True,-0.17455416299999998
flow_quality,3,s2_reclaim_bull_stack,fast_failure_2pct_target4pct_2d,-0.6969610783,-0.710062251,False,-0.0429556239,-0.0645508117,False,True,-0.6540054544
flow_quality,3,s2_reclaim_bull_stack,momentum_trail_4pct_5d,-0.685773418,-0.7219173805,True,-0.0613750828,-0.0763274837,True,True,-0.6243983352
flow_quality,3,s2_reclaim_bull_stack,next_open_1d,-0.5832739611,-0.603945988,False,0.0016070458,-0.0617257022,True,False,-0.5848810069
flow_quality,3,s2_reclaim_bull_stack,next_open_2d,-0.1598657763,-0.3066932292,False,-0.0218231098,-0.0582890085,True,True,-0.13804266650000002
flow_quality,3,s2_reclaim_bull_stack,next_open_3d,-0.494058458,-0.5626359188,False,0.044631773,-0.0246042948,True,False,-0.538690231
flow_quality,3,s2_reclaim_bull_stack,next_open_5d,-0.3075094404,-0.5044322518,False,-0.0413299553,-0.0498685535,True,True,-0.2661794851
flow_quality,3,s2_reclaim_bull_stack,protect_3pct_target6pct_3d,-0.6945287901,-0.7234287514,False,-0.0560949124,-0.0682323862,True,True,-0.6384338777
flow_quality,3,s2_reclaim_daily_trend,fast_failure_2pct_target4pct_2d,-0.4479697594,-0.4533130144,False,-0.1097413624,-0.1273776731,True,True,-0.338228397
flow_quality,3,s2_reclaim_daily_trend,momentum_trail_4pct_5d,-0.4283464354,-0.4438047715,False,-0.0314485294,-0.0630527073,True,True,-0.396897906
flow_quality,3,s2_reclaim_daily_trend,next_open_1d,-0.5033700299,-0.5379821588,False,-0.0748493416,-0.1033045552,True,True,-0.4285206883
flow_quality,3,s2_reclaim_daily_trend,next_open_2d,-0.4850569271,-0.504226399,True,-0.0133927775,-0.0494824205,True,True,-0.47166414959999997
flow_quality,3,s2_reclaim_daily_trend,next_open_3d,-0.1120335562,-0.2384678165,True,-0.0009928199,-0.0630288767,True,True,-0.1110407363
flow_quality,3,s2_reclaim_daily_trend,next_open_5d,0.6169345303,-0.2037918459,False,-0.0281558652,-0.0502277119,True,False,0.6450903955
flow_quality,3,s2_reclaim_daily_trend,protect_3pct_target6pct_3d,-0.5218208678,-0.5285656636,False,-0.0094093165,-0.058381528,True,True,-0.5124115513
flow_quality,3,s2_reclaim_positive_slope,fast_failure_2pct_target4pct_2d,-0.2074318516,-0.2648337983,False,-0.0426585297,-0.0539092777,True,True,-0.1647733219
flow_quality,3,s2_reclaim_positive_slope,momentum_trail_4pct_5d,-0.3189049018,-0.3618794969,False,-0.039916944,-0.0476422466,True,True,-0.27898795779999996
flow_quality,3,s2_reclaim_positive_slope,next_open_1d,-0.2366527282,-0.3134583597,False,-0.0159781251,-0.0321869537,True,True,-0.2206746031
flow_quality,3,s2_reclaim_positive_slope,next_open_2d,-0.2864035952,-0.3331874465,False,-0.0309369303,-0.0390524085,True,True,-0.25546666490000003
flow_quality,3,s2_reclaim_positive_slope,next_open_3d,-0.3186542858,-0.3306515323,True,-0.0052573438,-0.048331051,True,True,-0.313396942
flow_quality,3,s2_reclaim_positive_slope,next_open_5d,0.4885304969,-0.2063314592,True,-0.0075256736,-0.0404945791,True,False,0.4960561705
flow_quality,3,s2_reclaim_positive_slope,protect_3pct_target6pct_3d,-0.4488666606,-0.4717120413,False,-0.0413758571,-0.0526084234,True,True,-0.4074908035
flow_quality,3,s2_reclaim_recent_high,fast_failure_2pct_target4pct_2d,-0.601726631,-0.6270634582,False,-0.0764885524,-0.111064895,True,True,-0.5252380786
flow_quality,3,s2_reclaim_recent_high,momentum_trail_4pct_5d,-0.4766855176,-0.5074008612,False,-0.0177944458,-0.0499639396,True,True,-0.4588910718
flow_quality,3,s2_reclaim_recent_high,next_open_1d,-0.5990100759,-0.6308819846,False,-0.1133575908,-0.1372486419,True,True,-0.4856524851
flow_quality,3,s2_reclaim_recent_high,next_open_2d,-0.3515335505,-0.420991218,False,-0.0904589734,-0.1150732222,True,True,-0.26107457710000004
flow_quality,3,s2_reclaim_recent_high,next_open_3d,-0.3284006292,-0.4118573502,False,0.067618632,-0.0298880169,True,False,-0.39601926120000003
flow_quality,3,s2_reclaim_recent_high,next_open_5d,-0.4581475485,-0.5049926512,True,-0.0071880681,-0.0666335678,True,True,-0.4509594804
flow_quality,3,s2_reclaim_recent_high,protect_3pct_target6pct_3d,-0.6775954238,-0.6937992134,False,-0.0437787851,-0.0863154659,True,True,-0.6338166387
flow_quality,3,s4_auction_confirmed_reclaim,fast_failure_2pct_target4pct_2d,-0.673689698,-0.6761906706,True,0.0107059874,-0.021425821,True,False,-0.6843956854
flow_quality,3,s4_auction_confirmed_reclaim,momentum_trail_4pct_5d,-0.5082199367,-0.5114870911,True,-0.0578131911,-0.0635084702,True,True,-0.4504067456
flow_quality,3,s4_auction_confirmed_reclaim,next_open_1d,-0.5414879934,-0.5567775681,False,-0.0178876982,-0.0437436488,True,True,-0.5236002952
flow_quality,3,s4_auction_confirmed_reclaim,next_open_2d,-0.1726799492,-0.2721435483,False,0.0075461566,-0.0278251004,True,False,-0.18022610579999998
flow_quality,3,s4_auction_confirmed_reclaim,next_open_3d,-0.2171412952,-0.3418083908,True,-0.0428605243,-0.0593442189,True,True,-0.1742807709
flow_quality,3,s4_auction_confirmed_reclaim,next_open_5d,-0.2209623859,-0.2772673229,True,-0.0744914941,-0.0984314473,True,True,-0.1464708918
flow_quality,3,s4_auction_confirmed_reclaim,protect_3pct_target6pct_3d,-0.3587146363,-0.3917425886,False,-0.0525256662,-0.0750116859,True,True,-0.3061889701
flow_quality,3,s4_reclaim_amount_acceleration,fast_failure_2pct_target4pct_2d,-0.4050334723,-0.4261069978,False,-0.0102710288,-0.0463187612,True,True,-0.39476244349999995
flow_quality,3,s4_reclaim_amount_acceleration,momentum_trail_4pct_5d,-0.1193317769,-0.2901374124,True,-0.0301735205,-0.0910178661,True,True,-0.08915825640000001
flow_quality,3,s4_reclaim_amount_acceleration,next_open_1d,-0.5051237814,-0.5424678125,False,-0.0229803785,-0.0661100318,True,True,-0.4821434029
flow_quality,3,s4_reclaim_amount_acceleration,next_open_2d,-0.194761871,-0.2834077231,False,-0.0520488305,-0.0931266024,True,True,-0.1427130405
flow_quality,3,s4_reclaim_amount_acceleration,next_open_3d,-0.0418415846,-0.2835889987,False,0.0469999806,-0.0460363124,True,False,-0.0888415652
flow_quality,3,s4_reclaim_amount_acceleration,next_open_5d,-0.0971940202,-0.2599813268,True,-0.0003401368,-0.0459092198,True,True,-0.0968538834
flow_quality,3,s4_reclaim_amount_acceleration,protect_3pct_target6pct_3d,-0.3230833721,-0.4309169098,False,0.0100308103,-0.0371345368,True,False,-0.3331141824
flow_quality,3,s4_reclaim_volume_normal,fast_failure_2pct_target4pct_2d,-0.209825333,-0.3014412833,False,-0.0326241038,-0.061003116,True,True,-0.1772012292
flow_quality,3,s4_reclaim_volume_normal,momentum_trail_4pct_5d,-0.3800622099,-0.4244676322,False,-0.022822367,-0.055208336,True,True,-0.3572398429
flow_quality,3,s4_reclaim_volume_normal,next_open_1d,-0.2382047284,-0.3284037864,False,-0.026335609,-0.0550106714,True,True,-0.2118691194
flow_quality,3,s4_reclaim_volume_normal,next_open_2d,-0.3210033563,-0.3779539881,False,-0.033001811,-0.0665311229,True,True,-0.2880015453
flow_quality,3,s4_reclaim_volume_normal,next_open_3d,0.2348749615,-0.354111037,False,0.0218974819,-0.0293377906,True,True,0.21297747960000002
flow_quality,3,s4_reclaim_volume_normal,next_open_5d,-0.4826408371,-0.5049950684,False,0.04483977,-0.0480806024,False,False,-0.5274806071
flow_quality,3,s4_reclaim_volume_normal,protect_3pct_target6pct_3d,-0.2030758788,-0.2853490994,False,-0.025961383,-0.0670884417,True,True,-0.1771144958
flow_quality,3,s4_reclaim_volume_proxy,fast_failure_2pct_target4pct_2d,-0.334585752,-0.3374715116,False,-0.0191329574,-0.0452350255,True,True,-0.31545279460000003
flow_quality,3,s4_reclaim_volume_proxy,momentum_trail_4pct_5d,-0.1396295383,-0.2564948732,True,0.0050910041,-0.0381127749,True,False,-0.14472054239999999
flow_quality,3,s4_reclaim_volume_proxy,next_open_1d,-0.362595711,-0.3666726887,False,-0.0540759116,-0.0724729243,True,True,-0.30851979939999996
flow_quality,3,s4_reclaim_volume_proxy,next_open_2d,-0.3815361069,-0.4441106429,False,-0.0185302957,-0.0416235754,True,True,-0.36300581120000003
flow_quality,3,s4_reclaim_volume_proxy,next_open_3d,-0.2189899363,-0.3482612175,False,-0.0280509497,-0.0570090601,True,True,-0.1909389866
flow_quality,3,s4_reclaim_volume_proxy,next_open_5d,-0.069515801,-0.2773861947,False,-0.0779591937,-0.1088860684,True,True,0.008443392699999996
flow_quality,3,s4_reclaim_volume_proxy,protect_3pct_target6pct_3d,-0.3735504409,-0.3909001259,True,-0.0125374418,-0.0485860161,True,True,-0.3610129991
flow_quality,3,s4_reclaim_vwap_support,fast_failure_2pct_target4pct_2d,-0.7625222865,-0.7770508129,False,-0.0089808083,-0.04209298,True,True,-0.7535414782
flow_quality,3,s4_reclaim_vwap_support,momentum_trail_4pct_5d,-0.3746242359,-0.4295770596,True,0.0027774805,-0.0364912199,True,False,-0.3774017164
flow_quality,3,s4_reclaim_vwap_support,next_open_1d,-0.6457160813,-0.66654292,False,-0.0317892803,-0.0806605409,True,True,-0.6139268010000001
flow_quality,3,s4_reclaim_vwap_support,next_open_2d,-0.4782783542,-0.5137027244,True,-0.034236506,-0.0825406062,True,True,-0.4440418482
flow_quality,3,s4_reclaim_vwap_support,next_open_3d,-0.2945080288,-0.4025657221,False,0.0405897978,-0.0250648817,True,False,-0.3350978266
flow_quality,3,s4_reclaim_vwap_support,next_open_5d,-0.0074713864,-0.2350594406,False,-0.0032608276,-0.0605722517,True,True,-0.0042105588
flow_quality,3,s4_reclaim_vwap_support,protect_3pct_target6pct_3d,-0.5342662828,-0.5749103433,True,-0.0007805,-0.0469961991,True,True,-0.5334857828
flow_quality,4,cs_r3_leader_confirmation,fast_failure_2pct_target4pct_2d,-0.5404186479,-0.5649746894,False,-0.0352538222,-0.052134216,True,True,-0.5051648257000001
flow_quality,4,cs_r3_leader_confirmation,momentum_trail_4pct_5d,-0.1685607852,-0.2424436873,False,-0.0462655084,-0.0581866758,True,True,-0.1222952768
flow_quality,4,cs_r3_leader_confirmation,next_open_1d,-0.4831308221,-0.5180936151,True,-0.0261741258,-0.0776136441,True,True,-0.4569566963
flow_quality,4,cs_r3_leader_confirmation,next_open_2d,-0.0298893488,-0.269140509,False,0.0277660292,-0.0507325688,True,False,-0.057655378
flow_quality,4,cs_r3_leader_confirmation,next_open_3d,-0.185557495,-0.2695642114,False,-0.0173318857,-0.053953231,True,True,-0.1682256093
flow_quality,4,cs_r3_leader_confirmation,next_open_5d,0.337820178,-0.2282940785,False,-0.0376417806,-0.0544761225,True,False,0.37546195860000003
flow_quality,4,cs_r3_leader_confirmation,protect_3pct_target6pct_3d,-0.3517288772,-0.4014177088,True,-0.0343981074,-0.057149935,True,True,-0.3173307698
flow_quality,4,fu_r3_core_pullback,fast_failure_2pct_target4pct_2d,0.2036371032,-0.2224383681,False,-0.0121956472,-0.0651948958,True,False,0.2158327504
flow_quality,4,fu_r3_core_pullback,momentum_trail_4pct_5d,0.1644234347,-0.2215782742,False,-0.0155804989,-0.0728195299,True,False,0.1800039336
flow_quality,4,fu_r3_core_pullback,next_open_1d,0.1274785688,-0.1756674953,False,-0.0415012617,-0.0654188785,True,False,0.16897983049999998
flow_quality,4,fu_r3_core_pullback,next_open_2d,-0.0584842236,-0.3210529401,False,-0.014941433,-0.0596337541,True,True,-0.043542790600000006
flow_quality,4,fu_r3_core_pullback,next_open_3d,0.119203165,-0.2463791588,False,-0.0319721502,-0.0696030945,True,False,0.1511753152
flow_quality,4,fu_r3_core_pullback,next_open_5d,-0.1389153578,-0.283109352,False,-0.0358394224,-0.0852727237,True,True,-0.1030759354
flow_quality,4,fu_r3_core_pullback,protect_3pct_target6pct_3d,0.075894693,-0.2901995831,False,-0.037370828,-0.0675372866,True,False,0.11326552100000001
flow_quality,4,ht_r3_core_pullback,fast_failure_2pct_target4pct_2d,-0.5470014835,-0.5897762456,False,-0.0433609106,-0.0584534205,True,True,-0.5036405729
flow_quality,4,ht_r3_core_pullback,momentum_trail_4pct_5d,-0.6287198888,-0.6639398423,True,-0.0659108668,-0.0834728495,True,True,-0.5628090219999999
flow_quality,4,ht_r3_core_pullback,next_open_1d,-0.5582640308,-0.6110262805,False,-0.0739240378,-0.0819044473,True,True,-0.48433999299999997
flow_quality,4,ht_r3_core_pullback,next_open_2d,-0.2855418935,-0.4250841984,False,-0.0146516716,-0.0446873058,True,True,-0.27089022189999995
flow_quality,4,ht_r3_core_pullback,next_open_3d,-0.2208929702,-0.3026610381,False,-0.0397894171,-0.0530414164,True,True,-0.1811035531
flow_quality,4,ht_r3_core_pullback,next_open_5d,-0.1376470107,-0.3028562625,False,0.0010421407,-0.0394512541,True,False,-0.1386891514
flow_quality,4,ht_r3_core_pullback,protect_3pct_target6pct_3d,-0.6625891514,-0.6936039841,False,-0.0623837555,-0.0837499516,True,True,-0.6002053959
flow_quality,4,ng_r1_auction_reclaim,fast_failure_2pct_target4pct_2d,-0.1495411224,-0.2561133372,True,-0.0217322691,-0.0510291841,True,True,-0.1278088533
flow_quality,4,ng_r1_auction_reclaim,momentum_trail_4pct_5d,0.1820492819,-0.1837646655,True,-0.0392716394,-0.0643498793,True,False,0.2213209213
flow_quality,4,ng_r1_auction_reclaim,next_open_1d,-0.1838553034,-0.2538915229,True,0.0451587602,-0.0266691267,True,False,-0.2290140636
flow_quality,4,ng_r1_auction_reclaim,next_open_2d,-0.1595825505,-0.1894033573,True,-0.0203869866,-0.0449921679,True,True,-0.1391955639
flow_quality,4,ng_r1_auction_reclaim,next_open_3d,0.1658074505,-0.1423649377,True,-0.0185144556,-0.0303267477,True,False,0.18432190610000002
flow_quality,4,ng_r1_auction_reclaim,next_open_5d,-0.0414310465,-0.3829004371,False,-0.0339603543,-0.0749340023,True,True,-0.007470692199999997
flow_quality,4,ng_r1_auction_reclaim,protect_3pct_target6pct_3d,-0.1458563507,-0.1844808525,True,-0.0406051304,-0.0501730022,True,True,-0.1052512203
flow_quality,4,ng_r3_volume_quality,fast_failure_2pct_target4pct_2d,-0.438514813,-0.4725772695,False,0.006315356,-0.0478482734,True,False,-0.444830169
flow_quality,4,ng_r3_volume_quality,momentum_trail_4pct_5d,-0.3921261072,-0.4193049485,True,-0.0265964618,-0.0580565674,True,True,-0.3655296454
flow_quality,4,ng_r3_volume_quality,next_open_1d,-0.67864299,-0.6877683463,False,0.0111874217,-0.0262056752,False,False,-0.6898304116999999
flow_quality,4,ng_r3_volume_quality,next_open_2d,-0.3299670866,-0.3712844062,False,0.0220354695,-0.0217776899,True,False,-0.35200255610000003
flow_quality,4,ng_r3_volume_quality,next_open_3d,0.0204877396,-0.1718261385,True,-0.0123167597,-0.0310926422,True,False,0.0328044993
flow_quality,4,ng_r3_volume_quality,next_open_5d,-0.2253996362,-0.3534810271,True,-0.056403016,-0.0699496342,True,True,-0.1689966202
flow_quality,4,ng_r3_volume_quality,protect_3pct_target6pct_3d,-0.5085391973,-0.519732995,True,-0.025872423,-0.0646560843,True,True,-0.4826667743
flow_quality,4,s0_distance_only,fast_failure_2pct_target4pct_2d,-0.4201248555,-0.4267080281,False,-0.0176687648,-0.0571676435,False,True,-0.4024560907
flow_quality,4,s0_distance_only,momentum_trail_4pct_5d,-0.1604514876,-0.2806585283,True,-0.066894656,-0.0850120177,True,True,-0.0935568316
flow_quality,4,s0_distance_only,next_open_1d,-0.5773665129,-0.5803534416,False,-0.0548589332,-0.0712006918,True,True,-0.5225075797
flow_quality,4,s0_distance_only,next_open_2d,-0.2698820188,-0.2848837217,False,-0.0389284773,-0.0657610343,True,True,-0.23095354150000003
flow_quality,4,s0_distance_only,next_open_3d,-0.1564173705,-0.2432319426,True,-0.0073473503,-0.0374955934,True,True,-0.14907002020000001
flow_quality,4,s0_distance_only,next_open_5d,0.2682672209,-0.2326130747,False,-0.0535075004,-0.0804338455,True,False,0.3217747213
flow_quality,4,s0_distance_only,protect_3pct_target6pct_3d,-0.5014326792,-0.5101381956,True,-0.0164643815,-0.0415210332,True,True,-0.4849682977
flow_quality,4,s0_strong_no_ma,fast_failure_2pct_target4pct_2d,-0.4414235997,-0.4609416313,False,0.0116159359,-0.0634623166,True,False,-0.4530395356
flow_quality,4,s0_strong_no_ma,momentum_trail_4pct_5d,-0.4620190667,-0.4805712445,False,-0.0308048847,-0.0855746346,True,True,-0.431214182
flow_quality,4,s0_strong_no_ma,next_open_1d,-0.5838172789,-0.613823714,False,-0.0258348366,-0.047783979,False,True,-0.5579824423
flow_quality,4,s0_strong_no_ma,next_open_2d,-0.5113569969,-0.6029966038,False,-0.0224457047,-0.06725534,True,True,-0.4889112922
flow_quality,4,s0_strong_no_ma,next_open_3d,-0.3132073356,-0.4036515101,False,-0.0498035477,-0.0836550307,True,True,-0.2634037879
flow_quality,4,s0_strong_no_ma,next_open_5d,-0.29003068,-0.3583618883,True,-0.0570628768,-0.0955200451,True,True,-0.2329678032
flow_quality,4,s0_strong_no_ma,protect_3pct_target6pct_3d,-0.5716014096,-0.5787199774,False,-0.012357945,-0.0561724214,True,True,-0.5592434646000001
flow_quality,4,s1_break_reclaim_stable3,fast_failure_2pct_target4pct_2d,-0.4052250906,-0.4757346412,False,-0.0376238985,-0.0688564678,True,True,-0.3676011921
flow_quality,4,s1_break_reclaim_stable3,momentum_trail_4pct_5d,-0.3931481219,-0.4395853044,True,-0.0059457892,-0.0423666124,True,True,-0.3872023327
flow_quality,4,s1_break_reclaim_stable3,next_open_1d,-0.253055004,-0.3658901673,False,-0.0259972306,-0.0589088808,True,True,-0.22705777339999997
flow_quality,4,s1_break_reclaim_stable3,next_open_2d,0.1755692784,-0.2778289943,False,0.0096262633,-0.0556578597,True,True,0.1659430151
flow_quality,4,s1_break_reclaim_stable3,next_open_3d,0.0429960929,-0.3029069011,False,0.0020286407,-0.0439393943,True,True,0.0409674522
flow_quality,4,s1_break_reclaim_stable3,next_open_5d,0.1074827117,-0.1968147633,False,-0.0319332665,-0.0804057718,True,False,0.1394159782
flow_quality,4,s1_break_reclaim_stable3,protect_3pct_target6pct_3d,-0.3761198083,-0.4715429574,False,-0.0239281573,-0.0658240075,True,True,-0.35219165100000005
flow_quality,4,s1_near_reversal,fast_failure_2pct_target4pct_2d,-0.5581624654,-0.5922488339,False,-0.0396840351,-0.0531890052,True,True,-0.5184784303000001
flow_quality,4,s1_near_reversal,momentum_trail_4pct_5d,0.1242295028,-0.2093278736,False,-0.0065471626,-0.0266074004,True,False,0.1307766654
flow_quality,4,s1_near_reversal,next_open_1d,-0.4870229395,-0.5262291953,False,-0.0469792341,-0.0532849413,True,True,-0.4400437054
flow_quality,4,s1_near_reversal,next_open_2d,-0.2435237212,-0.2890158163,False,0.0033487559,-0.0395639274,True,False,-0.2468724771
flow_quality,4,s1_near_reversal,next_open_3d,-0.170378645,-0.266334694,True,-0.0150491973,-0.0532051043,True,True,-0.15532944769999998
flow_quality,4,s1_near_reversal,next_open_5d,-0.0440695268,-0.2700061442,True,-0.0330766088,-0.0456179958,True,True,-0.010992918000000004
flow_quality,4,s1_near_reversal,protect_3pct_target6pct_3d,-0.5073264076,-0.5217273304,True,0.0071391838,-0.0243839973,True,False,-0.5144655914
flow_quality,4,s1_touch_immediate,fast_failure_2pct_target4pct_2d,-0.3687853431,-0.3699189704,False,-0.0084120171,-0.0327902211,True,True,-0.360373326
flow_quality,4,s1_touch_immediate,momentum_trail_4pct_5d,-0.3707715267,-0.3774741648,False,-0.0199474856,-0.039563842,True,True,-0.35082404110000004
flow_quality,4,s1_touch_immediate,next_open_1d,-0.3297499812,-0.3649993768,False,-0.0085965292,-0.0365938272,True,True,-0.321153452
flow_quality,4,s1_touch_immediate,next_open_2d,0.2126161058,-0.1873982637,False,0.0088378509,-0.0574274557,True,True,0.2037782549
flow_quality,4,s1_touch_immediate,next_open_3d,-0.1733009531,-0.2771218466,True,0.0155320567,-0.0549012714,True,False,-0.18883300979999998
flow_quality,4,s1_touch_immediate,next_open_5d,-0.1720161605,-0.2779199488,False,-0.0657645034,-0.0786254576,True,True,-0.1062516571
flow_quality,4,s1_touch_immediate,protect_3pct_target6pct_3d,-0.3170820692,-0.3447522885,False,-0.0406148571,-0.0596504646,True,True,-0.27646721209999997
flow_quality,4,s1_touch_reclaim,fast_failure_2pct_target4pct_2d,-0.3516417834,-0.3827442951,False,-0.0332685296,-0.0670221409,True,True,-0.31837325380000003
flow_quality,4,s1_touch_reclaim,momentum_trail_4pct_5d,-0.3629534587,-0.4000076245,True,-0.0210503247,-0.0408589037,True,True,-0.341903134
flow_quality,4,s1_touch_reclaim,next_open_1d,-0.401947558,-0.4337495188,False,-0.0386101526,-0.0560244694,True,True,-0.3633374054
flow_quality,4,s1_touch_reclaim,next_open_2d,-0.1683368031,-0.2417930142,True,-0.0813598905,-0.0962480706,True,True,-0.08697691259999998
flow_quality,4,s1_touch_reclaim,next_open_3d,0.363341486,-0.1658755605,True,-0.0582355099,-0.0734984614,True,False,0.4215769959
flow_quality,4,s1_touch_reclaim,next_open_5d,-0.1682884031,-0.2570559101,True,-0.064042482,-0.0859715098,True,True,-0.10424592110000001
flow_quality,4,s1_touch_reclaim,protect_3pct_target6pct_3d,-0.2402825558,-0.2906109667,False,-0.0256026151,-0.0470653404,True,True,-0.2146799407
flow_quality,4,s2_first_touch_reclaim,fast_failure_2pct_target4pct_2d,-0.4152149465,-0.4673347781,False,-0.0124320982,-0.0393212899,True,True,-0.4027828483
flow_quality,4,s2_first_touch_reclaim,momentum_trail_4pct_5d,-0.4035692578,-0.4235388037,False,-0.0230569587,-0.0668871707,True,True,-0.3805122991
flow_quality,4,s2_first_touch_reclaim,next_open_1d,-0.2857583901,-0.434817522,False,-0.0052804951,-0.0507612154,True,True,-0.280477895
flow_quality,4,s2_first_touch_reclaim,next_open_2d,0.0920943496,-0.2982284228,False,-0.0785400372,-0.0944745824,True,False,0.17063438679999998
flow_quality,4,s2_first_touch_reclaim,next_open_3d,-0.0593672584,-0.232235765,False,-0.076394618,-0.0784688623,True,True,0.0170273596
flow_quality,4,s2_first_touch_reclaim,next_open_5d,0.036082564,-0.3367937714,False,-0.0497912967,-0.0588889261,True,False,0.0858738607
flow_quality,4,s2_first_touch_reclaim,protect_3pct_target6pct_3d,-0.3613245576,-0.4088834703,False,0.0209629668,-0.0425224678,False,False,-0.38228752439999997
flow_quality,4,s2_reclaim_acceleration,fast_failure_2pct_target4pct_2d,-0.4214189966,-0.457152318,False,-0.0167663487,-0.0539985158,True,True,-0.4046526479
flow_quality,4,s2_reclaim_acceleration,momentum_trail_4pct_5d,-0.40775607,-0.4314012264,True,0.0471230768,-0.0224056378,True,False,-0.4548791468
flow_quality,4,s2_reclaim_acceleration,next_open_1d,-0.511874125,-0.5384190798,False,-0.0685640072,-0.0788919075,True,True,-0.44331011779999996
flow_quality,4,s2_reclaim_acceleration,next_open_2d,-0.2595332361,-0.3456439119,False,-0.032216823,-0.060924431,True,True,-0.2273164131
flow_quality,4,s2_reclaim_acceleration,next_open_3d,0.0189657994,-0.2153066415,True,0.036110631,-0.0284960853,True,True,-0.017144831599999997
flow_quality,4,s2_reclaim_acceleration,next_open_5d,-0.2894568633,-0.3009179539,True,-0.0191099296,-0.0445783579,True,True,-0.27034693369999996
flow_quality,4,s2_reclaim_acceleration,protect_3pct_target6pct_3d,-0.3185659838,-0.3666682884,False,0.0077613757,-0.0415608909,True,False,-0.3263273595
flow_quality,4,s2_reclaim_bull_stack,fast_failure_2pct_target4pct_2d,-0.7034077477,-0.7128543425,False,-0.0178453726,-0.0632076362,False,True,-0.6855623751000001
flow_quality,4,s2_reclaim_bull_stack,momentum_trail_4pct_5d,-0.5849677916,-0.616778624,True,-0.0604943954,-0.0754608257,True,True,-0.5244733962
flow_quality,4,s2_reclaim_bull_stack,next_open_1d,-0.5933626674,-0.6182282703,False,-0.0018069339,-0.0471129876,True,True,-0.5915557335
flow_quality,4,s2_reclaim_bull_stack,next_open_2d,-0.1432204527,-0.2674493408,False,-0.0306990358,-0.0557251703,True,True,-0.1125214169
flow_quality,4,s2_reclaim_bull_stack,next_open_3d,-0.4626582255,-0.5087774139,False,0.0211157902,-0.0246042948,True,False,-0.4837740157
flow_quality,4,s2_reclaim_bull_stack,next_open_5d,-0.483424963,-0.5174509576,False,-0.0302769568,-0.0389140009,True,True,-0.4531480062
flow_quality,4,s2_reclaim_bull_stack,protect_3pct_target6pct_3d,-0.6177893133,-0.6458885361,False,-0.0009446687,-0.0378101289,True,True,-0.6168446446
flow_quality,4,s2_reclaim_daily_trend,fast_failure_2pct_target4pct_2d,-0.295497641,-0.4274348601,False,-0.0419445853,-0.0601525398,True,True,-0.2535530557
flow_quality,4,s2_reclaim_daily_trend,momentum_trail_4pct_5d,-0.4407229905,-0.4876087349,False,0.0197202562,-0.0375988501,True,False,-0.46044324670000003
flow_quality,4,s2_reclaim_daily_trend,next_open_1d,-0.2884274074,-0.4171791262,False,-0.0528961144,-0.054873695,True,True,-0.235531293
flow_quality,4,s2_reclaim_daily_trend,next_open_2d,-0.5404913902,-0.5568102927,False,0.0282655561,-0.0297168498,True,False,-0.5687569463000001
flow_quality,4,s2_reclaim_daily_trend,next_open_3d,-0.4535365793,-0.5538878875,False,-0.0415658056,-0.0525099041,True,True,-0.4119707737
flow_quality,4,s2_reclaim_daily_trend,next_open_5d,-0.629835188,-0.6499284411,True,-0.0224790758,-0.0627133915,True,True,-0.6073561122000001
flow_quality,4,s2_reclaim_daily_trend,protect_3pct_target6pct_3d,-0.1701441,-0.2599425978,False,-0.0637171125,-0.0708881967,True,True,-0.10642698749999999
flow_quality,4,s2_reclaim_positive_slope,fast_failure_2pct_target4pct_2d,-0.5574323034,-0.5818887559,True,-0.028000324,-0.0521696401,True,True,-0.5294319794000001
flow_quality,4,s2_reclaim_positive_slope,momentum_trail_4pct_5d,-0.2082841959,-0.3328327605,True,-0.089743661,-0.0966141117,True,True,-0.1185405349
flow_quality,4,s2_reclaim_positive_slope,next_open_1d,-0.4572698338,-0.4720200983,True,-0.0425128226,-0.0727322977,True,True,-0.4147570112
flow_quality,4,s2_reclaim_positive_slope,next_open_2d,-0.207572118,-0.3140170179,False,-0.0577210078,-0.0752956723,True,True,-0.1498511102
flow_quality,4,s2_reclaim_positive_slope,next_open_3d,-0.1961449122,-0.3533108094,True,-0.0653414749,-0.072396109,True,True,-0.1308034373
flow_quality,4,s2_reclaim_positive_slope,next_open_5d,0.0347917068,-0.2490420746,True,-0.0552300375,-0.0698048325,True,False,0.09002174430000001
flow_quality,4,s2_reclaim_positive_slope,protect_3pct_target6pct_3d,-0.3849837233,-0.4402039226,False,-0.0642871394,-0.0713497314,True,True,-0.3206965839
flow_quality,4,s2_reclaim_recent_high,fast_failure_2pct_target4pct_2d,-0.6786745929,-0.6920823078,False,-0.0024600572,-0.0616281332,True,True,-0.6762145357
flow_quality,4,s2_reclaim_recent_high,momentum_trail_4pct_5d,-0.2452433682,-0.2848731358,True,0.0148067161,-0.0699219176,True,False,-0.2600500843
flow_quality,4,s2_reclaim_recent_high,next_open_1d,-0.6391347712,-0.6738073661,False,-0.0191568913,-0.064910448,True,True,-0.6199778799
flow_quality,4,s2_reclaim_recent_high,next_open_2d,-0.6301592597,-0.6423630612,False,-0.032762518,-0.1037574808,True,True,-0.5973967417
flow_quality,4,s2_reclaim_recent_high,next_open_3d,-0.3571854426,-0.4206702712,False,0.0713925468,-0.0421294874,True,False,-0.4285779894
flow_quality,4,s2_reclaim_recent_high,next_open_5d,-0.5276645635,-0.5810572983,False,0.0520811298,-0.0284861935,True,False,-0.5797456933
flow_quality,4,s2_reclaim_recent_high,protect_3pct_target6pct_3d,-0.4814544546,-0.5659675483,False,0.0020295289,-0.0741634022,True,False,-0.48348398350000005
flow_quality,4,s4_auction_confirmed_reclaim,fast_failure_2pct_target4pct_2d,-0.4921076893,-0.5119312394,False,-0.0317212921,-0.0468912048,True,True,-0.46038639719999996
flow_quality,4,s4_auction_confirmed_reclaim,momentum_trail_4pct_5d,-0.1127590526,-0.2722125083,True,-0.0458594113,-0.0548126521,True,True,-0.0668996413
flow_quality,4,s4_auction_confirmed_reclaim,next_open_1d,-0.4851620999,-0.4999873647,False,-0.0720013965,-0.0870601823,True,True,-0.4131607034
flow_quality,4,s4_auction_confirmed_reclaim,next_open_2d,-0.3587096838,-0.46107482,False,-0.0708961836,-0.0795093525,True,True,-0.2878135002
flow_quality,4,s4_auction_confirmed_reclaim,next_open_3d,-0.0719440077,-0.2437430035,False,-0.0462428957,-0.055656984,True,True,-0.025701112000000005
flow_quality,4,s4_auction_confirmed_reclaim,next_open_5d,-0.2484685941,-0.4032339033,False,-0.0632739953,-0.0757971989,True,True,-0.1851945988
flow_quality,4,s4_auction_confirmed_reclaim,protect_3pct_target6pct_3d,-0.2960610907,-0.3277386053,False,-0.0519096066,-0.0621494271,True,True,-0.24415148409999998
flow_quality,4,s4_reclaim_amount_acceleration,fast_failure_2pct_target4pct_2d,-0.1418192616,-0.2484944646,False,-0.0420145597,-0.0531670644,True,True,-0.09980470189999999
flow_quality,4,s4_reclaim_amount_acceleration,momentum_trail_4pct_5d,-0.3032832325,-0.3449037975,True,-0.0105294076,-0.0454107235,True,True,-0.2927538249
flow_quality,4,s4_reclaim_amount_acceleration,next_open_1d,-0.1730043702,-0.2619462472,False,-0.1005582312,-0.0967245643,True,True,-0.072446139
flow_quality,4,s4_reclaim_amount_acceleration,next_open_2d,0.1310951388,-0.2304693263,False,-0.0470559801,-0.0557485851,True,False,0.17815111890000002
flow_quality,4,s4_reclaim_amount_acceleration,next_open_3d,-0.1037207949,-0.1922532502,False,-0.0276583236,-0.0497173882,True,True,-0.07606247129999999
flow_quality,4,s4_reclaim_amount_acceleration,next_open_5d,0.2409520267,-0.2173394152,False,-0.0191808382,-0.0545624764,True,False,0.2601328649
flow_quality,4,s4_reclaim_amount_acceleration,protect_3pct_target6pct_3d,-0.2426260782,-0.3177087409,False,-0.0714219277,-0.0758711651,True,True,-0.1712041505
flow_quality,4,s4_reclaim_volume_normal,fast_failure_2pct_target4pct_2d,-0.4362620385,-0.4499384096,False,-0.0669382909,-0.0813000636,True,True,-0.3693237476
flow_quality,4,s4_reclaim_volume_normal,momentum_trail_4pct_5d,-0.4492587974,-0.5062933127,True,-0.012248719,-0.0552791933,True,True,-0.4370100784
flow_quality,4,s4_reclaim_volume_normal,next_open_1d,-0.4958570732,-0.5578939449,False,-0.0437080119,-0.0609543808,True,True,-0.4521490613
flow_quality,4,s4_reclaim_volume_normal,next_open_2d,-0.4489508511,-0.4481357802,False,-0.0333084836,-0.0638197809,True,True,-0.4156423675
flow_quality,4,s4_reclaim_volume_normal,next_open_3d,-0.2086983695,-0.3043737543,False,-0.0481564705,-0.0635617849,True,True,-0.16054189900000002
flow_quality,4,s4_reclaim_volume_normal,next_open_5d,-0.2492252575,-0.2751612252,False,-0.0735722437,-0.0938969175,True,True,-0.17565301379999998
flow_quality,4,s4_reclaim_volume_normal,protect_3pct_target6pct_3d,-0.4221929714,-0.4541563195,False,-0.0328504276,-0.0531713491,True,True,-0.3893425438
flow_quality,4,s4_reclaim_volume_proxy,fast_failure_2pct_target4pct_2d,-0.4676139768,-0.4931305199,False,-0.0164972129,-0.0644509672,True,True,-0.4511167639
flow_quality,4,s4_reclaim_volume_proxy,momentum_trail_4pct_5d,-0.0015316954,-0.2488956441,False,0.0075970485,-0.0352319115,True,False,-0.0091287439
flow_quality,4,s4_reclaim_volume_proxy,next_open_1d,-0.4022576027,-0.4295610287,False,-0.0631813143,-0.0835160342,True,True,-0.3390762884
flow_quality,4,s4_reclaim_volume_proxy,next_open_2d,0.0967167335,-0.2761493049,False,-0.0059425177,-0.0514088705,True,False,0.1026592512
flow_quality,4,s4_reclaim_volume_proxy,next_open_3d,-0.2018609925,-0.3601950157,False,0.0022953263,-0.0438600886,True,False,-0.20415631880000001
flow_quality,4,s4_reclaim_volume_proxy,next_open_5d,0.1298812539,-0.2229050687,False,0.0172991506,-0.0547797182,True,True,0.11258210329999999
flow_quality,4,s4_reclaim_volume_proxy,protect_3pct_target6pct_3d,-0.4052789178,-0.4431592287,False,0.035636266,-0.0423944846,True,False,-0.44091518380000005
flow_quality,4,s4_reclaim_vwap_support,fast_failure_2pct_target4pct_2d,-0.3279066553,-0.4105290687,False,-0.0726385416,-0.0958225766,True,True,-0.2552681137
flow_quality,4,s4_reclaim_vwap_support,momentum_trail_4pct_5d,-0.2075029324,-0.3499902084,True,0.0182093884,-0.0297410432,True,False,-0.2257123208
flow_quality,4,s4_reclaim_vwap_support,next_open_1d,-0.3214339635,-0.4324334292,False,-0.0503755492,-0.0649148834,True,True,-0.2710584143
flow_quality,4,s4_reclaim_vwap_support,next_open_2d,-0.3661234553,-0.3848646921,False,-0.0044121664,-0.0446978979,True,True,-0.36171128890000004
flow_quality,4,s4_reclaim_vwap_support,next_open_3d,-0.233808449,-0.41188317,True,0.0092563787,-0.0241754945,True,False,-0.2430648277
flow_quality,4,s4_reclaim_vwap_support,next_open_5d,-0.2313292566,-0.3256920199,True,0.0012053064,-0.0402661717,True,False,-0.232534563
flow_quality,4,s4_reclaim_vwap_support,protect_3pct_target6pct_3d,-0.4320124308,-0.4567490819,True,-0.0287873389,-0.0584105558,True,True,-0.4032250919
random_hash,0,cs_r3_leader_confirmation,fast_failure_2pct_target4pct_2d,-0.5180899672,-0.6010776821,False,-0.0438448428,-0.0629555225,True,True,-0.4742451244
random_hash,0,cs_r3_leader_confirmation,momentum_trail_4pct_5d,-0.4047134457,-0.41848937,True,-0.0291614981,-0.0503600488,True,True,-0.3755519476
random_hash,0,cs_r3_leader_confirmation,next_open_1d,-0.4629144571,-0.5471863391,False,-0.0763176408,-0.0869555426,True,True,-0.3865968163
random_hash,0,cs_r3_leader_confirmation,next_open_2d,-0.0697147461,-0.3707499303,False,-0.06918296,-0.1109571802,True,True,-0.0005317861000000007
random_hash,0,cs_r3_leader_confirmation,next_open_3d,-0.0668010099,-0.2793711436,False,-0.0806010133,-0.102287621,True,True,0.013800003399999997
random_hash,0,cs_r3_leader_confirmation,next_open_5d,-0.1572742625,-0.3090327612,True,0.0216483181,-0.0346200414,True,False,-0.17892258060000002
random_hash,0,cs_r3_leader_confirmation,protect_3pct_target6pct_3d,-0.4179028083,-0.4784801792,False,-0.0384449171,-0.0607193176,True,True,-0.37945789119999995
random_hash,0,fu_r3_core_pullback,fast_failure_2pct_target4pct_2d,-0.3247899715,-0.4464558343,True,0.0088141943,-0.046396421,True,False,-0.3336041658
random_hash,0,fu_r3_core_pullback,momentum_trail_4pct_5d,-0.1498842012,-0.2375005844,True,-0.0435035979,-0.0756197513,True,True,-0.10638060330000002
random_hash,0,fu_r3_core_pullback,next_open_1d,-0.3630937607,-0.4695840986,True,-0.0092831566,-0.0341702308,True,True,-0.3538106041
random_hash,0,fu_r3_core_pullback,next_open_2d,-0.2048101709,-0.3154134979,True,0.0243689722,-0.0315804756,True,False,-0.2291791431
random_hash,0,fu_r3_core_pullback,next_open_3d,0.0244435697,-0.2239172982,True,-0.0194270112,-0.044547959,True,False,0.0438705809
random_hash,0,fu_r3_core_pullback,next_open_5d,-0.095174383,-0.3106588013,True,-0.0077272722,-0.0563910463,True,True,-0.0874471108
random_hash,0,fu_r3_core_pullback,protect_3pct_target6pct_3d,-0.318626307,-0.3757124849,True,-0.020746368,-0.0468750984,True,True,-0.297879939
random_hash,0,ht_r3_core_pullback,fast_failure_2pct_target4pct_2d,-0.5956685644,-0.6106036958,False,-0.0765345398,-0.0898903028,True,True,-0.5191340246
random_hash,0,ht_r3_core_pullback,momentum_trail_4pct_5d,-0.34224464,-0.3934714808,True,0.0076528493,-0.0233925643,True,False,-0.3498974893
random_hash,0,ht_r3_core_pullback,next_open_1d,-0.663344038,-0.6716271364,False,-0.065522561,-0.081454037,True,True,-0.597821477
random_hash,0,ht_r3_core_pullback,next_open_2d,-0.3198047062,-0.377250779,False,-0.077996274,-0.0947348429,True,True,-0.2418084322
random_hash,0,ht_r3_core_pullback,next_open_3d,-0.0553634794,-0.2597167821,False,-0.045099007,-0.0624348112,True,True,-0.010264472399999995
random_hash,0,ht_r3_core_pullback,next_open_5d,0.0343960377,-0.3153264192,False,0.0078516163,-0.0404963262,True,True,0.0265444214
random_hash,0,ht_r3_core_pullback,protect_3pct_target6pct_3d,-0.5898143021,-0.6103323349,False,-0.049663227,-0.0685403688,True,True,-0.5401510750999999
random_hash,0,ng_r1_auction_reclaim,fast_failure_2pct_target4pct_2d,-0.0793739195,-0.1568087956,False,-0.0423254197,-0.0566092226,True,True,-0.0370484998
random_hash,0,ng_r1_auction_reclaim,momentum_trail_4pct_5d,-0.1205025202,-0.2463983455,False,-0.0505200647,-0.059086404,True,True,-0.06998245550000001
random_hash,0,ng_r1_auction_reclaim,next_open_1d,-0.1513862967,-0.2276038563,False,-0.0206854752,-0.0447573623,True,True,-0.1307008215
random_hash,0,ng_r1_auction_reclaim,next_open_2d,-0.2807920091,-0.3184604754,False,-0.0290143963,-0.043867479,True,True,-0.2517776128
random_hash,0,ng_r1_auction_reclaim,next_open_3d,0.0823609657,-0.1465690527,False,-0.0261509339,-0.0366004123,True,False,0.10851189959999999
random_hash,0,ng_r1_auction_reclaim,next_open_5d,-0.0626975157,-0.1917835444,True,-0.0355868402,-0.0549109755,True,True,-0.0271106755
random_hash,0,ng_r1_auction_reclaim,protect_3pct_target6pct_3d,-0.0898546106,-0.2168638712,True,-0.0340360278,-0.0474377164,True,True,-0.055818582799999995
random_hash,0,ng_r3_volume_quality,fast_failure_2pct_target4pct_2d,-0.5379168554,-0.5700932071,False,-0.0206765029,-0.0514929789,True,True,-0.5172403525
random_hash,0,ng_r3_volume_quality,momentum_trail_4pct_5d,-0.1167965624,-0.3518474938,False,-0.008801422,-0.0493957137,True,True,-0.1079951404
random_hash,0,ng_r3_volume_quality,next_open_1d,-0.6674394184,-0.6954030456,False,-0.0121553314,-0.0472307445,True,True,-0.655284087
random_hash,0,ng_r3_volume_quality,next_open_2d,-0.413960114,-0.4293132628,False,0.0285841535,-0.0277152872,True,False,-0.4425442675
random_hash,0,ng_r3_volume_quality,next_open_3d,-0.0333271569,-0.3061012573,True,0.0080477524,-0.0455318796,True,False,-0.0413749093
random_hash,0,ng_r3_volume_quality,next_open_5d,-0.2495616741,-0.3577607811,False,0.0215144055,-0.0555815799,True,False,-0.2710760796
random_hash,0,ng_r3_volume_quality,protect_3pct_target6pct_3d,-0.4604796242,-0.4990481976,False,0.0219600871,-0.0312506128,True,False,-0.4824397113
random_hash,0,s0_distance_only,fast_failure_2pct_target4pct_2d,-0.2964671877,-0.4500569552,False,-0.0606851388,-0.0681446312,True,True,-0.2357820489
random_hash,0,s0_distance_only,momentum_trail_4pct_5d,-0.3465790418,-0.4192381945,True,-0.0501916901,-0.0646628679,True,True,-0.29638735169999997
random_hash,0,s0_distance_only,next_open_1d,-0.3232972054,-0.4591912704,False,-0.0529184037,-0.0555328081,True,True,-0.2703788017
random_hash,0,s0_distance_only,next_open_2d,-0.2356175664,-0.2984947936,False,-0.0421977051,-0.0664711037,True,True,-0.1934198613
random_hash,0,s0_distance_only,next_open_3d,-0.2001560475,-0.2786046421,False,-0.0649767182,-0.0824400255,True,True,-0.13517932929999998
random_hash,0,s0_distance_only,next_open_5d,-0.17569117,-0.3750622444,True,-0.0402491097,-0.0773908032,True,True,-0.1354420603
random_hash,0,s0_distance_only,protect_3pct_target6pct_3d,-0.4730587241,-0.4863838057,False,-0.0454734993,-0.0611027755,True,True,-0.4275852248
random_hash,0,s0_strong_no_ma,fast_failure_2pct_target4pct_2d,-0.4175135219,-0.4268550592,False,-0.023170092,-0.0583333107,True,True,-0.39434342990000004
random_hash,0,s0_strong_no_ma,momentum_trail_4pct_5d,-0.3716563294,-0.4333252385,False,-0.0304319748,-0.0499770979,True,True,-0.3412243546
random_hash,0,s0_strong_no_ma,next_open_1d,-0.5029447653,-0.5109162122,False,-0.0429892938,-0.0555147404,True,True,-0.4599554715
random_hash,0,s0_strong_no_ma,next_open_2d,-0.4396542806,-0.4886500972,False,-0.0352514679,-0.0593883246,True,True,-0.4044028127
random_hash,0,s0_strong_no_ma,next_open_3d,-0.3748658582,-0.43559204,False,-0.0847972079,-0.1136229552,True,True,-0.2900686503
random_hash,0,s0_strong_no_ma,next_open_5d,0.1512352878,-0.2573818973,False,-0.0514234275,-0.0840574925,True,False,0.20265871530000001
random_hash,0,s0_strong_no_ma,protect_3pct_target6pct_3d,-0.3400813526,-0.4436029537,False,-0.071690355,-0.0889296095,True,True,-0.2683909976
random_hash,0,s1_break_reclaim_stable3,fast_failure_2pct_target4pct_2d,-0.5113434607,-0.5254088965,True,0.0257821502,-0.0366333705,True,False,-0.5371256109
random_hash,0,s1_break_reclaim_stable3,momentum_trail_4pct_5d,-0.3304490985,-0.3627957981,True,-0.0255759537,-0.0472932179,True,True,-0.3048731448
random_hash,0,s1_break_reclaim_stable3,next_open_1d,-0.4308535692,-0.4554267238,False,-0.0028668081,-0.0604796333,True,True,-0.4279867611
random_hash,0,s1_break_reclaim_stable3,next_open_2d,-0.250110911,-0.3183754169,False,0.0069519155,-0.0319490218,True,False,-0.2570628265
random_hash,0,s1_break_reclaim_stable3,next_open_3d,-0.2213087874,-0.3128440153,True,0.0017771698,-0.033198033,True,False,-0.22308595720000002
random_hash,0,s1_break_reclaim_stable3,next_open_5d,-0.0960537884,-0.272869851,True,0.0181888229,-0.0350661416,True,False,-0.1142426113
random_hash,0,s1_break_reclaim_stable3,protect_3pct_target6pct_3d,-0.241440972,-0.25786644,True,-0.0041889045,-0.0378406431,True,True,-0.2372520675
random_hash,0,s1_near_reversal,fast_failure_2pct_target4pct_2d,-0.354709033,-0.4060978971,False,-0.0225095266,-0.0516214835,True,True,-0.3321995064
random_hash,0,s1_near_reversal,momentum_trail_4pct_5d,-0.1485002644,-0.2474386352,True,-0.004582658,-0.0426981617,True,True,-0.1439176064
random_hash,0,s1_near_reversal,next_open_1d,-0.3794090155,-0.4367291113,False,-0.0507624855,-0.0665522096,True,True,-0.32864653
random_hash,0,s1_near_reversal,next_open_2d,-0.220313496,-0.2852296254,True,-0.0160394302,-0.0477868419,True,True,-0.2042740658
random_hash,0,s1_near_reversal,next_open_3d,-0.2391447897,-0.2838841317,True,-0.0454149914,-0.0620546917,True,True,-0.1937297983
random_hash,0,s1_near_reversal,next_open_5d,-0.1787066298,-0.3634179873,True,-0.0409131391,-0.0714989,True,True,-0.1377934907
random_hash,0,s1_near_reversal,protect_3pct_target6pct_3d,-0.2296843035,-0.3290870432,False,-0.0241817339,-0.0513758759,True,True,-0.2055025696
random_hash,0,s1_touch_immediate,fast_failure_2pct_target4pct_2d,-0.2329867292,-0.257643181,False,-0.0111427605,-0.0421483624,True,True,-0.2218439687
random_hash,0,s1_touch_immediate,momentum_trail_4pct_5d,-0.2965343595,-0.298989625,True,-0.043112051,-0.0697466743,True,True,-0.2534223085
random_hash,0,s1_touch_immediate,next_open_1d,-0.1594722638,-0.3629682512,False,-0.0187313089,-0.0403347367,True,True,-0.14074095490000002
random_hash,0,s1_touch_immediate,next_open_2d,0.187031427,-0.1688886052,False,-0.0313798971,-0.0654380263,True,False,0.2184113241
random_hash,0,s1_touch_immediate,next_open_3d,-0.0710905228,-0.2047854702,True,-0.0254804847,-0.0522341784,True,True,-0.0456100381
random_hash,0,s1_touch_immediate,next_open_5d,-0.2419782088,-0.2628941326,True,-0.073747567,-0.100197999,True,True,-0.16823064180000002
random_hash,0,s1_touch_immediate,protect_3pct_target6pct_3d,-0.4563330661,-0.4603231437,True,-0.0032491945,-0.0353273221,True,True,-0.4530838716
random_hash,0,s1_touch_reclaim,fast_failure_2pct_target4pct_2d,-0.3466237228,-0.3682508693,False,0.0185009899,-0.049164434,True,False,-0.36512471269999996
random_hash,0,s1_touch_reclaim,momentum_trail_4pct_5d,0.0841625616,-0.2385358387,True,-0.0153111435,-0.0398197367,True,False,0.0994737051
random_hash,0,s1_touch_reclaim,next_open_1d,-0.4062422208,-0.4174721389,False,-0.0104919724,-0.042090312,True,True,-0.3957502484
random_hash,0,s1_touch_reclaim,next_open_2d,-0.4285152082,-0.4613111001,True,0.0205327196,-0.0463997225,True,False,-0.4490479278
random_hash,0,s1_touch_reclaim,next_open_3d,-0.4684931078,-0.5528929227,True,-0.0740505266,-0.0900318098,True,True,-0.3944425812
random_hash,0,s1_touch_reclaim,next_open_5d,-0.0473103871,-0.2434786027,True,0.0303485863,-0.0456501039,True,False,-0.0776589734
random_hash,0,s1_touch_reclaim,protect_3pct_target6pct_3d,-0.3444378477,-0.3585297988,False,-0.0345167218,-0.0511803326,True,True,-0.30992112590000004
random_hash,0,s2_first_touch_reclaim,fast_failure_2pct_target4pct_2d,-0.3932895373,-0.4511136684,False,-0.0501143289,-0.0759003461,True,True,-0.3431752084
random_hash,0,s2_first_touch_reclaim,momentum_trail_4pct_5d,-0.292620371,-0.3883733379,False,-0.0364040518,-0.0775688351,True,True,-0.2562163192
random_hash,0,s2_first_touch_reclaim,next_open_1d,-0.4167228306,-0.4610582153,False,-0.0477789354,-0.0721145357,True,True,-0.3689438952
random_hash,0,s2_first_touch_reclaim,next_open_2d,-0.2956996859,-0.3518345322,False,-0.0484592802,-0.0888136404,True,True,-0.2472404057
random_hash,0,s2_first_touch_reclaim,next_open_3d,-0.0982577702,-0.2780594009,True,0.0105299073,-0.0343135013,True,False,-0.1087876775
random_hash,0,s2_first_touch_reclaim,next_open_5d,-0.3000005905,-0.4338538234,True,-0.041320635,-0.0831564235,True,True,-0.2586799555
random_hash,0,s2_first_touch_reclaim,protect_3pct_target6pct_3d,-0.4377755986,-0.5249574013,False,-0.0237979012,-0.0681024192,True,True,-0.4139776974
random_hash,0,s2_reclaim_acceleration,fast_failure_2pct_target4pct_2d,-0.4857959322,-0.5145321266,False,-0.0296554519,-0.0584647406,True,True,-0.4561404803
random_hash,0,s2_reclaim_acceleration,momentum_trail_4pct_5d,-0.294443923,-0.4046640423,True,-0.0177472107,-0.0504890702,True,True,-0.2766967123
random_hash,0,s2_reclaim_acceleration,next_open_1d,-0.5819957844,-0.5988533104,False,-0.046019826,-0.0669043837,True,True,-0.5359759584
random_hash,0,s2_reclaim_acceleration,next_open_2d,-0.1051271585,-0.269007162,False,-0.050046366,-0.073223628,True,True,-0.055080792499999996
random_hash,0,s2_reclaim_acceleration,next_open_3d,-0.17442283,-0.3725063244,False,-0.0163121711,-0.0431556571,True,True,-0.1581106589
random_hash,0,s2_reclaim_acceleration,next_open_5d,0.2108128436,-0.2147783341,True,-0.0207609702,-0.0515828825,True,False,0.2315738138
random_hash,0,s2_reclaim_acceleration,protect_3pct_target6pct_3d,-0.377749868,-0.4045424365,False,-0.0080494197,-0.0370422213,True,True,-0.3697004483
random_hash,0,s2_reclaim_bull_stack,fast_failure_2pct_target4pct_2d,-0.6887540979,-0.6992888373,False,-0.048998075,-0.0645103146,False,True,-0.6397560229
random_hash,0,s2_reclaim_bull_stack,momentum_trail_4pct_5d,-0.4638461889,-0.5125970193,True,-0.0607190522,-0.0756819037,True,True,-0.4031271367
random_hash,0,s2_reclaim_bull_stack,next_open_1d,-0.5172281233,-0.5412552892,False,0.0038208767,-0.0617257022,True,False,-0.521049
random_hash,0,s2_reclaim_bull_stack,next_open_2d,-0.1539676484,-0.2955113564,False,-0.0218231098,-0.0582890085,True,True,-0.1321445386
random_hash,0,s2_reclaim_bull_stack,next_open_3d,-0.5415246653,-0.6034081886,False,0.044631773,-0.0246042948,True,False,-0.5861564383
random_hash,0,s2_reclaim_bull_stack,next_open_5d,-0.3122502332,-0.499631961,False,-0.0413299553,-0.0498685535,True,True,-0.2709202779
random_hash,0,s2_reclaim_bull_stack,protect_3pct_target6pct_3d,-0.7454101829,-0.7539387759,False,-0.0546613821,-0.0666299869,True,True,-0.6907488008
random_hash,0,s2_reclaim_daily_trend,fast_failure_2pct_target4pct_2d,-0.4701307499,-0.4894483764,False,-0.0509837294,-0.0552915339,True,True,-0.41914702049999997
random_hash,0,s2_reclaim_daily_trend,momentum_trail_4pct_5d,-0.3763153512,-0.4036520623,True,-0.0374057626,-0.0418729822,True,True,-0.3389095886
random_hash,0,s2_reclaim_daily_trend,next_open_1d,-0.3790123498,-0.3840596514,False,-0.0869852435,-0.0782865031,True,True,-0.29202710629999995
random_hash,0,s2_reclaim_daily_trend,next_open_2d,0.083459531,-0.2155504249,False,-0.0810084571,-0.0783982098,True,False,0.16446798810000002
random_hash,0,s2_reclaim_daily_trend,next_open_3d,0.0775128428,-0.2327618644,False,-0.0320868529,-0.0330945872,True,False,0.1095996957
random_hash,0,s2_reclaim_daily_trend,next_open_5d,0.0306593406,-0.3452483118,True,-0.0382242052,-0.0369456129,True,False,0.0688835458
random_hash,0,s2_reclaim_daily_trend,protect_3pct_target6pct_3d,-0.4926026737,-0.5100686868,False,-0.0446339592,-0.0450872647,True,True,-0.4479687145
random_hash,0,s2_reclaim_positive_slope,fast_failure_2pct_target4pct_2d,-0.3383277333,-0.3839932677,False,-0.0343401008,-0.0571283213,True,True,-0.3039876325
random_hash,0,s2_reclaim_positive_slope,momentum_trail_4pct_5d,-0.2664710031,-0.3332015193,True,-0.0376520922,-0.0766500004,True,True,-0.2288189109
random_hash,0,s2_reclaim_positive_slope,next_open_1d,-0.2100237598,-0.3756751151,False,-0.0434335672,-0.0855183044,True,True,-0.1665901926
random_hash,0,s2_reclaim_positive_slope,next_open_2d,-0.3497313445,-0.3785800709,False,-0.0179411382,-0.0653908217,True,True,-0.3317902063
random_hash,0,s2_reclaim_positive_slope,next_open_3d,-0.0372724467,-0.3373269985,False,0.0004035047,-0.0340212398,True,False,-0.037675951400000005
random_hash,0,s2_reclaim_positive_slope,next_open_5d,-0.1668261977,-0.3610959055,False,0.0107714336,-0.0303463088,True,False,-0.1775976313
random_hash,0,s2_reclaim_positive_slope,protect_3pct_target6pct_3d,-0.4082721911,-0.4381964291,False,-0.0055727727,-0.0414493942,True,True,-0.4026994184
random_hash,0,s2_reclaim_recent_high,fast_failure_2pct_target4pct_2d,-0.7670712004,-0.769321905,False,-0.031421761,-0.1190148562,True,True,-0.7356494393999999
random_hash,0,s2_reclaim_recent_high,momentum_trail_4pct_5d,-0.6225210487,-0.6282597537,True,-0.0298674933,-0.0793969981,True,True,-0.5926535554
random_hash,0,s2_reclaim_recent_high,next_open_1d,-0.8028713706,-0.805672146,False,-0.002010142,-0.106949397,True,True,-0.8008612286
random_hash,0,s2_reclaim_recent_high,next_open_2d,-0.6241007724,-0.6516557378,False,-0.0210467926,-0.0773306967,True,True,-0.6030539798
random_hash,0,s2_reclaim_recent_high,next_open_3d,-0.6300003756,-0.634807489,False,-0.0007115027,-0.0500570445,True,True,-0.6292888729
random_hash,0,s2_reclaim_recent_high,next_open_5d,-0.4444726195,-0.5506739956,False,0.0245007649,-0.0296376386,True,False,-0.4689733844
random_hash,0,s2_reclaim_recent_high,protect_3pct_target6pct_3d,-0.611847855,-0.6160341228,False,0.0202521797,-0.107525786,True,False,-0.6321000347000001
random_hash,0,s4_auction_confirmed_reclaim,fast_failure_2pct_target4pct_2d,-0.1394597484,-0.4599662194,False,-0.0682345748,-0.0848240285,True,True,-0.0712251736
random_hash,0,s4_auction_confirmed_reclaim,momentum_trail_4pct_5d,-0.0748003765,-0.271206732,False,-0.0390585873,-0.0577671419,True,True,-0.0357417892
random_hash,0,s4_auction_confirmed_reclaim,next_open_1d,-0.1766546248,-0.342339786,False,-0.0597960682,-0.0839509764,True,True,-0.1168585566
random_hash,0,s4_auction_confirmed_reclaim,next_open_2d,0.2811020036,-0.2567821006,False,-0.0400295556,-0.0678173204,True,False,0.32113155919999997
random_hash,0,s4_auction_confirmed_reclaim,next_open_3d,-0.0404011866,-0.2284513608,False,-0.0453964883,-0.0708884346,True,True,0.004995301700000003
random_hash,0,s4_auction_confirmed_reclaim,next_open_5d,-0.0413171701,-0.2838163918,True,-0.0165519278,-0.0450936248,True,True,-0.0247652423
random_hash,0,s4_auction_confirmed_reclaim,protect_3pct_target6pct_3d,-0.2941215888,-0.3997182819,False,-0.0270813578,-0.0466227187,True,True,-0.267040231
random_hash,0,s4_reclaim_amount_acceleration,fast_failure_2pct_target4pct_2d,-0.1479056045,-0.2554244284,False,0.0095931648,-0.0243761199,True,False,-0.1574987693
random_hash,0,s4_reclaim_amount_acceleration,momentum_trail_4pct_5d,0.1821011335,-0.1883834324,True,-0.0230257067,-0.0372912199,True,False,0.20512684020000002
random_hash,0,s4_reclaim_amount_acceleration,next_open_1d,-0.103723188,-0.3215173974,False,-0.0442024583,-0.0484877374,True,True,-0.0595207297
random_hash,0,s4_reclaim_amount_acceleration,next_open_2d,-0.0112044069,-0.2738435506,False,0.0119636795,-0.0289670627,True,False,-0.0231680864
random_hash,0,s4_reclaim_amount_acceleration,next_open_3d,0.2721169132,-0.2366654019,True,-0.043523287,-0.0715290692,True,False,0.3156402002
random_hash,0,s4_reclaim_amount_acceleration,next_open_5d,0.1150812929,-0.1682095715,True,-0.0080490101,-0.0462038319,True,False,0.12313030300000001
random_hash,0,s4_reclaim_amount_acceleration,protect_3pct_target6pct_3d,0.019370156,-0.1783782203,True,-0.0070283412,-0.0290701042,True,False,0.0263984972
random_hash,0,s4_reclaim_volume_normal,fast_failure_2pct_target4pct_2d,-0.527125993,-0.5319229796,False,-0.0075644056,-0.0307229021,True,True,-0.5195615873999999
random_hash,0,s4_reclaim_volume_normal,momentum_trail_4pct_5d,-0.4224373643,-0.4452140175,False,-0.0218843227,-0.052594541,True,True,-0.4005530416
random_hash,0,s4_reclaim_volume_normal,next_open_1d,-0.3820453315,-0.3915894802,False,-0.0480150067,-0.0619214426,True,True,-0.33403032479999994
random_hash,0,s4_reclaim_volume_normal,next_open_2d,-0.4020599325,-0.4545154679,False,0.0060517546,-0.045132437,True,False,-0.4081116871
random_hash,0,s4_reclaim_volume_normal,next_open_3d,-0.2635819409,-0.3327368992,True,-0.0226267738,-0.04460153,True,True,-0.24095516709999998
random_hash,0,s4_reclaim_volume_normal,next_open_5d,-0.1856854471,-0.3753632687,False,-0.0339406683,-0.0561690526,True,True,-0.1517447788
random_hash,0,s4_reclaim_volume_normal,protect_3pct_target6pct_3d,-0.4128640354,-0.4355743928,True,0.0102225019,-0.022623598,True,False,-0.4230865373
random_hash,0,s4_reclaim_volume_proxy,fast_failure_2pct_target4pct_2d,-0.6490134172,-0.66461452,False,-0.0813943396,-0.0798620744,True,True,-0.5676190776000001
random_hash,0,s4_reclaim_volume_proxy,momentum_trail_4pct_5d,-0.0767547379,-0.2332584455,True,-0.0705558297,-0.0736809477,True,True,-0.006198908199999992
random_hash,0,s4_reclaim_volume_proxy,next_open_1d,-0.3476312292,-0.376894061,False,-0.0766892109,-0.0848935323,False,True,-0.2709420183
random_hash,0,s4_reclaim_volume_proxy,next_open_2d,-0.3662155578,-0.4584108499,True,-0.028532004,-0.05246936,True,True,-0.3376835538
random_hash,0,s4_reclaim_volume_proxy,next_open_3d,-0.2738935565,-0.3747680622,False,-0.034681613,-0.0508374361,True,True,-0.23921194350000002
random_hash,0,s4_reclaim_volume_proxy,next_open_5d,-0.0075508011,-0.2557125694,False,-0.0715479561,-0.0743191631,True,True,0.063997155
random_hash,0,s4_reclaim_volume_proxy,protect_3pct_target6pct_3d,-0.2910907558,-0.3510713114,False,-0.1054752319,-0.112440009,True,True,-0.1856155239
random_hash,0,s4_reclaim_vwap_support,fast_failure_2pct_target4pct_2d,-0.4991196803,-0.524379875,True,0.0112429406,-0.0248355432,True,False,-0.5103626209
random_hash,0,s4_reclaim_vwap_support,momentum_trail_4pct_5d,-0.3075264682,-0.3646670225,True,-0.0245314815,-0.0229397853,True,True,-0.2829949867
random_hash,0,s4_reclaim_vwap_support,next_open_1d,-0.4658794857,-0.502798942,False,-0.0432864195,-0.0710796651,True,True,-0.4225930662
random_hash,0,s4_reclaim_vwap_support,next_open_2d,-0.3121999039,-0.3375315161,True,-0.0695398894,-0.0953999448,True,True,-0.24266001450000002
random_hash,0,s4_reclaim_vwap_support,next_open_3d,-0.0666552809,-0.2500470919,False,-0.0273072944,-0.0520019558,True,True,-0.0393479865
random_hash,0,s4_reclaim_vwap_support,next_open_5d,-0.2550626887,-0.3342565631,True,-0.0495232831,-0.061037347,True,True,-0.20553940559999997
random_hash,0,s4_reclaim_vwap_support,protect_3pct_target6pct_3d,-0.4283815576,-0.4896599316,False,-0.0617341353,-0.0598592738,True,True,-0.3666474223
random_hash,1,cs_r3_leader_confirmation,fast_failure_2pct_target4pct_2d,-0.5866562659,-0.5989162932,False,-0.0229832255,-0.0531530412,True,True,-0.5636730404
random_hash,1,cs_r3_leader_confirmation,momentum_trail_4pct_5d,-0.4888832111,-0.5195666322,False,-0.0139422123,-0.0287442462,True,True,-0.4749409988
random_hash,1,cs_r3_leader_confirmation,next_open_1d,-0.616960575,-0.6257514251,False,-0.0690020463,-0.0902285233,True,True,-0.5479585287000001
random_hash,1,cs_r3_leader_confirmation,next_open_2d,-0.1610559678,-0.3256689925,False,0.0050727597,-0.0450002207,True,False,-0.16612872750000002
random_hash,1,cs_r3_leader_confirmation,next_open_3d,-0.3425176744,-0.5465956344,False,0.0077542475,-0.0535438329,True,False,-0.3502719219
random_hash,1,cs_r3_leader_confirmation,next_open_5d,-0.1105924047,-0.3054915482,False,-0.0419170141,-0.0585272157,True,True,-0.0686753906
random_hash,1,cs_r3_leader_confirmation,protect_3pct_target6pct_3d,-0.3659697976,-0.3754124415,True,0.0018318136,-0.0550037426,True,False,-0.3678016112
random_hash,1,fu_r3_core_pullback,fast_failure_2pct_target4pct_2d,-0.0135161228,-0.3007453291,True,-0.0393723046,-0.0612671402,True,True,0.025856181799999996
random_hash,1,fu_r3_core_pullback,momentum_trail_4pct_5d,-0.0191154856,-0.2503445069,False,-0.0393236545,-0.0550693048,True,True,0.0202081689
random_hash,1,fu_r3_core_pullback,next_open_1d,-0.2028488493,-0.3099516313,False,-0.0130365762,-0.0401399323,True,True,-0.18981227309999998
random_hash,1,fu_r3_core_pullback,next_open_2d,0.0391686559,-0.2656167911,True,-0.0181739036,-0.0495527758,True,False,0.0573425595
random_hash,1,fu_r3_core_pullback,next_open_3d,-0.0469965354,-0.2204341817,True,0.0056078959,-0.0331804515,True,False,-0.0526044313
random_hash,1,fu_r3_core_pullback,next_open_5d,-0.2485253713,-0.3224287084,False,-0.0228997474,-0.0511461858,True,True,-0.2256256239
random_hash,1,fu_r3_core_pullback,protect_3pct_target6pct_3d,-0.1027080874,-0.3278005295,True,-0.0542493379,-0.0685451421,True,True,-0.048458749499999995
random_hash,1,ht_r3_core_pullback,fast_failure_2pct_target4pct_2d,-0.6686211143,-0.7250216884,False,-0.0284849758,-0.0525296501,True,True,-0.6401361385000001
random_hash,1,ht_r3_core_pullback,momentum_trail_4pct_5d,-0.440513009,-0.4825469131,False,-0.0266062871,-0.0603897025,True,True,-0.4139067219
random_hash,1,ht_r3_core_pullback,next_open_1d,-0.5194481431,-0.6092469864,False,-0.0441508398,-0.0678584935,True,True,-0.4752973033
random_hash,1,ht_r3_core_pullback,next_open_2d,-0.2359902236,-0.3893818449,False,-0.010350455,-0.0514569173,True,True,-0.22563976859999998
random_hash,1,ht_r3_core_pullback,next_open_3d,-0.2604275328,-0.4220355637,True,-0.0447627623,-0.059814908,True,True,-0.21566477049999996
random_hash,1,ht_r3_core_pullback,next_open_5d,-0.3430707966,-0.4733323401,True,-0.0023449385,-0.0520331634,True,True,-0.3407258581
random_hash,1,ht_r3_core_pullback,protect_3pct_target6pct_3d,-0.5816309273,-0.6521792127,False,-0.0095981106,-0.0548211855,True,True,-0.5720328167
random_hash,1,ng_r1_auction_reclaim,fast_failure_2pct_target4pct_2d,0.0080187024,-0.1529410326,True,-0.0201024469,-0.0331159164,True,False,0.028121149300000002
random_hash,1,ng_r1_auction_reclaim,momentum_trail_4pct_5d,-0.064658463,-0.2024459771,False,-0.0378608948,-0.0538909292,True,True,-0.026797568199999997
random_hash,1,ng_r1_auction_reclaim,next_open_1d,0.1501377477,-0.1320159398,False,0.0069221347,-0.0276214084,True,True,0.143215613
random_hash,1,ng_r1_auction_reclaim,next_open_2d,-0.3262048091,-0.3598909747,False,-0.0310454477,-0.0418474368,True,True,-0.2951593614
random_hash,1,ng_r1_auction_reclaim,next_open_3d,-0.1435816297,-0.2592549951,False,-0.0374295658,-0.0488484842,True,True,-0.10615206389999998
random_hash,1,ng_r1_auction_reclaim,next_open_5d,0.0035299305,-0.2186111048,True,-0.0372664682,-0.0599401814,True,False,0.0407963987
random_hash,1,ng_r1_auction_reclaim,protect_3pct_target6pct_3d,-0.072650192,-0.2004379101,False,-0.0436924709,-0.0543534699,True,True,-0.0289577211
random_hash,1,ng_r3_volume_quality,fast_failure_2pct_target4pct_2d,-0.4765399313,-0.4862821874,True,-0.0919095385,-0.10859294,True,True,-0.3846303928
random_hash,1,ng_r3_volume_quality,momentum_trail_4pct_5d,-0.322191011,-0.3477195729,True,-0.0422758512,-0.067576268,True,True,-0.27991515980000004
random_hash,1,ng_r3_volume_quality,next_open_1d,-0.6201293485,-0.6236197654,True,-0.0576873767,-0.0773955739,True,True,-0.5624419718
random_hash,1,ng_r3_volume_quality,next_open_2d,-0.1566310872,-0.2748310418,False,-0.0801590528,-0.1019326369,True,True,-0.07647203439999999
random_hash,1,ng_r3_volume_quality,next_open_3d,-0.0862679043,-0.2165344047,True,-0.0381981593,-0.0583995067,True,True,-0.048069745000000004
random_hash,1,ng_r3_volume_quality,next_open_5d,0.109332737,-0.2028098782,False,-0.057601493,-0.0826631434,True,False,0.16693423
random_hash,1,ng_r3_volume_quality,protect_3pct_target6pct_3d,-0.2694335985,-0.3310287685,False,-0.0696844163,-0.0817768959,True,True,-0.1997491822
random_hash,1,s0_distance_only,fast_failure_2pct_target4pct_2d,-0.2617676935,-0.3752625905,False,-0.0722858793,-0.084603462,True,True,-0.18948181420000001
random_hash,1,s0_distance_only,momentum_trail_4pct_5d,-0.1695705353,-0.2827382082,True,-0.0222594039,-0.0405012674,True,True,-0.1473111314
random_hash,1,s0_distance_only,next_open_1d,-0.5172317546,-0.5232558174,True,-0.006202984,-0.0547964458,True,True,-0.5110287706000001
random_hash,1,s0_distance_only,next_open_2d,-0.2079098016,-0.305816086,True,0.0025698289,-0.0486236457,True,False,-0.2104796305
random_hash,1,s0_distance_only,next_open_3d,-0.1873504803,-0.2312586864,False,-0.01022213,-0.043934587,True,True,-0.17712835030000001
random_hash,1,s0_distance_only,next_open_5d,-0.0859823655,-0.2651877341,True,-0.0562404468,-0.0704320381,True,True,-0.0297419187
random_hash,1,s0_distance_only,protect_3pct_target6pct_3d,0.0788730868,-0.1627870955,True,-0.0188077687,-0.0383482349,True,False,0.09768085550000001
random_hash,1,s0_strong_no_ma,fast_failure_2pct_target4pct_2d,-0.4705326585,-0.5230940674,False,-0.0326312442,-0.0661641195,True,True,-0.43790141429999996
random_hash,1,s0_strong_no_ma,momentum_trail_4pct_5d,-0.3703787868,-0.398283953,True,-0.0096028105,-0.0370942898,True,True,-0.3607759763
random_hash,1,s0_strong_no_ma,next_open_1d,-0.1199957084,-0.3953265645,False,-0.0567981242,-0.0904710253,True,True,-0.06319758419999999
random_hash,1,s0_strong_no_ma,next_open_2d,-0.1700565837,-0.3181994235,False,-0.0256589623,-0.0451487353,True,True,-0.1443976214
random_hash,1,s0_strong_no_ma,next_open_3d,-0.3669188147,-0.4021828259,False,-0.0862381004,-0.0944323214,True,True,-0.28068071429999997
random_hash,1,s0_strong_no_ma,next_open_5d,-0.1872588717,-0.3428316846,False,-0.0107886928,-0.0599854809,True,True,-0.1764701789
random_hash,1,s0_strong_no_ma,protect_3pct_target6pct_3d,-0.4293941309,-0.4570520478,False,-0.1216756353,-0.1263174635,True,True,-0.3077184956
random_hash,1,s1_break_reclaim_stable3,fast_failure_2pct_target4pct_2d,-0.3934146178,-0.4503857344,False,0.0293564928,-0.02957091,True,False,-0.4227711106
random_hash,1,s1_break_reclaim_stable3,momentum_trail_4pct_5d,-0.2686095944,-0.37494771,False,0.000697802,-0.0697743359,True,False,-0.2693073964
random_hash,1,s1_break_reclaim_stable3,next_open_1d,-0.4750637617,-0.51406853,False,-0.0069797927,-0.0377885887,True,True,-0.468083969
random_hash,1,s1_break_reclaim_stable3,next_open_2d,-0.1587872864,-0.350598511,False,0.0740238221,-0.0295558126,True,False,-0.2328111085
random_hash,1,s1_break_reclaim_stable3,next_open_3d,-0.2016561259,-0.3422769183,False,-0.0044119549,-0.0496765855,True,True,-0.19724417100000002
random_hash,1,s1_break_reclaim_stable3,next_open_5d,-0.3114636356,-0.3792068132,False,-0.0127290717,-0.069425425,True,True,-0.2987345639
random_hash,1,s1_break_reclaim_stable3,protect_3pct_target6pct_3d,-0.19585641,-0.2782518724,False,-0.0277387372,-0.0621549176,True,True,-0.1681176728
random_hash,1,s1_near_reversal,fast_failure_2pct_target4pct_2d,-0.620365351,-0.6227800194,True,-0.0598679162,-0.0867741171,True,True,-0.5604974348
random_hash,1,s1_near_reversal,momentum_trail_4pct_5d,-0.1691530872,-0.2579756505,False,-0.0286640011,-0.0643859866,True,True,-0.1404890861
random_hash,1,s1_near_reversal,next_open_1d,-0.5363387046,-0.5369500726,True,-0.0603573136,-0.0885506552,True,True,-0.475981391
random_hash,1,s1_near_reversal,next_open_2d,-0.2253450132,-0.3436987791,False,-0.0178094335,-0.0637568664,True,True,-0.2075355797
random_hash,1,s1_near_reversal,next_open_3d,-0.2768962099,-0.2896126227,False,-0.0200761276,-0.0565659978,True,True,-0.25682008230000003
random_hash,1,s1_near_reversal,next_open_5d,-0.1138890154,-0.2697875681,False,-0.0401466823,-0.0795592137,True,True,-0.0737423331
random_hash,1,s1_near_reversal,protect_3pct_target6pct_3d,-0.2713521757,-0.2837230745,True,-0.0322336917,-0.0689343,True,True,-0.23911848399999996
random_hash,1,s1_touch_immediate,fast_failure_2pct_target4pct_2d,-0.5429182835,-0.5361685507,True,0.0465419034,-0.0256022709,True,False,-0.5894601869
random_hash,1,s1_touch_immediate,momentum_trail_4pct_5d,-0.3276341769,-0.3410490673,False,-0.038503888,-0.058154447,True,True,-0.28913028890000003
random_hash,1,s1_touch_immediate,next_open_1d,-0.463214648,-0.4714912335,True,-0.0389614597,-0.0661660012,True,True,-0.42425318830000003
random_hash,1,s1_touch_immediate,next_open_2d,-0.4554304857,-0.4733634724,False,-0.0299364992,-0.054994577,True,True,-0.4254939865
random_hash,1,s1_touch_immediate,next_open_3d,-0.5719505507,-0.5688132507,True,-0.0489331188,-0.0698598287,True,True,-0.5230174319
random_hash,1,s1_touch_immediate,next_open_5d,-0.1936922287,-0.385280126,False,-0.0546330074,-0.0774914949,True,True,-0.13905922129999998
random_hash,1,s1_touch_immediate,protect_3pct_target6pct_3d,-0.3474372199,-0.3399729209,False,-0.0343527301,-0.0696300849,True,True,-0.3130844898
random_hash,1,s1_touch_reclaim,fast_failure_2pct_target4pct_2d,-0.3540125882,-0.4113790352,True,-0.0151270273,-0.0827599011,False,True,-0.3388855609
random_hash,1,s1_touch_reclaim,momentum_trail_4pct_5d,-0.3774153214,-0.3816937605,True,-0.0632284561,-0.0752448369,True,True,-0.3141868653
random_hash,1,s1_touch_reclaim,next_open_1d,-0.3767703835,-0.4408634667,False,-0.0787833538,-0.1261440162,False,True,-0.29798702969999996
random_hash,1,s1_touch_reclaim,next_open_2d,-0.4034725946,-0.4045146974,False,-0.0143209555,-0.062607804,True,True,-0.3891516391
random_hash,1,s1_touch_reclaim,next_open_3d,-0.1028156668,-0.2821766649,False,-0.0774430868,-0.0985749542,True,True,-0.025372579999999992
random_hash,1,s1_touch_reclaim,next_open_5d,-0.2139682593,-0.2796675314,True,-0.0479180691,-0.0618996309,True,True,-0.1660501902
random_hash,1,s1_touch_reclaim,protect_3pct_target6pct_3d,-0.1497727834,-0.3153270981,False,-0.0626675811,-0.0819235693,True,True,-0.0871052023
random_hash,1,s2_first_touch_reclaim,fast_failure_2pct_target4pct_2d,-0.4119343363,-0.4172744135,False,-0.0289528757,-0.045276247,True,True,-0.3829814606
random_hash,1,s2_first_touch_reclaim,momentum_trail_4pct_5d,-0.19909328,-0.3062572273,False,-0.0370526752,-0.0540256658,True,True,-0.16204060480000002
random_hash,1,s2_first_touch_reclaim,next_open_1d,-0.3010150645,-0.3719124144,False,-0.1044991602,-0.1057029164,True,True,-0.1965159043
random_hash,1,s2_first_touch_reclaim,next_open_2d,-0.3360991244,-0.3763841754,False,-0.0844197493,-0.1005330858,True,True,-0.2516793751
random_hash,1,s2_first_touch_reclaim,next_open_3d,-0.1553026434,-0.2585247432,False,-0.0281367175,-0.0421998065,True,True,-0.1271659259
random_hash,1,s2_first_touch_reclaim,next_open_5d,-0.2361228934,-0.3023533782,True,-0.0369979241,-0.0664772802,True,True,-0.1991249693
random_hash,1,s2_first_touch_reclaim,protect_3pct_target6pct_3d,-0.3018585704,-0.3578744494,False,-0.0346116737,-0.0549723999,True,True,-0.2672468967
random_hash,1,s2_reclaim_acceleration,fast_failure_2pct_target4pct_2d,-0.4665670897,-0.4994393989,False,-0.0243470293,-0.0520708237,True,True,-0.4422200604
random_hash,1,s2_reclaim_acceleration,momentum_trail_4pct_5d,-0.0600731641,-0.2587752379,True,0.0174888837,-0.0362833061,True,False,-0.0775620478
random_hash,1,s2_reclaim_acceleration,next_open_1d,-0.4889308347,-0.5241698275,False,-0.0499703626,-0.0631619531,True,True,-0.4389604721
random_hash,1,s2_reclaim_acceleration,next_open_2d,-0.3161495582,-0.3841018611,False,0.0472585427,-0.0427116189,True,False,-0.36340810090000003
random_hash,1,s2_reclaim_acceleration,next_open_3d,-0.1578944848,-0.3545384862,False,0.0130760463,-0.0422168622,True,False,-0.17097053110000002
random_hash,1,s2_reclaim_acceleration,next_open_5d,-0.2294593229,-0.3787154952,True,-0.0012834903,-0.0403894654,True,True,-0.22817583260000002
random_hash,1,s2_reclaim_acceleration,protect_3pct_target6pct_3d,-0.4369116258,-0.4802144783,False,-0.0344138773,-0.0747049132,True,True,-0.4024977485
random_hash,1,s2_reclaim_bull_stack,fast_failure_2pct_target4pct_2d,-0.6849857172,-0.7016288673,False,-0.0530444718,-0.0656174201,False,True,-0.6319412454
random_hash,1,s2_reclaim_bull_stack,momentum_trail_4pct_5d,-0.5708173231,-0.5978287298,True,-0.0628155186,-0.0777449732,True,True,-0.5080018045
random_hash,1,s2_reclaim_bull_stack,next_open_1d,-0.5202791152,-0.5510970153,False,0.0051118666,-0.0616648865,True,False,-0.5253909818
random_hash,1,s2_reclaim_bull_stack,next_open_2d,-0.2147689611,-0.3487209372,False,-0.0218231098,-0.0582890085,True,True,-0.1929458513
random_hash,1,s2_reclaim_bull_stack,next_open_3d,-0.5438075268,-0.6180008197,False,0.044631773,-0.0246042948,True,False,-0.5884392998
random_hash,1,s2_reclaim_bull_stack,next_open_5d,-0.4073278651,-0.5604162615,False,-0.0413299553,-0.0498685535,True,True,-0.3659979098
random_hash,1,s2_reclaim_bull_stack,protect_3pct_target6pct_3d,-0.7439169777,-0.7549305551,False,-0.0557890155,-0.0677433437,True,True,-0.6881279621999999
random_hash,1,s2_reclaim_daily_trend,fast_failure_2pct_target4pct_2d,-0.2499905992,-0.3470533537,False,-0.0679039707,-0.0783234648,True,True,-0.18208662850000001
random_hash,1,s2_reclaim_daily_trend,momentum_trail_4pct_5d,-0.1187607386,-0.2944198694,True,-0.101589391,-0.1066685596,True,True,-0.017171347599999998
random_hash,1,s2_reclaim_daily_trend,next_open_1d,-0.3208838048,-0.3826145516,False,-0.0577158144,-0.0683469328,True,True,-0.2631679904
random_hash,1,s2_reclaim_daily_trend,next_open_2d,-0.2924984088,-0.3393339874,True,-0.00110947,-0.0474018408,True,True,-0.2913889388
random_hash,1,s2_reclaim_daily_trend,next_open_3d,-0.1678445234,-0.2828817346,False,-0.0344860681,-0.0414513607,True,True,-0.1333584553
random_hash,1,s2_reclaim_daily_trend,next_open_5d,-0.0562054212,-0.253634513,True,-0.0521302132,-0.0650731779,True,True,-0.004075208000000004
random_hash,1,s2_reclaim_daily_trend,protect_3pct_target6pct_3d,-0.1609184758,-0.3422597397,False,-0.0472673595,-0.0521759464,True,True,-0.1136511163
random_hash,1,s2_reclaim_positive_slope,fast_failure_2pct_target4pct_2d,-0.1848812206,-0.4422426621,False,-0.0141001636,-0.0557557124,True,True,-0.17078105700000001
random_hash,1,s2_reclaim_positive_slope,momentum_trail_4pct_5d,-0.3681086298,-0.3919149291,False,-0.046478752,-0.0715031947,True,True,-0.32162987779999996
random_hash,1,s2_reclaim_positive_slope,next_open_1d,-0.2625467714,-0.3982619423,False,-0.0173430308,-0.0377305338,True,True,-0.2452037406
random_hash,1,s2_reclaim_positive_slope,next_open_2d,-0.4053116888,-0.4319164574,False,0.0308939029,-0.0339676428,True,False,-0.4362055917
random_hash,1,s2_reclaim_positive_slope,next_open_3d,-0.3940505318,-0.45097776,False,-0.0204103755,-0.0453467522,True,True,-0.37364015629999997
random_hash,1,s2_reclaim_positive_slope,next_open_5d,-0.3936126857,-0.4496768486,True,-0.0401997441,-0.0620358336,True,True,-0.35341294160000003
random_hash,1,s2_reclaim_positive_slope,protect_3pct_target6pct_3d,-0.388395902,-0.4162910536,False,-0.0052250134,-0.0371963414,True,True,-0.38317088860000004
random_hash,1,s2_reclaim_recent_high,fast_failure_2pct_target4pct_2d,-0.6681133526,-0.6699330635,False,-0.0377040624,-0.0951240389,True,True,-0.6304092902
random_hash,1,s2_reclaim_recent_high,momentum_trail_4pct_5d,-0.5369029766,-0.5508067692,True,-0.0233853009,-0.0576642022,True,True,-0.5135176757
random_hash,1,s2_reclaim_recent_high,next_open_1d,-0.6873406091,-0.6966254781,False,-0.0127847152,-0.0881129334,True,True,-0.6745558939
random_hash,1,s2_reclaim_recent_high,next_open_2d,-0.4188542029,-0.4188951338,False,-0.0366134027,-0.0830643421,True,True,-0.3822408002
random_hash,1,s2_reclaim_recent_high,next_open_3d,-0.4051940367,-0.412068537,True,-0.0128185478,-0.0532960304,False,True,-0.39237548889999996
random_hash,1,s2_reclaim_recent_high,next_open_5d,-0.4010750062,-0.4181410799,False,-0.0383744528,-0.080598967,True,True,-0.36270055339999996
random_hash,1,s2_reclaim_recent_high,protect_3pct_target6pct_3d,-0.4441289202,-0.476173852,True,-0.0800506351,-0.1080355594,True,True,-0.3640782851
random_hash,1,s4_auction_confirmed_reclaim,fast_failure_2pct_target4pct_2d,-0.5708275273,-0.6025157332,False,-0.041058583,-0.0645641941,True,True,-0.5297689443
random_hash,1,s4_auction_confirmed_reclaim,momentum_trail_4pct_5d,-0.4668235776,-0.4949781301,True,-0.0495074462,-0.063213112,True,True,-0.4173161314
random_hash,1,s4_auction_confirmed_reclaim,next_open_1d,-0.5308253575,-0.5591787983,False,-0.0410151139,-0.05565724,True,True,-0.48981024360000003
random_hash,1,s4_auction_confirmed_reclaim,next_open_2d,0.0104854883,-0.1990989788,False,-0.033498823,-0.0579989325,True,False,0.043984311299999995
random_hash,1,s4_auction_confirmed_reclaim,next_open_3d,-0.3318054028,-0.3815082407,False,-0.0090112218,-0.0453298468,True,True,-0.32279418099999996
random_hash,1,s4_auction_confirmed_reclaim,next_open_5d,-0.0594332934,-0.2881370782,True,-0.0227533183,-0.0678832768,True,True,-0.0366799751
random_hash,1,s4_auction_confirmed_reclaim,protect_3pct_target6pct_3d,-0.4517107332,-0.5057988071,False,-0.0306093581,-0.0526067532,True,True,-0.4211013751
random_hash,1,s4_reclaim_amount_acceleration,fast_failure_2pct_target4pct_2d,-0.2479349785,-0.3011508314,False,-0.0219084617,-0.0470564182,True,True,-0.2260265168
random_hash,1,s4_reclaim_amount_acceleration,momentum_trail_4pct_5d,-0.2610788245,-0.2864364431,True,-0.0448044718,-0.067561439,True,True,-0.21627435269999998
random_hash,1,s4_reclaim_amount_acceleration,next_open_1d,-0.1745345806,-0.2637518566,False,-0.0777131881,-0.0799101661,True,True,-0.09682139249999999
random_hash,1,s4_reclaim_amount_acceleration,next_open_2d,-0.2226642984,-0.2788742693,False,-0.0236352161,-0.0593203871,True,True,-0.1990290823
random_hash,1,s4_reclaim_amount_acceleration,next_open_3d,0.3242981093,-0.2163849952,True,-0.0013938782,-0.0518459922,True,False,0.3256919875
random_hash,1,s4_reclaim_amount_acceleration,next_open_5d,0.0027117335,-0.2605473532,False,-0.0020502108,-0.0481329747,True,False,0.0047619443
random_hash,1,s4_reclaim_amount_acceleration,protect_3pct_target6pct_3d,-0.2703080616,-0.3485080453,False,-0.0545539839,-0.0816695075,True,True,-0.2157540777
random_hash,1,s4_reclaim_volume_normal,fast_failure_2pct_target4pct_2d,-0.4639404671,-0.5390444673,False,-0.0323891982,-0.0585278016,True,True,-0.43155126889999995
random_hash,1,s4_reclaim_volume_normal,momentum_trail_4pct_5d,-0.3242962614,-0.3445627374,True,0.0148004929,-0.0446477679,True,False,-0.3390967543
random_hash,1,s4_reclaim_volume_normal,next_open_1d,-0.551079809,-0.6075052987,False,-0.0129120809,-0.0367471823,True,True,-0.5381677281
random_hash,1,s4_reclaim_volume_normal,next_open_2d,-0.3116684682,-0.4011116381,False,-0.0076573123,-0.0503141696,True,True,-0.3040111559
random_hash,1,s4_reclaim_volume_normal,next_open_3d,-0.2212084688,-0.3668510932,False,-0.0068217422,-0.0293969954,True,True,-0.2143867266
random_hash,1,s4_reclaim_volume_normal,next_open_5d,0.0168872213,-0.218283246,True,-0.0316801368,-0.0884455061,True,False,0.0485673581
random_hash,1,s4_reclaim_volume_normal,protect_3pct_target6pct_3d,-0.3585426399,-0.4696524853,False,-0.0274542654,-0.0492300243,True,True,-0.3310883745
random_hash,1,s4_reclaim_volume_proxy,fast_failure_2pct_target4pct_2d,-0.5444022954,-0.5601351776,False,0.017200167,-0.0481293194,True,False,-0.5616024624
random_hash,1,s4_reclaim_volume_proxy,momentum_trail_4pct_5d,-0.3022733118,-0.3431054263,False,0.0232981679,-0.0308422104,True,False,-0.3255714797
random_hash,1,s4_reclaim_volume_proxy,next_open_1d,-0.5245130292,-0.5252452209,False,-0.0113021603,-0.0621478234,True,True,-0.5132108689
random_hash,1,s4_reclaim_volume_proxy,next_open_2d,-0.1479428026,-0.3102069668,False,0.0148035114,-0.0340643731,True,False,-0.162746314
random_hash,1,s4_reclaim_volume_proxy,next_open_3d,-0.0790983445,-0.3069160833,False,0.0248689904,-0.0369736993,True,False,-0.1039673349
random_hash,1,s4_reclaim_volume_proxy,next_open_5d,0.1917362013,-0.1718299711,False,0.0186985223,-0.0456029637,True,True,0.173037679
random_hash,1,s4_reclaim_volume_proxy,protect_3pct_target6pct_3d,-0.4046548031,-0.4223888271,True,0.0268889999,-0.0376486191,True,False,-0.431543803
random_hash,1,s4_reclaim_vwap_support,fast_failure_2pct_target4pct_2d,-0.3678565523,-0.4938019048,False,-0.0378627112,-0.061593237,True,True,-0.32999384109999996
random_hash,1,s4_reclaim_vwap_support,momentum_trail_4pct_5d,-0.2417237687,-0.3337458089,False,0.0450158035,-0.0327010981,True,False,-0.2867395722
random_hash,1,s4_reclaim_vwap_support,next_open_1d,-0.3395837759,-0.4439305017,False,-0.0221245053,-0.0603998018,True,True,-0.3174592706
random_hash,1,s4_reclaim_vwap_support,next_open_2d,-0.1832226193,-0.2937041655,False,0.0102082637,-0.0545791437,True,False,-0.193430883
random_hash,1,s4_reclaim_vwap_support,next_open_3d,-0.1292483576,-0.2750874167,False,0.0484702426,-0.0321711503,True,False,-0.1777186002
random_hash,1,s4_reclaim_vwap_support,next_open_5d,-0.2502102901,-0.3423976927,False,0.0633787884,-0.0386106306,True,False,-0.3135890785
random_hash,1,s4_reclaim_vwap_support,protect_3pct_target6pct_3d,-0.2911379056,-0.3874320656,False,-0.0742634792,-0.0950627937,True,True,-0.21687442640000004
random_hash,2,cs_r3_leader_confirmation,fast_failure_2pct_target4pct_2d,-0.5756170883,-0.6014824138,False,-0.0504255862,-0.0731335229,True,True,-0.5251915021
random_hash,2,cs_r3_leader_confirmation,momentum_trail_4pct_5d,-0.2450284821,-0.3531224304,True,-0.0108828984,-0.0625395847,True,True,-0.2341455837
random_hash,2,cs_r3_leader_confirmation,next_open_1d,-0.5668767576,-0.5959812959,False,-0.0800048543,-0.1120727361,True,True,-0.4868719033
random_hash,2,cs_r3_leader_confirmation,next_open_2d,-0.0030769013,-0.3118467912,False,0.0016470268,-0.0274720701,True,False,-0.0047239281
random_hash,2,cs_r3_leader_confirmation,next_open_3d,-0.0792511946,-0.2962007936,True,0.0109363121,-0.0294307964,True,False,-0.0901875067
random_hash,2,cs_r3_leader_confirmation,next_open_5d,0.2901749204,-0.1815410726,False,-0.0258893121,-0.072860142,True,False,0.3160642325
random_hash,2,cs_r3_leader_confirmation,protect_3pct_target6pct_3d,-0.5718057187,-0.586432922,True,-0.0199618244,-0.0734270788,True,True,-0.5518438942999999
random_hash,2,fu_r3_core_pullback,fast_failure_2pct_target4pct_2d,-0.1754416237,-0.3022903308,False,-0.0006261476,-0.050416424,True,True,-0.1748154761
random_hash,2,fu_r3_core_pullback,momentum_trail_4pct_5d,0.2059041901,-0.158381162,True,-0.0154125146,-0.0328711678,True,False,0.2213167047
random_hash,2,fu_r3_core_pullback,next_open_1d,-0.1164389963,-0.3078300977,False,0.0365544959,-0.0327386541,True,False,-0.1529934922
random_hash,2,fu_r3_core_pullback,next_open_2d,0.1822717273,-0.2225802227,False,-0.0063887268,-0.0414304062,True,False,0.18866045409999999
random_hash,2,fu_r3_core_pullback,next_open_3d,0.5065863515,-0.1767579582,True,-0.0128410467,-0.0320688654,True,False,0.5194273982
random_hash,2,fu_r3_core_pullback,next_open_5d,0.1683681179,-0.2590674485,True,-0.0282590784,-0.0536057711,True,False,0.1966271963
random_hash,2,fu_r3_core_pullback,protect_3pct_target6pct_3d,0.059211928,-0.229709483,False,0.0429443489,-0.0263119064,True,True,0.0162675791
random_hash,2,ht_r3_core_pullback,fast_failure_2pct_target4pct_2d,-0.681850907,-0.6952276733,False,-0.0541691499,-0.0734085676,True,True,-0.6276817571
random_hash,2,ht_r3_core_pullback,momentum_trail_4pct_5d,-0.276630121,-0.3330756184,True,-0.0527961665,-0.0820835588,True,True,-0.22383395450000002
random_hash,2,ht_r3_core_pullback,next_open_1d,-0.5079156371,-0.5490225015,False,-0.0693835631,-0.0789578619,True,True,-0.438532074
random_hash,2,ht_r3_core_pullback,next_open_2d,-0.535392427,-0.5563955063,False,-0.0241248301,-0.0622535121,True,True,-0.5112675969
random_hash,2,ht_r3_core_pullback,next_open_3d,-0.4555422472,-0.5093268277,True,-0.042573997,-0.0718494567,True,True,-0.41296825019999994
random_hash,2,ht_r3_core_pullback,next_open_5d,-0.3256374338,-0.4493258893,True,-0.0527615745,-0.0876938436,True,True,-0.27287585929999997
random_hash,2,ht_r3_core_pullback,protect_3pct_target6pct_3d,-0.5866367162,-0.6075894302,False,-0.0466465704,-0.0878477651,False,True,-0.5399901458
random_hash,2,ng_r1_auction_reclaim,fast_failure_2pct_target4pct_2d,-0.1253881391,-0.2471200173,False,-0.0050981734,-0.0420255565,True,True,-0.12028996569999999
random_hash,2,ng_r1_auction_reclaim,momentum_trail_4pct_5d,0.2314101388,-0.1659342095,True,-0.0036407824,-0.0469415032,True,False,0.23505092119999998
random_hash,2,ng_r1_auction_reclaim,next_open_1d,-0.2023088226,-0.29973971,False,0.0042168215,-0.0327084725,True,False,-0.2065256441
random_hash,2,ng_r1_auction_reclaim,next_open_2d,0.0419553158,-0.3488354377,False,0.0205636659,-0.0302604423,True,True,0.021391649899999997
random_hash,2,ng_r1_auction_reclaim,next_open_3d,-0.0030057635,-0.1304104021,False,0.0084972747,-0.030298225,True,False,-0.0115030382
random_hash,2,ng_r1_auction_reclaim,next_open_5d,-0.084923949,-0.2315509175,False,0.0020237031,-0.0465345943,True,False,-0.0869476521
random_hash,2,ng_r1_auction_reclaim,protect_3pct_target6pct_3d,0.0506273707,-0.1735129169,False,-0.0055913156,-0.0401230843,True,False,0.0562186863
random_hash,2,ng_r3_volume_quality,fast_failure_2pct_target4pct_2d,-0.5314728811,-0.5412409995,False,-0.0468171233,-0.0695214371,True,True,-0.48465575780000003
random_hash,2,ng_r3_volume_quality,momentum_trail_4pct_5d,-0.2312868649,-0.3274332095,True,-0.0124110851,-0.0505352492,True,True,-0.2188757798
random_hash,2,ng_r3_volume_quality,next_open_1d,-0.5685512448,-0.5801095154,False,-0.0500952519,-0.0709070735,True,True,-0.5184559929
random_hash,2,ng_r3_volume_quality,next_open_2d,-0.3751291381,-0.4354580566,False,-0.0030199225,-0.0567189321,True,True,-0.3721092156
random_hash,2,ng_r3_volume_quality,next_open_3d,-0.4297994441,-0.4728653873,False,-0.0135761346,-0.0381218482,True,True,-0.41622330949999997
random_hash,2,ng_r3_volume_quality,next_open_5d,-0.3170665399,-0.37023761,False,-0.0155951141,-0.059231607,True,True,-0.3014714258
random_hash,2,ng_r3_volume_quality,protect_3pct_target6pct_3d,-0.3545719837,-0.3798526436,False,-0.0881095641,-0.1119490222,True,True,-0.2664624196
random_hash,2,s0_distance_only,fast_failure_2pct_target4pct_2d,-0.5209411937,-0.5331542525,True,-0.0762032094,-0.0797146326,False,True,-0.4447379843
random_hash,2,s0_distance_only,momentum_trail_4pct_5d,-0.1844261281,-0.3161050401,False,-0.0124369892,-0.0248289332,True,True,-0.1719891389
random_hash,2,s0_distance_only,next_open_1d,-0.6268501698,-0.6407580871,True,-0.0701096571,-0.0754048901,True,True,-0.5567405127
random_hash,2,s0_distance_only,next_open_2d,-0.3801300906,-0.4402106699,False,-0.025014953,-0.0446035123,True,True,-0.3551151376
random_hash,2,s0_distance_only,next_open_3d,-0.3193669265,-0.3733323394,False,-0.0401113298,-0.0462520382,True,True,-0.2792555967
random_hash,2,s0_distance_only,next_open_5d,-0.104502657,-0.3351199753,True,-0.0450821749,-0.0636274878,True,True,-0.0594204821
random_hash,2,s0_distance_only,protect_3pct_target6pct_3d,-0.3976599114,-0.4580568446,False,-0.0384917825,-0.0606068932,True,True,-0.3591681289
random_hash,2,s0_strong_no_ma,fast_failure_2pct_target4pct_2d,-0.4347790971,-0.5145353676,False,-0.0855309036,-0.1013343967,False,True,-0.3492481935
random_hash,2,s0_strong_no_ma,momentum_trail_4pct_5d,-0.3602633391,-0.3825919416,True,-0.0674836683,-0.081195494,True,True,-0.2927796708
random_hash,2,s0_strong_no_ma,next_open_1d,-0.7269582227,-0.7449946291,False,-0.0676690695,-0.0697935171,True,True,-0.6592891532
random_hash,2,s0_strong_no_ma,next_open_2d,-0.463516147,-0.4768765384,True,-0.0879039682,-0.0900189801,True,True,-0.3756121788
random_hash,2,s0_strong_no_ma,next_open_3d,-0.144218491,-0.4154444832,False,-0.1004562989,-0.0986422946,True,True,-0.0437621921
random_hash,2,s0_strong_no_ma,next_open_5d,-0.4605492156,-0.4738713401,False,0.0277199819,-0.0477656681,True,False,-0.48826919750000003
random_hash,2,s0_strong_no_ma,protect_3pct_target6pct_3d,-0.6360148968,-0.6441773064,False,-0.0579660683,-0.0568575619,True,True,-0.5780488285000001
random_hash,2,s1_break_reclaim_stable3,fast_failure_2pct_target4pct_2d,-0.3040212617,-0.3374794631,False,-0.0455240331,-0.0654222877,True,True,-0.2584972286
random_hash,2,s1_break_reclaim_stable3,momentum_trail_4pct_5d,-0.4205472552,-0.4211014128,True,-0.0157209755,-0.0619174491,True,True,-0.4048262797
random_hash,2,s1_break_reclaim_stable3,next_open_1d,-0.5752061801,-0.5809151778,False,-0.0188165391,-0.055910569,True,True,-0.556389641
random_hash,2,s1_break_reclaim_stable3,next_open_2d,-0.3899227278,-0.4240531058,False,-0.0277979077,-0.051435269,True,True,-0.36212482009999997
random_hash,2,s1_break_reclaim_stable3,next_open_3d,-0.0019142849,-0.3127550325,False,0.0100378911,-0.0272801724,True,False,-0.011952176
random_hash,2,s1_break_reclaim_stable3,next_open_5d,-0.0988760979,-0.2694262715,True,-0.037344839,-0.0669791265,True,True,-0.061531258900000003
random_hash,2,s1_break_reclaim_stable3,protect_3pct_target6pct_3d,-0.4889139292,-0.4893022282,False,0.0060971458,-0.0421510565,True,False,-0.49501107499999997
random_hash,2,s1_near_reversal,fast_failure_2pct_target4pct_2d,-0.603201647,-0.6081725729,False,-0.0469727007,-0.0604073638,True,True,-0.5562289463
random_hash,2,s1_near_reversal,momentum_trail_4pct_5d,-0.3439963666,-0.3549645336,False,-0.0265594123,-0.0530851615,True,True,-0.31743695429999996
random_hash,2,s1_near_reversal,next_open_1d,-0.6800561612,-0.6857075934,True,0.0088417649,-0.0278713813,True,False,-0.6888979261
random_hash,2,s1_near_reversal,next_open_2d,-0.4410129451,-0.4999893804,False,-0.0449697858,-0.0608885608,True,True,-0.3960431593
random_hash,2,s1_near_reversal,next_open_3d,-0.0346018989,-0.2505352122,False,-0.0432061313,-0.0584510949,True,True,0.008604232400000002
random_hash,2,s1_near_reversal,next_open_5d,-0.2021465978,-0.292260501,False,-0.0156051775,-0.0704884307,True,True,-0.18654142029999998
random_hash,2,s1_near_reversal,protect_3pct_target6pct_3d,-0.4768074776,-0.5052498031,True,-0.0117780102,-0.0262950804,True,True,-0.46502946739999995
random_hash,2,s1_touch_immediate,fast_failure_2pct_target4pct_2d,-0.2258987482,-0.3681839652,False,-0.0469667008,-0.0597864185,False,True,-0.17893204740000002
random_hash,2,s1_touch_immediate,momentum_trail_4pct_5d,-0.014469034,-0.3149067614,True,0.0057712759,-0.0212320025,True,False,-0.0202403099
random_hash,2,s1_touch_immediate,next_open_1d,-0.3253133674,-0.3710888844,False,-0.053341465,-0.0717730036,True,True,-0.2719719024
random_hash,2,s1_touch_immediate,next_open_2d,-0.3013000165,-0.3816838615,False,-0.045861145,-0.0530798398,True,True,-0.2554388715
random_hash,2,s1_touch_immediate,next_open_3d,0.1854087577,-0.1749053835,False,-0.0459059406,-0.0529399749,True,False,0.2313146983
random_hash,2,s1_touch_immediate,next_open_5d,-0.2138632779,-0.3385319714,True,-0.0734698562,-0.0805288493,True,True,-0.14039342170000002
random_hash,2,s1_touch_immediate,protect_3pct_target6pct_3d,-0.4235720934,-0.4802211243,False,-0.0385320158,-0.0539961193,True,True,-0.38504007760000003
random_hash,2,s1_touch_reclaim,fast_failure_2pct_target4pct_2d,0.0325448988,-0.3860655437,False,-0.0148486915,-0.0464894625,True,False,0.047393590299999996
random_hash,2,s1_touch_reclaim,momentum_trail_4pct_5d,-0.3258299329,-0.3354564856,True,0.0064966832,-0.0307709141,False,False,-0.3323266161
random_hash,2,s1_touch_reclaim,next_open_1d,-0.4070765643,-0.46728332,False,-0.0760268378,-0.0809847394,True,True,-0.3310497265
random_hash,2,s1_touch_reclaim,next_open_2d,-0.1569928258,-0.3293522607,True,-0.0541933617,-0.0753634198,True,True,-0.10279946410000002
random_hash,2,s1_touch_reclaim,next_open_3d,-0.0091416669,-0.2976888164,True,0.0054248402,-0.0295215371,True,False,-0.0145665071
random_hash,2,s1_touch_reclaim,next_open_5d,-0.0848528954,-0.2616257995,False,-0.0231096714,-0.0507878065,True,True,-0.061743224
random_hash,2,s1_touch_reclaim,protect_3pct_target6pct_3d,-0.3185289396,-0.3868042952,False,-0.0283417373,-0.0434800969,True,True,-0.2901872023
random_hash,2,s2_first_touch_reclaim,fast_failure_2pct_target4pct_2d,-0.4526748127,-0.4743260605,False,-0.0953251567,-0.113649949,True,True,-0.357349656
random_hash,2,s2_first_touch_reclaim,momentum_trail_4pct_5d,-0.4579712508,-0.4762011476,False,-0.0264495174,-0.0424556034,True,True,-0.4315217334
random_hash,2,s2_first_touch_reclaim,next_open_1d,-0.2967223481,-0.3519938199,False,-0.0472197368,-0.0605353092,True,True,-0.24950261129999998
random_hash,2,s2_first_touch_reclaim,next_open_2d,-0.4392792126,-0.4354136095,True,0.0108872464,-0.0423914588,True,False,-0.450166459
random_hash,2,s2_first_touch_reclaim,next_open_3d,-0.4957932167,-0.5193802185,False,0.0079330409,-0.0453753116,True,False,-0.5037262576
random_hash,2,s2_first_touch_reclaim,next_open_5d,-0.4269329832,-0.4462984491,False,0.0079279476,-0.0534128228,True,False,-0.4348609308
random_hash,2,s2_first_touch_reclaim,protect_3pct_target6pct_3d,-0.3775294674,-0.3922037966,False,-0.0391109793,-0.0725594492,True,True,-0.33841848809999997
random_hash,2,s2_reclaim_acceleration,fast_failure_2pct_target4pct_2d,-0.3714302971,-0.3903378637,False,-0.0100478142,-0.0383474864,True,True,-0.36138248289999997
random_hash,2,s2_reclaim_acceleration,momentum_trail_4pct_5d,-0.1758035339,-0.3033219548,False,0.0077065244,-0.0627166061,True,False,-0.1835100583
random_hash,2,s2_reclaim_acceleration,next_open_1d,-0.5125535044,-0.5164074023,False,-0.0133891985,-0.0448463051,True,True,-0.49916430590000005
random_hash,2,s2_reclaim_acceleration,next_open_2d,-0.398686057,-0.4097346446,False,0.0564798962,-0.0268954282,True,False,-0.4551659532
random_hash,2,s2_reclaim_acceleration,next_open_3d,-0.3581787051,-0.3683256448,False,0.0423497207,-0.038997736,True,False,-0.4005284258
random_hash,2,s2_reclaim_acceleration,next_open_5d,-0.2848947512,-0.3424849638,False,0.0049493917,-0.0463946388,True,False,-0.28984414290000005
random_hash,2,s2_reclaim_acceleration,protect_3pct_target6pct_3d,-0.3252229792,-0.3540225502,False,0.0044340214,-0.044972112,True,False,-0.32965700059999997
random_hash,2,s2_reclaim_bull_stack,fast_failure_2pct_target4pct_2d,-0.7340349616,-0.7443988467,False,-0.040364815,-0.0645103146,False,True,-0.6936701466
random_hash,2,s2_reclaim_bull_stack,momentum_trail_4pct_5d,-0.5681413477,-0.5811615501,True,-0.0613750828,-0.0763274837,True,True,-0.5067662649
random_hash,2,s2_reclaim_bull_stack,next_open_1d,-0.5962273207,-0.6140083286,False,0.0051118666,-0.0616648865,True,False,-0.6013391872999999
random_hash,2,s2_reclaim_bull_stack,next_open_2d,-0.1614021093,-0.2964198032,False,-0.0218231098,-0.0582890085,True,True,-0.13957899950000002
random_hash,2,s2_reclaim_bull_stack,next_open_3d,-0.5285820023,-0.5889260079,False,0.044631773,-0.0246042948,True,False,-0.5732137753
random_hash,2,s2_reclaim_bull_stack,next_open_5d,-0.4382527305,-0.5720905204,False,-0.0413299553,-0.0498685535,True,True,-0.3969227752
random_hash,2,s2_reclaim_bull_stack,protect_3pct_target6pct_3d,-0.7784199503,-0.7857127996,False,-0.0574908267,-0.0694236089,True,True,-0.7209291235999999
random_hash,2,s2_reclaim_daily_trend,fast_failure_2pct_target4pct_2d,-0.2472784344,-0.3317948751,False,-0.0698472369,-0.0891916926,True,True,-0.1774311975
random_hash,2,s2_reclaim_daily_trend,momentum_trail_4pct_5d,-0.4921762422,-0.5059914607,True,-0.0766460873,-0.0837169872,True,True,-0.4155301549
random_hash,2,s2_reclaim_daily_trend,next_open_1d,-0.1442179995,-0.3435046621,False,-0.0920190429,-0.1116718051,True,True,-0.0521989566
random_hash,2,s2_reclaim_daily_trend,next_open_2d,-0.0314007567,-0.2303239826,False,-0.0807359036,-0.1063933448,False,True,0.04933514690000001
random_hash,2,s2_reclaim_daily_trend,next_open_3d,-0.349310896,-0.408499923,False,0.0806692331,-0.0690505127,True,False,-0.4299801291
random_hash,2,s2_reclaim_daily_trend,next_open_5d,-0.2248386655,-0.3188681702,False,-0.0824823299,-0.09296394,True,True,-0.1423563356
random_hash,2,s2_reclaim_daily_trend,protect_3pct_target6pct_3d,-0.3980242732,-0.4492461238,False,-0.0468384364,-0.0709152585,True,True,-0.3511858368
random_hash,2,s2_reclaim_positive_slope,fast_failure_2pct_target4pct_2d,0.1667283943,-0.199004094,False,-0.0320740057,-0.0771835765,True,False,0.1988024
random_hash,2,s2_reclaim_positive_slope,momentum_trail_4pct_5d,-0.0635500696,-0.2322599912,True,0.025702608,-0.0301349355,True,False,-0.0892526776
random_hash,2,s2_reclaim_positive_slope,next_open_1d,-0.1865380887,-0.2651969512,False,-0.0694091977,-0.0973010046,True,True,-0.117128891
random_hash,2,s2_reclaim_positive_slope,next_open_2d,-0.0590507025,-0.2026412988,True,-0.0060565907,-0.0641774896,True,True,-0.0529941118
random_hash,2,s2_reclaim_positive_slope,next_open_3d,-0.1390592049,-0.3035013906,False,-0.0667529203,-0.0952692848,True,True,-0.0723062846
random_hash,2,s2_reclaim_positive_slope,next_open_5d,-0.0880581299,-0.2036189418,True,0.0563876785,-0.0312981122,True,False,-0.14444580840000001
random_hash,2,s2_reclaim_positive_slope,protect_3pct_target6pct_3d,-0.0159831321,-0.2147105516,False,0.0618565823,-0.0343450753,False,False,-0.0778397144
random_hash,2,s2_reclaim_recent_high,fast_failure_2pct_target4pct_2d,-0.508503622,-0.5437298953,False,-0.0557374942,-0.105926137,True,True,-0.4527661278
random_hash,2,s2_reclaim_recent_high,momentum_trail_4pct_5d,-0.5691438375,-0.620095729,True,-0.0109971421,-0.0516741919,True,True,-0.5581466954
random_hash,2,s2_reclaim_recent_high,next_open_1d,-0.1097444935,-0.3759559968,False,-0.0872781499,-0.1518603341,True,True,-0.022466343599999994
random_hash,2,s2_reclaim_recent_high,next_open_2d,-0.4805166264,-0.5509527041,False,-0.1916232644,-0.2131095135,True,True,-0.288893362
random_hash,2,s2_reclaim_recent_high,next_open_3d,-0.646638184,-0.6663764632,False,-0.0539974483,-0.1001580429,False,True,-0.5926407357
random_hash,2,s2_reclaim_recent_high,next_open_5d,-0.3466691931,-0.3792810769,True,0.0153671462,-0.0331564479,True,False,-0.3620363393
random_hash,2,s2_reclaim_recent_high,protect_3pct_target6pct_3d,-0.3090128221,-0.4151557478,False,-0.066406045,-0.1023850012,True,True,-0.24260677709999998
random_hash,2,s4_auction_confirmed_reclaim,fast_failure_2pct_target4pct_2d,-0.6149734603,-0.6237860011,False,0.0660452037,-0.0168815051,True,False,-0.681018664
random_hash,2,s4_auction_confirmed_reclaim,momentum_trail_4pct_5d,-0.2953503508,-0.4590853774,False,0.0491630017,-0.0466893088,True,False,-0.3445133525
random_hash,2,s4_auction_confirmed_reclaim,next_open_1d,-0.6324284813,-0.6463806341,False,0.0374409269,-0.0352329037,True,False,-0.6698694082
random_hash,2,s4_auction_confirmed_reclaim,next_open_2d,-0.4651866745,-0.507773477,False,0.0216122928,-0.0336595606,True,False,-0.4867989673
random_hash,2,s4_auction_confirmed_reclaim,next_open_3d,-0.3055057366,-0.3495904539,False,0.0260931707,-0.0335391959,True,False,-0.3315989073
random_hash,2,s4_auction_confirmed_reclaim,next_open_5d,-0.2931387866,-0.4004035844,False,0.0289822122,-0.0552878684,True,False,-0.3221209988
random_hash,2,s4_auction_confirmed_reclaim,protect_3pct_target6pct_3d,-0.4588765335,-0.4782439066,False,0.0863933271,-0.0201129953,True,False,-0.5452698606
random_hash,2,s4_reclaim_amount_acceleration,fast_failure_2pct_target4pct_2d,-0.2297388612,-0.3674490412,False,-0.0615744521,-0.0807275918,True,True,-0.1681644091
random_hash,2,s4_reclaim_amount_acceleration,momentum_trail_4pct_5d,-0.2409568796,-0.3670217504,True,-0.0004645109,-0.0255713826,True,True,-0.24049236870000001
random_hash,2,s4_reclaim_amount_acceleration,next_open_1d,-0.290460555,-0.3946897195,False,-0.0004054167,-0.0330169076,True,True,-0.2900551383
random_hash,2,s4_reclaim_amount_acceleration,next_open_2d,-0.295480305,-0.3533306518,False,-0.0068358245,-0.0518121507,True,True,-0.2886444805
random_hash,2,s4_reclaim_amount_acceleration,next_open_3d,0.012991779,-0.1887719168,True,-0.0054348172,-0.0341580673,True,False,0.0184265962
random_hash,2,s4_reclaim_amount_acceleration,next_open_5d,-0.0925114239,-0.4257589609,True,-0.0245655836,-0.0569083478,True,True,-0.0679458403
random_hash,2,s4_reclaim_amount_acceleration,protect_3pct_target6pct_3d,-0.3532419377,-0.4724094302,False,-0.047754296,-0.0666792819,True,True,-0.3054876417
random_hash,2,s4_reclaim_volume_normal,fast_failure_2pct_target4pct_2d,-0.4701311111,-0.4897668684,False,-0.0825768768,-0.0849513757,True,True,-0.3875542343
random_hash,2,s4_reclaim_volume_normal,momentum_trail_4pct_5d,-0.3537728793,-0.3680681104,True,-0.038578911,-0.0435130742,True,True,-0.3151939683
random_hash,2,s4_reclaim_volume_normal,next_open_1d,-0.4796108,-0.499849585,False,-0.0704531065,-0.0773612042,True,True,-0.4091576935
random_hash,2,s4_reclaim_volume_normal,next_open_2d,-0.11831337,-0.2403907784,False,-0.0315920936,-0.0375357456,True,True,-0.08672127639999999
random_hash,2,s4_reclaim_volume_normal,next_open_3d,-0.279735293,-0.3035648257,True,-0.0835377151,-0.0843472338,True,True,-0.19619757789999998
random_hash,2,s4_reclaim_volume_normal,next_open_5d,-0.0725562267,-0.2583517675,False,-0.0217727327,-0.0312307016,True,True,-0.050783494000000005
random_hash,2,s4_reclaim_volume_normal,protect_3pct_target6pct_3d,-0.4822656014,-0.4909227438,True,-0.0415925829,-0.0426996457,True,True,-0.4406730185
random_hash,2,s4_reclaim_volume_proxy,fast_failure_2pct_target4pct_2d,-0.4566489377,-0.4761699575,True,-0.0529138939,-0.0615933628,True,True,-0.40373504379999997
random_hash,2,s4_reclaim_volume_proxy,momentum_trail_4pct_5d,-0.1166554528,-0.2826124729,False,-0.0076789903,-0.0348762131,True,True,-0.10897646250000001
random_hash,2,s4_reclaim_volume_proxy,next_open_1d,-0.3994388216,-0.4243933122,False,-0.0383761631,-0.0599382087,True,True,-0.36106265849999997
random_hash,2,s4_reclaim_volume_proxy,next_open_2d,-0.304595246,-0.421202515,False,-0.002252295,-0.0421927422,True,True,-0.30234295099999997
random_hash,2,s4_reclaim_volume_proxy,next_open_3d,-0.3341181675,-0.3824835672,False,0.0030387483,-0.0355301261,True,False,-0.3371569158
random_hash,2,s4_reclaim_volume_proxy,next_open_5d,-0.335718994,-0.3565193258,True,-0.0100412113,-0.0546669325,True,True,-0.3256777827
random_hash,2,s4_reclaim_volume_proxy,protect_3pct_target6pct_3d,-0.3525071964,-0.3937445386,False,-0.0115366581,-0.0326016982,True,True,-0.3409705383
random_hash,2,s4_reclaim_vwap_support,fast_failure_2pct_target4pct_2d,-0.1631428752,-0.340463197,False,-0.0506884194,-0.0751473882,True,True,-0.11245445580000002
random_hash,2,s4_reclaim_vwap_support,momentum_trail_4pct_5d,-0.1625184749,-0.2724561977,False,-0.0110197349,-0.0641697992,True,True,-0.15149874
random_hash,2,s4_reclaim_vwap_support,next_open_1d,-0.1047330351,-0.3260194196,False,-0.0752460064,-0.0927247463,True,True,-0.0294870287
random_hash,2,s4_reclaim_vwap_support,next_open_2d,-0.3179100184,-0.3857094747,False,0.0431583792,-0.0427322854,True,False,-0.3610683976
random_hash,2,s4_reclaim_vwap_support,next_open_3d,-0.1920032415,-0.2714237096,False,-0.0272310385,-0.0696408037,True,True,-0.164772203
random_hash,2,s4_reclaim_vwap_support,next_open_5d,-0.1823953279,-0.3716282491,True,-0.0355820075,-0.0753071498,True,True,-0.1468133204
random_hash,2,s4_reclaim_vwap_support,protect_3pct_target6pct_3d,-0.3354362623,-0.3951480973,False,-0.0262673008,-0.0533731598,True,True,-0.3091689615
random_hash,3,cs_r3_leader_confirmation,fast_failure_2pct_target4pct_2d,-0.5503917557,-0.5784904103,False,0.0278921641,-0.0386664373,True,False,-0.5782839197999999
random_hash,3,cs_r3_leader_confirmation,momentum_trail_4pct_5d,-0.12203777,-0.1937206753,False,-0.0021962172,-0.0322988943,True,True,-0.1198415528
random_hash,3,cs_r3_leader_confirmation,next_open_1d,-0.2630489155,-0.3320874803,False,-0.0234405884,-0.0927890912,True,True,-0.2396083271
random_hash,3,cs_r3_leader_confirmation,next_open_2d,-0.1384984147,-0.2132875565,False,0.0655139498,-0.0250631815,True,False,-0.2040123645
random_hash,3,cs_r3_leader_confirmation,next_open_3d,-0.1691956833,-0.2632247849,False,-0.0451308153,-0.0950630911,True,True,-0.12406486800000001
random_hash,3,cs_r3_leader_confirmation,next_open_5d,-0.1123719189,-0.3182382441,True,-0.0066622624,-0.0653295623,True,True,-0.10570965650000001
random_hash,3,cs_r3_leader_confirmation,protect_3pct_target6pct_3d,-0.3347287051,-0.4553124649,False,-0.0608873414,-0.0884565858,True,True,-0.2738413637
random_hash,3,fu_r3_core_pullback,fast_failure_2pct_target4pct_2d,0.0394904324,-0.2118569389,False,0.009855526,-0.0215243915,True,True,0.029634906399999997
random_hash,3,fu_r3_core_pullback,momentum_trail_4pct_5d,0.2132437928,-0.1372447909,False,-0.0472020084,-0.0758460394,True,False,0.2604458012
random_hash,3,fu_r3_core_pullback,next_open_1d,-0.1330751287,-0.3241273871,False,-0.0130902838,-0.0390224173,True,True,-0.11998484489999998
random_hash,3,fu_r3_core_pullback,next_open_2d,-0.17216347,-0.3221258544,False,0.0230330325,-0.0269671458,True,False,-0.1951965025
random_hash,3,fu_r3_core_pullback,next_open_3d,0.0728756788,-0.2131611625,False,-0.0347783194,-0.0602983605,True,False,0.10765399819999999
random_hash,3,fu_r3_core_pullback,next_open_5d,-0.2694689557,-0.3805247648,False,-0.0667467123,-0.1053487633,True,True,-0.2027222434
random_hash,3,fu_r3_core_pullback,protect_3pct_target6pct_3d,-0.0609717853,-0.2346644098,False,0.001676593,-0.0345807863,True,False,-0.0626483783
random_hash,3,ht_r3_core_pullback,fast_failure_2pct_target4pct_2d,-0.6622676654,-0.6719589072,False,0.0326261122,-0.0359728968,True,False,-0.6948937776
random_hash,3,ht_r3_core_pullback,momentum_trail_4pct_5d,-0.2417891483,-0.3273422472,False,0.0265475958,-0.0380260206,True,False,-0.2683367441
random_hash,3,ht_r3_core_pullback,next_open_1d,-0.6542855193,-0.6639111645,False,-0.0485005415,-0.0680774028,True,True,-0.6057849778
random_hash,3,ht_r3_core_pullback,next_open_2d,-0.3944675094,-0.4091749727,False,-0.0672897622,-0.103396191,True,True,-0.32717774720000004
random_hash,3,ht_r3_core_pullback,next_open_3d,-0.2920271209,-0.3675441112,False,-0.0293309262,-0.0700383112,True,True,-0.2626961947
random_hash,3,ht_r3_core_pullback,next_open_5d,-0.0095153253,-0.2236715389,True,0.0135584377,-0.0351457432,True,False,-0.023073763
random_hash,3,ht_r3_core_pullback,protect_3pct_target6pct_3d,-0.5636131922,-0.573756532,False,0.0218614319,-0.0346549221,False,False,-0.5854746241
random_hash,3,ng_r1_auction_reclaim,fast_failure_2pct_target4pct_2d,-0.1295063861,-0.3020054285,False,-0.0108758911,-0.055540814,True,True,-0.118630495
random_hash,3,ng_r1_auction_reclaim,momentum_trail_4pct_5d,-0.1923457198,-0.2709839463,True,-0.0441346127,-0.0830834541,True,True,-0.14821110710000002
random_hash,3,ng_r1_auction_reclaim,next_open_1d,-0.2155574015,-0.3235992358,False,-0.001396692,-0.0308423953,True,True,-0.2141607095
random_hash,3,ng_r1_auction_reclaim,next_open_2d,-0.2679367421,-0.3677776536,True,0.0025395159,-0.0428072678,True,False,-0.270476258
random_hash,3,ng_r1_auction_reclaim,next_open_3d,-0.074173628,-0.1600723413,False,-0.011771791,-0.0493387453,True,True,-0.062401837
random_hash,3,ng_r1_auction_reclaim,next_open_5d,-0.1632567925,-0.2487794543,False,-0.0581893951,-0.0862805288,True,True,-0.1050673974
random_hash,3,ng_r1_auction_reclaim,protect_3pct_target6pct_3d,-0.0389037833,-0.2245064507,False,-0.0040249001,-0.0456257245,True,True,-0.0348788832
random_hash,3,ng_r3_volume_quality,fast_failure_2pct_target4pct_2d,-0.5439609384,-0.5886006441,False,-0.0542506228,-0.0744884502,True,True,-0.48971031560000006
random_hash,3,ng_r3_volume_quality,momentum_trail_4pct_5d,-0.1966093767,-0.2892165825,False,-0.0538777712,-0.0689242444,True,True,-0.1427316055
random_hash,3,ng_r3_volume_quality,next_open_1d,-0.4819973183,-0.5043550034,False,-0.0433372507,-0.0550667837,True,True,-0.4386600676
random_hash,3,ng_r3_volume_quality,next_open_2d,-0.4249991804,-0.4424068418,False,-0.0224370799,-0.039785793,False,True,-0.4025621005
random_hash,3,ng_r3_volume_quality,next_open_3d,-0.0936200867,-0.216230868,False,-0.02256321,-0.0331366296,True,True,-0.0710568767
random_hash,3,ng_r3_volume_quality,next_open_5d,-0.1778606748,-0.2520263867,False,-0.0272343425,-0.0460267092,True,True,-0.1506263323
random_hash,3,ng_r3_volume_quality,protect_3pct_target6pct_3d,-0.1730685771,-0.3186693019,False,-0.0377087578,-0.0548647518,True,True,-0.13535981930000002
random_hash,3,s0_distance_only,fast_failure_2pct_target4pct_2d,-0.3777099391,-0.4207713828,True,-0.0655554109,-0.0657472537,True,True,-0.3121545282
random_hash,3,s0_distance_only,momentum_trail_4pct_5d,-0.1834094859,-0.3462198839,True,-0.0179244336,-0.041010344,True,True,-0.1654850523
random_hash,3,s0_distance_only,next_open_1d,-0.4247036786,-0.4691127177,False,-0.0744740965,-0.0685134715,True,True,-0.3502295821
random_hash,3,s0_distance_only,next_open_2d,-0.0293014545,-0.2715743136,False,-0.0518878843,-0.0461804308,True,True,0.0225864298
random_hash,3,s0_distance_only,next_open_3d,0.2189445649,-0.1992091293,False,-0.0603313271,-0.0557642447,True,False,0.279275892
random_hash,3,s0_distance_only,next_open_5d,-0.0488943293,-0.2392126236,True,-0.0012276087,-0.0342548484,True,True,-0.0476667206
random_hash,3,s0_distance_only,protect_3pct_target6pct_3d,-0.3600907843,-0.4034726637,False,-0.0593091312,-0.0557349083,True,True,-0.30078165310000005
random_hash,3,s0_strong_no_ma,fast_failure_2pct_target4pct_2d,-0.5364383235,-0.5862017482,False,-0.1088674268,-0.125070667,True,True,-0.4275708967
random_hash,3,s0_strong_no_ma,momentum_trail_4pct_5d,0.0294665976,-0.2796104189,False,-0.0152087514,-0.0531741671,True,False,0.044675349
random_hash,3,s0_strong_no_ma,next_open_1d,-0.5263195244,-0.5786616815,False,-0.1174684264,-0.1298003254,True,True,-0.40885109799999997
random_hash,3,s0_strong_no_ma,next_open_2d,-0.5341414748,-0.5484079321,False,-0.0569883642,-0.0950704797,True,True,-0.4771531106
random_hash,3,s0_strong_no_ma,next_open_3d,0.0311356699,-0.293869329,True,-0.0656463894,-0.0941707844,True,False,0.0967820593
random_hash,3,s0_strong_no_ma,next_open_5d,0.2421900139,-0.2705034415,False,0.0060299007,-0.0483209345,True,True,0.2361601132
random_hash,3,s0_strong_no_ma,protect_3pct_target6pct_3d,-0.3670566157,-0.3874494579,False,-0.0931475157,-0.1109026486,True,True,-0.27390909999999996
random_hash,3,s1_break_reclaim_stable3,fast_failure_2pct_target4pct_2d,-0.3899688791,-0.471268532,False,0.0026901048,-0.0268033032,True,False,-0.3926589839
random_hash,3,s1_break_reclaim_stable3,momentum_trail_4pct_5d,-0.3842542829,-0.4154093695,False,-0.0107099955,-0.0358579835,True,True,-0.3735442874
random_hash,3,s1_break_reclaim_stable3,next_open_1d,-0.313627636,-0.3974800817,False,0.0326498936,-0.0245547644,False,False,-0.34627752959999997
random_hash,3,s1_break_reclaim_stable3,next_open_2d,-0.1540216373,-0.2814766011,False,0.0513095845,-0.0167325003,True,False,-0.20533122180000002
random_hash,3,s1_break_reclaim_stable3,next_open_3d,0.0391068095,-0.296810115,False,-0.0288618111,-0.0549608564,True,False,0.0679686206
random_hash,3,s1_break_reclaim_stable3,next_open_5d,-0.2816314058,-0.3484035926,False,0.0475391127,-0.0228742033,True,False,-0.3291705185
random_hash,3,s1_break_reclaim_stable3,protect_3pct_target6pct_3d,-0.3914260715,-0.4006281116,False,-0.0251346613,-0.0579487846,True,True,-0.3662914102
random_hash,3,s1_near_reversal,fast_failure_2pct_target4pct_2d,-0.3898316754,-0.4367095511,True,-0.0370453771,-0.0464333753,True,True,-0.3527862983
random_hash,3,s1_near_reversal,momentum_trail_4pct_5d,-0.245024721,-0.3580698674,True,-0.0049423385,-0.0691212187,True,True,-0.2400823825
random_hash,3,s1_near_reversal,next_open_1d,-0.16716423,-0.3845792231,False,0.0021354272,-0.0324522999,True,False,-0.1692996572
random_hash,3,s1_near_reversal,next_open_2d,-0.1968113299,-0.2854265335,True,-0.0217007906,-0.051729466,True,True,-0.1751105393
random_hash,3,s1_near_reversal,next_open_3d,-0.2252105147,-0.3736424333,True,-0.0186435174,-0.0437423943,True,True,-0.2065669973
random_hash,3,s1_near_reversal,next_open_5d,-0.0606623356,-0.3279919627,True,-0.0518814018,-0.0843145499,True,True,-0.008780933800000001
random_hash,3,s1_near_reversal,protect_3pct_target6pct_3d,-0.3365417917,-0.4010894921,True,-0.0261237735,-0.0349011499,True,True,-0.3104180182
random_hash,3,s1_touch_immediate,fast_failure_2pct_target4pct_2d,-0.6123784214,-0.635754362,False,-0.0482576024,-0.0694535043,True,True,-0.564120819
random_hash,3,s1_touch_immediate,momentum_trail_4pct_5d,-0.4932352138,-0.5264675722,True,-0.0432383779,-0.0541798455,True,True,-0.4499968359
random_hash,3,s1_touch_immediate,next_open_1d,-0.4703808291,-0.5260989472,False,-0.0835135157,-0.0948047285,True,True,-0.3868673134
random_hash,3,s1_touch_immediate,next_open_2d,-0.1378828601,-0.2776562238,False,-0.0547224008,-0.0738261349,True,True,-0.0831604593
random_hash,3,s1_touch_immediate,next_open_3d,-0.0447074835,-0.2654960284,False,-0.0244368571,-0.0646329447,True,True,-0.0202706264
random_hash,3,s1_touch_immediate,next_open_5d,-0.1696077863,-0.2649495024,False,-0.0406548566,-0.0739921565,True,True,-0.1289529297
random_hash,3,s1_touch_immediate,protect_3pct_target6pct_3d,-0.5572235673,-0.5678316429,True,-0.0566825902,-0.0709446072,True,True,-0.5005409771
random_hash,3,s1_touch_reclaim,fast_failure_2pct_target4pct_2d,-0.2830570896,-0.3303849128,False,-0.0687326909,-0.0782159614,True,True,-0.21432439869999997
random_hash,3,s1_touch_reclaim,momentum_trail_4pct_5d,-0.2050198603,-0.2839823837,True,-0.0511358632,-0.0721744523,True,True,-0.1538839971
random_hash,3,s1_touch_reclaim,next_open_1d,-0.4011996901,-0.4740225572,False,-0.0744217936,-0.0817673522,False,True,-0.3267778965
random_hash,3,s1_touch_reclaim,next_open_2d,-0.4040375619,-0.439089979,False,-0.0574029806,-0.0708302085,True,True,-0.3466345813
random_hash,3,s1_touch_reclaim,next_open_3d,-0.3016238903,-0.3662948977,True,-0.0126040677,-0.0334314607,True,True,-0.2890198226
random_hash,3,s1_touch_reclaim,next_open_5d,-0.0620415252,-0.2865952312,False,-0.0388062567,-0.0669866196,True,True,-0.023235268500000003
random_hash,3,s1_touch_reclaim,protect_3pct_target6pct_3d,-0.2324145402,-0.3430607033,False,-0.0231258888,-0.0368624764,False,True,-0.2092886514
random_hash,3,s2_first_touch_reclaim,fast_failure_2pct_target4pct_2d,-0.299523699,-0.3963919583,False,-0.0800671647,-0.1153246237,True,True,-0.21945653429999998
random_hash,3,s2_first_touch_reclaim,momentum_trail_4pct_5d,-0.3851755851,-0.4028648597,False,-0.0714836935,-0.0757057343,True,True,-0.3136918916
random_hash,3,s2_first_touch_reclaim,next_open_1d,-0.4624011648,-0.5118496885,False,-0.0922269168,-0.1150802981,True,True,-0.370174248
random_hash,3,s2_first_touch_reclaim,next_open_2d,-0.4139193731,-0.4385149707,True,-0.0591704621,-0.085031522,True,True,-0.354748911
random_hash,3,s2_first_touch_reclaim,next_open_3d,-0.4453340026,-0.5126073842,False,-0.0892550535,-0.0927601427,True,True,-0.3560789491
random_hash,3,s2_first_touch_reclaim,next_open_5d,-0.2973424388,-0.3764216206,False,-0.0732515554,-0.0804192825,True,True,-0.2240908834
random_hash,3,s2_first_touch_reclaim,protect_3pct_target6pct_3d,-0.5700173149,-0.5930910252,False,-0.0890934802,-0.1136420005,True,True,-0.48092383469999994
random_hash,3,s2_reclaim_acceleration,fast_failure_2pct_target4pct_2d,-0.5540696251,-0.5606497643,False,-0.0259840723,-0.0620781519,False,True,-0.5280855528
random_hash,3,s2_reclaim_acceleration,momentum_trail_4pct_5d,-0.2621609193,-0.3069739065,False,0.0039959413,-0.0394439462,True,False,-0.2661568606
random_hash,3,s2_reclaim_acceleration,next_open_1d,-0.4862730737,-0.5072773404,False,-0.022041438,-0.0650180581,True,True,-0.4642316357
random_hash,3,s2_reclaim_acceleration,next_open_2d,-0.2283990682,-0.3166682989,True,-0.047556504,-0.0671489269,True,True,-0.1808425642
random_hash,3,s2_reclaim_acceleration,next_open_3d,-0.1050568206,-0.2508650025,False,-0.009688816,-0.0345719213,True,True,-0.0953680046
random_hash,3,s2_reclaim_acceleration,next_open_5d,-0.2035959327,-0.2683744801,True,0.0060926855,-0.0281313762,True,False,-0.2096886182
random_hash,3,s2_reclaim_acceleration,protect_3pct_target6pct_3d,-0.2412919223,-0.3189359581,False,-0.0484228201,-0.0610050849,True,True,-0.19286910219999998
random_hash,3,s2_reclaim_bull_stack,fast_failure_2pct_target4pct_2d,-0.7167521895,-0.728079006,False,-0.0485449037,-0.0659692099,False,True,-0.6682072858
random_hash,3,s2_reclaim_bull_stack,momentum_trail_4pct_5d,-0.5152785329,-0.5469780465,True,-0.0613750828,-0.0763274837,True,True,-0.45390345010000005
random_hash,3,s2_reclaim_bull_stack,next_open_1d,-0.5839796124,-0.6049152261,False,0.0038208767,-0.0617257022,True,False,-0.5878004890999999
random_hash,3,s2_reclaim_bull_stack,next_open_2d,-0.1928100923,-0.3089603868,False,-0.0218231098,-0.0582890085,True,True,-0.17098698250000002
random_hash,3,s2_reclaim_bull_stack,next_open_3d,-0.4980892466,-0.5687781979,False,0.044631773,-0.0246042948,True,False,-0.5427210196
random_hash,3,s2_reclaim_bull_stack,next_open_5d,-0.3075094404,-0.5044322518,False,-0.0413299553,-0.0498685535,True,True,-0.2661794851
random_hash,3,s2_reclaim_bull_stack,protect_3pct_target6pct_3d,-0.7520331924,-0.7604758351,False,-0.0594238922,-0.0713322005,True,True,-0.6926093002
random_hash,3,s2_reclaim_daily_trend,fast_failure_2pct_target4pct_2d,-0.4976504076,-0.5106030614,False,-0.100962423,-0.1157185451,True,True,-0.3966879846
random_hash,3,s2_reclaim_daily_trend,momentum_trail_4pct_5d,-0.3506109184,-0.3715220855,False,-0.0388982643,-0.0696056508,True,True,-0.31171265410000004
random_hash,3,s2_reclaim_daily_trend,next_open_1d,-0.5375196419,-0.5665536602,False,-0.0743730716,-0.1028396963,True,True,-0.4631465703
random_hash,3,s2_reclaim_daily_trend,next_open_2d,-0.4745978938,-0.4957308538,True,-0.0153130755,-0.0513615352,True,True,-0.4592848183
random_hash,3,s2_reclaim_daily_trend,next_open_3d,-0.1027747859,-0.2356242099,True,-0.0009928199,-0.0630288767,True,True,-0.101781966
random_hash,3,s2_reclaim_daily_trend,next_open_5d,0.584865094,-0.2098369277,False,-0.0281558652,-0.0502277119,True,False,0.6130209592
random_hash,3,s2_reclaim_daily_trend,protect_3pct_target6pct_3d,-0.4532919401,-0.4563593805,False,-0.0650372962,-0.0805408745,True,True,-0.38825464390000003
random_hash,3,s2_reclaim_positive_slope,fast_failure_2pct_target4pct_2d,-0.2815447402,-0.3084274062,False,-0.0509155726,-0.0620692831,True,True,-0.23062916759999996
random_hash,3,s2_reclaim_positive_slope,momentum_trail_4pct_5d,-0.1532266609,-0.2714051941,False,-0.0366153457,-0.0446082527,True,True,-0.11661131520000001
random_hash,3,s2_reclaim_positive_slope,next_open_1d,-0.3124662903,-0.3551304229,False,-0.0192342878,-0.0355011462,True,True,-0.29323200250000003
random_hash,3,s2_reclaim_positive_slope,next_open_2d,-0.2934756246,-0.3320048517,False,-0.0309369303,-0.0390524085,True,True,-0.2625386943
random_hash,3,s2_reclaim_positive_slope,next_open_3d,-0.321083361,-0.333037836,True,-0.0052573438,-0.048331051,True,True,-0.31582601720000003
random_hash,3,s2_reclaim_positive_slope,next_open_5d,0.3903795224,-0.2206561822,True,-0.0075256736,-0.0404945791,True,False,0.397905196
random_hash,3,s2_reclaim_positive_slope,protect_3pct_target6pct_3d,-0.397743826,-0.426474028,True,-0.0416861305,-0.0529058818,True,True,-0.3560576955
random_hash,3,s2_reclaim_recent_high,fast_failure_2pct_target4pct_2d,-0.649309286,-0.6665437077,False,-0.1114213032,-0.1574972186,True,True,-0.5378879828
random_hash,3,s2_reclaim_recent_high,momentum_trail_4pct_5d,-0.4844089141,-0.5242229564,False,-0.0288924949,-0.0567653417,True,True,-0.45551641919999997
random_hash,3,s2_reclaim_recent_high,next_open_1d,-0.6926757991,-0.6991723611,False,-0.0945559562,-0.1297549484,True,True,-0.5981198429
random_hash,3,s2_reclaim_recent_high,next_open_2d,-0.34620944,-0.3973998487,False,-0.1243754243,-0.1431129602,True,True,-0.2218340157
random_hash,3,s2_reclaim_recent_high,next_open_3d,-0.4603875426,-0.4944606578,False,-0.0418529374,-0.1024835009,False,True,-0.41853460519999997
random_hash,3,s2_reclaim_recent_high,next_open_5d,-0.4133043439,-0.4363843847,False,0.0087988881,-0.0409013152,True,False,-0.422103232
random_hash,3,s2_reclaim_recent_high,protect_3pct_target6pct_3d,-0.6108328124,-0.6266162472,True,-0.0602242011,-0.0972092541,True,True,-0.5506086112999999
random_hash,3,s4_auction_confirmed_reclaim,fast_failure_2pct_target4pct_2d,-0.4326103204,-0.4750747242,False,0.0013898868,-0.0207503258,True,False,-0.43400020720000004
random_hash,3,s4_auction_confirmed_reclaim,momentum_trail_4pct_5d,-0.4978315263,-0.5123774468,False,-0.0694096343,-0.0773852018,True,True,-0.428421892
random_hash,3,s4_auction_confirmed_reclaim,next_open_1d,-0.3714449315,-0.4462257312,False,-0.0018338294,-0.0249422574,True,True,-0.36961110210000003
random_hash,3,s4_auction_confirmed_reclaim,next_open_2d,-0.1231635783,-0.2765571201,False,0.0169679735,-0.0222131244,True,False,-0.1401315518
random_hash,3,s4_auction_confirmed_reclaim,next_open_3d,-0.1756059691,-0.3028142598,True,-0.0256091384,-0.0445649858,True,True,-0.1499968307
random_hash,3,s4_auction_confirmed_reclaim,next_open_5d,-0.1770111556,-0.2694644238,True,-0.0456723241,-0.0817267016,True,True,-0.1313388315
random_hash,3,s4_auction_confirmed_reclaim,protect_3pct_target6pct_3d,-0.2219740916,-0.3243832099,False,-0.0346244844,-0.0589467688,True,True,-0.1873496072
random_hash,3,s4_reclaim_amount_acceleration,fast_failure_2pct_target4pct_2d,-0.3573141635,-0.4207228542,False,-0.0198780816,-0.0535395396,True,True,-0.3374360819
random_hash,3,s4_reclaim_amount_acceleration,momentum_trail_4pct_5d,0.0606534074,-0.2381974153,True,0.0030890313,-0.0536894025,True,True,0.057564376099999995
random_hash,3,s4_reclaim_amount_acceleration,next_open_1d,-0.5051237814,-0.5424678125,False,-0.0229803785,-0.0661100318,True,True,-0.4821434029
random_hash,3,s4_reclaim_amount_acceleration,next_open_2d,-0.194761871,-0.2834077231,False,-0.0520488305,-0.0931266024,True,True,-0.1427130405
random_hash,3,s4_reclaim_amount_acceleration,next_open_3d,-0.0418415846,-0.2835889987,False,0.0469999806,-0.0460363124,True,False,-0.0888415652
random_hash,3,s4_reclaim_amount_acceleration,next_open_5d,-0.0971940202,-0.2599813268,True,-0.0003401368,-0.0459092198,True,True,-0.0968538834
random_hash,3,s4_reclaim_amount_acceleration,protect_3pct_target6pct_3d,-0.2944656023,-0.4550813414,False,-0.0116713829,-0.0579344889,True,True,-0.2827942194
random_hash,3,s4_reclaim_volume_normal,fast_failure_2pct_target4pct_2d,-0.232380517,-0.3725348589,False,-0.0247122204,-0.0409324406,True,True,-0.20766829660000002
random_hash,3,s4_reclaim_volume_normal,momentum_trail_4pct_5d,-0.3780562375,-0.3967340812,True,-0.0267476904,-0.0454143821,True,True,-0.3513085471
random_hash,3,s4_reclaim_volume_normal,next_open_1d,-0.2636749764,-0.3254343498,False,-0.0384916748,-0.0677049492,True,True,-0.2251833016
random_hash,3,s4_reclaim_volume_normal,next_open_2d,-0.0713980765,-0.2542105009,False,-0.0711411036,-0.0874690104,True,True,-0.0002569728999999993
random_hash,3,s4_reclaim_volume_normal,next_open_3d,-0.140720246,-0.3592663258,False,-0.0253108649,-0.0424443966,True,True,-0.11540938109999999
random_hash,3,s4_reclaim_volume_normal,next_open_5d,-0.2558727259,-0.3470588695,True,-0.0083413486,-0.0547639523,True,True,-0.2475313773
random_hash,3,s4_reclaim_volume_normal,protect_3pct_target6pct_3d,-0.2924727801,-0.3963803261,True,-0.0254373113,-0.044518595,True,True,-0.2670354688
random_hash,3,s4_reclaim_volume_proxy,fast_failure_2pct_target4pct_2d,-0.5053941305,-0.5076727473,False,-0.0237537183,-0.0527243904,True,True,-0.48164041220000003
random_hash,3,s4_reclaim_volume_proxy,momentum_trail_4pct_5d,-0.3164185113,-0.3910742274,True,-0.0007726481,-0.0338429029,True,True,-0.3156458632
random_hash,3,s4_reclaim_volume_proxy,next_open_1d,-0.3774123903,-0.3815516665,False,-0.0489308175,-0.0646581884,True,True,-0.3284815728
random_hash,3,s4_reclaim_volume_proxy,next_open_2d,-0.3889225424,-0.4543880611,False,-0.0338992466,-0.0566309059,True,True,-0.3550232958
random_hash,3,s4_reclaim_volume_proxy,next_open_3d,-0.1905676853,-0.3443912149,False,-0.0397641583,-0.0687295248,True,True,-0.15080352700000002
random_hash,3,s4_reclaim_volume_proxy,next_open_5d,-0.0527200353,-0.2700638048,False,-0.0779591937,-0.1088860684,True,True,0.025239158399999996
random_hash,3,s4_reclaim_volume_proxy,protect_3pct_target6pct_3d,-0.2704756998,-0.2899159789,False,-0.0257061587,-0.0480245468,True,True,-0.24476954110000002
random_hash,3,s4_reclaim_vwap_support,fast_failure_2pct_target4pct_2d,-0.6988700274,-0.7166174629,False,-0.0317665904,-0.0610629368,True,True,-0.6671034370000001
random_hash,3,s4_reclaim_vwap_support,momentum_trail_4pct_5d,-0.2608878006,-0.3654927524,True,0.0293712539,-0.0258680927,True,False,-0.2902590545
random_hash,3,s4_reclaim_vwap_support,next_open_1d,-0.6551193928,-0.6754707039,False,-0.0300544381,-0.0753458837,True,True,-0.6250649547
random_hash,3,s4_reclaim_vwap_support,next_open_2d,-0.5315281492,-0.5623859357,True,-0.0269838259,-0.0725330781,True,True,-0.5045443233
random_hash,3,s4_reclaim_vwap_support,next_open_3d,-0.317626777,-0.426017123,False,0.0405897978,-0.0250648817,True,False,-0.3582165748
random_hash,3,s4_reclaim_vwap_support,next_open_5d,-0.0914952474,-0.266687346,False,-0.0032608276,-0.0605722517,True,True,-0.08823441979999999
random_hash,3,s4_reclaim_vwap_support,protect_3pct_target6pct_3d,-0.5777560269,-0.6170007652,True,0.0188260368,-0.0359902681,True,False,-0.5965820637000001
random_hash,4,cs_r3_leader_confirmation,fast_failure_2pct_target4pct_2d,-0.5186476269,-0.5547384603,True,-0.0264518483,-0.0413947422,True,True,-0.49219577859999997
random_hash,4,cs_r3_leader_confirmation,momentum_trail_4pct_5d,-0.3389331628,-0.3778950684,True,-0.0447245661,-0.0562143827,True,True,-0.2942085967
random_hash,4,cs_r3_leader_confirmation,next_open_1d,-0.483617803,-0.5185418847,True,-0.0261741258,-0.0776136441,True,True,-0.4574436772
random_hash,4,cs_r3_leader_confirmation,next_open_2d,0.0329492746,-0.2670093549,False,0.0277660292,-0.0507325688,True,True,0.005183245400000001
random_hash,4,cs_r3_leader_confirmation,next_open_3d,-0.1820149875,-0.2808060256,False,-0.0173318857,-0.053953231,True,True,-0.1646831018
random_hash,4,cs_r3_leader_confirmation,next_open_5d,0.3219392354,-0.2322150438,False,-0.0376417806,-0.0544761225,True,False,0.35958101600000003
random_hash,4,cs_r3_leader_confirmation,protect_3pct_target6pct_3d,-0.4369073051,-0.4726274689,True,-0.0302172913,-0.0531577799,True,True,-0.40669001379999997
random_hash,4,fu_r3_core_pullback,fast_failure_2pct_target4pct_2d,0.4064967105,-0.1157686216,False,-0.0054271255,-0.0501157523,True,False,0.41192383600000004
random_hash,4,fu_r3_core_pullback,momentum_trail_4pct_5d,0.3926328349,-0.1431718081,False,-0.0086452667,-0.0603259903,True,False,0.4012781016
random_hash,4,fu_r3_core_pullback,next_open_1d,0.1160964437,-0.1239913643,False,-0.03854133,-0.0625328066,True,False,0.15463777369999998
random_hash,4,fu_r3_core_pullback,next_open_2d,0.060414841,-0.2439081031,False,-0.0140528167,-0.0587796817,True,False,0.0744676577
random_hash,4,fu_r3_core_pullback,next_open_3d,0.3197424474,-0.1794837116,False,-0.0301598682,-0.0678612628,True,False,0.3499023156
random_hash,4,fu_r3_core_pullback,next_open_5d,-0.1801496531,-0.2890367655,False,-0.0354850856,-0.0849321614,True,True,-0.1446645675
random_hash,4,fu_r3_core_pullback,protect_3pct_target6pct_3d,0.3512620705,-0.2040158487,False,-0.0282531293,-0.0587053145,True,False,0.37951519980000004
random_hash,4,ht_r3_core_pullback,fast_failure_2pct_target4pct_2d,-0.5851502173,-0.6216669937,False,-0.0428337987,-0.0694184867,True,True,-0.5423164186
random_hash,4,ht_r3_core_pullback,momentum_trail_4pct_5d,-0.6008634588,-0.6427710577,True,-0.0145898776,-0.0483235123,True,True,-0.5862735812000001
random_hash,4,ht_r3_core_pullback,next_open_1d,-0.5788847646,-0.6136907857,False,-0.0802773972,-0.0887818041,True,True,-0.49860736740000006
random_hash,4,ht_r3_core_pullback,next_open_2d,-0.4636888547,-0.4924616153,False,-0.0393226215,-0.0573390881,True,True,-0.4243662332
random_hash,4,ht_r3_core_pullback,next_open_3d,-0.1906207005,-0.3087359902,True,-0.0208831633,-0.0429282023,True,True,-0.16973753719999998
random_hash,4,ht_r3_core_pullback,next_open_5d,-0.4581756004,-0.5065457257,False,0.0008022706,-0.0337648454,True,False,-0.458977871
random_hash,4,ht_r3_core_pullback,protect_3pct_target6pct_3d,-0.6058038308,-0.6344311478,False,-0.0085896351,-0.0446075029,True,True,-0.5972141957
random_hash,4,ng_r1_auction_reclaim,fast_failure_2pct_target4pct_2d,-0.1222930785,-0.2280314171,False,0.0212552324,-0.0258826355,True,False,-0.1435483109
random_hash,4,ng_r1_auction_reclaim,momentum_trail_4pct_5d,-0.0259114922,-0.2316163069,True,0.0216776677,-0.033614428,True,False,-0.0475891599
random_hash,4,ng_r1_auction_reclaim,next_open_1d,-0.157885047,-0.2733740853,False,0.0387927137,-0.0245974726,True,False,-0.1966777607
random_hash,4,ng_r1_auction_reclaim,next_open_2d,-0.0693753914,-0.209074439,False,0.0390173923,-0.0176912685,True,False,-0.1083927837
random_hash,4,ng_r1_auction_reclaim,next_open_3d,0.1567122757,-0.1631279779,True,0.0178631326,-0.0173560079,True,True,0.1388491431
random_hash,4,ng_r1_auction_reclaim,next_open_5d,0.0446301851,-0.2972059633,False,0.011145622,-0.037929996,True,True,0.033484563099999996
random_hash,4,ng_r1_auction_reclaim,protect_3pct_target6pct_3d,0.0660018246,-0.0995745632,True,0.0178231682,-0.0240684612,True,True,0.04817865639999999
random_hash,4,ng_r3_volume_quality,fast_failure_2pct_target4pct_2d,-0.334910917,-0.3734607755,False,-0.0001813098,-0.0302695244,True,True,-0.3347296072
random_hash,4,ng_r3_volume_quality,momentum_trail_4pct_5d,-0.2284916369,-0.2578605858,True,-0.0198507182,-0.0382385341,True,True,-0.20864091869999998
random_hash,4,ng_r3_volume_quality,next_open_1d,-0.5499714006,-0.5685841856,False,-0.0078270842,-0.0352253951,False,True,-0.5421443164
random_hash,4,ng_r3_volume_quality,next_open_2d,-0.2579954323,-0.2885774049,False,0.0074762754,-0.0366633856,True,False,-0.2654717077
random_hash,4,ng_r3_volume_quality,next_open_3d,-0.1130130475,-0.2798107551,False,-0.0150955857,-0.0451759756,True,True,-0.09791746180000001
random_hash,4,ng_r3_volume_quality,next_open_5d,-0.1124039335,-0.283890364,True,-0.0459836299,-0.0662705446,True,True,-0.0664203036
random_hash,4,ng_r3_volume_quality,protect_3pct_target6pct_3d,-0.3612523223,-0.3974178159,True,-0.0325804315,-0.0567106952,True,True,-0.3286718908
random_hash,4,s0_distance_only,fast_failure_2pct_target4pct_2d,-0.452903033,-0.4607204486,False,0.0026272371,-0.0422915681,True,False,-0.4555302701
random_hash,4,s0_distance_only,momentum_trail_4pct_5d,-0.2600136551,-0.3626400709,True,-0.0460918195,-0.064580248,True,True,-0.21392183560000003
random_hash,4,s0_distance_only,next_open_1d,-0.5652635932,-0.5682740744,False,-0.0533503888,-0.0692079634,True,True,-0.5119132044
random_hash,4,s0_distance_only,next_open_2d,-0.2691388171,-0.2759640777,False,-0.0389284773,-0.0657610343,True,True,-0.2302103398
random_hash,4,s0_distance_only,next_open_3d,-0.161798956,-0.2479563508,True,-0.0026757175,-0.0374955934,True,True,-0.15912323849999999
random_hash,4,s0_distance_only,next_open_5d,0.3425912571,-0.2279173236,False,-0.0463738179,-0.0741826709,True,False,0.388965075
random_hash,4,s0_distance_only,protect_3pct_target6pct_3d,-0.3918404565,-0.4200734566,True,0.0136954643,-0.032975386,True,False,-0.4055359208
random_hash,4,s0_strong_no_ma,fast_failure_2pct_target4pct_2d,-0.4031583162,-0.4183198615,False,0.0091249663,-0.0657577068,True,False,-0.41228328249999996
random_hash,4,s0_strong_no_ma,momentum_trail_4pct_5d,-0.4409544508,-0.4540121309,True,-0.0255674812,-0.0806331997,True,True,-0.4153869696
random_hash,4,s0_strong_no_ma,next_open_1d,-0.573934976,-0.6098527664,False,-0.0258348366,-0.047783979,False,True,-0.5481001394
random_hash,4,s0_strong_no_ma,next_open_2d,-0.5067226661,-0.6042569953,False,-0.0224457047,-0.06725534,True,True,-0.48427696140000004
random_hash,4,s0_strong_no_ma,next_open_3d,-0.3044896701,-0.3953756288,False,-0.0498035477,-0.0836550307,True,True,-0.2546861224
random_hash,4,s0_strong_no_ma,next_open_5d,-0.2914943769,-0.3465380754,True,-0.0570628768,-0.0955200451,True,True,-0.23443150010000002
random_hash,4,s0_strong_no_ma,protect_3pct_target6pct_3d,-0.5084352697,-0.5425990493,False,-0.0109274703,-0.0596527823,True,True,-0.49750779939999995
random_hash,4,s1_break_reclaim_stable3,fast_failure_2pct_target4pct_2d,-0.407163049,-0.4506550921,False,-0.0292073179,-0.0569185541,True,True,-0.3779557311
random_hash,4,s1_break_reclaim_stable3,momentum_trail_4pct_5d,-0.2845235304,-0.3648284936,True,-0.035273594,-0.0730355849,True,True,-0.2492499364
random_hash,4,s1_break_reclaim_stable3,next_open_1d,-0.2518555942,-0.353103945,False,-0.0287165154,-0.0616324902,True,True,-0.22313907879999997
random_hash,4,s1_break_reclaim_stable3,next_open_2d,0.1960834178,-0.2648777256,False,0.004417181,-0.0606670645,True,True,0.1916662368
random_hash,4,s1_break_reclaim_stable3,next_open_3d,0.1151997457,-0.2624241016,False,-0.0051172259,-0.0507574444,True,False,0.12031697159999999
random_hash,4,s1_break_reclaim_stable3,next_open_5d,0.1222786397,-0.1848135515,False,-0.0319332665,-0.0804057718,True,False,0.1542119062
random_hash,4,s1_break_reclaim_stable3,protect_3pct_target6pct_3d,-0.4093285272,-0.4729411073,False,-0.0039486111,-0.045977307,True,True,-0.4053799161
random_hash,4,s1_near_reversal,fast_failure_2pct_target4pct_2d,-0.5023134888,-0.538023634,False,-0.0546426883,-0.0639742128,True,True,-0.4476708005
random_hash,4,s1_near_reversal,momentum_trail_4pct_5d,0.2761027319,-0.1880591705,False,-0.0141634152,-0.0352144786,True,False,0.2902661471
random_hash,4,s1_near_reversal,next_open_1d,-0.4608816207,-0.5024730593,False,-0.0534012907,-0.0580442112,True,True,-0.40748033
random_hash,4,s1_near_reversal,next_open_2d,-0.2353057997,-0.306846028,False,-0.003287864,-0.0418357426,True,True,-0.2320179357
random_hash,4,s1_near_reversal,next_open_3d,-0.1342887165,-0.233557767,True,-0.0150491973,-0.0532051043,True,True,-0.11923951919999999
random_hash,4,s1_near_reversal,next_open_5d,-0.0615887036,-0.2659728186,True,-0.0330766088,-0.0456179958,True,True,-0.028512094800000005
random_hash,4,s1_near_reversal,protect_3pct_target6pct_3d,-0.5266794693,-0.5430147978,True,0.0151766712,-0.0241572579,True,False,-0.5418561405
random_hash,4,s1_touch_immediate,fast_failure_2pct_target4pct_2d,-0.4675618399,-0.4734928325,False,-0.0254619039,-0.0544850406,True,True,-0.44209993599999997
random_hash,4,s1_touch_immediate,momentum_trail_4pct_5d,-0.3249758483,-0.3902969564,False,-0.0191082703,-0.0469199349,True,True,-0.305867578
random_hash,4,s1_touch_immediate,next_open_1d,-0.3912688493,-0.401156375,False,-0.0042264169,-0.0350918546,True,True,-0.3870424324
random_hash,4,s1_touch_immediate,next_open_2d,0.2009450076,-0.1987155369,False,0.0088378509,-0.0574274557,True,True,0.1921071567
random_hash,4,s1_touch_immediate,next_open_3d,-0.1509295145,-0.2642495524,True,0.0143221949,-0.0537590209,True,False,-0.1652517094
random_hash,4,s1_touch_immediate,next_open_5d,-0.1742080037,-0.2613784041,False,-0.0657645034,-0.0786254576,True,True,-0.10844350030000001
random_hash,4,s1_touch_immediate,protect_3pct_target6pct_3d,-0.3607953482,-0.3922071782,False,-0.0361878983,-0.0586530188,True,True,-0.32460744989999996
random_hash,4,s1_touch_reclaim,fast_failure_2pct_target4pct_2d,-0.2575994509,-0.2929024702,False,-0.0285190162,-0.0602555122,True,True,-0.22908043470000003
random_hash,4,s1_touch_reclaim,momentum_trail_4pct_5d,-0.4680607388,-0.4777745974,True,-0.0162104518,-0.0396486737,True,True,-0.45185028699999996
random_hash,4,s1_touch_reclaim,next_open_1d,-0.4245140552,-0.4450383165,False,-0.0317635561,-0.0546644183,True,True,-0.39275049910000004
random_hash,4,s1_touch_reclaim,next_open_2d,-0.146878715,-0.2278183277,True,-0.0752068957,-0.090194796,True,True,-0.0716718193
random_hash,4,s1_touch_reclaim,next_open_3d,0.3765526013,-0.160644834,True,-0.0546739474,-0.0700609622,True,False,0.4312265487
random_hash,4,s1_touch_reclaim,next_open_5d,-0.1304022413,-0.2502435853,True,-0.064042482,-0.0859715098,True,True,-0.0663597593
random_hash,4,s1_touch_reclaim,protect_3pct_target6pct_3d,-0.3857918336,-0.4198761436,False,-0.0579734893,-0.0813801957,True,True,-0.3278183443
random_hash,4,s2_first_touch_reclaim,fast_failure_2pct_target4pct_2d,-0.3432248786,-0.4229046562,False,-0.0191504847,-0.0393882202,True,True,-0.3240743939
random_hash,4,s2_first_touch_reclaim,momentum_trail_4pct_5d,-0.3778463803,-0.4257828548,True,0.000248268,-0.0611646536,True,False,-0.3780946483
random_hash,4,s2_first_touch_reclaim,next_open_1d,-0.2993631989,-0.4432841579,False,-0.0052804951,-0.0507612154,True,True,-0.2940827038
random_hash,4,s2_first_touch_reclaim,next_open_2d,0.0749431406,-0.2964276528,False,-0.0785400372,-0.0944745824,True,False,0.15348317779999998
random_hash,4,s2_first_touch_reclaim,next_open_3d,-0.0771049109,-0.2265987372,False,-0.076394618,-0.0784688623,True,True,-0.0007102929000000063
random_hash,4,s2_first_touch_reclaim,next_open_5d,0.0349247316,-0.3321846992,False,-0.0497912967,-0.0588889261,True,False,0.0847160283
random_hash,4,s2_first_touch_reclaim,protect_3pct_target6pct_3d,-0.2740672587,-0.3396421821,False,-0.0540175306,-0.0671774988,True,True,-0.22004972809999998
random_hash,4,s2_reclaim_acceleration,fast_failure_2pct_target4pct_2d,0.0932254437,-0.4010213731,False,-0.0054357848,-0.0489791643,True,False,0.09866122849999999
random_hash,4,s2_reclaim_acceleration,momentum_trail_4pct_5d,-0.4306283965,-0.4819192972,True,0.0517448617,-0.0206512111,True,False,-0.4823732582
random_hash,4,s2_reclaim_acceleration,next_open_1d,-0.502765198,-0.5350486954,False,-0.0661425814,-0.0777891699,True,True,-0.43662261659999996
random_hash,4,s2_reclaim_acceleration,next_open_2d,-0.2753889803,-0.3604206724,False,-0.0307104777,-0.059498006,True,True,-0.2446785026
random_hash,4,s2_reclaim_acceleration,next_open_3d,-0.015897733,-0.2203145426,True,0.0332266318,-0.0284960853,True,False,-0.0491243648
random_hash,4,s2_reclaim_acceleration,next_open_5d,-0.2813626921,-0.2913557852,True,-0.0218346207,-0.0451087249,True,True,-0.2595280714
random_hash,4,s2_reclaim_acceleration,protect_3pct_target6pct_3d,-0.2662762491,-0.3316056781,False,0.0160653007,-0.0296932492,True,False,-0.2823415498
random_hash,4,s2_reclaim_bull_stack,fast_failure_2pct_target4pct_2d,-0.6652538187,-0.6778582275,False,-0.052291125,-0.0651594493,False,True,-0.6129626937
random_hash,4,s2_reclaim_bull_stack,momentum_trail_4pct_5d,-0.5551388212,-0.5932557959,True,-0.0604943954,-0.0754608257,True,True,-0.4946444258
random_hash,4,s2_reclaim_bull_stack,next_open_1d,-0.5892814162,-0.6160100548,False,-0.0044293429,-0.0471129876,True,True,-0.5848520733
random_hash,4,s2_reclaim_bull_stack,next_open_2d,-0.1486157741,-0.2575568907,False,-0.0306990358,-0.0557251703,True,True,-0.11791673829999999
random_hash,4,s2_reclaim_bull_stack,next_open_3d,-0.4633104685,-0.5093753172,False,0.0211157902,-0.0246042948,True,False,-0.4844262587
random_hash,4,s2_reclaim_bull_stack,next_open_5d,-0.483424963,-0.5174509576,False,-0.0302769568,-0.0389140009,True,True,-0.4531480062
random_hash,4,s2_reclaim_bull_stack,protect_3pct_target6pct_3d,-0.6399310075,-0.6701828152,False,-0.0039644472,-0.0363975743,True,True,-0.6359665603
random_hash,4,s2_reclaim_daily_trend,fast_failure_2pct_target4pct_2d,-0.3841887274,-0.4829384262,False,-0.0535707614,-0.0830222388,True,True,-0.330617966
random_hash,4,s2_reclaim_daily_trend,momentum_trail_4pct_5d,-0.337592261,-0.4188474457,False,-0.0219724763,-0.0643894687,True,True,-0.3156197847
random_hash,4,s2_reclaim_daily_trend,next_open_1d,-0.2974588806,-0.4280375383,False,-0.0528961144,-0.054873695,True,True,-0.24456276619999998
random_hash,4,s2_reclaim_daily_trend,next_open_2d,-0.5291695532,-0.54582812,False,0.0282655561,-0.0297168498,True,False,-0.5574351093000001
random_hash,4,s2_reclaim_daily_trend,next_open_3d,-0.3936113989,-0.5302508295,False,-0.0415658056,-0.0525099041,True,True,-0.3520455933
random_hash,4,s2_reclaim_daily_trend,next_open_5d,-0.5948872173,-0.619179628,True,-0.0224790758,-0.0627133915,True,True,-0.5724081415000001
random_hash,4,s2_reclaim_daily_trend,protect_3pct_target6pct_3d,-0.2964389265,-0.3856328879,False,-0.0749265962,-0.0839255285,True,True,-0.22151233029999998
random_hash,4,s2_reclaim_positive_slope,fast_failure_2pct_target4pct_2d,-0.6150925562,-0.6325388735,True,-0.0561400574,-0.0645177954,True,True,-0.5589524988000001
random_hash,4,s2_reclaim_positive_slope,momentum_trail_4pct_5d,-0.1437661418,-0.3377952259,False,-0.0795927527,-0.0865398207,True,True,-0.06417338909999999
random_hash,4,s2_reclaim_positive_slope,next_open_1d,-0.4633502986,-0.4779072383,True,-0.0450285572,-0.0753549267,True,True,-0.4183217414
random_hash,4,s2_reclaim_positive_slope,next_open_2d,-0.2000052613,-0.3204871481,False,-0.0552422677,-0.0728499347,True,True,-0.1447629936
random_hash,4,s2_reclaim_positive_slope,next_open_3d,-0.1651377538,-0.3496044315,True,-0.0653414749,-0.072396109,True,True,-0.09979627890000001
random_hash,4,s2_reclaim_positive_slope,next_open_5d,0.0316333923,-0.247897647,True,-0.0552300375,-0.0698048325,True,False,0.0868634298
random_hash,4,s2_reclaim_positive_slope,protect_3pct_target6pct_3d,-0.4261034346,-0.4889759966,False,-0.0560709123,-0.065642164,True,True,-0.3700325223
random_hash,4,s2_reclaim_recent_high,fast_failure_2pct_target4pct_2d,-0.6551687926,-0.6708555096,False,-0.0982305774,-0.1144105741,True,True,-0.5569382152000001
random_hash,4,s2_reclaim_recent_high,momentum_trail_4pct_5d,-0.3086166669,-0.3462348519,True,-0.0641493254,-0.0859064933,True,True,-0.2444673415
random_hash,4,s2_reclaim_recent_high,next_open_1d,-0.5064882856,-0.550815848,False,-0.1178042426,-0.1207500138,True,True,-0.38868404300000003
random_hash,4,s2_reclaim_recent_high,next_open_2d,-0.6012662521,-0.6455251792,False,-0.0933115514,-0.1028134024,True,True,-0.5079547006999999
random_hash,4,s2_reclaim_recent_high,next_open_3d,-0.1744365316,-0.3506145523,False,-0.0963116008,-0.0972127452,True,True,-0.0781249308
random_hash,4,s2_reclaim_recent_high,next_open_5d,-0.5082771472,-0.5735467725,False,-0.0984624043,-0.0933099109,True,True,-0.4098147429
random_hash,4,s2_reclaim_recent_high,protect_3pct_target6pct_3d,-0.5862440119,-0.6166913349,True,-0.0820964917,-0.0872580635,True,True,-0.5041475202
random_hash,4,s4_auction_confirmed_reclaim,fast_failure_2pct_target4pct_2d,-0.4243724873,-0.4605580768,False,-0.0144657281,-0.0324476493,True,True,-0.40990675919999997
random_hash,4,s4_auction_confirmed_reclaim,momentum_trail_4pct_5d,-0.0898237141,-0.2790191883,False,-0.045811056,-0.0547647452,True,True,-0.04401265809999999
random_hash,4,s4_auction_confirmed_reclaim,next_open_1d,-0.4929272375,-0.5071370469,False,-0.0693822818,-0.0844945065,True,True,-0.4235449557
random_hash,4,s4_auction_confirmed_reclaim,next_open_2d,-0.2160624851,-0.3475052239,False,-0.0616221077,-0.070321251,True,True,-0.1544403774
random_hash,4,s4_auction_confirmed_reclaim,next_open_3d,0.0483909993,-0.2346094013,False,-0.0437632258,-0.0601772877,False,False,0.0921542251
random_hash,4,s4_auction_confirmed_reclaim,next_open_5d,-0.2601075014,-0.3974790304,False,-0.0632799575,-0.0738792511,True,True,-0.1968275439
random_hash,4,s4_auction_confirmed_reclaim,protect_3pct_target6pct_3d,-0.1853549326,-0.2731449275,False,-0.0550701607,-0.0646999271,True,True,-0.13028477189999998
random_hash,4,s4_reclaim_amount_acceleration,fast_failure_2pct_target4pct_2d,-0.0395463369,-0.2317473492,False,-0.0464843143,-0.0592480743,True,True,0.006937977400000003
random_hash,4,s4_reclaim_amount_acceleration,momentum_trail_4pct_5d,0.002723272,-0.2153701044,True,-0.0130962591,-0.0454107235,True,False,0.0158195311
random_hash,4,s4_reclaim_amount_acceleration,next_open_1d,-0.1730043702,-0.2619462472,False,-0.1005582312,-0.0967245643,True,True,-0.072446139
random_hash,4,s4_reclaim_amount_acceleration,next_open_2d,0.1310951388,-0.2304693263,False,-0.0470559801,-0.0557485851,True,False,0.17815111890000002
random_hash,4,s4_reclaim_amount_acceleration,next_open_3d,-0.1037207949,-0.1922532502,False,-0.0276583236,-0.0497173882,True,True,-0.07606247129999999
random_hash,4,s4_reclaim_amount_acceleration,next_open_5d,0.2409520267,-0.2173394152,False,-0.0191808382,-0.0545624764,True,False,0.2601328649
random_hash,4,s4_reclaim_amount_acceleration,protect_3pct_target6pct_3d,-0.2327701914,-0.2851907758,False,-0.0686986878,-0.0730864563,True,True,-0.1640715036
random_hash,4,s4_reclaim_volume_normal,fast_failure_2pct_target4pct_2d,-0.6645203533,-0.6649169047,True,-0.0240081032,-0.050220919,True,True,-0.6405122501
random_hash,4,s4_reclaim_volume_normal,momentum_trail_4pct_5d,-0.3393949895,-0.348213278,False,-0.0388043864,-0.0732710406,True,True,-0.3005906031
random_hash,4,s4_reclaim_volume_normal,next_open_1d,-0.7287057927,-0.7290455285,False,-0.0474995822,-0.0665741856,True,True,-0.6812062105000001
random_hash,4,s4_reclaim_volume_normal,next_open_2d,-0.4052123377,-0.4529763628,False,-0.0367472556,-0.0499479372,True,True,-0.36846508209999995
random_hash,4,s4_reclaim_volume_normal,next_open_3d,-0.5083433789,-0.5359568773,False,-0.0275034884,-0.0395719921,True,True,-0.48083989050000003
random_hash,4,s4_reclaim_volume_normal,next_open_5d,-0.3905090099,-0.4073787927,False,-0.0206351289,-0.0576650149,True,True,-0.36987388099999996
random_hash,4,s4_reclaim_volume_normal,protect_3pct_target6pct_3d,-0.5209280336,-0.5428761843,True,0.0461649168,-0.030169136,True,False,-0.5670929504
random_hash,4,s4_reclaim_volume_proxy,fast_failure_2pct_target4pct_2d,-0.5615205125,-0.5701164942,False,-0.014701798,-0.0603278996,True,True,-0.5468187145
random_hash,4,s4_reclaim_volume_proxy,momentum_trail_4pct_5d,-0.37002323,-0.4921556983,False,0.0023594899,-0.0360974804,True,False,-0.3723827199
random_hash,4,s4_reclaim_volume_proxy,next_open_1d,-0.4018450768,-0.4291524552,False,-0.0631813143,-0.0835160342,True,True,-0.33866376249999997
random_hash,4,s4_reclaim_volume_proxy,next_open_2d,0.1186170883,-0.2678327584,False,-0.0059425177,-0.0514088705,True,False,0.124559606
random_hash,4,s4_reclaim_volume_proxy,next_open_3d,-0.2000817461,-0.3554331635,False,0.0022953263,-0.0438600886,True,False,-0.20237707240000002
random_hash,4,s4_reclaim_volume_proxy,next_open_5d,0.0874009797,-0.2422303054,False,0.0172991506,-0.0547797182,True,True,0.07010182910000001
random_hash,4,s4_reclaim_volume_proxy,protect_3pct_target6pct_3d,-0.4080234867,-0.4645881415,False,0.0198784471,-0.051054413,True,False,-0.42790193379999997
random_hash,4,s4_reclaim_vwap_support,fast_failure_2pct_target4pct_2d,-0.3323364636,-0.3982157453,False,-0.04530178,-0.0632362147,False,True,-0.2870346836
random_hash,4,s4_reclaim_vwap_support,momentum_trail_4pct_5d,-0.2948038779,-0.3846256475,False,0.0254845728,-0.0225752214,True,False,-0.3202884507
random_hash,4,s4_reclaim_vwap_support,next_open_1d,-0.3182841487,-0.4238024677,False,-0.0505347786,-0.0649250804,True,True,-0.2677493701
random_hash,4,s4_reclaim_vwap_support,next_open_2d,-0.3746194294,-0.3825386258,False,-0.0052414317,-0.0447338895,True,True,-0.36937799769999996
random_hash,4,s4_reclaim_vwap_support,next_open_3d,-0.2516003568,-0.4034966363,True,0.0088475267,-0.0241851511,True,False,-0.2604478835
random_hash,4,s4_reclaim_vwap_support,next_open_5d,-0.2329901446,-0.3202763061,True,0.0007764846,-0.0402827692,True,False,-0.2337666292
random_hash,4,s4_reclaim_vwap_support,protect_3pct_target6pct_3d,-0.4515417408,-0.4698829751,True,-0.0195480941,-0.0382866281,True,True,-0.43199364669999996
sector_leader,0,cs_r3_leader_confirmation,fast_failure_2pct_target4pct_2d,-0.5470285904,-0.5590728653,False,-0.0503963594,-0.0820243459,True,True,-0.496632231
sector_leader,0,cs_r3_leader_confirmation,momentum_trail_4pct_5d,-0.4604474534,-0.5013958462,False,-0.0999103875,-0.1159363775,True,True,-0.3605370659
sector_leader,0,cs_r3_leader_confirmation,next_open_1d,-0.5726597874,-0.5859222574,False,0.032239476,-0.0584468479,True,False,-0.6048992634
sector_leader,0,cs_r3_leader_confirmation,next_open_2d,-0.0955158393,-0.2322278025,False,0.0086853041,-0.0590032482,True,False,-0.1042011434
sector_leader,0,cs_r3_leader_confirmation,next_open_3d,-0.1684054879,-0.2846398887,False,-0.005286982,-0.0910209873,True,True,-0.16311850590000002
sector_leader,0,cs_r3_leader_confirmation,next_open_5d,-0.0119428848,-0.2650821495,False,-0.0451772311,-0.0801835606,True,True,0.0332343463
sector_leader,0,cs_r3_leader_confirmation,protect_3pct_target6pct_3d,-0.3811761008,-0.4078515209,False,-0.0802441653,-0.1274761991,True,True,-0.30093193549999997
sector_leader,0,fu_r3_core_pullback,fast_failure_2pct_target4pct_2d,-0.0726341242,-0.2274904847,False,0.0393069874,-0.0427160805,True,False,-0.1119411116
sector_leader,0,fu_r3_core_pullback,momentum_trail_4pct_5d,0.0859274498,-0.2776032453,False,-0.0103624535,-0.0632488917,True,False,0.09628990330000001
sector_leader,0,fu_r3_core_pullback,next_open_1d,-0.2262366171,-0.3237874787,False,0.0212298996,-0.050894022,True,False,-0.2474665167
sector_leader,0,fu_r3_core_pullback,next_open_2d,-0.2142292162,-0.3531355005,False,-0.0882183564,-0.1033887467,True,True,-0.12601085979999999
sector_leader,0,fu_r3_core_pullback,next_open_3d,0.3899542759,-0.2081148458,False,-0.1392660365,-0.1529166798,True,False,0.5292203124
sector_leader,0,fu_r3_core_pullback,next_open_5d,0.1397532544,-0.2698743643,True,-0.0835851002,-0.1179885689,True,False,0.2233383546
sector_leader,0,fu_r3_core_pullback,protect_3pct_target6pct_3d,0.2002119724,-0.2862807616,False,0.0016432969,-0.0617642549,True,True,0.19856867549999999
sector_leader,0,ht_r3_core_pullback,fast_failure_2pct_target4pct_2d,-0.5789901841,-0.6182590424,False,-0.0639440573,-0.1327458633,True,True,-0.5150461268000001
sector_leader,0,ht_r3_core_pullback,momentum_trail_4pct_5d,-0.4513508546,-0.5259082644,False,-0.0811954425,-0.1044467931,True,True,-0.3701554121
sector_leader,0,ht_r3_core_pullback,next_open_1d,-0.4221197619,-0.497189238,False,-0.082393967,-0.1575843545,True,True,-0.3397257949
sector_leader,0,ht_r3_core_pullback,next_open_2d,-0.2383289511,-0.416357345,False,-0.0482128426,-0.0954088902,True,True,-0.1901161085
sector_leader,0,ht_r3_core_pullback,next_open_3d,-0.388011931,-0.4379908837,False,-0.0674984856,-0.1199334807,True,True,-0.3205134454
sector_leader,0,ht_r3_core_pullback,next_open_5d,0.02170607,-0.3787484592,False,-0.0088156606,-0.1043308033,True,False,0.0305217306
sector_leader,0,ht_r3_core_pullback,protect_3pct_target6pct_3d,-0.5618830181,-0.6071859201,False,-0.0494541508,-0.1018651696,True,True,-0.5124288672999999
sector_leader,0,ng_r1_auction_reclaim,fast_failure_2pct_target4pct_2d,-0.1260333532,-0.2802581129,False,0.048981217,-0.0257682788,True,False,-0.1750145702
sector_leader,0,ng_r1_auction_reclaim,momentum_trail_4pct_5d,0.1212264881,-0.2544173287,False,-0.0998250932,-0.1349046658,True,False,0.22105158130000002
sector_leader,0,ng_r1_auction_reclaim,next_open_1d,-0.0545817783,-0.2899655874,False,0.0269319322,-0.0252976245,True,False,-0.0815137105
sector_leader,0,ng_r1_auction_reclaim,next_open_2d,-0.1429228107,-0.299760325,False,-0.0367653034,-0.0717284836,True,True,-0.10615750730000001
sector_leader,0,ng_r1_auction_reclaim,next_open_3d,-0.2000746488,-0.3991221842,False,-0.068266986,-0.1020867285,True,True,-0.1318076628
sector_leader,0,ng_r1_auction_reclaim,next_open_5d,0.4606696975,-0.2240816143,False,-0.0419543678,-0.0969888037,True,False,0.5026240653
sector_leader,0,ng_r1_auction_reclaim,protect_3pct_target6pct_3d,0.0408863578,-0.2498333267,False,0.0146195768,-0.0364605501,True,True,0.026266781000000003
sector_leader,0,ng_r3_volume_quality,fast_failure_2pct_target4pct_2d,-0.4874236,-0.5011876475,False,-0.0406265911,-0.0810271742,True,True,-0.4467970089
sector_leader,0,ng_r3_volume_quality,momentum_trail_4pct_5d,-0.4895362337,-0.5406041259,False,-0.1225994393,-0.1503034332,True,True,-0.3669367944
sector_leader,0,ng_r3_volume_quality,next_open_1d,-0.446025847,-0.4797841445,False,-0.0603969593,-0.1158753534,True,True,-0.3856288877
sector_leader,0,ng_r3_volume_quality,next_open_2d,0.0169288256,-0.3393323329,False,0.0326361408,-0.0538803909,True,True,-0.0157073152
sector_leader,0,ng_r3_volume_quality,next_open_3d,-0.2207219093,-0.4496743861,False,-0.0062693597,-0.0646671569,True,True,-0.2144525496
sector_leader,0,ng_r3_volume_quality,next_open_5d,-0.1539859986,-0.3381144926,False,-0.0131385006,-0.1029909663,True,True,-0.14084749800000002
sector_leader,0,ng_r3_volume_quality,protect_3pct_target6pct_3d,-0.6044361628,-0.6307221503,False,-0.0556540699,-0.1038227671,True,True,-0.5487820929
sector_leader,0,s0_distance_only,fast_failure_2pct_target4pct_2d,-0.5864905244,-0.6081356484,False,-0.0961078979,-0.0630811575,True,True,-0.49038262650000003
sector_leader,0,s0_distance_only,momentum_trail_4pct_5d,-0.4854309969,-0.5104647583,False,-0.1443530667,-0.128408485,True,True,-0.3410779302
sector_leader,0,s0_distance_only,next_open_1d,-0.5588599332,-0.5818750103,False,-0.1375624919,-0.1317970673,True,True,-0.4212974413
sector_leader,0,s0_distance_only,next_open_2d,-0.0069028537,-0.2174924921,False,-0.0227626999,-0.0549068896,True,True,0.0158598462
sector_leader,0,s0_distance_only,next_open_3d,-0.1082410139,-0.3657826382,False,-0.1617494503,-0.1337679104,True,True,0.053508436399999984
sector_leader,0,s0_distance_only,next_open_5d,-0.0202478586,-0.2908503471,False,-0.0863066343,-0.0721804455,True,True,0.0660587757
sector_leader,0,s0_distance_only,protect_3pct_target6pct_3d,-0.2792876306,-0.3554180373,False,-0.1654246531,-0.1391433877,True,True,-0.11386297749999999
sector_leader,0,s0_strong_no_ma,fast_failure_2pct_target4pct_2d,-0.3428268882,-0.4302846913,False,-0.0395802972,-0.1300172508,True,True,-0.303246591
sector_leader,0,s0_strong_no_ma,momentum_trail_4pct_5d,0.0048789537,-0.3634002524,False,-0.0002642053,-0.0951640148,True,False,0.005143159
sector_leader,0,s0_strong_no_ma,next_open_1d,0.1271284622,-0.4264827094,False,-0.0243563355,-0.1139069322,False,False,0.15148479769999998
sector_leader,0,s0_strong_no_ma,next_open_2d,-0.3637848015,-0.5875590027,False,-0.0237597767,-0.1336570305,True,True,-0.34002502479999996
sector_leader,0,s0_strong_no_ma,next_open_3d,-0.2825416499,-0.4286769669,False,-0.0178666509,-0.0861535506,True,True,-0.264674999
sector_leader,0,s0_strong_no_ma,next_open_5d,0.4310192018,-0.4748942399,False,-0.0901488266,-0.1416180992,True,False,0.5211680284
sector_leader,0,s0_strong_no_ma,protect_3pct_target6pct_3d,-0.2610120716,-0.5086062654,False,0.0137261115,-0.0607877588,True,False,-0.27473818310000003
sector_leader,0,s1_break_reclaim_stable3,fast_failure_2pct_target4pct_2d,-0.5984441312,-0.6120237749,False,-0.0607682902,-0.087626255,True,True,-0.537675841
sector_leader,0,s1_break_reclaim_stable3,momentum_trail_4pct_5d,-0.5711741931,-0.5792802768,True,-0.1153628602,-0.1377117875,True,True,-0.4558113329
sector_leader,0,s1_break_reclaim_stable3,next_open_1d,-0.3938022836,-0.4349741391,False,-0.0457614568,-0.0957742799,True,True,-0.34804082680000004
sector_leader,0,s1_break_reclaim_stable3,next_open_2d,-0.2463938483,-0.4354553057,False,-0.0642236376,-0.1135402584,True,True,-0.1821702107
sector_leader,0,s1_break_reclaim_stable3,next_open_3d,-0.1080678774,-0.2575252105,False,-0.0077178288,-0.080961729,True,True,-0.10035004859999999
sector_leader,0,s1_break_reclaim_stable3,next_open_5d,-0.4057588179,-0.4206834435,False,-0.0521708852,-0.107460087,True,True,-0.3535879327
sector_leader,0,s1_break_reclaim_stable3,protect_3pct_target6pct_3d,-0.5345544966,-0.5459121395,False,-0.1003876638,-0.1257317423,True,True,-0.4341668328
sector_leader,0,s1_near_reversal,fast_failure_2pct_target4pct_2d,-0.0748420753,-0.3418252076,False,-0.0780126768,-0.1065054547,False,True,0.003170601499999995
sector_leader,0,s1_near_reversal,momentum_trail_4pct_5d,-0.0935710991,-0.3582106592,False,-0.0554444825,-0.0966817906,True,True,-0.038126616599999996
sector_leader,0,s1_near_reversal,next_open_1d,-0.1706955193,-0.3771920938,False,-0.0350986535,-0.0853420626,False,True,-0.1355968658
sector_leader,0,s1_near_reversal,next_open_2d,0.1170160517,-0.24213956,False,0.0499776689,-0.0908041705,True,True,0.06703838279999999
sector_leader,0,s1_near_reversal,next_open_3d,0.2527672571,-0.3363162685,False,-0.0161971458,-0.0633376885,True,False,0.26896440289999995
sector_leader,0,s1_near_reversal,next_open_5d,-0.0023993644,-0.3083203305,False,-0.0590110242,-0.1125540782,True,True,0.0566116598
sector_leader,0,s1_near_reversal,protect_3pct_target6pct_3d,-0.223018324,-0.3600019752,False,-0.0969997702,-0.1236673181,True,True,-0.1260185538
sector_leader,0,s1_touch_immediate,fast_failure_2pct_target4pct_2d,-0.541364921,-0.5585184829,False,-0.0571578141,-0.0733415746,True,True,-0.4842071069
sector_leader,0,s1_touch_immediate,momentum_trail_4pct_5d,-0.385084977,-0.405382373,False,-0.0977073101,-0.1036694852,True,True,-0.2873776669
sector_leader,0,s1_touch_immediate,next_open_1d,-0.5317254694,-0.5483913007,False,0.0031361238,-0.0409131441,True,False,-0.5348615931999999
sector_leader,0,s1_touch_immediate,next_open_2d,-0.5351020994,-0.5310845351,False,0.0019032688,-0.0472837461,True,False,-0.5370053682
sector_leader,0,s1_touch_immediate,next_open_3d,-0.3308816556,-0.4210208014,False,-0.0839559332,-0.0870966253,True,True,-0.2469257224
sector_leader,0,s1_touch_immediate,next_open_5d,-0.2075165607,-0.4194945077,False,-0.0753048995,-0.0757620626,True,True,-0.1322116612
sector_leader,0,s1_touch_immediate,protect_3pct_target6pct_3d,-0.406040867,-0.4390339386,False,-0.1248592176,-0.1040911676,True,True,-0.2811816494
sector_leader,0,s1_touch_reclaim,fast_failure_2pct_target4pct_2d,-0.5464098567,-0.5623340229,False,-0.0259921753,-0.0744269901,True,True,-0.5204176814
sector_leader,0,s1_touch_reclaim,momentum_trail_4pct_5d,-0.2814076315,-0.3511657837,False,-0.0855712607,-0.0845245788,True,True,-0.1958363708
sector_leader,0,s1_touch_reclaim,next_open_1d,-0.4851012937,-0.5171349721,False,0.0301423975,-0.0402586621,True,False,-0.5152436912
sector_leader,0,s1_touch_reclaim,next_open_2d,-0.3972325343,-0.4414990206,False,0.0396697379,-0.0586539119,True,False,-0.4369022722
sector_leader,0,s1_touch_reclaim,next_open_3d,-0.2795879906,-0.3821754238,False,-0.031567053,-0.0795268645,True,True,-0.2480209376
sector_leader,0,s1_touch_reclaim,next_open_5d,-0.1139709668,-0.4277504791,False,-0.0326303712,-0.0680006792,True,True,-0.08134059560000001
sector_leader,0,s1_touch_reclaim,protect_3pct_target6pct_3d,-0.2807851928,-0.3790514509,False,-0.0266109569,-0.0717498809,False,True,-0.25417423590000005
sector_leader,0,s2_first_touch_reclaim,fast_failure_2pct_target4pct_2d,-0.8160095727,-0.8161601167,False,-0.0801760667,-0.1043508292,True,True,-0.735833506
sector_leader,0,s2_first_touch_reclaim,momentum_trail_4pct_5d,-0.599599662,-0.5951571055,False,0.0514206799,-0.0219410826,True,False,-0.6510203419
sector_leader,0,s2_first_touch_reclaim,next_open_1d,-0.7774481853,-0.7850714122,False,-0.0321937252,-0.084780717,True,True,-0.7452544601000001
sector_leader,0,s2_first_touch_reclaim,next_open_2d,-0.5262044869,-0.5225464243,False,-0.0532575444,-0.1179842707,True,True,-0.47294694249999997
sector_leader,0,s2_first_touch_reclaim,next_open_3d,-0.4919497685,-0.5547047822,False,0.0415249008,-0.0395044514,True,False,-0.5334746693
sector_leader,0,s2_first_touch_reclaim,next_open_5d,-0.4677141809,-0.4912762454,False,-0.0333675678,-0.079562741,True,True,-0.4343466131
sector_leader,0,s2_first_touch_reclaim,protect_3pct_target6pct_3d,-0.6039594658,-0.6113564336,False,0.0160058827,-0.0561141249,True,False,-0.6199653485000001
sector_leader,0,s2_reclaim_acceleration,fast_failure_2pct_target4pct_2d,-0.6899013663,-0.6956439573,False,-0.1151688522,-0.1029891876,True,True,-0.5747325140999999
sector_leader,0,s2_reclaim_acceleration,momentum_trail_4pct_5d,-0.3049217909,-0.3286290821,False,-0.0220774962,-0.0532908603,True,True,-0.2828442947
sector_leader,0,s2_reclaim_acceleration,next_open_1d,-0.5957724798,-0.6051264957,False,-0.1218815186,-0.1024871622,True,True,-0.4738909612
sector_leader,0,s2_reclaim_acceleration,next_open_2d,-0.210601474,-0.4362630847,False,-0.0697818888,-0.0987044165,True,True,-0.1408195852
sector_leader,0,s2_reclaim_acceleration,next_open_3d,-0.1321168073,-0.29520854,False,-0.0654150604,-0.087880674,True,True,-0.0667017469
sector_leader,0,s2_reclaim_acceleration,next_open_5d,-0.1062882299,-0.4058831839,False,-0.0675909547,-0.0970821653,True,True,-0.038697275200000006
sector_leader,0,s2_reclaim_acceleration,protect_3pct_target6pct_3d,-0.3865743005,-0.5060698583,False,-0.0847862241,-0.0762174265,False,True,-0.30178807640000005
sector_leader,0,s2_reclaim_bull_stack,fast_failure_2pct_target4pct_2d,-0.4529074889,-0.5827914833,False,0.0325539008,-0.0633324482,True,False,-0.48546138969999997
sector_leader,0,s2_reclaim_bull_stack,momentum_trail_4pct_5d,-0.1096793967,-0.2931769436,False,0.0494956325,-0.072698754,True,False,-0.15917502919999998
sector_leader,0,s2_reclaim_bull_stack,next_open_1d,-0.2698377635,-0.394997875,False,0.0080976439,-0.0972643597,True,False,-0.2779354074
sector_leader,0,s2_reclaim_bull_stack,next_open_2d,-0.3787117127,-0.4172713278,True,-0.0681817228,-0.110182116,True,True,-0.31052998989999997
sector_leader,0,s2_reclaim_bull_stack,next_open_3d,0.2220736187,-0.3681686265,True,-0.0112534359,-0.0536194489,True,False,0.2333270546
sector_leader,0,s2_reclaim_bull_stack,next_open_5d,-0.3669174215,-0.4842201477,False,-0.0581861183,-0.1200951911,True,True,-0.30873130320000003
sector_leader,0,s2_reclaim_bull_stack,protect_3pct_target6pct_3d,-0.4244778721,-0.5054768123,False,-0.02728927,-0.0709647913,True,True,-0.3971886021
sector_leader,0,s2_reclaim_daily_trend,fast_failure_2pct_target4pct_2d,-0.2799217183,-0.3806209052,False,-0.0294313487,-0.088510849,True,True,-0.25049036960000004
sector_leader,0,s2_reclaim_daily_trend,momentum_trail_4pct_5d,-0.3266008801,-0.4734644902,False,0.0212244825,-0.0266386583,True,False,-0.34782536259999997
sector_leader,0,s2_reclaim_daily_trend,next_open_1d,-0.2154897408,-0.3736715843,False,-0.0343052822,-0.0900700362,True,True,-0.1811844586
sector_leader,0,s2_reclaim_daily_trend,next_open_2d,0.0723148578,-0.2883990676,False,-0.0586503938,-0.091339973,True,False,0.1309652516
sector_leader,0,s2_reclaim_daily_trend,next_open_3d,0.5291129121,-0.2217242735,False,-0.0666508029,-0.0930206506,True,False,0.595763715
sector_leader,0,s2_reclaim_daily_trend,next_open_5d,0.5808613067,-0.267944935,False,-0.0819486207,-0.1169068387,True,False,0.6628099274
sector_leader,0,s2_reclaim_daily_trend,protect_3pct_target6pct_3d,-0.4265416923,-0.4974863756,False,0.0463308491,-0.0330553259,True,False,-0.4728725414
sector_leader,0,s2_reclaim_positive_slope,fast_failure_2pct_target4pct_2d,-0.1320629164,-0.3814369614,False,0.0315856826,-0.0394539883,True,False,-0.163648599
sector_leader,0,s2_reclaim_positive_slope,momentum_trail_4pct_5d,-0.264825954,-0.3407813972,False,0.0155449112,-0.0616704767,True,False,-0.2803708652
sector_leader,0,s2_reclaim_positive_slope,next_open_1d,-0.2285852624,-0.3761532141,False,0.0793825809,-0.0473012096,True,False,-0.3079678433
sector_leader,0,s2_reclaim_positive_slope,next_open_2d,-0.1163131196,-0.2674066541,False,0.000216629,-0.065449232,True,False,-0.1165297486
sector_leader,0,s2_reclaim_positive_slope,next_open_3d,0.2713386834,-0.2975200361,False,0.0468729487,-0.0759335596,True,True,0.2244657347
sector_leader,0,s2_reclaim_positive_slope,next_open_5d,0.2903082877,-0.2389336318,True,-0.0698917026,-0.121157579,True,False,0.3601999903
sector_leader,0,s2_reclaim_positive_slope,protect_3pct_target6pct_3d,-0.420147081,-0.4754239938,False,-0.0269744198,-0.0840197252,True,True,-0.3931726612
sector_leader,0,s2_reclaim_recent_high,fast_failure_2pct_target4pct_2d,-0.7455334137,-0.7451497406,False,-0.0153782221,-0.1252219421,False,True,-0.7301551916000001
sector_leader,0,s2_reclaim_recent_high,momentum_trail_4pct_5d,-0.6981839055,-0.7053246949,True,0.0144039526,-0.1276954496,False,False,-0.7125878581
sector_leader,0,s2_reclaim_recent_high,next_open_1d,-0.4442518249,-0.5126217134,False,-0.0428376568,-0.1438713562,False,True,-0.40141416809999997
sector_leader,0,s2_reclaim_recent_high,next_open_2d,-0.4094255099,-0.4673644349,False,-0.1096801137,-0.1649658993,True,True,-0.29974539619999996
sector_leader,0,s2_reclaim_recent_high,next_open_3d,-0.7585358976,-0.7660798335,False,-0.0113389024,-0.0670702221,True,True,-0.7471969951999999
sector_leader,0,s2_reclaim_recent_high,next_open_5d,-0.0707676121,-0.32431401,False,0.1188073237,-0.0225430518,True,False,-0.1895749358
sector_leader,0,s2_reclaim_recent_high,protect_3pct_target6pct_3d,-0.7200474106,-0.7223286935,False,0.0566147838,-0.080212123,False,False,-0.7766621944
sector_leader,0,s4_auction_confirmed_reclaim,fast_failure_2pct_target4pct_2d,-0.3270107124,-0.4977316872,False,-0.1077255551,-0.1235629772,True,True,-0.21928515730000003
sector_leader,0,s4_auction_confirmed_reclaim,momentum_trail_4pct_5d,-0.4566517972,-0.5089412892,False,-0.0640408497,-0.1136265969,True,True,-0.3926109475
sector_leader,0,s4_auction_confirmed_reclaim,next_open_1d,-0.2794659193,-0.4527500142,False,-0.12834862,-0.1432101653,True,True,-0.15111729929999998
sector_leader,0,s4_auction_confirmed_reclaim,next_open_2d,-0.4236717383,-0.5652623617,False,0.0154232661,-0.0814923792,True,False,-0.4390950044
sector_leader,0,s4_auction_confirmed_reclaim,next_open_3d,-0.2119957489,-0.3892608043,False,-0.0447723444,-0.1407175971,True,True,-0.1672234045
sector_leader,0,s4_auction_confirmed_reclaim,next_open_5d,-0.0961066947,-0.4075630104,False,-0.0745929457,-0.1088457023,True,True,-0.021513749
sector_leader,0,s4_auction_confirmed_reclaim,protect_3pct_target6pct_3d,-0.2667388455,-0.4613198907,False,-0.1515590103,-0.1609192952,True,True,-0.1151798352
sector_leader,0,s4_reclaim_amount_acceleration,fast_failure_2pct_target4pct_2d,-0.5563479774,-0.5712355579,False,-0.0181938784,-0.0669373989,True,True,-0.538154099
sector_leader,0,s4_reclaim_amount_acceleration,momentum_trail_4pct_5d,-0.2044470555,-0.3164790142,False,-0.0855965793,-0.0983941717,True,True,-0.1188504762
sector_leader,0,s4_reclaim_amount_acceleration,next_open_1d,-0.4849788441,-0.5166345427,False,0.0301423975,-0.0402586621,True,False,-0.5151212416
sector_leader,0,s4_reclaim_amount_acceleration,next_open_2d,-0.3187720465,-0.4239285061,False,0.0396697379,-0.0586539119,True,False,-0.3584417844
sector_leader,0,s4_reclaim_amount_acceleration,next_open_3d,-0.2481821237,-0.3820923118,False,-0.031567053,-0.0795268645,True,True,-0.21661507070000002
sector_leader,0,s4_reclaim_amount_acceleration,next_open_5d,-0.1399280379,-0.4277504791,False,-0.0326303712,-0.0680006792,True,True,-0.10729766669999999
sector_leader,0,s4_reclaim_amount_acceleration,protect_3pct_target6pct_3d,-0.3320591774,-0.3937349722,False,-0.0107882869,-0.0618868648,False,True,-0.3212708905
sector_leader,0,s4_reclaim_volume_normal,fast_failure_2pct_target4pct_2d,-0.5686741608,-0.5736564286,False,-0.0379589105,-0.0943904618,True,True,-0.5307152503
sector_leader,0,s4_reclaim_volume_normal,momentum_trail_4pct_5d,-0.6054559434,-0.6081734366,False,-0.0610633914,-0.0963326684,True,True,-0.5443925519999999
sector_leader,0,s4_reclaim_volume_normal,next_open_1d,-0.5752129298,-0.5827084407,False,-0.091178458,-0.1457440218,True,True,-0.48403447180000003
sector_leader,0,s4_reclaim_volume_normal,next_open_2d,-0.2737107591,-0.4285827373,False,-0.0316353419,-0.0980349897,True,True,-0.24207541719999998
sector_leader,0,s4_reclaim_volume_normal,next_open_3d,-0.2138671156,-0.4497985117,False,-0.021753282,-0.0927335015,True,True,-0.1921138336
sector_leader,0,s4_reclaim_volume_normal,next_open_5d,-0.1759700572,-0.3327681166,False,-0.0032844719,-0.0983277303,True,True,-0.1726855853
sector_leader,0,s4_reclaim_volume_normal,protect_3pct_target6pct_3d,-0.6166525136,-0.6472636928,False,-0.0450769067,-0.0840360882,True,True,-0.5715756069
sector_leader,0,s4_reclaim_volume_proxy,fast_failure_2pct_target4pct_2d,-0.3977829428,-0.4425176105,False,-0.0256696421,-0.0804892717,True,True,-0.3721133007
sector_leader,0,s4_reclaim_volume_proxy,momentum_trail_4pct_5d,-0.3178567593,-0.407196677,False,-0.0570983936,-0.0826517537,True,True,-0.2607583657
sector_leader,0,s4_reclaim_volume_proxy,next_open_1d,-0.247215946,-0.3496251853,False,-0.0365054678,-0.0751192298,True,True,-0.2107104782
sector_leader,0,s4_reclaim_volume_proxy,next_open_2d,-0.2253850606,-0.3540727048,False,-0.03780136,-0.0610495639,True,True,-0.1875837006
sector_leader,0,s4_reclaim_volume_proxy,next_open_3d,-0.0340008686,-0.3345327014,False,-0.0325241061,-0.0558998166,True,True,-0.0014767624999999993
sector_leader,0,s4_reclaim_volume_proxy,next_open_5d,-0.2319143367,-0.3432525419,False,-0.0063673396,-0.0427353696,True,True,-0.2255469971
sector_leader,0,s4_reclaim_volume_proxy,protect_3pct_target6pct_3d,-0.2901583865,-0.3357990873,False,-0.01792509,-0.070459892,True,True,-0.2722332965
sector_leader,0,s4_reclaim_vwap_support,fast_failure_2pct_target4pct_2d,-0.5820836088,-0.6040817303,False,-0.0254429157,-0.0744269901,True,True,-0.5566406931
sector_leader,0,s4_reclaim_vwap_support,momentum_trail_4pct_5d,-0.4477043692,-0.4625197292,False,-0.0855712607,-0.0845245788,True,True,-0.3621331085
sector_leader,0,s4_reclaim_vwap_support,next_open_1d,-0.5207567843,-0.5523829692,False,0.0146499793,-0.0459389403,True,False,-0.5354067636000001
sector_leader,0,s4_reclaim_vwap_support,next_open_2d,-0.4399037722,-0.4556717611,False,0.0396697379,-0.0586539119,True,False,-0.4795735101
sector_leader,0,s4_reclaim_vwap_support,next_open_3d,-0.3556268944,-0.3943869803,False,-0.031567053,-0.0795268645,True,True,-0.3240598414
sector_leader,0,s4_reclaim_vwap_support,next_open_5d,-0.2821256107,-0.4231881017,False,-0.0326303712,-0.0680006792,True,True,-0.24949523949999997
sector_leader,0,s4_reclaim_vwap_support,protect_3pct_target6pct_3d,-0.3254747177,-0.4267412526,False,-0.0266109569,-0.0717498809,False,True,-0.29886376080000004
sector_leader,1,cs_r3_leader_confirmation,fast_failure_2pct_target4pct_2d,-0.5470285904,-0.5590728653,False,-0.0503963594,-0.0820243459,True,True,-0.496632231
sector_leader,1,cs_r3_leader_confirmation,momentum_trail_4pct_5d,-0.4604474534,-0.5013958462,False,-0.0999103875,-0.1159363775,True,True,-0.3605370659
sector_leader,1,cs_r3_leader_confirmation,next_open_1d,-0.5726597874,-0.5859222574,False,0.032239476,-0.0584468479,True,False,-0.6048992634
sector_leader,1,cs_r3_leader_confirmation,next_open_2d,-0.0955158393,-0.2322278025,False,0.0086853041,-0.0590032482,True,False,-0.1042011434
sector_leader,1,cs_r3_leader_confirmation,next_open_3d,-0.1684054879,-0.2846398887,False,-0.005286982,-0.0910209873,True,True,-0.16311850590000002
sector_leader,1,cs_r3_leader_confirmation,next_open_5d,-0.0119428848,-0.2650821495,False,-0.0451772311,-0.0801835606,True,True,0.0332343463
sector_leader,1,cs_r3_leader_confirmation,protect_3pct_target6pct_3d,-0.3811761008,-0.4078515209,False,-0.0802441653,-0.1274761991,True,True,-0.30093193549999997
sector_leader,1,fu_r3_core_pullback,fast_failure_2pct_target4pct_2d,-0.0726341242,-0.2274904847,False,0.0393069874,-0.0427160805,True,False,-0.1119411116
sector_leader,1,fu_r3_core_pullback,momentum_trail_4pct_5d,0.0859274498,-0.2776032453,False,-0.0103624535,-0.0632488917,True,False,0.09628990330000001
sector_leader,1,fu_r3_core_pullback,next_open_1d,-0.2262366171,-0.3237874787,False,0.0212298996,-0.050894022,True,False,-0.2474665167
sector_leader,1,fu_r3_core_pullback,next_open_2d,-0.2142292162,-0.3531355005,False,-0.0882183564,-0.1033887467,True,True,-0.12601085979999999
sector_leader,1,fu_r3_core_pullback,next_open_3d,0.3899542759,-0.2081148458,False,-0.1392660365,-0.1529166798,True,False,0.5292203124
sector_leader,1,fu_r3_core_pullback,next_open_5d,0.1397532544,-0.2698743643,True,-0.0835851002,-0.1179885689,True,False,0.2233383546
sector_leader,1,fu_r3_core_pullback,protect_3pct_target6pct_3d,0.2002119724,-0.2862807616,False,0.0016432969,-0.0617642549,True,True,0.19856867549999999
sector_leader,1,ht_r3_core_pullback,fast_failure_2pct_target4pct_2d,-0.5789901841,-0.6182590424,False,-0.0639440573,-0.1327458633,True,True,-0.5150461268000001
sector_leader,1,ht_r3_core_pullback,momentum_trail_4pct_5d,-0.4513508546,-0.5259082644,False,-0.0811954425,-0.1044467931,True,True,-0.3701554121
sector_leader,1,ht_r3_core_pullback,next_open_1d,-0.4221197619,-0.497189238,False,-0.082393967,-0.1575843545,True,True,-0.3397257949
sector_leader,1,ht_r3_core_pullback,next_open_2d,-0.2383289511,-0.416357345,False,-0.0482128426,-0.0954088902,True,True,-0.1901161085
sector_leader,1,ht_r3_core_pullback,next_open_3d,-0.388011931,-0.4379908837,False,-0.0674984856,-0.1199334807,True,True,-0.3205134454
sector_leader,1,ht_r3_core_pullback,next_open_5d,0.02170607,-0.3787484592,False,-0.0088156606,-0.1043308033,True,False,0.0305217306
sector_leader,1,ht_r3_core_pullback,protect_3pct_target6pct_3d,-0.5618830181,-0.6071859201,False,-0.0494541508,-0.1018651696,True,True,-0.5124288672999999
sector_leader,1,ng_r1_auction_reclaim,fast_failure_2pct_target4pct_2d,-0.1260333532,-0.2802581129,False,0.048981217,-0.0257682788,True,False,-0.1750145702
sector_leader,1,ng_r1_auction_reclaim,momentum_trail_4pct_5d,0.1212264881,-0.2544173287,False,-0.0998250932,-0.1349046658,True,False,0.22105158130000002
sector_leader,1,ng_r1_auction_reclaim,next_open_1d,-0.0545817783,-0.2899655874,False,0.0269319322,-0.0252976245,True,False,-0.0815137105
sector_leader,1,ng_r1_auction_reclaim,next_open_2d,-0.1429228107,-0.299760325,False,-0.0367653034,-0.0717284836,True,True,-0.10615750730000001
sector_leader,1,ng_r1_auction_reclaim,next_open_3d,-0.2000746488,-0.3991221842,False,-0.068266986,-0.1020867285,True,True,-0.1318076628
sector_leader,1,ng_r1_auction_reclaim,next_open_5d,0.4606696975,-0.2240816143,False,-0.0419543678,-0.0969888037,True,False,0.5026240653
sector_leader,1,ng_r1_auction_reclaim,protect_3pct_target6pct_3d,0.0408863578,-0.2498333267,False,0.0146195768,-0.0364605501,True,True,0.026266781000000003
sector_leader,1,ng_r3_volume_quality,fast_failure_2pct_target4pct_2d,-0.4874236,-0.5011876475,False,-0.0406265911,-0.0810271742,True,True,-0.4467970089
sector_leader,1,ng_r3_volume_quality,momentum_trail_4pct_5d,-0.4895362337,-0.5406041259,False,-0.1225994393,-0.1503034332,True,True,-0.3669367944
sector_leader,1,ng_r3_volume_quality,next_open_1d,-0.446025847,-0.4797841445,False,-0.0603969593,-0.1158753534,True,True,-0.3856288877
sector_leader,1,ng_r3_volume_quality,next_open_2d,0.0169288256,-0.3393323329,False,0.0326361408,-0.0538803909,True,True,-0.0157073152
sector_leader,1,ng_r3_volume_quality,next_open_3d,-0.2207219093,-0.4496743861,False,-0.0062693597,-0.0646671569,True,True,-0.2144525496
sector_leader,1,ng_r3_volume_quality,next_open_5d,-0.1539859986,-0.3381144926,False,-0.0131385006,-0.1029909663,True,True,-0.14084749800000002
sector_leader,1,ng_r3_volume_quality,protect_3pct_target6pct_3d,-0.6044361628,-0.6307221503,False,-0.0556540699,-0.1038227671,True,True,-0.5487820929
sector_leader,1,s0_distance_only,fast_failure_2pct_target4pct_2d,-0.5864905244,-0.6081356484,False,-0.0961078979,-0.0630811575,True,True,-0.49038262650000003
sector_leader,1,s0_distance_only,momentum_trail_4pct_5d,-0.4854309969,-0.5104647583,False,-0.1443530667,-0.128408485,True,True,-0.3410779302
sector_leader,1,s0_distance_only,next_open_1d,-0.5588599332,-0.5818750103,False,-0.1375624919,-0.1317970673,True,True,-0.4212974413
sector_leader,1,s0_distance_only,next_open_2d,-0.0069028537,-0.2174924921,False,-0.0227626999,-0.0549068896,True,True,0.0158598462
sector_leader,1,s0_distance_only,next_open_3d,-0.1082410139,-0.3657826382,False,-0.1617494503,-0.1337679104,True,True,0.053508436399999984
sector_leader,1,s0_distance_only,next_open_5d,-0.0202478586,-0.2908503471,False,-0.0863066343,-0.0721804455,True,True,0.0660587757
sector_leader,1,s0_distance_only,protect_3pct_target6pct_3d,-0.2792876306,-0.3554180373,False,-0.1654246531,-0.1391433877,True,True,-0.11386297749999999
sector_leader,1,s0_strong_no_ma,fast_failure_2pct_target4pct_2d,-0.3428268882,-0.4302846913,False,-0.0395802972,-0.1300172508,True,True,-0.303246591
sector_leader,1,s0_strong_no_ma,momentum_trail_4pct_5d,0.0048789537,-0.3634002524,False,-0.0002642053,-0.0951640148,True,False,0.005143159
sector_leader,1,s0_strong_no_ma,next_open_1d,0.1271284622,-0.4264827094,False,-0.0243563355,-0.1139069322,False,False,0.15148479769999998
sector_leader,1,s0_strong_no_ma,next_open_2d,-0.3637848015,-0.5875590027,False,-0.0237597767,-0.1336570305,True,True,-0.34002502479999996
sector_leader,1,s0_strong_no_ma,next_open_3d,-0.2825416499,-0.4286769669,False,-0.0178666509,-0.0861535506,True,True,-0.264674999
sector_leader,1,s0_strong_no_ma,next_open_5d,0.4310192018,-0.4748942399,False,-0.0901488266,-0.1416180992,True,False,0.5211680284
sector_leader,1,s0_strong_no_ma,protect_3pct_target6pct_3d,-0.2610120716,-0.5086062654,False,0.0137261115,-0.0607877588,True,False,-0.27473818310000003
sector_leader,1,s1_break_reclaim_stable3,fast_failure_2pct_target4pct_2d,-0.5984441312,-0.6120237749,False,-0.0607682902,-0.087626255,True,True,-0.537675841
sector_leader,1,s1_break_reclaim_stable3,momentum_trail_4pct_5d,-0.5711741931,-0.5792802768,True,-0.1153628602,-0.1377117875,True,True,-0.4558113329
sector_leader,1,s1_break_reclaim_stable3,next_open_1d,-0.3938022836,-0.4349741391,False,-0.0457614568,-0.0957742799,True,True,-0.34804082680000004
sector_leader,1,s1_break_reclaim_stable3,next_open_2d,-0.2463938483,-0.4354553057,False,-0.0642236376,-0.1135402584,True,True,-0.1821702107
sector_leader,1,s1_break_reclaim_stable3,next_open_3d,-0.1080678774,-0.2575252105,False,-0.0077178288,-0.080961729,True,True,-0.10035004859999999
sector_leader,1,s1_break_reclaim_stable3,next_open_5d,-0.4057588179,-0.4206834435,False,-0.0521708852,-0.107460087,True,True,-0.3535879327
sector_leader,1,s1_break_reclaim_stable3,protect_3pct_target6pct_3d,-0.5345544966,-0.5459121395,False,-0.1003876638,-0.1257317423,True,True,-0.4341668328
sector_leader,1,s1_near_reversal,fast_failure_2pct_target4pct_2d,-0.0748420753,-0.3418252076,False,-0.0780126768,-0.1065054547,False,True,0.003170601499999995
sector_leader,1,s1_near_reversal,momentum_trail_4pct_5d,-0.0935710991,-0.3582106592,False,-0.0554444825,-0.0966817906,True,True,-0.038126616599999996
sector_leader,1,s1_near_reversal,next_open_1d,-0.1706955193,-0.3771920938,False,-0.0350986535,-0.0853420626,False,True,-0.1355968658
sector_leader,1,s1_near_reversal,next_open_2d,0.1170160517,-0.24213956,False,0.0499776689,-0.0908041705,True,True,0.06703838279999999
sector_leader,1,s1_near_reversal,next_open_3d,0.2527672571,-0.3363162685,False,-0.0161971458,-0.0633376885,True,False,0.26896440289999995
sector_leader,1,s1_near_reversal,next_open_5d,-0.0023993644,-0.3083203305,False,-0.0590110242,-0.1125540782,True,True,0.0566116598
sector_leader,1,s1_near_reversal,protect_3pct_target6pct_3d,-0.223018324,-0.3600019752,False,-0.0969997702,-0.1236673181,True,True,-0.1260185538
sector_leader,1,s1_touch_immediate,fast_failure_2pct_target4pct_2d,-0.541364921,-0.5585184829,False,-0.0571578141,-0.0733415746,True,True,-0.4842071069
sector_leader,1,s1_touch_immediate,momentum_trail_4pct_5d,-0.385084977,-0.405382373,False,-0.0977073101,-0.1036694852,True,True,-0.2873776669
sector_leader,1,s1_touch_immediate,next_open_1d,-0.5317254694,-0.5483913007,False,0.0031361238,-0.0409131441,True,False,-0.5348615931999999
sector_leader,1,s1_touch_immediate,next_open_2d,-0.5351020994,-0.5310845351,False,0.0019032688,-0.0472837461,True,False,-0.5370053682
sector_leader,1,s1_touch_immediate,next_open_3d,-0.3308816556,-0.4210208014,False,-0.0839559332,-0.0870966253,True,True,-0.2469257224
sector_leader,1,s1_touch_immediate,next_open_5d,-0.2075165607,-0.4194945077,False,-0.0753048995,-0.0757620626,True,True,-0.1322116612
sector_leader,1,s1_touch_immediate,protect_3pct_target6pct_3d,-0.4059401094,-0.4389313743,False,-0.1248592176,-0.1040911676,True,True,-0.2810808918
sector_leader,1,s1_touch_reclaim,fast_failure_2pct_target4pct_2d,-0.5464098567,-0.5623340229,False,-0.0259921753,-0.0744269901,True,True,-0.5204176814
sector_leader,1,s1_touch_reclaim,momentum_trail_4pct_5d,-0.2814076315,-0.3511657837,False,-0.0855712607,-0.0845245788,True,True,-0.1958363708
sector_leader,1,s1_touch_reclaim,next_open_1d,-0.4851012937,-0.5171349721,False,0.0301423975,-0.0402586621,True,False,-0.5152436912
sector_leader,1,s1_touch_reclaim,next_open_2d,-0.3972325343,-0.4414990206,False,0.0396697379,-0.0586539119,True,False,-0.4369022722
sector_leader,1,s1_touch_reclaim,next_open_3d,-0.2795879906,-0.3821754238,False,-0.031567053,-0.0795268645,True,True,-0.2480209376
sector_leader,1,s1_touch_reclaim,next_open_5d,-0.1139709668,-0.4277504791,False,-0.0326303712,-0.0680006792,True,True,-0.08134059560000001
sector_leader,1,s1_touch_reclaim,protect_3pct_target6pct_3d,-0.2807851928,-0.3790514509,False,-0.0266109569,-0.0717498809,False,True,-0.25417423590000005
sector_leader,1,s2_first_touch_reclaim,fast_failure_2pct_target4pct_2d,-0.8160095727,-0.8161601167,False,-0.0801760667,-0.1043508292,True,True,-0.735833506
sector_leader,1,s2_first_touch_reclaim,momentum_trail_4pct_5d,-0.599599662,-0.5951571055,False,0.0514206799,-0.0219410826,True,False,-0.6510203419
sector_leader,1,s2_first_touch_reclaim,next_open_1d,-0.7774481853,-0.7850714122,False,-0.0321937252,-0.084780717,True,True,-0.7452544601000001
sector_leader,1,s2_first_touch_reclaim,next_open_2d,-0.5262044869,-0.5225464243,False,-0.0532575444,-0.1179842707,True,True,-0.47294694249999997
sector_leader,1,s2_first_touch_reclaim,next_open_3d,-0.4919497685,-0.5547047822,False,0.0415249008,-0.0395044514,True,False,-0.5334746693
sector_leader,1,s2_first_touch_reclaim,next_open_5d,-0.4677141809,-0.4912762454,False,-0.0333675678,-0.079562741,True,True,-0.4343466131
sector_leader,1,s2_first_touch_reclaim,protect_3pct_target6pct_3d,-0.6039594658,-0.6113564336,False,0.0160058827,-0.0561141249,True,False,-0.6199653485000001
sector_leader,1,s2_reclaim_acceleration,fast_failure_2pct_target4pct_2d,-0.6899013663,-0.6956439573,False,-0.1151688522,-0.1029891876,True,True,-0.5747325140999999
sector_leader,1,s2_reclaim_acceleration,momentum_trail_4pct_5d,-0.3049217909,-0.3286290821,False,-0.0220774962,-0.0532908603,True,True,-0.2828442947
sector_leader,1,s2_reclaim_acceleration,next_open_1d,-0.5957724798,-0.6051264957,False,-0.1218815186,-0.1024871622,True,True,-0.4738909612
sector_leader,1,s2_reclaim_acceleration,next_open_2d,-0.210601474,-0.4362630847,False,-0.0697818888,-0.0987044165,True,True,-0.1408195852
sector_leader,1,s2_reclaim_acceleration,next_open_3d,-0.1321168073,-0.29520854,False,-0.0654150604,-0.087880674,True,True,-0.0667017469
sector_leader,1,s2_reclaim_acceleration,next_open_5d,-0.1062882299,-0.4058831839,False,-0.0675909547,-0.0970821653,True,True,-0.038697275200000006
sector_leader,1,s2_reclaim_acceleration,protect_3pct_target6pct_3d,-0.3865743005,-0.5060698583,False,-0.0847862241,-0.0762174265,False,True,-0.30178807640000005
sector_leader,1,s2_reclaim_bull_stack,fast_failure_2pct_target4pct_2d,-0.4529074889,-0.5827914833,False,0.0325539008,-0.0633324482,True,False,-0.48546138969999997
sector_leader,1,s2_reclaim_bull_stack,momentum_trail_4pct_5d,-0.1096793967,-0.2931769436,False,0.0494956325,-0.072698754,True,False,-0.15917502919999998
sector_leader,1,s2_reclaim_bull_stack,next_open_1d,-0.2698377635,-0.394997875,False,0.0080976439,-0.0972643597,True,False,-0.2779354074
sector_leader,1,s2_reclaim_bull_stack,next_open_2d,-0.3787117127,-0.4172713278,True,-0.0681817228,-0.110182116,True,True,-0.31052998989999997
sector_leader,1,s2_reclaim_bull_stack,next_open_3d,0.2220736187,-0.3681686265,True,-0.0112534359,-0.0536194489,True,False,0.2333270546
sector_leader,1,s2_reclaim_bull_stack,next_open_5d,-0.3669174215,-0.4842201477,False,-0.0581861183,-0.1200951911,True,True,-0.30873130320000003
sector_leader,1,s2_reclaim_bull_stack,protect_3pct_target6pct_3d,-0.4244778721,-0.5054768123,False,-0.02728927,-0.0709647913,True,True,-0.3971886021
sector_leader,1,s2_reclaim_daily_trend,fast_failure_2pct_target4pct_2d,-0.2799217183,-0.3806209052,False,-0.0294313487,-0.088510849,True,True,-0.25049036960000004
sector_leader,1,s2_reclaim_daily_trend,momentum_trail_4pct_5d,-0.3266008801,-0.4734644902,False,0.0212244825,-0.0266386583,True,False,-0.34782536259999997
sector_leader,1,s2_reclaim_daily_trend,next_open_1d,-0.2154897408,-0.3736715843,False,-0.0343052822,-0.0900700362,True,True,-0.1811844586
sector_leader,1,s2_reclaim_daily_trend,next_open_2d,0.0723148578,-0.2883990676,False,-0.0586503938,-0.091339973,True,False,0.1309652516
sector_leader,1,s2_reclaim_daily_trend,next_open_3d,0.5291129121,-0.2217242735,False,-0.0666508029,-0.0930206506,True,False,0.595763715
sector_leader,1,s2_reclaim_daily_trend,next_open_5d,0.5808613067,-0.267944935,False,-0.0819486207,-0.1169068387,True,False,0.6628099274
sector_leader,1,s2_reclaim_daily_trend,protect_3pct_target6pct_3d,-0.4265416923,-0.4974863756,False,0.0463308491,-0.0330553259,True,False,-0.4728725414
sector_leader,1,s2_reclaim_positive_slope,fast_failure_2pct_target4pct_2d,-0.1320629164,-0.3814369614,False,0.0315856826,-0.0394539883,True,False,-0.163648599
sector_leader,1,s2_reclaim_positive_slope,momentum_trail_4pct_5d,-0.264825954,-0.3407813972,False,0.0155449112,-0.0616704767,True,False,-0.2803708652
sector_leader,1,s2_reclaim_positive_slope,next_open_1d,-0.2285852624,-0.3761532141,False,0.0793825809,-0.0473012096,True,False,-0.3079678433
sector_leader,1,s2_reclaim_positive_slope,next_open_2d,-0.1163131196,-0.2674066541,False,0.000216629,-0.065449232,True,False,-0.1165297486
sector_leader,1,s2_reclaim_positive_slope,next_open_3d,0.2713386834,-0.2975200361,False,0.0468729487,-0.0759335596,True,True,0.2244657347
sector_leader,1,s2_reclaim_positive_slope,next_open_5d,0.2903082877,-0.2389336318,True,-0.0698917026,-0.121157579,True,False,0.3601999903
sector_leader,1,s2_reclaim_positive_slope,protect_3pct_target6pct_3d,-0.420147081,-0.4754239938,False,-0.0269744198,-0.0840197252,True,True,-0.3931726612
sector_leader,1,s2_reclaim_recent_high,fast_failure_2pct_target4pct_2d,-0.7455334137,-0.7451497406,False,-0.0153782221,-0.1252219421,False,True,-0.7301551916000001
sector_leader,1,s2_reclaim_recent_high,momentum_trail_4pct_5d,-0.6981839055,-0.7053246949,True,0.0144039526,-0.1276954496,False,False,-0.7125878581
sector_leader,1,s2_reclaim_recent_high,next_open_1d,-0.4442518249,-0.5126217134,False,-0.0428376568,-0.1438713562,False,True,-0.40141416809999997
sector_leader,1,s2_reclaim_recent_high,next_open_2d,-0.4094255099,-0.4673644349,False,-0.1096801137,-0.1649658993,True,True,-0.29974539619999996
sector_leader,1,s2_reclaim_recent_high,next_open_3d,-0.7585358976,-0.7660798335,False,-0.0113389024,-0.0670702221,True,True,-0.7471969951999999
sector_leader,1,s2_reclaim_recent_high,next_open_5d,-0.0707676121,-0.32431401,False,0.1188073237,-0.0225430518,True,False,-0.1895749358
sector_leader,1,s2_reclaim_recent_high,protect_3pct_target6pct_3d,-0.7200474106,-0.7223286935,False,0.0566147838,-0.080212123,False,False,-0.7766621944
sector_leader,1,s4_auction_confirmed_reclaim,fast_failure_2pct_target4pct_2d,-0.3270107124,-0.4977316872,False,-0.1077255551,-0.1235629772,True,True,-0.21928515730000003
sector_leader,1,s4_auction_confirmed_reclaim,momentum_trail_4pct_5d,-0.4566517972,-0.5089412892,False,-0.0640408497,-0.1136265969,True,True,-0.3926109475
sector_leader,1,s4_auction_confirmed_reclaim,next_open_1d,-0.2794659193,-0.4527500142,False,-0.12834862,-0.1432101653,True,True,-0.15111729929999998
sector_leader,1,s4_auction_confirmed_reclaim,next_open_2d,-0.4236717383,-0.5652623617,False,0.0154232661,-0.0814923792,True,False,-0.4390950044
sector_leader,1,s4_auction_confirmed_reclaim,next_open_3d,-0.2119957489,-0.3892608043,False,-0.0447723444,-0.1407175971,True,True,-0.1672234045
sector_leader,1,s4_auction_confirmed_reclaim,next_open_5d,-0.0961066947,-0.4075630104,False,-0.0745929457,-0.1088457023,True,True,-0.021513749
sector_leader,1,s4_auction_confirmed_reclaim,protect_3pct_target6pct_3d,-0.2667388455,-0.4613198907,False,-0.1515590103,-0.1609192952,True,True,-0.1151798352
sector_leader,1,s4_reclaim_amount_acceleration,fast_failure_2pct_target4pct_2d,-0.5563479774,-0.5712355579,False,-0.0181938784,-0.0669373989,True,True,-0.538154099
sector_leader,1,s4_reclaim_amount_acceleration,momentum_trail_4pct_5d,-0.2044470555,-0.3164790142,False,-0.0855965793,-0.0983941717,True,True,-0.1188504762
sector_leader,1,s4_reclaim_amount_acceleration,next_open_1d,-0.4849788441,-0.5166345427,False,0.0301423975,-0.0402586621,True,False,-0.5151212416
sector_leader,1,s4_reclaim_amount_acceleration,next_open_2d,-0.3187720465,-0.4239285061,False,0.0396697379,-0.0586539119,True,False,-0.3584417844
sector_leader,1,s4_reclaim_amount_acceleration,next_open_3d,-0.2481821237,-0.3820923118,False,-0.031567053,-0.0795268645,True,True,-0.21661507070000002
sector_leader,1,s4_reclaim_amount_acceleration,next_open_5d,-0.1399280379,-0.4277504791,False,-0.0326303712,-0.0680006792,True,True,-0.10729766669999999
sector_leader,1,s4_reclaim_amount_acceleration,protect_3pct_target6pct_3d,-0.3320591774,-0.3937349722,False,-0.0107882869,-0.0618868648,False,True,-0.3212708905
sector_leader,1,s4_reclaim_volume_normal,fast_failure_2pct_target4pct_2d,-0.5686741608,-0.5736564286,False,-0.0379589105,-0.0943904618,True,True,-0.5307152503
sector_leader,1,s4_reclaim_volume_normal,momentum_trail_4pct_5d,-0.6054559434,-0.6081734366,False,-0.0610633914,-0.0963326684,True,True,-0.5443925519999999
sector_leader,1,s4_reclaim_volume_normal,next_open_1d,-0.5752129298,-0.5827084407,False,-0.091178458,-0.1457440218,True,True,-0.48403447180000003
sector_leader,1,s4_reclaim_volume_normal,next_open_2d,-0.2737107591,-0.4285827373,False,-0.0316353419,-0.0980349897,True,True,-0.24207541719999998
sector_leader,1,s4_reclaim_volume_normal,next_open_3d,-0.2138671156,-0.4497985117,False,-0.021753282,-0.0927335015,True,True,-0.1921138336
sector_leader,1,s4_reclaim_volume_normal,next_open_5d,-0.1759700572,-0.3327681166,False,-0.0032844719,-0.0983277303,True,True,-0.1726855853
sector_leader,1,s4_reclaim_volume_normal,protect_3pct_target6pct_3d,-0.6166525136,-0.6472636928,False,-0.0450769067,-0.0840360882,True,True,-0.5715756069
sector_leader,1,s4_reclaim_volume_proxy,fast_failure_2pct_target4pct_2d,-0.3977829428,-0.4425176105,False,-0.0256696421,-0.0804892717,True,True,-0.3721133007
sector_leader,1,s4_reclaim_volume_proxy,momentum_trail_4pct_5d,-0.3178567593,-0.407196677,False,-0.0570983936,-0.0826517537,True,True,-0.2607583657
sector_leader,1,s4_reclaim_volume_proxy,next_open_1d,-0.247215946,-0.3496251853,False,-0.0365054678,-0.0751192298,True,True,-0.2107104782
sector_leader,1,s4_reclaim_volume_proxy,next_open_2d,-0.2253850606,-0.3540727048,False,-0.03780136,-0.0610495639,True,True,-0.1875837006
sector_leader,1,s4_reclaim_volume_proxy,next_open_3d,-0.0340008686,-0.3345327014,False,-0.0325241061,-0.0558998166,True,True,-0.0014767624999999993
sector_leader,1,s4_reclaim_volume_proxy,next_open_5d,-0.2319143367,-0.3432525419,False,-0.0063673396,-0.0427353696,True,True,-0.2255469971
sector_leader,1,s4_reclaim_volume_proxy,protect_3pct_target6pct_3d,-0.2901583865,-0.3357990873,False,-0.01792509,-0.070459892,True,True,-0.2722332965
sector_leader,1,s4_reclaim_vwap_support,fast_failure_2pct_target4pct_2d,-0.5820836088,-0.6040817303,False,-0.0254429157,-0.0744269901,True,True,-0.5566406931
sector_leader,1,s4_reclaim_vwap_support,momentum_trail_4pct_5d,-0.4477043692,-0.4625197292,False,-0.0855712607,-0.0845245788,True,True,-0.3621331085
sector_leader,1,s4_reclaim_vwap_support,next_open_1d,-0.5207567843,-0.5523829692,False,0.0146499793,-0.0459389403,True,False,-0.5354067636000001
sector_leader,1,s4_reclaim_vwap_support,next_open_2d,-0.4399037722,-0.4556717611,False,0.0396697379,-0.0586539119,True,False,-0.4795735101
sector_leader,1,s4_reclaim_vwap_support,next_open_3d,-0.3556268944,-0.3943869803,False,-0.031567053,-0.0795268645,True,True,-0.3240598414
sector_leader,1,s4_reclaim_vwap_support,next_open_5d,-0.2821256107,-0.4231881017,False,-0.0326303712,-0.0680006792,True,True,-0.24949523949999997
sector_leader,1,s4_reclaim_vwap_support,protect_3pct_target6pct_3d,-0.3254747177,-0.4267412526,False,-0.0266109569,-0.0717498809,False,True,-0.29886376080000004
sector_leader,2,cs_r3_leader_confirmation,fast_failure_2pct_target4pct_2d,-0.5470285904,-0.5590728653,False,-0.0503963594,-0.0820243459,True,True,-0.496632231
sector_leader,2,cs_r3_leader_confirmation,momentum_trail_4pct_5d,-0.4604474534,-0.5013958462,False,-0.0999103875,-0.1159363775,True,True,-0.3605370659
sector_leader,2,cs_r3_leader_confirmation,next_open_1d,-0.5726597874,-0.5859222574,False,0.032239476,-0.0584468479,True,False,-0.6048992634
sector_leader,2,cs_r3_leader_confirmation,next_open_2d,-0.0955158393,-0.2322278025,False,0.0086853041,-0.0590032482,True,False,-0.1042011434
sector_leader,2,cs_r3_leader_confirmation,next_open_3d,-0.1684054879,-0.2846398887,False,-0.005286982,-0.0910209873,True,True,-0.16311850590000002
sector_leader,2,cs_r3_leader_confirmation,next_open_5d,-0.0119428848,-0.2650821495,False,-0.0451772311,-0.0801835606,True,True,0.0332343463
sector_leader,2,cs_r3_leader_confirmation,protect_3pct_target6pct_3d,-0.3811761008,-0.4078515209,False,-0.0802441653,-0.1274761991,True,True,-0.30093193549999997
sector_leader,2,fu_r3_core_pullback,fast_failure_2pct_target4pct_2d,-0.0726341242,-0.2274904847,False,0.0393069874,-0.0427160805,True,False,-0.1119411116
sector_leader,2,fu_r3_core_pullback,momentum_trail_4pct_5d,0.0859274498,-0.2776032453,False,-0.0103624535,-0.0632488917,True,False,0.09628990330000001
sector_leader,2,fu_r3_core_pullback,next_open_1d,-0.2262366171,-0.3237874787,False,0.0212298996,-0.050894022,True,False,-0.2474665167
sector_leader,2,fu_r3_core_pullback,next_open_2d,-0.2142292162,-0.3531355005,False,-0.0882183564,-0.1033887467,True,True,-0.12601085979999999
sector_leader,2,fu_r3_core_pullback,next_open_3d,0.3899542759,-0.2081148458,False,-0.1392660365,-0.1529166798,True,False,0.5292203124
sector_leader,2,fu_r3_core_pullback,next_open_5d,0.1397532544,-0.2698743643,True,-0.0835851002,-0.1179885689,True,False,0.2233383546
sector_leader,2,fu_r3_core_pullback,protect_3pct_target6pct_3d,0.2002119724,-0.2862807616,False,0.0016432969,-0.0617642549,True,True,0.19856867549999999
sector_leader,2,ht_r3_core_pullback,fast_failure_2pct_target4pct_2d,-0.5789901841,-0.6182590424,False,-0.0639440573,-0.1327458633,True,True,-0.5150461268000001
sector_leader,2,ht_r3_core_pullback,momentum_trail_4pct_5d,-0.4513508546,-0.5259082644,False,-0.0811954425,-0.1044467931,True,True,-0.3701554121
sector_leader,2,ht_r3_core_pullback,next_open_1d,-0.4221197619,-0.497189238,False,-0.082393967,-0.1575843545,True,True,-0.3397257949
sector_leader,2,ht_r3_core_pullback,next_open_2d,-0.2383289511,-0.416357345,False,-0.0482128426,-0.0954088902,True,True,-0.1901161085
sector_leader,2,ht_r3_core_pullback,next_open_3d,-0.388011931,-0.4379908837,False,-0.0674984856,-0.1199334807,True,True,-0.3205134454
sector_leader,2,ht_r3_core_pullback,next_open_5d,0.02170607,-0.3787484592,False,-0.0088156606,-0.1043308033,True,False,0.0305217306
sector_leader,2,ht_r3_core_pullback,protect_3pct_target6pct_3d,-0.5618830181,-0.6071859201,False,-0.0494541508,-0.1018651696,True,True,-0.5124288672999999
sector_leader,2,ng_r1_auction_reclaim,fast_failure_2pct_target4pct_2d,-0.1260333532,-0.2802581129,False,0.048981217,-0.0257682788,True,False,-0.1750145702
sector_leader,2,ng_r1_auction_reclaim,momentum_trail_4pct_5d,0.1212264881,-0.2544173287,False,-0.0998250932,-0.1349046658,True,False,0.22105158130000002
sector_leader,2,ng_r1_auction_reclaim,next_open_1d,-0.0545817783,-0.2899655874,False,0.0269319322,-0.0252976245,True,False,-0.0815137105
sector_leader,2,ng_r1_auction_reclaim,next_open_2d,-0.1429228107,-0.299760325,False,-0.0367653034,-0.0717284836,True,True,-0.10615750730000001
sector_leader,2,ng_r1_auction_reclaim,next_open_3d,-0.2000746488,-0.3991221842,False,-0.068266986,-0.1020867285,True,True,-0.1318076628
sector_leader,2,ng_r1_auction_reclaim,next_open_5d,0.4606696975,-0.2240816143,False,-0.0419543678,-0.0969888037,True,False,0.5026240653
sector_leader,2,ng_r1_auction_reclaim,protect_3pct_target6pct_3d,0.0408863578,-0.2498333267,False,0.0146195768,-0.0364605501,True,True,0.026266781000000003
sector_leader,2,ng_r3_volume_quality,fast_failure_2pct_target4pct_2d,-0.4874236,-0.5011876475,False,-0.0406265911,-0.0810271742,True,True,-0.4467970089
sector_leader,2,ng_r3_volume_quality,momentum_trail_4pct_5d,-0.4895362337,-0.5406041259,False,-0.1225994393,-0.1503034332,True,True,-0.3669367944
sector_leader,2,ng_r3_volume_quality,next_open_1d,-0.446025847,-0.4797841445,False,-0.0603969593,-0.1158753534,True,True,-0.3856288877
sector_leader,2,ng_r3_volume_quality,next_open_2d,0.0169288256,-0.3393323329,False,0.0326361408,-0.0538803909,True,True,-0.0157073152
sector_leader,2,ng_r3_volume_quality,next_open_3d,-0.2207219093,-0.4496743861,False,-0.0062693597,-0.0646671569,True,True,-0.2144525496
sector_leader,2,ng_r3_volume_quality,next_open_5d,-0.1539859986,-0.3381144926,False,-0.0131385006,-0.1029909663,True,True,-0.14084749800000002
sector_leader,2,ng_r3_volume_quality,protect_3pct_target6pct_3d,-0.6044361628,-0.6307221503,False,-0.0556540699,-0.1038227671,True,True,-0.5487820929
sector_leader,2,s0_distance_only,fast_failure_2pct_target4pct_2d,-0.5864905244,-0.6081356484,False,-0.0961078979,-0.0630811575,True,True,-0.49038262650000003
sector_leader,2,s0_distance_only,momentum_trail_4pct_5d,-0.4854309969,-0.5104647583,False,-0.1443530667,-0.128408485,True,True,-0.3410779302
sector_leader,2,s0_distance_only,next_open_1d,-0.5588599332,-0.5818750103,False,-0.1375624919,-0.1317970673,True,True,-0.4212974413
sector_leader,2,s0_distance_only,next_open_2d,-0.0069028537,-0.2174924921,False,-0.0227626999,-0.0549068896,True,True,0.0158598462
sector_leader,2,s0_distance_only,next_open_3d,-0.1082410139,-0.3657826382,False,-0.1617494503,-0.1337679104,True,True,0.053508436399999984
sector_leader,2,s0_distance_only,next_open_5d,-0.0202478586,-0.2908503471,False,-0.0863066343,-0.0721804455,True,True,0.0660587757
sector_leader,2,s0_distance_only,protect_3pct_target6pct_3d,-0.2792876306,-0.3554180373,False,-0.1654246531,-0.1391433877,True,True,-0.11386297749999999
sector_leader,2,s0_strong_no_ma,fast_failure_2pct_target4pct_2d,-0.3428268882,-0.4302846913,False,-0.0395802972,-0.1300172508,True,True,-0.303246591
sector_leader,2,s0_strong_no_ma,momentum_trail_4pct_5d,0.0048789537,-0.3634002524,False,-0.0002642053,-0.0951640148,True,False,0.005143159
sector_leader,2,s0_strong_no_ma,next_open_1d,0.1271284622,-0.4264827094,False,-0.0243563355,-0.1139069322,False,False,0.15148479769999998
sector_leader,2,s0_strong_no_ma,next_open_2d,-0.3637848015,-0.5875590027,False,-0.0237597767,-0.1336570305,True,True,-0.34002502479999996
sector_leader,2,s0_strong_no_ma,next_open_3d,-0.2825416499,-0.4286769669,False,-0.0178666509,-0.0861535506,True,True,-0.264674999
sector_leader,2,s0_strong_no_ma,next_open_5d,0.4310192018,-0.4748942399,False,-0.0901488266,-0.1416180992,True,False,0.5211680284
sector_leader,2,s0_strong_no_ma,protect_3pct_target6pct_3d,-0.2610120716,-0.5086062654,False,0.0137261115,-0.0607877588,True,False,-0.27473818310000003
sector_leader,2,s1_break_reclaim_stable3,fast_failure_2pct_target4pct_2d,-0.5984441312,-0.6120237749,False,-0.0607682902,-0.087626255,True,True,-0.537675841
sector_leader,2,s1_break_reclaim_stable3,momentum_trail_4pct_5d,-0.5711741931,-0.5792802768,True,-0.1153628602,-0.1377117875,True,True,-0.4558113329
sector_leader,2,s1_break_reclaim_stable3,next_open_1d,-0.3938022836,-0.4349741391,False,-0.0457614568,-0.0957742799,True,True,-0.34804082680000004
sector_leader,2,s1_break_reclaim_stable3,next_open_2d,-0.2463938483,-0.4354553057,False,-0.0642236376,-0.1135402584,True,True,-0.1821702107
sector_leader,2,s1_break_reclaim_stable3,next_open_3d,-0.1080678774,-0.2575252105,False,-0.0077178288,-0.080961729,True,True,-0.10035004859999999
sector_leader,2,s1_break_reclaim_stable3,next_open_5d,-0.4057588179,-0.4206834435,False,-0.0521708852,-0.107460087,True,True,-0.3535879327
sector_leader,2,s1_break_reclaim_stable3,protect_3pct_target6pct_3d,-0.5345687272,-0.5516128992,False,-0.1003876638,-0.1257317423,True,True,-0.43418106340000007
sector_leader,2,s1_near_reversal,fast_failure_2pct_target4pct_2d,-0.0748420753,-0.3418252076,False,-0.0780126768,-0.1065054547,False,True,0.003170601499999995
sector_leader,2,s1_near_reversal,momentum_trail_4pct_5d,-0.0935710991,-0.3582106592,False,-0.0554444825,-0.0966817906,True,True,-0.038126616599999996
sector_leader,2,s1_near_reversal,next_open_1d,-0.1706955193,-0.3771920938,False,-0.0350986535,-0.0853420626,False,True,-0.1355968658
sector_leader,2,s1_near_reversal,next_open_2d,0.1170160517,-0.24213956,False,0.0499776689,-0.0908041705,True,True,0.06703838279999999
sector_leader,2,s1_near_reversal,next_open_3d,0.2527672571,-0.3363162685,False,-0.0161971458,-0.0633376885,True,False,0.26896440289999995
sector_leader,2,s1_near_reversal,next_open_5d,-0.0023993644,-0.3083203305,False,-0.0590110242,-0.1125540782,True,True,0.0566116598
sector_leader,2,s1_near_reversal,protect_3pct_target6pct_3d,-0.223018324,-0.3600019752,False,-0.0969997702,-0.1236673181,True,True,-0.1260185538
sector_leader,2,s1_touch_immediate,fast_failure_2pct_target4pct_2d,-0.541364921,-0.5585184829,False,-0.0571578141,-0.0733415746,True,True,-0.4842071069
sector_leader,2,s1_touch_immediate,momentum_trail_4pct_5d,-0.385084977,-0.405382373,False,-0.0977073101,-0.1036694852,True,True,-0.2873776669
sector_leader,2,s1_touch_immediate,next_open_1d,-0.5317254694,-0.5483913007,False,0.0031361238,-0.0409131441,True,False,-0.5348615931999999
sector_leader,2,s1_touch_immediate,next_open_2d,-0.5351020994,-0.5310845351,False,0.0019032688,-0.0472837461,True,False,-0.5370053682
sector_leader,2,s1_touch_immediate,next_open_3d,-0.3308816556,-0.4210208014,False,-0.0839559332,-0.0870966253,True,True,-0.2469257224
sector_leader,2,s1_touch_immediate,next_open_5d,-0.2075165607,-0.4194945077,False,-0.0753048995,-0.0757620626,True,True,-0.1322116612
sector_leader,2,s1_touch_immediate,protect_3pct_target6pct_3d,-0.406040867,-0.4390339386,False,-0.1248592176,-0.1040911676,True,True,-0.2811816494
sector_leader,2,s1_touch_reclaim,fast_failure_2pct_target4pct_2d,-0.5464098567,-0.5623340229,False,-0.0259921753,-0.0744269901,True,True,-0.5204176814
sector_leader,2,s1_touch_reclaim,momentum_trail_4pct_5d,-0.2814076315,-0.3511657837,False,-0.0855712607,-0.0845245788,True,True,-0.1958363708
sector_leader,2,s1_touch_reclaim,next_open_1d,-0.4851012937,-0.5171349721,False,0.0301423975,-0.0402586621,True,False,-0.5152436912
sector_leader,2,s1_touch_reclaim,next_open_2d,-0.3972325343,-0.4414990206,False,0.0396697379,-0.0586539119,True,False,-0.4369022722
sector_leader,2,s1_touch_reclaim,next_open_3d,-0.2795879906,-0.3821754238,False,-0.031567053,-0.0795268645,True,True,-0.2480209376
sector_leader,2,s1_touch_reclaim,next_open_5d,-0.1139709668,-0.4277504791,False,-0.0326303712,-0.0680006792,True,True,-0.08134059560000001
sector_leader,2,s1_touch_reclaim,protect_3pct_target6pct_3d,-0.2807851928,-0.3790514509,False,-0.0266109569,-0.0717498809,False,True,-0.25417423590000005
sector_leader,2,s2_first_touch_reclaim,fast_failure_2pct_target4pct_2d,-0.8160095727,-0.8161601167,False,-0.0801760667,-0.1043508292,True,True,-0.735833506
sector_leader,2,s2_first_touch_reclaim,momentum_trail_4pct_5d,-0.599599662,-0.5951571055,False,0.0514206799,-0.0219410826,True,False,-0.6510203419
sector_leader,2,s2_first_touch_reclaim,next_open_1d,-0.7774481853,-0.7850714122,False,-0.0321937252,-0.084780717,True,True,-0.7452544601000001
sector_leader,2,s2_first_touch_reclaim,next_open_2d,-0.5262044869,-0.5225464243,False,-0.0532575444,-0.1179842707,True,True,-0.47294694249999997
sector_leader,2,s2_first_touch_reclaim,next_open_3d,-0.4919497685,-0.5547047822,False,0.0415249008,-0.0395044514,True,False,-0.5334746693
sector_leader,2,s2_first_touch_reclaim,next_open_5d,-0.4677141809,-0.4912762454,False,-0.0333675678,-0.079562741,True,True,-0.4343466131
sector_leader,2,s2_first_touch_reclaim,protect_3pct_target6pct_3d,-0.6039594658,-0.6113564336,False,0.0160058827,-0.0561141249,True,False,-0.6199653485000001
sector_leader,2,s2_reclaim_acceleration,fast_failure_2pct_target4pct_2d,-0.6899013663,-0.6956439573,False,-0.1151688522,-0.1029891876,True,True,-0.5747325140999999
sector_leader,2,s2_reclaim_acceleration,momentum_trail_4pct_5d,-0.3049217909,-0.3286290821,False,-0.0220774962,-0.0532908603,True,True,-0.2828442947
sector_leader,2,s2_reclaim_acceleration,next_open_1d,-0.5957724798,-0.6051264957,False,-0.1218815186,-0.1024871622,True,True,-0.4738909612
sector_leader,2,s2_reclaim_acceleration,next_open_2d,-0.210601474,-0.4362630847,False,-0.0697818888,-0.0987044165,True,True,-0.1408195852
sector_leader,2,s2_reclaim_acceleration,next_open_3d,-0.1321168073,-0.29520854,False,-0.0654150604,-0.087880674,True,True,-0.0667017469
sector_leader,2,s2_reclaim_acceleration,next_open_5d,-0.1062882299,-0.4058831839,False,-0.0675909547,-0.0970821653,True,True,-0.038697275200000006
sector_leader,2,s2_reclaim_acceleration,protect_3pct_target6pct_3d,-0.3865743005,-0.5060698583,False,-0.0847862241,-0.0762174265,False,True,-0.30178807640000005
sector_leader,2,s2_reclaim_bull_stack,fast_failure_2pct_target4pct_2d,-0.4529074889,-0.5827914833,False,0.0325539008,-0.0633324482,True,False,-0.48546138969999997
sector_leader,2,s2_reclaim_bull_stack,momentum_trail_4pct_5d,-0.1096793967,-0.2931769436,False,0.0494956325,-0.072698754,True,False,-0.15917502919999998
sector_leader,2,s2_reclaim_bull_stack,next_open_1d,-0.2698377635,-0.394997875,False,0.0080976439,-0.0972643597,True,False,-0.2779354074
sector_leader,2,s2_reclaim_bull_stack,next_open_2d,-0.3787117127,-0.4172713278,True,-0.0681817228,-0.110182116,True,True,-0.31052998989999997
sector_leader,2,s2_reclaim_bull_stack,next_open_3d,0.2220736187,-0.3681686265,True,-0.0112534359,-0.0536194489,True,False,0.2333270546
sector_leader,2,s2_reclaim_bull_stack,next_open_5d,-0.3669174215,-0.4842201477,False,-0.0581861183,-0.1200951911,True,True,-0.30873130320000003
sector_leader,2,s2_reclaim_bull_stack,protect_3pct_target6pct_3d,-0.4244778721,-0.5054768123,False,-0.02728927,-0.0709647913,True,True,-0.3971886021
sector_leader,2,s2_reclaim_daily_trend,fast_failure_2pct_target4pct_2d,-0.2799217183,-0.3806209052,False,-0.0294313487,-0.088510849,True,True,-0.25049036960000004
sector_leader,2,s2_reclaim_daily_trend,momentum_trail_4pct_5d,-0.3266008801,-0.4734644902,False,0.0212244825,-0.0266386583,True,False,-0.34782536259999997
sector_leader,2,s2_reclaim_daily_trend,next_open_1d,-0.2154897408,-0.3736715843,False,-0.0343052822,-0.0900700362,True,True,-0.1811844586
sector_leader,2,s2_reclaim_daily_trend,next_open_2d,0.0723148578,-0.2883990676,False,-0.0586503938,-0.091339973,True,False,0.1309652516
sector_leader,2,s2_reclaim_daily_trend,next_open_3d,0.5291129121,-0.2217242735,False,-0.0666508029,-0.0930206506,True,False,0.595763715
sector_leader,2,s2_reclaim_daily_trend,next_open_5d,0.5808613067,-0.267944935,False,-0.0819486207,-0.1169068387,True,False,0.6628099274
sector_leader,2,s2_reclaim_daily_trend,protect_3pct_target6pct_3d,-0.405439397,-0.4779911457,False,0.0463308491,-0.0330553259,True,False,-0.4517702461
sector_leader,2,s2_reclaim_positive_slope,fast_failure_2pct_target4pct_2d,-0.1320629164,-0.3814369614,False,0.0315856826,-0.0394539883,True,False,-0.163648599
sector_leader,2,s2_reclaim_positive_slope,momentum_trail_4pct_5d,-0.264825954,-0.3407813972,False,0.0155449112,-0.0616704767,True,False,-0.2803708652
sector_leader,2,s2_reclaim_positive_slope,next_open_1d,-0.2285852624,-0.3761532141,False,0.0793825809,-0.0473012096,True,False,-0.3079678433
sector_leader,2,s2_reclaim_positive_slope,next_open_2d,-0.1163131196,-0.2674066541,False,0.000216629,-0.065449232,True,False,-0.1165297486
sector_leader,2,s2_reclaim_positive_slope,next_open_3d,0.2713386834,-0.2975200361,False,0.0468729487,-0.0759335596,True,True,0.2244657347
sector_leader,2,s2_reclaim_positive_slope,next_open_5d,0.2903082877,-0.2389336318,True,-0.0698917026,-0.121157579,True,False,0.3601999903
sector_leader,2,s2_reclaim_positive_slope,protect_3pct_target6pct_3d,-0.420147081,-0.4754239938,False,-0.0269744198,-0.0840197252,True,True,-0.3931726612
sector_leader,2,s2_reclaim_recent_high,fast_failure_2pct_target4pct_2d,-0.7455334137,-0.7451497406,False,-0.0153782221,-0.1252219421,False,True,-0.7301551916000001
sector_leader,2,s2_reclaim_recent_high,momentum_trail_4pct_5d,-0.6981839055,-0.7053246949,True,0.0144039526,-0.1276954496,False,False,-0.7125878581
sector_leader,2,s2_reclaim_recent_high,next_open_1d,-0.4442518249,-0.5126217134,False,-0.0428376568,-0.1438713562,False,True,-0.40141416809999997
sector_leader,2,s2_reclaim_recent_high,next_open_2d,-0.4094255099,-0.4673644349,False,-0.1096801137,-0.1649658993,True,True,-0.29974539619999996
sector_leader,2,s2_reclaim_recent_high,next_open_3d,-0.7585358976,-0.7660798335,False,-0.0113389024,-0.0670702221,True,True,-0.7471969951999999
sector_leader,2,s2_reclaim_recent_high,next_open_5d,-0.0707676121,-0.32431401,False,0.1188073237,-0.0225430518,True,False,-0.1895749358
sector_leader,2,s2_reclaim_recent_high,protect_3pct_target6pct_3d,-0.7200474106,-0.7223286935,False,0.0566147838,-0.080212123,False,False,-0.7766621944
sector_leader,2,s4_auction_confirmed_reclaim,fast_failure_2pct_target4pct_2d,-0.3270107124,-0.4977316872,False,-0.1077255551,-0.1235629772,True,True,-0.21928515730000003
sector_leader,2,s4_auction_confirmed_reclaim,momentum_trail_4pct_5d,-0.4566517972,-0.5089412892,False,-0.0640408497,-0.1136265969,True,True,-0.3926109475
sector_leader,2,s4_auction_confirmed_reclaim,next_open_1d,-0.2794771301,-0.4527602603,False,-0.12834862,-0.1432101653,True,True,-0.15112851010000003
sector_leader,2,s4_auction_confirmed_reclaim,next_open_2d,-0.4236717383,-0.5652623617,False,0.0154232661,-0.0814923792,True,False,-0.4390950044
sector_leader,2,s4_auction_confirmed_reclaim,next_open_3d,-0.2129273201,-0.3885438191,False,-0.0447723444,-0.1407175971,True,True,-0.16815497570000001
sector_leader,2,s4_auction_confirmed_reclaim,next_open_5d,-0.0961066947,-0.4075630104,False,-0.0745929457,-0.1088457023,True,True,-0.021513749
sector_leader,2,s4_auction_confirmed_reclaim,protect_3pct_target6pct_3d,-0.2667388455,-0.4613198907,False,-0.1515590103,-0.1609192952,True,True,-0.1151798352
sector_leader,2,s4_reclaim_amount_acceleration,fast_failure_2pct_target4pct_2d,-0.5563479774,-0.5712355579,False,-0.0181938784,-0.0669373989,True,True,-0.538154099
sector_leader,2,s4_reclaim_amount_acceleration,momentum_trail_4pct_5d,-0.2044470555,-0.3164790142,False,-0.0855965793,-0.0983941717,True,True,-0.1188504762
sector_leader,2,s4_reclaim_amount_acceleration,next_open_1d,-0.4849788441,-0.5166345427,False,0.0301423975,-0.0402586621,True,False,-0.5151212416
sector_leader,2,s4_reclaim_amount_acceleration,next_open_2d,-0.3187720465,-0.4239285061,False,0.0396697379,-0.0586539119,True,False,-0.3584417844
sector_leader,2,s4_reclaim_amount_acceleration,next_open_3d,-0.2481821237,-0.3820923118,False,-0.031567053,-0.0795268645,True,True,-0.21661507070000002
sector_leader,2,s4_reclaim_amount_acceleration,next_open_5d,-0.1399280379,-0.4277504791,False,-0.0326303712,-0.0680006792,True,True,-0.10729766669999999
sector_leader,2,s4_reclaim_amount_acceleration,protect_3pct_target6pct_3d,-0.3320591774,-0.3937349722,False,-0.0107882869,-0.0618868648,False,True,-0.3212708905
sector_leader,2,s4_reclaim_volume_normal,fast_failure_2pct_target4pct_2d,-0.5686741608,-0.5736564286,False,-0.0379589105,-0.0943904618,True,True,-0.5307152503
sector_leader,2,s4_reclaim_volume_normal,momentum_trail_4pct_5d,-0.6054559434,-0.6081734366,False,-0.0610633914,-0.0963326684,True,True,-0.5443925519999999
sector_leader,2,s4_reclaim_volume_normal,next_open_1d,-0.5752129298,-0.5827084407,False,-0.091178458,-0.1457440218,True,True,-0.48403447180000003
sector_leader,2,s4_reclaim_volume_normal,next_open_2d,-0.2737107591,-0.4285827373,False,-0.0316353419,-0.0980349897,True,True,-0.24207541719999998
sector_leader,2,s4_reclaim_volume_normal,next_open_3d,-0.2138671156,-0.4497985117,False,-0.021753282,-0.0927335015,True,True,-0.1921138336
sector_leader,2,s4_reclaim_volume_normal,next_open_5d,-0.1759700572,-0.3327681166,False,-0.0032844719,-0.0983277303,True,True,-0.1726855853
sector_leader,2,s4_reclaim_volume_normal,protect_3pct_target6pct_3d,-0.6166525136,-0.6472636928,False,-0.0450769067,-0.0840360882,True,True,-0.5715756069
sector_leader,2,s4_reclaim_volume_proxy,fast_failure_2pct_target4pct_2d,-0.3977829428,-0.4425176105,False,-0.0256696421,-0.0804892717,True,True,-0.3721133007
sector_leader,2,s4_reclaim_volume_proxy,momentum_trail_4pct_5d,-0.3178567593,-0.407196677,False,-0.0570983936,-0.0826517537,True,True,-0.2607583657
sector_leader,2,s4_reclaim_volume_proxy,next_open_1d,-0.247215946,-0.3496251853,False,-0.0365054678,-0.0751192298,True,True,-0.2107104782
sector_leader,2,s4_reclaim_volume_proxy,next_open_2d,-0.2253850606,-0.3540727048,False,-0.03780136,-0.0610495639,True,True,-0.1875837006
sector_leader,2,s4_reclaim_volume_proxy,next_open_3d,-0.0340008686,-0.3345327014,False,-0.0325241061,-0.0558998166,True,True,-0.0014767624999999993
sector_leader,2,s4_reclaim_volume_proxy,next_open_5d,-0.2319143367,-0.3432525419,False,-0.0063673396,-0.0427353696,True,True,-0.2255469971
sector_leader,2,s4_reclaim_volume_proxy,protect_3pct_target6pct_3d,-0.2901583865,-0.3357990873,False,-0.01792509,-0.070459892,True,True,-0.2722332965
sector_leader,2,s4_reclaim_vwap_support,fast_failure_2pct_target4pct_2d,-0.5820836088,-0.6040817303,False,-0.0254429157,-0.0744269901,True,True,-0.5566406931
sector_leader,2,s4_reclaim_vwap_support,momentum_trail_4pct_5d,-0.4477043692,-0.4625197292,False,-0.0855712607,-0.0845245788,True,True,-0.3621331085
sector_leader,2,s4_reclaim_vwap_support,next_open_1d,-0.5207567843,-0.5523829692,False,0.0146499793,-0.0459389403,True,False,-0.5354067636000001
sector_leader,2,s4_reclaim_vwap_support,next_open_2d,-0.4399037722,-0.4556717611,False,0.0396697379,-0.0586539119,True,False,-0.4795735101
sector_leader,2,s4_reclaim_vwap_support,next_open_3d,-0.3556268944,-0.3943869803,False,-0.031567053,-0.0795268645,True,True,-0.3240598414
sector_leader,2,s4_reclaim_vwap_support,next_open_5d,-0.2821256107,-0.4231881017,False,-0.0326303712,-0.0680006792,True,True,-0.24949523949999997
sector_leader,2,s4_reclaim_vwap_support,protect_3pct_target6pct_3d,-0.3254747177,-0.4267412526,False,-0.0266109569,-0.0717498809,False,True,-0.29886376080000004
sector_leader,3,cs_r3_leader_confirmation,fast_failure_2pct_target4pct_2d,-0.5470285904,-0.5590728653,False,-0.0503963594,-0.0820243459,True,True,-0.496632231
sector_leader,3,cs_r3_leader_confirmation,momentum_trail_4pct_5d,-0.4604474534,-0.5013958462,False,-0.0999103875,-0.1159363775,True,True,-0.3605370659
sector_leader,3,cs_r3_leader_confirmation,next_open_1d,-0.5726597874,-0.5859222574,False,0.032239476,-0.0584468479,True,False,-0.6048992634
sector_leader,3,cs_r3_leader_confirmation,next_open_2d,-0.0955158393,-0.2322278025,False,0.0086853041,-0.0590032482,True,False,-0.1042011434
sector_leader,3,cs_r3_leader_confirmation,next_open_3d,-0.1684054879,-0.2846398887,False,-0.005286982,-0.0910209873,True,True,-0.16311850590000002
sector_leader,3,cs_r3_leader_confirmation,next_open_5d,-0.0119428848,-0.2650821495,False,-0.0451772311,-0.0801835606,True,True,0.0332343463
sector_leader,3,cs_r3_leader_confirmation,protect_3pct_target6pct_3d,-0.3811761008,-0.4078515209,False,-0.0802441653,-0.1274761991,True,True,-0.30093193549999997
sector_leader,3,fu_r3_core_pullback,fast_failure_2pct_target4pct_2d,-0.0726341242,-0.2274904847,False,0.0393069874,-0.0427160805,True,False,-0.1119411116
sector_leader,3,fu_r3_core_pullback,momentum_trail_4pct_5d,0.0859274498,-0.2776032453,False,-0.0103624535,-0.0632488917,True,False,0.09628990330000001
sector_leader,3,fu_r3_core_pullback,next_open_1d,-0.2262366171,-0.3237874787,False,0.0212298996,-0.050894022,True,False,-0.2474665167
sector_leader,3,fu_r3_core_pullback,next_open_2d,-0.2142292162,-0.3531355005,False,-0.0882183564,-0.1033887467,True,True,-0.12601085979999999
sector_leader,3,fu_r3_core_pullback,next_open_3d,0.3899542759,-0.2081148458,False,-0.1392660365,-0.1529166798,True,False,0.5292203124
sector_leader,3,fu_r3_core_pullback,next_open_5d,0.1397532544,-0.2698743643,True,-0.0835851002,-0.1179885689,True,False,0.2233383546
sector_leader,3,fu_r3_core_pullback,protect_3pct_target6pct_3d,0.2002119724,-0.2862807616,False,0.0016432969,-0.0617642549,True,True,0.19856867549999999
sector_leader,3,ht_r3_core_pullback,fast_failure_2pct_target4pct_2d,-0.5789901841,-0.6182590424,False,-0.0639440573,-0.1327458633,True,True,-0.5150461268000001
sector_leader,3,ht_r3_core_pullback,momentum_trail_4pct_5d,-0.4513508546,-0.5259082644,False,-0.0811954425,-0.1044467931,True,True,-0.3701554121
sector_leader,3,ht_r3_core_pullback,next_open_1d,-0.4221197619,-0.497189238,False,-0.082393967,-0.1575843545,True,True,-0.3397257949
sector_leader,3,ht_r3_core_pullback,next_open_2d,-0.2383289511,-0.416357345,False,-0.0482128426,-0.0954088902,True,True,-0.1901161085
sector_leader,3,ht_r3_core_pullback,next_open_3d,-0.388011931,-0.4379908837,False,-0.0674984856,-0.1199334807,True,True,-0.3205134454
sector_leader,3,ht_r3_core_pullback,next_open_5d,0.02170607,-0.3787484592,False,-0.0088156606,-0.1043308033,True,False,0.0305217306
sector_leader,3,ht_r3_core_pullback,protect_3pct_target6pct_3d,-0.5618830181,-0.6071859201,False,-0.0494541508,-0.1018651696,True,True,-0.5124288672999999
sector_leader,3,ng_r1_auction_reclaim,fast_failure_2pct_target4pct_2d,-0.1260333532,-0.2802581129,False,0.048981217,-0.0257682788,True,False,-0.1750145702
sector_leader,3,ng_r1_auction_reclaim,momentum_trail_4pct_5d,0.1212264881,-0.2544173287,False,-0.0998250932,-0.1349046658,True,False,0.22105158130000002
sector_leader,3,ng_r1_auction_reclaim,next_open_1d,-0.0545817783,-0.2899655874,False,0.0269319322,-0.0252976245,True,False,-0.0815137105
sector_leader,3,ng_r1_auction_reclaim,next_open_2d,-0.1429228107,-0.299760325,False,-0.0367653034,-0.0717284836,True,True,-0.10615750730000001
sector_leader,3,ng_r1_auction_reclaim,next_open_3d,-0.2000746488,-0.3991221842,False,-0.068266986,-0.1020867285,True,True,-0.1318076628
sector_leader,3,ng_r1_auction_reclaim,next_open_5d,0.4606696975,-0.2240816143,False,-0.0419543678,-0.0969888037,True,False,0.5026240653
sector_leader,3,ng_r1_auction_reclaim,protect_3pct_target6pct_3d,0.0408863578,-0.2498333267,False,0.0146195768,-0.0364605501,True,True,0.026266781000000003
sector_leader,3,ng_r3_volume_quality,fast_failure_2pct_target4pct_2d,-0.4874236,-0.5011876475,False,-0.0406265911,-0.0810271742,True,True,-0.4467970089
sector_leader,3,ng_r3_volume_quality,momentum_trail_4pct_5d,-0.4895362337,-0.5406041259,False,-0.1225994393,-0.1503034332,True,True,-0.3669367944
sector_leader,3,ng_r3_volume_quality,next_open_1d,-0.446025847,-0.4797841445,False,-0.0603969593,-0.1158753534,True,True,-0.3856288877
sector_leader,3,ng_r3_volume_quality,next_open_2d,0.0169288256,-0.3393323329,False,0.0326361408,-0.0538803909,True,True,-0.0157073152
sector_leader,3,ng_r3_volume_quality,next_open_3d,-0.2207219093,-0.4496743861,False,-0.0062693597,-0.0646671569,True,True,-0.2144525496
sector_leader,3,ng_r3_volume_quality,next_open_5d,-0.1539859986,-0.3381144926,False,-0.0131385006,-0.1029909663,True,True,-0.14084749800000002
sector_leader,3,ng_r3_volume_quality,protect_3pct_target6pct_3d,-0.6044361628,-0.6307221503,False,-0.0556540699,-0.1038227671,True,True,-0.5487820929
sector_leader,3,s0_distance_only,fast_failure_2pct_target4pct_2d,-0.5864905244,-0.6081356484,False,-0.0961078979,-0.0630811575,True,True,-0.49038262650000003
sector_leader,3,s0_distance_only,momentum_trail_4pct_5d,-0.4854309969,-0.5104647583,False,-0.1443530667,-0.128408485,True,True,-0.3410779302
sector_leader,3,s0_distance_only,next_open_1d,-0.5588599332,-0.5818750103,False,-0.1375624919,-0.1317970673,True,True,-0.4212974413
sector_leader,3,s0_distance_only,next_open_2d,-0.0069028537,-0.2174924921,False,-0.0227626999,-0.0549068896,True,True,0.0158598462
sector_leader,3,s0_distance_only,next_open_3d,-0.1082410139,-0.3657826382,False,-0.1617494503,-0.1337679104,True,True,0.053508436399999984
sector_leader,3,s0_distance_only,next_open_5d,-0.0202478586,-0.2908503471,False,-0.0863066343,-0.0721804455,True,True,0.0660587757
sector_leader,3,s0_distance_only,protect_3pct_target6pct_3d,-0.2792876306,-0.3554180373,False,-0.1654246531,-0.1391433877,True,True,-0.11386297749999999
sector_leader,3,s0_strong_no_ma,fast_failure_2pct_target4pct_2d,-0.3428268882,-0.4302846913,False,-0.0395802972,-0.1300172508,True,True,-0.303246591
sector_leader,3,s0_strong_no_ma,momentum_trail_4pct_5d,0.0048789537,-0.3634002524,False,-0.0002642053,-0.0951640148,True,False,0.005143159
sector_leader,3,s0_strong_no_ma,next_open_1d,0.1271284622,-0.4264827094,False,-0.0243563355,-0.1139069322,False,False,0.15148479769999998
sector_leader,3,s0_strong_no_ma,next_open_2d,-0.3637848015,-0.5875590027,False,-0.0237597767,-0.1336570305,True,True,-0.34002502479999996
sector_leader,3,s0_strong_no_ma,next_open_3d,-0.2825416499,-0.4286769669,False,-0.0178666509,-0.0861535506,True,True,-0.264674999
sector_leader,3,s0_strong_no_ma,next_open_5d,0.4310192018,-0.4748942399,False,-0.0901488266,-0.1416180992,True,False,0.5211680284
sector_leader,3,s0_strong_no_ma,protect_3pct_target6pct_3d,-0.2610120716,-0.5086062654,False,0.0137261115,-0.0607877588,True,False,-0.27473818310000003
sector_leader,3,s1_break_reclaim_stable3,fast_failure_2pct_target4pct_2d,-0.5984441312,-0.6120237749,False,-0.0607682902,-0.087626255,True,True,-0.537675841
sector_leader,3,s1_break_reclaim_stable3,momentum_trail_4pct_5d,-0.5711741931,-0.5792802768,True,-0.1153628602,-0.1377117875,True,True,-0.4558113329
sector_leader,3,s1_break_reclaim_stable3,next_open_1d,-0.3938022836,-0.4349741391,False,-0.0457614568,-0.0957742799,True,True,-0.34804082680000004
sector_leader,3,s1_break_reclaim_stable3,next_open_2d,-0.2463938483,-0.4354553057,False,-0.0642236376,-0.1135402584,True,True,-0.1821702107
sector_leader,3,s1_break_reclaim_stable3,next_open_3d,-0.1080678774,-0.2575252105,False,-0.0077178288,-0.080961729,True,True,-0.10035004859999999
sector_leader,3,s1_break_reclaim_stable3,next_open_5d,-0.4057588179,-0.4206834435,False,-0.0521708852,-0.107460087,True,True,-0.3535879327
sector_leader,3,s1_break_reclaim_stable3,protect_3pct_target6pct_3d,-0.5345687272,-0.5516128992,False,-0.1003876638,-0.1257317423,True,True,-0.43418106340000007
sector_leader,3,s1_near_reversal,fast_failure_2pct_target4pct_2d,-0.0748420753,-0.3418252076,False,-0.0780126768,-0.1065054547,False,True,0.003170601499999995
sector_leader,3,s1_near_reversal,momentum_trail_4pct_5d,-0.0935710991,-0.3582106592,False,-0.0554444825,-0.0966817906,True,True,-0.038126616599999996
sector_leader,3,s1_near_reversal,next_open_1d,-0.1706955193,-0.3771920938,False,-0.0350986535,-0.0853420626,False,True,-0.1355968658
sector_leader,3,s1_near_reversal,next_open_2d,0.1170160517,-0.24213956,False,0.0499776689,-0.0908041705,True,True,0.06703838279999999
sector_leader,3,s1_near_reversal,next_open_3d,0.2527672571,-0.3363162685,False,-0.0161971458,-0.0633376885,True,False,0.26896440289999995
sector_leader,3,s1_near_reversal,next_open_5d,-0.0023993644,-0.3083203305,False,-0.0590110242,-0.1125540782,True,True,0.0566116598
sector_leader,3,s1_near_reversal,protect_3pct_target6pct_3d,-0.223018324,-0.3600019752,False,-0.0969997702,-0.1236673181,True,True,-0.1260185538
sector_leader,3,s1_touch_immediate,fast_failure_2pct_target4pct_2d,-0.541364921,-0.5585184829,False,-0.0571578141,-0.0733415746,True,True,-0.4842071069
sector_leader,3,s1_touch_immediate,momentum_trail_4pct_5d,-0.385084977,-0.405382373,False,-0.0977073101,-0.1036694852,True,True,-0.2873776669
sector_leader,3,s1_touch_immediate,next_open_1d,-0.5317254694,-0.5483913007,False,0.0031361238,-0.0409131441,True,False,-0.5348615931999999
sector_leader,3,s1_touch_immediate,next_open_2d,-0.5351020994,-0.5310845351,False,0.0019032688,-0.0472837461,True,False,-0.5370053682
sector_leader,3,s1_touch_immediate,next_open_3d,-0.3308816556,-0.4210208014,False,-0.0839559332,-0.0870966253,True,True,-0.2469257224
sector_leader,3,s1_touch_immediate,next_open_5d,-0.2075165607,-0.4194945077,False,-0.0753048995,-0.0757620626,True,True,-0.1322116612
sector_leader,3,s1_touch_immediate,protect_3pct_target6pct_3d,-0.4059401094,-0.4389313743,False,-0.1248592176,-0.1040911676,True,True,-0.2810808918
sector_leader,3,s1_touch_reclaim,fast_failure_2pct_target4pct_2d,-0.5464098567,-0.5623340229,False,-0.0259921753,-0.0744269901,True,True,-0.5204176814
sector_leader,3,s1_touch_reclaim,momentum_trail_4pct_5d,-0.2814076315,-0.3511657837,False,-0.0855712607,-0.0845245788,True,True,-0.1958363708
sector_leader,3,s1_touch_reclaim,next_open_1d,-0.4851012937,-0.5171349721,False,0.0301423975,-0.0402586621,True,False,-0.5152436912
sector_leader,3,s1_touch_reclaim,next_open_2d,-0.3972325343,-0.4414990206,False,0.0396697379,-0.0586539119,True,False,-0.4369022722
sector_leader,3,s1_touch_reclaim,next_open_3d,-0.2795879906,-0.3821754238,False,-0.031567053,-0.0795268645,True,True,-0.2480209376
sector_leader,3,s1_touch_reclaim,next_open_5d,-0.1139709668,-0.4277504791,False,-0.0326303712,-0.0680006792,True,True,-0.08134059560000001
sector_leader,3,s1_touch_reclaim,protect_3pct_target6pct_3d,-0.2807851928,-0.3790514509,False,-0.0266109569,-0.0717498809,False,True,-0.25417423590000005
sector_leader,3,s2_first_touch_reclaim,fast_failure_2pct_target4pct_2d,-0.8160095727,-0.8161601167,False,-0.0801760667,-0.1043508292,True,True,-0.735833506
sector_leader,3,s2_first_touch_reclaim,momentum_trail_4pct_5d,-0.599599662,-0.5951571055,False,0.0514206799,-0.0219410826,True,False,-0.6510203419
sector_leader,3,s2_first_touch_reclaim,next_open_1d,-0.7774481853,-0.7850714122,False,-0.0321937252,-0.084780717,True,True,-0.7452544601000001
sector_leader,3,s2_first_touch_reclaim,next_open_2d,-0.5262044869,-0.5225464243,False,-0.0532575444,-0.1179842707,True,True,-0.47294694249999997
sector_leader,3,s2_first_touch_reclaim,next_open_3d,-0.4919497685,-0.5547047822,False,0.0415249008,-0.0395044514,True,False,-0.5334746693
sector_leader,3,s2_first_touch_reclaim,next_open_5d,-0.4677141809,-0.4912762454,False,-0.0333675678,-0.079562741,True,True,-0.4343466131
sector_leader,3,s2_first_touch_reclaim,protect_3pct_target6pct_3d,-0.6039594658,-0.6113564336,False,0.0160058827,-0.0561141249,True,False,-0.6199653485000001
sector_leader,3,s2_reclaim_acceleration,fast_failure_2pct_target4pct_2d,-0.6899013663,-0.6956439573,False,-0.1151688522,-0.1029891876,True,True,-0.5747325140999999
sector_leader,3,s2_reclaim_acceleration,momentum_trail_4pct_5d,-0.3049217909,-0.3286290821,False,-0.0220774962,-0.0532908603,True,True,-0.2828442947
sector_leader,3,s2_reclaim_acceleration,next_open_1d,-0.5957724798,-0.6051264957,False,-0.1218815186,-0.1024871622,True,True,-0.4738909612
sector_leader,3,s2_reclaim_acceleration,next_open_2d,-0.210601474,-0.4362630847,False,-0.0697818888,-0.0987044165,True,True,-0.1408195852
sector_leader,3,s2_reclaim_acceleration,next_open_3d,-0.1321168073,-0.29520854,False,-0.0654150604,-0.087880674,True,True,-0.0667017469
sector_leader,3,s2_reclaim_acceleration,next_open_5d,-0.1062882299,-0.4058831839,False,-0.0675909547,-0.0970821653,True,True,-0.038697275200000006
sector_leader,3,s2_reclaim_acceleration,protect_3pct_target6pct_3d,-0.3865743005,-0.5060698583,False,-0.0847862241,-0.0762174265,False,True,-0.30178807640000005
sector_leader,3,s2_reclaim_bull_stack,fast_failure_2pct_target4pct_2d,-0.4529074889,-0.5827914833,False,0.0325539008,-0.0633324482,True,False,-0.48546138969999997
sector_leader,3,s2_reclaim_bull_stack,momentum_trail_4pct_5d,-0.1096793967,-0.2931769436,False,0.0494956325,-0.072698754,True,False,-0.15917502919999998
sector_leader,3,s2_reclaim_bull_stack,next_open_1d,-0.2698377635,-0.394997875,False,0.0080976439,-0.0972643597,True,False,-0.2779354074
sector_leader,3,s2_reclaim_bull_stack,next_open_2d,-0.3787117127,-0.4172713278,True,-0.0681817228,-0.110182116,True,True,-0.31052998989999997
sector_leader,3,s2_reclaim_bull_stack,next_open_3d,0.2220736187,-0.3681686265,True,-0.0112534359,-0.0536194489,True,False,0.2333270546
sector_leader,3,s2_reclaim_bull_stack,next_open_5d,-0.3669174215,-0.4842201477,False,-0.0581861183,-0.1200951911,True,True,-0.30873130320000003
sector_leader,3,s2_reclaim_bull_stack,protect_3pct_target6pct_3d,-0.4244778721,-0.5054768123,False,-0.02728927,-0.0709647913,True,True,-0.3971886021
sector_leader,3,s2_reclaim_daily_trend,fast_failure_2pct_target4pct_2d,-0.2799217183,-0.3806209052,False,-0.0294313487,-0.088510849,True,True,-0.25049036960000004
sector_leader,3,s2_reclaim_daily_trend,momentum_trail_4pct_5d,-0.3266008801,-0.4734644902,False,0.0212244825,-0.0266386583,True,False,-0.34782536259999997
sector_leader,3,s2_reclaim_daily_trend,next_open_1d,-0.2154897408,-0.3736715843,False,-0.0343052822,-0.0900700362,True,True,-0.1811844586
sector_leader,3,s2_reclaim_daily_trend,next_open_2d,0.0723148578,-0.2883990676,False,-0.0586503938,-0.091339973,True,False,0.1309652516
sector_leader,3,s2_reclaim_daily_trend,next_open_3d,0.5291129121,-0.2217242735,False,-0.0666508029,-0.0930206506,True,False,0.595763715
sector_leader,3,s2_reclaim_daily_trend,next_open_5d,0.5808613067,-0.267944935,False,-0.0819486207,-0.1169068387,True,False,0.6628099274
sector_leader,3,s2_reclaim_daily_trend,protect_3pct_target6pct_3d,-0.405439397,-0.4779911457,False,0.0463308491,-0.0330553259,True,False,-0.4517702461
sector_leader,3,s2_reclaim_positive_slope,fast_failure_2pct_target4pct_2d,-0.1320629164,-0.3814369614,False,0.0315856826,-0.0394539883,True,False,-0.163648599
sector_leader,3,s2_reclaim_positive_slope,momentum_trail_4pct_5d,-0.264825954,-0.3407813972,False,0.0155449112,-0.0616704767,True,False,-0.2803708652
sector_leader,3,s2_reclaim_positive_slope,next_open_1d,-0.2285852624,-0.3761532141,False,0.0793825809,-0.0473012096,True,False,-0.3079678433
sector_leader,3,s2_reclaim_positive_slope,next_open_2d,-0.1163131196,-0.2674066541,False,0.000216629,-0.065449232,True,False,-0.1165297486
sector_leader,3,s2_reclaim_positive_slope,next_open_3d,0.2713386834,-0.2975200361,False,0.0468729487,-0.0759335596,True,True,0.2244657347
sector_leader,3,s2_reclaim_positive_slope,next_open_5d,0.2903082877,-0.2389336318,True,-0.0698917026,-0.121157579,True,False,0.3601999903
sector_leader,3,s2_reclaim_positive_slope,protect_3pct_target6pct_3d,-0.420147081,-0.4754239938,False,-0.0269744198,-0.0840197252,True,True,-0.3931726612
sector_leader,3,s2_reclaim_recent_high,fast_failure_2pct_target4pct_2d,-0.7455334137,-0.7451497406,False,-0.0153782221,-0.1252219421,False,True,-0.7301551916000001
sector_leader,3,s2_reclaim_recent_high,momentum_trail_4pct_5d,-0.6981839055,-0.7053246949,True,0.0144039526,-0.1276954496,False,False,-0.7125878581
sector_leader,3,s2_reclaim_recent_high,next_open_1d,-0.4442518249,-0.5126217134,False,-0.0428376568,-0.1438713562,False,True,-0.40141416809999997
sector_leader,3,s2_reclaim_recent_high,next_open_2d,-0.4094255099,-0.4673644349,False,-0.1096801137,-0.1649658993,True,True,-0.29974539619999996
sector_leader,3,s2_reclaim_recent_high,next_open_3d,-0.7585358976,-0.7660798335,False,-0.0113389024,-0.0670702221,True,True,-0.7471969951999999
sector_leader,3,s2_reclaim_recent_high,next_open_5d,-0.0707676121,-0.32431401,False,0.1188073237,-0.0225430518,True,False,-0.1895749358
sector_leader,3,s2_reclaim_recent_high,protect_3pct_target6pct_3d,-0.7200474106,-0.7223286935,False,0.0566147838,-0.080212123,False,False,-0.7766621944
sector_leader,3,s4_auction_confirmed_reclaim,fast_failure_2pct_target4pct_2d,-0.3270107124,-0.4977316872,False,-0.1077255551,-0.1235629772,True,True,-0.21928515730000003
sector_leader,3,s4_auction_confirmed_reclaim,momentum_trail_4pct_5d,-0.4566517972,-0.5089412892,False,-0.0640408497,-0.1136265969,True,True,-0.3926109475
sector_leader,3,s4_auction_confirmed_reclaim,next_open_1d,-0.2794771301,-0.4527602603,False,-0.12834862,-0.1432101653,True,True,-0.15112851010000003
sector_leader,3,s4_auction_confirmed_reclaim,next_open_2d,-0.4236717383,-0.5652623617,False,0.0154232661,-0.0814923792,True,False,-0.4390950044
sector_leader,3,s4_auction_confirmed_reclaim,next_open_3d,-0.2129273201,-0.3885438191,False,-0.0447723444,-0.1407175971,True,True,-0.16815497570000001
sector_leader,3,s4_auction_confirmed_reclaim,next_open_5d,-0.0961066947,-0.4075630104,False,-0.0745929457,-0.1088457023,True,True,-0.021513749
sector_leader,3,s4_auction_confirmed_reclaim,protect_3pct_target6pct_3d,-0.2667388455,-0.4613198907,False,-0.1515590103,-0.1609192952,True,True,-0.1151798352
sector_leader,3,s4_reclaim_amount_acceleration,fast_failure_2pct_target4pct_2d,-0.5563479774,-0.5712355579,False,-0.0181938784,-0.0669373989,True,True,-0.538154099
sector_leader,3,s4_reclaim_amount_acceleration,momentum_trail_4pct_5d,-0.2044470555,-0.3164790142,False,-0.0855965793,-0.0983941717,True,True,-0.1188504762
sector_leader,3,s4_reclaim_amount_acceleration,next_open_1d,-0.4849788441,-0.5166345427,False,0.0301423975,-0.0402586621,True,False,-0.5151212416
sector_leader,3,s4_reclaim_amount_acceleration,next_open_2d,-0.3187720465,-0.4239285061,False,0.0396697379,-0.0586539119,True,False,-0.3584417844
sector_leader,3,s4_reclaim_amount_acceleration,next_open_3d,-0.2481821237,-0.3820923118,False,-0.031567053,-0.0795268645,True,True,-0.21661507070000002
sector_leader,3,s4_reclaim_amount_acceleration,next_open_5d,-0.1399280379,-0.4277504791,False,-0.0326303712,-0.0680006792,True,True,-0.10729766669999999
sector_leader,3,s4_reclaim_amount_acceleration,protect_3pct_target6pct_3d,-0.3320591774,-0.3937349722,False,-0.0107882869,-0.0618868648,False,True,-0.3212708905
sector_leader,3,s4_reclaim_volume_normal,fast_failure_2pct_target4pct_2d,-0.5686741608,-0.5736564286,False,-0.0379589105,-0.0943904618,True,True,-0.5307152503
sector_leader,3,s4_reclaim_volume_normal,momentum_trail_4pct_5d,-0.6054559434,-0.6081734366,False,-0.0610633914,-0.0963326684,True,True,-0.5443925519999999
sector_leader,3,s4_reclaim_volume_normal,next_open_1d,-0.5752129298,-0.5827084407,False,-0.091178458,-0.1457440218,True,True,-0.48403447180000003
sector_leader,3,s4_reclaim_volume_normal,next_open_2d,-0.2737107591,-0.4285827373,False,-0.0316353419,-0.0980349897,True,True,-0.24207541719999998
sector_leader,3,s4_reclaim_volume_normal,next_open_3d,-0.2138671156,-0.4497985117,False,-0.021753282,-0.0927335015,True,True,-0.1921138336
sector_leader,3,s4_reclaim_volume_normal,next_open_5d,-0.1759700572,-0.3327681166,False,-0.0032844719,-0.0983277303,True,True,-0.1726855853
sector_leader,3,s4_reclaim_volume_normal,protect_3pct_target6pct_3d,-0.6166525136,-0.6472636928,False,-0.0450769067,-0.0840360882,True,True,-0.5715756069
sector_leader,3,s4_reclaim_volume_proxy,fast_failure_2pct_target4pct_2d,-0.3977829428,-0.4425176105,False,-0.0256696421,-0.0804892717,True,True,-0.3721133007
sector_leader,3,s4_reclaim_volume_proxy,momentum_trail_4pct_5d,-0.3178567593,-0.407196677,False,-0.0570983936,-0.0826517537,True,True,-0.2607583657
sector_leader,3,s4_reclaim_volume_proxy,next_open_1d,-0.247215946,-0.3496251853,False,-0.0365054678,-0.0751192298,True,True,-0.2107104782
sector_leader,3,s4_reclaim_volume_proxy,next_open_2d,-0.2253850606,-0.3540727048,False,-0.03780136,-0.0610495639,True,True,-0.1875837006
sector_leader,3,s4_reclaim_volume_proxy,next_open_3d,-0.0340008686,-0.3345327014,False,-0.0325241061,-0.0558998166,True,True,-0.0014767624999999993
sector_leader,3,s4_reclaim_volume_proxy,next_open_5d,-0.2319143367,-0.3432525419,False,-0.0063673396,-0.0427353696,True,True,-0.2255469971
sector_leader,3,s4_reclaim_volume_proxy,protect_3pct_target6pct_3d,-0.2901583865,-0.3357990873,False,-0.01792509,-0.070459892,True,True,-0.2722332965
sector_leader,3,s4_reclaim_vwap_support,fast_failure_2pct_target4pct_2d,-0.5820836088,-0.6040817303,False,-0.0254429157,-0.0744269901,True,True,-0.5566406931
sector_leader,3,s4_reclaim_vwap_support,momentum_trail_4pct_5d,-0.4477043692,-0.4625197292,False,-0.0855712607,-0.0845245788,True,True,-0.3621331085
sector_leader,3,s4_reclaim_vwap_support,next_open_1d,-0.5207567843,-0.5523829692,False,0.0146499793,-0.0459389403,True,False,-0.5354067636000001
sector_leader,3,s4_reclaim_vwap_support,next_open_2d,-0.4399037722,-0.4556717611,False,0.0396697379,-0.0586539119,True,False,-0.4795735101
sector_leader,3,s4_reclaim_vwap_support,next_open_3d,-0.3556268944,-0.3943869803,False,-0.031567053,-0.0795268645,True,True,-0.3240598414
sector_leader,3,s4_reclaim_vwap_support,next_open_5d,-0.2821256107,-0.4231881017,False,-0.0326303712,-0.0680006792,True,True,-0.24949523949999997
sector_leader,3,s4_reclaim_vwap_support,protect_3pct_target6pct_3d,-0.3254747177,-0.4267412526,False,-0.0266109569,-0.0717498809,False,True,-0.29886376080000004
sector_leader,4,cs_r3_leader_confirmation,fast_failure_2pct_target4pct_2d,-0.5470285904,-0.5590728653,False,-0.0503963594,-0.0820243459,True,True,-0.496632231
sector_leader,4,cs_r3_leader_confirmation,momentum_trail_4pct_5d,-0.4604474534,-0.5013958462,False,-0.0999103875,-0.1159363775,True,True,-0.3605370659
sector_leader,4,cs_r3_leader_confirmation,next_open_1d,-0.5726597874,-0.5859222574,False,0.032239476,-0.0584468479,True,False,-0.6048992634
sector_leader,4,cs_r3_leader_confirmation,next_open_2d,-0.0955158393,-0.2322278025,False,0.0086853041,-0.0590032482,True,False,-0.1042011434
sector_leader,4,cs_r3_leader_confirmation,next_open_3d,-0.1684054879,-0.2846398887,False,-0.005286982,-0.0910209873,True,True,-0.16311850590000002
sector_leader,4,cs_r3_leader_confirmation,next_open_5d,-0.0119428848,-0.2650821495,False,-0.0451772311,-0.0801835606,True,True,0.0332343463
sector_leader,4,cs_r3_leader_confirmation,protect_3pct_target6pct_3d,-0.3811761008,-0.4078515209,False,-0.0802441653,-0.1274761991,True,True,-0.30093193549999997
sector_leader,4,fu_r3_core_pullback,fast_failure_2pct_target4pct_2d,-0.0726341242,-0.2274904847,False,0.0393069874,-0.0427160805,True,False,-0.1119411116
sector_leader,4,fu_r3_core_pullback,momentum_trail_4pct_5d,0.0859274498,-0.2776032453,False,-0.0103624535,-0.0632488917,True,False,0.09628990330000001
sector_leader,4,fu_r3_core_pullback,next_open_1d,-0.2262366171,-0.3237874787,False,0.0212298996,-0.050894022,True,False,-0.2474665167
sector_leader,4,fu_r3_core_pullback,next_open_2d,-0.2142292162,-0.3531355005,False,-0.0882183564,-0.1033887467,True,True,-0.12601085979999999
sector_leader,4,fu_r3_core_pullback,next_open_3d,0.3899542759,-0.2081148458,False,-0.1392660365,-0.1529166798,True,False,0.5292203124
sector_leader,4,fu_r3_core_pullback,next_open_5d,0.1397532544,-0.2698743643,True,-0.0835851002,-0.1179885689,True,False,0.2233383546
sector_leader,4,fu_r3_core_pullback,protect_3pct_target6pct_3d,0.2002119724,-0.2862807616,False,0.0016432969,-0.0617642549,True,True,0.19856867549999999
sector_leader,4,ht_r3_core_pullback,fast_failure_2pct_target4pct_2d,-0.5789901841,-0.6182590424,False,-0.0639440573,-0.1327458633,True,True,-0.5150461268000001
sector_leader,4,ht_r3_core_pullback,momentum_trail_4pct_5d,-0.4513508546,-0.5259082644,False,-0.0811954425,-0.1044467931,True,True,-0.3701554121
sector_leader,4,ht_r3_core_pullback,next_open_1d,-0.4221197619,-0.497189238,False,-0.082393967,-0.1575843545,True,True,-0.3397257949
sector_leader,4,ht_r3_core_pullback,next_open_2d,-0.2383289511,-0.416357345,False,-0.0482128426,-0.0954088902,True,True,-0.1901161085
sector_leader,4,ht_r3_core_pullback,next_open_3d,-0.388011931,-0.4379908837,False,-0.0674984856,-0.1199334807,True,True,-0.3205134454
sector_leader,4,ht_r3_core_pullback,next_open_5d,0.02170607,-0.3787484592,False,-0.0088156606,-0.1043308033,True,False,0.0305217306
sector_leader,4,ht_r3_core_pullback,protect_3pct_target6pct_3d,-0.5618830181,-0.6071859201,False,-0.0494541508,-0.1018651696,True,True,-0.5124288672999999
sector_leader,4,ng_r1_auction_reclaim,fast_failure_2pct_target4pct_2d,-0.1260333532,-0.2802581129,False,0.048981217,-0.0257682788,True,False,-0.1750145702
sector_leader,4,ng_r1_auction_reclaim,momentum_trail_4pct_5d,0.1212264881,-0.2544173287,False,-0.0998250932,-0.1349046658,True,False,0.22105158130000002
sector_leader,4,ng_r1_auction_reclaim,next_open_1d,-0.0545817783,-0.2899655874,False,0.0269319322,-0.0252976245,True,False,-0.0815137105
sector_leader,4,ng_r1_auction_reclaim,next_open_2d,-0.1429228107,-0.299760325,False,-0.0367653034,-0.0717284836,True,True,-0.10615750730000001
sector_leader,4,ng_r1_auction_reclaim,next_open_3d,-0.2000746488,-0.3991221842,False,-0.068266986,-0.1020867285,True,True,-0.1318076628
sector_leader,4,ng_r1_auction_reclaim,next_open_5d,0.4606696975,-0.2240816143,False,-0.0419543678,-0.0969888037,True,False,0.5026240653
sector_leader,4,ng_r1_auction_reclaim,protect_3pct_target6pct_3d,0.0408863578,-0.2498333267,False,0.0146195768,-0.0364605501,True,True,0.026266781000000003
sector_leader,4,ng_r3_volume_quality,fast_failure_2pct_target4pct_2d,-0.4874236,-0.5011876475,False,-0.0406265911,-0.0810271742,True,True,-0.4467970089
sector_leader,4,ng_r3_volume_quality,momentum_trail_4pct_5d,-0.4895362337,-0.5406041259,False,-0.1225994393,-0.1503034332,True,True,-0.3669367944
sector_leader,4,ng_r3_volume_quality,next_open_1d,-0.446025847,-0.4797841445,False,-0.0603969593,-0.1158753534,True,True,-0.3856288877
sector_leader,4,ng_r3_volume_quality,next_open_2d,0.0169288256,-0.3393323329,False,0.0326361408,-0.0538803909,True,True,-0.0157073152
sector_leader,4,ng_r3_volume_quality,next_open_3d,-0.2207219093,-0.4496743861,False,-0.0062693597,-0.0646671569,True,True,-0.2144525496
sector_leader,4,ng_r3_volume_quality,next_open_5d,-0.1539859986,-0.3381144926,False,-0.0131385006,-0.1029909663,True,True,-0.14084749800000002
sector_leader,4,ng_r3_volume_quality,protect_3pct_target6pct_3d,-0.6044361628,-0.6307221503,False,-0.0556540699,-0.1038227671,True,True,-0.5487820929
sector_leader,4,s0_distance_only,fast_failure_2pct_target4pct_2d,-0.5864905244,-0.6081356484,False,-0.0961078979,-0.0630811575,True,True,-0.49038262650000003
sector_leader,4,s0_distance_only,momentum_trail_4pct_5d,-0.4854309969,-0.5104647583,False,-0.1443530667,-0.128408485,True,True,-0.3410779302
sector_leader,4,s0_distance_only,next_open_1d,-0.5588599332,-0.5818750103,False,-0.1375624919,-0.1317970673,True,True,-0.4212974413
sector_leader,4,s0_distance_only,next_open_2d,-0.0069028537,-0.2174924921,False,-0.0227626999,-0.0549068896,True,True,0.0158598462
sector_leader,4,s0_distance_only,next_open_3d,-0.1082410139,-0.3657826382,False,-0.1617494503,-0.1337679104,True,True,0.053508436399999984
sector_leader,4,s0_distance_only,next_open_5d,-0.0202478586,-0.2908503471,False,-0.0863066343,-0.0721804455,True,True,0.0660587757
sector_leader,4,s0_distance_only,protect_3pct_target6pct_3d,-0.2792876306,-0.3554180373,False,-0.1654246531,-0.1391433877,True,True,-0.11386297749999999
sector_leader,4,s0_strong_no_ma,fast_failure_2pct_target4pct_2d,-0.3428268882,-0.4302846913,False,-0.0395802972,-0.1300172508,True,True,-0.303246591
sector_leader,4,s0_strong_no_ma,momentum_trail_4pct_5d,0.0048789537,-0.3634002524,False,-0.0002642053,-0.0951640148,True,False,0.005143159
sector_leader,4,s0_strong_no_ma,next_open_1d,0.1271284622,-0.4264827094,False,-0.0243563355,-0.1139069322,False,False,0.15148479769999998
sector_leader,4,s0_strong_no_ma,next_open_2d,-0.3637848015,-0.5875590027,False,-0.0237597767,-0.1336570305,True,True,-0.34002502479999996
sector_leader,4,s0_strong_no_ma,next_open_3d,-0.2825416499,-0.4286769669,False,-0.0178666509,-0.0861535506,True,True,-0.264674999
sector_leader,4,s0_strong_no_ma,next_open_5d,0.4310192018,-0.4748942399,False,-0.0901488266,-0.1416180992,True,False,0.5211680284
sector_leader,4,s0_strong_no_ma,protect_3pct_target6pct_3d,-0.2610120716,-0.5086062654,False,0.0137261115,-0.0607877588,True,False,-0.27473818310000003
sector_leader,4,s1_break_reclaim_stable3,fast_failure_2pct_target4pct_2d,-0.5984441312,-0.6120237749,False,-0.0607682902,-0.087626255,True,True,-0.537675841
sector_leader,4,s1_break_reclaim_stable3,momentum_trail_4pct_5d,-0.5711741931,-0.5792802768,True,-0.1153628602,-0.1377117875,True,True,-0.4558113329
sector_leader,4,s1_break_reclaim_stable3,next_open_1d,-0.3938022836,-0.4349741391,False,-0.0457614568,-0.0957742799,True,True,-0.34804082680000004
sector_leader,4,s1_break_reclaim_stable3,next_open_2d,-0.2463938483,-0.4354553057,False,-0.0642236376,-0.1135402584,True,True,-0.1821702107
sector_leader,4,s1_break_reclaim_stable3,next_open_3d,-0.1080678774,-0.2575252105,False,-0.0077178288,-0.080961729,True,True,-0.10035004859999999
sector_leader,4,s1_break_reclaim_stable3,next_open_5d,-0.4057588179,-0.4206834435,False,-0.0521708852,-0.107460087,True,True,-0.3535879327
sector_leader,4,s1_break_reclaim_stable3,protect_3pct_target6pct_3d,-0.5345544966,-0.5459121395,False,-0.1003876638,-0.1257317423,True,True,-0.4341668328
sector_leader,4,s1_near_reversal,fast_failure_2pct_target4pct_2d,-0.0748420753,-0.3418252076,False,-0.0780126768,-0.1065054547,False,True,0.003170601499999995
sector_leader,4,s1_near_reversal,momentum_trail_4pct_5d,-0.0935710991,-0.3582106592,False,-0.0554444825,-0.0966817906,True,True,-0.038126616599999996
sector_leader,4,s1_near_reversal,next_open_1d,-0.1706955193,-0.3771920938,False,-0.0350986535,-0.0853420626,False,True,-0.1355968658
sector_leader,4,s1_near_reversal,next_open_2d,0.1170160517,-0.24213956,False,0.0499776689,-0.0908041705,True,True,0.06703838279999999
sector_leader,4,s1_near_reversal,next_open_3d,0.2527672571,-0.3363162685,False,-0.0161971458,-0.0633376885,True,False,0.26896440289999995
sector_leader,4,s1_near_reversal,next_open_5d,-0.0023993644,-0.3083203305,False,-0.0590110242,-0.1125540782,True,True,0.0566116598
sector_leader,4,s1_near_reversal,protect_3pct_target6pct_3d,-0.223018324,-0.3600019752,False,-0.0969997702,-0.1236673181,True,True,-0.1260185538
sector_leader,4,s1_touch_immediate,fast_failure_2pct_target4pct_2d,-0.541364921,-0.5585184829,False,-0.0571578141,-0.0733415746,True,True,-0.4842071069
sector_leader,4,s1_touch_immediate,momentum_trail_4pct_5d,-0.385084977,-0.405382373,False,-0.0977073101,-0.1036694852,True,True,-0.2873776669
sector_leader,4,s1_touch_immediate,next_open_1d,-0.5317254694,-0.5483913007,False,0.0031361238,-0.0409131441,True,False,-0.5348615931999999
sector_leader,4,s1_touch_immediate,next_open_2d,-0.5351020994,-0.5310845351,False,0.0019032688,-0.0472837461,True,False,-0.5370053682
sector_leader,4,s1_touch_immediate,next_open_3d,-0.3308816556,-0.4210208014,False,-0.0839559332,-0.0870966253,True,True,-0.2469257224
sector_leader,4,s1_touch_immediate,next_open_5d,-0.2075165607,-0.4194945077,False,-0.0753048995,-0.0757620626,True,True,-0.1322116612
sector_leader,4,s1_touch_immediate,protect_3pct_target6pct_3d,-0.4059401094,-0.4389313743,False,-0.1248592176,-0.1040911676,True,True,-0.2810808918
sector_leader,4,s1_touch_reclaim,fast_failure_2pct_target4pct_2d,-0.5464098567,-0.5623340229,False,-0.0259921753,-0.0744269901,True,True,-0.5204176814
sector_leader,4,s1_touch_reclaim,momentum_trail_4pct_5d,-0.2814076315,-0.3511657837,False,-0.0855712607,-0.0845245788,True,True,-0.1958363708
sector_leader,4,s1_touch_reclaim,next_open_1d,-0.4851012937,-0.5171349721,False,0.0301423975,-0.0402586621,True,False,-0.5152436912
sector_leader,4,s1_touch_reclaim,next_open_2d,-0.3972325343,-0.4414990206,False,0.0396697379,-0.0586539119,True,False,-0.4369022722
sector_leader,4,s1_touch_reclaim,next_open_3d,-0.2795879906,-0.3821754238,False,-0.031567053,-0.0795268645,True,True,-0.2480209376
sector_leader,4,s1_touch_reclaim,next_open_5d,-0.1139709668,-0.4277504791,False,-0.0326303712,-0.0680006792,True,True,-0.08134059560000001
sector_leader,4,s1_touch_reclaim,protect_3pct_target6pct_3d,-0.2807851928,-0.3790514509,False,-0.0266109569,-0.0717498809,False,True,-0.25417423590000005
sector_leader,4,s2_first_touch_reclaim,fast_failure_2pct_target4pct_2d,-0.8160095727,-0.8161601167,False,-0.0801760667,-0.1043508292,True,True,-0.735833506
sector_leader,4,s2_first_touch_reclaim,momentum_trail_4pct_5d,-0.599599662,-0.5951571055,False,0.0514206799,-0.0219410826,True,False,-0.6510203419
sector_leader,4,s2_first_touch_reclaim,next_open_1d,-0.7774481853,-0.7850714122,False,-0.0321937252,-0.084780717,True,True,-0.7452544601000001
sector_leader,4,s2_first_touch_reclaim,next_open_2d,-0.5262044869,-0.5225464243,False,-0.0532575444,-0.1179842707,True,True,-0.47294694249999997
sector_leader,4,s2_first_touch_reclaim,next_open_3d,-0.4919497685,-0.5547047822,False,0.0415249008,-0.0395044514,True,False,-0.5334746693
sector_leader,4,s2_first_touch_reclaim,next_open_5d,-0.4677141809,-0.4912762454,False,-0.0333675678,-0.079562741,True,True,-0.4343466131
sector_leader,4,s2_first_touch_reclaim,protect_3pct_target6pct_3d,-0.6039594658,-0.6113564336,False,0.0160058827,-0.0561141249,True,False,-0.6199653485000001
sector_leader,4,s2_reclaim_acceleration,fast_failure_2pct_target4pct_2d,-0.6899013663,-0.6956439573,False,-0.1151688522,-0.1029891876,True,True,-0.5747325140999999
sector_leader,4,s2_reclaim_acceleration,momentum_trail_4pct_5d,-0.3049217909,-0.3286290821,False,-0.0220774962,-0.0532908603,True,True,-0.2828442947
sector_leader,4,s2_reclaim_acceleration,next_open_1d,-0.5957724798,-0.6051264957,False,-0.1218815186,-0.1024871622,True,True,-0.4738909612
sector_leader,4,s2_reclaim_acceleration,next_open_2d,-0.210601474,-0.4362630847,False,-0.0697818888,-0.0987044165,True,True,-0.1408195852
sector_leader,4,s2_reclaim_acceleration,next_open_3d,-0.1321168073,-0.29520854,False,-0.0654150604,-0.087880674,True,True,-0.0667017469
sector_leader,4,s2_reclaim_acceleration,next_open_5d,-0.1062882299,-0.4058831839,False,-0.0675909547,-0.0970821653,True,True,-0.038697275200000006
sector_leader,4,s2_reclaim_acceleration,protect_3pct_target6pct_3d,-0.3865743005,-0.5060698583,False,-0.0847862241,-0.0762174265,False,True,-0.30178807640000005
sector_leader,4,s2_reclaim_bull_stack,fast_failure_2pct_target4pct_2d,-0.4529074889,-0.5827914833,False,0.0325539008,-0.0633324482,True,False,-0.48546138969999997
sector_leader,4,s2_reclaim_bull_stack,momentum_trail_4pct_5d,-0.1096793967,-0.2931769436,False,0.0494956325,-0.072698754,True,False,-0.15917502919999998
sector_leader,4,s2_reclaim_bull_stack,next_open_1d,-0.2698377635,-0.394997875,False,0.0080976439,-0.0972643597,True,False,-0.2779354074
sector_leader,4,s2_reclaim_bull_stack,next_open_2d,-0.3787117127,-0.4172713278,True,-0.0681817228,-0.110182116,True,True,-0.31052998989999997
sector_leader,4,s2_reclaim_bull_stack,next_open_3d,0.2220736187,-0.3681686265,True,-0.0112534359,-0.0536194489,True,False,0.2333270546
sector_leader,4,s2_reclaim_bull_stack,next_open_5d,-0.3669174215,-0.4842201477,False,-0.0581861183,-0.1200951911,True,True,-0.30873130320000003
sector_leader,4,s2_reclaim_bull_stack,protect_3pct_target6pct_3d,-0.4244778721,-0.5054768123,False,-0.02728927,-0.0709647913,True,True,-0.3971886021
sector_leader,4,s2_reclaim_daily_trend,fast_failure_2pct_target4pct_2d,-0.2799217183,-0.3806209052,False,-0.0294313487,-0.088510849,True,True,-0.25049036960000004
sector_leader,4,s2_reclaim_daily_trend,momentum_trail_4pct_5d,-0.3266008801,-0.4734644902,False,0.0212244825,-0.0266386583,True,False,-0.34782536259999997
sector_leader,4,s2_reclaim_daily_trend,next_open_1d,-0.2154897408,-0.3736715843,False,-0.0343052822,-0.0900700362,True,True,-0.1811844586
sector_leader,4,s2_reclaim_daily_trend,next_open_2d,0.0723148578,-0.2883990676,False,-0.0586503938,-0.091339973,True,False,0.1309652516
sector_leader,4,s2_reclaim_daily_trend,next_open_3d,0.5291129121,-0.2217242735,False,-0.0666508029,-0.0930206506,True,False,0.595763715
sector_leader,4,s2_reclaim_daily_trend,next_open_5d,0.5808613067,-0.267944935,False,-0.0819486207,-0.1169068387,True,False,0.6628099274
sector_leader,4,s2_reclaim_daily_trend,protect_3pct_target6pct_3d,-0.4265416923,-0.4974863756,False,0.0463308491,-0.0330553259,True,False,-0.4728725414
sector_leader,4,s2_reclaim_positive_slope,fast_failure_2pct_target4pct_2d,-0.1320629164,-0.3814369614,False,0.0315856826,-0.0394539883,True,False,-0.163648599
sector_leader,4,s2_reclaim_positive_slope,momentum_trail_4pct_5d,-0.264825954,-0.3407813972,False,0.0155449112,-0.0616704767,True,False,-0.2803708652
sector_leader,4,s2_reclaim_positive_slope,next_open_1d,-0.2285852624,-0.3761532141,False,0.0793825809,-0.0473012096,True,False,-0.3079678433
sector_leader,4,s2_reclaim_positive_slope,next_open_2d,-0.1163131196,-0.2674066541,False,0.000216629,-0.065449232,True,False,-0.1165297486
sector_leader,4,s2_reclaim_positive_slope,next_open_3d,0.2713386834,-0.2975200361,False,0.0468729487,-0.0759335596,True,True,0.2244657347
sector_leader,4,s2_reclaim_positive_slope,next_open_5d,0.2903082877,-0.2389336318,True,-0.0698917026,-0.121157579,True,False,0.3601999903
sector_leader,4,s2_reclaim_positive_slope,protect_3pct_target6pct_3d,-0.420147081,-0.4754239938,False,-0.0269744198,-0.0840197252,True,True,-0.3931726612
sector_leader,4,s2_reclaim_recent_high,fast_failure_2pct_target4pct_2d,-0.7455334137,-0.7451497406,False,-0.0153782221,-0.1252219421,False,True,-0.7301551916000001
sector_leader,4,s2_reclaim_recent_high,momentum_trail_4pct_5d,-0.6981839055,-0.7053246949,True,0.0144039526,-0.1276954496,False,False,-0.7125878581
sector_leader,4,s2_reclaim_recent_high,next_open_1d,-0.4442518249,-0.5126217134,False,-0.0428376568,-0.1438713562,False,True,-0.40141416809999997
sector_leader,4,s2_reclaim_recent_high,next_open_2d,-0.4094255099,-0.4673644349,False,-0.1096801137,-0.1649658993,True,True,-0.29974539619999996
sector_leader,4,s2_reclaim_recent_high,next_open_3d,-0.7585358976,-0.7660798335,False,-0.0113389024,-0.0670702221,True,True,-0.7471969951999999
sector_leader,4,s2_reclaim_recent_high,next_open_5d,-0.0707676121,-0.32431401,False,0.1188073237,-0.0225430518,True,False,-0.1895749358
sector_leader,4,s2_reclaim_recent_high,protect_3pct_target6pct_3d,-0.7200474106,-0.7223286935,False,0.0566147838,-0.080212123,False,False,-0.7766621944
sector_leader,4,s4_auction_confirmed_reclaim,fast_failure_2pct_target4pct_2d,-0.3270107124,-0.4977316872,False,-0.1077255551,-0.1235629772,True,True,-0.21928515730000003
sector_leader,4,s4_auction_confirmed_reclaim,momentum_trail_4pct_5d,-0.4566517972,-0.5089412892,False,-0.0640408497,-0.1136265969,True,True,-0.3926109475
sector_leader,4,s4_auction_confirmed_reclaim,next_open_1d,-0.2794659193,-0.4527500142,False,-0.12834862,-0.1432101653,True,True,-0.15111729929999998
sector_leader,4,s4_auction_confirmed_reclaim,next_open_2d,-0.4236717383,-0.5652623617,False,0.0154232661,-0.0814923792,True,False,-0.4390950044
sector_leader,4,s4_auction_confirmed_reclaim,next_open_3d,-0.2119957489,-0.3892608043,False,-0.0447723444,-0.1407175971,True,True,-0.1672234045
sector_leader,4,s4_auction_confirmed_reclaim,next_open_5d,-0.0961066947,-0.4075630104,False,-0.0745929457,-0.1088457023,True,True,-0.021513749
sector_leader,4,s4_auction_confirmed_reclaim,protect_3pct_target6pct_3d,-0.2667388455,-0.4613198907,False,-0.1515590103,-0.1609192952,True,True,-0.1151798352
sector_leader,4,s4_reclaim_amount_acceleration,fast_failure_2pct_target4pct_2d,-0.5563479774,-0.5712355579,False,-0.0181938784,-0.0669373989,True,True,-0.538154099
sector_leader,4,s4_reclaim_amount_acceleration,momentum_trail_4pct_5d,-0.2044470555,-0.3164790142,False,-0.0855965793,-0.0983941717,True,True,-0.1188504762
sector_leader,4,s4_reclaim_amount_acceleration,next_open_1d,-0.4849788441,-0.5166345427,False,0.0301423975,-0.0402586621,True,False,-0.5151212416
sector_leader,4,s4_reclaim_amount_acceleration,next_open_2d,-0.3187720465,-0.4239285061,False,0.0396697379,-0.0586539119,True,False,-0.3584417844
sector_leader,4,s4_reclaim_amount_acceleration,next_open_3d,-0.2481821237,-0.3820923118,False,-0.031567053,-0.0795268645,True,True,-0.21661507070000002
sector_leader,4,s4_reclaim_amount_acceleration,next_open_5d,-0.1399280379,-0.4277504791,False,-0.0326303712,-0.0680006792,True,True,-0.10729766669999999
sector_leader,4,s4_reclaim_amount_acceleration,protect_3pct_target6pct_3d,-0.3320591774,-0.3937349722,False,-0.0107882869,-0.0618868648,False,True,-0.3212708905
sector_leader,4,s4_reclaim_volume_normal,fast_failure_2pct_target4pct_2d,-0.5686741608,-0.5736564286,False,-0.0379589105,-0.0943904618,True,True,-0.5307152503
sector_leader,4,s4_reclaim_volume_normal,momentum_trail_4pct_5d,-0.6054559434,-0.6081734366,False,-0.0610633914,-0.0963326684,True,True,-0.5443925519999999
sector_leader,4,s4_reclaim_volume_normal,next_open_1d,-0.5752129298,-0.5827084407,False,-0.091178458,-0.1457440218,True,True,-0.48403447180000003
sector_leader,4,s4_reclaim_volume_normal,next_open_2d,-0.2737107591,-0.4285827373,False,-0.0316353419,-0.0980349897,True,True,-0.24207541719999998
sector_leader,4,s4_reclaim_volume_normal,next_open_3d,-0.2138671156,-0.4497985117,False,-0.021753282,-0.0927335015,True,True,-0.1921138336
sector_leader,4,s4_reclaim_volume_normal,next_open_5d,-0.1759700572,-0.3327681166,False,-0.0032844719,-0.0983277303,True,True,-0.1726855853
sector_leader,4,s4_reclaim_volume_normal,protect_3pct_target6pct_3d,-0.6166525136,-0.6472636928,False,-0.0450769067,-0.0840360882,True,True,-0.5715756069
sector_leader,4,s4_reclaim_volume_proxy,fast_failure_2pct_target4pct_2d,-0.3977829428,-0.4425176105,False,-0.0256696421,-0.0804892717,True,True,-0.3721133007
sector_leader,4,s4_reclaim_volume_proxy,momentum_trail_4pct_5d,-0.3178567593,-0.407196677,False,-0.0570983936,-0.0826517537,True,True,-0.2607583657
sector_leader,4,s4_reclaim_volume_proxy,next_open_1d,-0.247215946,-0.3496251853,False,-0.0365054678,-0.0751192298,True,True,-0.2107104782
sector_leader,4,s4_reclaim_volume_proxy,next_open_2d,-0.2253850606,-0.3540727048,False,-0.03780136,-0.0610495639,True,True,-0.1875837006
sector_leader,4,s4_reclaim_volume_proxy,next_open_3d,-0.0340008686,-0.3345327014,False,-0.0325241061,-0.0558998166,True,True,-0.0014767624999999993
sector_leader,4,s4_reclaim_volume_proxy,next_open_5d,-0.2319143367,-0.3432525419,False,-0.0063673396,-0.0427353696,True,True,-0.2255469971
sector_leader,4,s4_reclaim_volume_proxy,protect_3pct_target6pct_3d,-0.2901583865,-0.3357990873,False,-0.01792509,-0.070459892,True,True,-0.2722332965
sector_leader,4,s4_reclaim_vwap_support,fast_failure_2pct_target4pct_2d,-0.5820836088,-0.6040817303,False,-0.0254429157,-0.0744269901,True,True,-0.5566406931
sector_leader,4,s4_reclaim_vwap_support,momentum_trail_4pct_5d,-0.4477043692,-0.4625197292,False,-0.0855712607,-0.0845245788,True,True,-0.3621331085
sector_leader,4,s4_reclaim_vwap_support,next_open_1d,-0.5207567843,-0.5523829692,False,0.0146499793,-0.0459389403,True,False,-0.5354067636000001
sector_leader,4,s4_reclaim_vwap_support,next_open_2d,-0.4399037722,-0.4556717611,False,0.0396697379,-0.0586539119,True,False,-0.4795735101
sector_leader,4,s4_reclaim_vwap_support,next_open_3d,-0.3556268944,-0.3943869803,False,-0.031567053,-0.0795268645,True,True,-0.3240598414
sector_leader,4,s4_reclaim_vwap_support,next_open_5d,-0.2821256107,-0.4231881017,False,-0.0326303712,-0.0680006792,True,True,-0.24949523949999997
sector_leader,4,s4_reclaim_vwap_support,protect_3pct_target6pct_3d,-0.3254747177,-0.4267412526,False,-0.0266109569,-0.0717498809,False,True,-0.29886376080000004
trend_structure,0,cs_r3_leader_confirmation,fast_failure_2pct_target4pct_2d,-0.4738320367,-0.5752291469,False,0.0097275979,-0.0253956167,True,False,-0.4835596346
trend_structure,0,cs_r3_leader_confirmation,momentum_trail_4pct_5d,-0.5124732014,-0.5964480074,False,-0.0725483815,-0.0911047432,True,True,-0.4399248199
trend_structure,0,cs_r3_leader_confirmation,next_open_1d,-0.4475768121,-0.5622199252,False,-0.0551914177,-0.0611491139,True,True,-0.3923853944
trend_structure,0,cs_r3_leader_confirmation,next_open_2d,-0.2359186631,-0.3702310002,False,-0.0228078396,-0.0599752854,True,True,-0.21311082350000002
trend_structure,0,cs_r3_leader_confirmation,next_open_3d,-0.3015670827,-0.3783745227,False,-0.0756360475,-0.105314197,True,True,-0.2259310352
trend_structure,0,cs_r3_leader_confirmation,next_open_5d,-0.1595096936,-0.3307065578,True,-0.0708970749,-0.1045781748,True,True,-0.0886126187
trend_structure,0,cs_r3_leader_confirmation,protect_3pct_target6pct_3d,-0.3089033811,-0.505040766,False,-0.0009453286,-0.0392518505,True,True,-0.30795805249999997
trend_structure,0,fu_r3_core_pullback,fast_failure_2pct_target4pct_2d,-0.3205493371,-0.4257171696,False,-0.0202672682,-0.0505634868,True,True,-0.3002820689
trend_structure,0,fu_r3_core_pullback,momentum_trail_4pct_5d,-0.2089513956,-0.2637437683,False,-0.038449616,-0.0753631392,True,True,-0.17050177960000001
trend_structure,0,fu_r3_core_pullback,next_open_1d,-0.3400819653,-0.4102287016,False,-0.0422156167,-0.0568597802,True,True,-0.2978663486
trend_structure,0,fu_r3_core_pullback,next_open_2d,-0.413607631,-0.4638613133,False,-0.038038428,-0.0837029424,True,True,-0.37556920299999996
trend_structure,0,fu_r3_core_pullback,next_open_3d,0.0034045216,-0.3044737799,True,-0.0422993832,-0.0735058758,True,False,0.0457039048
trend_structure,0,fu_r3_core_pullback,next_open_5d,-0.0176839764,-0.2481049111,False,-0.057857201,-0.091614019,True,True,0.0401732246
trend_structure,0,fu_r3_core_pullback,protect_3pct_target6pct_3d,-0.2725294409,-0.3437421714,False,-0.0048606385,-0.0534199241,True,True,-0.26766880239999996
trend_structure,0,ht_r3_core_pullback,fast_failure_2pct_target4pct_2d,-0.6270698734,-0.6555820374,False,0.0359886304,-0.0346213604,True,False,-0.6630585038
trend_structure,0,ht_r3_core_pullback,momentum_trail_4pct_5d,-0.6152612624,-0.6351373162,True,-0.0410203354,-0.0627328232,True,True,-0.574240927
trend_structure,0,ht_r3_core_pullback,next_open_1d,-0.5993077376,-0.6292006126,False,-0.0267419223,-0.0695323594,True,True,-0.5725658153
trend_structure,0,ht_r3_core_pullback,next_open_2d,-0.4368928606,-0.475464828,False,0.0282150771,-0.0434148606,True,False,-0.4651079377
trend_structure,0,ht_r3_core_pullback,next_open_3d,-0.2853724937,-0.385605833,False,-0.0342818715,-0.0512815863,True,True,-0.2510906222
trend_structure,0,ht_r3_core_pullback,next_open_5d,-0.2054656974,-0.3834516675,False,-0.027311864,-0.0563288394,True,True,-0.17815383340000002
trend_structure,0,ht_r3_core_pullback,protect_3pct_target6pct_3d,-0.6748668824,-0.6906144548,False,0.0184261727,-0.0386673693,True,False,-0.6932930551
trend_structure,0,ng_r1_auction_reclaim,fast_failure_2pct_target4pct_2d,-0.2272792429,-0.291674994,False,0.0164584776,-0.0221156615,True,False,-0.2437377205
trend_structure,0,ng_r1_auction_reclaim,momentum_trail_4pct_5d,-0.2707030709,-0.3316921891,True,-0.0013112602,-0.0539956831,True,True,-0.2693918107
trend_structure,0,ng_r1_auction_reclaim,next_open_1d,-0.3048241647,-0.3614078864,False,0.0105692817,-0.0324256185,True,False,-0.3153934464
trend_structure,0,ng_r1_auction_reclaim,next_open_2d,-0.3162568286,-0.3549811806,False,-0.0096349225,-0.0376967748,True,True,-0.3066219061
trend_structure,0,ng_r1_auction_reclaim,next_open_3d,-0.2407741693,-0.3130444956,False,-0.0153428497,-0.0376358323,True,True,-0.2254313196
trend_structure,0,ng_r1_auction_reclaim,next_open_5d,-0.4041050581,-0.4479409815,False,0.0123239904,-0.0484085471,True,False,-0.4164290485
trend_structure,0,ng_r1_auction_reclaim,protect_3pct_target6pct_3d,-0.2113779571,-0.3063213502,True,0.0019715252,-0.0219580349,True,False,-0.2133494823
trend_structure,0,ng_r3_volume_quality,fast_failure_2pct_target4pct_2d,-0.7443585627,-0.7492205648,False,-0.0752417898,-0.0798913353,True,True,-0.6691167729
trend_structure,0,ng_r3_volume_quality,momentum_trail_4pct_5d,-0.5948318741,-0.6008215388,True,-0.0169259678,-0.0495492418,True,True,-0.5779059063
trend_structure,0,ng_r3_volume_quality,next_open_1d,-0.7062498623,-0.7128406303,False,-0.084257381,-0.0886782744,False,True,-0.6219924813
trend_structure,0,ng_r3_volume_quality,next_open_2d,-0.5101670467,-0.5173896349,True,-0.063061628,-0.0659388841,True,True,-0.44710541870000003
trend_structure,0,ng_r3_volume_quality,next_open_3d,-0.254193049,-0.4131788527,False,-0.0772161074,-0.0816380603,True,True,-0.1769769416
trend_structure,0,ng_r3_volume_quality,next_open_5d,-0.4581463995,-0.4674902721,True,-0.0449633957,-0.0478962299,True,True,-0.4131830038
trend_structure,0,ng_r3_volume_quality,protect_3pct_target6pct_3d,-0.5913452142,-0.5995010432,False,-0.013275882,-0.0349575913,True,True,-0.5780693322
trend_structure,0,s0_distance_only,fast_failure_2pct_target4pct_2d,-0.6855309959,-0.7007884515,True,-0.0693187635,-0.0855756222,True,True,-0.6162122324
trend_structure,0,s0_distance_only,momentum_trail_4pct_5d,-0.2168676254,-0.3335122048,True,-0.0730609807,-0.0793836276,True,True,-0.1438066447
trend_structure,0,s0_distance_only,next_open_1d,-0.5079611825,-0.5437370712,False,-0.0659227442,-0.0878833753,True,True,-0.4420384383
trend_structure,0,s0_distance_only,next_open_2d,-0.5617145998,-0.6085666895,False,-0.0523611413,-0.0768362592,True,True,-0.5093534585
trend_structure,0,s0_distance_only,next_open_3d,-0.4830438831,-0.5189135998,False,-0.071527285,-0.0735631862,True,True,-0.4115165981
trend_structure,0,s0_distance_only,next_open_5d,-0.099730632,-0.278837311,True,-0.0649317067,-0.0660104048,True,True,-0.034798925300000005
trend_structure,0,s0_distance_only,protect_3pct_target6pct_3d,-0.531063631,-0.5787892762,True,-0.1107499224,-0.1112824636,True,True,-0.42031370859999995
trend_structure,0,s0_strong_no_ma,fast_failure_2pct_target4pct_2d,-0.3937497318,-0.4340053836,False,-0.1106801657,-0.1471486393,True,True,-0.2830695661
trend_structure,0,s0_strong_no_ma,momentum_trail_4pct_5d,-0.2110742052,-0.4222404204,False,-0.0316091331,-0.0722847484,True,True,-0.1794650721
trend_structure,0,s0_strong_no_ma,next_open_1d,-0.4279058765,-0.4586558188,False,-0.0740497286,-0.1215702794,True,True,-0.3538561479
trend_structure,0,s0_strong_no_ma,next_open_2d,-0.4228218753,-0.464865851,False,0.0542710111,-0.0479080921,True,False,-0.47709288639999997
trend_structure,0,s0_strong_no_ma,next_open_3d,-0.614629103,-0.6462039919,False,-0.060367151,-0.0861883044,True,True,-0.554261952
trend_structure,0,s0_strong_no_ma,next_open_5d,-0.5752179896,-0.6014151648,False,-0.0616987999,-0.1178382081,True,True,-0.5135191897
trend_structure,0,s0_strong_no_ma,protect_3pct_target6pct_3d,-0.4173001515,-0.4386588314,False,-0.0878773337,-0.1150323814,True,True,-0.3294228178
trend_structure,0,s1_break_reclaim_stable3,fast_failure_2pct_target4pct_2d,-0.5903456867,-0.6116521353,False,0.0258711778,-0.0221914591,True,False,-0.6162168645
trend_structure,0,s1_break_reclaim_stable3,momentum_trail_4pct_5d,-0.5063884998,-0.5373096984,True,0.0070747689,-0.0283821191,True,False,-0.5134632687
trend_structure,0,s1_break_reclaim_stable3,next_open_1d,-0.3589993237,-0.4091868618,False,0.0199550589,-0.029182856,True,False,-0.3789543826
trend_structure,0,s1_break_reclaim_stable3,next_open_2d,-0.4947522256,-0.5334339489,False,0.035680253,-0.0173317362,True,False,-0.5304324786
trend_structure,0,s1_break_reclaim_stable3,next_open_3d,-0.1171632718,-0.3216710427,False,0.0053147954,-0.02991149,True,False,-0.1224780672
trend_structure,0,s1_break_reclaim_stable3,next_open_5d,-0.1786139108,-0.3279681861,True,-0.0471266797,-0.0644991233,True,True,-0.1314872311
trend_structure,0,s1_break_reclaim_stable3,protect_3pct_target6pct_3d,-0.4403878209,-0.4534903205,False,0.0379553757,-0.0308360803,True,False,-0.4783431966
trend_structure,0,s1_near_reversal,fast_failure_2pct_target4pct_2d,-0.5123206313,-0.5516458484,False,-0.0041069497,-0.0292583201,True,True,-0.5082136816
trend_structure,0,s1_near_reversal,momentum_trail_4pct_5d,-0.5174555338,-0.5508042144,True,-0.0231570553,-0.0510934509,True,True,-0.49429847849999997
trend_structure,0,s1_near_reversal,next_open_1d,-0.4534014859,-0.4895216831,False,-0.0234433549,-0.0357588346,True,True,-0.429958131
trend_structure,0,s1_near_reversal,next_open_2d,-0.5228944626,-0.5328456852,True,-0.0266182015,-0.0407940319,True,True,-0.49627626110000006
trend_structure,0,s1_near_reversal,next_open_3d,-0.4975251048,-0.524269512,False,-0.0257371412,-0.0641390808,True,True,-0.4717879636
trend_structure,0,s1_near_reversal,next_open_5d,-0.2216286865,-0.3739555853,True,-0.0001588852,-0.0248726708,True,True,-0.22146980130000002
trend_structure,0,s1_near_reversal,protect_3pct_target6pct_3d,-0.4630914602,-0.4885372043,False,-0.0153096518,-0.0283990939,True,True,-0.44778180840000004
trend_structure,0,s1_touch_immediate,fast_failure_2pct_target4pct_2d,-0.4573533685,-0.4751199432,False,-0.0609456278,-0.0728694119,True,True,-0.3964077407
trend_structure,0,s1_touch_immediate,momentum_trail_4pct_5d,0.0151638783,-0.2929298199,True,0.0037102606,-0.0307835866,True,True,0.011453617699999998
trend_structure,0,s1_touch_immediate,next_open_1d,-0.3726988025,-0.4121091007,False,-0.0639009266,-0.0798324399,True,True,-0.30879787589999996
trend_structure,0,s1_touch_immediate,next_open_2d,-0.1896473418,-0.3024828595,False,-0.0357690675,-0.0569205158,True,True,-0.1538782743
trend_structure,0,s1_touch_immediate,next_open_3d,0.0809481744,-0.2479034306,False,-0.0637984435,-0.0769281248,True,False,0.14474661789999999
trend_structure,0,s1_touch_immediate,next_open_5d,-0.3212144182,-0.3451361474,True,-0.0150027524,-0.0327852429,True,True,-0.30621166580000003
trend_structure,0,s1_touch_immediate,protect_3pct_target6pct_3d,-0.5057160875,-0.5441292396,False,-0.0564136722,-0.0842233768,True,True,-0.4493024153
trend_structure,0,s1_touch_reclaim,fast_failure_2pct_target4pct_2d,-0.257461799,-0.3626182149,False,-0.0264671174,-0.0354839052,True,True,-0.2309946816
trend_structure,0,s1_touch_reclaim,momentum_trail_4pct_5d,-0.0240043163,-0.2305106264,True,-0.0847335964,-0.1052823167,True,True,0.060729280100000005
trend_structure,0,s1_touch_reclaim,next_open_1d,-0.2293240792,-0.3476592649,False,-0.0949029565,-0.103026876,False,True,-0.1344211227
trend_structure,0,s1_touch_reclaim,next_open_2d,-0.3643380344,-0.3892687428,False,-0.0482145165,-0.0569400436,False,True,-0.31612351790000004
trend_structure,0,s1_touch_reclaim,next_open_3d,0.2034079765,-0.3074105664,False,-0.0470498927,-0.0602691025,False,False,0.2504578692
trend_structure,0,s1_touch_reclaim,next_open_5d,0.0178703212,-0.2603289581,True,-0.0142437037,-0.0340881051,True,False,0.0321140249
trend_structure,0,s1_touch_reclaim,protect_3pct_target6pct_3d,-0.2348472446,-0.3280375252,False,-0.0830138122,-0.0868478741,True,True,-0.15183343240000002
trend_structure,0,s2_first_touch_reclaim,fast_failure_2pct_target4pct_2d,-0.3906650617,-0.4308849718,False,-0.0632836066,-0.0625078501,True,True,-0.3273814551
trend_structure,0,s2_first_touch_reclaim,momentum_trail_4pct_5d,-0.2618703507,-0.2871497246,False,-0.0793311567,-0.0902921197,True,True,-0.18253919399999996
trend_structure,0,s2_first_touch_reclaim,next_open_1d,-0.3279346225,-0.4012086482,False,-0.0825135755,-0.0972323347,True,True,-0.245421047
trend_structure,0,s2_first_touch_reclaim,next_open_2d,-0.0486803093,-0.2508198534,False,-0.0798879515,-0.0846226592,True,True,0.031207642199999996
trend_structure,0,s2_first_touch_reclaim,next_open_3d,-0.1244807043,-0.3266740364,True,-0.0569126954,-0.0648102268,True,True,-0.0675680089
trend_structure,0,s2_first_touch_reclaim,next_open_5d,-0.0852509314,-0.2981141083,True,-0.0253576091,-0.0444178577,True,True,-0.059893322299999996
trend_structure,0,s2_first_touch_reclaim,protect_3pct_target6pct_3d,-0.3167229295,-0.3685308045,False,-0.0597006403,-0.067285459,True,True,-0.2570222892
trend_structure,0,s2_reclaim_acceleration,fast_failure_2pct_target4pct_2d,-0.5913323948,-0.6135326776,False,0.0675906586,-0.0203492611,True,False,-0.6589230534
trend_structure,0,s2_reclaim_acceleration,momentum_trail_4pct_5d,-0.2495476424,-0.3666808729,False,-0.0230803614,-0.0444028839,True,True,-0.226467281
trend_structure,0,s2_reclaim_acceleration,next_open_1d,-0.2549041831,-0.3268912531,False,0.0207415725,-0.0246951861,True,False,-0.27564575560000004
trend_structure,0,s2_reclaim_acceleration,next_open_2d,-0.281239726,-0.369664747,False,0.024606991,-0.030226806,True,False,-0.30584671700000005
trend_structure,0,s2_reclaim_acceleration,next_open_3d,-0.113079389,-0.359546712,False,-0.0336729863,-0.0411879128,True,True,-0.0794064027
trend_structure,0,s2_reclaim_acceleration,next_open_5d,-0.0256428743,-0.2560017803,False,-0.0551647351,-0.0698300781,True,True,0.0295218608
trend_structure,0,s2_reclaim_acceleration,protect_3pct_target6pct_3d,-0.3672872234,-0.4112139767,False,-0.025923321,-0.0349229923,True,True,-0.3413639024
trend_structure,0,s2_reclaim_bull_stack,fast_failure_2pct_target4pct_2d,-0.7027774619,-0.7262668728,False,0.0208091002,-0.045670362,True,False,-0.7235865621
trend_structure,0,s2_reclaim_bull_stack,momentum_trail_4pct_5d,-0.3807742861,-0.4662606735,False,-0.0101008491,-0.0336857609,True,True,-0.37067343700000005
trend_structure,0,s2_reclaim_bull_stack,next_open_1d,-0.6643369547,-0.6745354775,False,0.0058566468,-0.0420509631,True,False,-0.6701936015
trend_structure,0,s2_reclaim_bull_stack,next_open_2d,-0.3581166395,-0.4877653789,False,0.0187578885,-0.0274122333,True,False,-0.376874528
trend_structure,0,s2_reclaim_bull_stack,next_open_3d,-0.5634047888,-0.6128356845,True,0.0426872321,-0.0202089121,True,False,-0.6060920209
trend_structure,0,s2_reclaim_bull_stack,next_open_5d,-0.2534662862,-0.3414354659,True,-0.0101008491,-0.0336857609,True,True,-0.2433654371
trend_structure,0,s2_reclaim_bull_stack,protect_3pct_target6pct_3d,-0.7796465789,-0.7846045781,False,0.0317586374,-0.0396128485,True,False,-0.8114052163
trend_structure,0,s2_reclaim_daily_trend,fast_failure_2pct_target4pct_2d,-0.4018951647,-0.4277854646,False,-0.0474030228,-0.0511327595,False,True,-0.3544921419
trend_structure,0,s2_reclaim_daily_trend,momentum_trail_4pct_5d,-0.4315602493,-0.4656417096,False,-0.0667110001,-0.0765412103,True,True,-0.36484924919999995
trend_structure,0,s2_reclaim_daily_trend,next_open_1d,-0.4250779082,-0.4421483689,False,-0.1232680606,-0.1199026181,False,True,-0.3018098476
trend_structure,0,s2_reclaim_daily_trend,next_open_2d,-0.3538681442,-0.4164049835,False,-0.0603395705,-0.0705401223,False,True,-0.2935285737
trend_structure,0,s2_reclaim_daily_trend,next_open_3d,0.1453532342,-0.1991638524,True,-0.0651797185,-0.0713084221,False,False,0.2105329527
trend_structure,0,s2_reclaim_daily_trend,next_open_5d,-0.004693647,-0.2894728446,True,-0.0526603264,-0.063040213,True,True,0.0479666794
trend_structure,0,s2_reclaim_daily_trend,protect_3pct_target6pct_3d,-0.4077889898,-0.4363587828,False,-0.0772171384,-0.0875934251,False,True,-0.3305718514
trend_structure,0,s2_reclaim_positive_slope,fast_failure_2pct_target4pct_2d,-0.5140888394,-0.5178150833,False,-0.0686385585,-0.0660770296,True,True,-0.44545028090000005
trend_structure,0,s2_reclaim_positive_slope,momentum_trail_4pct_5d,-0.2921000334,-0.4128700652,True,-0.0318834164,-0.0416559884,True,True,-0.260216617
trend_structure,0,s2_reclaim_positive_slope,next_open_1d,-0.4773671271,-0.4813602175,False,-0.0794910219,-0.0786756659,True,True,-0.3978761052
trend_structure,0,s2_reclaim_positive_slope,next_open_2d,-0.2884243071,-0.3623992212,False,-0.0592771997,-0.0725233255,True,True,-0.2291471074
trend_structure,0,s2_reclaim_positive_slope,next_open_3d,0.0523584836,-0.4025192455,False,-0.0809779096,-0.0928313218,True,False,0.1333363932
trend_structure,0,s2_reclaim_positive_slope,next_open_5d,-0.0387718347,-0.2189312658,False,-0.0305653777,-0.0515304141,True,True,-0.008206457
trend_structure,0,s2_reclaim_positive_slope,protect_3pct_target6pct_3d,-0.4348195868,-0.4496454429,False,-0.006377931,-0.0357645529,True,True,-0.4284416558
trend_structure,0,s2_reclaim_recent_high,fast_failure_2pct_target4pct_2d,-0.7690983129,-0.7950136959,False,-0.0618936141,-0.1076487697,True,True,-0.7072046987999999
trend_structure,0,s2_reclaim_recent_high,momentum_trail_4pct_5d,-0.6746414895,-0.721527167,True,-0.0503996984,-0.0849325429,True,True,-0.6242417911
trend_structure,0,s2_reclaim_recent_high,next_open_1d,-0.7074173398,-0.7296870526,False,-0.073412842,-0.1188379283,True,True,-0.6340044978
trend_structure,0,s2_reclaim_recent_high,next_open_2d,-0.4799969538,-0.5446468497,False,-0.0364852839,-0.0702787746,True,True,-0.4435116699
trend_structure,0,s2_reclaim_recent_high,next_open_3d,-0.4635631599,-0.4990586597,False,-0.0080594897,-0.0574517277,False,True,-0.45550367020000004
trend_structure,0,s2_reclaim_recent_high,next_open_5d,-0.5441136024,-0.5570912626,True,0.0265466801,-0.0223998739,True,False,-0.5706602825
trend_structure,0,s2_reclaim_recent_high,protect_3pct_target6pct_3d,-0.6094592147,-0.652170049,False,0.0154508399,-0.0525376244,True,False,-0.6249100545999999
trend_structure,0,s4_auction_confirmed_reclaim,fast_failure_2pct_target4pct_2d,-0.5649602553,-0.5772264566,False,-0.0760338056,-0.0721315566,True,True,-0.48892644970000004
trend_structure,0,s4_auction_confirmed_reclaim,momentum_trail_4pct_5d,-0.3481985993,-0.3847762705,True,-0.0410786839,-0.0462168399,True,True,-0.3071199154
trend_structure,0,s4_auction_confirmed_reclaim,next_open_1d,-0.5834574337,-0.596828907,False,-0.0549362421,-0.0789320964,True,True,-0.5285211916
trend_structure,0,s4_auction_confirmed_reclaim,next_open_2d,-0.4091285119,-0.4553691561,False,-0.0481647227,-0.0461467452,True,True,-0.3609637892
trend_structure,0,s4_auction_confirmed_reclaim,next_open_3d,-0.195839377,-0.2836701026,False,-0.0844205018,-0.0824793899,True,True,-0.1114188752
trend_structure,0,s4_auction_confirmed_reclaim,next_open_5d,-0.3855488159,-0.4139870272,True,-0.0279003483,-0.0360061856,True,True,-0.3576484676
trend_structure,0,s4_auction_confirmed_reclaim,protect_3pct_target6pct_3d,-0.5446212715,-0.5573726695,True,-0.0167357577,-0.0432227108,True,True,-0.5278855137999999
trend_structure,0,s4_reclaim_amount_acceleration,fast_failure_2pct_target4pct_2d,-0.5866538977,-0.632760259,False,-0.0715265523,-0.0788477165,True,True,-0.5151273453999999
trend_structure,0,s4_reclaim_amount_acceleration,momentum_trail_4pct_5d,-0.2935488206,-0.3389016101,True,-0.001122451,-0.0403487013,True,True,-0.29242636959999996
trend_structure,0,s4_reclaim_amount_acceleration,next_open_1d,-0.6527013437,-0.6779433616,False,-0.0920332775,-0.1020453659,True,True,-0.5606680662
trend_structure,0,s4_reclaim_amount_acceleration,next_open_2d,-0.2633275058,-0.3645679741,False,-0.0724442909,-0.0832273422,True,True,-0.1908832149
trend_structure,0,s4_reclaim_amount_acceleration,next_open_3d,-0.0601134591,-0.3966722858,True,-0.0683835871,-0.0820106436,True,True,0.008270128000000002
trend_structure,0,s4_reclaim_amount_acceleration,next_open_5d,0.0505573268,-0.2642196873,False,-0.0504982422,-0.0547489296,True,False,0.10105556900000001
trend_structure,0,s4_reclaim_amount_acceleration,protect_3pct_target6pct_3d,-0.5678132451,-0.5815171423,True,-0.0597283313,-0.0610268204,True,True,-0.5080849138
trend_structure,0,s4_reclaim_volume_normal,fast_failure_2pct_target4pct_2d,-0.778380604,-0.7806970037,False,-0.0842668953,-0.1196453476,True,True,-0.6941137087
trend_structure,0,s4_reclaim_volume_normal,momentum_trail_4pct_5d,-0.2334070216,-0.3155397147,True,-0.0205649448,-0.0535738533,True,True,-0.2128420768
trend_structure,0,s4_reclaim_volume_normal,next_open_1d,-0.7591933122,-0.7634791045,False,-0.0513618622,-0.0740134481,True,True,-0.70783145
trend_structure,0,s4_reclaim_volume_normal,next_open_2d,-0.569015986,-0.5775379638,False,-0.0483590969,-0.0497683515,True,True,-0.5206568891000001
trend_structure,0,s4_reclaim_volume_normal,next_open_3d,-0.5377794379,-0.5536178862,False,-0.0446048433,-0.0632604968,True,True,-0.4931745946
trend_structure,0,s4_reclaim_volume_normal,next_open_5d,-0.4778473687,-0.502337767,True,0.0245732733,-0.0273265032,True,False,-0.502420642
trend_structure,0,s4_reclaim_volume_normal,protect_3pct_target6pct_3d,-0.5379334752,-0.5602967174,False,0.0186113684,-0.0402953908,True,False,-0.5565448436
trend_structure,0,s4_reclaim_volume_proxy,fast_failure_2pct_target4pct_2d,-0.5046301812,-0.5510942336,False,0.0154273957,-0.019735265,True,False,-0.5200575769
trend_structure,0,s4_reclaim_volume_proxy,momentum_trail_4pct_5d,-0.3557278908,-0.4242573247,True,-0.0099461894,-0.0382944691,True,True,-0.3457817014
trend_structure,0,s4_reclaim_volume_proxy,next_open_1d,0.0657209414,-0.3389927833,False,-0.0478650814,-0.064910778,True,False,0.11358602279999999
trend_structure,0,s4_reclaim_volume_proxy,next_open_2d,-0.4112687806,-0.5051123411,True,-0.0028795226,-0.0182060308,True,True,-0.408389258
trend_structure,0,s4_reclaim_volume_proxy,next_open_3d,-0.0361651042,-0.3323266494,True,-0.003227615,-0.025706811,True,True,-0.032937489199999996
trend_structure,0,s4_reclaim_volume_proxy,next_open_5d,-0.223759153,-0.3262283188,False,-0.0896701924,-0.093339959,True,True,-0.13408896059999997
trend_structure,0,s4_reclaim_volume_proxy,protect_3pct_target6pct_3d,-0.4940004502,-0.5312995953,False,0.0345538319,-0.0129018604,True,False,-0.5285542821
trend_structure,0,s4_reclaim_vwap_support,fast_failure_2pct_target4pct_2d,-0.6914175307,-0.6962039814,False,-0.0345304401,-0.0394847553,True,True,-0.6568870906000001
trend_structure,0,s4_reclaim_vwap_support,momentum_trail_4pct_5d,-0.5084924158,-0.5217420603,True,-0.0226247813,-0.053292769,True,True,-0.48586763450000003
trend_structure,0,s4_reclaim_vwap_support,next_open_1d,-0.6203157619,-0.6339397874,False,-0.0925645327,-0.0968202353,True,True,-0.5277512292000001
trend_structure,0,s4_reclaim_vwap_support,next_open_2d,-0.4843587,-0.499190118,False,-0.1029587352,-0.1077281562,True,True,-0.3813999648
trend_structure,0,s4_reclaim_vwap_support,next_open_3d,0.1901890822,-0.1994350867,False,-0.0755785164,-0.0772995115,True,False,0.2657675986
trend_structure,0,s4_reclaim_vwap_support,next_open_5d,-0.2948077669,-0.3332020402,True,-0.0354216545,-0.0571843679,True,True,-0.2593861124
trend_structure,0,s4_reclaim_vwap_support,protect_3pct_target6pct_3d,-0.4199070764,-0.4520613706,False,-0.0398932865,-0.0597398955,True,True,-0.3800137899
trend_structure,1,cs_r3_leader_confirmation,fast_failure_2pct_target4pct_2d,-0.751624028,-0.7743675871,False,0.0055079936,-0.0370864384,True,False,-0.7571320216
trend_structure,1,cs_r3_leader_confirmation,momentum_trail_4pct_5d,-0.2071562501,-0.4147646355,False,-0.054807374,-0.0668363132,True,True,-0.1523488761
trend_structure,1,cs_r3_leader_confirmation,next_open_1d,-0.5482063114,-0.6140017515,False,-0.0432852663,-0.0575254233,True,True,-0.5049210451
trend_structure,1,cs_r3_leader_confirmation,next_open_2d,-0.2659690244,-0.3560767426,False,-0.0148113268,-0.0717192494,True,True,-0.25115769759999995
trend_structure,1,cs_r3_leader_confirmation,next_open_3d,-0.1375678855,-0.3522168571,False,-0.0449669202,-0.0914260198,True,True,-0.09260096529999998
trend_structure,1,cs_r3_leader_confirmation,next_open_5d,-0.0462085639,-0.2654987309,False,-0.0673949825,-0.0999334705,True,True,0.021186418600000007
trend_structure,1,cs_r3_leader_confirmation,protect_3pct_target6pct_3d,-0.4458004344,-0.5198231602,False,-0.0363880018,-0.0538555609,True,True,-0.4094124326
trend_structure,1,fu_r3_core_pullback,fast_failure_2pct_target4pct_2d,-0.2661555046,-0.3768210369,False,-0.0683393801,-0.0802671713,True,True,-0.19781612449999997
trend_structure,1,fu_r3_core_pullback,momentum_trail_4pct_5d,-0.1407858517,-0.2612277937,False,-0.0707801037,-0.0903158739,True,True,-0.07000574799999999
trend_structure,1,fu_r3_core_pullback,next_open_1d,-0.3606017734,-0.4107417058,False,-0.0419093057,-0.0538737547,True,True,-0.3186924677
trend_structure,1,fu_r3_core_pullback,next_open_2d,-0.3489474262,-0.3992316266,False,-0.0518475179,-0.0822855056,True,True,-0.2970999083
trend_structure,1,fu_r3_core_pullback,next_open_3d,-0.3016495094,-0.4681850785,True,-0.0606483694,-0.0904162874,True,True,-0.24100114
trend_structure,1,fu_r3_core_pullback,next_open_5d,-0.3273570404,-0.4035544669,False,-0.0862541219,-0.1217021193,True,True,-0.24110291850000004
trend_structure,1,fu_r3_core_pullback,protect_3pct_target6pct_3d,-0.1850762685,-0.3513780698,False,-0.038703261,-0.0666689573,True,True,-0.14637300749999999
trend_structure,1,ht_r3_core_pullback,fast_failure_2pct_target4pct_2d,-0.6788681937,-0.7112015462,False,-0.0261029239,-0.0764032083,True,True,-0.6527652697999999
trend_structure,1,ht_r3_core_pullback,momentum_trail_4pct_5d,-0.645016287,-0.6856006034,True,0.0221207919,-0.042822866,True,False,-0.6671370789000001
trend_structure,1,ht_r3_core_pullback,next_open_1d,-0.6393812211,-0.6674405763,False,-0.0404603881,-0.0745235624,True,True,-0.598920833
trend_structure,1,ht_r3_core_pullback,next_open_2d,-0.4459664133,-0.5073237158,False,0.0287181106,-0.0468733664,True,False,-0.4746845239
trend_structure,1,ht_r3_core_pullback,next_open_3d,-0.4072277874,-0.4773897662,True,-0.0209541892,-0.0492363898,True,True,-0.38627359819999996
trend_structure,1,ht_r3_core_pullback,next_open_5d,-0.3384627065,-0.4194624064,False,0.0017425289,-0.0417449168,True,False,-0.3402052354
trend_structure,1,ht_r3_core_pullback,protect_3pct_target6pct_3d,-0.5444845182,-0.5956004352,False,0.0073147292,-0.0389030197,True,False,-0.5517992474
trend_structure,1,ng_r1_auction_reclaim,fast_failure_2pct_target4pct_2d,-0.281466328,-0.3129269998,False,0.0164584776,-0.0221156615,True,False,-0.2979248056
trend_structure,1,ng_r1_auction_reclaim,momentum_trail_4pct_5d,-0.1968470355,-0.3017789116,True,-0.0034543622,-0.0539956831,True,True,-0.19339267329999998
trend_structure,1,ng_r1_auction_reclaim,next_open_1d,-0.3361998867,-0.3809531688,False,0.0105692817,-0.0324256185,True,False,-0.3467691684
trend_structure,1,ng_r1_auction_reclaim,next_open_2d,-0.2334746617,-0.3129676241,False,-0.0096349225,-0.0376967748,True,True,-0.2238397392
trend_structure,1,ng_r1_auction_reclaim,next_open_3d,-0.2667903514,-0.3352153063,False,-0.0153428497,-0.0376358323,True,True,-0.2514475017
trend_structure,1,ng_r1_auction_reclaim,next_open_5d,-0.3762220522,-0.4230586994,False,0.0123239904,-0.0484085471,True,False,-0.3885460426
trend_structure,1,ng_r1_auction_reclaim,protect_3pct_target6pct_3d,-0.2352199307,-0.315623193,True,0.0019715252,-0.0219580349,True,False,-0.2371914559
trend_structure,1,ng_r3_volume_quality,fast_failure_2pct_target4pct_2d,-0.773006951,-0.7749792273,False,-0.1034277879,-0.1157172362,True,True,-0.6695791631000001
trend_structure,1,ng_r3_volume_quality,momentum_trail_4pct_5d,-0.3874726567,-0.4496026466,True,-0.0036226086,-0.0606724279,True,True,-0.38385004809999995
trend_structure,1,ng_r3_volume_quality,next_open_1d,-0.798927477,-0.8023165453,False,-0.0834788751,-0.0841095707,True,True,-0.7154486019
trend_structure,1,ng_r3_volume_quality,next_open_2d,-0.54447661,-0.5463962376,True,-0.0865053691,-0.0924666062,True,True,-0.4579712409
trend_structure,1,ng_r3_volume_quality,next_open_3d,-0.562857468,-0.5811311799,False,-0.0780082577,-0.0861574221,True,True,-0.48484921030000006
trend_structure,1,ng_r3_volume_quality,next_open_5d,-0.4614613152,-0.4842090041,False,0.0108121835,-0.0377542741,True,False,-0.4722734987
trend_structure,1,ng_r3_volume_quality,protect_3pct_target6pct_3d,-0.6905739132,-0.6997247407,False,-0.0612665193,-0.0686881379,True,True,-0.6293073938999999
trend_structure,1,s0_distance_only,fast_failure_2pct_target4pct_2d,-0.6206845425,-0.6224664002,False,-0.0775698148,-0.0836936865,True,True,-0.5431147277
trend_structure,1,s0_distance_only,momentum_trail_4pct_5d,-0.3815960278,-0.4413896423,True,-0.0587062025,-0.0701814817,True,True,-0.3228898253
trend_structure,1,s0_distance_only,next_open_1d,-0.6658167083,-0.6676645907,False,-0.1158918729,-0.1192535709,True,True,-0.5499248353999999
trend_structure,1,s0_distance_only,next_open_2d,-0.3159598373,-0.3596734019,False,-0.1179517631,-0.117988996,True,True,-0.1980080742
trend_structure,1,s0_distance_only,next_open_3d,-0.3717409492,-0.4381934769,True,-0.0830694842,-0.0869096161,True,True,-0.288671465
trend_structure,1,s0_distance_only,next_open_5d,-0.0503869638,-0.2257632122,True,-0.0260586524,-0.0415945454,True,True,-0.024328311399999997
trend_structure,1,s0_distance_only,protect_3pct_target6pct_3d,-0.4892244496,-0.4912790934,False,-0.0635770381,-0.0716519072,True,True,-0.4256474115
trend_structure,1,s0_strong_no_ma,fast_failure_2pct_target4pct_2d,-0.5380922718,-0.5750820423,False,-0.0463580964,-0.0634197252,True,True,-0.4917341754
trend_structure,1,s0_strong_no_ma,momentum_trail_4pct_5d,-0.014066636,-0.248749022,False,-0.0483673535,-0.0666833328,True,True,0.0343007175
trend_structure,1,s0_strong_no_ma,next_open_1d,-0.5174194463,-0.5579489907,False,-0.1354323354,-0.1465965751,True,True,-0.38198711090000004
trend_structure,1,s0_strong_no_ma,next_open_2d,-0.6648061112,-0.7137781872,False,-0.0451540939,-0.0730839738,True,True,-0.6196520173
trend_structure,1,s0_strong_no_ma,next_open_3d,-0.4142646428,-0.5143604488,False,-0.0905794472,-0.1005079742,True,True,-0.32368519560000003
trend_structure,1,s0_strong_no_ma,next_open_5d,-0.4296033011,-0.4923087221,True,0.0131603644,-0.0580129608,True,False,-0.4427636655
trend_structure,1,s0_strong_no_ma,protect_3pct_target6pct_3d,-0.2404344409,-0.4155576107,False,-0.0627077919,-0.0700266538,True,True,-0.177726649
trend_structure,1,s1_break_reclaim_stable3,fast_failure_2pct_target4pct_2d,-0.5445676993,-0.5781868409,False,-0.0033933285,-0.0292483827,True,True,-0.5411743708000001
trend_structure,1,s1_break_reclaim_stable3,momentum_trail_4pct_5d,-0.2381403278,-0.3485678119,True,0.0070967886,-0.023608668,True,False,-0.24523711639999998
trend_structure,1,s1_break_reclaim_stable3,next_open_1d,-0.458772504,-0.5001068941,False,0.0108020023,-0.0267270454,True,False,-0.4695745063
trend_structure,1,s1_break_reclaim_stable3,next_open_2d,-0.4815639255,-0.501773471,False,0.011330008,-0.0353206678,True,False,-0.4928939335
trend_structure,1,s1_break_reclaim_stable3,next_open_3d,-0.1104107264,-0.3792868573,False,0.0013052411,-0.0265027003,True,False,-0.11171596750000001
trend_structure,1,s1_break_reclaim_stable3,next_open_5d,-0.2758929657,-0.3178620643,True,-0.0303542442,-0.0441169939,True,True,-0.2455387215
trend_structure,1,s1_break_reclaim_stable3,protect_3pct_target6pct_3d,-0.5364071058,-0.5507476564,True,0.0049431766,-0.0242701879,True,False,-0.5413502823999999
trend_structure,1,s1_near_reversal,fast_failure_2pct_target4pct_2d,-0.5219162705,-0.562713176,False,-0.01190705,-0.0221473838,True,True,-0.5100092205
trend_structure,1,s1_near_reversal,momentum_trail_4pct_5d,-0.4390518225,-0.500225225,True,-0.0637623489,-0.063733601,True,True,-0.37528947360000003
trend_structure,1,s1_near_reversal,next_open_1d,-0.5440336122,-0.5739358053,False,-0.0450469867,-0.0395598017,True,True,-0.4989866255
trend_structure,1,s1_near_reversal,next_open_2d,-0.5506544612,-0.588099193,False,-0.0621089369,-0.0665312888,True,True,-0.4885455242999999
trend_structure,1,s1_near_reversal,next_open_3d,-0.6277414112,-0.6441321298,False,0.0188217478,-0.0341142452,True,False,-0.646563159
trend_structure,1,s1_near_reversal,next_open_5d,-0.2681634011,-0.3019089463,False,-0.0379619852,-0.0594749735,True,True,-0.23020141589999998
trend_structure,1,s1_near_reversal,protect_3pct_target6pct_3d,-0.5905458389,-0.6167559327,True,-0.0542708952,-0.0528548138,True,True,-0.5362749437000001
trend_structure,1,s1_touch_immediate,fast_failure_2pct_target4pct_2d,-0.4965401838,-0.5442916013,False,-0.052716268,-0.0512630134,True,True,-0.44382391579999997
trend_structure,1,s1_touch_immediate,momentum_trail_4pct_5d,-0.2292885583,-0.3440048745,False,-0.0808074637,-0.081553725,True,True,-0.1484810946
trend_structure,1,s1_touch_immediate,next_open_1d,-0.2726937673,-0.3433578879,False,-0.1052037663,-0.10563144,True,True,-0.167490001
trend_structure,1,s1_touch_immediate,next_open_2d,-0.3527580192,-0.3722005836,False,-0.0693780747,-0.0718123469,True,True,-0.2833799445
trend_structure,1,s1_touch_immediate,next_open_3d,-0.3602753175,-0.3848212826,False,-0.0251240555,-0.0403094237,True,True,-0.335151262
trend_structure,1,s1_touch_immediate,next_open_5d,0.0418103765,-0.2661569879,True,-0.0272441647,-0.047541091,True,False,0.0690545412
trend_structure,1,s1_touch_immediate,protect_3pct_target6pct_3d,-0.0513194826,-0.3472036582,False,-0.047572487,-0.0561350527,True,True,-0.003746995600000004
trend_structure,1,s1_touch_reclaim,fast_failure_2pct_target4pct_2d,-0.6906922123,-0.6967029657,False,-0.0522259088,-0.058725543,True,True,-0.6384663035
trend_structure,1,s1_touch_reclaim,momentum_trail_4pct_5d,-0.3867112159,-0.4265801388,False,-0.0318715534,-0.0737773609,True,True,-0.3548396625
trend_structure,1,s1_touch_reclaim,next_open_1d,-0.6593464033,-0.6683406839,False,-0.0812460781,-0.0783951333,True,True,-0.5781003252000001
trend_structure,1,s1_touch_reclaim,next_open_2d,-0.5218220855,-0.5444465055,False,-0.0431314781,-0.0660348656,True,True,-0.47869060739999997
trend_structure,1,s1_touch_reclaim,next_open_3d,0.0396742699,-0.3819481698,False,-0.0592165633,-0.0693932564,True,False,0.0988908332
trend_structure,1,s1_touch_reclaim,next_open_5d,-0.0527097783,-0.2417738689,True,-0.0571578509,-0.0745831956,True,True,0.004448072599999998
trend_structure,1,s1_touch_reclaim,protect_3pct_target6pct_3d,-0.3191502288,-0.413808082,False,-0.03365187,-0.066489627,True,True,-0.28549835879999996
trend_structure,1,s2_first_touch_reclaim,fast_failure_2pct_target4pct_2d,-0.3395053441,-0.3919725991,False,-0.0424805428,-0.0559701769,True,True,-0.2970248013
trend_structure,1,s2_first_touch_reclaim,momentum_trail_4pct_5d,-0.0652405482,-0.2721228429,False,-0.0484812528,-0.0771672032,True,True,-0.0167592954
trend_structure,1,s2_first_touch_reclaim,next_open_1d,-0.3302538978,-0.4030551087,False,-0.1269342353,-0.1331274903,True,True,-0.20331966249999997
trend_structure,1,s2_first_touch_reclaim,next_open_2d,-0.2176638451,-0.300900691,False,-0.1073826116,-0.1167719669,True,True,-0.1102812335
trend_structure,1,s2_first_touch_reclaim,next_open_3d,-0.2324793889,-0.3359860285,True,-0.0558897753,-0.0735592563,True,True,-0.1765896136
trend_structure,1,s2_first_touch_reclaim,next_open_5d,-0.2793662198,-0.3980198811,True,-0.0118038456,-0.0446105509,True,True,-0.2675623742
trend_structure,1,s2_first_touch_reclaim,protect_3pct_target6pct_3d,-0.4123948572,-0.437405951,False,-0.0493791658,-0.065236796,True,True,-0.3630156914
trend_structure,1,s2_reclaim_acceleration,fast_failure_2pct_target4pct_2d,-0.3798557445,-0.4489289641,False,0.0496112318,-0.0295004467,True,False,-0.42946697629999997
trend_structure,1,s2_reclaim_acceleration,momentum_trail_4pct_5d,-0.3626967047,-0.4356595613,True,-0.0007150425,-0.0439669833,True,True,-0.3619816622
trend_structure,1,s2_reclaim_acceleration,next_open_1d,-0.3289319528,-0.4049435063,False,0.0017565091,-0.0249159217,True,False,-0.3306884619
trend_structure,1,s2_reclaim_acceleration,next_open_2d,-0.3129686457,-0.3740201654,False,0.0209648372,-0.0413380802,True,False,-0.33393348289999997
trend_structure,1,s2_reclaim_acceleration,next_open_3d,0.0656533937,-0.2998106725,False,0.0076484269,-0.0247427423,True,True,0.05800496680000001
trend_structure,1,s2_reclaim_acceleration,next_open_5d,-0.035258233,-0.2439113143,False,0.0022583111,-0.0482132994,True,False,-0.0375165441
trend_structure,1,s2_reclaim_acceleration,protect_3pct_target6pct_3d,-0.3823625347,-0.409674165,True,-0.0139560388,-0.0384872527,True,True,-0.36840649589999996
trend_structure,1,s2_reclaim_bull_stack,fast_failure_2pct_target4pct_2d,-0.6939842813,-0.7244695882,False,0.0716975378,-0.045670362,True,False,-0.7656818191
trend_structure,1,s2_reclaim_bull_stack,momentum_trail_4pct_5d,-0.4413884501,-0.5142972411,False,-0.0101008491,-0.0336857609,True,True,-0.431287601
trend_structure,1,s2_reclaim_bull_stack,next_open_1d,-0.6514633101,-0.6622816244,False,0.0038218142,-0.0439508302,True,False,-0.6552851243000001
trend_structure,1,s2_reclaim_bull_stack,next_open_2d,-0.3630088097,-0.4916439163,False,0.0233261265,-0.0274122333,True,False,-0.3863349362
trend_structure,1,s2_reclaim_bull_stack,next_open_3d,-0.574353995,-0.6220743,True,0.0426872321,-0.0202089121,True,False,-0.6170412271
trend_structure,1,s2_reclaim_bull_stack,next_open_5d,-0.2461678385,-0.3391366884,True,-0.0101008491,-0.0336857609,True,True,-0.2360669894
trend_structure,1,s2_reclaim_bull_stack,protect_3pct_target6pct_3d,-0.7700493422,-0.7751286742,False,0.0317586374,-0.0396128485,True,False,-0.8018079795999999
trend_structure,1,s2_reclaim_daily_trend,fast_failure_2pct_target4pct_2d,-0.2989809777,-0.3501119078,False,-0.0588034441,-0.0625661659,True,True,-0.2401775336
trend_structure,1,s2_reclaim_daily_trend,momentum_trail_4pct_5d,-0.1403112672,-0.2448347995,True,-0.0811864369,-0.0895803142,True,True,-0.0591248303
trend_structure,1,s2_reclaim_daily_trend,next_open_1d,-0.2320296126,-0.3540481004,False,-0.101591635,-0.1085326328,False,True,-0.13043797759999998
trend_structure,1,s2_reclaim_daily_trend,next_open_2d,-0.3872635646,-0.4095039244,False,-0.047530428,-0.0586706981,False,True,-0.3397331366
trend_structure,1,s2_reclaim_daily_trend,next_open_3d,0.1006082588,-0.2708943507,False,-0.0489759426,-0.0622037189,False,False,0.1495842014
trend_structure,1,s2_reclaim_daily_trend,next_open_5d,0.023917452,-0.2926498307,True,-0.0497403042,-0.0587416721,True,False,0.07365775620000001
trend_structure,1,s2_reclaim_daily_trend,protect_3pct_target6pct_3d,-0.4921060427,-0.5185361772,False,-0.0554750269,-0.0636907135,True,True,-0.4366310158
trend_structure,1,s2_reclaim_positive_slope,fast_failure_2pct_target4pct_2d,-0.5111824454,-0.5602641709,False,0.0267111484,-0.0313217989,True,False,-0.5378935938
trend_structure,1,s2_reclaim_positive_slope,momentum_trail_4pct_5d,-0.2530467605,-0.4107509858,False,0.0040296509,-0.0288366115,True,False,-0.25707641140000004
trend_structure,1,s2_reclaim_positive_slope,next_open_1d,-0.2598751614,-0.3869158539,False,-0.0372810942,-0.0510033073,True,True,-0.2225940672
trend_structure,1,s2_reclaim_positive_slope,next_open_2d,-0.293854412,-0.3805309563,False,-0.001934744,-0.057353265,True,True,-0.291919668
trend_structure,1,s2_reclaim_positive_slope,next_open_3d,0.011502549,-0.368542277,False,-0.0200514019,-0.0403360937,True,False,0.0315539509
trend_structure,1,s2_reclaim_positive_slope,next_open_5d,-0.0430309419,-0.2554845249,True,-0.0429413578,-0.0901240704,True,True,-8.958409999999806e-05
trend_structure,1,s2_reclaim_positive_slope,protect_3pct_target6pct_3d,-0.1366383159,-0.3247390814,False,-0.0212162256,-0.0431112435,True,True,-0.1154220903
trend_structure,1,s2_reclaim_recent_high,fast_failure_2pct_target4pct_2d,-0.8439315255,-0.8490321091,False,-0.0394433776,-0.084059603,True,True,-0.8044881478999999
trend_structure,1,s2_reclaim_recent_high,momentum_trail_4pct_5d,-0.6132738455,-0.6710430484,True,-0.0001570023,-0.0561569236,True,True,-0.6131168431999999
trend_structure,1,s2_reclaim_recent_high,next_open_1d,-0.7009878038,-0.7131370346,False,-0.0742781454,-0.1141010236,True,True,-0.6267096584
trend_structure,1,s2_reclaim_recent_high,next_open_2d,-0.4920209738,-0.55528014,False,-0.0770941049,-0.1044347342,True,True,-0.41492686889999997
trend_structure,1,s2_reclaim_recent_high,next_open_3d,-0.3916993822,-0.4352962424,False,-0.0107763132,-0.0448728128,False,True,-0.380923069
trend_structure,1,s2_reclaim_recent_high,next_open_5d,-0.4681712632,-0.511234196,True,-0.0090457674,-0.0410328586,True,True,-0.4591254958
trend_structure,1,s2_reclaim_recent_high,protect_3pct_target6pct_3d,-0.6917268198,-0.7102731545,True,-0.0037562083,-0.062960518,True,True,-0.6879706114999999
trend_structure,1,s4_auction_confirmed_reclaim,fast_failure_2pct_target4pct_2d,-0.6539882483,-0.6670565374,False,-0.0348824477,-0.054304847,True,True,-0.6191058006
trend_structure,1,s4_auction_confirmed_reclaim,momentum_trail_4pct_5d,-0.5114546605,-0.5198325351,True,-0.011378682,-0.0362848242,True,True,-0.5000759785
trend_structure,1,s4_auction_confirmed_reclaim,next_open_1d,-0.6345815467,-0.6490904674,False,-0.0269108355,-0.0672401282,True,True,-0.6076707112
trend_structure,1,s4_auction_confirmed_reclaim,next_open_2d,-0.4587505456,-0.4902313161,False,-0.0453881347,-0.0652975219,True,True,-0.41336241090000003
trend_structure,1,s4_auction_confirmed_reclaim,next_open_3d,-0.3164532024,-0.4747688678,False,-0.086013948,-0.0949232202,True,True,-0.23043925440000002
trend_structure,1,s4_auction_confirmed_reclaim,next_open_5d,-0.1334095806,-0.2488796431,True,-0.021773643,-0.0404985735,True,True,-0.1116359376
trend_structure,1,s4_auction_confirmed_reclaim,protect_3pct_target6pct_3d,-0.6725586886,-0.6816253799,False,-0.0452040724,-0.0694178199,True,True,-0.6273546162
trend_structure,1,s4_reclaim_amount_acceleration,fast_failure_2pct_target4pct_2d,-0.3644556469,-0.4310991637,False,-0.0792826456,-0.0864099118,True,True,-0.2851730013
trend_structure,1,s4_reclaim_amount_acceleration,momentum_trail_4pct_5d,-0.0864170102,-0.323268526,True,-0.10910139,-0.1174385626,True,True,0.0226843798
trend_structure,1,s4_reclaim_amount_acceleration,next_open_1d,-0.3671116364,-0.3828553852,False,-0.0903412915,-0.0973692082,True,True,-0.27677034489999996
trend_structure,1,s4_reclaim_amount_acceleration,next_open_2d,-0.2405318953,-0.3306631577,False,-0.0549152103,-0.0603114653,True,True,-0.185616685
trend_structure,1,s4_reclaim_amount_acceleration,next_open_3d,0.407137589,-0.2521158633,False,-0.0608688073,-0.0646794632,True,False,0.4680063963
trend_structure,1,s4_reclaim_amount_acceleration,next_open_5d,0.187264204,-0.294608315,True,-0.0141046166,-0.0341596272,True,False,0.2013688206
trend_structure,1,s4_reclaim_amount_acceleration,protect_3pct_target6pct_3d,-0.3679711756,-0.4238685464,False,-0.0848843348,-0.0896972263,True,True,-0.28308684079999996
trend_structure,1,s4_reclaim_volume_normal,fast_failure_2pct_target4pct_2d,-0.7242374098,-0.7431157445,False,-0.0300496263,-0.0750037024,True,True,-0.6941877835
trend_structure,1,s4_reclaim_volume_normal,momentum_trail_4pct_5d,-0.3553957395,-0.4287407297,False,-0.0386802422,-0.0571176854,True,True,-0.3167154973
trend_structure,1,s4_reclaim_volume_normal,next_open_1d,-0.604236325,-0.641240573,False,-0.0526491945,-0.0805653373,True,True,-0.5515871305
trend_structure,1,s4_reclaim_volume_normal,next_open_2d,-0.5590230048,-0.5676037085,False,-0.0305324347,-0.0509476256,True,True,-0.5284905701
trend_structure,1,s4_reclaim_volume_normal,next_open_3d,-0.5920539827,-0.6047627363,False,-0.0241996299,-0.0315138618,True,True,-0.5678543528
trend_structure,1,s4_reclaim_volume_normal,next_open_5d,-0.4987948181,-0.5209189022,True,0.0315864633,-0.0268651717,True,False,-0.5303812814
trend_structure,1,s4_reclaim_volume_normal,protect_3pct_target6pct_3d,-0.6185483976,-0.6478754531,False,-0.0219393668,-0.044692362,True,True,-0.5966090308
trend_structure,1,s4_reclaim_volume_proxy,fast_failure_2pct_target4pct_2d,-0.5041319051,-0.5496099749,False,0.0001805859,-0.0418741207,True,False,-0.5043124910000001
trend_structure,1,s4_reclaim_volume_proxy,momentum_trail_4pct_5d,-0.4964550787,-0.5449702166,True,-0.0107858642,-0.0246377634,True,True,-0.4856692145
trend_structure,1,s4_reclaim_volume_proxy,next_open_1d,-0.2226010947,-0.3327942385,False,-0.0239079508,-0.0484378091,True,True,-0.1986931439
trend_structure,1,s4_reclaim_volume_proxy,next_open_2d,-0.4719459238,-0.5006900211,False,0.0318419142,-0.0196505541,True,False,-0.503787838
trend_structure,1,s4_reclaim_volume_proxy,next_open_3d,-0.2892647457,-0.366580892,True,0.0255669609,-0.020716512,True,False,-0.3148317066
trend_structure,1,s4_reclaim_volume_proxy,next_open_5d,-0.3063673252,-0.3859375496,False,-0.0726571638,-0.0831012263,True,True,-0.2337101614
trend_structure,1,s4_reclaim_volume_proxy,protect_3pct_target6pct_3d,-0.5321065156,-0.5779531911,False,0.0892011245,-0.015423084,True,False,-0.6213076401
trend_structure,1,s4_reclaim_vwap_support,fast_failure_2pct_target4pct_2d,-0.7015149808,-0.7067549041,False,-0.0439818405,-0.0526300838,True,True,-0.6575331403
trend_structure,1,s4_reclaim_vwap_support,momentum_trail_4pct_5d,-0.437554949,-0.4612057114,True,-0.0339545195,-0.0708016447,True,True,-0.4036004295
trend_structure,1,s4_reclaim_vwap_support,next_open_1d,-0.6219868796,-0.629789796,False,-0.083471107,-0.0798348615,True,True,-0.5385157725999999
trend_structure,1,s4_reclaim_vwap_support,next_open_2d,-0.4537120272,-0.4648059772,False,-0.0421645225,-0.0631840013,True,True,-0.41154750469999996
trend_structure,1,s4_reclaim_vwap_support,next_open_3d,0.0097194053,-0.2418392661,False,-0.0559471725,-0.0625522512,True,False,0.0656665778
trend_structure,1,s4_reclaim_vwap_support,next_open_5d,-0.1838215205,-0.2896946137,True,-0.0569106904,-0.0743406031,True,True,-0.1269108301
trend_structure,1,s4_reclaim_vwap_support,protect_3pct_target6pct_3d,-0.486422439,-0.4983637398,False,-0.0372193872,-0.055619001,True,True,-0.4492030518
trend_structure,2,cs_r3_leader_confirmation,fast_failure_2pct_target4pct_2d,-0.6020884353,-0.6167449243,False,-0.0270201845,-0.0470870147,True,True,-0.5750682508
trend_structure,2,cs_r3_leader_confirmation,momentum_trail_4pct_5d,-0.2938623444,-0.3509291379,False,-0.1001686914,-0.1120971119,True,True,-0.19369365299999997
trend_structure,2,cs_r3_leader_confirmation,next_open_1d,-0.5112931976,-0.5248093757,False,-0.0773072713,-0.0956788692,True,True,-0.43398592630000005
trend_structure,2,cs_r3_leader_confirmation,next_open_2d,-0.2520776482,-0.2959233417,False,-0.0204442957,-0.0457170445,True,True,-0.2316333525
trend_structure,2,cs_r3_leader_confirmation,next_open_3d,-0.1284058184,-0.2883694438,False,-0.082410928,-0.0948936073,True,True,-0.045994890400000016
trend_structure,2,cs_r3_leader_confirmation,next_open_5d,-0.0888018177,-0.2346157355,False,-0.0662196548,-0.0886619321,True,True,-0.022582162899999994
trend_structure,2,cs_r3_leader_confirmation,protect_3pct_target6pct_3d,-0.500460072,-0.5222419536,False,-0.0251337663,-0.0454919434,True,True,-0.4753263057
trend_structure,2,fu_r3_core_pullback,fast_failure_2pct_target4pct_2d,-0.0516406949,-0.2470418423,False,-0.0228040844,-0.0471820155,True,True,-0.0288366105
trend_structure,2,fu_r3_core_pullback,momentum_trail_4pct_5d,-0.1044029581,-0.2954350645,False,-0.0271177877,-0.0517092039,True,True,-0.07728517039999999
trend_structure,2,fu_r3_core_pullback,next_open_1d,-0.0985929873,-0.3464488923,False,0.0095810398,-0.0307383674,True,False,-0.1081740271
trend_structure,2,fu_r3_core_pullback,next_open_2d,-0.0897405527,-0.3079693191,False,-0.0055168813,-0.0332016476,True,True,-0.0842236714
trend_structure,2,fu_r3_core_pullback,next_open_3d,0.0362443593,-0.3149571943,False,-0.0212011663,-0.042562011,True,False,0.057445525600000005
trend_structure,2,fu_r3_core_pullback,next_open_5d,-0.0188925916,-0.269210017,False,-0.0082394676,-0.0357624205,True,True,-0.010653124000000002
trend_structure,2,fu_r3_core_pullback,protect_3pct_target6pct_3d,-0.0560702265,-0.2555275035,False,0.0140656973,-0.0175204984,True,False,-0.0701359238
trend_structure,2,ht_r3_core_pullback,fast_failure_2pct_target4pct_2d,-0.4777130849,-0.5334510704,False,-0.0192994026,-0.0683133805,True,True,-0.45841368229999996
trend_structure,2,ht_r3_core_pullback,momentum_trail_4pct_5d,-0.643762171,-0.6663676408,True,-0.0293711703,-0.0733763224,True,True,-0.6143910007
trend_structure,2,ht_r3_core_pullback,next_open_1d,-0.69320772,-0.7188356271,False,-0.0493078753,-0.0979289064,False,True,-0.6438998447
trend_structure,2,ht_r3_core_pullback,next_open_2d,-0.3501402681,-0.41267955,False,-0.0002855711,-0.0520820715,True,True,-0.349854697
trend_structure,2,ht_r3_core_pullback,next_open_3d,-0.4022819306,-0.4081255622,True,0.0326385047,-0.0417929604,True,False,-0.4349204353
trend_structure,2,ht_r3_core_pullback,next_open_5d,-0.2289253311,-0.3355068536,False,-0.0040616394,-0.0633292545,True,True,-0.22486369169999998
trend_structure,2,ht_r3_core_pullback,protect_3pct_target6pct_3d,-0.7347204119,-0.7375119284,False,-0.0060055523,-0.0395337287,True,True,-0.7287148596
trend_structure,2,ng_r1_auction_reclaim,fast_failure_2pct_target4pct_2d,-0.2536235474,-0.2866693476,False,0.0151095689,-0.019311383,True,False,-0.26873311629999996
trend_structure,2,ng_r1_auction_reclaim,momentum_trail_4pct_5d,-0.2404059386,-0.3573787699,True,0.0001023297,-0.0539956831,True,False,-0.2405082683
trend_structure,2,ng_r1_auction_reclaim,next_open_1d,-0.2978208498,-0.362540856,False,0.0105692817,-0.0324256185,True,False,-0.3083901315
trend_structure,2,ng_r1_auction_reclaim,next_open_2d,-0.3680759973,-0.3922080296,False,-0.0096349225,-0.0376967748,True,True,-0.35844107480000004
trend_structure,2,ng_r1_auction_reclaim,next_open_3d,-0.2304676324,-0.3067071887,False,-0.0153428497,-0.0376358323,True,True,-0.21512478270000002
trend_structure,2,ng_r1_auction_reclaim,next_open_5d,-0.3875002401,-0.4378437768,False,0.0123239904,-0.0484085471,True,False,-0.3998242305
trend_structure,2,ng_r1_auction_reclaim,protect_3pct_target6pct_3d,-0.2130899128,-0.2773530219,True,0.0046095056,-0.0190251858,True,False,-0.2176994184
trend_structure,2,ng_r3_volume_quality,fast_failure_2pct_target4pct_2d,-0.7745501974,-0.7778802413,False,-0.0504791083,-0.0592419253,True,True,-0.7240710891
trend_structure,2,ng_r3_volume_quality,momentum_trail_4pct_5d,-0.3679496759,-0.4017417717,True,-0.011279631,-0.0457400316,True,True,-0.3566700449
trend_structure,2,ng_r3_volume_quality,next_open_1d,-0.7894701863,-0.791884167,False,-0.020441613,-0.0591885915,True,True,-0.7690285733
trend_structure,2,ng_r3_volume_quality,next_open_2d,-0.7984885699,-0.7995422949,False,0.0182884426,-0.0400732455,True,False,-0.8167770124999999
trend_structure,2,ng_r3_volume_quality,next_open_3d,-0.2661995531,-0.2836526391,True,0.0042660251,-0.0282946608,True,False,-0.2704655782
trend_structure,2,ng_r3_volume_quality,next_open_5d,-0.5452418174,-0.5634330564,True,0.0334390016,-0.0297963913,True,False,-0.578680819
trend_structure,2,ng_r3_volume_quality,protect_3pct_target6pct_3d,-0.6512090387,-0.6542780653,False,0.0051242412,-0.0364475851,False,False,-0.6563332799
trend_structure,2,s0_distance_only,fast_failure_2pct_target4pct_2d,-0.4552293007,-0.5062611801,False,-0.0703859149,-0.0936837477,True,True,-0.3848433858
trend_structure,2,s0_distance_only,momentum_trail_4pct_5d,-0.3820409165,-0.4167014085,True,0.0463976309,-0.0293458535,True,False,-0.4284385474
trend_structure,2,s0_distance_only,next_open_1d,-0.4171784267,-0.4756113363,False,-0.0374791054,-0.072203702,True,True,-0.3796993213
trend_structure,2,s0_distance_only,next_open_2d,-0.446976204,-0.4705272797,True,-0.070973223,-0.0859207172,True,True,-0.37600298099999996
trend_structure,2,s0_distance_only,next_open_3d,-0.3019618586,-0.3595089278,False,-0.0303369504,-0.0539139531,True,True,-0.2716249082
trend_structure,2,s0_distance_only,next_open_5d,-0.1366794341,-0.2771392396,False,0.0218960654,-0.0189397999,True,False,-0.1585754995
trend_structure,2,s0_distance_only,protect_3pct_target6pct_3d,-0.5272664934,-0.5329016187,True,-0.0573427431,-0.074526093,True,True,-0.4699237503
trend_structure,2,s0_strong_no_ma,fast_failure_2pct_target4pct_2d,-0.5654001558,-0.6085749235,False,-0.0402336021,-0.0572484675,False,True,-0.5251665537
trend_structure,2,s0_strong_no_ma,momentum_trail_4pct_5d,-0.3597737554,-0.4315037539,False,-0.0466936991,-0.0548397467,True,True,-0.3130800563
trend_structure,2,s0_strong_no_ma,next_open_1d,-0.4656300279,-0.5346842416,False,-0.0495727419,-0.0765748014,True,True,-0.416057286
trend_structure,2,s0_strong_no_ma,next_open_2d,-0.6442945079,-0.6631723655,False,-0.1679849908,-0.1785092734,True,True,-0.47630951709999997
trend_structure,2,s0_strong_no_ma,next_open_3d,-0.6512766464,-0.7401539879,False,-0.0771254608,-0.0887990392,True,True,-0.5741511856
trend_structure,2,s0_strong_no_ma,next_open_5d,-0.256224261,-0.4323135381,False,-0.0273112312,-0.0495546991,True,True,-0.2289130298
trend_structure,2,s0_strong_no_ma,protect_3pct_target6pct_3d,-0.4211481166,-0.5041238625,False,-0.0622347692,-0.0702480176,True,True,-0.3589133474
trend_structure,2,s1_break_reclaim_stable3,fast_failure_2pct_target4pct_2d,-0.7153490022,-0.7156132923,False,-0.0833033733,-0.0806589627,True,True,-0.6320456288999999
trend_structure,2,s1_break_reclaim_stable3,momentum_trail_4pct_5d,-0.4717150732,-0.4717589569,False,-0.0287007121,-0.0624956474,True,True,-0.4430143611
trend_structure,2,s1_break_reclaim_stable3,next_open_1d,-0.6891840343,-0.6931239539,False,-0.0733656578,-0.0691640622,True,True,-0.6158183764999999
trend_structure,2,s1_break_reclaim_stable3,next_open_2d,-0.6157799607,-0.6249088548,False,-0.0583971987,-0.0630596132,True,True,-0.5573827619999999
trend_structure,2,s1_break_reclaim_stable3,next_open_3d,-0.0128083632,-0.2975463401,False,-0.0461810678,-0.0581205321,True,True,0.033372704600000004
trend_structure,2,s1_break_reclaim_stable3,next_open_5d,-0.3393651263,-0.3421443617,True,0.0010528476,-0.0414432178,True,False,-0.3404179739
trend_structure,2,s1_break_reclaim_stable3,protect_3pct_target6pct_3d,-0.5212465091,-0.5362097052,True,-0.0358012242,-0.0595923484,True,True,-0.48544528490000005
trend_structure,2,s1_near_reversal,fast_failure_2pct_target4pct_2d,-0.508937719,-0.5428371292,False,-0.0410224204,-0.043871532,True,True,-0.4679152986
trend_structure,2,s1_near_reversal,momentum_trail_4pct_5d,-0.2332245217,-0.3303361405,True,-0.033705722,-0.0909230757,True,True,-0.1995187997
trend_structure,2,s1_near_reversal,next_open_1d,-0.4706742975,-0.5077766886,False,-0.0471668701,-0.0386673283,True,True,-0.4235074274
trend_structure,2,s1_near_reversal,next_open_2d,-0.4952609065,-0.5274056228,False,-0.0652551851,-0.0691064621,True,True,-0.4300057214
trend_structure,2,s1_near_reversal,next_open_3d,-0.1617366356,-0.3007597926,False,0.0145147608,-0.0364614919,True,False,-0.1762513964
trend_structure,2,s1_near_reversal,next_open_5d,-0.2786995274,-0.2936559685,True,-0.0394416738,-0.0375563535,True,True,-0.2392578536
trend_structure,2,s1_near_reversal,protect_3pct_target6pct_3d,-0.4447084844,-0.4872991484,False,-0.0517266821,-0.0680072829,True,True,-0.3929818023
trend_structure,2,s1_touch_immediate,fast_failure_2pct_target4pct_2d,-0.4333251225,-0.4553698665,False,-0.0851266107,-0.0901228568,True,True,-0.3481985118
trend_structure,2,s1_touch_immediate,momentum_trail_4pct_5d,-0.2189335866,-0.3583872064,False,-0.024499616,-0.0440697339,True,True,-0.1944339706
trend_structure,2,s1_touch_immediate,next_open_1d,-0.6225425746,-0.6341977901,False,-0.1203549239,-0.1096472713,True,True,-0.5021876506999999
trend_structure,2,s1_touch_immediate,next_open_2d,-0.4158779488,-0.4391540733,False,-0.0897701164,-0.0960970818,True,True,-0.3261078324
trend_structure,2,s1_touch_immediate,next_open_3d,0.0807121229,-0.3221187604,False,-0.0690310338,-0.0958115061,True,False,0.1497431567
trend_structure,2,s1_touch_immediate,next_open_5d,-0.2117701088,-0.3321651382,True,-0.0112406294,-0.0384897694,True,True,-0.2005294794
trend_structure,2,s1_touch_immediate,protect_3pct_target6pct_3d,-0.4561856278,-0.4970291191,False,-0.0619602552,-0.0617165253,True,True,-0.3942253726
trend_structure,2,s1_touch_reclaim,fast_failure_2pct_target4pct_2d,-0.439215844,-0.4746203676,False,-0.0603205048,-0.0680107399,True,True,-0.3788953392
trend_structure,2,s1_touch_reclaim,momentum_trail_4pct_5d,-0.3741247302,-0.4091957667,True,-0.0442028292,-0.0607027235,True,True,-0.32992190099999996
trend_structure,2,s1_touch_reclaim,next_open_1d,-0.4497494755,-0.4775190229,False,-0.0397966279,-0.0510685657,True,True,-0.4099528476
trend_structure,2,s1_touch_reclaim,next_open_2d,-0.1443823239,-0.2288200976,False,-0.0337206549,-0.0487044023,True,True,-0.11066166899999999
trend_structure,2,s1_touch_reclaim,next_open_3d,0.2715933698,-0.3130983734,False,-0.0414874358,-0.0528543212,True,False,0.31308080559999996
trend_structure,2,s1_touch_reclaim,next_open_5d,-0.1133691193,-0.3324902648,True,0.0035087015,-0.0361526153,True,False,-0.1168778208
trend_structure,2,s1_touch_reclaim,protect_3pct_target6pct_3d,-0.458242989,-0.4758622169,False,-0.0017179536,-0.0396756373,True,True,-0.4565250354
trend_structure,2,s2_first_touch_reclaim,fast_failure_2pct_target4pct_2d,-0.3298315921,-0.3570731855,False,-0.070057372,-0.0933147657,True,True,-0.2597742201
trend_structure,2,s2_first_touch_reclaim,momentum_trail_4pct_5d,-0.2091702693,-0.2997897976,False,-0.011586407,-0.0514440988,True,True,-0.1975838623
trend_structure,2,s2_first_touch_reclaim,next_open_1d,-0.3820207571,-0.4095663199,False,-0.0907991929,-0.0974661802,True,True,-0.2912215642
trend_structure,2,s2_first_touch_reclaim,next_open_2d,-0.2839090562,-0.3427671957,False,-0.0659552542,-0.0816860594,True,True,-0.21795380200000003
trend_structure,2,s2_first_touch_reclaim,next_open_3d,-0.4070951912,-0.4571513974,False,-0.0560845213,-0.0791206972,True,True,-0.35101066989999996
trend_structure,2,s2_first_touch_reclaim,next_open_5d,-0.3004891146,-0.3333336402,False,0.0133862042,-0.0570774337,True,False,-0.31387531879999997
trend_structure,2,s2_first_touch_reclaim,protect_3pct_target6pct_3d,-0.1887931017,-0.2529961181,False,-0.0402097582,-0.053439615,True,True,-0.1485833435
trend_structure,2,s2_reclaim_acceleration,fast_failure_2pct_target4pct_2d,-0.5967176305,-0.607532703,True,-0.0383471308,-0.0430989449,True,True,-0.5583704997000001
trend_structure,2,s2_reclaim_acceleration,momentum_trail_4pct_5d,-0.5581483193,-0.5595119713,True,-0.0173918349,-0.0556982847,True,True,-0.5407564844
trend_structure,2,s2_reclaim_acceleration,next_open_1d,-0.6459493628,-0.6511011727,False,-0.0832533507,-0.0796159339,True,True,-0.5626960121
trend_structure,2,s2_reclaim_acceleration,next_open_2d,-0.5234538776,-0.5361102876,False,-0.0490482438,-0.0699456958,True,True,-0.47440563379999995
trend_structure,2,s2_reclaim_acceleration,next_open_3d,-0.0332316112,-0.377457975,False,-0.0546252412,-0.0638866184,True,True,0.021393630000000004
trend_structure,2,s2_reclaim_acceleration,next_open_5d,-0.0557853679,-0.2610260722,True,-0.0621195746,-0.0794532181,True,True,0.006334206699999997
trend_structure,2,s2_reclaim_acceleration,protect_3pct_target6pct_3d,-0.3136514763,-0.3332792585,True,-0.0385262683,-0.0486998493,True,True,-0.275125208
trend_structure,2,s2_reclaim_bull_stack,fast_failure_2pct_target4pct_2d,-0.6886878398,-0.7247892885,False,0.0713589328,-0.0452651612,True,False,-0.7600467726
trend_structure,2,s2_reclaim_bull_stack,momentum_trail_4pct_5d,-0.4768594544,-0.5355177611,False,-0.0101008491,-0.0336857609,True,True,-0.4667586053
trend_structure,2,s2_reclaim_bull_stack,next_open_1d,-0.6936681623,-0.7046447752,False,0.0036771886,-0.0420318238,True,False,-0.6973453508999999
trend_structure,2,s2_reclaim_bull_stack,next_open_2d,-0.3723272325,-0.4921437321,False,0.016636161,-0.0283373628,True,False,-0.3889633935
trend_structure,2,s2_reclaim_bull_stack,next_open_3d,-0.5643267101,-0.6216022652,True,0.0426872321,-0.0202089121,True,False,-0.6070139422
trend_structure,2,s2_reclaim_bull_stack,next_open_5d,-0.3270106759,-0.4025370965,True,-0.0101008491,-0.0336857609,True,True,-0.3169098268
trend_structure,2,s2_reclaim_bull_stack,protect_3pct_target6pct_3d,-0.7757942949,-0.7808009965,False,0.0535259827,-0.0396128485,True,False,-0.8293202775999999
trend_structure,2,s2_reclaim_daily_trend,fast_failure_2pct_target4pct_2d,-0.4957697209,-0.5141237158,False,-0.0522733119,-0.083520505,True,True,-0.443496409
trend_structure,2,s2_reclaim_daily_trend,momentum_trail_4pct_5d,-0.4840408171,-0.5083904715,False,-0.0566677236,-0.0688398932,True,True,-0.4273730935
trend_structure,2,s2_reclaim_daily_trend,next_open_1d,-0.214024187,-0.3239395703,False,-0.0800682702,-0.1054061372,False,True,-0.13395591680000002
trend_structure,2,s2_reclaim_daily_trend,next_open_2d,0.0449118614,-0.2400913049,False,-0.0643880783,-0.0924043199,False,False,0.1092999397
trend_structure,2,s2_reclaim_daily_trend,next_open_3d,-0.0827716886,-0.3364543613,False,-0.0118363126,-0.0817851697,False,True,-0.07093537600000001
trend_structure,2,s2_reclaim_daily_trend,next_open_5d,0.0459155758,-0.206373934,True,-0.0499266623,-0.0594889785,True,False,0.0958422381
trend_structure,2,s2_reclaim_daily_trend,protect_3pct_target6pct_3d,-0.2971026738,-0.3585003322,False,-0.0202528692,-0.0374537314,True,True,-0.27684980459999997
trend_structure,2,s2_reclaim_positive_slope,fast_failure_2pct_target4pct_2d,-0.6344611019,-0.6497471275,False,-0.1231590596,-0.12674628,True,True,-0.5113020423000001
trend_structure,2,s2_reclaim_positive_slope,momentum_trail_4pct_5d,-0.3031304642,-0.3443519126,True,-0.0384246954,-0.0454126965,True,True,-0.2647057688
trend_structure,2,s2_reclaim_positive_slope,next_open_1d,-0.5121202723,-0.5337795812,False,-0.1068471811,-0.1118144186,True,True,-0.4052730912
trend_structure,2,s2_reclaim_positive_slope,next_open_2d,-0.3338594573,-0.390356975,False,-0.0698631974,-0.0829515472,True,True,-0.2639962599
trend_structure,2,s2_reclaim_positive_slope,next_open_3d,-0.0561458026,-0.4041734016,False,-0.0992951002,-0.105187895,True,True,0.0431492976
trend_structure,2,s2_reclaim_positive_slope,next_open_5d,-0.1733668423,-0.2502525372,True,-0.0334094846,-0.0404226413,True,True,-0.1399573577
trend_structure,2,s2_reclaim_positive_slope,protect_3pct_target6pct_3d,-0.5741395585,-0.5959741323,True,-0.0823140897,-0.0860684098,True,True,-0.4918254688
trend_structure,2,s2_reclaim_recent_high,fast_failure_2pct_target4pct_2d,-0.620771966,-0.6458698042,False,-0.0769813203,-0.1025704946,True,True,-0.5437906456999999
trend_structure,2,s2_reclaim_recent_high,momentum_trail_4pct_5d,-0.6248908788,-0.6622705531,False,-0.0075322445,-0.0609434064,True,True,-0.6173586343
trend_structure,2,s2_reclaim_recent_high,next_open_1d,-0.2476801013,-0.3860175274,False,-0.0169542335,-0.1103007239,False,True,-0.2307258678
trend_structure,2,s2_reclaim_recent_high,next_open_2d,-0.4819983998,-0.5360239928,False,-0.1282953725,-0.1556941184,True,True,-0.3537030273
trend_structure,2,s2_reclaim_recent_high,next_open_3d,-0.4894608007,-0.5190827366,False,-0.0056600282,-0.0850944273,False,True,-0.4838007725
trend_structure,2,s2_reclaim_recent_high,next_open_5d,-0.4890763707,-0.5121380535,True,0.0684341069,-0.0312654649,True,False,-0.5575104775999999
trend_structure,2,s2_reclaim_recent_high,protect_3pct_target6pct_3d,-0.4553821216,-0.4877983712,False,-0.0406833787,-0.0528929176,True,True,-0.41469874290000003
trend_structure,2,s4_auction_confirmed_reclaim,fast_failure_2pct_target4pct_2d,-0.5675366108,-0.6135781267,False,-0.0410117367,-0.0500029246,True,True,-0.5265248740999999
trend_structure,2,s4_auction_confirmed_reclaim,momentum_trail_4pct_5d,-0.2949600152,-0.3723589919,False,-0.0137609838,-0.0595971887,True,True,-0.28119903139999997
trend_structure,2,s4_auction_confirmed_reclaim,next_open_1d,-0.3867138891,-0.4576834065,False,-0.0339776275,-0.0658765034,True,True,-0.3527362616
trend_structure,2,s4_auction_confirmed_reclaim,next_open_2d,-0.3882231549,-0.4588670487,False,-0.0158829881,-0.0881501643,True,True,-0.3723401668
trend_structure,2,s4_auction_confirmed_reclaim,next_open_3d,-0.3350797906,-0.4138413799,False,-0.0644560489,-0.0758202293,True,True,-0.2706237417
trend_structure,2,s4_auction_confirmed_reclaim,next_open_5d,-0.2753793967,-0.3554250654,True,-0.0216754574,-0.0439347954,True,True,-0.2537039393
trend_structure,2,s4_auction_confirmed_reclaim,protect_3pct_target6pct_3d,-0.2839592425,-0.3712397264,False,-0.0831275631,-0.0896515101,True,True,-0.2008316794
trend_structure,2,s4_reclaim_amount_acceleration,fast_failure_2pct_target4pct_2d,-0.3661641611,-0.4081935667,False,-0.045417809,-0.0506351585,True,True,-0.3207463521
trend_structure,2,s4_reclaim_amount_acceleration,momentum_trail_4pct_5d,-0.1725783746,-0.3844245712,False,-0.0575482361,-0.067348265,True,True,-0.1150301385
trend_structure,2,s4_reclaim_amount_acceleration,next_open_1d,-0.4653969896,-0.4801883308,False,-0.0818654332,-0.0857572618,True,True,-0.3835315564
trend_structure,2,s4_reclaim_amount_acceleration,next_open_2d,-0.2779064023,-0.4041837714,False,-0.100775018,-0.1263542813,True,True,-0.17713138430000003
trend_structure,2,s4_reclaim_amount_acceleration,next_open_3d,0.1546722998,-0.3274168424,False,-0.0796464253,-0.1017714908,True,False,0.2343187251
trend_structure,2,s4_reclaim_amount_acceleration,next_open_5d,-0.2429441719,-0.320304571,False,-0.071374688,-0.1012112861,True,True,-0.17156948389999999
trend_structure,2,s4_reclaim_amount_acceleration,protect_3pct_target6pct_3d,-0.3817773818,-0.4294450577,False,-0.0427295601,-0.0476845033,True,True,-0.3390478217
trend_structure,2,s4_reclaim_volume_normal,fast_failure_2pct_target4pct_2d,-0.6736662638,-0.6785597948,False,-0.0448725363,-0.0702766345,True,True,-0.6287937275000001
trend_structure,2,s4_reclaim_volume_normal,momentum_trail_4pct_5d,-0.5134760771,-0.5398823514,True,-0.0551116424,-0.0688180762,True,True,-0.4583644347
trend_structure,2,s4_reclaim_volume_normal,next_open_1d,-0.7068022844,-0.7144793566,False,-0.0415601893,-0.0926215763,True,True,-0.6652420951
trend_structure,2,s4_reclaim_volume_normal,next_open_2d,-0.5697117567,-0.5788285664,False,-0.0692424598,-0.0762094265,True,True,-0.5004692969
trend_structure,2,s4_reclaim_volume_normal,next_open_3d,-0.3678478706,-0.490067031,False,-0.039034706,-0.0443694645,True,True,-0.3288131646
trend_structure,2,s4_reclaim_volume_normal,next_open_5d,-0.488548372,-0.4964101421,True,-0.0437671098,-0.0489469318,True,True,-0.4447812622
trend_structure,2,s4_reclaim_volume_normal,protect_3pct_target6pct_3d,-0.5760426698,-0.5835659962,False,-0.0355946385,-0.0533003514,True,True,-0.5404480313
trend_structure,2,s4_reclaim_volume_proxy,fast_failure_2pct_target4pct_2d,-0.5328441788,-0.579131743,False,0.0067127966,-0.0295219305,True,False,-0.5395569754
trend_structure,2,s4_reclaim_volume_proxy,momentum_trail_4pct_5d,-0.5363393921,-0.5922413709,True,-0.0332973542,-0.0423085436,True,True,-0.5030420379
trend_structure,2,s4_reclaim_volume_proxy,next_open_1d,0.1115910355,-0.3046999927,False,-0.0517954211,-0.0711311298,True,False,0.1633864566
trend_structure,2,s4_reclaim_volume_proxy,next_open_2d,-0.5664403089,-0.5997999912,False,0.0188654539,-0.0272020712,True,False,-0.5853057628
trend_structure,2,s4_reclaim_volume_proxy,next_open_3d,-0.3677131127,-0.4452438741,False,-0.0180648432,-0.0349214446,True,True,-0.3496482695
trend_structure,2,s4_reclaim_volume_proxy,next_open_5d,-0.2192115135,-0.3352504635,False,-0.0699218237,-0.0769539168,True,True,-0.1492896898
trend_structure,2,s4_reclaim_volume_proxy,protect_3pct_target6pct_3d,-0.6440471129,-0.6652338355,True,0.0337683581,-0.0211704244,True,False,-0.6778154710000001
trend_structure,2,s4_reclaim_vwap_support,fast_failure_2pct_target4pct_2d,-0.4361318995,-0.5099522424,False,0.0200168628,-0.0356837286,True,False,-0.45614876229999995
trend_structure,2,s4_reclaim_vwap_support,momentum_trail_4pct_5d,-0.3437188794,-0.4249344179,False,-0.0007878038,-0.0422434625,True,True,-0.3429310756
trend_structure,2,s4_reclaim_vwap_support,next_open_1d,-0.2398062967,-0.3884980461,False,0.0041958206,-0.0225415585,True,False,-0.24400211730000002
trend_structure,2,s4_reclaim_vwap_support,next_open_2d,-0.2223127573,-0.3188781167,False,0.0104392064,-0.0439922701,True,False,-0.2327519637
trend_structure,2,s4_reclaim_vwap_support,next_open_3d,-0.1842454673,-0.2898818351,False,0.0076484269,-0.0247427423,True,False,-0.1918938942
trend_structure,2,s4_reclaim_vwap_support,next_open_5d,-0.2111307489,-0.3251102426,False,0.0022583111,-0.0482132994,True,False,-0.21338906
trend_structure,2,s4_reclaim_vwap_support,protect_3pct_target6pct_3d,-0.3375635196,-0.4505723325,False,-0.004242925,-0.0305225989,True,True,-0.33332059459999996
trend_structure,3,cs_r3_leader_confirmation,fast_failure_2pct_target4pct_2d,-0.5216839614,-0.5381124586,False,-0.0445890608,-0.0587752275,True,True,-0.4770949005999999
trend_structure,3,cs_r3_leader_confirmation,momentum_trail_4pct_5d,-0.4337309559,-0.4650050913,False,-0.0652185264,-0.0776102562,True,True,-0.36851242949999996
trend_structure,3,cs_r3_leader_confirmation,next_open_1d,-0.4318840684,-0.4706012484,False,-0.0499013152,-0.0874645459,True,True,-0.38198275319999997
trend_structure,3,cs_r3_leader_confirmation,next_open_2d,-0.2688621188,-0.3745146103,False,0.0228143019,-0.019646665,True,False,-0.2916764207
trend_structure,3,cs_r3_leader_confirmation,next_open_3d,-0.1221085779,-0.264109739,False,-0.0873863246,-0.1000414668,True,True,-0.034722253300000006
trend_structure,3,cs_r3_leader_confirmation,next_open_5d,-0.1556266903,-0.3028783132,True,-0.0580571176,-0.0763898699,True,True,-0.09756957270000001
trend_structure,3,cs_r3_leader_confirmation,protect_3pct_target6pct_3d,-0.4837954011,-0.530595569,False,-0.0089568773,-0.0353760643,True,True,-0.4748385238
trend_structure,3,fu_r3_core_pullback,fast_failure_2pct_target4pct_2d,-0.1874424036,-0.3382733502,False,-0.0228072587,-0.0423595673,True,True,-0.1646351449
trend_structure,3,fu_r3_core_pullback,momentum_trail_4pct_5d,-0.3048585946,-0.402441849,False,-0.0577792889,-0.0778308872,True,True,-0.24707930569999997
trend_structure,3,fu_r3_core_pullback,next_open_1d,-0.1575595096,-0.3467557355,False,-0.0298342196,-0.0417565783,True,True,-0.12772529000000002
trend_structure,3,fu_r3_core_pullback,next_open_2d,-0.2623990473,-0.328484488,False,-0.0143628361,-0.0416724942,True,True,-0.24803621120000002
trend_structure,3,fu_r3_core_pullback,next_open_3d,-0.2426790015,-0.3026844587,False,-0.0528368351,-0.0668667472,True,True,-0.18984216639999998
trend_structure,3,fu_r3_core_pullback,next_open_5d,-0.3037650885,-0.3436524753,False,-0.0627331041,-0.0908771971,True,True,-0.2410319844
trend_structure,3,fu_r3_core_pullback,protect_3pct_target6pct_3d,-0.2042046523,-0.3269610353,False,-0.008569074,-0.024187486,True,True,-0.1956355783
trend_structure,3,ht_r3_core_pullback,fast_failure_2pct_target4pct_2d,-0.7326068444,-0.7364899645,False,-0.0060983442,-0.077665601,True,True,-0.7265085002
trend_structure,3,ht_r3_core_pullback,momentum_trail_4pct_5d,-0.629188091,-0.656961419,False,0.0183424968,-0.0408235238,True,False,-0.6475305878
trend_structure,3,ht_r3_core_pullback,next_open_1d,-0.83393705,-0.8353687489,False,-0.0250931087,-0.0677185574,True,True,-0.8088439412999999
trend_structure,3,ht_r3_core_pullback,next_open_2d,-0.5045330058,-0.5197648705,False,0.0253834273,-0.0384076028,True,False,-0.5299164331
trend_structure,3,ht_r3_core_pullback,next_open_3d,-0.5347104286,-0.5417117244,False,-0.0029924009,-0.0450076399,True,True,-0.5317180277
trend_structure,3,ht_r3_core_pullback,next_open_5d,-0.3676861313,-0.3751834094,False,-0.0067863492,-0.0550611011,True,True,-0.3608997821
trend_structure,3,ht_r3_core_pullback,protect_3pct_target6pct_3d,-0.6229691227,-0.6475922922,False,0.031863866,-0.0478220259,True,False,-0.6548329887000001
trend_structure,3,ng_r1_auction_reclaim,fast_failure_2pct_target4pct_2d,-0.2295260561,-0.3008092147,False,0.0151095689,-0.019311383,True,False,-0.244635625
trend_structure,3,ng_r1_auction_reclaim,momentum_trail_4pct_5d,-0.2522294181,-0.3187050947,True,-0.0013112602,-0.0539956831,True,True,-0.2509181579
trend_structure,3,ng_r1_auction_reclaim,next_open_1d,-0.3294210447,-0.3876298185,False,0.0105692817,-0.0324256185,True,False,-0.3399903264
trend_structure,3,ng_r1_auction_reclaim,next_open_2d,-0.3489242437,-0.3757484453,False,-0.0096349225,-0.0376967748,True,True,-0.33928932120000005
trend_structure,3,ng_r1_auction_reclaim,next_open_3d,-0.2290538771,-0.3027472044,False,-0.0153428497,-0.0376358323,True,True,-0.2137110274
trend_structure,3,ng_r1_auction_reclaim,next_open_5d,-0.3905106172,-0.4397833357,False,0.0123239904,-0.0484085471,True,False,-0.4028346076
trend_structure,3,ng_r1_auction_reclaim,protect_3pct_target6pct_3d,-0.2688140686,-0.3080808373,True,0.0046095056,-0.0190251858,True,False,-0.2734235742
trend_structure,3,ng_r3_volume_quality,fast_failure_2pct_target4pct_2d,-0.6588454493,-0.6773804234,False,-0.0739042031,-0.0762291687,True,True,-0.5849412462
trend_structure,3,ng_r3_volume_quality,momentum_trail_4pct_5d,-0.5549534597,-0.5682983541,True,0.0003431802,-0.0480521235,True,False,-0.5552966399
trend_structure,3,ng_r3_volume_quality,next_open_1d,-0.6591939715,-0.6699261723,False,-0.0973247076,-0.0968082717,True,True,-0.5618692639
trend_structure,3,ng_r3_volume_quality,next_open_2d,-0.4276375146,-0.4926426682,False,-0.0284872032,-0.0356858576,False,True,-0.3991503114
trend_structure,3,ng_r3_volume_quality,next_open_3d,-0.0664461397,-0.295144589,False,-0.02948186,-0.0317379708,True,True,-0.036964279700000005
trend_structure,3,ng_r3_volume_quality,next_open_5d,-0.2839183417,-0.4033576709,False,-0.0447724583,-0.0611813578,True,True,-0.23914588340000004
trend_structure,3,ng_r3_volume_quality,protect_3pct_target6pct_3d,-0.5321058895,-0.5542662941,False,-0.0161537301,-0.0354182148,True,True,-0.5159521594
trend_structure,3,s0_distance_only,fast_failure_2pct_target4pct_2d,-0.6295904875,-0.6357978957,False,-0.0354401276,-0.0500364426,False,True,-0.5941503599
trend_structure,3,s0_distance_only,momentum_trail_4pct_5d,-0.4946424231,-0.53087086,False,-0.0617986679,-0.0705514765,True,True,-0.4328437552
trend_structure,3,s0_distance_only,next_open_1d,-0.4473978805,-0.5437275982,False,-0.0695702556,-0.070751739,False,True,-0.3778276249
trend_structure,3,s0_distance_only,next_open_2d,-0.4796292784,-0.5541001175,False,-0.0469823769,-0.0567135351,False,True,-0.4326469015
trend_structure,3,s0_distance_only,next_open_3d,-0.4289945723,-0.4473382647,False,-0.0382474802,-0.0554041667,False,True,-0.39074709209999997
trend_structure,3,s0_distance_only,next_open_5d,-0.1512475916,-0.2811423055,False,-0.050926553,-0.0887107864,True,True,-0.10032103860000001
trend_structure,3,s0_distance_only,protect_3pct_target6pct_3d,-0.5377050584,-0.5667676583,False,-0.053168717,-0.0632112563,True,True,-0.48453634140000007
trend_structure,3,s0_strong_no_ma,fast_failure_2pct_target4pct_2d,-0.5248539208,-0.6112945193,False,-0.0407479958,-0.047587928,True,True,-0.48410592500000005
trend_structure,3,s0_strong_no_ma,momentum_trail_4pct_5d,-0.5459309415,-0.5885665035,False,-0.0684980372,-0.063438313,True,True,-0.47743290429999996
trend_structure,3,s0_strong_no_ma,next_open_1d,-0.4973561024,-0.588547132,False,-0.0291639327,-0.0742114615,False,True,-0.4681921697
trend_structure,3,s0_strong_no_ma,next_open_2d,-0.4165662013,-0.4779285757,False,-0.0792126056,-0.0819800649,True,True,-0.3373535957
trend_structure,3,s0_strong_no_ma,next_open_3d,-0.6591304454,-0.7774525423,False,0.0082907374,-0.0655271054,True,False,-0.6674211828
trend_structure,3,s0_strong_no_ma,next_open_5d,-0.5468818827,-0.6517074569,False,-0.0623138282,-0.0904488049,True,True,-0.48456805450000007
trend_structure,3,s0_strong_no_ma,protect_3pct_target6pct_3d,-0.5438290328,-0.5815242328,False,-0.0756292475,-0.0734731408,True,True,-0.46819978529999995
trend_structure,3,s1_break_reclaim_stable3,fast_failure_2pct_target4pct_2d,-0.6995014891,-0.7002111473,True,-0.0769410304,-0.0746862864,True,True,-0.6225604587
trend_structure,3,s1_break_reclaim_stable3,momentum_trail_4pct_5d,-0.4308149924,-0.4561362978,True,-0.0493183425,-0.0753929536,True,True,-0.3814966499
trend_structure,3,s1_break_reclaim_stable3,next_open_1d,-0.6593637917,-0.6721586475,False,-0.0883700418,-0.0892226133,True,True,-0.5709937499000001
trend_structure,3,s1_break_reclaim_stable3,next_open_2d,-0.6377803864,-0.6514364949,False,-0.0655498866,-0.0739251487,True,True,-0.5722304998000001
trend_structure,3,s1_break_reclaim_stable3,next_open_3d,-0.053621718,-0.3812640637,False,-0.0518403692,-0.0650086273,True,True,-0.0017813487999999988
trend_structure,3,s1_break_reclaim_stable3,next_open_5d,-0.2758189283,-0.2953276068,False,-0.0102302453,-0.0465673025,True,True,-0.265588683
trend_structure,3,s1_break_reclaim_stable3,protect_3pct_target6pct_3d,-0.4831009866,-0.5117166851,True,0.0065926077,-0.0400466406,True,False,-0.4896935943
trend_structure,3,s1_near_reversal,fast_failure_2pct_target4pct_2d,-0.4402504492,-0.4619089109,False,-0.0683878315,-0.0796977386,True,True,-0.3718626177
trend_structure,3,s1_near_reversal,momentum_trail_4pct_5d,-0.3435367065,-0.3844944305,False,0.0156116218,-0.0732730964,True,False,-0.3591483283
trend_structure,3,s1_near_reversal,next_open_1d,-0.5403815252,-0.5593996722,False,-0.0391461695,-0.0437174831,True,True,-0.5012353557
trend_structure,3,s1_near_reversal,next_open_2d,-0.5561239257,-0.5650252376,True,-0.0145640835,-0.0402652049,True,True,-0.5415598422
trend_structure,3,s1_near_reversal,next_open_3d,-0.4027038439,-0.4475154825,False,-0.0348523661,-0.087492713,True,True,-0.36785147780000005
trend_structure,3,s1_near_reversal,next_open_5d,-0.1202388578,-0.2796887028,True,-0.0136543215,-0.0529019823,True,True,-0.1065845363
trend_structure,3,s1_near_reversal,protect_3pct_target6pct_3d,-0.5812064643,-0.6098909539,False,-0.0428754125,-0.0675072041,True,True,-0.5383310518
trend_structure,3,s1_touch_immediate,fast_failure_2pct_target4pct_2d,-0.6551953554,-0.6765446233,False,-0.0798829849,-0.1017158714,True,True,-0.5753123705
trend_structure,3,s1_touch_immediate,momentum_trail_4pct_5d,-0.6180812913,-0.6290661981,False,-0.0577406263,-0.0817361015,True,True,-0.560340665
trend_structure,3,s1_touch_immediate,next_open_1d,-0.6636425421,-0.6827498748,False,-0.1069628127,-0.1179097173,True,True,-0.5566797294
trend_structure,3,s1_touch_immediate,next_open_2d,-0.5177023075,-0.5450512438,False,-0.0481388546,-0.0770956448,True,True,-0.4695634529
trend_structure,3,s1_touch_immediate,next_open_3d,-0.3474781507,-0.3966111782,False,-0.0570456848,-0.1115348061,True,True,-0.2904324659
trend_structure,3,s1_touch_immediate,next_open_5d,-0.3226057841,-0.3713932218,False,-0.123630592,-0.1410802335,True,True,-0.19897519210000003
trend_structure,3,s1_touch_immediate,protect_3pct_target6pct_3d,-0.4644144759,-0.4909826369,False,-0.0110619061,-0.0514264275,True,True,-0.4533525698
trend_structure,3,s1_touch_reclaim,fast_failure_2pct_target4pct_2d,-0.6230870875,-0.6383910539,False,-0.1169893323,-0.1248302002,True,True,-0.5060977552
trend_structure,3,s1_touch_reclaim,momentum_trail_4pct_5d,-0.3229617106,-0.4066318485,True,0.0071934215,-0.0326987658,True,False,-0.3301551321
trend_structure,3,s1_touch_reclaim,next_open_1d,-0.632426625,-0.6500956356,False,-0.1200554733,-0.1240320046,True,True,-0.5123711517
trend_structure,3,s1_touch_reclaim,next_open_2d,-0.2274752313,-0.2922901781,False,-0.071228369,-0.0892288412,True,True,-0.1562468623
trend_structure,3,s1_touch_reclaim,next_open_3d,0.0886634294,-0.3500995595,False,-0.0792945497,-0.0975594607,True,False,0.1679579791
trend_structure,3,s1_touch_reclaim,next_open_5d,0.2380804315,-0.1969766103,False,-0.0614624233,-0.071268123,True,False,0.2995428548
trend_structure,3,s1_touch_reclaim,protect_3pct_target6pct_3d,-0.4802265626,-0.5050775538,False,-0.0251297305,-0.0428197225,True,True,-0.4550968321
trend_structure,3,s2_first_touch_reclaim,fast_failure_2pct_target4pct_2d,-0.403749646,-0.4400038445,False,-0.0663746524,-0.0796184313,True,True,-0.3373749936
trend_structure,3,s2_first_touch_reclaim,momentum_trail_4pct_5d,-0.2005378068,-0.3069871253,False,-0.0590498066,-0.0698111594,True,True,-0.1414880002
trend_structure,3,s2_first_touch_reclaim,next_open_1d,-0.4903930737,-0.5093343425,False,-0.1001098143,-0.1091416752,True,True,-0.3902832594
trend_structure,3,s2_first_touch_reclaim,next_open_2d,-0.3197091461,-0.3551900752,False,-0.0902251493,-0.087779378,True,True,-0.2294839968
trend_structure,3,s2_first_touch_reclaim,next_open_3d,-0.3500656344,-0.4020298769,False,-0.1081419351,-0.10574433,True,True,-0.2419236993
trend_structure,3,s2_first_touch_reclaim,next_open_5d,-0.1877583203,-0.3071407904,False,-0.0556285959,-0.0715148054,True,True,-0.1321297244
trend_structure,3,s2_first_touch_reclaim,protect_3pct_target6pct_3d,-0.2826233166,-0.3253019896,False,-0.0895263537,-0.0938219911,True,True,-0.1930969629
trend_structure,3,s2_reclaim_acceleration,fast_failure_2pct_target4pct_2d,-0.6814059633,-0.6865906116,False,-0.0487681975,-0.057428056,True,True,-0.6326377658
trend_structure,3,s2_reclaim_acceleration,momentum_trail_4pct_5d,-0.3503734418,-0.4955015844,False,-0.0159205035,-0.049101111,True,True,-0.3344529383
trend_structure,3,s2_reclaim_acceleration,next_open_1d,-0.624157334,-0.6341468044,False,-0.0876235402,-0.0967811859,True,True,-0.5365337938
trend_structure,3,s2_reclaim_acceleration,next_open_2d,-0.5907032288,-0.6035168296,False,-0.1029587352,-0.1077281562,True,True,-0.48774449360000005
trend_structure,3,s2_reclaim_acceleration,next_open_3d,0.0259536689,-0.3438974693,False,-0.0755785164,-0.0772995115,True,False,0.10153218530000001
trend_structure,3,s2_reclaim_acceleration,next_open_5d,-0.2998886715,-0.3734513192,False,-0.0354216545,-0.0571843679,True,True,-0.26446701699999997
trend_structure,3,s2_reclaim_acceleration,protect_3pct_target6pct_3d,-0.2912106716,-0.4104288831,False,-0.0398932865,-0.0597398955,True,True,-0.2513173851
trend_structure,3,s2_reclaim_bull_stack,fast_failure_2pct_target4pct_2d,-0.6948780573,-0.7230332566,False,0.0212128625,-0.0452651612,True,False,-0.7160909198
trend_structure,3,s2_reclaim_bull_stack,momentum_trail_4pct_5d,-0.4833320554,-0.5566483852,False,-0.0101008491,-0.0336857609,True,True,-0.47323120630000004
trend_structure,3,s2_reclaim_bull_stack,next_open_1d,-0.6723042772,-0.6869781089,False,0.001996226,-0.0439345221,True,False,-0.6743005032
trend_structure,3,s2_reclaim_bull_stack,next_open_2d,-0.3507506405,-0.481528522,False,0.0212362797,-0.0283373628,True,False,-0.3719869202
trend_structure,3,s2_reclaim_bull_stack,next_open_3d,-0.5412395811,-0.6016923263,True,0.0426872321,-0.0202089121,True,False,-0.5839268132000001
trend_structure,3,s2_reclaim_bull_stack,next_open_5d,-0.3136049827,-0.4005682626,True,-0.0101008491,-0.0336857609,True,True,-0.3035041336
trend_structure,3,s2_reclaim_bull_stack,protect_3pct_target6pct_3d,-0.7899472553,-0.7947750285,False,0.0535259827,-0.0396128485,True,False,-0.843473238
trend_structure,3,s2_reclaim_daily_trend,fast_failure_2pct_target4pct_2d,-0.614246472,-0.6255762305,False,0.0355093358,-0.0449332791,True,False,-0.6497558078000001
trend_structure,3,s2_reclaim_daily_trend,momentum_trail_4pct_5d,-0.0190728489,-0.2574597686,False,0.0280704157,-0.0344005118,True,False,-0.0471432646
trend_structure,3,s2_reclaim_daily_trend,next_open_1d,-0.5383449592,-0.5611949591,False,-0.0743138041,-0.0838290595,True,True,-0.46403115510000004
trend_structure,3,s2_reclaim_daily_trend,next_open_2d,-0.2349301509,-0.2970394652,False,-0.0727069374,-0.0863257561,True,True,-0.1622232135
trend_structure,3,s2_reclaim_daily_trend,next_open_3d,-0.0517281336,-0.3888022372,False,0.00488799,-0.0594491232,True,False,-0.0566161236
trend_structure,3,s2_reclaim_daily_trend,next_open_5d,0.1744564448,-0.2262684944,False,-0.0568609841,-0.0644343202,True,False,0.2313174289
trend_structure,3,s2_reclaim_daily_trend,protect_3pct_target6pct_3d,-0.2830011063,-0.3558179506,False,0.0272047917,-0.0240861053,True,False,-0.31020589800000004
trend_structure,3,s2_reclaim_positive_slope,fast_failure_2pct_target4pct_2d,-0.3798013085,-0.4160361921,False,-0.0417840382,-0.0738100529,True,True,-0.3380172703
trend_structure,3,s2_reclaim_positive_slope,momentum_trail_4pct_5d,-0.401636062,-0.427488611,True,-0.0812141477,-0.082983131,True,True,-0.3204219143
trend_structure,3,s2_reclaim_positive_slope,next_open_1d,0.1248047988,-0.3545708392,False,-0.0955522629,-0.0906360638,False,False,0.22035706170000002
trend_structure,3,s2_reclaim_positive_slope,next_open_2d,-0.3836889184,-0.4152738529,False,-0.0738817035,-0.0743175242,False,True,-0.3098072149
trend_structure,3,s2_reclaim_positive_slope,next_open_3d,-0.0003085658,-0.2275596802,True,-0.0644223857,-0.0648626579,False,True,0.06411381990000001
trend_structure,3,s2_reclaim_positive_slope,next_open_5d,0.0363105561,-0.2975037897,True,-0.0555364195,-0.0642847684,True,False,0.0918469756
trend_structure,3,s2_reclaim_positive_slope,protect_3pct_target6pct_3d,-0.4599611701,-0.5502810182,False,-0.0747819849,-0.0744582227,True,True,-0.3851791852
trend_structure,3,s2_reclaim_recent_high,fast_failure_2pct_target4pct_2d,-0.7704008961,-0.7840432355,False,-0.0525533123,-0.0916694062,True,True,-0.7178475837999999
trend_structure,3,s2_reclaim_recent_high,momentum_trail_4pct_5d,-0.6413374867,-0.6701242439,False,0.0108635148,-0.0466708969,True,False,-0.6522010015
trend_structure,3,s2_reclaim_recent_high,next_open_1d,-0.7147981791,-0.7239015108,False,-0.1014082992,-0.1304339973,True,True,-0.6133898798999999
trend_structure,3,s2_reclaim_recent_high,next_open_2d,-0.3240746739,-0.3958813597,False,-0.1097351159,-0.1375761527,True,True,-0.21433955799999999
trend_structure,3,s2_reclaim_recent_high,next_open_3d,-0.377118538,-0.4128191081,False,-0.0394429062,-0.0862667405,False,True,-0.3376756318
trend_structure,3,s2_reclaim_recent_high,next_open_5d,-0.3802212095,-0.4264399279,True,0.0193322101,-0.0198900046,True,False,-0.3995534196
trend_structure,3,s2_reclaim_recent_high,protect_3pct_target6pct_3d,-0.4553887165,-0.4991246358,False,-0.0628672251,-0.1011742268,True,True,-0.39252149140000003
trend_structure,3,s4_auction_confirmed_reclaim,fast_failure_2pct_target4pct_2d,-0.6119456666,-0.6220162681,False,-0.009794678,-0.0438253095,True,True,-0.6021509886
trend_structure,3,s4_auction_confirmed_reclaim,momentum_trail_4pct_5d,-0.4282331457,-0.4613379382,False,0.0126915335,-0.0206336214,True,False,-0.4409246792
trend_structure,3,s4_auction_confirmed_reclaim,next_open_1d,-0.5164980788,-0.542426434,False,-0.0308741345,-0.0406620554,True,True,-0.4856239443
trend_structure,3,s4_auction_confirmed_reclaim,next_open_2d,-0.5011629246,-0.5115665174,False,0.0131022678,-0.0390081951,True,False,-0.5142651924
trend_structure,3,s4_auction_confirmed_reclaim,next_open_3d,-0.3497544545,-0.4296673401,False,0.0146867637,-0.0473571858,False,False,-0.3644412182
trend_structure,3,s4_auction_confirmed_reclaim,next_open_5d,-0.392986936,-0.4350826313,False,-0.0155831755,-0.0365012873,True,True,-0.3774037605
trend_structure,3,s4_auction_confirmed_reclaim,protect_3pct_target6pct_3d,-0.5399901063,-0.5560588159,False,-0.0028852659,-0.03277435,True,True,-0.5371048404
trend_structure,3,s4_reclaim_amount_acceleration,fast_failure_2pct_target4pct_2d,-0.6112076915,-0.6304855328,False,0.0444364566,-0.0246714608,True,False,-0.6556441480999999
trend_structure,3,s4_reclaim_amount_acceleration,momentum_trail_4pct_5d,-0.1445121272,-0.3115869293,True,-0.0100661632,-0.0366863039,False,True,-0.134445964
trend_structure,3,s4_reclaim_amount_acceleration,next_open_1d,-0.3871178135,-0.441899476,False,-0.0210651729,-0.0319158958,True,True,-0.36605264060000003
trend_structure,3,s4_reclaim_amount_acceleration,next_open_2d,-0.2687900854,-0.3575655347,False,0.0050544023,-0.0519605805,True,False,-0.27384448769999997
trend_structure,3,s4_reclaim_amount_acceleration,next_open_3d,-0.0446081249,-0.3682520545,False,-0.0118507482,-0.0327787371,True,True,-0.03275737669999999
trend_structure,3,s4_reclaim_amount_acceleration,next_open_5d,0.0178376275,-0.2336320727,False,-0.0454414605,-0.0709104718,True,False,0.06327908800000001
trend_structure,3,s4_reclaim_amount_acceleration,protect_3pct_target6pct_3d,-0.4827287521,-0.5098879446,False,0.0359120912,-0.0288887887,True,False,-0.5186408433
trend_structure,3,s4_reclaim_volume_normal,fast_failure_2pct_target4pct_2d,-0.761637961,-0.7700060979,False,-0.0379649376,-0.0546864643,True,True,-0.7236730234000001
trend_structure,3,s4_reclaim_volume_normal,momentum_trail_4pct_5d,-0.3527519988,-0.3888399298,True,-0.050711436,-0.0679149585,True,True,-0.3020405628
trend_structure,3,s4_reclaim_volume_normal,next_open_1d,-0.7980989385,-0.8008362857,False,-0.0326560526,-0.0727407978,True,True,-0.7654428859
trend_structure,3,s4_reclaim_volume_normal,next_open_2d,-0.6547628291,-0.6627808972,False,-0.0609862551,-0.0669210805,True,True,-0.5937765740000001
trend_structure,3,s4_reclaim_volume_normal,next_open_3d,-0.3291253523,-0.4480017778,False,-0.0316153437,-0.0385996327,True,True,-0.2975100086
trend_structure,3,s4_reclaim_volume_normal,next_open_5d,-0.5651786689,-0.5843628302,True,-0.0089161024,-0.0412554134,True,True,-0.5562625665
trend_structure,3,s4_reclaim_volume_normal,protect_3pct_target6pct_3d,-0.6930525028,-0.7006851849,False,-0.0264873273,-0.0435617799,True,True,-0.6665651754999999
trend_structure,3,s4_reclaim_volume_proxy,fast_failure_2pct_target4pct_2d,-0.4847755434,-0.5326353453,False,-0.0030783155,-0.0370680007,True,True,-0.4816972279
trend_structure,3,s4_reclaim_volume_proxy,momentum_trail_4pct_5d,-0.5767927735,-0.6077222644,False,-0.0345846622,-0.0447151477,True,True,-0.5422081113
trend_structure,3,s4_reclaim_volume_proxy,next_open_1d,0.0662518768,-0.3090792996,False,-0.0438419964,-0.0616079156,True,False,0.1100938732
trend_structure,3,s4_reclaim_volume_proxy,next_open_2d,-0.4496191677,-0.5033027014,True,0.0114563648,-0.026917068,True,False,-0.4610755325
trend_structure,3,s4_reclaim_volume_proxy,next_open_3d,-0.1190339365,-0.388313955,False,-0.0043197446,-0.0241072789,True,True,-0.11471419190000001
trend_structure,3,s4_reclaim_volume_proxy,next_open_5d,-0.3404572338,-0.4273065172,False,-0.0845237415,-0.0919911808,True,True,-0.25593349229999995
trend_structure,3,s4_reclaim_volume_proxy,protect_3pct_target6pct_3d,-0.5148915715,-0.5413299019,True,-0.0079006649,-0.0390527245,True,True,-0.5069909066
trend_structure,3,s4_reclaim_vwap_support,fast_failure_2pct_target4pct_2d,-0.5810748334,-0.6271901785,False,0.0666839571,-0.0203214228,True,False,-0.6477587905
trend_structure,3,s4_reclaim_vwap_support,momentum_trail_4pct_5d,-0.4868139166,-0.5154637732,False,-0.0178007635,-0.0319425687,True,True,-0.4690131531
trend_structure,3,s4_reclaim_vwap_support,next_open_1d,-0.3840061935,-0.4628048641,False,0.0264928813,-0.019199888,True,False,-0.4104990748
trend_structure,3,s4_reclaim_vwap_support,next_open_2d,-0.3028942443,-0.3991332815,False,0.0189326921,-0.029126581,True,False,-0.3218269364
trend_structure,3,s4_reclaim_vwap_support,next_open_3d,-0.0927477016,-0.2927033167,False,-0.0336729863,-0.0411879128,True,True,-0.0590747153
trend_structure,3,s4_reclaim_vwap_support,next_open_5d,-0.0179227755,-0.2754554259,False,-0.0551647351,-0.0698300781,True,True,0.0372419596
trend_structure,3,s4_reclaim_vwap_support,protect_3pct_target6pct_3d,-0.556572783,-0.5884013191,False,-0.0086329901,-0.0261114183,True,True,-0.5479397929000001
trend_structure,4,cs_r3_leader_confirmation,fast_failure_2pct_target4pct_2d,-0.6109406639,-0.6291434425,False,-0.0426382346,-0.0549727745,True,True,-0.5683024293
trend_structure,4,cs_r3_leader_confirmation,momentum_trail_4pct_5d,-0.3041372655,-0.4203441574,False,-0.0764862003,-0.0887285626,True,True,-0.22765106519999997
trend_structure,4,cs_r3_leader_confirmation,next_open_1d,-0.541480239,-0.5744186999,False,-0.0569042507,-0.0977248059,True,True,-0.4845759883
trend_structure,4,cs_r3_leader_confirmation,next_open_2d,-0.1000695098,-0.2318216369,False,-0.0125203557,-0.0307575835,True,True,-0.0875491541
trend_structure,4,cs_r3_leader_confirmation,next_open_3d,-0.0781712655,-0.286270484,False,-0.0432978377,-0.0666602897,True,True,-0.0348734278
trend_structure,4,cs_r3_leader_confirmation,next_open_5d,0.2384670365,-0.2452122416,False,-0.0512235913,-0.0695130538,True,False,0.2896906278
trend_structure,4,cs_r3_leader_confirmation,protect_3pct_target6pct_3d,-0.4615505294,-0.5131219088,False,-0.0198076158,-0.0364406852,True,True,-0.4417429136
trend_structure,4,fu_r3_core_pullback,fast_failure_2pct_target4pct_2d,-0.2607710084,-0.386631668,False,-0.0611579036,-0.0842946413,True,True,-0.1996131048
trend_structure,4,fu_r3_core_pullback,momentum_trail_4pct_5d,-0.0956115782,-0.2665771157,False,-0.056852576,-0.0892130141,True,True,-0.0387590022
trend_structure,4,fu_r3_core_pullback,next_open_1d,-0.3520460594,-0.4450757426,False,-0.0405805457,-0.0606364353,True,True,-0.3114655137
trend_structure,4,fu_r3_core_pullback,next_open_2d,-0.2743947914,-0.3612867197,False,-0.0422349056,-0.0786525704,True,True,-0.23215988580000002
trend_structure,4,fu_r3_core_pullback,next_open_3d,-0.2792193877,-0.3559274794,True,-0.0620284295,-0.0917526137,True,True,-0.21719095819999998
trend_structure,4,fu_r3_core_pullback,next_open_5d,-0.0819565647,-0.2614509986,True,-0.1019738503,-0.1322825928,True,True,0.020017285600000004
trend_structure,4,fu_r3_core_pullback,protect_3pct_target6pct_3d,-0.1753512516,-0.3474393372,False,-0.0345429781,-0.0662445301,True,True,-0.1408082735
trend_structure,4,ht_r3_core_pullback,fast_failure_2pct_target4pct_2d,-0.6776588315,-0.7049283634,False,-0.0367441478,-0.0910355344,True,True,-0.6409146836999999
trend_structure,4,ht_r3_core_pullback,momentum_trail_4pct_5d,-0.3515166418,-0.43807362,False,0.0239929393,-0.0403190454,True,False,-0.3755095811
trend_structure,4,ht_r3_core_pullback,next_open_1d,-0.6897841124,-0.7124895009,False,-0.0340740239,-0.0757127751,True,True,-0.6557100885
trend_structure,4,ht_r3_core_pullback,next_open_2d,-0.5577193498,-0.5907140103,False,0.0285187006,-0.0491404748,True,False,-0.5862380504
trend_structure,4,ht_r3_core_pullback,next_open_3d,-0.3546328786,-0.4271958213,False,-0.0142663433,-0.0430673405,True,True,-0.3403665353
trend_structure,4,ht_r3_core_pullback,next_open_5d,-0.2857960265,-0.3769117731,False,0.0017425289,-0.0417449168,True,False,-0.2875385554
trend_structure,4,ht_r3_core_pullback,protect_3pct_target6pct_3d,-0.5738810312,-0.6081953887,False,-0.0098652303,-0.0409366682,True,True,-0.5640158009
trend_structure,4,ng_r1_auction_reclaim,fast_failure_2pct_target4pct_2d,-0.2635657203,-0.2968837446,False,0.0151095689,-0.019311383,True,False,-0.27867528919999995
trend_structure,4,ng_r1_auction_reclaim,momentum_trail_4pct_5d,-0.1854972585,-0.2575848201,True,0.0070369233,-0.0524611692,True,False,-0.1925341818
trend_structure,4,ng_r1_auction_reclaim,next_open_1d,-0.4614562133,-0.4925273713,False,0.0081270986,-0.0348533208,True,False,-0.46958331189999997
trend_structure,4,ng_r1_auction_reclaim,next_open_2d,-0.3323379558,-0.3479467074,False,-0.0096349225,-0.0376967748,True,True,-0.3227030333
trend_structure,4,ng_r1_auction_reclaim,next_open_3d,-0.2390306377,-0.2990361579,False,-0.0153428497,-0.0376358323,True,True,-0.223687788
trend_structure,4,ng_r1_auction_reclaim,next_open_5d,-0.3781561505,-0.4135365259,False,0.0123239904,-0.0484085471,True,False,-0.3904801409
trend_structure,4,ng_r1_auction_reclaim,protect_3pct_target6pct_3d,-0.249709727,-0.3092919986,True,0.0046095056,-0.0190251858,True,False,-0.2543192326
trend_structure,4,ng_r3_volume_quality,fast_failure_2pct_target4pct_2d,-0.7011338104,-0.7094884939,False,-0.0111637553,-0.0398492326,True,True,-0.6899700551
trend_structure,4,ng_r3_volume_quality,momentum_trail_4pct_5d,-0.3863567944,-0.4277215671,True,-0.0103183935,-0.0382600889,True,True,-0.37603840089999996
trend_structure,4,ng_r3_volume_quality,next_open_1d,-0.5798898219,-0.6065288573,False,-0.0791580284,-0.0836787341,True,True,-0.5007317935000001
trend_structure,4,ng_r3_volume_quality,next_open_2d,-0.473816373,-0.4802447556,True,0.0080101121,-0.0555417216,True,False,-0.48182648510000003
trend_structure,4,ng_r3_volume_quality,next_open_3d,-0.3863532438,-0.4759275885,False,-0.0497179303,-0.0723282784,True,True,-0.33663531350000003
trend_structure,4,ng_r3_volume_quality,next_open_5d,-0.5567722814,-0.5758343673,False,-0.0349666134,-0.0431262264,True,True,-0.5218056680000001
trend_structure,4,ng_r3_volume_quality,protect_3pct_target6pct_3d,-0.6352958557,-0.6483282723,False,0.0143443214,-0.0324768057,True,False,-0.6496401771
trend_structure,4,s0_distance_only,fast_failure_2pct_target4pct_2d,-0.4960853479,-0.5317868154,False,-0.0361388238,-0.0473997752,True,True,-0.4599465241
trend_structure,4,s0_distance_only,momentum_trail_4pct_5d,-0.4441544218,-0.4606959083,True,-0.0476015478,-0.0412613662,True,True,-0.396552874
trend_structure,4,s0_distance_only,next_open_1d,-0.3027756053,-0.4409193755,False,-0.0514582114,-0.0656878687,True,True,-0.25131739389999996
trend_structure,4,s0_distance_only,next_open_2d,-0.6504414885,-0.663990933,False,0.0077892307,-0.0308671275,True,False,-0.6582307192000001
trend_structure,4,s0_distance_only,next_open_3d,-0.496636691,-0.5269477957,False,-0.0637817066,-0.0824754807,True,True,-0.43285498440000003
trend_structure,4,s0_distance_only,next_open_5d,-0.0845852582,-0.2563428677,False,-0.0644426181,-0.0771969124,True,True,-0.020142640099999998
trend_structure,4,s0_distance_only,protect_3pct_target6pct_3d,-0.5470498371,-0.576442513,False,-0.0591145798,-0.0528810613,True,True,-0.4879352573
trend_structure,4,s0_strong_no_ma,fast_failure_2pct_target4pct_2d,-0.4462348044,-0.4870900811,False,-0.0164405148,-0.0957591431,True,True,-0.4297942896
trend_structure,4,s0_strong_no_ma,momentum_trail_4pct_5d,-0.2976069265,-0.3778609863,False,0.0012937639,-0.0631155092,True,False,-0.2989006904
trend_structure,4,s0_strong_no_ma,next_open_1d,-0.4125367254,-0.4730485843,False,0.4403390455,-0.0492341676,False,False,-0.8528757709000001
trend_structure,4,s0_strong_no_ma,next_open_2d,-0.5393307966,-0.5456351509,False,0.0173271977,-0.0645199057,True,False,-0.5566579943000001
trend_structure,4,s0_strong_no_ma,next_open_3d,-0.4068354105,-0.6272036515,False,0.0908552118,-0.0392557399,True,False,-0.4976906223
trend_structure,4,s0_strong_no_ma,next_open_5d,0.2452857055,-0.3921996755,False,0.0039141008,-0.0698521045,True,True,0.24137160470000002
trend_structure,4,s0_strong_no_ma,protect_3pct_target6pct_3d,-0.483344373,-0.5238003077,False,0.0083028144,-0.0458910745,True,False,-0.4916471874
trend_structure,4,s1_break_reclaim_stable3,fast_failure_2pct_target4pct_2d,-0.5080412798,-0.6086357328,False,-0.0435033437,-0.0578185952,True,True,-0.46453793610000005
trend_structure,4,s1_break_reclaim_stable3,momentum_trail_4pct_5d,-0.5168290549,-0.5246136732,True,-0.0265898098,-0.0627422406,True,True,-0.4902392451
trend_structure,4,s1_break_reclaim_stable3,next_open_1d,-0.5308180286,-0.6258997316,False,-0.0593090682,-0.0577160824,True,True,-0.47150896040000007
trend_structure,4,s1_break_reclaim_stable3,next_open_2d,-0.5187590136,-0.5214553692,False,-0.0547767669,-0.091119673,True,True,-0.4639822467
trend_structure,4,s1_break_reclaim_stable3,next_open_3d,-0.0854997765,-0.3944459694,False,-0.0678054735,-0.0966752289,True,True,-0.017694302999999995
trend_structure,4,s1_break_reclaim_stable3,next_open_5d,-0.137841934,-0.2488601692,True,-0.0587525256,-0.0998313024,True,True,-0.0790894084
trend_structure,4,s1_break_reclaim_stable3,protect_3pct_target6pct_3d,-0.5294012838,-0.5638114147,False,0.001663918,-0.03789329,True,False,-0.5310652017999999
trend_structure,4,s1_near_reversal,fast_failure_2pct_target4pct_2d,-0.4975752396,-0.5250811271,False,-0.084769308,-0.0745586682,True,True,-0.4128059316
trend_structure,4,s1_near_reversal,momentum_trail_4pct_5d,-0.3689661616,-0.385710067,True,-0.0509204053,-0.066616162,True,True,-0.3180457563
trend_structure,4,s1_near_reversal,next_open_1d,-0.643390775,-0.6601817668,False,-0.0617145723,-0.04984115,True,True,-0.5816762027
trend_structure,4,s1_near_reversal,next_open_2d,-0.5870856415,-0.5936644185,False,-0.0528751831,-0.0590857639,True,True,-0.5342104584
trend_structure,4,s1_near_reversal,next_open_3d,-0.4681458494,-0.50979498,False,-0.037445395,-0.0738119073,True,True,-0.4307004544
trend_structure,4,s1_near_reversal,next_open_5d,-0.1077338517,-0.2082176715,True,-0.0134267443,-0.0389572507,True,True,-0.09430710739999999
trend_structure,4,s1_near_reversal,protect_3pct_target6pct_3d,-0.4249221895,-0.4520762004,False,-0.0276159186,-0.0502460069,True,True,-0.3973062709
trend_structure,4,s1_touch_immediate,fast_failure_2pct_target4pct_2d,-0.6059150232,-0.6213799319,False,-0.1175982752,-0.1302901707,True,True,-0.488316748
trend_structure,4,s1_touch_immediate,momentum_trail_4pct_5d,-0.5389625455,-0.5538771161,True,-0.0847317457,-0.0943983455,True,True,-0.45423079980000003
trend_structure,4,s1_touch_immediate,next_open_1d,-0.6828742086,-0.6977209078,False,-0.0997248167,-0.1097313011,True,True,-0.5831493919
trend_structure,4,s1_touch_immediate,next_open_2d,-0.4559567108,-0.5029276149,False,-0.0461976325,-0.0715532558,True,True,-0.4097590783
trend_structure,4,s1_touch_immediate,next_open_3d,-0.4172296782,-0.4679018512,False,-0.0688570661,-0.0890251916,True,True,-0.34837261210000003
trend_structure,4,s1_touch_immediate,next_open_5d,-0.1173106144,-0.2622081373,False,-0.0453848775,-0.0538580741,True,True,-0.07192573690000001
trend_structure,4,s1_touch_immediate,protect_3pct_target6pct_3d,-0.5657787905,-0.5913877842,False,-0.08906458,-0.0931976732,True,True,-0.4767142105
trend_structure,4,s1_touch_reclaim,fast_failure_2pct_target4pct_2d,-0.5435248171,-0.5873398111,False,-0.0545847764,-0.0672823511,True,True,-0.4889400407
trend_structure,4,s1_touch_reclaim,momentum_trail_4pct_5d,-0.2974024289,-0.334243368,True,-0.0308243028,-0.0406263368,True,True,-0.26657812610000003
trend_structure,4,s1_touch_reclaim,next_open_1d,-0.6107969999,-0.640285786,False,-0.0868920272,-0.0978574265,True,True,-0.5239049727
trend_structure,4,s1_touch_reclaim,next_open_2d,-0.1802900501,-0.2844821672,False,-0.0644857626,-0.073107253,True,True,-0.11580428749999999
trend_structure,4,s1_touch_reclaim,next_open_3d,-0.0942863781,-0.3942501225,True,-0.078895235,-0.0865095661,True,True,-0.015391143100000004
trend_structure,4,s1_touch_reclaim,next_open_5d,0.0825043101,-0.2871008197,False,-0.0328013374,-0.040746966,True,False,0.1153056475
trend_structure,4,s1_touch_reclaim,protect_3pct_target6pct_3d,-0.4728714929,-0.4898665708,True,-0.1053228537,-0.1058201057,True,True,-0.3675486392
trend_structure,4,s2_first_touch_reclaim,fast_failure_2pct_target4pct_2d,-0.3972529345,-0.4340944287,False,-0.0470182053,-0.0600227094,True,True,-0.3502347292
trend_structure,4,s2_first_touch_reclaim,momentum_trail_4pct_5d,-0.1991260331,-0.2973825905,False,0.0317323512,-0.0270415268,True,False,-0.2308583843
trend_structure,4,s2_first_touch_reclaim,next_open_1d,-0.1684366625,-0.3225449983,False,-0.0456159414,-0.066089582,True,True,-0.1228207211
trend_structure,4,s2_first_touch_reclaim,next_open_2d,0.0913833905,-0.291125958,False,-0.1483455769,-0.1506989719,True,False,0.2397289674
trend_structure,4,s2_first_touch_reclaim,next_open_3d,-0.445965443,-0.4811178475,True,-0.0786247347,-0.0865275803,True,True,-0.3673407083
trend_structure,4,s2_first_touch_reclaim,next_open_5d,-0.2072206865,-0.3085151367,False,-0.0473181127,-0.0763983786,True,True,-0.1599025738
trend_structure,4,s2_first_touch_reclaim,protect_3pct_target6pct_3d,-0.2715283311,-0.309656633,False,0.0059947995,-0.0346411599,True,False,-0.2775231306
trend_structure,4,s2_reclaim_acceleration,fast_failure_2pct_target4pct_2d,-0.4518680452,-0.4767141209,False,-0.0670423435,-0.0755911444,True,True,-0.3848257017
trend_structure,4,s2_reclaim_acceleration,momentum_trail_4pct_5d,-0.1934590271,-0.2574071901,True,-0.0533027644,-0.0709487314,True,True,-0.14015626269999998
trend_structure,4,s2_reclaim_acceleration,next_open_1d,-0.4455278056,-0.4778268892,False,-0.0411619257,-0.0534044145,True,True,-0.4043658799
trend_structure,4,s2_reclaim_acceleration,next_open_2d,-0.1517008728,-0.2290153964,False,-0.0399816596,-0.0554862948,True,True,-0.1117192132
trend_structure,4,s2_reclaim_acceleration,next_open_3d,0.1900776476,-0.3206289844,False,-0.0457623985,-0.0570785876,True,False,0.2358400461
trend_structure,4,s2_reclaim_acceleration,next_open_5d,-0.1138669512,-0.3232401845,True,0.0035087015,-0.0361526153,True,False,-0.1173756527
trend_structure,4,s2_reclaim_acceleration,protect_3pct_target6pct_3d,-0.504713117,-0.5231438533,False,-0.0153689595,-0.0433525324,True,True,-0.4893441575
trend_structure,4,s2_reclaim_bull_stack,fast_failure_2pct_target4pct_2d,-0.6655787967,-0.688820915,False,0.0430774958,-0.039989753,True,False,-0.7086562925
trend_structure,4,s2_reclaim_bull_stack,momentum_trail_4pct_5d,-0.459102402,-0.5106455332,False,-0.0101008491,-0.0336857609,True,True,-0.44900155290000004
trend_structure,4,s2_reclaim_bull_stack,next_open_1d,-0.5977595818,-0.6144489928,False,0.0040440656,-0.0437615668,True,False,-0.6018036474
trend_structure,4,s2_reclaim_bull_stack,next_open_2d,-0.385076812,-0.476798316,False,0.01133171,-0.0233412219,True,False,-0.396408522
trend_structure,4,s2_reclaim_bull_stack,next_open_3d,-0.5801123233,-0.6072232307,False,0.0250160152,-0.0202089121,True,False,-0.6051283384999999
trend_structure,4,s2_reclaim_bull_stack,next_open_5d,-0.2807630623,-0.3344324463,True,-0.0101008491,-0.0336857609,True,True,-0.2706622132
trend_structure,4,s2_reclaim_bull_stack,protect_3pct_target6pct_3d,-0.7085717118,-0.7170539524,False,0.0521344454,-0.0396128485,True,False,-0.7607061572
trend_structure,4,s2_reclaim_daily_trend,fast_failure_2pct_target4pct_2d,-0.4977391631,-0.5550582038,False,0.0695245692,-0.0167499133,True,False,-0.5672637323
trend_structure,4,s2_reclaim_daily_trend,momentum_trail_4pct_5d,-0.0815083535,-0.3181958583,True,0.0007087187,-0.0411825946,True,False,-0.0822170722
trend_structure,4,s2_reclaim_daily_trend,next_open_1d,-0.2970983545,-0.3825001378,False,-0.0029413076,-0.0284496534,True,True,-0.2941570469
trend_structure,4,s2_reclaim_daily_trend,next_open_2d,-0.2171007805,-0.3291956675,False,0.0300432047,-0.0324216089,True,False,-0.2471439852
trend_structure,4,s2_reclaim_daily_trend,next_open_3d,0.0862025685,-0.3248260857,False,0.0162420465,-0.0183764598,True,True,0.06996052200000001
trend_structure,4,s2_reclaim_daily_trend,next_open_5d,-0.0646514931,-0.2612958492,False,-0.0066225031,-0.0535660263,True,True,-0.05802899
trend_structure,4,s2_reclaim_daily_trend,protect_3pct_target6pct_3d,-0.3348929948,-0.3934716761,True,-0.0161868726,-0.0487357076,True,True,-0.3187061222
trend_structure,4,s2_reclaim_positive_slope,fast_failure_2pct_target4pct_2d,-0.2961716719,-0.3805670661,False,-0.0456159773,-0.0591833468,True,True,-0.2505556946
trend_structure,4,s2_reclaim_positive_slope,momentum_trail_4pct_5d,-0.3979971163,-0.4189321359,True,-0.0565471261,-0.0611569644,True,True,-0.3414499902
trend_structure,4,s2_reclaim_positive_slope,next_open_1d,-0.2866728308,-0.3593095532,False,-0.0521178638,-0.0576688245,True,True,-0.234554967
trend_structure,4,s2_reclaim_positive_slope,next_open_2d,-0.3661320333,-0.4006490702,False,-0.0450425247,-0.048701848,True,True,-0.32108950859999996
trend_structure,4,s2_reclaim_positive_slope,next_open_3d,0.1737117505,-0.2839783114,False,-0.0321892031,-0.0522780769,True,False,0.20590095360000002
trend_structure,4,s2_reclaim_positive_slope,next_open_5d,0.0817108383,-0.3080063469,True,-0.0590555186,-0.0599242016,True,False,0.1407663569
trend_structure,4,s2_reclaim_positive_slope,protect_3pct_target6pct_3d,-0.4844990824,-0.509575326,False,-0.0512247846,-0.0696054688,True,True,-0.4332742978
trend_structure,4,s2_reclaim_recent_high,fast_failure_2pct_target4pct_2d,-0.6059900366,-0.653852457,False,-0.1159134773,-0.1287909643,True,True,-0.49007655929999994
trend_structure,4,s2_reclaim_recent_high,momentum_trail_4pct_5d,-0.4542267656,-0.514991493,True,-0.0589092016,-0.0701588796,True,True,-0.395317564
trend_structure,4,s2_reclaim_recent_high,next_open_1d,-0.6764449135,-0.7024535687,False,-0.1356152922,-0.1467725794,True,True,-0.5408296213
trend_structure,4,s2_reclaim_recent_high,next_open_2d,-0.3145236488,-0.4616883633,False,-0.0896343312,-0.0981432284,True,True,-0.2248893176
trend_structure,4,s2_reclaim_recent_high,next_open_3d,-0.3368242123,-0.3985614683,False,-0.0885500096,-0.1006881826,False,True,-0.2482742027
trend_structure,4,s2_reclaim_recent_high,next_open_5d,-0.5108341311,-0.5334066022,True,-0.0593731583,-0.0724265265,True,True,-0.45146097279999997
trend_structure,4,s2_reclaim_recent_high,protect_3pct_target6pct_3d,-0.588244181,-0.6497737901,True,-0.0471293869,-0.0620824069,True,True,-0.5411147941
trend_structure,4,s4_auction_confirmed_reclaim,fast_failure_2pct_target4pct_2d,-0.522452519,-0.5300493136,False,-0.0081495189,-0.0402348163,True,True,-0.5143030001
trend_structure,4,s4_auction_confirmed_reclaim,momentum_trail_4pct_5d,-0.3682331071,-0.4110941231,True,-0.0339687564,-0.0461435226,True,True,-0.3342643507
trend_structure,4,s4_auction_confirmed_reclaim,next_open_1d,-0.4956727867,-0.5040893615,False,-0.0312092375,-0.065111439,True,True,-0.4644635492
trend_structure,4,s4_auction_confirmed_reclaim,next_open_2d,-0.389562877,-0.4171781714,False,-0.0139807543,-0.0348663908,True,True,-0.37558212269999997
trend_structure,4,s4_auction_confirmed_reclaim,next_open_3d,-0.1710688022,-0.3815799574,False,-0.0466621673,-0.0517183295,True,True,-0.12440663490000001
trend_structure,4,s4_auction_confirmed_reclaim,next_open_5d,-0.2233604536,-0.2408975224,True,-0.0036075076,-0.0313630785,True,True,-0.219752946
trend_structure,4,s4_auction_confirmed_reclaim,protect_3pct_target6pct_3d,-0.5500959372,-0.5620874877,False,-0.0348254311,-0.0458279435,True,True,-0.5152705061
trend_structure,4,s4_reclaim_amount_acceleration,fast_failure_2pct_target4pct_2d,-0.3803134896,-0.4284028071,False,-0.0481038322,-0.0521225278,True,True,-0.33220965739999997
trend_structure,4,s4_reclaim_amount_acceleration,momentum_trail_4pct_5d,-0.2643749427,-0.3764377638,True,-0.0670400223,-0.083912858,True,True,-0.1973349204
trend_structure,4,s4_reclaim_amount_acceleration,next_open_1d,-0.4092174559,-0.4334609369,False,-0.0343854011,-0.049417402,True,True,-0.37483205480000004
trend_structure,4,s4_reclaim_amount_acceleration,next_open_2d,-0.1817213387,-0.2415796189,False,-0.0345786552,-0.0566420633,True,True,-0.1471426835
trend_structure,4,s4_reclaim_amount_acceleration,next_open_3d,0.2327224094,-0.2941234232,False,-0.0436188426,-0.0539130994,True,False,0.276341252
trend_structure,4,s4_reclaim_amount_acceleration,next_open_5d,-0.1891097776,-0.3788534642,True,0.0295688588,-0.0268118421,True,False,-0.21867863640000001
trend_structure,4,s4_reclaim_amount_acceleration,protect_3pct_target6pct_3d,-0.5120765495,-0.5349555437,False,0.0116601016,-0.0381970305,True,False,-0.5237366511
trend_structure,4,s4_reclaim_volume_normal,fast_failure_2pct_target4pct_2d,-0.7463224787,-0.7526750269,False,-0.0451040632,-0.0846495283,True,True,-0.7012184155
trend_structure,4,s4_reclaim_volume_normal,momentum_trail_4pct_5d,-0.5324607007,-0.5639793121,True,-0.0642771533,-0.0765995254,True,True,-0.46818354739999996
trend_structure,4,s4_reclaim_volume_normal,next_open_1d,-0.7425983667,-0.7477892988,False,-0.0673091299,-0.1046534853,False,True,-0.6752892368
trend_structure,4,s4_reclaim_volume_normal,next_open_2d,-0.567261716,-0.5769918447,False,-0.0180964334,-0.0361632996,True,True,-0.5491652826
trend_structure,4,s4_reclaim_volume_normal,next_open_3d,-0.4321778854,-0.4896133862,False,-0.0316289579,-0.054658965,True,True,-0.40054892750000004
trend_structure,4,s4_reclaim_volume_normal,next_open_5d,-0.4722553872,-0.4852973787,True,-0.0134803679,-0.0517676986,True,True,-0.4587750193
trend_structure,4,s4_reclaim_volume_normal,protect_3pct_target6pct_3d,-0.6372647715,-0.6542288016,False,0.0005661828,-0.0451155418,True,False,-0.6378309543
trend_structure,4,s4_reclaim_volume_proxy,fast_failure_2pct_target4pct_2d,-0.4751609003,-0.5175254939,False,-0.044460669,-0.0636419017,True,True,-0.4307002313
trend_structure,4,s4_reclaim_volume_proxy,momentum_trail_4pct_5d,-0.1430880957,-0.3021695273,True,-0.0368592744,-0.04755567,True,True,-0.1062288213
trend_structure,4,s4_reclaim_volume_proxy,next_open_1d,-0.3991396929,-0.4505914509,False,-0.050737912,-0.0595749185,True,True,-0.3484017809
trend_structure,4,s4_reclaim_volume_proxy,next_open_2d,-0.3833941678,-0.4741605065,False,0.0119356025,-0.0302719575,True,False,-0.3953297703
trend_structure,4,s4_reclaim_volume_proxy,next_open_3d,-0.281193939,-0.4678850355,False,0.0069388497,-0.0179950073,True,False,-0.28813278870000003
trend_structure,4,s4_reclaim_volume_proxy,next_open_5d,-0.0939861836,-0.3014970216,True,-0.0661012708,-0.0764507671,True,True,-0.027884912799999995
trend_structure,4,s4_reclaim_volume_proxy,protect_3pct_target6pct_3d,-0.4818994535,-0.5270858449,False,-0.0167134551,-0.0394157309,True,True,-0.4651859984
trend_structure,4,s4_reclaim_vwap_support,fast_failure_2pct_target4pct_2d,-0.252899639,-0.3059095024,False,-0.0774365105,-0.0786686281,True,True,-0.1754631285
trend_structure,4,s4_reclaim_vwap_support,momentum_trail_4pct_5d,-0.3401908343,-0.4380400061,False,-0.0484248561,-0.0511823192,True,True,-0.29176597820000005
trend_structure,4,s4_reclaim_vwap_support,next_open_1d,-0.1251376892,-0.2510987869,False,-0.0851442927,-0.0841285338,True,True,-0.039993396500000014
trend_structure,4,s4_reclaim_vwap_support,next_open_2d,-0.2096776695,-0.3319255614,False,-0.0734110444,-0.0762517668,True,True,-0.13626662509999998
trend_structure,4,s4_reclaim_vwap_support,next_open_3d,0.052058017,-0.252534116,True,-0.0794871493,-0.0890219695,True,False,0.13154516630000002
trend_structure,4,s4_reclaim_vwap_support,next_open_5d,-0.1123004796,-0.2426064078,True,-0.0117695199,-0.0335026199,True,True,-0.1005309597
trend_structure,4,s4_reclaim_vwap_support,protect_3pct_target6pct_3d,-0.4603825724,-0.5191697108,False,-0.0351068749,-0.0547002759,True,True,-0.42527569750000005
