sample_group,strategy_id,ma_period,horizon,date_count,mean_daily_return,median_daily_return,std_daily_return,positive_date_count,positive_date_fraction,ttest_p_value,sign_test_p_value,bh_q_value
primary_development_2022_2023_partial,cs_r3_leader_confirmation,10,5m,331,-0.002885328418587754,-0.0029431646252489835,0.0009714201152629503,1,0.0030211480362537764,8.936343287701137e-166,1.5178872556228612e-97,1.1555616320303195e-165
primary_development_2022_2023_partial,cs_r3_leader_confirmation,10,15m,331,-0.0029239214156588536,-0.0028723663789561506,0.0019009411004108656,13,0.03927492447129909,5.583730701215312e-89,3.4509427791658022e-77,6.979663376519139e-89
primary_development_2022_2023_partial,cs_r3_leader_confirmation,10,30m,331,-0.0030062942800523867,-0.0028574120587191885,0.0030034777663349907,32,0.09667673716012085,1.1329804125376582e-51,1.781266008303898e-55,1.3816834299239733e-51
primary_development_2022_2023_partial,cs_r3_leader_confirmation,10,60m,331,-0.003222677588836342,-0.0028665995553358533,0.004519511840777486,61,0.18429003021148035,2.6195276160807297e-31,1.628245518845457e-32,3.220730675509094e-31
primary_development_2022_2023_partial,cs_r3_leader_confirmation,10,1d,331,-0.0027894392714538133,-0.0020233496877187737,0.01632820578457866,149,0.4501510574018127,0.002078614396833595,0.07844038321120742,0.0028089383740994528
primary_development_2022_2023_partial,cs_r3_leader_confirmation,10,2d,331,-0.0034500998802006284,-0.0007191460888034781,0.021641150206731755,159,0.48036253776435045,0.004030844114391802,0.5095843076624359,0.011375887313386443
primary_development_2022_2023_partial,cs_r3_leader_confirmation,10,3d,331,-0.0036604307350719613,-0.0023534482468425986,0.026287417717762915,151,0.4561933534743202,0.011886358507596192,0.12367020291162287,0.044559911533170925
primary_development_2022_2023_partial,cs_r3_leader_confirmation,10,5d,331,-0.0035304776690284825,-0.0024383884640899415,0.033388067385226296,159,0.48036253776435045,0.05560880125798565,0.5095843076624359,0.1785278329978275
primary_development_2022_2023_partial,cs_r3_leader_confirmation,20,5m,331,-0.00281870302415438,-0.002866495192744772,0.0010786093841270532,2,0.006042296072507553,1.6158713432861735e-149,2.5121491275514865e-95,2.0031462933299673e-149
primary_development_2022_2023_partial,cs_r3_leader_confirmation,20,15m,331,-0.0029209726639902165,-0.0028019637961777576,0.0018469580996887246,16,0.04833836858006042,8.31692343272313e-92,3.3056005762140386e-73,1.0483516932003945e-91
primary_development_2022_2023_partial,cs_r3_leader_confirmation,20,30m,331,-0.003033231842478748,-0.0029028455293620466,0.0028348607063274117,31,0.09365558912386707,1.2506134868645929e-56,1.8922740358333524e-56,1.6171726123249045e-56
primary_development_2022_2023_partial,cs_r3_leader_confirmation,20,60m,331,-0.0032734416030442454,-0.0030642949270976044,0.004258318321810677,60,0.18126888217522658,3.828148681508041e-35,3.644105152877335e-33,4.950192260570743e-35
primary_development_2022_2023_partial,cs_r3_leader_confirmation,20,1d,331,-0.003073473797563389,-0.0017112479781308102,0.0161254207247668,151,0.4561933534743202,0.0006059130547604712,0.12367020291162287,0.001044677680621502
primary_development_2022_2023_partial,cs_r3_leader_confirmation,20,2d,331,-0.0035188795617208876,-0.0009011229246919185,0.021784185100686103,160,0.48338368580060426,0.00357601308917163,0.5826263292692689,0.01072803926751489
primary_development_2022_2023_partial,cs_r3_leader_confirmation,20,3d,331,-0.003354624432654651,-0.002594831636330257,0.026899510715881033,151,0.4561933534743202,0.024132150022185186,0.12367020291162287,0.05617032958355791
primary_development_2022_2023_partial,cs_r3_leader_confirmation,20,5d,331,-0.003186453553397802,-0.0009768085866184713,0.0341995064197424,161,0.486404833836858,0.09148260086105582,0.6602051224044762,0.20266895946320704
primary_development_2022_2023_partial,cs_r3_leader_confirmation,40,5m,331,-0.0026312623699509554,-0.0026600856459242745,0.0018696962795491038,2,0.006042296072507553,2.9614382866741945e-80,2.5121491275514865e-95,3.172969592865208e-80
primary_development_2022_2023_partial,cs_r3_leader_confirmation,40,15m,331,-0.0026780723592215597,-0.0025713638390231055,0.0022238660461733253,10,0.030211480362537766,3.444629000002643e-66,1.7891960484140454e-81,3.799223161767621e-66
primary_development_2022_2023_partial,cs_r3_leader_confirmation,40,30m,331,-0.002883610367695695,-0.0028047330473295307,0.002795166285199951,33,0.09969788519637462,7.046980653857104e-54,1.6206100638953845e-54,8.958026254903099e-54
primary_development_2022_2023_partial,cs_r3_leader_confirmation,40,60m,331,-0.003233967480834633,-0.0028914554907896305,0.0039634374436982355,59,0.1782477341389728,1.8744445836075885e-38,7.993104954227296e-34,2.627726051786339e-38
primary_development_2022_2023_partial,cs_r3_leader_confirmation,40,1d,331,-0.0033955325466477186,-0.001131303737620959,0.01628287929434631,151,0.4561933534743202,0.00018029522938654206,0.12367020291162287,0.0005174511249746073
primary_development_2022_2023_partial,cs_r3_leader_confirmation,40,2d,331,-0.0038711786293473584,-0.001604312327706996,0.021535793770296203,158,0.4773413897280967,0.001207727140383902,0.4416382410514279,0.006310651706076658
primary_development_2022_2023_partial,cs_r3_leader_confirmation,40,3d,331,-0.003862977481848296,-0.001938702109944264,0.026275578421956113,157,0.4743202416918429,0.007944066366532691,0.37919070006212147,0.03972033183266346
primary_development_2022_2023_partial,cs_r3_leader_confirmation,40,5d,331,-0.0036023011004425206,-0.000275117726684457,0.034106353924156466,164,0.4954682779456193,0.05588777612173161,0.9124867149020457,0.1785278329978275
primary_development_2022_2023_partial,cs_r3_leader_confirmation,60,5m,331,-0.0027025014306401285,-0.0027246042463809845,0.001383951388893841,1,0.0030211480362537764,1.2328475241025959e-114,1.5178872556228612e-97,1.3800531986223088e-114
primary_development_2022_2023_partial,cs_r3_leader_confirmation,60,15m,331,-0.002714597466768538,-0.0026940589071329647,0.0020544395709669,18,0.054380664652567974,2.2722754860047052e-74,1.0760394876854358e-70,2.621856330005429e-74
primary_development_2022_2023_partial,cs_r3_leader_confirmation,60,30m,331,-0.0028351499313432698,-0.002630969005192769,0.0028785382561810663,43,0.1299093655589124,1.6031571209715178e-50,1.153816413809746e-45,1.9085203821089497e-50
primary_development_2022_2023_partial,cs_r3_leader_confirmation,60,60m,331,-0.0031622381465445234,-0.002757931430207092,0.004362288573084274,65,0.19637462235649547,4.0645301963595197e-32,5.3326854873863485e-30,5.123357390369142e-32
primary_development_2022_2023_partial,cs_r3_leader_confirmation,60,1d,331,-0.003124470235425705,-0.0019377540619813644,0.016415859537136385,145,0.4380664652567976,0.0006164788772201712,0.027755090478306058,0.0010508162679889283
primary_development_2022_2023_partial,cs_r3_leader_confirmation,60,2d,331,-0.003614249695327005,-0.001555893811734157,0.021701306594025294,152,0.459214501510574,0.002677679575135753,0.15287097030698535,0.009327181379594353
primary_development_2022_2023_partial,cs_r3_leader_confirmation,60,3d,331,-0.0034024825229739966,-0.0010864576224862987,0.026571511781857904,153,0.4622356495468278,0.020616189784491094,0.18703395961266983,0.05331773220127007
primary_development_2022_2023_partial,cs_r3_leader_confirmation,60,5d,331,-0.0033286893472140324,0.0015937292825994314,0.03470568559142671,172,0.5196374622356495,0.0823828939008068,0.5095843076624359,0.20199858376713742
primary_development_2022_2023_partial,cs_r3_leader_confirmation,120,5m,331,-0.002697112331805961,-0.002685882823558587,0.0011771188665352366,4,0.012084592145015106,2.290987849998421e-133,2.273076773351272e-91,2.749185419998105e-133
primary_development_2022_2023_partial,cs_r3_leader_confirmation,120,15m,331,-0.002660594774405869,-0.002517242447814633,0.002044922147756282,16,0.04833836858006042,5.739690484583689e-73,3.3056005762140386e-73,6.522375550663284e-73
primary_development_2022_2023_partial,cs_r3_leader_confirmation,120,30m,331,-0.0027960634891876722,-0.002457875950697268,0.0028545060813685882,38,0.1148036253776435,3.9185464842914593e-50,6.245065001468526e-50,4.592046661279053e-50
primary_development_2022_2023_partial,cs_r3_leader_confirmation,120,60m,331,-0.0030868941861169684,-0.002583248364438539,0.004692029381722526,66,0.19939577039274925,1.3395718221069436e-27,2.1624318202146582e-29,1.5576416536127251e-27
primary_development_2022_2023_partial,cs_r3_leader_confirmation,120,1d,331,-0.002608194381327915,-0.0007250146490381053,0.01581963827836153,154,0.4652567975830816,0.0029517554196331454,0.22652105114781237,0.0038838887100436123
primary_development_2022_2023_partial,cs_r3_leader_confirmation,120,2d,331,-0.002669597140296356,-0.0007344963541903006,0.021609527764355586,159,0.48036253776435045,0.02548338111752362,0.5095843076624359,0.034437001510167056
primary_development_2022_2023_partial,cs_r3_leader_confirmation,120,3d,331,-0.002506700354997375,-0.00145931073538128,0.026237498533395145,156,0.47129909365558914,0.08357703060839525,0.3224854616925212,0.10996977711630954
primary_development_2022_2023_partial,cs_r3_leader_confirmation,120,5d,331,-0.002936045854238934,0.0010798981495239832,0.03376616331215532,173,0.5226586102719033,0.11516404074451816,0.4416382410514279,0.2097150036945636
primary_development_2022_2023_partial,cs_r3_leader_confirmation,240,5m,330,-0.002811995714767041,-0.0027700208792151657,0.0012137181402134868,5,0.015151515151515152,2.654488544512471e-134,2.9375859893873946e-89,3.263715423580907e-134
primary_development_2022_2023_partial,cs_r3_leader_confirmation,240,15m,330,-0.0028529611285244244,-0.00277047435260638,0.0018633857702523536,16,0.048484848484848485,2.982021001219321e-88,6.292683980423822e-73,3.6967202494454394e-88
primary_development_2022_2023_partial,cs_r3_leader_confirmation,240,30m,330,-0.0028728847316969743,-0.002648704090091933,0.002802710841148822,37,0.11212121212121212,3.012948085633324e-53,1.4283665571888722e-50,3.7978337213865433e-53
primary_development_2022_2023_partial,cs_r3_leader_confirmation,240,60m,330,-0.00314297026708985,-0.0030005305973319,0.004346770289732373,68,0.20606060606060606,6.718637124046762e-32,5.350022464542004e-28,8.398296405058452e-32
primary_development_2022_2023_partial,cs_r3_leader_confirmation,240,1d,330,-0.002246475012228307,-0.0011253270129310663,0.015585649484442052,154,0.4666666666666667,0.009349166914571933,0.2476365049294429,0.011129960612585635
primary_development_2022_2023_partial,cs_r3_leader_confirmation,240,2d,330,-0.0024491638646013166,-0.0014263771583983799,0.02107653370852338,152,0.46060606060606063,0.035809822708493026,0.1686623218591587,0.045138431985495414
primary_development_2022_2023_partial,cs_r3_leader_confirmation,240,3d,330,-0.002270349081718609,-0.00038434253912149194,0.026405829089263793,160,0.48484848484848486,0.11983487869804997,0.6203610292534627,0.1426605698786309
primary_development_2022_2023_partial,cs_r3_leader_confirmation,240,5d,330,-0.002748528115533896,9.915699139389669e-05,0.034148863477641817,166,0.503030303030303,0.14527288886379894,0.9561111621563131,0.22356629752965615
primary_development_2022_2023_partial,fu_r3_core_pullback,10,5m,199,-0.0029238987863220624,-0.0029366448788780836,0.0012003822249057165,0,0.0,3.422693135360113e-85,2.4892061111444567e-60,3.747474235795744e-85
primary_development_2022_2023_partial,fu_r3_core_pullback,10,15m,199,-0.0029374297010079055,-0.002625594499056529,0.0023468819435686493,16,0.08040201005025126,2.151618401540036e-42,4.240077557212158e-37,2.2728363396549675e-42
primary_development_2022_2023_partial,fu_r3_core_pullback,10,30m,199,-0.002930066114988173,-0.0026052830827335855,0.003346081828308541,24,0.12060301507537688,2.883957514265851e-26,1.6272070820869612e-29,3.0251302597194246e-26
primary_development_2022_2023_partial,fu_r3_core_pullback,10,60m,199,-0.0027778454364738294,-0.0025217546507132695,0.004712127708679774,46,0.23115577889447236,1.6491169559362154e-14,1.2615887236870661e-14,1.7420249534537488e-14
primary_development_2022_2023_partial,fu_r3_core_pullback,10,1d,199,-0.001251727898569725,-0.0007051915806762507,0.0163065952830511,96,0.4824120603015075,0.281394676369052,0.6707043457315792,0.2891041195572452
primary_development_2022_2023_partial,fu_r3_core_pullback,10,2d,199,-0.0007068558209722443,0.001431593403421716,0.02204895664979658,104,0.5226130653266332,0.6524092090071117,0.5707535104620824,0.6749060782832191
primary_development_2022_2023_partial,fu_r3_core_pullback,10,3d,199,-0.0010387971647295375,0.0003527291288167047,0.027414227381099384,100,0.5025125628140703,0.5944954951437472,1.0,0.6235966732277068
primary_development_2022_2023_partial,fu_r3_core_pullback,10,5d,199,-0.0012347424461441325,0.000687969865639934,0.03434476969294302,102,0.5125628140703518,0.613502936763829,0.7768377068940344,0.6526626986849245
primary_development_2022_2023_partial,fu_r3_core_pullback,20,5m,199,-0.0029296755331804495,-0.0028703751027789426,0.00123759083118318,1,0.005025125628140704,4.251490597067168e-83,4.9784122222889134e-58,4.587939493237951e-83
primary_development_2022_2023_partial,fu_r3_core_pullback,20,15m,199,-0.002984755030584598,-0.002991833488076638,0.0021756999497926028,15,0.07537688442211055,2.161531866703498e-47,3.663646404081321e-38,2.349491159460324e-47
primary_development_2022_2023_partial,fu_r3_core_pullback,20,30m,199,-0.003035951733324884,-0.002894538797444772,0.0032516207562742374,27,0.135678391959799,9.206342091250829e-29,4.9969404659019415e-27,9.863937954911603e-29
primary_development_2022_2023_partial,fu_r3_core_pullback,20,60m,199,-0.0028809523708519277,-0.0025750825371154322,0.004498777975316081,41,0.20603015075376885,1.7400023595035338e-16,2.1257893303906954e-17,1.8777003879534536e-16
primary_development_2022_2023_partial,fu_r3_core_pullback,20,1d,199,-0.0014051131673059485,0.0002595648458587769,0.015850447901488936,101,0.507537688442211,0.21372778741011583,0.8873030419814874,0.2241899867938278
primary_development_2022_2023_partial,fu_r3_core_pullback,20,2d,199,-0.00024393950409609907,0.001227967927364117,0.021644549436181035,108,0.542713567839196,0.8741563065548047,0.2566505912206386,0.884687802842806
primary_development_2022_2023_partial,fu_r3_core_pullback,20,3d,199,-0.0001002960242547369,0.0018111119947987829,0.02783663330728207,107,0.5376884422110553,0.9596164625511391,0.32099040312889365,0.959616462551139
primary_development_2022_2023_partial,fu_r3_core_pullback,20,5d,199,8.489639916150804e-05,0.0025734034189484954,0.03475131107349977,105,0.5276381909547738,0.9726122455529821,0.4784912009825469,0.9726122455529821
primary_development_2022_2023_partial,fu_r3_core_pullback,40,5m,199,-0.002727931134520824,-0.002653098907009242,0.0012847756088031539,5,0.02512562814070352,2.7251245898657485e-75,6.315025396439285e-51,2.8786527357736777e-75
primary_development_2022_2023_partial,fu_r3_core_pullback,40,15m,199,-0.002801871614992455,-0.00260064950588156,0.0021556331424512506,15,0.07537688442211055,2.069997652377345e-44,3.663646404081321e-38,2.2178546275471552e-44
primary_development_2022_2023_partial,fu_r3_core_pullback,40,30m,199,-0.002896891283528025,-0.002746519351280214,0.0031236120620332965,26,0.1306532663316583,1.7136109081793155e-28,7.7385218837587465e-28,1.8229903278503357e-28
primary_development_2022_2023_partial,fu_r3_core_pullback,40,60m,199,-0.0027157520893683683,-0.0025546220368762094,0.004249269852030955,42,0.21105527638190955,1.9539995562941712e-16,8.081851755030765e-17,2.0935709531723262e-16
primary_development_2022_2023_partial,fu_r3_core_pullback,40,1d,199,-0.0010930432304620307,0.0002806096945802891,0.01541611771809918,103,0.5175879396984925,0.31964819512171583,0.6707043457315792,0.32617162767522023
primary_development_2022_2023_partial,fu_r3_core_pullback,40,2d,199,-0.00011877972243358096,0.002207685261633145,0.020993996661275306,108,0.542713567839196,0.9366260750332271,0.2566505912206386,0.9366260750332273
primary_development_2022_2023_partial,fu_r3_core_pullback,40,3d,199,0.0001758595182151383,0.0017151669098030462,0.026801307367151365,106,0.5326633165829145,0.9265292613781825,0.39501577812011107,0.9327475785686401
primary_development_2022_2023_partial,fu_r3_core_pullback,40,5d,199,0.0005754453467913881,0.002067160815078782,0.0343656617734913,109,0.5477386934673367,0.8139711588789333,0.20184260329879233,0.830582815182585
primary_development_2022_2023_partial,fu_r3_core_pullback,60,5m,199,-0.0028548440536665,-0.002874383872816723,0.0013339662844209065,5,0.02512562814070352,7.549259779822347e-76,6.315025396439285e-51,8.031127425342922e-76
primary_development_2022_2023_partial,fu_r3_core_pullback,60,15m,199,-0.0028974075749280412,-0.0026276773590699627,0.002124360747413356,11,0.05527638190954774,4.590710722617129e-47,9.682210400158535e-43,4.954004376924959e-47
primary_development_2022_2023_partial,fu_r3_core_pullback,60,30m,199,-0.0029622089011090928,-0.0029339294213535424,0.0031619014497035955,26,0.1306532663316583,6.718847173612747e-29,7.7385218837587465e-28,7.250554503898649e-29
primary_development_2022_2023_partial,fu_r3_core_pullback,60,60m,199,-0.0028032849339861047,-0.002616912794868122,0.004403758269408159,44,0.22110552763819097,2.462009648944701e-16,1.0692982222738554e-15,2.619159201005001e-16
primary_development_2022_2023_partial,fu_r3_core_pullback,60,1d,199,-0.0012035869001827714,0.00011353733396551012,0.015387442520601024,101,0.507537688442211,0.2723915031725436,0.8873030419814874,0.28178431362676926
primary_development_2022_2023_partial,fu_r3_core_pullback,60,2d,199,0.0002773404075526545,0.0008399844047003908,0.02085347181774482,106,0.5326633165829145,0.851742234637825,0.39501577812011107,0.8691247292222704
primary_development_2022_2023_partial,fu_r3_core_pullback,60,3d,199,0.0004038239162498133,0.002403363728162786,0.026759165282616366,110,0.5527638190954773,0.8320525115831892,0.15608547576770965,0.849033175084887
primary_development_2022_2023_partial,fu_r3_core_pullback,60,5d,199,0.0008267510408841876,0.0033274265203635826,0.034865020979146545,111,0.5577889447236181,0.7389815452149063,0.11864782596955128,0.7697724429321942
primary_development_2022_2023_partial,fu_r3_core_pullback,120,5m,199,-0.002885833597471702,-0.002882938295759452,0.0015167119226607677,4,0.020100502512562814,1.0085862880491561e-67,1.610637105298915e-52,1.0433651255680926e-67
primary_development_2022_2023_partial,fu_r3_core_pullback,120,15m,199,-0.002834872279209469,-0.002545500717408328,0.002409367295470127,15,0.07537688442211055,3.2289889721101096e-39,3.663646404081321e-38,3.387051369346269e-39
primary_development_2022_2023_partial,fu_r3_core_pullback,120,30m,199,-0.0029511239150673916,-0.0022115029841660327,0.0032831545593764106,28,0.1407035175879397,2.9074501387286518e-27,3.093876845641921e-26,3.0712501465443503e-27
primary_development_2022_2023_partial,fu_r3_core_pullback,120,60m,199,-0.002679651256441713,-0.0018104218969946745,0.004576428451910005,52,0.2613065326633166,2.3372350287574073e-14,1.0784015496377771e-11,2.4516451350602175e-14
primary_development_2022_2023_partial,fu_r3_core_pullback,120,1d,199,-0.0007350191706187673,-0.0002355759308812148,0.015057017385248816,99,0.49748743718592964,0.49295065516814907,1.0,0.49625904882699573
primary_development_2022_2023_partial,fu_r3_core_pullback,120,2d,199,0.00023213054309107915,0.0014886178832486158,0.021390657661783996,106,0.5326633165829145,0.8787898841571873,0.39501577812011107,0.884687802842806
primary_development_2022_2023_partial,fu_r3_core_pullback,120,3d,199,0.0006651195212517396,0.0018704716395205516,0.026517368164910064,109,0.5477386934673367,0.7245082659421717,0.20184260329879233,0.74949130959535
primary_development_2022_2023_partial,fu_r3_core_pullback,120,5d,199,0.00010429725255412047,0.0032707561387970182,0.03367432055391597,116,0.5829145728643216,0.9652815622035791,0.023062898871225274,0.9717599619499119
primary_development_2022_2023_partial,fu_r3_core_pullback,240,5m,199,-0.0029390198919951233,-0.0030393425281261366,0.0014485105933190851,5,0.02512562814070352,4.0621206402512087e-72,6.315025396439285e-51,4.260965706557212e-72
primary_development_2022_2023_partial,fu_r3_core_pullback,240,15m,199,-0.002952200976136989,-0.002677783954845283,0.0023259865672485107,14,0.07035175879396985,3.924697022209791e-43,2.952003894691242e-39,4.175209598095522e-43
primary_development_2022_2023_partial,fu_r3_core_pullback,240,30m,199,-0.003000740264117096,-0.0026708868045038137,0.0031841091401415677,25,0.12562814070351758,3.864225147370061e-29,1.1475748610302027e-28,4.2002447254022404e-29
primary_development_2022_2023_partial,fu_r3_core_pullback,240,60m,199,-0.0030166166556538122,-0.0029918186914502424,0.0044326201535561105,45,0.22613065326633167,4.312752619332297e-18,3.725013695631135e-15,4.6877745862307576e-18
primary_development_2022_2023_partial,fu_r3_core_pullback,240,1d,199,-0.0005707486736962709,0.0007061187637052406,0.01469648869841337,103,0.5175879396984925,0.5853602463085356,0.6707043457315792,0.5853602463085356
primary_development_2022_2023_partial,fu_r3_core_pullback,240,2d,199,0.0006601097145154909,0.0014108719521304636,0.020408424217409658,108,0.542713567839196,0.6495115249741018,0.2566505912206386,0.6749060782832191
primary_development_2022_2023_partial,fu_r3_core_pullback,240,3d,199,0.001227010827932222,0.0022055922606908696,0.025352027269027227,106,0.5326633165829145,0.49664616011531293,0.39501577812011107,0.5283469788460775
primary_development_2022_2023_partial,fu_r3_core_pullback,240,5d,199,0.0005621757237386527,0.004369011913417758,0.034839871368263095,111,0.5577889447236181,0.8206164234630126,0.11864782596955128,0.8317058345908911
primary_development_2022_2023_partial,ht_r3_core_pullback,10,5m,331,-0.0030833739659831315,-0.0030976227900801835,0.0008359116695980554,1,0.0030211480362537764,3.234567891886148e-194,1.5178872556228612e-97,4.451240218191947e-194
primary_development_2022_2023_partial,ht_r3_core_pullback,10,15m,331,-0.003149507881697573,-0.003145030606231832,0.001618147032096186,8,0.02416918429003021,2.8992926517059245e-114,1.5381862703572027e-84,4.026795349591562e-114
primary_development_2022_2023_partial,ht_r3_core_pullback,10,30m,331,-0.00315142749131921,-0.003217743964625757,0.0025980749762898442,27,0.08157099697885196,8.325120653586392e-67,1.6796685449658884e-60,1.1250163045387016e-66
primary_development_2022_2023_partial,ht_r3_core_pullback,10,60m,331,-0.0034356117816355964,-0.0033686269593148415,0.004102655477280013,53,0.16012084592145015,5.699780143393129e-40,5.741460623578979e-38,8.300650694261837e-40
primary_development_2022_2023_partial,ht_r3_core_pullback,10,1d,331,-0.0033227287695659895,-0.002336823702796045,0.01612085488363021,141,0.4259818731117825,0.00021342819820333004,0.008234340406513233,0.0005507312032606784
primary_development_2022_2023_partial,ht_r3_core_pullback,10,2d,331,-0.004068429464851493,-0.001552923332630175,0.021588237511845385,156,0.47129909365558914,0.0006961717366420422,0.3224854616925212,0.005221288024815316
primary_development_2022_2023_partial,ht_r3_core_pullback,10,3d,331,-0.004229126976281237,-0.0028562408064531117,0.02627115750175321,144,0.4350453172205438,0.0036905926136524764,0.020829637575436134,0.039324817972151385
primary_development_2022_2023_partial,ht_r3_core_pullback,10,5d,331,-0.004345813910257115,-0.0024163211006595557,0.03348985554732592,157,0.4743202416918429,0.018991872988258468,0.37919070006212147,0.1589022707688458
primary_development_2022_2023_partial,ht_r3_core_pullback,20,5m,331,-0.003115803977342548,-0.003073757645778922,0.0009787490751120603,1,0.0030211480362537764,9.177235834657755e-175,1.5178872556228612e-97,1.2401670046834803e-174
primary_development_2022_2023_partial,ht_r3_core_pullback,20,15m,331,-0.0031782262804046705,-0.0030813632258502094,0.0016224450709826973,6,0.01812688821752266,5.398794378537144e-115,8.128079013302738e-88,7.568403334397865e-115
primary_development_2022_2023_partial,ht_r3_core_pullback,20,30m,331,-0.0031928178514435365,-0.0030116342938227595,0.002506983177476702,22,0.06646525679758308,4.698955537926282e-71,5.854991704520268e-66,6.7127936256089744e-71
primary_development_2022_2023_partial,ht_r3_core_pullback,20,60m,331,-0.0035390813493851032,-0.00328796476909165,0.0040055402149534215,51,0.1540785498489426,2.9792584153843785e-43,2.0047610277350594e-39,4.655091274038092e-43
primary_development_2022_2023_partial,ht_r3_core_pullback,20,1d,331,-0.0035543530878098303,-0.0021252941493970614,0.016151104765115658,143,0.43202416918429004,7.89405584650152e-05,0.015459633987649112,0.00032773542967944654
primary_development_2022_2023_partial,ht_r3_core_pullback,20,2d,331,-0.003964265331774333,-0.0017052839624270685,0.02208736972087744,152,0.459214501510574,0.001228479488743802,0.15287097030698535,0.006310651706076658
primary_development_2022_2023_partial,ht_r3_core_pullback,20,3d,331,-0.003611734468420363,-0.001958374346161773,0.027140202456088662,150,0.45317220543806647,0.016170664614843556,0.0990117771110954,0.04664614792743334
primary_development_2022_2023_partial,ht_r3_core_pullback,20,5d,331,-0.003915590847606002,-0.0006332513078367703,0.03406005048225728,163,0.49244712990936557,0.037529961172174345,0.8260214930986781,0.1670075343286477
primary_development_2022_2023_partial,ht_r3_core_pullback,40,5m,331,-0.0030762898040643323,-0.0030396026132840045,0.0008400367556028001,0,0.0,2.9774360980908633e-193,4.5719495651291e-100,4.060140133760268e-193
primary_development_2022_2023_partial,ht_r3_core_pullback,40,15m,331,-0.0031510861792648634,-0.002982819459520258,0.0016742600500995262,5,0.015105740181268883,1.7653767948508803e-110,1.491249912889426e-89,2.4073319929784732e-110
primary_development_2022_2023_partial,ht_r3_core_pullback,40,30m,331,-0.0032301961963751183,-0.0029946642322146045,0.0024834205352709453,22,0.06646525679758308,6.088556089623521e-73,5.854991704520268e-66,8.781571283110847e-73
primary_development_2022_2023_partial,ht_r3_core_pullback,40,60m,331,-0.0034887032883457337,-0.0029990689260495367,0.003891882976585153,50,0.1510574018126888,3.5931159477467926e-44,3.6201647746187974e-40,5.862891450417837e-44
primary_development_2022_2023_partial,ht_r3_core_pullback,40,1d,331,-0.004130799057852473,-0.002207177352757008,0.01696232636076476,145,0.4380664652567976,1.3182546714643124e-05,0.027755090478306058,0.00010985455595535938
primary_development_2022_2023_partial,ht_r3_core_pullback,40,2d,331,-0.004678382831242218,-0.0025784564897882224,0.0218875240310472,149,0.4501510574018127,0.00012469004208439646,0.07844038321120742,0.0031172510521099116
primary_development_2022_2023_partial,ht_r3_core_pullback,40,3d,331,-0.00438924599233805,-0.0018967609581524369,0.026563849320238028,153,0.4622356495468278,0.0028902257003178937,0.18703395961266983,0.039324817972151385
primary_development_2022_2023_partial,ht_r3_core_pullback,40,5d,331,-0.004312762068208266,0.00033055750932541305,0.034509588087472017,166,0.5015105740181269,0.023837120153135403,1.0,0.1589022707688458
primary_development_2022_2023_partial,ht_r3_core_pullback,60,5m,331,-0.0030999224153838638,-0.003018615683654803,0.00099259712345266,1,0.0030211480362537764,2.8735540491431053e-172,1.5178872556228612e-97,3.8485098872452305e-172
primary_development_2022_2023_partial,ht_r3_core_pullback,60,15m,331,-0.003186328887884062,-0.0030445606894100234,0.0018652819767763637,5,0.015105740181268883,7.069899071569897e-100,1.491249912889426e-89,9.384821776420216e-100
primary_development_2022_2023_partial,ht_r3_core_pullback,60,30m,331,-0.003203725489349875,-0.002992082488524821,0.0026839001805500523,23,0.06948640483383686,1.9188708616620673e-65,7.895369112365708e-65,2.5471737101708857e-65
primary_development_2022_2023_partial,ht_r3_core_pullback,60,60m,331,-0.0034561209529279193,-0.0031796670476173135,0.004206569624296907,51,0.1540785498489426,7.484301509754498e-39,2.0047610277350594e-39,1.059099270248278e-38
primary_development_2022_2023_partial,ht_r3_core_pullback,60,1d,331,-0.003926059747198257,-0.002129650220685273,0.017321573031145034,142,0.42900302114803623,4.8465215976130905e-05,0.011346439750195308,0.00025963508558641554
primary_development_2022_2023_partial,ht_r3_core_pullback,60,2d,331,-0.004424290107732022,-0.0018793892148668131,0.02211612144945904,149,0.4501510574018127,0.0003234593540460304,0.07844038321120742,0.004851890310690456
primary_development_2022_2023_partial,ht_r3_core_pullback,60,3d,331,-0.004169718053100315,-0.0012151104005161657,0.027014097059896033,156,0.47129909365558914,0.005346614531403366,0.3224854616925212,0.039324817972151385
primary_development_2022_2023_partial,ht_r3_core_pullback,60,5d,331,-0.004233755787132124,0.0006493038140080731,0.03518019674217086,169,0.5105740181268882,0.029505104545838497,0.7416149670525334,0.1589022707688458
primary_development_2022_2023_partial,ht_r3_core_pullback,120,5m,331,-0.0030500376073489314,-0.0029836196525670276,0.0009983320177234024,0,0.0,2.047025423065105e-169,4.5719495651291e-100,2.6934545040330333e-169
primary_development_2022_2023_partial,ht_r3_core_pullback,120,15m,331,-0.0030217519933375798,-0.002995024777174893,0.001851626148611528,12,0.03625377643504532,4.712148386415247e-95,1.4016065592824741e-78,6.093295327261096e-95
primary_development_2022_2023_partial,ht_r3_core_pullback,120,30m,331,-0.003008899979822291,-0.002853938554402739,0.003590375478808696,27,0.08157099697885196,5.139441948143714e-40,1.6796685449658884e-60,5.710491053493016e-40
primary_development_2022_2023_partial,ht_r3_core_pullback,120,60m,331,-0.0033401094607381624,-0.0028305443141641794,0.004757845441689236,58,0.17522658610271905,1.4739734424311505e-30,1.7178226216067189e-34,1.7687681309173805e-30
primary_development_2022_2023_partial,ht_r3_core_pullback,120,1d,331,-0.003136790024112232,-0.0016222994595100158,0.015859671602677646,150,0.45317220543806647,0.0003767913479645854,0.0990117771110954,0.0007867675247156009
primary_development_2022_2023_partial,ht_r3_core_pullback,120,2d,331,-0.0033036947392236617,-0.0016208848934099517,0.021843317151496056,158,0.4773413897280967,0.0063350055817086946,0.4416382410514279,0.01439421946976749
primary_development_2022_2023_partial,ht_r3_core_pullback,120,3d,331,-0.0028283440250390294,-0.0022188120462395683,0.02648037771621232,150,0.45317220543806647,0.05319689566117611,0.0990117771110954,0.08226324071315892
primary_development_2022_2023_partial,ht_r3_core_pullback,120,5d,331,-0.003387497393867138,0.00107165758242773,0.03408779337517044,171,0.5166163141993958,0.07194707372184118,0.5826263292692689,0.1908429512355788
primary_development_2022_2023_partial,ht_r3_core_pullback,240,5m,330,-0.003045679245215234,-0.0030207835806839167,0.0009959270605552897,1,0.0030303030303030303,4.9219554502330776e-169,3.026630612115464e-97,6.419941891608362e-169
primary_development_2022_2023_partial,ht_r3_core_pullback,240,15m,330,-0.0030357218972614985,-0.0029796593402386757,0.0017942625082017914,15,0.045454545454545456,1.4687754389988515e-98,3.1851717200425226e-74,1.9325992618405942e-98
primary_development_2022_2023_partial,ht_r3_core_pullback,240,30m,330,-0.0030094969754259765,-0.002914981689570984,0.002691837701765134,35,0.10606060606060606,6.877122779825847e-60,2.174880900216913e-52,8.970160147598932e-60
primary_development_2022_2023_partial,ht_r3_core_pullback,240,60m,330,-0.0033098039900965426,-0.0028756329101546794,0.00428353863113463,61,0.18484848484848485,2.5663297567993725e-35,2.6591683314152116e-32,3.376749679999174e-35
primary_development_2022_2023_partial,ht_r3_core_pullback,240,1d,330,-0.0028217221289498014,-0.0015063008594129372,0.015705968615626852,145,0.4393939393939394,0.0012360494547413816,0.03164673470771353,0.0019114166825897653
primary_development_2022_2023_partial,ht_r3_core_pullback,240,2d,330,-0.003111143579187482,-0.0016934147065000601,0.021018117177279954,152,0.46060606060606063,0.007623244660093173,0.1686623218591587,0.015452522959648324
primary_development_2022_2023_partial,ht_r3_core_pullback,240,3d,330,-0.002851996530611177,-0.001048123399419032,0.025904364827162085,154,0.4666666666666667,0.04665063434547937,0.2476365049294429,0.08136738548630124
primary_development_2022_2023_partial,ht_r3_core_pullback,240,5d,330,-0.0035156006199102193,-0.0004051722895707236,0.03370399619928592,160,0.48484848484848486,0.059371819619773857,0.6203610292534627,0.1785278329978275
primary_development_2022_2023_partial,ng_r1_auction_reclaim,10,5m,197,-0.0030956816433644627,-0.002970650728465766,0.0008121460717727069,0,0.0,1.0882122491143117e-118,9.956824444577827e-60,1.275248729430834e-118
primary_development_2022_2023_partial,ng_r1_auction_reclaim,10,15m,197,-0.0031372562867782584,-0.0029693362158443315,0.0014934008168886825,4,0.02030456852791878,8.339192844308224e-74,6.1868280955315236e-52,9.548694096536135e-74
primary_development_2022_2023_partial,ng_r1_auction_reclaim,10,30m,197,-0.0032472167636647987,-0.0029445305139925654,0.002186657050077229,8,0.04060913705583756,1.8229532611534188e-51,5.062665981710007e-46,2.205185396556555e-51
primary_development_2022_2023_partial,ng_r1_auction_reclaim,10,60m,197,-0.0031124575565990025,-0.002912674069048029,0.0033443930861147583,29,0.14720812182741116,2.3314749623134484e-28,5.376542123418932e-25,2.7321972214610724e-28
primary_development_2022_2023_partial,ng_r1_auction_reclaim,10,1d,197,-0.002430724505289585,-0.0017162595995670667,0.01414954925224604,91,0.4619289340101523,0.01710086112058033,0.3185443080515233,0.01973176283143884
primary_development_2022_2023_partial,ng_r1_auction_reclaim,10,2d,197,-0.0017157528046394491,-0.0005856655243151181,0.019341259976238683,96,0.4873096446700508,0.21574550191574188,0.7757387167068795,0.23621770282745463
primary_development_2022_2023_partial,ng_r1_auction_reclaim,10,3d,197,-0.0018074289248798054,-0.0004835875131032821,0.024478037124435803,97,0.49238578680203043,0.30253002662014894,0.8867367256095352,0.3288369854566836
primary_development_2022_2023_partial,ng_r1_auction_reclaim,10,5d,197,-0.0017858329483057096,0.0018009204497755561,0.031034882787272094,106,0.5380710659898477,0.42145053210645966,0.3185443080515233,0.4580984044635431
primary_development_2022_2023_partial,ng_r1_auction_reclaim,20,5m,197,-0.0031020464561295437,-0.0029781520022034882,0.0008311657533206909,0,0.0,5.188238898978524e-117,9.956824444577827e-60,5.940731563715868e-117
primary_development_2022_2023_partial,ng_r1_auction_reclaim,20,15m,197,-0.003172690840748996,-0.002934117662941205,0.0014677785570777779,2,0.01015228426395939,8.476241870448297e-76,1.9419790396704593e-55,1.0011309295805075e-75
primary_development_2022_2023_partial,ng_r1_auction_reclaim,20,30m,197,-0.0032886644099317866,-0.0027961986675621507,0.0021739003477110447,4,0.02030456852791878,1.4676705261516184e-52,6.1868280955315236e-52,1.834588157689523e-52
primary_development_2022_2023_partial,ng_r1_auction_reclaim,20,60m,197,-0.003171365799873645,-0.002615329049685499,0.00318104531053225,29,0.14720812182741116,3.4105427825487056e-31,5.376542123418932e-25,4.1591985153033e-31
primary_development_2022_2023_partial,ng_r1_auction_reclaim,20,1d,197,-0.0025233385553284833,-0.001546088705243978,0.013793080141714723,92,0.467005076142132,0.011183427480204644,0.3926260446804673,0.013105579078364817
primary_development_2022_2023_partial,ng_r1_auction_reclaim,20,2d,197,-0.0018168482332998484,0.0007884470709191841,0.019257623303420224,100,0.5076142131979695,0.1881010815339186,0.8867367256095352,0.20746442816241023
primary_development_2022_2023_partial,ng_r1_auction_reclaim,20,3d,197,-0.0018255161804173877,0.00048274267387782104,0.024641140421164914,105,0.5329949238578681,0.3009312038729219,0.3926260446804673,0.3288369854566836
primary_development_2022_2023_partial,ng_r1_auction_reclaim,20,5d,197,-0.002062150313673756,0.0014473479090167279,0.031033092608798937,101,0.5126903553299492,0.35335986224753335,0.7757387167068795,0.38973514218477945
primary_development_2022_2023_partial,ng_r1_auction_reclaim,40,5m,197,-0.00302996749739231,-0.002919562180812934,0.0008094009455529909,0,0.0,2.9830733374357162e-117,9.956824444577827e-60,3.442007697041211e-117
primary_development_2022_2023_partial,ng_r1_auction_reclaim,40,15m,197,-0.0031031312800666126,-0.002858073793267922,0.0013498169675612965,0,0.0,3.6149269640106495e-80,9.956824444577827e-60,4.408447517086158e-80
primary_development_2022_2023_partial,ng_r1_auction_reclaim,40,30m,197,-0.00321729900451817,-0.002861737079700949,0.002131011576000428,3,0.015228426395939087,1.9322940989600408e-52,1.2688917331223315e-53,2.3954059078017035e-52
primary_development_2022_2023_partial,ng_r1_auction_reclaim,40,60m,197,-0.0031637113427864186,-0.0028096323865971413,0.003125295358633072,27,0.13705583756345177,7.532493704299755e-32,1.4951776241157528e-26,9.33780211276829e-32
primary_development_2022_2023_partial,ng_r1_auction_reclaim,40,1d,197,-0.002336978521243,-0.001032079914197056,0.013842103643444764,94,0.47715736040609136,0.01907492234270492,0.5688053291137507,0.02184151413286823
primary_development_2022_2023_partial,ng_r1_auction_reclaim,40,2d,197,-0.0015233526671488845,0.0011698576943233788,0.019432835491868392,104,0.5279187817258884,0.27378280952578365,0.476266715067985,0.2954490750278241
primary_development_2022_2023_partial,ng_r1_auction_reclaim,40,3d,197,-0.0014770378069126292,0.0013197339531094334,0.02471200271907101,102,0.5177664974619289,0.4037348658045704,0.669136668552843,0.43568510698334934
primary_development_2022_2023_partial,ng_r1_auction_reclaim,40,5d,197,-0.0012670717036055604,0.001204937460535786,0.031098446267761176,100,0.5076142131979695,0.5690499422346144,0.8867367256095352,0.609696366679944
primary_development_2022_2023_partial,ng_r1_auction_reclaim,60,5m,197,-0.0030227713143801144,-0.0029086874603207542,0.000823748685296153,0,0.0,1.1431354083533193e-115,9.956824444577827e-60,1.2892504605488562e-115
primary_development_2022_2023_partial,ng_r1_auction_reclaim,60,15m,197,-0.0030550897002818438,-0.00281343259913465,0.0014155672913633457,1,0.005076142131979695,1.0891021701402182e-75,1.9714512400264097e-57,1.2762916056330682e-75
primary_development_2022_2023_partial,ng_r1_auction_reclaim,60,30m,197,-0.0031257530963243155,-0.0027926464739412077,0.002152249336184255,5,0.025380710659898477,3.6182101350675888e-50,2.4010047049319614e-50,4.273476537481404e-50
primary_development_2022_2023_partial,ng_r1_auction_reclaim,60,60m,197,-0.003006952333204532,-0.0027104738111439664,0.003209077358924287,34,0.17258883248730963,1.2468389812358791e-28,2.119295369045598e-21,1.4726444660266288e-28
primary_development_2022_2023_partial,ng_r1_auction_reclaim,60,1d,197,-0.001996852578233884,-0.0002799421877564246,0.01368187745180365,98,0.49746192893401014,0.042362776214583675,1.0,0.04706975134953741
primary_development_2022_2023_partial,ng_r1_auction_reclaim,60,2d,197,-0.001073505508853008,0.0013336214670213783,0.019045146435047813,105,0.5329949238578681,0.4309901452423627,0.3926260446804673,0.45527128018559443
primary_development_2022_2023_partial,ng_r1_auction_reclaim,60,3d,197,-0.0010113565023397322,0.0013494930008181177,0.024364935550076773,102,0.5177664974619289,0.5618261299309446,0.669136668552843,0.5934783062650822
primary_development_2022_2023_partial,ng_r1_auction_reclaim,60,5d,197,-0.0008703349230723777,0.0018621908301290364,0.03137177628457182,105,0.5329949238578681,0.6981441625646342,0.3926260446804673,0.7323190516412247
primary_development_2022_2023_partial,ng_r1_auction_reclaim,120,5m,197,-0.0030039682988652144,-0.002839450085652949,0.0008723681991942994,0,0.0,1.1898826075563269e-110,9.956824444577827e-60,1.3220917861736965e-110
primary_development_2022_2023_partial,ng_r1_auction_reclaim,120,15m,197,-0.0029860957154567444,-0.0027634343794077122,0.0014791814844330995,2,0.01015228426395939,4.642318357288402e-71,1.9419790396704593e-55,5.1966250268153754e-71
primary_development_2022_2023_partial,ng_r1_auction_reclaim,120,30m,197,-0.0031042642101971186,-0.0026135459996225506,0.002280030399716281,11,0.05583756345177665,1.6518373614542983e-46,3.4577946255240806e-42,1.877087910743521e-46
primary_development_2022_2023_partial,ng_r1_auction_reclaim,120,60m,197,-0.002945102193413249,-0.0024450522022158093,0.0033514406012536886,31,0.15736040609137056,3.786751726596425e-26,1.6495253745430157e-23,4.3031269620413924e-26
primary_development_2022_2023_partial,ng_r1_auction_reclaim,120,1d,197,-0.0016438490398236023,-0.00035863068305309024,0.01364289444796703,97,0.49238578680203043,0.09321787661254287,0.8867367256095352,0.10059483087684483
primary_development_2022_2023_partial,ng_r1_auction_reclaim,120,2d,197,-0.0006915497815209906,0.0004738807976406665,0.01892617022270779,101,0.5126903553299492,0.6095412740354419,0.7757387167068795,0.6393789587784355
primary_development_2022_2023_partial,ng_r1_auction_reclaim,120,3d,197,-0.0005849677763470614,0.0015733730630090735,0.02390428640527398,104,0.5279187817258884,0.7322684043279897,0.476266715067985,0.7523305523917703
primary_development_2022_2023_partial,ng_r1_auction_reclaim,120,5d,197,-0.0006600776355057813,0.004330348711903374,0.030228184518143426,109,0.5532994923857868,0.7601491850341106,0.15399515472928657,0.7863612258973557
primary_development_2022_2023_partial,ng_r1_auction_reclaim,240,5m,197,-0.0031122079640846143,-0.0030280583059848314,0.0008231754876425518,0,0.0,4.862413474073744e-118,9.956824444577827e-60,5.653969155899703e-118
primary_development_2022_2023_partial,ng_r1_auction_reclaim,240,15m,197,-0.0031403531123233392,-0.002874274351271438,0.0015419278528597863,2,0.01015228426395939,1.1530166745483585e-71,1.9419790396704593e-55,1.3003947457312314e-71
primary_development_2022_2023_partial,ng_r1_auction_reclaim,240,30m,197,-0.0032464656562636663,-0.0028049705843299806,0.0023139166458964583,8,0.04060913705583756,3.4302100265221713e-48,5.062665981710007e-46,3.957934645987121e-48
primary_development_2022_2023_partial,ng_r1_auction_reclaim,240,60m,197,-0.003136901827960579,-0.002809348447839152,0.0034520471912309124,31,0.15736040609137056,2.012318463967125e-27,1.6495253745430157e-23,2.3219059199620674e-27
primary_development_2022_2023_partial,ng_r1_auction_reclaim,240,1d,197,-0.0014101267277812216,-0.0012653267637490126,0.013525575932941,92,0.467005076142132,0.14600409689871496,0.3926260446804673,0.15422967982258623
primary_development_2022_2023_partial,ng_r1_auction_reclaim,240,2d,197,-0.00035997898660540165,0.0008121598751774998,0.019111619465455112,102,0.5177664974619289,0.7922892689334267,0.669136668552843,0.8139958242466712
primary_development_2022_2023_partial,ng_r1_auction_reclaim,240,3d,197,-0.00021176563261853204,0.0005835607649262805,0.023915582515761185,101,0.5126903553299492,0.9014692408052785,0.7757387167068795,0.9136512575729174
primary_development_2022_2023_partial,ng_r1_auction_reclaim,240,5d,197,-0.0005304938387701971,0.002238297304341386,0.031104685929412144,107,0.5431472081218274,0.8115322087711208,0.25424695173206074,0.830582815182585
primary_development_2022_2023_partial,ng_r3_volume_quality,10,5m,331,-0.003061528885453068,-0.003047848110470029,0.0003359728291061148,0,0.0,0.0,4.5719495651291e-100,0.0
primary_development_2022_2023_partial,ng_r3_volume_quality,10,15m,331,-0.0030923435567641435,-0.003082834811526575,0.0009045032415627415,2,0.006042296072507553,3.9619823356620897e-184,2.5121491275514865e-95,3.9619823356620895e-183
primary_development_2022_2023_partial,ng_r3_volume_quality,10,30m,331,-0.0031394487057206143,-0.003088095709078278,0.0016238997289164871,7,0.021148036253776436,1.6862958786252413e-113,3.7857951574965755e-86,1.5809023862111637e-112
primary_development_2022_2023_partial,ng_r3_volume_quality,10,60m,331,-0.0032638562446829747,-0.0030234764958577227,0.0031855730264507575,38,0.1148036253776435,2.268241104968625e-53,6.245065001468526e-50,1.7907166618173354e-52
primary_development_2022_2023_partial,ng_r3_volume_quality,10,1d,331,-0.0032761331710063394,-0.002221284726412008,0.013845035538920913,144,0.4350453172205438,2.26562226168247e-05,0.020829637575436134,0.00014775797358798718
primary_development_2022_2023_partial,ng_r3_volume_quality,10,2d,331,-0.003396305018194667,-0.0014659480636388697,0.01896899639238421,150,0.45317220543806647,0.0012621303412153316,0.0990117771110954,0.006310651706076658
primary_development_2022_2023_partial,ng_r3_volume_quality,10,3d,331,-0.0035153211485939423,-0.00256808143707676,0.023671558905380412,147,0.44410876132930516,0.0073406326881349255,0.04768149843926189,0.039324817972151385
primary_development_2022_2023_partial,ng_r3_volume_quality,10,5d,331,-0.003449594327969171,0.0001293987097838971,0.030268522304969406,166,0.5015105740181269,0.03920148005585958,1.0,0.1670075343286477
primary_development_2022_2023_partial,ng_r3_volume_quality,20,5m,331,-0.003045271211261599,-0.0030422818622093313,0.0003239115460772495,0,0.0,0.0,4.5719495651291e-100,0.0
primary_development_2022_2023_partial,ng_r3_volume_quality,20,15m,331,-0.0030630032488435455,-0.0030163366949818604,0.0008013200946147568,1,0.0030211480362537764,5.496947253081111e-199,1.5178872556228612e-97,1.1779172685173808e-197
primary_development_2022_2023_partial,ng_r3_volume_quality,20,30m,331,-0.003093058943302471,-0.00298270696311697,0.0014707677702025979,7,0.021148036253776436,3.472624155975996e-123,3.7857951574965755e-86,2.6935967118326795e-121
primary_development_2022_2023_partial,ng_r3_volume_quality,20,60m,331,-0.003177153878458728,-0.0029452612994754577,0.002917610260120752,30,0.09063444108761329,5.4625529279151e-58,1.9409952413141898e-57,1.3656382319787752e-56
primary_development_2022_2023_partial,ng_r3_volume_quality,20,1d,331,-0.0030471682629694824,-0.0024601469596606147,0.013644395788840157,144,0.4350453172205438,6.21069218894301e-05,0.020829637575436134,0.00030051736398111335
primary_development_2022_2023_partial,ng_r3_volume_quality,20,2d,331,-0.003129876723812029,-0.000999480824852083,0.01911143043749759,158,0.4773413897280967,0.003145682078047424,0.4416382410514279,0.010039410887385395
primary_development_2022_2023_partial,ng_r3_volume_quality,20,3d,331,-0.0031934359172263714,-0.0014983352691166321,0.023889880458343955,154,0.4652567975830816,0.015704055220553226,0.22652105114781237,0.04624626741825448
primary_development_2022_2023_partial,ng_r3_volume_quality,20,5d,331,-0.003089746869432337,0.0010950500255815772,0.030267618111627464,168,0.5075528700906344,0.06457500209429125,0.8260214930986781,0.18275943988950352
primary_development_2022_2023_partial,ng_r3_volume_quality,40,5m,331,-0.003014257055839884,-0.0030128521551086385,0.00033336909348456555,0,0.0,0.0,4.5719495651291e-100,0.0
primary_development_2022_2023_partial,ng_r3_volume_quality,40,15m,331,-0.002990119466973744,-0.0029881675390188286,0.000789068261860706,0,0.0,8.004518979230113e-198,4.5719495651291e-100,1.500847308605646e-196
primary_development_2022_2023_partial,ng_r3_volume_quality,40,30m,331,-0.003015556738247498,-0.0029121949434848483,0.0014340941782982357,5,0.015105740181268883,3.591462282443573e-123,1.491249912889426e-89,2.6935967118326795e-121
primary_development_2022_2023_partial,ng_r3_volume_quality,40,60m,331,-0.0030631203631339837,-0.002796651775793795,0.0028388180551307896,34,0.1027190332326284,2.8154074781283226e-57,1.4263553357817988e-53,5.2788890214906045e-56
primary_development_2022_2023_partial,ng_r3_volume_quality,40,1d,331,-0.0028899798852591997,-0.0021347845449424595,0.013650881495655368,148,0.4471299093655589,0.0001441759625543444,0.06148593768932176,0.00048058654184781474
primary_development_2022_2023_partial,ng_r3_volume_quality,40,2d,331,-0.002913865919672177,-0.0003553536854613158,0.01915085390330355,161,0.486404833836858,0.006030369696680991,0.6602051224044762,0.014358023087335694
primary_development_2022_2023_partial,ng_r3_volume_quality,40,3d,331,-0.002834206333576362,-0.0008309531516501595,0.023910075065904143,155,0.46827794561933533,0.032018096434506524,0.2716127621266505,0.06731789707693304
primary_development_2022_2023_partial,ng_r3_volume_quality,40,5d,331,-0.0026541556696918506,0.0003912359717049428,0.030481393449600692,167,0.5045317220543807,0.11465567142655904,0.9124867149020457,0.2097150036945636
primary_development_2022_2023_partial,ng_r3_volume_quality,60,5m,331,-0.0030001195695667643,-0.002988639895746391,0.0003244155396099325,0,0.0,0.0,4.5719495651291e-100,0.0
primary_development_2022_2023_partial,ng_r3_volume_quality,60,15m,331,-0.0029703978849483187,-0.0029564209808044272,0.0007893478609599637,0,0.0,6.874189273337799e-197,4.5719495651291e-100,1.1456982122229664e-195
primary_development_2022_2023_partial,ng_r3_volume_quality,60,30m,331,-0.0029367016797214518,-0.0028690694099851775,0.0014288170082553536,6,0.01812688821752266,1.6292338333627034e-120,8.128079013302738e-88,8.146169166813518e-119
primary_development_2022_2023_partial,ng_r3_volume_quality,60,60m,331,-0.002909906107187838,-0.0026932124842096957,0.0029083550758183378,39,0.11782477341389729,1.2114103664907934e-51,4.712524923368886e-49,7.26846219894476e-51
primary_development_2022_2023_partial,ng_r3_volume_quality,60,1d,331,-0.002712048855050978,-0.0017165009880272522,0.013982420510687413,149,0.4501510574018127,0.0004859816094085445,0.07844038321120742,0.0008999659433491565
primary_development_2022_2023_partial,ng_r3_volume_quality,60,2d,331,-0.002638884103219909,-0.0006492599536883517,0.019562574501663363,157,0.4743202416918429,0.01478524447769298,0.37919070006212147,0.022630476241366805
primary_development_2022_2023_partial,ng_r3_volume_quality,60,3d,331,-0.002558432435719434,-0.0006513031713010223,0.02425494123731901,161,0.486404833836858,0.05620902575688907,0.6602051224044762,0.08516519054074101
primary_development_2022_2023_partial,ng_r3_volume_quality,60,5d,331,-0.0023148961012737406,0.00028134491840151824,0.03081235350771958,167,0.5045317220543807,0.17325108778598952,0.9124867149020457,0.23203270685623598
primary_development_2022_2023_partial,ng_r3_volume_quality,120,5m,331,-0.0029924064838891093,-0.0030114247048390647,0.00034290956605683874,0,0.0,0.0,4.5719495651291e-100,0.0
primary_development_2022_2023_partial,ng_r3_volume_quality,120,15m,331,-0.002965305294129474,-0.0029184840266483587,0.0008216218081838436,0,0.0,2.610417109591774e-191,4.5719495651291e-100,3.915625664387661e-190
primary_development_2022_2023_partial,ng_r3_volume_quality,120,30m,331,-0.0029502561721660167,-0.002930215197334591,0.0014684058868971088,8,0.02416918429003021,6.853111205136083e-118,1.5381862703572027e-84,1.7132778012840206e-116
primary_development_2022_2023_partial,ng_r3_volume_quality,120,60m,331,-0.0029112446514009413,-0.0028841528527059003,0.0029711727188196616,39,0.11782477341389729,3.726318048493154e-50,4.712524923368886e-49,1.3973692681849329e-49
primary_development_2022_2023_partial,ng_r3_volume_quality,120,1d,331,-0.0025003931529523314,-0.0019776879435225007,0.013914121684328401,147,0.44410876132930516,0.0012117636695564839,0.04768149843926189,0.001893380733682006
primary_development_2022_2023_partial,ng_r3_volume_quality,120,2d,331,-0.00238259976756799,-0.000587110129421144,0.019376639306388933,159,0.48036253776435045,0.02617089113714053,0.5095843076624359,0.035050300630098924
primary_development_2022_2023_partial,ng_r3_volume_quality,120,3d,331,-0.0022708163462514734,-0.001507750303604588,0.023602122970334538,155,0.46827794561933533,0.08143138942291264,0.2716127621266505,0.10877194677826821
primary_development_2022_2023_partial,ng_r3_volume_quality,120,5d,331,-0.0023117308061126407,0.0011268012319269032,0.029708280323103964,168,0.5075528700906344,0.15843137683237846,0.8260214930986781,0.22356629752965615
primary_development_2022_2023_partial,ng_r3_volume_quality,240,5m,331,-0.0030234690856950565,-0.0030124034661517876,0.0003663967496496774,0,0.0,1.3740700471894735e-305,4.5719495651291e-100,1.2881906692401315e-304
primary_development_2022_2023_partial,ng_r3_volume_quality,240,15m,331,-0.0029945851752043577,-0.002958056595857212,0.0008596486637245015,0,0.0,1.3175387024101788e-186,4.5719495651291e-100,1.520236964319437e-185
primary_development_2022_2023_partial,ng_r3_volume_quality,240,30m,331,-0.002979219604799048,-0.0028960505970847565,0.0015118653752873683,8,0.02416918429003021,1.1401731253238447e-115,1.5381862703572027e-84,1.710259687985767e-114
primary_development_2022_2023_partial,ng_r3_volume_quality,240,60m,331,-0.0029921232202147234,-0.0027786440132668887,0.0029375794488409766,36,0.10876132930513595,6.127139731406195e-53,1.0036641728450753e-51,4.5953547985546464e-52
primary_development_2022_2023_partial,ng_r3_volume_quality,240,1d,331,-0.00262061918651158,-0.0018244209691866916,0.013850692690267402,145,0.4380664652567976,0.000663271737113279,0.027755090478306058,0.0011054528951887983
primary_development_2022_2023_partial,ng_r3_volume_quality,240,2d,331,-0.0025454647733847394,-0.0006930373949369881,0.019550701787424365,158,0.4773413897280967,0.01859995667163253,0.4416382410514279,0.027163056801961714
primary_development_2022_2023_partial,ng_r3_volume_quality,240,3d,331,-0.002404099237795303,-0.0008106929730848996,0.023932458965740016,159,0.48036253776435045,0.06893087216651916,0.5095843076624359,0.0984726745235988
primary_development_2022_2023_partial,ng_r3_volume_quality,240,5d,331,-0.002296503044768523,0.0019671612317405268,0.03044740627821875,175,0.5287009063444109,0.1715660029551558,0.3224854616925212,0.23203270685623598
primary_development_2022_2023_partial,s0_distance_only,10,5m,331,-0.002903119484507657,-0.0029188258639017937,0.0005248004602708614,0,0.0,1.576641025996075e-249,4.5719495651291e-100,3.6952524046783005e-249
primary_development_2022_2023_partial,s0_distance_only,10,15m,331,-0.0028597795889891385,-0.0028882393899365886,0.0011048245842431388,5,0.015105740181268883,2.516930794897377e-148,1.491249912889426e-89,5.899056550540727e-148
primary_development_2022_2023_partial,s0_distance_only,10,30m,331,-0.002899229440544738,-0.0028266741709291167,0.0017982150546641828,14,0.04229607250755287,8.58049892670339e-94,7.865299386413312e-76,2.1814827779754377e-93
primary_development_2022_2023_partial,s0_distance_only,10,60m,331,-0.003008425610673599,-0.002900985954112239,0.0032680460520223783,50,0.1510574018126888,6.705945261835356e-46,3.6201647746187974e-40,1.3235418279938205e-45
primary_development_2022_2023_partial,s0_distance_only,10,1d,331,-0.0029992811346594536,-0.0019480350448515403,0.014397894118166037,147,0.44410876132930516,0.00018309398007854784,0.04768149843926189,0.0005174511249746073
primary_development_2022_2023_partial,s0_distance_only,10,2d,331,-0.003021363729100195,-0.0009997187489207762,0.01947617063972508,150,0.45317220543806647,0.005122218715393283,0.0990117771110954,0.013247117367396422
primary_development_2022_2023_partial,s0_distance_only,10,3d,331,-0.0030366660876414344,-0.0017999671781711256,0.023974799452339084,153,0.4622356495468278,0.02201989150814655,0.18703395961266983,0.054432947541286095
primary_development_2022_2023_partial,s0_distance_only,10,5d,331,-0.0027834098921116937,0.000662087169698155,0.03033908269184991,170,0.513595166163142,0.09654252397880764,0.6602051224044762,0.20266895946320704
primary_development_2022_2023_partial,s0_distance_only,20,5m,331,-0.0028679648048099164,-0.002890050041020951,0.0004924249648838443,0,0.0,1.0952316737777656e-256,4.5719495651291e-100,3.099712284276695e-256
primary_development_2022_2023_partial,s0_distance_only,20,15m,331,-0.00280002245685154,-0.0028340254429111613,0.0010320121193915692,1,0.0030211480362537764,3.124752379581213e-154,1.5178872556228612e-97,1.041584126527071e-153
primary_development_2022_2023_partial,s0_distance_only,20,30m,331,-0.0028066646503871386,-0.0027638228735147913,0.001671717492961527,9,0.027190332326283987,4.908824538044199e-98,5.538330259998636e-83,1.9376938965963942e-97
primary_development_2022_2023_partial,s0_distance_only,20,60m,331,-0.0029034061961772436,-0.0029271411282223757,0.0029956239022624937,47,0.1419939577039275,2.157871389961899e-49,1.85072735078708e-42,7.178422958635642e-49
primary_development_2022_2023_partial,s0_distance_only,20,1d,331,-0.0028135778400170263,-0.0020027864270382384,0.014163349731168664,145,0.4380664652567976,0.000355438322365769,0.027755090478306058,0.0007867675247156009
primary_development_2022_2023_partial,s0_distance_only,20,2d,331,-0.002833783886607517,-0.0005604817637310567,0.019518865732041243,161,0.486404833836858,0.00875093819553888,0.6602051224044762,0.017145695794180675
primary_development_2022_2023_partial,s0_distance_only,20,3d,331,-0.0028470704581247007,-0.0015731003740682191,0.024059983109832334,157,0.4743202416918429,0.03231259059692786,0.37919070006212147,0.06731789707693304
primary_development_2022_2023_partial,s0_distance_only,20,5d,331,-0.00261224157559079,0.00031303939954080716,0.0302308446660988,168,0.5075528700906344,0.11744040206895563,0.8260214930986781,0.2097150036945636
primary_development_2022_2023_partial,s0_distance_only,40,5m,331,-0.002827849666644233,-0.002827933223057557,0.0004842657759629526,0,0.0,4.725073386471818e-257,4.5719495651291e-100,1.389727466609358e-256
primary_development_2022_2023_partial,s0_distance_only,40,15m,331,-0.002743795583162699,-0.002696438439657519,0.0009951505115064897,0,0.0,2.8866091149576885e-156,4.5719495651291e-100,1.030931826770603e-155
primary_development_2022_2023_partial,s0_distance_only,40,30m,331,-0.0027444157050659002,-0.0026063893134862974,0.001598272066495894,10,0.030211480362537766,1.9695354977978332e-100,1.7891960484140454e-81,9.530010473215322e-100
primary_development_2022_2023_partial,s0_distance_only,40,60m,331,-0.0028065082974942615,-0.002712757633368112,0.002914130134863045,53,0.16012084592145015,5.965583281205473e-49,5.741460623578979e-38,1.8261989636343288e-48
primary_development_2022_2023_partial,s0_distance_only,40,1d,331,-0.0026995947247175265,-0.0019525783210984917,0.01421662107235645,150,0.45317220543806647,0.0006344578453025429,0.0990117771110954,0.001069310975229005
primary_development_2022_2023_partial,s0_distance_only,40,2d,331,-0.002647311097409897,-0.0006619625992275464,0.019547977658877592,161,0.486404833836858,0.014400262055275047,0.6602051224044762,0.02231977467481006
primary_development_2022_2023_partial,s0_distance_only,40,3d,331,-0.002510938819293894,-0.0013419138495202754,0.02411190370524758,159,0.48036253776435045,0.0594008988229246,0.5095843076624359,0.0891013482343869
primary_development_2022_2023_partial,s0_distance_only,40,5d,331,-0.0021779097185459172,0.0002775529105195403,0.030492095357950603,169,0.5105740181268882,0.19536321727194905,0.7416149670525334,0.25009543199589274
primary_development_2022_2023_partial,s0_distance_only,60,5m,331,-0.0027888469473623155,-0.0027958839770946035,0.0004917738607408816,0,0.0,5.5869673991538e-253,4.5719495651291e-100,1.5237183815874e-252
primary_development_2022_2023_partial,s0_distance_only,60,15m,331,-0.0026781605386767098,-0.0026247362097940475,0.0010022152509670602,1,0.0030211480362537764,2.570012644794538e-152,1.5178872556228612e-97,7.138924013318161e-152
primary_development_2022_2023_partial,s0_distance_only,60,30m,331,-0.0026433720479630517,-0.0025477331625722343,0.0015882598516382812,12,0.03625377643504532,4.1044549165506645e-97,1.4016065592824741e-78,1.4658767559109517e-96
primary_development_2022_2023_partial,s0_distance_only,60,60m,331,-0.002652520300014387,-0.0026337176121485908,0.0028768076967833314,54,0.16314199395770393,5.254402582933912e-46,2.9713450884774137e-37,1.065081604648766e-45
primary_development_2022_2023_partial,s0_distance_only,60,1d,331,-0.0024818751251641266,-0.001441146432461172,0.014367380399203331,156,0.47129909365558914,0.0018541347133430887,0.3224854616925212,0.002648763876204412
primary_development_2022_2023_partial,s0_distance_only,60,2d,331,-0.002364089603166032,-0.0006151684513472444,0.01980675946892943,158,0.4773413897280967,0.030854584579180423,0.4416382410514279,0.03955715971689798
primary_development_2022_2023_partial,s0_distance_only,60,3d,331,-0.002163408342659184,-0.0007893831171457181,0.024258217995541582,163,0.49244712990936557,0.10617016498917306,0.8260214930986781,0.12947581096240618
primary_development_2022_2023_partial,s0_distance_only,60,5d,331,-0.0019162664192266712,0.0011293322966464071,0.0305271004198292,173,0.5226586102719033,0.2549793236813866,0.4416382410514279,0.28974923145612114
primary_development_2022_2023_partial,s0_distance_only,120,5m,331,-0.002809170615109418,-0.002812257006336008,0.00047522962107963756,0,0.0,9.415395312752652e-259,4.5719495651291e-100,2.9423110352352036e-258
primary_development_2022_2023_partial,s0_distance_only,120,15m,331,-0.002709172178761193,-0.0026431030833298577,0.0009927835893155166,2,0.006042296072507553,5.8364394503536245e-155,2.5121491275514865e-95,2.0359672501233573e-154
primary_development_2022_2023_partial,s0_distance_only,120,30m,331,-0.002664070625836278,-0.0025616269955440647,0.0016077903835383983,11,0.03323262839879154,1.1990956295437581e-96,5.2385004358078865e-80,4.087826009808266e-96
primary_development_2022_2023_partial,s0_distance_only,120,60m,331,-0.0026466297998661,-0.002487623162086398,0.0028820491898570782,54,0.16314199395770393,9.708777787920231e-46,2.9713450884774137e-37,1.891320348296149e-45
primary_development_2022_2023_partial,s0_distance_only,120,1d,331,-0.002221114982692484,-0.0012770999976840247,0.014309433526048524,151,0.4561933534743202,0.005097090540169979,0.12367020291162287,0.006215964073378024
primary_development_2022_2023_partial,s0_distance_only,120,2d,331,-0.0020429182676830315,-0.0005599641940614024,0.019567470791030942,161,0.486404833836858,0.058755270148785045,0.6602051224044762,0.06779454247936736
primary_development_2022_2023_partial,s0_distance_only,120,3d,331,-0.0018927265294317796,-0.0013998785360209557,0.02370696057381466,158,0.4773413897280967,0.14791431946963796,0.4416382410514279,0.16936754137744803
primary_development_2022_2023_partial,s0_distance_only,120,5d,331,-0.0016995186198284064,0.0009987203460909775,0.029553935142016267,172,0.5196374622356495,0.2969529595287957,0.5095843076624359,0.3324100293232788
primary_development_2022_2023_partial,s0_distance_only,240,5m,331,-0.002853657277713707,-0.0028568505494068423,0.00046570595925602803,0,0.0,9.095154660036843e-264,4.5719495651291e-100,3.248269521441729e-263
primary_development_2022_2023_partial,s0_distance_only,240,15m,331,-0.0027635205503353886,-0.002746927368516675,0.0009763083499964559,3,0.00906344410876133,1.3203909402636597e-159,2.763465537586981e-93,5.658818315415685e-159
primary_development_2022_2023_partial,s0_distance_only,240,30m,331,-0.0027453270391086075,-0.002602646195901081,0.0016084755059280575,10,0.030211480362537766,8.700734407948849e-100,1.7891960484140454e-81,3.838559297624492e-99
primary_development_2022_2023_partial,s0_distance_only,240,60m,331,-0.002741391854607292,-0.0027619027964666484,0.0028611362305525764,51,0.1540785498489426,1.3463030219327685e-48,2.0047610277350594e-39,4.038909065798306e-48
primary_development_2022_2023_partial,s0_distance_only,240,1d,331,-0.0024541249198049312,-0.0015829102375403234,0.014343463488941631,149,0.4501510574018127,0.0020464396434708384,0.07844038321120742,0.0027905995138238705
primary_development_2022_2023_partial,s0_distance_only,240,2d,331,-0.0023605953093404487,-0.0017935610453899346,0.0197199324356701,151,0.4561933534743202,0.03037242996119707,0.12367020291162287,0.03927469391534104
primary_development_2022_2023_partial,s0_distance_only,240,3d,331,-0.0021528521558121386,-0.0009692769310188224,0.023789164704631514,159,0.48036253776435045,0.10113619177502782,0.5095843076624359,0.12537544434920803
primary_development_2022_2023_partial,s0_distance_only,240,5d,331,-0.0019452402337888656,0.0018917800497778763,0.029880691285033834,173,0.5226586102719033,0.23781723053036535,0.4416382410514279,0.27653166340740154
primary_development_2022_2023_partial,s0_liquidity_matched,10,5m,331,-0.002926328169607315,-0.0029263858644277088,0.0004734647073378075,0,0.0,5.682363240557433e-265,4.5719495651291e-100,2.0789133806917436e-264
primary_development_2022_2023_partial,s0_liquidity_matched,10,15m,331,-0.002895282763224891,-0.0028494507310208596,0.0010890153111160934,2,0.006042296072507553,1.1272171880476117e-151,2.5121491275514865e-95,2.8658064102905383e-151
primary_development_2022_2023_partial,s0_liquidity_matched,10,30m,331,-0.0029388370093128458,-0.002754504232511678,0.0018595318770803792,10,0.030211480362537766,9.781863848904283e-92,1.7891960484140454e-81,2.0665909539938627e-91
primary_development_2022_2023_partial,s0_liquidity_matched,10,60m,331,-0.003005225580160562,-0.0029376546852467053,0.003330524672213622,47,0.1419939577039275,1.3547361815680616e-44,1.85072735078708e-42,2.283263227361902e-44
primary_development_2022_2023_partial,s0_liquidity_matched,10,1d,331,-0.0031846895582301996,-0.0019116722100020833,0.014861544324155871,151,0.4561933534743202,0.00011993097235246857,0.12367020291162287,0.00042832490125881633
primary_development_2022_2023_partial,s0_liquidity_matched,10,2d,331,-0.00304271527363158,-0.0012147120771770355,0.020127671228252753,156,0.47129909365558914,0.0063605489895486415,0.3224854616925212,0.01439421946976749
primary_development_2022_2023_partial,s0_liquidity_matched,10,3d,331,-0.002972579344987213,-0.002201382424663834,0.024415496111357907,155,0.46827794561933533,0.027672680619367337,0.2716127621266505,0.061953762580673144
primary_development_2022_2023_partial,s0_liquidity_matched,10,5d,331,-0.002796413850296573,0.0005944737931479994,0.03067228666370698,170,0.513595166163142,0.09863222693876077,0.6602051224044762,0.20266895946320704
primary_development_2022_2023_partial,s0_liquidity_matched,20,5m,331,-0.002926758721928897,-0.0029264337738604466,0.00046420729950935987,0,0.0,9.431989983179505e-268,4.5719495651291e-100,3.6872012306390916e-267
primary_development_2022_2023_partial,s0_liquidity_matched,20,15m,331,-0.0028877549440724354,-0.002852644529955649,0.0010609387140790147,2,0.006042296072507553,1.2293921604328924e-154,2.5121491275514865e-95,4.191109637839406e-154
primary_development_2022_2023_partial,s0_liquidity_matched,20,30m,331,-0.00291957623563611,-0.002743800497189959,0.0018136644533531961,10,0.030211480362537766,1.2451698502945452e-93,1.7891960484140454e-81,3.012507702325513e-93
primary_development_2022_2023_partial,s0_liquidity_matched,20,60m,331,-0.0029671659272105157,-0.0029112113956464565,0.003189534978608104,44,0.13293051359516617,1.3468922318792558e-46,7.587545102334082e-45,3.015430369878931e-46
primary_development_2022_2023_partial,s0_liquidity_matched,20,1d,331,-0.0030880383315824694,-0.0018676637145934815,0.014841554550988366,147,0.44410876132930516,0.00018628240499085866,0.04768149843926189,0.0005174511249746073
primary_development_2022_2023_partial,s0_liquidity_matched,20,2d,331,-0.0029208803939253405,-0.00097523106676209,0.02017023990867931,156,0.47129909365558914,0.008922373103456121,0.3224854616925212,0.017145695794180675
primary_development_2022_2023_partial,s0_liquidity_matched,20,3d,331,-0.0028731815315792765,-0.002442738726273372,0.02449650550903823,156,0.47129909365558914,0.0338554870026871,0.3224854616925212,0.06862598716760898
primary_development_2022_2023_partial,s0_liquidity_matched,20,5d,331,-0.0026849216026103555,0.0008969369652204987,0.03075346555794077,169,0.5105740181268882,0.11370421829175126,0.7416149670525334,0.2097150036945636
primary_development_2022_2023_partial,s0_liquidity_matched,40,5m,331,-0.0029208419011739844,-0.0029199984909659736,0.00047065038729746296,0,0.0,1.5271094212422526e-265,4.5719495651291e-100,5.726660329658447e-265
primary_development_2022_2023_partial,s0_liquidity_matched,40,15m,331,-0.002869210705684981,-0.002791017960948028,0.0010593256603073724,3,0.00906344410876133,5.139822709314005e-154,2.763465537586981e-93,1.6403689497810655e-153
primary_development_2022_2023_partial,s0_liquidity_matched,40,30m,331,-0.002889323822001184,-0.0027189362683304437,0.001789743706774474,10,0.030211480362537766,6.292120210713831e-94,1.7891960484140454e-81,1.7160327847401358e-93
primary_development_2022_2023_partial,s0_liquidity_matched,40,60m,331,-0.0029268675621474992,-0.00282713019414995,0.0031397047852348217,45,0.13595166163141995,9.793749021882272e-47,4.862043696025771e-44,2.260095928126678e-46
primary_development_2022_2023_partial,s0_liquidity_matched,40,1d,331,-0.0030818414078782274,-0.002008934204803183,0.014743388397564576,149,0.4501510574018127,0.00017410719420510274,0.07844038321120742,0.0005174511249746073
primary_development_2022_2023_partial,s0_liquidity_matched,40,2d,331,-0.0029662032986837957,-0.0013477070262066153,0.02006829239326615,155,0.46827794561933533,0.007618910227988482,0.2716127621266505,0.015452522959648324
primary_development_2022_2023_partial,s0_liquidity_matched,40,3d,331,-0.002913077743884954,-0.002165749693085084,0.024421946159082934,152,0.459214501510574,0.030961451577290505,0.15287097030698535,0.06671105230504254
primary_development_2022_2023_partial,s0_liquidity_matched,40,5d,331,-0.002802585197925105,0.000286809290985685,0.030613149539720066,168,0.5075528700906344,0.09724992453813354,0.8260214930986781,0.20266895946320704
primary_development_2022_2023_partial,s0_liquidity_matched,60,5m,331,-0.00291483305262136,-0.002928727555697906,0.00048347434498533187,0,0.0,1.6753334494143562e-261,4.5719495651291e-100,5.844186451445428e-261
primary_development_2022_2023_partial,s0_liquidity_matched,60,15m,331,-0.0028705956209924546,-0.0028148478431382945,0.0010751581639302447,3,0.00906344410876133,3.3020993107878897e-152,2.763465537586981e-93,9.005725393057882e-152
primary_development_2022_2023_partial,s0_liquidity_matched,60,30m,331,-0.0028839990529607212,-0.0026379261087347335,0.0017873285429044392,10,0.030211480362537766,7.080136732376119e-94,1.7891960484140454e-81,1.8964651961721747e-93
primary_development_2022_2023_partial,s0_liquidity_matched,60,60m,331,-0.0029069923544559504,-0.0028302244911074708,0.00309546681562265,43,0.1299093655589124,3.131776250353549e-47,1.153816413809746e-45,7.829440625883873e-47
primary_development_2022_2023_partial,s0_liquidity_matched,60,1d,331,-0.003028071313904193,-0.0018664984913757342,0.014688942142372529,148,0.4471299093655589,0.0002129455140922082,0.06148593768932176,0.0005507312032606784
primary_development_2022_2023_partial,s0_liquidity_matched,60,2d,331,-0.0029049516899868582,-0.0009883752036243842,0.020071948988131413,156,0.47129909365558914,0.00896187813027617,0.3224854616925212,0.017145695794180675
primary_development_2022_2023_partial,s0_liquidity_matched,60,3d,331,-0.0028078090273851524,-0.002169363061300938,0.024395384011877148,157,0.4743202416918429,0.03730871994517381,0.37919070006212147,0.07129720771953811
primary_development_2022_2023_partial,s0_liquidity_matched,60,5d,331,-0.0026570080542771437,0.00020537816527013304,0.030703334720277916,168,0.5075528700906344,0.1168989413488127,0.8260214930986781,0.2097150036945636
primary_development_2022_2023_partial,s0_liquidity_matched,120,5m,331,-0.0029020766061247792,-0.0029079374012140986,0.0004858784297734276,0,0.0,3.368892496085298e-260,4.5719495651291e-100,1.148486078210897e-259
primary_development_2022_2023_partial,s0_liquidity_matched,120,15m,331,-0.002855382135777055,-0.0028154192890959243,0.0010655499080501128,3,0.00906344410876133,1.14291455336272e-152,2.763465537586981e-93,3.2968689039309234e-152
primary_development_2022_2023_partial,s0_liquidity_matched,120,30m,331,-0.00286154225791607,-0.002733009605664389,0.0017751148878535428,11,0.03323262839879154,8.903476889951985e-94,5.2385004358078865e-80,2.225869222487996e-93
primary_development_2022_2023_partial,s0_liquidity_matched,120,60m,331,-0.0028906953959099767,-0.0028730976876718615,0.003107277693336608,45,0.13595166163141995,1.343181296908271e-46,4.862043696025771e-44,3.015430369878931e-46
primary_development_2022_2023_partial,s0_liquidity_matched,120,1d,331,-0.0029782063671727607,-0.001887639374627035,0.01463985918708027,149,0.4501510574018127,0.000256828323734419,0.07844038321120742,0.0006114960088914738
primary_development_2022_2023_partial,s0_liquidity_matched,120,2d,331,-0.0027911320569753177,-0.0009197886364460045,0.020019596005015173,156,0.47129909365558914,0.011782084251891778,0.3224854616925212,0.020791913385691373
primary_development_2022_2023_partial,s0_liquidity_matched,120,3d,331,-0.0026839681041605917,-0.0019075186347387494,0.024312850860097802,159,0.48036253776435045,0.045737712158046034,0.5095843076624359,0.08071360969066947
primary_development_2022_2023_partial,s0_liquidity_matched,120,5d,331,-0.002484932246399354,0.0003635837768684431,0.030669455174707486,170,0.513595166163142,0.1420126385056661,0.6602051224044762,0.22356629752965615
primary_development_2022_2023_partial,s0_liquidity_matched,240,5m,331,-0.0028991076674496326,-0.0028786969315985765,0.0004971092156182349,0,0.0,7.144239141116642e-257,4.5719495651291e-100,2.060838213783647e-256
primary_development_2022_2023_partial,s0_liquidity_matched,240,15m,331,-0.0028446144397009272,-0.0027843240363779748,0.0010689135984520523,3,0.00906344410876133,8.499978375466918e-152,2.763465537586981e-93,2.2368364145965574e-151
primary_development_2022_2023_partial,s0_liquidity_matched,240,30m,331,-0.00285720813699685,-0.002665898552041193,0.0017985657248660203,10,0.030211480362537766,2.8858617004990423e-92,1.7891960484140454e-81,6.183989358212233e-92
primary_development_2022_2023_partial,s0_liquidity_matched,240,60m,331,-0.0029002723146615466,-0.0028330788512891825,0.003127311760497135,42,0.1268882175226586,2.1672262368994923e-46,1.708856419518332e-46,4.644056221927483e-46
primary_development_2022_2023_partial,s0_liquidity_matched,240,1d,331,-0.0030331000970732374,-0.0019983321992905595,0.014670063198550078,146,0.44108761329305135,0.00020413755874412702,0.036577927738126986,0.0005507312032606784
primary_development_2022_2023_partial,s0_liquidity_matched,240,2d,331,-0.002853292865040266,-0.0012767618076952798,0.02007091047326176,157,0.4743202416918429,0.010239749265737124,0.37919070006212147,0.018962498640253934
primary_development_2022_2023_partial,s0_liquidity_matched,240,3d,331,-0.00273214029555568,-0.0015231568045880582,0.02437689860449342,157,0.4743202416918429,0.042546851865041584,0.37919070006212147,0.07782960707019801
primary_development_2022_2023_partial,s0_liquidity_matched,240,5d,331,-0.0025766481069796894,0.0005789830696387715,0.030754271796952292,168,0.5075528700906344,0.1289737435311838,0.8260214930986781,0.21737147786154573
primary_development_2022_2023_partial,s0_random_matched,10,5m,331,-0.002999521165063298,-0.0029892940425698426,0.00024362906762085478,0,0.0,0.0,4.5719495651291e-100,0.0
primary_development_2022_2023_partial,s0_random_matched,10,15m,331,-0.003001254929573084,-0.002986298250619947,0.0007620376477106498,0,0.0,5.262538776499306e-203,4.5719495651291e-100,7.89380816474896e-201
primary_development_2022_2023_partial,s0_random_matched,10,30m,331,-0.0029953013432032238,-0.0029509027470994193,0.00150839610733954,6,0.01812688821752266,1.5120426584735766e-116,8.128079013302738e-88,2.835079984637956e-115
primary_development_2022_2023_partial,s0_random_matched,10,60m,331,-0.0029885559119935553,-0.002880841085812709,0.003012713127483509,39,0.11782477341389729,4.988138371928592e-51,4.712524923368886e-49,2.7711879844047734e-50
primary_development_2022_2023_partial,s0_random_matched,10,1d,331,-0.0028025876257780913,-0.0019364017250342385,0.014191967580569904,147,0.44410876132930516,0.00038462854005677293,0.04768149843926189,0.0007867675247156009
primary_development_2022_2023_partial,s0_random_matched,10,2d,331,-0.0026734189459677276,-0.0013007344653309528,0.019683816055766214,159,0.48036253776435045,0.01412236167052754,0.5095843076624359,0.02231977467481006
primary_development_2022_2023_partial,s0_random_matched,10,3d,331,-0.0025939408652495897,-0.002131884435933884,0.0241635889793964,156,0.47129909365558914,0.05201135495749041,0.3224854616925212,0.08226324071315892
primary_development_2022_2023_partial,s0_random_matched,10,5d,331,-0.002448588265442548,0.0003975588859479718,0.030600620009248534,167,0.5045317220543807,0.1470097905902986,0.9124867149020457,0.22356629752965615
primary_development_2022_2023_partial,s0_random_matched,20,5m,331,-0.003000176631350025,-0.002992192915753781,0.0002510732167494919,0,0.0,0.0,4.5719495651291e-100,0.0
primary_development_2022_2023_partial,s0_random_matched,20,15m,331,-0.0029967691809958995,-0.0029793781851747366,0.0007695547926633017,0,0.0,1.7516718694926036e-201,4.5719495651291e-100,5.685106837782883e-200
primary_development_2022_2023_partial,s0_random_matched,20,30m,331,-0.002992043912403819,-0.002960855020372744,0.0015276769741889202,5,0.015105740181268883,5.660189012787441e-115,1.491249912889426e-89,6.027656130382692e-114
primary_development_2022_2023_partial,s0_random_matched,20,60m,331,-0.002992963157579813,-0.0028440829077286396,0.0030234247712695225,39,0.11782477341389729,7.010797131636766e-51,4.712524923368886e-49,3.2086160933552685e-50
primary_development_2022_2023_partial,s0_random_matched,20,1d,331,-0.002806923717948781,-0.0019128665083777683,0.014197195424094958,147,0.44410876132930516,0.0003786744736601762,0.04768149843926189,0.0007867675247156009
primary_development_2022_2023_partial,s0_random_matched,20,2d,331,-0.002680639351100197,-0.0012173117780902903,0.019687302908985044,159,0.48036253776435045,0.013883185334473191,0.5095843076624359,0.02231977467481006
primary_development_2022_2023_partial,s0_random_matched,20,3d,331,-0.002604029407032696,-0.001972196651796246,0.024165032543377308,155,0.46827794561933533,0.0511239903169159,0.2716127621266505,0.08226324071315892
primary_development_2022_2023_partial,s0_random_matched,20,5d,331,-0.0024616322207451475,0.00042489576384922986,0.03059756649186268,168,0.5075528700906344,0.14483495615111847,0.8260214930986781,0.22356629752965615
primary_development_2022_2023_partial,s0_random_matched,40,5m,331,-0.002998500894583173,-0.0029850136667675517,0.0002479534331240347,0,0.0,0.0,4.5719495651291e-100,0.0
primary_development_2022_2023_partial,s0_random_matched,40,15m,331,-0.0029953757880591464,-0.0029898157927736326,0.0007693924221750659,0,0.0,1.8950356125942943e-201,4.5719495651291e-100,5.685106837782883e-200
primary_development_2022_2023_partial,s0_random_matched,40,30m,331,-0.0029972095326262355,-0.0029759400605784045,0.0015220153410153924,6,0.01812688821752266,1.35977789559611e-115,8.128079013302738e-88,1.782932566726969e-114
primary_development_2022_2023_partial,s0_random_matched,40,60m,331,-0.002993797166521891,-0.0028856558931036566,0.0030249140657639902,40,0.12084592145015106,7.2607395533549e-51,3.4555059412888424e-48,3.2086160933552685e-50
primary_development_2022_2023_partial,s0_random_matched,40,1d,331,-0.002806677250537149,-0.0018675172696358505,0.014198373353146122,147,0.44410876132930516,0.0003795329129919215,0.04768149843926189,0.0007867675247156009
primary_development_2022_2023_partial,s0_random_matched,40,2d,331,-0.0026803945226242802,-0.0012520384859262238,0.019687702022029845,159,0.48036253776435045,0.013893714222327226,0.5095843076624359,0.02231977467481006
primary_development_2022_2023_partial,s0_random_matched,40,3d,331,-0.002606315285770878,-0.0019188230018233308,0.0241620840601657,155,0.46827794561933533,0.05089349993564225,0.2716127621266505,0.08226324071315892
primary_development_2022_2023_partial,s0_random_matched,40,5d,331,-0.0024673385161347165,0.0003265271785345765,0.030594622562573885,167,0.5045317220543807,0.143870227294648,0.9124867149020457,0.22356629752965615
primary_development_2022_2023_partial,s0_random_matched,60,5m,331,-0.002993605289068203,-0.0029886421903329258,0.00024860942405968136,0,0.0,0.0,4.5719495651291e-100,0.0
primary_development_2022_2023_partial,s0_random_matched,60,15m,331,-0.0029903975507904485,-0.00297457716705588,0.0007718943265976198,0,0.0,8.66292556058373e-201,4.5719495651291e-100,2.1657313901459326e-199
primary_development_2022_2023_partial,s0_random_matched,60,30m,331,-0.002988875007897477,-0.002972094260278553,0.0015213199581068058,5,0.015105740181268883,2.504671467347103e-115,1.491249912889426e-89,2.8900055392466573e-114
primary_development_2022_2023_partial,s0_random_matched,60,60m,331,-0.0029875721243918085,-0.0028901219460872444,0.0030186550690933307,40,0.12084592145015106,7.272863144938609e-51,3.4555059412888424e-48,3.2086160933552685e-50
primary_development_2022_2023_partial,s0_random_matched,60,1d,331,-0.0028003885749996486,-0.0019349430279739098,0.014200042159204626,146,0.44108761329305135,0.00039157245831946,0.036577927738126986,0.0007867675247156009
primary_development_2022_2023_partial,s0_random_matched,60,2d,331,-0.0026755851608458534,-0.0011712957456277786,0.019688080976189033,159,0.48036253776435045,0.014065779625853583,0.5095843076624359,0.02231977467481006
primary_development_2022_2023_partial,s0_random_matched,60,3d,331,-0.0025985237338417917,-0.001880246590292827,0.024166094620730702,155,0.46827794561933533,0.051624435532833364,0.2716127621266505,0.08226324071315892
primary_development_2022_2023_partial,s0_random_matched,60,5d,331,-0.0024607911826534513,0.0003945979437150529,0.030592071487754086,167,0.5045317220543807,0.14489990035243844,0.9124867149020457,0.22356629752965615
primary_development_2022_2023_partial,s0_random_matched,120,5m,331,-0.0029969874318263945,-0.002984872557155232,0.0002510728474081354,0,0.0,0.0,4.5719495651291e-100,0.0
primary_development_2022_2023_partial,s0_random_matched,120,15m,331,-0.002994548220215404,-0.002970591971083988,0.0007686890520660754,0,0.0,1.5551822853500087e-201,4.5719495651291e-100,5.685106837782883e-200
primary_development_2022_2023_partial,s0_random_matched,120,30m,331,-0.002994295670890662,-0.002948763013217914,0.0015208124829169882,6,0.01812688821752266,1.426346053381575e-115,8.128079013302738e-88,1.782932566726969e-114
primary_development_2022_2023_partial,s0_random_matched,120,60m,331,-0.0029887616964131246,-0.002857423516958024,0.0030278952674764165,39,0.11782477341389729,1.123427340693468e-50,4.712524923368886e-49,4.6652788652918e-50
primary_development_2022_2023_partial,s0_random_matched,120,1d,331,-0.0027983524484425314,-0.0018931692214382405,0.014198561803239038,146,0.44108761329305135,0.00039480474564269246,0.036577927738126986,0.0007867675247156009
primary_development_2022_2023_partial,s0_random_matched,120,2d,331,-0.0026697531623321507,-0.0011696175470384657,0.01968017999485508,158,0.4773413897280967,0.014236105908221544,0.4416382410514279,0.02231977467481006
primary_development_2022_2023_partial,s0_random_matched,120,3d,331,-0.0025907787047845083,-0.0020174068099196737,0.0241544797144952,155,0.46827794561933533,0.05220828941807713,0.2716127621266505,0.08226324071315892
primary_development_2022_2023_partial,s0_random_matched,120,5d,331,-0.0024455546242878284,0.0004101487974135123,0.03058029816808723,167,0.5045317220543807,0.1472417482657525,0.9124867149020457,0.22356629752965615
primary_development_2022_2023_partial,s0_random_matched,240,5m,331,-0.002996351405949633,-0.0029838638515173577,0.00025050923232438526,0,0.0,0.0,4.5719495651291e-100,0.0
primary_development_2022_2023_partial,s0_random_matched,240,15m,331,-0.002998128554434466,-0.0029678327569139322,0.0007671585248968597,0,0.0,5.793824153831945e-202,4.5719495651291e-100,4.345368115373959e-200
primary_development_2022_2023_partial,s0_random_matched,240,30m,331,-0.002995404185975896,-0.002994999383286459,0.001518792094607492,6,0.01812688821752266,9.128205536739438e-116,8.128079013302738e-88,1.521367589456573e-114
primary_development_2022_2023_partial,s0_random_matched,240,60m,331,-0.002991152853996803,-0.002836972827006345,0.0030182861183749798,38,0.1148036253776435,5.857911296831864e-51,6.245065001468526e-50,3.122350456159245e-50
primary_development_2022_2023_partial,s0_random_matched,240,1d,331,-0.0027948915901147993,-0.0018784685233817816,0.014197416892637968,147,0.44410876132930516,0.0004008670694808278,0.04768149843926189,0.0007867675247156009
primary_development_2022_2023_partial,s0_random_matched,240,2d,331,-0.002664366816075142,-0.0012707382862254756,0.01968065364351019,157,0.4743202416918429,0.014433454289710506,0.37919070006212147,0.02231977467481006
primary_development_2022_2023_partial,s0_random_matched,240,3d,331,-0.002585508881372668,-0.0020174907153835686,0.024152260229345718,155,0.46827794561933533,0.05266437772647262,0.2716127621266505,0.08226324071315892
primary_development_2022_2023_partial,s0_random_matched,240,5d,331,-0.0024396465556716517,0.00031835199856005764,0.030569741724479082,167,0.5045317220543807,0.14807887065470202,0.9124867149020457,0.22356629752965615
primary_development_2022_2023_partial,s0_strong_no_ma,10,5m,331,-0.003079252875091092,-0.003078133241473044,0.0006951086299228157,0,0.0,6.05194113846356e-219,4.5719495651291e-100,1.0434381273213035e-218
primary_development_2022_2023_partial,s0_strong_no_ma,10,15m,331,-0.0031529634753667637,-0.0030756564342165546,0.0013693795200813287,7,0.021148036253776436,5.923339784616635e-134,3.7857951574965755e-86,1.0096601905596536e-133
primary_development_2022_2023_partial,s0_strong_no_ma,10,30m,331,-0.003309050334367875,-0.0032164390438150265,0.002242316165965872,8,0.02416918429003021,7.472861367169846e-85,1.5381862703572027e-84,1.2884243736499736e-84
primary_development_2022_2023_partial,s0_strong_no_ma,10,60m,331,-0.003433920703085051,-0.0032249774067752684,0.003760898599435193,36,0.10876132930513595,2.310649636326644e-45,1.0036641728450753e-51,4.126160064869007e-45
primary_development_2022_2023_partial,s0_strong_no_ma,10,1d,331,-0.0037553987865885582,-0.0025179527693926975,0.014317745577415083,140,0.4229607250755287,2.8384973633797027e-06,0.005908455633866707,3.5481217042246285e-05
primary_development_2022_2023_partial,s0_strong_no_ma,10,2d,331,-0.00375971218437453,-0.001572865270421228,0.01979070704798699,151,0.4561933534743202,0.000631024023277574,0.12367020291162287,0.004981768604822952
primary_development_2022_2023_partial,s0_strong_no_ma,10,3d,331,-0.0036902150752156147,-0.0027783034749207175,0.024106978506663688,147,0.44410876132930516,0.005734317657442149,0.04768149843926189,0.039324817972151385
primary_development_2022_2023_partial,s0_strong_no_ma,10,5d,331,-0.003697221862601197,-0.0002775257920162368,0.030499327388727154,163,0.49244712990936557,0.028347720129812383,0.8260214930986781,0.1589022707688458
primary_development_2022_2023_partial,s0_strong_no_ma,20,5m,331,-0.0030798129595500886,-0.0030781797913562886,0.0006955509115538991,0,0.0,6.979775106813596e-219,4.5719495651291e-100,1.1897343932068628e-218
primary_development_2022_2023_partial,s0_strong_no_ma,20,15m,331,-0.003153807040970642,-0.003075694619456025,0.001370708061293303,7,0.021148036253776436,7.198988776951281e-134,3.7857951574965755e-86,1.2133127152165082e-133
primary_development_2022_2023_partial,s0_strong_no_ma,20,30m,331,-0.0033097550433252697,-0.0032164390438150265,0.0022439564926715096,8,0.02416918429003021,8.40344202263233e-85,1.5381862703572027e-84,1.43240489022142e-84
primary_development_2022_2023_partial,s0_strong_no_ma,20,60m,331,-0.003439821093770524,-0.0032249774067752684,0.003764532687155355,36,0.10876132930513595,2.0635065104386127e-45,1.0036641728450753e-51,3.774707031290145e-45
primary_development_2022_2023_partial,s0_strong_no_ma,20,1d,331,-0.00377719197506788,-0.0025605249471334257,0.014324707585151595,140,0.4229607250755287,2.5232747997875067e-06,0.005908455633866707,3.4408292724375094e-05
primary_development_2022_2023_partial,s0_strong_no_ma,20,2d,331,-0.003794519061111925,-0.0015963132592149301,0.01979782116589794,151,0.4561933534743202,0.0005652135164178004,0.12367020291162287,0.004949498181557492
primary_development_2022_2023_partial,s0_strong_no_ma,20,3d,331,-0.003734316775051693,-0.002829416706807134,0.024108880325301195,147,0.44410876132930516,0.005189798410142093,0.04768149843926189,0.039324817972151385
primary_development_2022_2023_partial,s0_strong_no_ma,20,5d,331,-0.003757360216314316,-0.0006598161475745013,0.030491943537640353,163,0.49244712990936557,0.025855675696954208,0.8260214930986781,0.1589022707688458
primary_development_2022_2023_partial,s0_strong_no_ma,40,5m,331,-0.003079849393754596,-0.0030781797913562886,0.0006956831602846833,0,0.0,7.381703059858929e-219,4.5719495651291e-100,1.2441072572795947e-218
primary_development_2022_2023_partial,s0_strong_no_ma,40,15m,331,-0.0031533030868389936,-0.003075694619456025,0.0013712903092956265,7,0.021148036253776436,8.467666612438208e-134,3.7857951574965755e-86,1.4112777687397013e-133
primary_development_2022_2023_partial,s0_strong_no_ma,40,30m,331,-0.0033089957840573923,-0.0032164390438150265,0.0022443662504357414,8,0.02416918429003021,9.224899712982052e-85,1.5381862703572027e-84,1.5547583785924808e-84
primary_development_2022_2023_partial,s0_strong_no_ma,40,60m,331,-0.003442668264727699,-0.003238047213772402,0.0037647969431158957,36,0.10876132930513595,1.8409066798882217e-45,1.0036641728450753e-51,3.470881428218484e-45
primary_development_2022_2023_partial,s0_strong_no_ma,40,1d,331,-0.003787201044428855,-0.002571242237766032,0.01432389568866124,138,0.4169184290030212,2.375220812283376e-06,0.0029394515441761803,3.4408292724375094e-05
primary_development_2022_2023_partial,s0_strong_no_ma,40,2d,331,-0.003812013592492561,-0.0015894724389256217,0.01979198138165636,152,0.459214501510574,0.0005314263395427605,0.15287097030698535,0.004949498181557492
primary_development_2022_2023_partial,s0_strong_no_ma,40,3d,331,-0.0037602124048404482,-0.002886709073224489,0.02410138975714197,147,0.44410876132930516,0.004877317333647443,0.04768149843926189,0.039324817972151385
primary_development_2022_2023_partial,s0_strong_no_ma,40,5d,331,-0.0037939190573380616,-0.0006559957685334616,0.03047992262181881,162,0.48942598187311176,0.02440009435636169,0.7416149670525334,0.1589022707688458
primary_development_2022_2023_partial,s0_strong_no_ma,60,5m,331,-0.0030803698254205686,-0.0030770259632407616,0.000696403580088573,0,0.0,9.688687580089489e-219,4.5719495651291e-100,1.6147812633482483e-218
primary_development_2022_2023_partial,s0_strong_no_ma,60,15m,331,-0.003153954391550602,-0.0030758829518650237,0.0013722368243772958,6,0.01812688821752266,9.684175507281182e-134,8.128079013302738e-88,1.5962926660353595e-133
primary_development_2022_2023_partial,s0_strong_no_ma,60,30m,331,-0.003310091973346935,-0.0032155039685379636,0.002245649972796022,8,0.02416918429003021,9.741120015029855e-85,1.5381862703572027e-84,1.6235200025049757e-84
primary_development_2022_2023_partial,s0_strong_no_ma,60,60m,331,-0.0034442508118673206,-0.003238047213772402,0.0037656586178465203,36,0.10876132930513595,1.777940438471944e-45,1.0036641728450753e-51,3.419116227830662e-45
primary_development_2022_2023_partial,s0_strong_no_ma,60,1d,331,-0.003790697506443716,-0.0025712986992287097,0.014328937820702669,139,0.4199395770392749,2.344993589519081e-06,0.004191441220551718,3.4408292724375094e-05
primary_development_2022_2023_partial,s0_strong_no_ma,60,2d,331,-0.003818745168732481,-0.0015860034920580557,0.019799453778784528,153,0.4622356495468278,0.0005221741864571722,0.18703395961266983,0.004949498181557492
primary_development_2022_2023_partial,s0_strong_no_ma,60,3d,331,-0.0037684442622998417,-0.002909230455513636,0.024114007367538683,147,0.44410876132930516,0.004807497678989639,0.04768149843926189,0.039324817972151385
primary_development_2022_2023_partial,s0_strong_no_ma,60,5d,331,-0.0038029324340521278,-0.0006982050184264643,0.0304947215348345,162,0.48942598187311176,0.024133957125479923,0.7416149670525334,0.1589022707688458
primary_development_2022_2023_partial,s0_strong_no_ma,120,5m,331,-0.0030814390341960644,-0.0030744555991007168,0.0006975436945080026,0,0.0,1.452117240358324e-218,4.5719495651291e-100,2.39359984674449e-218
primary_development_2022_2023_partial,s0_strong_no_ma,120,15m,331,-0.0031552722743831336,-0.003079572955378668,0.001374276002186195,6,0.01812688821752266,1.3023048405333092e-133,8.128079013302738e-88,2.123323109565178e-133
primary_development_2022_2023_partial,s0_strong_no_ma,120,30m,331,-0.0033112492537864897,-0.0032045588629436676,0.002247607873150234,8,0.02416918429003021,1.0962141348815586e-84,1.5381862703572027e-84,1.8069463761783932e-84
primary_development_2022_2023_partial,s0_strong_no_ma,120,60m,331,-0.003445392576306397,-0.0032356925434185993,0.003767914616796753,36,0.10876132930513595,1.851136761716525e-45,1.0036641728450753e-51,3.470881428218484e-45
primary_development_2022_2023_partial,s0_strong_no_ma,120,1d,331,-0.00378704061506936,-0.0025554644151717363,0.014323940991406044,139,0.4199395770392749,2.377646722084646e-06,0.004191441220551718,3.4408292724375094e-05
primary_development_2022_2023_partial,s0_strong_no_ma,120,2d,331,-0.0038101587113094984,-0.0016502215044816412,0.019784431823704332,153,0.4622356495468278,0.0005321337846095712,0.18703395961266983,0.004949498181557492
primary_development_2022_2023_partial,s0_strong_no_ma,120,3d,331,-0.0037571737843445927,-0.0029110564690277172,0.02408607359209798,147,0.44410876132930516,0.004884613435058286,0.04768149843926189,0.039324817972151385
primary_development_2022_2023_partial,s0_strong_no_ma,120,5d,331,-0.0037832475059339675,-0.0007106628412869127,0.03046551749153297,162,0.48942598187311176,0.02473344577095964,0.7416149670525334,0.1589022707688458
primary_development_2022_2023_partial,s0_strong_no_ma,240,5m,331,-0.0030816868564165997,-0.003074354899775175,0.0006986320093996158,0,0.0,2.3099038834107346e-218,4.5719495651291e-100,3.766147635995763e-218
primary_development_2022_2023_partial,s0_strong_no_ma,240,15m,331,-0.0031554228664677783,-0.003078123963566642,0.0013757493427991442,7,0.021148036253776436,1.7301862050641295e-133,3.7857951574965755e-86,2.790622911393757e-133
primary_development_2022_2023_partial,s0_strong_no_ma,240,30m,331,-0.0033118255662679045,-0.00321200610411933,0.002250161031161012,8,0.02416918429003021,1.3624166761744389e-84,1.5381862703572027e-84,2.2213315372409327e-84
primary_development_2022_2023_partial,s0_strong_no_ma,240,60m,331,-0.003445012705778573,-0.003234891212434072,0.0037693413150181225,37,0.11178247734138973,1.9927235134015002e-45,8.03675291377859e-51,3.690228728521297e-45
primary_development_2022_2023_partial,s0_strong_no_ma,240,1d,331,-0.003786266366613553,-0.0025041398083962747,0.014327996120941822,140,0.4229607250755287,2.4037694191642332e-06,0.005908455633866707,3.4408292724375094e-05
primary_development_2022_2023_partial,s0_strong_no_ma,240,2d,331,-0.0038073685016432766,-0.001729136081970881,0.019787734171745123,153,0.4622356495468278,0.0005382162461950026,0.18703395961266983,0.004949498181557492
primary_development_2022_2023_partial,s0_strong_no_ma,240,3d,331,-0.003748937671492936,-0.0029490305979677305,0.02408107025049092,147,0.44410876132930516,0.004969156089429639,0.04768149843926189,0.039324817972151385
primary_development_2022_2023_partial,s0_strong_no_ma,240,5d,331,-0.0037723985668382427,-0.0007376516751398368,0.0304537655155043,162,0.48942598187311176,0.02509042857186614,0.7416149670525334,0.1589022707688458
primary_development_2022_2023_partial,s1_break_reclaim_stable3,10,5m,331,-0.0029720345387984617,-0.003016753872689278,0.0004239702095944422,0,0.0,1.3061272353445656e-282,4.5719495651291e-100,6.319970493602737e-282
primary_development_2022_2023_partial,s1_break_reclaim_stable3,10,15m,331,-0.002952238940402049,-0.0029819469236078075,0.0010479452846363822,5,0.015105740181268883,5.318643985534941e-159,1.491249912889426e-89,2.2161016606395586e-158
primary_development_2022_2023_partial,s1_break_reclaim_stable3,10,30m,331,-0.00300218560734736,-0.002901944616875875,0.0018396759285524379,15,0.045317220543806644,4.736445006225509e-95,1.6679230067931092e-74,1.4209335018676527e-94
primary_development_2022_2023_partial,s1_break_reclaim_stable3,10,60m,331,-0.0030659164638773373,-0.002987690061311015,0.0033101770117635373,43,0.1299093655589124,2.6385299358272265e-46,1.153816413809746e-45,5.496937366306722e-46
primary_development_2022_2023_partial,s1_break_reclaim_stable3,10,1d,331,-0.0032016126508858235,-0.0022799557449459645,0.014269151139696935,149,0.4501510574018127,5.7472157743965725e-05,0.07844038321120742,0.0002947920982538383
primary_development_2022_2023_partial,s1_break_reclaim_stable3,10,2d,331,-0.0033467728417686245,-0.0015703434271378363,0.01940119211695988,154,0.4652567975830816,0.0018811163111067846,0.22652105114781237,0.007946852690280079
primary_development_2022_2023_partial,s1_break_reclaim_stable3,10,3d,331,-0.0034434293188262493,-0.0023495940997096333,0.02400740175022432,148,0.4471299093655589,0.009587616889846415,0.06148593768932176,0.04428420688945933
primary_development_2022_2023_partial,s1_break_reclaim_stable3,10,5d,331,-0.0033355614210611633,-5.3793814868983486e-05,0.030423878525685618,164,0.4954682779456193,0.04723424715385582,0.9124867149020457,0.1735001086746531
primary_development_2022_2023_partial,s1_break_reclaim_stable3,20,5m,331,-0.002959734693202433,-0.002976907186700497,0.0004027297340624334,0,0.0,2.9702594589286677e-289,4.5719495651291e-100,1.7136112263050005e-288
primary_development_2022_2023_partial,s1_break_reclaim_stable3,20,15m,331,-0.0029222702646184524,-0.0028873722945936932,0.0009894960822505719,2,0.006042296072507553,4.859738717802126e-165,2.5121491275514865e-95,2.3514864763558675e-164
primary_development_2022_2023_partial,s1_break_reclaim_stable3,20,30m,331,-0.0029542119823875793,-0.002805508568179368,0.0017003253191956403,8,0.02416918429003021,1.0715640309450873e-101,1.5381862703572027e-84,5.5425725738538996e-101
primary_development_2022_2023_partial,s1_break_reclaim_stable3,20,60m,331,-0.002995657167079491,-0.002888388217431595,0.0030245595187034587,39,0.11782477341389729,6.43342587234238e-51,4.712524923368886e-49,3.122350456159245e-50
primary_development_2022_2023_partial,s1_break_reclaim_stable3,20,1d,331,-0.002999144990101908,-0.002472344672539244,0.014048380596175709,142,0.42900302114803623,0.00012702396376343753,0.011346439750195308,0.0004431068503375728
primary_development_2022_2023_partial,s1_break_reclaim_stable3,20,2d,331,-0.0031003799809773925,-0.0008953821450918593,0.0194818795411039,157,0.4743202416918429,0.004095319432819119,0.37919070006212147,0.011375887313386443
primary_development_2022_2023_partial,s1_break_reclaim_stable3,20,3d,331,-0.00311638997640244,-0.0022234007591182886,0.024091514225566154,156,0.47129909365558914,0.01936843720226366,0.3224854616925212,0.050969571584904366
primary_development_2022_2023_partial,s1_break_reclaim_stable3,20,5d,331,-0.0030222443125053136,0.0002538205133012962,0.030444992317424528,166,0.5015105740181269,0.07225137032474276,1.0,0.1908429512355788
primary_development_2022_2023_partial,s1_break_reclaim_stable3,40,5m,331,-0.0029065935818905556,-0.0029107598466422088,0.0004290574918651501,0,0.0,8.233902185447598e-278,4.5719495651291e-100,3.8596416494285616e-277
primary_development_2022_2023_partial,s1_break_reclaim_stable3,40,15m,331,-0.0028426734860588034,-0.0028104102703225805,0.0009731931099958755,0,0.0,1.2593730594266818e-163,4.5719495651291e-100,5.903311216062571e-163
primary_development_2022_2023_partial,s1_break_reclaim_stable3,40,30m,331,-0.0028616912235662696,-0.002744489564486381,0.0017030202026725861,8,0.02416918429003021,3.9758871548184795e-98,1.5381862703572027e-84,1.6118461438453295e-97
primary_development_2022_2023_partial,s1_break_reclaim_stable3,40,60m,331,-0.002908618466233164,-0.002719655682818901,0.002952853958716115,48,0.14501510574018128,1.5788157770564762e-50,1.1003747782836429e-41,6.232167541012406e-50
primary_development_2022_2023_partial,s1_break_reclaim_stable3,40,1d,331,-0.0028239533159071565,-0.0020513952468426133,0.01414281935600764,150,0.45317220543806647,0.0003317539004493997,0.0990117771110954,0.0007775482041782805
primary_development_2022_2023_partial,s1_break_reclaim_stable3,40,2d,331,-0.0028239342818373557,-0.0009101332262272435,0.019531720229025537,156,0.47129909365558914,0.009030066451601822,0.3224854616925212,0.017145695794180675
primary_development_2022_2023_partial,s1_break_reclaim_stable3,40,3d,331,-0.0026979026673799415,-0.0015257540096751167,0.024187838418148786,158,0.4773413897280967,0.043546496938231476,0.4416382410514279,0.07858953635188488
primary_development_2022_2023_partial,s1_break_reclaim_stable3,40,5d,331,-0.002404884439055744,8.06994217154553e-05,0.030784431585626524,167,0.5045317220543807,0.15680698247202665,0.9124867149020457,0.22356629752965615
primary_development_2022_2023_partial,s1_break_reclaim_stable3,60,5m,331,-0.0028628021162557292,-0.002869060621395124,0.00044338825624134196,0,0.0,4.4308981601581314e-271,4.5719495651291e-100,2.0140446182536962e-270
primary_development_2022_2023_partial,s1_break_reclaim_stable3,60,15m,331,-0.0027786231691787947,-0.0027346342394383135,0.0010043187435332564,0,0.0,1.0568537954710922e-156,4.5719495651291e-100,3.866538276113752e-156
primary_development_2022_2023_partial,s1_break_reclaim_stable3,60,30m,331,-0.0027387290992685475,-0.0026047810967427167,0.0016701041188105273,11,0.03323262839879154,1.4728576777813924e-95,5.2385004358078865e-80,4.602680243066851e-95
primary_development_2022_2023_partial,s1_break_reclaim_stable3,60,60m,331,-0.0027205431955133405,-0.0025122235250085835,0.0030116024702950247,51,0.1540785498489426,1.1440469362486559e-44,2.0047610277350594e-39,1.9500800049693e-44
primary_development_2022_2023_partial,s1_break_reclaim_stable3,60,1d,331,-0.0026240656508099243,-0.0013793196436877088,0.014418287473113339,151,0.4561933534743202,0.0010501208446533849,0.12367020291162287,0.0016937432978280402
primary_development_2022_2023_partial,s1_break_reclaim_stable3,60,2d,331,-0.0025861550598953787,-0.0007132864338331402,0.01990232974930453,157,0.4743202416918429,0.01883059391860151,0.37919070006212147,0.027163056801961714
primary_development_2022_2023_partial,s1_break_reclaim_stable3,60,3d,331,-0.0024376763831223673,-0.0005690375657757391,0.02443759343568778,161,0.486404833836858,0.07088442772070644,0.6602051224044762,0.10030815243496194
primary_development_2022_2023_partial,s1_break_reclaim_stable3,60,5d,331,-0.0022538328848782235,0.0003631124752775721,0.03096044602804553,167,0.5045317220543807,0.1869420217357836,0.9124867149020457,0.2438374196553699
primary_development_2022_2023_partial,s1_break_reclaim_stable3,120,5m,331,-0.0028611938766443835,-0.0028976470939328725,0.00045313785696418396,0,0.0,5.860356583376458e-268,4.5719495651291e-100,2.375820236503969e-267
primary_development_2022_2023_partial,s1_break_reclaim_stable3,120,15m,331,-0.0027892568956195715,-0.002782502123499408,0.0010299870709812098,1,0.0030211480362537764,5.408645998291313e-154,1.5178872556228612e-97,1.6902018744660353e-153
primary_development_2022_2023_partial,s1_break_reclaim_stable3,120,30m,331,-0.0027374136625726367,-0.0025765242808065865,0.0017085902634491237,13,0.03927492447129909,3.852579750686718e-93,3.4509427791658022e-77,8.755863069742541e-93
primary_development_2022_2023_partial,s1_break_reclaim_stable3,120,60m,331,-0.00267962986904612,-0.002609196800072263,0.0029821191477670947,52,0.15709969788519637,2.517501343196168e-44,1.0850308606129421e-38,4.195835571993613e-44
primary_development_2022_2023_partial,s1_break_reclaim_stable3,120,1d,331,-0.0023167338112985393,-0.0014144898584196523,0.014244333167143866,149,0.4501510574018127,0.0033563279400809906,0.07844038321120742,0.004302984538565372
primary_development_2022_2023_partial,s1_break_reclaim_stable3,120,2d,331,-0.0021920606853070915,-0.0007779611579426027,0.019636345353969888,160,0.48338368580060426,0.04337239670436322,0.5826263292692689,0.05289316671263807
primary_development_2022_2023_partial,s1_break_reclaim_stable3,120,3d,331,-0.0020650773130072323,-0.0011961410114007297,0.023805038204406402,157,0.4743202416918429,0.11601054842436001,0.37919070006212147,0.13933803671780975
primary_development_2022_2023_partial,s1_break_reclaim_stable3,120,5d,331,-0.0020114377664480964,0.0013904056739953452,0.029869142785517156,172,0.5196374622356495,0.22208089082594576,0.5095843076624359,0.26649706899113496
primary_development_2022_2023_partial,s1_break_reclaim_stable3,240,5m,331,-0.002921066589656009,-0.0028986797333336494,0.00045872449499936266,0,0.0,3.8485182492396994e-269,4.5719495651291e-100,1.649364963959871e-268
primary_development_2022_2023_partial,s1_break_reclaim_stable3,240,15m,331,-0.0028441178177539737,-0.002796894832881713,0.0010032171943006585,1,0.0030211480362537764,8.355963727469995e-160,1.5178872556228612e-97,3.686454585648527e-159
primary_development_2022_2023_partial,s1_break_reclaim_stable3,240,30m,331,-0.0028179934018410014,-0.0027349862658424436,0.001736835450112982,13,0.03927492447129909,1.8990746093018902e-94,3.4509427791658022e-77,5.374739460288368e-94
primary_development_2022_2023_partial,s1_break_reclaim_stable3,240,60m,331,-0.002807460859689731,-0.002671618982129711,0.003009186804669035,52,0.15709969788519637,8.649503811828913e-47,1.0850308606129421e-38,2.0272274558974015e-46
primary_development_2022_2023_partial,s1_break_reclaim_stable3,240,1d,331,-0.0025236160354104083,-0.0015923214105267936,0.014247972129722026,151,0.4561933534743202,0.0014210692643107372,0.12367020291162287,0.0021531352489556625
primary_development_2022_2023_partial,s1_break_reclaim_stable3,240,2d,331,-0.0024603523127470304,-0.0017240317766744919,0.019718798369611983,150,0.45317220543806647,0.024061936859983177,0.0990117771110954,0.033419356749976634
primary_development_2022_2023_partial,s1_break_reclaim_stable3,240,3d,331,-0.0023358296978495483,-0.0009500851157929391,0.023907188366287396,158,0.4773413897280967,0.07683902540252933,0.4416382410514279,0.10574177807687524
primary_development_2022_2023_partial,s1_break_reclaim_stable3,240,5d,331,-0.002332723179219387,0.0014903555229211687,0.03031146839296241,173,0.5226586102719033,0.16304617194418905,0.4416382410514279,0.22645301658915146
primary_development_2022_2023_partial,s1_near_reversal,10,5m,331,-0.003081131864632983,-0.0031004423955595193,0.0003892066361701165,0,0.0,9.918708279249156e-300,4.5719495651291e-100,7.084791628035112e-299
primary_development_2022_2023_partial,s1_near_reversal,10,15m,331,-0.0030605961701855953,-0.0030663522081022837,0.000993189120171668,2,0.006042296072507553,1.5628422994170344e-170,2.5121491275514865e-95,8.372369461162684e-170
primary_development_2022_2023_partial,s1_near_reversal,10,30m,331,-0.0031278821771659935,-0.0029817195436688242,0.0017416410252102208,11,0.03323262839879154,2.7065306553946176e-105,5.2385004358078865e-80,1.5614599934968948e-104
primary_development_2022_2023_partial,s1_near_reversal,10,60m,331,-0.0032070947913353767,-0.003010907302309387,0.0032175911633855973,40,0.12084592145015106,2.270317485452242e-51,3.4555059412888424e-48,1.3097985492993704e-50
primary_development_2022_2023_partial,s1_near_reversal,10,1d,331,-0.0032831163712646943,-0.0022456206229860363,0.014209856200976841,143,0.43202416918429004,3.479599059986789e-05,0.015459633987649112,0.00020877594359920736
primary_development_2022_2023_partial,s1_near_reversal,10,2d,331,-0.0033525096956848184,-0.001747603277536878,0.019303365944291426,150,0.45317220543806647,0.001752916429827874,0.0990117771110954,0.007733454837475915
primary_development_2022_2023_partial,s1_near_reversal,10,3d,331,-0.003379893470591825,-0.0019582505383437592,0.023848758474426898,147,0.44410876132930516,0.010473769916838281,0.04768149843926189,0.04428420688945933
primary_development_2022_2023_partial,s1_near_reversal,10,5d,331,-0.0031968826460570575,0.00038212849011518934,0.030274135221007373,169,0.5105740181268882,0.0559382074815388,0.7416149670525334,0.1785278329978275
primary_development_2022_2023_partial,s1_near_reversal,20,5m,331,-0.0030644525478517783,-0.003078296370132913,0.00037903156470559104,0,0.0,1.0570373295048304e-302,4.5719495651291e-100,8.808644412540254e-302
primary_development_2022_2023_partial,s1_near_reversal,20,15m,331,-0.003028528261830332,-0.003018603379698555,0.0009252302220802054,1,0.0030211480362537764,2.1058929214856888e-178,1.5178872556228612e-97,1.5794196911142668e-177
primary_development_2022_2023_partial,s1_near_reversal,20,30m,331,-0.003071700618046603,-0.0029826461420784114,0.0016112957511467095,7,0.021148036253776436,6.443838246706984e-112,3.7857951574965755e-86,5.369865205589153e-111
primary_development_2022_2023_partial,s1_near_reversal,20,60m,331,-0.00313123208628461,-0.003088029318232939,0.002960558500598103,37,0.11178247734138973,9.573379750091077e-56,8.03675291377859e-51,1.4360069625136613e-54
primary_development_2022_2023_partial,s1_near_reversal,20,1d,331,-0.003098362037962066,-0.0022876869711152643,0.01400717314790093,140,0.4229607250755287,7.266707071505833e-05,0.005908455633866707,0.00032773542967944654
primary_development_2022_2023_partial,s1_near_reversal,20,2d,331,-0.0031700646571847287,-0.0008766777463041209,0.019426407508111834,158,0.4773413897280967,0.003253727326425783,0.4416382410514279,0.010167897895080573
primary_development_2022_2023_partial,s1_near_reversal,20,3d,331,-0.003168727443594727,-0.0020494788851726075,0.023977987839069653,156,0.47129909365558914,0.016919115939747265,0.3224854616925212,0.04788429039551113
primary_development_2022_2023_partial,s1_near_reversal,20,5d,331,-0.002994367640747819,0.0004971532312107032,0.030168791262820693,169,0.5105740181268882,0.0722948117341972,0.7416149670525334,0.1908429512355788
primary_development_2022_2023_partial,s1_near_reversal,40,5m,331,-0.00300027110648725,-0.002982796209745046,0.000375296808777063,0,0.0,4.110487288931602e-301,4.5719495651291e-100,3.082865466698702e-300
primary_development_2022_2023_partial,s1_near_reversal,40,15m,331,-0.0029462231452873112,-0.002884764444699176,0.0009083745819680577,0,0.0,3.345502845724316e-177,4.5719495651291e-100,2.0909392785776975e-176
primary_development_2022_2023_partial,s1_near_reversal,40,30m,331,-0.0029693994045680086,-0.0027958918373011004,0.0015795812107071894,4,0.012084592145015106,2.3897084188031128e-110,2.273076773351272e-91,1.7922813141023348e-109
primary_development_2022_2023_partial,s1_near_reversal,40,60m,331,-0.003001829242597865,-0.002834360344854336,0.002885973263080756,42,0.1268882175226586,1.7273930075029488e-54,1.708856419518332e-46,1.6194309445340146e-53
primary_development_2022_2023_partial,s1_near_reversal,40,1d,331,-0.002934859375452059,-0.00205869312482224,0.014077934489967674,148,0.4471299093655589,0.00018107482733632944,0.06148593768932176,0.0005174511249746073
primary_development_2022_2023_partial,s1_near_reversal,40,2d,331,-0.002914665116108478,-0.0007340282414636024,0.019420876867530076,161,0.486404833836858,0.0067465330577808885,0.6602051224044762,0.014666376212567148
primary_development_2022_2023_partial,s1_near_reversal,40,3d,331,-0.002778481281891883,-0.0016515690209981395,0.024042724754004506,157,0.4743202416918429,0.036547025893307744,0.37919070006212147,0.07129720771953811
primary_development_2022_2023_partial,s1_near_reversal,40,5d,331,-0.002431450641699566,0.0006237752961593895,0.030523544044360917,168,0.5075528700906344,0.14882848418754863,0.8260214930986781,0.22356629752965615
primary_development_2022_2023_partial,s1_near_reversal,60,5m,331,-0.00298259509546621,-0.002989042905022475,0.00041876617015551673,0,0.0,7.624380604147596e-285,4.5719495651291e-100,4.0844896093647836e-284
primary_development_2022_2023_partial,s1_near_reversal,60,15m,331,-0.002893144023311391,-0.002816916167464171,0.0009349725989668538,0,0.0,4.539359222221678e-171,4.5719495651291e-100,2.5218662345675986e-170
primary_development_2022_2023_partial,s1_near_reversal,60,30m,331,-0.0028575006761090696,-0.0027108025237552557,0.001555355177512227,9,0.027190332326283987,8.548228169576087e-108,5.538330259998636e-83,5.828337388347333e-107
primary_development_2022_2023_partial,s1_near_reversal,60,60m,331,-0.002831559242681822,-0.0027044376900923653,0.0028788850509575757,45,0.13595166163141995,2.0097605970556837e-50,4.862043696025771e-44,7.729848450214168e-50
primary_development_2022_2023_partial,s1_near_reversal,60,1d,331,-0.0027245870471611176,-0.001753707997712994,0.014285131066300501,149,0.4501510574018127,0.0006007717876353878,0.07844038321120742,0.001044677680621502
primary_development_2022_2023_partial,s1_near_reversal,60,2d,331,-0.0026463229334514637,-0.0007788885172026551,0.019745175640003217,158,0.4773413897280967,0.015435267674901783,0.4416382410514279,0.02338676920439664
primary_development_2022_2023_partial,s1_near_reversal,60,3d,331,-0.0024848088448673274,-0.0005647403075734256,0.0241891059844871,161,0.486404833836858,0.06291717450174679,0.6602051224044762,0.09162695315788368
primary_development_2022_2023_partial,s1_near_reversal,60,5d,331,-0.002255915913883508,0.0007903190364265609,0.030539493373399357,172,0.5196374622356495,0.18055309690195512,0.5095843076624359,0.23756986434467778
primary_development_2022_2023_partial,s1_near_reversal,120,5m,331,-0.002993289550518796,-0.0029571191726115494,0.0004267661187096625,0,0.0,1.0921113379133005e-282,4.5719495651291e-100,5.460556689566502e-282
primary_development_2022_2023_partial,s1_near_reversal,120,15m,331,-0.002909313406968098,-0.002842440659293108,0.0009586346468611502,0,0.0,1.4896800246224692e-168,4.5719495651291e-100,7.705241506667944e-168
primary_development_2022_2023_partial,s1_near_reversal,120,30m,331,-0.00287600321613036,-0.0027736677254196714,0.0016292084338705053,7,0.021148036253776436,2.0438055145488775e-103,3.7857951574965755e-86,1.0948958113654702e-102
primary_development_2022_2023_partial,s1_near_reversal,120,60m,331,-0.0028111186067873183,-0.0025988303942467003,0.0029347104880909683,47,0.1419939577039275,1.4058729512872714e-48,1.85072735078708e-42,4.105726702839881e-48
primary_development_2022_2023_partial,s1_near_reversal,120,1d,331,-0.0024534141850147575,-0.0017059161992717918,0.014226749182382313,150,0.45317220543806647,0.0018870789094633635,0.0990117771110954,0.0026703946832028727
primary_development_2022_2023_partial,s1_near_reversal,120,2d,331,-0.0023065646422623697,-0.0007628407989045368,0.019517056596488506,160,0.48338368580060426,0.032531027661840906,0.5826263292692689,0.041353001265052
primary_development_2022_2023_partial,s1_near_reversal,120,3d,331,-0.0021290695947361583,-0.0014162000984602734,0.02364191096866313,156,0.47129909365558914,0.10280796853795551,0.3224854616925212,0.126403240005683
primary_development_2022_2023_partial,s1_near_reversal,120,5d,331,-0.002011031147091459,0.0005267834617863791,0.029561372083324454,170,0.513595166163142,0.2174087258166056,0.6602051224044762,0.2629944263910552
primary_development_2022_2023_partial,s1_near_reversal,240,5m,331,-0.002999744928182496,-0.003014064536492846,0.0004148588858209323,0,0.0,5.729551778494592e-287,4.5719495651291e-100,3.1830843213858845e-286
primary_development_2022_2023_partial,s1_near_reversal,240,15m,331,-0.0029239334844214614,-0.002905989954760887,0.0009252717670578142,1,0.0030211480362537764,8.388702276214431e-174,1.5178872556228612e-97,5.033221365728658e-173
primary_development_2022_2023_partial,s1_near_reversal,240,30m,331,-0.0029159151750154664,-0.00279367414035316,0.0016082293469955134,9,0.027190332326283987,2.440384183372135e-106,5.538330259998636e-83,1.4642305100232809e-105
primary_development_2022_2023_partial,s1_near_reversal,240,60m,331,-0.002871625882511194,-0.002809226701643183,0.0029096540349754776,47,0.1419939577039275,1.1507687867719774e-50,1.85072735078708e-42,4.6652788652918e-50
primary_development_2022_2023_partial,s1_near_reversal,240,1d,331,-0.002685695728011887,-0.0016001623656667727,0.014260338008278202,149,0.4501510574018127,0.0007016992001041907,0.07844038321120742,0.0011566470331387758
primary_development_2022_2023_partial,s1_near_reversal,240,2d,331,-0.002576083031182837,-0.0014429060091143446,0.01966411483584495,146,0.44108761329305135,0.017889275541381745,0.036577927738126986,0.026568231002052092
primary_development_2022_2023_partial,s1_near_reversal,240,3d,331,-0.0023462354427636538,-0.0008881826742236504,0.023764803716423744,160,0.48338368580060426,0.07381316484741272,0.5826263292692689,0.10251828451029546
primary_development_2022_2023_partial,s1_near_reversal,240,5d,331,-0.0022276518804207933,0.0010187413041021522,0.029895923866419163,173,0.5226586102719033,0.17678844636307595,0.4416382410514279,0.2346749288005433
primary_development_2022_2023_partial,s1_touch_immediate,10,5m,331,-0.002817942096099181,-0.0028504071170346226,0.0006792374423101293,2,0.006042296072507553,4.979196421315147e-210,2.5121491275514865e-95,7.46879463197272e-210
primary_development_2022_2023_partial,s1_touch_immediate,10,15m,331,-0.0027569616819810598,-0.0027986204959685648,0.0012971717371216451,8,0.02416918429003021,2.0057653982277014e-124,1.5381862703572027e-84,2.9210175702345167e-124
primary_development_2022_2023_partial,s1_touch_immediate,10,30m,331,-0.0027772017705063236,-0.0026398875996356454,0.0020091877731570128,18,0.054380664652567974,1.4980404260086525e-78,1.0760394876854358e-70,2.247060639012979e-78
primary_development_2022_2023_partial,s1_touch_immediate,10,60m,331,-0.002878936448165839,-0.0027780740573558,0.003461856777858095,56,0.1691842900302115,1.4662182126212446e-39,7.454797211382e-36,2.1147378066652567e-39
primary_development_2022_2023_partial,s1_touch_immediate,10,1d,331,-0.002904257431452442,-0.001953278349472165,0.014693208527045518,150,0.45317220543806647,0.00037994341604284594,0.0990117771110954,0.0007867675247156009
primary_development_2022_2023_partial,s1_touch_immediate,10,2d,331,-0.0029992455579007276,-0.0011788520782402608,0.019797065023619685,152,0.459214501510574,0.006248299872843644,0.15287097030698535,0.01439421946976749
primary_development_2022_2023_partial,s1_touch_immediate,10,3d,331,-0.0030785738383413024,-0.001911579717752894,0.024327076519345726,151,0.4561933534743202,0.022136065333456346,0.12367020291162287,0.054432947541286095
primary_development_2022_2023_partial,s1_touch_immediate,10,5d,331,-0.0029034479614996347,0.0003510731712914958,0.030727830419736247,169,0.5105740181268882,0.08701235385751697,0.7416149670525334,0.20199858376713742
primary_development_2022_2023_partial,s1_touch_immediate,20,5m,331,-0.0027783848867709822,-0.002783183304592698,0.0006428202404816221,0,0.0,1.364417545141503e-215,4.5719495651291e-100,2.1772620401194198e-215
primary_development_2022_2023_partial,s1_touch_immediate,20,15m,331,-0.0026984653207592782,-0.002747297435404731,0.0011938903876502482,8,0.02416918429003021,1.0003299117921905e-131,1.5381862703572027e-84,1.5630154871752974e-131
primary_development_2022_2023_partial,s1_touch_immediate,20,30m,331,-0.0026781390506116745,-0.0025554249070998515,0.0018837753246430846,13,0.03927492447129909,3.1587796464453395e-81,3.4509427791658022e-77,4.935593197570843e-81
primary_development_2022_2023_partial,s1_touch_immediate,20,60m,331,-0.0027497267387528225,-0.0026391438795952214,0.0031426500726648397,55,0.1661631419939577,1.2188342087475224e-42,1.5044511092752331e-36,1.865562564409473e-42
primary_development_2022_2023_partial,s1_touch_immediate,20,1d,331,-0.0026758497510908107,-0.0017953861957876373,0.014471543321354672,148,0.4471299093655589,0.0008739447973075715,0.06148593768932176,0.001424909995610171
primary_development_2022_2023_partial,s1_touch_immediate,20,2d,331,-0.0027389127937203434,-0.00043159973859759325,0.019881319636306963,160,0.48338368580060426,0.012811927262399046,0.5826263292692689,0.02159313583550401
primary_development_2022_2023_partial,s1_touch_immediate,20,3d,331,-0.002766598688599755,-0.0013609099577910522,0.02444586701231196,158,0.4773413897280967,0.04058041129010672,0.4416382410514279,0.07514890979649393
primary_development_2022_2023_partial,s1_touch_immediate,20,5d,331,-0.0026046412600675907,0.00015165728311844094,0.03068846113174109,167,0.5045317220543807,0.12407905307480563,0.9124867149020457,0.21149838592296416
primary_development_2022_2023_partial,s1_touch_immediate,40,5m,331,-0.002735700439988001,-0.002712977135518978,0.0006634843049767349,0,0.0,3.3926614616426326e-209,4.5719495651291e-100,5.038606131152425e-209
primary_development_2022_2023_partial,s1_touch_immediate,40,15m,331,-0.002630313002350524,-0.0026297435963304116,0.0011948198020200174,2,0.006042296072507553,1.4043448308157254e-128,2.5121491275514865e-95,2.149507394105702e-128
primary_development_2022_2023_partial,s1_touch_immediate,40,30m,331,-0.0026037095099138647,-0.0024740158733336463,0.001832839736887637,19,0.05740181268882175,3.7478800167906714e-81,1.7789804848000672e-69,5.79569074761444e-81
primary_development_2022_2023_partial,s1_touch_immediate,40,60m,331,-0.002652522068075591,-0.002514761581466118,0.003077962988415297,63,0.1903323262839879,1.0608351434728441e-41,3.0632385231827916e-31,1.560051681577712e-41
primary_development_2022_2023_partial,s1_touch_immediate,40,1d,331,-0.0025378289716612478,-0.0018876018989631347,0.014552745812226873,152,0.459214501510574,0.0016788414359149252,0.15287097030698535,0.002468884464580772
primary_development_2022_2023_partial,s1_touch_immediate,40,2d,331,-0.0025200136603577296,-0.0007861752209214432,0.019907603744330832,160,0.48338368580060426,0.022098269652076525,0.5826263292692689,0.03127113630010829
primary_development_2022_2023_partial,s1_touch_immediate,40,3d,331,-0.0024269803281816993,-0.000745407790164138,0.024501478561867737,159,0.48036253776435045,0.07286673016683998,0.5095843076624359,0.10214962172921492
primary_development_2022_2023_partial,s1_touch_immediate,40,5d,331,-0.0021616620286586522,0.0006600355296215525,0.03098106810493795,168,0.5075528700906344,0.20586979483036955,0.8260214930986781,0.253118600201274
primary_development_2022_2023_partial,s1_touch_immediate,60,5m,331,-0.002696168625565006,-0.0026735837467600707,0.0006479931006689648,0,0.0,2.0050185170004513e-210,4.5719495651291e-100,3.0689058933680374e-210
primary_development_2022_2023_partial,s1_touch_immediate,60,15m,331,-0.0025671077628196424,-0.002518420479061587,0.0011910938749318137,4,0.012084592145015106,4.554435075853288e-126,2.273076773351272e-91,6.831652613779932e-126
primary_development_2022_2023_partial,s1_touch_immediate,60,30m,331,-0.0024909089487214256,-0.0023782171460578296,0.0018202735792926777,21,0.0634441087613293,1.3166109835468255e-77,4.13988187885489e-67,1.955362846851721e-77
primary_development_2022_2023_partial,s1_touch_immediate,60,60m,331,-0.00250142288226042,-0.002411243721390588,0.003089156793486101,62,0.18731117824773413,5.13168267644662e-38,7.132043114983808e-32,6.99774910424539e-38
primary_development_2022_2023_partial,s1_touch_immediate,60,1d,331,-0.002352412721933124,-0.0013492366220894491,0.014747322552101722,157,0.4743202416918429,0.004010094438864048,0.37919070006212147,0.005097577676522095
primary_development_2022_2023_partial,s1_touch_immediate,60,2d,331,-0.002277837567357816,-0.0006508049713044177,0.020225852235995385,158,0.4773413897280967,0.04156391994348322,0.4416382410514279,0.05110318025838101
primary_development_2022_2023_partial,s1_touch_immediate,60,3d,331,-0.002147992337125001,-0.0007454971984030392,0.02476795612108048,164,0.4954682779456193,0.1161150305981748,0.9124867149020457,0.13933803671780975
primary_development_2022_2023_partial,s1_touch_immediate,60,5d,331,-0.001987530828786277,0.00132589666429103,0.031095035815319794,173,0.5226586102719033,0.24642940020332282,0.4416382410514279,0.2843416156192186
primary_development_2022_2023_partial,s1_touch_immediate,120,5m,331,-0.0027063098645980113,-0.002695307542148998,0.0006722080346694905,0,0.0,5.713825911094339e-206,4.5719495651291e-100,8.402685163374028e-206
primary_development_2022_2023_partial,s1_touch_immediate,120,15m,331,-0.002587063655226329,-0.0025651651748713673,0.0011965043095516251,6,0.01812688821752266,1.9021468963535843e-126,8.128079013302738e-88,2.882040752050885e-126
primary_development_2022_2023_partial,s1_touch_immediate,120,30m,331,-0.0025155451561042915,-0.0024661143541200295,0.0018435863598051114,22,0.06646525679758308,2.4494623400145937e-77,5.854991704520268e-66,3.6021505000214615e-77
primary_development_2022_2023_partial,s1_touch_immediate,120,60m,331,-0.002510694448429795,-0.0023769534034916344,0.003041126303631086,59,0.1782477341389728,3.917692816066252e-39,7.993104954227296e-34,5.596704022951789e-39
primary_development_2022_2023_partial,s1_touch_immediate,120,1d,331,-0.0021004840968979906,-0.0011431052236796488,0.014679983325092238,155,0.46827794561933533,0.009761847694563416,0.2716127621266505,0.011529741371531593
primary_development_2022_2023_partial,s1_touch_immediate,120,2d,331,-0.0019483685228757158,-0.0005063070127644168,0.020025181125597435,164,0.4954682779456193,0.07807396899681175,0.9124867149020457,0.08805334849264483
primary_development_2022_2023_partial,s1_touch_immediate,120,3d,331,-0.001830508436112281,-0.001580074375322394,0.024156618585094644,156,0.47129909365558914,0.16958409962848361,0.3224854616925212,0.18983294734531747
primary_development_2022_2023_partial,s1_touch_immediate,120,5d,331,-0.001772437180590286,0.0015045795408630918,0.03018595757409384,173,0.5226586102719033,0.2869086155116056,0.4416382410514279,0.3235811453138409
primary_development_2022_2023_partial,s1_touch_immediate,240,5m,331,-0.002783057903353083,-0.0027668507955314614,0.0006365036141302937,0,0.0,3.646031698260189e-217,4.5719495651291e-100,5.880696287516434e-217
primary_development_2022_2023_partial,s1_touch_immediate,240,15m,331,-0.002672144492728587,-0.002625275175103624,0.0011752687212222832,4,0.012084592145015106,1.9483856138956967e-132,2.273076773351272e-91,3.076398337730048e-132
primary_development_2022_2023_partial,s1_touch_immediate,240,30m,331,-0.002628944369916831,-0.0024483781211816877,0.0018208719811030115,19,0.05740181268882175,1.0258919553849834e-82,1.7789804848000672e-69,1.637061630933484e-82
primary_development_2022_2023_partial,s1_touch_immediate,240,60m,331,-0.002640522860735338,-0.0026144273294202683,0.003031691906756213,55,0.1661631419939577,2.348977708194299e-42,1.5044511092752331e-36,3.559057133627726e-42
primary_development_2022_2023_partial,s1_touch_immediate,240,1d,331,-0.0023005650814330986,-0.0013743741767732007,0.014649902369290266,154,0.4652567975830816,0.004608375807581878,0.22652105114781237,0.005712862571382493
primary_development_2022_2023_partial,s1_touch_immediate,240,2d,331,-0.002227687110686723,-0.001219601307946972,0.02014300191132201,150,0.45317220543806647,0.045347734428316404,0.0990117771110954,0.054856130356834364
primary_development_2022_2023_partial,s1_touch_immediate,240,3d,331,-0.0020599162439793807,-0.0007366425278327858,0.02428355062261163,161,0.486404833836858,0.12428227719749502,0.6602051224044762,0.1467900911781437
primary_development_2022_2023_partial,s1_touch_immediate,240,5d,331,-0.0019353006549739696,0.0017179603600358867,0.03053631587263217,176,0.5317220543806647,0.25044201391109133,0.2716127621266505,0.28676566478369236
primary_development_2022_2023_partial,s1_touch_reclaim,10,5m,331,-0.002992440390555279,-0.0030435966411107023,0.0005277330874949576,0,0.0,5.788389441385936e-253,4.5719495651291e-100,1.5504614575140902e-252
primary_development_2022_2023_partial,s1_touch_reclaim,10,15m,331,-0.0029514862206534405,-0.0029959794844189908,0.0011515164520560532,6,0.01812688821752266,4.222400434001047e-147,8.128079013302738e-88,8.920564297185311e-147
primary_development_2022_2023_partial,s1_touch_reclaim,10,30m,331,-0.0029842717820141684,-0.0028864162924692465,0.0018949321564651494,15,0.045317220543806644,2.240652236258837e-91,1.6679230067931092e-74,4.604079937518158e-91
primary_development_2022_2023_partial,s1_touch_reclaim,10,60m,331,-0.003076217479827771,-0.0029082440179262273,0.0033721191202135295,46,0.13897280966767372,2.6399926615309433e-45,3.0373798198994984e-43,4.658810579172253e-45
primary_development_2022_2023_partial,s1_touch_reclaim,10,1d,331,-0.0031400177148954884,-0.002078605460912812,0.014495370196524537,148,0.4471299093655589,0.00010141771750067339,0.06148593768932176,0.0003710404298805124
primary_development_2022_2023_partial,s1_touch_reclaim,10,2d,331,-0.0032506755558118663,-0.0014681100560743428,0.019607108900397078,151,0.4561933534743202,0.002798154413878306,0.12367020291162287,0.009327181379594353
primary_development_2022_2023_partial,s1_touch_reclaim,10,3d,331,-0.0033466735949054327,-0.0019909456205241915,0.024137686995161108,151,0.4561933534743202,0.012251569352360069,0.12367020291162287,0.044559911533170925
primary_development_2022_2023_partial,s1_touch_reclaim,10,5d,331,-0.0032033126524951133,0.0004500862651535053,0.0305631814285242,167,0.5045317220543807,0.05778503556727934,0.9124867149020457,0.1785278329978275
primary_development_2022_2023_partial,s1_touch_reclaim,20,5m,331,-0.002952259674729483,-0.0029810763868326497,0.0004956960153140583,0,0.0,8.437520050765956e-260,4.5719495651291e-100,2.75136523394542e-259
primary_development_2022_2023_partial,s1_touch_reclaim,20,15m,331,-0.0029036807752456416,-0.0029453465352935774,0.0010418831018556248,4,0.012084592145015106,1.2506222781706972e-157,2.273076773351272e-91,4.810085685271913e-157
primary_development_2022_2023_partial,s1_touch_reclaim,20,30m,331,-0.0029112896293501966,-0.0027660638040460676,0.001757432516177608,10,0.030211480362537766,1.2746210776505185e-96,1.7891960484140454e-81,4.2487369255017284e-96
primary_development_2022_2023_partial,s1_touch_reclaim,20,60m,331,-0.00297009348933432,-0.0029895931815941425,0.0030475842609747165,41,0.12386706948640483,8.893593077468918e-50,2.4636426761899754e-47,3.1024161898147387e-49
primary_development_2022_2023_partial,s1_touch_reclaim,20,1d,331,-0.0029143872914035337,-0.0022071597757908077,0.014259919329257447,144,0.4350453172205438,0.00024067134904527567,0.020829637575436134,0.0005822693928514734
primary_development_2022_2023_partial,s1_touch_reclaim,20,2d,331,-0.0030043235105071927,-0.0007717606013013841,0.01967899412938067,158,0.4773413897280967,0.005864152140887628,0.4416382410514279,0.014187464856986196
primary_development_2022_2023_partial,s1_touch_reclaim,20,3d,331,-0.003030982869195411,-0.0023065939810905174,0.02426964105032606,158,0.4773413897280967,0.023932028843266586,0.4416382410514279,0.05617032958355791
primary_development_2022_2023_partial,s1_touch_reclaim,20,5d,331,-0.002894206760752712,-1.7766984222016345e-05,0.030559897436269277,165,0.4984894259818731,0.08629344042262681,1.0,0.20199858376713742
primary_development_2022_2023_partial,s1_touch_reclaim,40,5m,331,-0.002884173518253812,-0.002903829092158054,0.0005095684731441651,0,0.0,1.0379010428704739e-252,4.5719495651291e-100,2.6842268350098465e-252
primary_development_2022_2023_partial,s1_touch_reclaim,40,15m,331,-0.0028070522208613197,-0.0028000697520721004,0.001048627862592574,0,0.0,1.5548415821039116e-152,4.5719495651291e-100,4.400495043690316e-152
primary_development_2022_2023_partial,s1_touch_reclaim,40,30m,331,-0.0028055495821137162,-0.002613888703623735,0.0017340988192190174,10,0.030211480362537766,3.7542722984481097e-94,1.7891960484140454e-81,1.042853416235586e-93
primary_development_2022_2023_partial,s1_touch_reclaim,40,60m,331,-0.0028638849791723575,-0.0025720655473046696,0.0029900295231953446,50,0.1510574018126888,1.4233185903178252e-48,3.6201647746187974e-40,4.105726702839881e-48
primary_development_2022_2023_partial,s1_touch_reclaim,40,1d,331,-0.0027425550835991318,-0.002223447772699226,0.01433411685303481,149,0.4501510574018127,0.0005776463583051929,0.07844038321120742,0.001031511354116416
primary_development_2022_2023_partial,s1_touch_reclaim,40,2d,331,-0.0027538982555935475,-0.0007297412978851229,0.01967534248574823,160,0.48338368580060426,0.011458672029161135,0.5826263292692689,0.020708443426194822
primary_development_2022_2023_partial,s1_touch_reclaim,40,3d,331,-0.002641972131593681,-0.0012672764663388607,0.02430657835801733,158,0.4773413897280967,0.0491561296974717,0.4416382410514279,0.08226324071315892
primary_development_2022_2023_partial,s1_touch_reclaim,40,5d,331,-0.00240677642412574,0.00029184180460728324,0.030829378180023015,167,0.5045317220543807,0.15708508374423424,0.9124867149020457,0.22356629752965615
primary_development_2022_2023_partial,s1_touch_reclaim,60,5m,331,-0.00285080576520818,-0.002880191687844229,0.0005148491087880616,0,0.0,1.1600403188126428e-249,4.5719495651291e-100,2.799877257927938e-249
primary_development_2022_2023_partial,s1_touch_reclaim,60,15m,331,-0.002742985190390775,-0.002684151413616953,0.0010587596317445521,0,0.0,1.9486127504491324e-148,4.5719495651291e-100,4.63955416773603e-148
primary_development_2022_2023_partial,s1_touch_reclaim,60,30m,331,-0.0026744552185206266,-0.0025922086141647403,0.0017252106562636465,15,0.045317220543806644,9.043524756150467e-90,1.6679230067931092e-74,1.7617256018474936e-89
primary_development_2022_2023_partial,s1_touch_reclaim,60,60m,331,-0.002672348813990124,-0.0026149367546993902,0.0030186272634932427,56,0.1691842900302115,2.2382919089926098e-43,7.454797211382e-36,3.5341451194620154e-43
primary_development_2022_2023_partial,s1_touch_reclaim,60,1d,331,-0.0025504721888099558,-0.0014266563732949372,0.014579916958577504,156,0.47129909365558914,0.0016244953690326357,0.3224854616925212,0.0024126168847019343
primary_development_2022_2023_partial,s1_touch_reclaim,60,2d,331,-0.0024887933437132193,-0.0006975329659222778,0.020080405185772133,159,0.48036253776435045,0.02501083192882325,0.5095843076624359,0.03441857604883934
primary_development_2022_2023_partial,s1_touch_reclaim,60,3d,331,-0.0023822824472130495,-0.00042929226191184124,0.02463123932302118,162,0.48942598187311176,0.07985054833608568,0.7416149670525334,0.10877194677826821
primary_development_2022_2023_partial,s1_touch_reclaim,60,5d,331,-0.002196711404217138,0.0007568097742695831,0.031047787120335943,171,0.5166163141993958,0.199594122484738,0.5826263292692689,0.25009543199589274
primary_development_2022_2023_partial,s1_touch_reclaim,120,5m,331,-0.002864475121610545,-0.0028662302907726525,0.0005488331999747867,0,0.0,1.807596285626944e-241,4.5719495651291e-100,3.664046524919481e-241
primary_development_2022_2023_partial,s1_touch_reclaim,120,15m,331,-0.0027621477427071943,-0.002712964536086562,0.0010764354025332948,2,0.006042296072507553,3.059269515419688e-147,2.5121491275514865e-95,6.748388636955194e-147
primary_development_2022_2023_partial,s1_touch_reclaim,120,30m,331,-0.0026983027044413404,-0.002653477486070459,0.0017476852378011723,15,0.045317220543806644,2.3325825099214036e-89,1.6679230067931092e-74,4.3735922061026314e-89
primary_development_2022_2023_partial,s1_touch_reclaim,120,60m,331,-0.002673263071979716,-0.0025261580733520078,0.0029876563812055294,57,0.17220543806646527,4.703382979522358e-44,3.6162607353126335e-35,7.58610157987477e-44
primary_development_2022_2023_partial,s1_touch_reclaim,120,1d,331,-0.002270867344474868,-0.0014442953386945502,0.014442064652661618,154,0.4652567975830816,0.004556327081052583,0.22652105114781237,0.005695408851315729
primary_development_2022_2023_partial,s1_touch_reclaim,120,2d,331,-0.002130074040712708,-0.0007438819795030576,0.01980448990753219,162,0.48942598187311176,0.05156516986039225,0.7416149670525334,0.06042793343014717
primary_development_2022_2023_partial,s1_touch_reclaim,120,3d,331,-0.001998809623826431,-0.0015805426590572848,0.023933339824590998,157,0.4743202416918429,0.13018918751247224,0.37919070006212147,0.15138277617729332
primary_development_2022_2023_partial,s1_touch_reclaim,120,5d,331,-0.0019744619973163457,0.001844665036842256,0.02996116950257879,171,0.5166163141993958,0.23210905047122735,0.5826263292692689,0.27200279352096957
primary_development_2022_2023_partial,s1_touch_reclaim,240,5m,331,-0.0029392932789020884,-0.002942062383859976,0.0005308523767879749,0,0.0,1.175948448329734e-249,4.5719495651291e-100,2.799877257927938e-249
primary_development_2022_2023_partial,s1_touch_reclaim,240,15m,331,-0.0028467327418550984,-0.0027954200441366313,0.0010506396048279316,3,0.00906344410876133,4.618141203524795e-154,2.763465537586981e-93,1.505915609845042e-153
primary_development_2022_2023_partial,s1_touch_reclaim,240,30m,331,-0.002806774612219971,-0.002666215028112392,0.0017253952464330075,15,0.045317220543806644,1.0138299882866799e-94,1.6679230067931092e-74,2.9245095815961917e-94
primary_development_2022_2023_partial,s1_touch_reclaim,240,60m,331,-0.002814993473956207,-0.002787250158155807,0.0029816698925684065,51,0.1540785498489426,1.373661460914443e-47,2.0047610277350594e-39,3.5525727437442488e-47
primary_development_2022_2023_partial,s1_touch_reclaim,240,1d,331,-0.0024844368400351994,-0.0013814584272161892,0.014446886680256121,150,0.45317220543806647,0.0019422731168004124,0.0990117771110954,0.002722812780561326
primary_development_2022_2023_partial,s1_touch_reclaim,240,2d,331,-0.002420301570407226,-0.0014466346360125836,0.019971198574856144,149,0.4501510574018127,0.028391088923942837,0.07844038321120742,0.03724212960169783
primary_development_2022_2023_partial,s1_touch_reclaim,240,3d,331,-0.0022390514951342415,-0.000728539424998286,0.024148306504259275,160,0.48338368580060426,0.09305803449871256,0.5826263292692689,0.11730004348577214
primary_development_2022_2023_partial,s1_touch_reclaim,240,5d,331,-0.0021483728294906905,0.001298800380399053,0.030492366925386444,175,0.5287009063444109,0.2014799098642426,0.3224854616925212,0.25009543199589274
primary_development_2022_2023_partial,s2_first_touch_reclaim,10,5m,330,-0.0028602006054933987,-0.003010891099977037,0.0035378377939727715,51,0.15454545454545454,8.136568794285066e-38,3.3943938799299215e-39,8.246522426640269e-38
primary_development_2022_2023_partial,s2_first_touch_reclaim,10,15m,330,-0.002763809628995642,-0.0028313377290584444,0.005523734961634563,73,0.22121212121212122,1.0601419233515822e-17,3.644628082951282e-25,1.0744681655590361e-17
primary_development_2022_2023_partial,s2_first_touch_reclaim,10,30m,330,-0.0026992541573473013,-0.002623865582153999,0.007090224915841595,93,0.2818181818181818,2.593372657684992e-11,1.2224348745214945e-15,2.6644239633749918e-11
primary_development_2022_2023_partial,s2_first_touch_reclaim,10,60m,330,-0.0029916889507850056,-0.003207765135382847,0.00913432409229365,99,0.3,7.222534426188768e-09,2.6726720300241377e-13,7.471587337436657e-09
primary_development_2022_2023_partial,s2_first_touch_reclaim,10,1d,330,-0.003758148526048863,-0.0032354920336179144,0.022789385014044577,138,0.41818181818181815,0.0029890277057589387,0.003465211559330849,0.003898731790120355
primary_development_2022_2023_partial,s2_first_touch_reclaim,10,2d,330,-0.006080864537349939,-0.004629332037390698,0.02889941778927849,141,0.42727272727272725,0.0001616453977961201,0.009569440427065657,0.003302548389977821
primary_development_2022_2023_partial,s2_first_touch_reclaim,10,3d,330,-0.008388085149253677,-0.007021715852417301,0.03640649734246358,138,0.41818181818181815,3.7551522723900094e-05,0.003465211559330849,0.0018775761361950047
primary_development_2022_2023_partial,s2_first_touch_reclaim,10,5d,330,-0.009944597171032686,-0.0046194405031775975,0.04485013127411933,144,0.43636363636363634,7.167832984092024e-05,0.023863446248898766,0.002687937369034509
primary_development_2022_2023_partial,s2_first_touch_reclaim,20,5m,331,-0.00301413804173552,-0.003068771658969259,0.0011364210461847792,3,0.00906344410876133,2.2424537976267254e-151,2.763465537586981e-93,2.8749407661881096e-151
primary_development_2022_2023_partial,s2_first_touch_reclaim,20,15m,331,-0.0030173500885545767,-0.0029968847731596643,0.0018450381093471902,14,0.04229607250755287,2.8402634979844952e-95,7.865299386413312e-76,3.704691519110211e-95
primary_development_2022_2023_partial,s2_first_touch_reclaim,20,30m,331,-0.00294912627636128,-0.0028225333556549112,0.002756644452753158,39,0.11782477341389729,1.2821614112161387e-56,4.712524923368886e-49,1.6437966810463315e-56
primary_development_2022_2023_partial,s2_first_touch_reclaim,20,60m,331,-0.003106506300570327,-0.00277736409501267,0.003919038257315426,59,0.1782477341389728,8.123111218440361e-37,7.993104954227296e-34,1.08791668104112e-36
primary_development_2022_2023_partial,s2_first_touch_reclaim,20,1d,331,-0.003687364489444707,-0.0028352782789870944,0.015536627216481082,134,0.40483383685800606,2.1449011536430923e-05,0.00063303510088358,0.00014775797358798718
primary_development_2022_2023_partial,s2_first_touch_reclaim,20,2d,331,-0.003834908452340987,-0.0014577424363050513,0.02118795995287206,154,0.4652567975830816,0.0011180216325916786,0.22652105114781237,0.006310651706076658
primary_development_2022_2023_partial,s2_first_touch_reclaim,20,3d,331,-0.0037602749153922773,-0.00256593716368053,0.02590162806553601,149,0.4501510574018127,0.00875394711870257,0.07844038321120742,0.0423578086388834
primary_development_2022_2023_partial,s2_first_touch_reclaim,20,5d,331,-0.003881611808234105,-0.0014183895595480088,0.03239671039717722,157,0.4743202416918429,0.03022297503528396,0.37919070006212147,0.1589022707688458
primary_development_2022_2023_partial,s2_first_touch_reclaim,40,5m,331,-0.0028317018821181006,-0.0027781186842112146,0.0010736795826632455,2,0.006042296072507553,1.1447288716264669e-150,2.5121491275514865e-95,1.4309110895330833e-150
primary_development_2022_2023_partial,s2_first_touch_reclaim,40,15m,331,-0.0027677524460430957,-0.0026796663534888175,0.0017229724402948818,15,0.045317220543806644,2.0557985409030756e-93,1.6679230067931092e-74,2.635639155003943e-93
primary_development_2022_2023_partial,s2_first_touch_reclaim,40,30m,331,-0.0026314881876825743,-0.0024661267484223644,0.002606088048881513,41,0.12386706948640483,2.637201822345012e-52,2.4636426761899754e-47,3.242461256981572e-52
primary_development_2022_2023_partial,s2_first_touch_reclaim,40,60m,331,-0.0026663060469565274,-0.0024077555435316877,0.003777991997805994,74,0.22356495468277945,8.235176236123392e-31,8.194861074500898e-25,9.96190673724604e-31
primary_development_2022_2023_partial,s2_first_touch_reclaim,40,1d,331,-0.0026913848010971593,-0.0019428111247509262,0.014843247419613546,148,0.4471299093655589,0.001095486521640494,0.06148593768932176,0.001748116789851852
primary_development_2022_2023_partial,s2_first_touch_reclaim,40,2d,331,-0.003038414552584967,-0.0007574373106942001,0.020830984381308898,160,0.48338368580060426,0.0084445360264407,0.5826263292692689,0.0168890720528814
primary_development_2022_2023_partial,s2_first_touch_reclaim,40,3d,331,-0.0029825950873955667,-0.002716211765289972,0.02466617403734542,151,0.4561933534743202,0.02874466169390639,0.12367020291162287,0.06340734197185233
primary_development_2022_2023_partial,s2_first_touch_reclaim,40,5d,331,-0.002846495705516503,-0.001080230879226437,0.031802883813078754,160,0.48338368580060426,0.10491976367932591,0.5826263292692689,0.2097150036945636
primary_development_2022_2023_partial,s2_first_touch_reclaim,60,5m,331,-0.002800620334386514,-0.0028001953684515363,0.0010572488233382867,2,0.006042296072507553,3.226746079848877e-151,2.5121491275514865e-95,4.101795864214674e-151
primary_development_2022_2023_partial,s2_first_touch_reclaim,60,15m,331,-0.002523467184170757,-0.0025591678893336894,0.0018923106944997584,22,0.06646525679758308,3.268727413635313e-75,5.854991704520268e-66,3.8008458298085036e-75
primary_development_2022_2023_partial,s2_first_touch_reclaim,60,30m,331,-0.002273061373849117,-0.002350974479492474,0.0027403719026418464,53,0.16012084592145015,2.079253149565182e-39,5.741460623578979e-38,2.2932939149615978e-39
primary_development_2022_2023_partial,s2_first_touch_reclaim,60,60m,331,-0.002036009576177316,-0.0019501468400607846,0.0039133433220099375,81,0.24471299093655588,6.415010088771671e-19,3.3548459748339645e-21,7.023733673837596e-19
primary_development_2022_2023_partial,s2_first_touch_reclaim,60,1d,331,-0.001696469797748411,-0.0004281745254225917,0.015153977869815231,158,0.4773413897280967,0.042786446967706254,0.4416382410514279,0.04719093415555837
primary_development_2022_2023_partial,s2_first_touch_reclaim,60,2d,331,-0.00212422178070957,-0.0002323234092125925,0.02105770978256233,165,0.4984894259818731,0.06777682138853831,1.0,0.07760704739145609
primary_development_2022_2023_partial,s2_first_touch_reclaim,60,3d,331,-0.001978903177336014,-0.0012121429386322891,0.025258087757572868,160,0.48338368580060426,0.1556085359846465,0.5826263292692689,0.17549834885486446
primary_development_2022_2023_partial,s2_first_touch_reclaim,60,5d,331,-0.0014593299933541599,0.001471193328756444,0.03205958460976623,178,0.5377643504531722,0.40889167951870997,0.18703395961266983,0.4476916199109963
primary_development_2022_2023_partial,s2_first_touch_reclaim,120,5m,331,-0.0029641475963167285,-0.002958659640468274,0.0012869917417247792,4,0.012084592145015106,5.454352507330222e-134,2.273076773351272e-91,6.651649399183198e-134
primary_development_2022_2023_partial,s2_first_touch_reclaim,120,15m,331,-0.002890261177160617,-0.002806461932450503,0.0020735368637655946,23,0.06948640483383686,2.4202753724638613e-79,7.895369112365708e-65,2.9277524666901547e-79
primary_development_2022_2023_partial,s2_first_touch_reclaim,120,30m,331,-0.0027129628297110214,-0.002727499247045039,0.0028355831953680607,44,0.13293051359516617,1.6946489432156447e-48,7.587545102334082e-45,1.9705220269949355e-48
primary_development_2022_2023_partial,s2_first_touch_reclaim,120,60m,331,-0.0025161328279531456,-0.0022579140216494554,0.0038585678608229557,71,0.21450151057401812,3.246323866975699e-27,1.7978382033902047e-26,3.717164733178281e-27
primary_development_2022_2023_partial,s2_first_touch_reclaim,120,1d,331,-0.0012660393291755274,-0.0006508845892775661,0.015123542593983503,160,0.48338368580060426,0.12928646225084425,0.5826263292692689,0.13753878962855773
primary_development_2022_2023_partial,s2_first_touch_reclaim,120,2d,331,-0.0010597869901282306,0.0003726213341891868,0.020406127871383715,168,0.5075528700906344,0.3461453405748282,0.8260214930986781,0.36823972401577465
primary_development_2022_2023_partial,s2_first_touch_reclaim,120,3d,331,-0.000990600296277842,0.0005282230260782346,0.02440938216303801,170,0.513595166163142,0.46151082757067535,0.6602051224044762,0.4944758866828664
primary_development_2022_2023_partial,s2_first_touch_reclaim,120,5d,331,-0.0007326165273221196,0.0022231716825584303,0.03091710845908743,180,0.5438066465256798,0.667140603457699,0.12367020291162287,0.7047259895679918
primary_development_2022_2023_partial,s2_first_touch_reclaim,240,5m,331,-0.002970778326231515,-0.0028575352756276674,0.0014400621779986115,3,0.00906344410876133,6.065931739168213e-121,2.763465537586981e-93,7.164486306104188e-121
primary_development_2022_2023_partial,s2_first_touch_reclaim,240,15m,331,-0.0029472769936758707,-0.0028794644634212783,0.0021738977642351553,21,0.0634441087613293,9.70486271185064e-77,4.13988187885489e-67,1.1645835254220767e-76
primary_development_2022_2023_partial,s2_first_touch_reclaim,240,30m,331,-0.0028891606089544494,-0.0029193476897415058,0.002920259616081155,53,0.16012084592145015,7.709692610267517e-51,5.741460623578979e-38,9.251631132321021e-51
primary_development_2022_2023_partial,s2_first_touch_reclaim,240,60m,331,-0.0029367257630498263,-0.0029993919873688843,0.004000726015985664,70,0.21148036253776434,9.583484650765753e-33,4.858716494233405e-27,1.2182395742498838e-32
primary_development_2022_2023_partial,s2_first_touch_reclaim,240,1d,331,-0.002262116966835958,-0.0008965951874783107,0.015029001923213551,159,0.48036253776435045,0.006589280447599101,0.5095843076624359,0.007907136537118921
primary_development_2022_2023_partial,s2_first_touch_reclaim,240,2d,331,-0.0025689462545714155,-0.001524990243456918,0.020531947585645714,147,0.44410876132930516,0.02367426302530873,0.04768149843926189,0.03318821919435803
primary_development_2022_2023_partial,s2_first_touch_reclaim,240,3d,331,-0.0024895716216895934,-0.0010701603492754533,0.02455658079000576,159,0.48036253776435045,0.06641950373837247,0.5095843076624359,0.09579736116111413
primary_development_2022_2023_partial,s2_first_touch_reclaim,240,5d,331,-0.0024316674695572505,7.688838195493415e-05,0.031215849778035897,167,0.5045317220543807,0.15798321208550298,0.9124867149020457,0.22356629752965615
primary_development_2022_2023_partial,s2_reclaim_acceleration,10,5m,331,-0.0030297984737040367,-0.0030711089278026025,0.0005790123682913542,0,0.0,7.945630190083233e-242,4.5719495651291e-100,1.6326637376883356e-241
primary_development_2022_2023_partial,s2_reclaim_acceleration,10,15m,331,-0.002973085240383354,-0.0030004576553189556,0.0012239162024344755,8,0.02416918429003021,1.809899598941415e-140,1.5381862703572027e-84,3.393561748015153e-140
primary_development_2022_2023_partial,s2_reclaim_acceleration,10,30m,331,-0.0030007885836547776,-0.002897774785074687,0.001970941994494999,17,0.0513595166163142,5.94227531337129e-88,6.146587156406341e-72,1.0611205916734445e-87
primary_development_2022_2023_partial,s2_reclaim_acceleration,10,60m,331,-0.0030789962334070212,-0.002931759506487087,0.003543036855536827,48,0.14501510574018128,3.2323951138496224e-42,1.1003747782836429e-41,4.848592670774433e-42
primary_development_2022_2023_partial,s2_reclaim_acceleration,10,1d,331,-0.00314653625017363,-0.0014765891641502222,0.014986063365658935,145,0.4380664652567976,0.0001630649661703577,0.027755090478306058,0.0005174511249746073
primary_development_2022_2023_partial,s2_reclaim_acceleration,10,2d,331,-0.0032113547166045496,-0.0016135743249052887,0.020155465851325053,157,0.4743202416918429,0.004052256438310141,0.37919070006212147,0.011375887313386443
primary_development_2022_2023_partial,s2_reclaim_acceleration,10,3d,331,-0.0032399338174560295,-0.0007018440027104967,0.02474175588820817,164,0.4954682779456193,0.017936327579440414,0.9124867149020457,0.04891725703483749
primary_development_2022_2023_partial,s2_reclaim_acceleration,10,5d,331,-0.002771889243559907,0.0003574837078133172,0.031595137697085926,166,0.5015105740181269,0.11195560027651995,1.0,0.2097150036945636
primary_development_2022_2023_partial,s2_reclaim_acceleration,20,5m,331,-0.002987410171926358,-0.003021373191281747,0.0005556689486585587,0,0.0,1.427057911256802e-245,4.5719495651291e-100,3.147921863066475e-245
primary_development_2022_2023_partial,s2_reclaim_acceleration,20,15m,331,-0.0029119320569706317,-0.0029842449089969875,0.0011212018768977446,4,0.012084592145015106,9.589424420367665e-149,2.273076773351272e-91,2.3200220371857255e-148
primary_development_2022_2023_partial,s2_reclaim_acceleration,20,30m,331,-0.002947640970806344,-0.0028422571857150934,0.0018721470532857157,12,0.03625377643504532,2.3784422436729593e-91,1.4016065592824741e-78,4.821166710147891e-91
primary_development_2022_2023_partial,s2_reclaim_acceleration,20,60m,331,-0.0030225304050511465,-0.0029842567452954337,0.0032572069528276036,48,0.14501510574018128,1.9789240518487954e-46,1.1003747782836429e-41,4.302008808366947e-46
primary_development_2022_2023_partial,s2_reclaim_acceleration,20,1d,331,-0.0030748772088669686,-0.0017165753850908857,0.014961547003924889,143,0.43202416918429004,0.00022241210705855176,0.015459633987649112,0.0005560302676463795
primary_development_2022_2023_partial,s2_reclaim_acceleration,20,2d,331,-0.0032347846134902322,-0.0015836713617915423,0.020539175585804485,155,0.46827794561933533,0.0044922420295881536,0.2716127621266505,0.012032791150682554
primary_development_2022_2023_partial,s2_reclaim_acceleration,20,3d,331,-0.003277075130995182,-0.0003902146577294448,0.025002565382691168,161,0.486404833836858,0.017832782029232927,0.6602051224044762,0.04891725703483749
primary_development_2022_2023_partial,s2_reclaim_acceleration,20,5d,331,-0.0028773221644265066,0.0001782014303988028,0.03153605973461437,168,0.5075528700906344,0.09838069003807198,0.8260214930986781,0.20266895946320704
primary_development_2022_2023_partial,s2_reclaim_acceleration,40,5m,331,-0.0029421182105230552,-0.0029047790932147295,0.0005539543176071567,0,0.0,6.951301769184418e-244,4.5719495651291e-100,1.4895646648252325e-243
primary_development_2022_2023_partial,s2_reclaim_acceleration,40,15m,331,-0.0028778510396332718,-0.0029339871038338568,0.001112812038459171,1,0.0030211480362537764,3.2634768153708525e-148,1.5178872556228612e-97,7.531100343163507e-148
primary_development_2022_2023_partial,s2_reclaim_acceleration,40,30m,331,-0.0029169092181228025,-0.002935139402689141,0.0018351712776320539,14,0.04229607250755287,2.5448759367984106e-92,7.865299386413312e-76,5.532338993040023e-92
primary_development_2022_2023_partial,s2_reclaim_acceleration,40,60m,331,-0.0030076040511912297,-0.002904843783609331,0.0032381895979657366,50,0.1510574018126888,1.722569617487808e-46,3.6201647746187974e-40,3.7997859209289885e-46
primary_development_2022_2023_partial,s2_reclaim_acceleration,40,1d,331,-0.0030485465119627748,-0.0015898185393563794,0.01478736551766729,145,0.4380664652567976,0.0002127601607021056,0.027755090478306058,0.0005507312032606784
primary_development_2022_2023_partial,s2_reclaim_acceleration,40,2d,331,-0.0030479718417447447,-0.0010692394687932898,0.02041970170896163,155,0.46827794561933533,0.007047460195744511,0.2716127621266505,0.014921887463917205
primary_development_2022_2023_partial,s2_reclaim_acceleration,40,3d,331,-0.0030712431189553915,-0.0009822644294423906,0.024970123275180146,160,0.48338368580060426,0.026129555360018587,0.5826263292692689,0.05938535309095133
primary_development_2022_2023_partial,s2_reclaim_acceleration,40,5d,331,-0.0027147101611643535,0.0003518111777343778,0.03192913093548808,168,0.5075528700906344,0.12342097593104268,0.8260214930986781,0.21149838592296416
primary_development_2022_2023_partial,s2_reclaim_acceleration,60,5m,331,-0.002945424290041454,-0.0029254776128535467,0.0005874486469530242,0,0.0,6.263782152539417e-236,4.5719495651291e-100,1.1744591536011405e-235
primary_development_2022_2023_partial,s2_reclaim_acceleration,60,15m,331,-0.0028800098616328018,-0.002888036018861647,0.00112620998881778,0,0.0,8.144541765933809e-147,4.5719495651291e-100,1.6735359793014677e-146
primary_development_2022_2023_partial,s2_reclaim_acceleration,60,30m,331,-0.0028878945148809155,-0.002801349393061058,0.0017988885903553475,16,0.04833836858006042,2.3861648553277257e-93,3.3056005762140386e-73,5.592573879674357e-93
primary_development_2022_2023_partial,s2_reclaim_acceleration,60,60m,331,-0.0029834337826979973,-0.0027405272313890732,0.0032178912444887895,48,0.14501510574018128,2.2629099618153738e-46,1.1003747782836429e-41,4.780795693976141e-46
primary_development_2022_2023_partial,s2_reclaim_acceleration,60,1d,331,-0.0028941365239442234,-0.0007841067640605694,0.014709914851279126,153,0.4622356495468278,0.00040387399602067513,0.18703395961266983,0.0007867675247156009
primary_development_2022_2023_partial,s2_reclaim_acceleration,60,2d,331,-0.0028333705695066836,-0.0010685334091008114,0.020515992670942947,153,0.4622356495468278,0.012592816346553378,0.18703395961266983,0.021465027863443256
primary_development_2022_2023_partial,s2_reclaim_acceleration,60,3d,331,-0.002808754904704572,-0.001216788428090784,0.02523748092176515,160,0.48338368580060426,0.044010140357055534,0.5826263292692689,0.07858953635188488
primary_development_2022_2023_partial,s2_reclaim_acceleration,60,5d,331,-0.002458282017304596,0.00124224217706455,0.03247451663596659,173,0.5226586102719033,0.17002180623058646,0.4416382410514279,0.23203270685623598
primary_development_2022_2023_partial,s2_reclaim_acceleration,120,5m,331,-0.0029483789598808065,-0.002914906515240304,0.0006188071201084262,0,0.0,6.507525759679729e-229,4.5719495651291e-100,1.1760588722312763e-228
primary_development_2022_2023_partial,s2_reclaim_acceleration,120,15m,331,-0.002887357825893574,-0.0028445520954086985,0.0011508377478650477,2,0.006042296072507553,1.8976801854123e-144,2.5121491275514865e-95,3.6031902254663926e-144
primary_development_2022_2023_partial,s2_reclaim_acceleration,120,30m,331,-0.002905035530118875,-0.0028635589770158406,0.001715941805765623,15,0.045317220543806644,6.397959882212917e-99,1.6679230067931092e-74,2.7419828066626785e-98
primary_development_2022_2023_partial,s2_reclaim_acceleration,120,60m,331,-0.0029563638890899,-0.0028380627220162507,0.0030392480557171996,50,0.1510574018126888,1.2067268513879503e-49,3.6201647746187974e-40,4.113841538822557e-49
primary_development_2022_2023_partial,s2_reclaim_acceleration,120,1d,331,-0.002933520189649777,-0.0018293828099582906,0.013959446064800877,144,0.4350453172205438,0.00016099063816614535,0.020829637575436134,0.0005174511249746073
primary_development_2022_2023_partial,s2_reclaim_acceleration,120,2d,331,-0.003305866117104738,-0.0014924448495725428,0.01990499084473795,150,0.45317220543806647,0.0027510196852821352,0.0990117771110954,0.009327181379594353
primary_development_2022_2023_partial,s2_reclaim_acceleration,120,3d,331,-0.0033956160263755755,-0.0011020962399074454,0.02431916034379021,154,0.4652567975830816,0.011658633949034892,0.22652105114781237,0.044559911533170925
primary_development_2022_2023_partial,s2_reclaim_acceleration,120,5d,331,-0.0033968994178672374,0.00041531387980162673,0.030985104512766853,168,0.5075528700906344,0.047246719216310865,0.8260214930986781,0.1735001086746531
primary_development_2022_2023_partial,s2_reclaim_acceleration,240,5m,331,-0.0030447411442335696,-0.0029935630259738445,0.0008010374748780943,1,0.0030211480362537764,3.12482176856762e-198,1.5178872556228612e-97,4.464031097953743e-198
primary_development_2022_2023_partial,s2_reclaim_acceleration,240,15m,331,-0.003042460186126049,-0.0029830015179933113,0.0012788145857540799,3,0.00906344410876133,6.333574816021353e-138,2.763465537586981e-93,1.1446219547026542e-137
primary_development_2022_2023_partial,s2_reclaim_acceleration,240,30m,331,-0.0030629055350871585,-0.00299218971729264,0.0018987863565727394,11,0.03323262839879154,7.617970397378839e-94,5.2385004358078865e-80,2.0047290519417996e-93
primary_development_2022_2023_partial,s2_reclaim_acceleration,240,60m,331,-0.0032361395597737984,-0.003031917791333688,0.003339341254155502,46,0.13897280966767372,2.201383040648264e-49,3.0373798198994984e-43,7.178422958635642e-49
primary_development_2022_2023_partial,s2_reclaim_acceleration,240,1d,331,-0.0032061886640673823,-0.0013998708093691029,0.014622929241378506,149,0.4501510574018127,8.375929963666918e-05,0.07844038321120742,0.00033062881435527307
primary_development_2022_2023_partial,s2_reclaim_acceleration,240,2d,331,-0.0035318862365388277,-0.002413467515008737,0.020501587690740654,146,0.44108761329305135,0.001907244645667219,0.036577927738126986,0.007946852690280079
primary_development_2022_2023_partial,s2_reclaim_acceleration,240,3d,331,-0.003353644024566823,-0.00199269081582083,0.024748655379254265,150,0.45317220543806647,0.014341850049676457,0.0990117771110954,0.04537754171815451
primary_development_2022_2023_partial,s2_reclaim_acceleration,240,5d,331,-0.00275401205046576,0.0012006095874210864,0.03157337079305769,170,0.513595166163142,0.11402980427173087,0.6602051224044762,0.2097150036945636
primary_development_2022_2023_partial,s2_reclaim_breakout_recent,10,5m,331,-0.0030693933310882147,-0.0030395183259426476,0.0007808641789607212,2,0.006042296072507553,9.650403194330639e-203,2.5121491275514865e-95,1.4053985234462096e-202
primary_development_2022_2023_partial,s2_reclaim_breakout_recent,10,15m,331,-0.0031241401293768904,-0.0030836486795775588,0.00139915282931502,2,0.006042296072507553,2.8654544682900193e-130,2.5121491275514865e-95,4.431115157149515e-130
primary_development_2022_2023_partial,s2_reclaim_breakout_recent,10,30m,331,-0.003228279117872015,-0.0031825320951740614,0.0020158460468247806,14,0.04229607250755287,4.272011280184782e-93,7.865299386413312e-76,9.564204358622647e-93
primary_development_2022_2023_partial,s2_reclaim_breakout_recent,10,60m,331,-0.003618604154050012,-0.0034417255199480873,0.003345180856081728,37,0.11178247734138973,1.7965201138657445e-57,8.03675291377859e-51,3.8496859582837383e-56
primary_development_2022_2023_partial,s2_reclaim_breakout_recent,10,1d,331,-0.004738801118044006,-0.003181485356360391,0.014558867662519877,123,0.3716012084592145,8.395565930713122e-09,3.463203917849445e-06,6.325710317154195e-07
primary_development_2022_2023_partial,s2_reclaim_breakout_recent,10,2d,331,-0.006206335525723309,-0.00464782546898406,0.019881661196337923,118,0.3564954682779456,3.1074375742903185e-08,1.9806296089240295e-07,2.3305781807177387e-06
primary_development_2022_2023_partial,s2_reclaim_breakout_recent,10,3d,331,-0.007339482255028026,-0.004961095774209009,0.02460708862002193,124,0.37462235649546827,1.1626326747586707e-07,5.911069616817262e-06,9.370894337682067e-06
primary_development_2022_2023_partial,s2_reclaim_breakout_recent,10,5d,331,-0.008677867539767316,-0.00553536975079201,0.03053502364132737,138,0.4169184290030212,4.216500357743563e-07,0.0029394515441761803,3.162375268307672e-05
primary_development_2022_2023_partial,s2_reclaim_breakout_recent,20,5m,331,-0.00291870736254069,-0.003070402066050378,0.0011023682626662308,6,0.01812688821752266,3.718436854342593e-151,8.128079013302738e-88,4.687105278583101e-151
primary_development_2022_2023_partial,s2_reclaim_breakout_recent,20,15m,331,-0.002958769529740666,-0.0030538987906389586,0.0017168438459133097,13,0.03927492447129909,8.016319664410292e-101,3.4509427791658022e-77,1.0736142407692356e-100
primary_development_2022_2023_partial,s2_reclaim_breakout_recent,20,30m,331,-0.0029167460821123274,-0.0030670197993230256,0.0024266290637342475,25,0.0755287009063444,4.979762486374917e-66,1.2536921370795744e-62,6.669324758537835e-66
primary_development_2022_2023_partial,s2_reclaim_breakout_recent,20,60m,331,-0.0029675464751429343,-0.0029678563068971896,0.0037604119013337142,53,0.16012084592145015,1.4323958742635083e-36,5.741460623578979e-38,1.901410452562179e-36
primary_development_2022_2023_partial,s2_reclaim_breakout_recent,20,1d,331,-0.003082984111046796,-0.0015855087512891674,0.015533533608171541,138,0.4169184290030212,0.00035975136601808135,0.0029394515441761803,0.0007867675247156009
primary_development_2022_2023_partial,s2_reclaim_breakout_recent,20,2d,331,-0.0042404416303939005,-0.003529508838214292,0.020480267484907624,139,0.4199395770392749,0.00019997956592028468,0.004191441220551718,0.003332992765338078
primary_development_2022_2023_partial,s2_reclaim_breakout_recent,20,3d,331,-0.005320514343008726,-0.003728986556295071,0.025612932014327634,142,0.42900302114803623,0.00019075197316225715,0.011346439750195308,0.005722559194867714
primary_development_2022_2023_partial,s2_reclaim_breakout_recent,20,5d,331,-0.006573541291091131,-0.004396434931172253,0.03236116132504751,143,0.43202416918429004,0.0002621828065202719,0.015459633987649112,0.007865484195608157
primary_development_2022_2023_partial,s2_reclaim_breakout_recent,40,5m,331,-0.002710916572099618,-0.0028799718460967433,0.0013005202466290222,11,0.03323262839879154,3.7544635328228476e-122,5.2385004358078865e-80,4.4695994438367237e-122
primary_development_2022_2023_partial,s2_reclaim_breakout_recent,40,15m,331,-0.002520793058756285,-0.002671155691281576,0.002207821580965566,28,0.08459214501510574,9.281660610222714e-62,1.8307943516968578e-59,1.0162402127981075e-61
primary_development_2022_2023_partial,s2_reclaim_breakout_recent,40,30m,331,-0.002445240265208907,-0.0025647148466860607,0.003138066835060356,51,0.1540785498489426,7.093746352335545e-36,2.0047610277350594e-39,7.766875568250597e-36
primary_development_2022_2023_partial,s2_reclaim_breakout_recent,40,60m,331,-0.002647980916248894,-0.0025979525027174212,0.004276855509051427,71,0.21450151057401812,4.619228918624055e-25,1.7978382033902047e-26,5.209656675139912e-25
primary_development_2022_2023_partial,s2_reclaim_breakout_recent,40,1d,331,-0.0023460376591860417,-0.0006436179382023997,0.01710765097841235,156,0.47129909365558914,0.013223572762708774,0.3224854616925212,0.015376247398498574
primary_development_2022_2023_partial,s2_reclaim_breakout_recent,40,2d,331,-0.002616013316417017,-0.0014607494551733028,0.023775785780496383,158,0.4773413897280967,0.04645354342933934,0.4416382410514279,0.05574098366571697
primary_development_2022_2023_partial,s2_reclaim_breakout_recent,40,3d,331,-0.002700282856964774,-0.002168025215124037,0.028786760927477464,154,0.4652567975830816,0.08931960736090483,0.22652105114781237,0.11549949227703211
primary_development_2022_2023_partial,s2_reclaim_breakout_recent,40,5d,331,-0.004027871770530299,-0.0036558874260030384,0.03498073483885513,151,0.4561933534743202,0.03722756420920351,0.12367020291162287,0.1670075343286477
primary_development_2022_2023_partial,s2_reclaim_breakout_recent,60,5m,330,-0.0025581429085898906,-0.0028241865491859925,0.0019975309692271924,19,0.05757575757575758,2.453769942013912e-71,3.3544169779778167e-69,2.5560103562644917e-71
primary_development_2022_2023_partial,s2_reclaim_breakout_recent,60,15m,330,-0.0021985993412058503,-0.0026749088799040916,0.0031397588144576505,40,0.12121212121212122,2.377957541147807e-30,6.079124532361516e-48,2.4599560770494553e-30
primary_development_2022_2023_partial,s2_reclaim_breakout_recent,60,30m,330,-0.0018221795428339056,-0.002227800988994546,0.00401962970963287,69,0.20909090909090908,4.6672515168691e-15,2.044528417748668e-27,4.8281912243473445e-15
primary_development_2022_2023_partial,s2_reclaim_breakout_recent,60,60m,330,-0.0016549750519007048,-0.002231931311810329,0.005189015227987444,106,0.3212121212121212,1.6883403117625628e-08,7.531516790824434e-11,1.7345962107149618e-08
primary_development_2022_2023_partial,s2_reclaim_breakout_recent,60,1d,330,-0.0017945441820500473,-0.0010780285998842174,0.018666606060978464,151,0.4575757575757576,0.08213496473569279,0.1370796187548106,0.08927713558227478
primary_development_2022_2023_partial,s2_reclaim_breakout_recent,60,2d,330,-0.002593105751134117,-0.002030525002155276,0.025745204179258147,150,0.45454545454545453,0.06861621528251274,0.1102607870684355,0.0779729719119463
primary_development_2022_2023_partial,s2_reclaim_breakout_recent,60,3d,330,-0.0028886682280219273,-0.002180377607671657,0.031017862375101634,153,0.4636363636363636,0.09212651530561247,0.20540559736617908,0.11718001518221964
primary_development_2022_2023_partial,s2_reclaim_breakout_recent,60,5d,330,-0.003667205290742702,-0.0024998985276289878,0.03898119922810282,155,0.4696969696969697,0.08887937685754047,0.295589019323859,0.20199858376713742
primary_development_2022_2023_partial,s2_reclaim_breakout_recent,120,5m,330,-0.0025071800364716503,-0.00282150384668403,0.003093127281101772,27,0.08181818181818182,5.790314876552711e-38,3.0862899927485926e-60,5.90848456791093e-38
primary_development_2022_2023_partial,s2_reclaim_breakout_recent,120,15m,330,-0.0022303696318201924,-0.0026924412076686074,0.0044106343389830145,71,0.21515151515151515,5.2019333037560516e-18,2.828385949708585e-26,5.3080952079143384e-18
primary_development_2022_2023_partial,s2_reclaim_breakout_recent,120,30m,330,-0.0016837721308080303,-0.0022568114926835737,0.00585845418086718,94,0.28484848484848485,3.2873874834214215e-07,3.111291791326125e-15,3.3544770238994097e-07
primary_development_2022_2023_partial,s2_reclaim_breakout_recent,120,60m,330,-0.001709603714674638,-0.0015088746231632264,0.007815226436793712,116,0.3515151515151515,8.907365801242545e-05,7.532488704118487e-08,9.089148776778108e-05
primary_development_2022_2023_partial,s2_reclaim_breakout_recent,120,1d,330,-0.0011360600502939024,-0.0012752174334723194,0.021262034275055297,153,0.4636363636363636,0.3331784672453958,0.20540559736617908,0.33768087896492816
primary_development_2022_2023_partial,s2_reclaim_breakout_recent,120,2d,330,-0.0019177603998365182,-0.0014170775740259174,0.028639152916283037,157,0.47575757575757577,0.22539094704327928,0.40899949606305985,0.2449901598296514
primary_development_2022_2023_partial,s2_reclaim_breakout_recent,120,3d,330,-0.0022190765232416197,-0.0009645173280002268,0.03424887167873407,153,0.4636363636363636,0.24075134958927236,0.20540559736617908,0.26553457675287395
primary_development_2022_2023_partial,s2_reclaim_breakout_recent,120,5d,330,-0.002937729309637543,-0.0038830534027085558,0.04049049114663176,153,0.4636363636363636,0.1890894300237718,0.20540559736617908,0.24451219399625662
primary_development_2022_2023_partial,s2_reclaim_breakout_recent,240,5m,331,-0.002768880050707473,-0.0029653195374161703,0.0014002117868797852,14,0.04229607250755287,4.541835376539751e-116,7.865299386413312e-76,5.161176564249717e-116
primary_development_2022_2023_partial,s2_reclaim_breakout_recent,240,15m,331,-0.0027182927356202763,-0.0029499156557653136,0.0020221286613472866,23,0.06948640483383686,5.963449252841822e-76,7.895369112365708e-65,7.099344348621216e-76
primary_development_2022_2023_partial,s2_reclaim_breakout_recent,240,30m,331,-0.002478517244324491,-0.0026866175675623097,0.002815303162572151,48,0.14501510574018128,5.0187784631866684e-43,1.1003747782836429e-41,5.6180355931194054e-43
primary_development_2022_2023_partial,s2_reclaim_breakout_recent,240,60m,331,-0.0023943097001180237,-0.0023691811448829266,0.004170559590566426,82,0.24773413897280966,3.3728752906312757e-22,1.0307236357763064e-20,3.7756066686171e-22
primary_development_2022_2023_partial,s2_reclaim_breakout_recent,240,1d,331,-0.002000616066363394,-0.0006920687253262614,0.01635581306873934,156,0.47129909365558914,0.02695947187851082,0.3224854616925212,0.03017851329684047
primary_development_2022_2023_partial,s2_reclaim_breakout_recent,240,2d,331,-0.0023565889002138104,-0.0004371555705294534,0.022186927753867124,159,0.48036253776435045,0.05452651184788155,0.5095843076624359,0.06340292075335063
primary_development_2022_2023_partial,s2_reclaim_breakout_recent,240,3d,331,-0.002570435164135693,-0.0023659826519922293,0.026761165795368743,157,0.4743202416918429,0.08194153323962872,0.37919070006212147,0.10877194677826821
primary_development_2022_2023_partial,s2_reclaim_breakout_recent,240,5d,331,-0.0023881413516994208,-0.0023662640082997887,0.03442562447999295,155,0.46827794561933533,0.20849211752826446,0.2716127621266505,0.25425867991251766
primary_development_2022_2023_partial,s2_reclaim_bull_stack,10,5m,331,-0.003029449625769753,-0.0030492650561976557,0.0013161628463902034,2,0.006042296072507553,6.482367129230556e-134,2.5121491275514865e-95,7.841573140198254e-134
primary_development_2022_2023_partial,s2_reclaim_bull_stack,10,15m,331,-0.0031396647867197153,-0.0031148402870596306,0.0019622901241483385,11,0.03323262839879154,5.2988375637017934e-93,5.2385004358078865e-80,6.735810462332788e-93
primary_development_2022_2023_partial,s2_reclaim_bull_stack,10,30m,331,-0.003251437649961027,-0.003223396593964865,0.0026450119247089306,23,0.06948640483383686,5.942638387634103e-68,7.895369112365708e-65,8.177942735276289e-68
primary_development_2022_2023_partial,s2_reclaim_bull_stack,10,60m,331,-0.0037418053097875575,-0.003589566919063483,0.004097452949473219,37,0.11178247734138973,2.2563576498866068e-45,8.03675291377859e-51,4.077754788951699e-45
primary_development_2022_2023_partial,s2_reclaim_bull_stack,10,1d,331,-0.005267669514577313,-0.004210903903276664,0.016185986941383,125,0.3776435045317221,8.43428042287226e-09,9.96473521430781e-06,6.325710317154195e-07
primary_development_2022_2023_partial,s2_reclaim_bull_stack,10,2d,331,-0.007263855889035698,-0.005636876147179128,0.023234113310690214,125,0.3776435045317221,2.9683489647907207e-08,9.96473521430781e-06,2.3305781807177387e-06
primary_development_2022_2023_partial,s2_reclaim_bull_stack,10,3d,331,-0.008805046174819257,-0.006722898020777656,0.029597385158930196,121,0.36555891238670696,1.249452578357609e-07,1.1450741999826543e-06,9.370894337682067e-06
primary_development_2022_2023_partial,s2_reclaim_bull_stack,10,5d,331,-0.011602298584486043,-0.009363319777771177,0.036461659811080585,117,0.35347432024169184,1.725944732897686e-08,1.0758121825375306e-07,2.588917099346529e-06
primary_development_2022_2023_partial,s2_reclaim_bull_stack,20,5m,331,-0.0028176256953637143,-0.0030297518814067135,0.0015834443530122553,14,0.04229607250755287,2.764278992643762e-104,7.865299386413312e-76,3.0488371242394435e-104
primary_development_2022_2023_partial,s2_reclaim_bull_stack,20,15m,331,-0.0027820489543182504,-0.002904918312329653,0.002277757164829504,26,0.07854984894259819,2.127174298577611e-67,1.4811690280774608e-61,2.3635269984195677e-67
primary_development_2022_2023_partial,s2_reclaim_bull_stack,20,30m,331,-0.0027561621667727436,-0.0029929024530070732,0.002967389580080315,45,0.13595166163141995,1.7153993882603635e-46,4.862043696025771e-44,1.9346609642034177e-46
primary_development_2022_2023_partial,s2_reclaim_bull_stack,20,60m,331,-0.0027915695253966223,-0.003106865002219784,0.004920556378822168,61,0.18429003021148035,8.901823018528285e-22,1.628245518845457e-32,9.81818715278855e-22
primary_development_2022_2023_partial,s2_reclaim_bull_stack,20,1d,331,-0.0033547348384255727,-0.00278822181824871,0.01724875194177345,135,0.4078549848942598,0.00046924281605438686,0.000945718186005133,0.0008909673722551648
primary_development_2022_2023_partial,s2_reclaim_bull_stack,20,2d,331,-0.004565543338368411,-0.0039898695281122215,0.023915343595809543,134,0.40483383685800606,0.0005939397817868991,0.00063303510088358,0.004949498181557492
primary_development_2022_2023_partial,s2_reclaim_bull_stack,20,3d,331,-0.005641546908228895,-0.004734921285164551,0.029372287309125,133,0.40181268882175225,0.0005503547843427262,0.00041875989026729775,0.013758869608568154
primary_development_2022_2023_partial,s2_reclaim_bull_stack,20,5d,331,-0.008318320583723032,-0.00634850259538397,0.03562252220746955,135,0.4078549848942598,2.8814524800779272e-05,0.000945718186005133,0.0014407262400389636
primary_development_2022_2023_partial,s2_reclaim_bull_stack,40,5m,331,-0.0027282739346615936,-0.0029538669785503587,0.00187531940963769,18,0.054380664652567974,1.8615749186919854e-83,1.0760394876854358e-70,2.023450998578245e-83
primary_development_2022_2023_partial,s2_reclaim_bull_stack,40,15m,331,-0.0024513278516594722,-0.002843845925818136,0.0032273497606453297,48,0.14501510574018128,1.660211313335665e-34,1.1003747782836429e-41,1.7293867847246512e-34
primary_development_2022_2023_partial,s2_reclaim_bull_stack,40,30m,331,-0.002196652384736733,-0.002574205803271908,0.004540804041487828,67,0.20241691842900303,8.50495731607178e-17,8.606137296947794e-29,8.859330537574771e-17
primary_development_2022_2023_partial,s2_reclaim_bull_stack,40,60m,331,-0.002068868893785533,-0.002389198890401253,0.00591943295853482,81,0.24471299093655588,7.16449489906157e-10,3.3548459748339645e-21,7.463015519855802e-10
primary_development_2022_2023_partial,s2_reclaim_bull_stack,40,1d,331,-0.0026309310813801183,-0.0038882428393873314,0.02119123891055312,134,0.40483383685800606,0.02476737297515173,0.00063303510088358,0.02793312741558466
primary_development_2022_2023_partial,s2_reclaim_bull_stack,40,2d,331,-0.0032966582797727124,-0.002179309910925378,0.028918031075219414,142,0.42900302114803623,0.03914384288764224,0.011346439750195308,0.048929803609552805
primary_development_2022_2023_partial,s2_reclaim_bull_stack,40,3d,331,-0.0037625185262157657,-0.0037292479199882694,0.03273197568443567,144,0.4350453172205438,0.03754986273229007,0.020829637575436134,0.07129720771953811
primary_development_2022_2023_partial,s2_reclaim_bull_stack,40,5d,331,-0.004893007855395616,-0.003510967938747719,0.038536866941228085,151,0.4561933534743202,0.021700882429450022,0.12367020291162287,0.1589022707688458
primary_development_2022_2023_partial,s2_reclaim_bull_stack,60,5m,326,-0.0025055240052787612,-0.0026916017568871394,0.0023962343508110474,25,0.07668711656441718,4.471536918598632e-54,2.706190193715842e-61,4.5940447793821565e-54
primary_development_2022_2023_partial,s2_reclaim_bull_stack,60,15m,326,-0.002172688572876349,-0.002428314196650695,0.0036061529810134806,66,0.20245398773006135,1.1852099986529523e-23,2.2729319027768935e-28,1.217681505465362e-23
primary_development_2022_2023_partial,s2_reclaim_bull_stack,60,30m,326,-0.0015120151118164686,-0.002050668758060159,0.005658230538226639,98,0.3006134969325153,2.2341359411948283e-06,4.432056450352283e-13,2.264326967427191e-06
primary_development_2022_2023_partial,s2_reclaim_bull_stack,60,60m,326,-0.0012677803872212278,-0.001935417425599073,0.007287738914915398,108,0.3312883435582822,0.001868412961283782,1.1012941192805495e-09,0.001893661785084914
primary_development_2022_2023_partial,s2_reclaim_bull_stack,60,1d,326,-0.0025400153744322956,-0.0031160576290355764,0.022750009914874705,136,0.4171779141104294,0.044962116435902706,0.003269774823060994,0.04922859463784968
primary_development_2022_2023_partial,s2_reclaim_bull_stack,60,2d,326,-0.004117645954911266,-0.005343933993464891,0.02896219949906253,144,0.44171779141104295,0.01082516741939051,0.04027447158832938,0.019802135523275324
primary_development_2022_2023_partial,s2_reclaim_bull_stack,60,3d,326,-0.004581009919862524,-0.004573578766493464,0.03309275628384208,142,0.43558282208588955,0.013070907383063471,0.02301382815719804,0.044559911533170925
primary_development_2022_2023_partial,s2_reclaim_bull_stack,60,5d,326,-0.005160768773960137,-0.00599657014651154,0.04285925213925686,148,0.4539877300613497,0.030672948046915168,0.10809594410706919,0.1589022707688458
primary_development_2022_2023_partial,s2_reclaim_bull_stack,120,5m,279,-0.0029052083609241767,-0.0028857925070598553,0.005062437305273294,49,0.17562724014336917,6.206413018640862e-19,3.311218995055098e-29,6.248066797289459e-19
primary_development_2022_2023_partial,s2_reclaim_bull_stack,120,15m,279,-0.002216586897792373,-0.0023526030242909447,0.006706302642338696,78,0.27956989247311825,8.143283235581081e-08,1.1117820239661154e-13,8.19793614320243e-08
primary_development_2022_2023_partial,s2_reclaim_bull_stack,120,30m,279,-0.0015714391285020731,-0.0016711139883430204,0.00882163507923287,103,0.36917562724014336,0.003236950864474106,1.4660679125815703e-05,0.003258675366920241
primary_development_2022_2023_partial,s2_reclaim_bull_stack,120,60m,279,-0.0018436884951258002,-0.0023538748629772233,0.012381352080301201,111,0.3978494623655914,0.01362560808903877,0.000770898578259116,0.013717055123193394
primary_development_2022_2023_partial,s2_reclaim_bull_stack,120,1d,279,-0.003059133405210301,-0.0016753985933366522,0.03060219649413236,127,0.4551971326164875,0.09669203248802491,0.15063314469077352,0.10359860623716954
primary_development_2022_2023_partial,s2_reclaim_bull_stack,120,2d,279,-0.003644233269288016,-0.0035682193505964612,0.039588458007496934,124,0.4444444444444444,0.1259631218820516,0.07229593171431895,0.1399590243133907
primary_development_2022_2023_partial,s2_reclaim_bull_stack,120,3d,279,-0.003460804751832831,-0.0032299740937688226,0.047489093283388364,127,0.4551971326164875,0.22536574959263356,0.15063314469077352,0.2504063884362595
primary_development_2022_2023_partial,s2_reclaim_bull_stack,120,5d,279,-0.005262214651064783,-0.006083518834283819,0.05614054259743647,131,0.46953405017921146,0.11922798101792288,0.3381283239273707,0.21040231944339333
primary_development_2022_2023_partial,s2_reclaim_bull_stack,240,5m,116,-0.003340994585519469,-0.0027703269866548863,0.009057704901380262,30,0.25862068965517243,0.0001324457865660398,1.9182738987900616e-07,0.0001324457865660398
primary_development_2022_2023_partial,s2_reclaim_bull_stack,240,15m,116,-0.0029656056159224897,-0.0025459998453186694,0.010322245994882443,38,0.3275862068965517,0.002581886200010491,0.00025826102405589305,0.002581886200010491
primary_development_2022_2023_partial,s2_reclaim_bull_stack,240,30m,116,-0.001845812250844916,-0.001653042497842705,0.012873761651297751,49,0.4224137931034483,0.12690412016296604,0.11408316540850258,0.12690412016296604
primary_development_2022_2023_partial,s2_reclaim_bull_stack,240,60m,116,-0.0019716003510551502,-0.001723545956480626,0.014267678869256013,49,0.4224137931034483,0.14110591687107996,0.11408316540850258,0.14110591687107996
primary_development_2022_2023_partial,s2_reclaim_bull_stack,240,1d,116,-0.004032177203349358,-0.0040102005136030735,0.03556544669739996,52,0.4482758620689655,0.22655298567875193,0.30708966364918366,0.23599269341536658
primary_development_2022_2023_partial,s2_reclaim_bull_stack,240,2d,115,-0.004617217719451265,0.0003053097357677004,0.05024337005454349,58,0.5043478260869565,0.3285757961102934,1.0,0.35204549583245726
primary_development_2022_2023_partial,s2_reclaim_bull_stack,240,3d,116,-0.0026499578081236007,-5.994581537716037e-06,0.05790278889219519,58,0.5,0.624516033376313,1.0,0.6505375347669927
primary_development_2022_2023_partial,s2_reclaim_bull_stack,240,5d,116,-0.005083096056209577,-0.009954769862803737,0.0682163671442023,52,0.4482758620689655,0.42589304541905804,0.30708966364918366,0.45959681160330007
primary_development_2022_2023_partial,s2_reclaim_daily_trend,10,5m,331,-0.0030094206319969787,-0.003042852769415169,0.0005776915168248927,0,0.0,3.2917196473349313e-241,4.5719495651291e-100,6.583439294669863e-241
primary_development_2022_2023_partial,s2_reclaim_daily_trend,10,15m,331,-0.0030082365731270173,-0.002949195625608375,0.0011895256607763805,5,0.015105740181268883,1.9669316182356514e-145,1.491249912889426e-89,3.782560804299329e-145
primary_development_2022_2023_partial,s2_reclaim_daily_trend,10,30m,331,-0.003052027111415878,-0.0030162007396404727,0.0018239488088896722,14,0.04229607250755287,1.1084200178315115e-97,7.865299386413312e-76,4.156575066868168e-97
primary_development_2022_2023_partial,s2_reclaim_daily_trend,10,60m,331,-0.003238665310583196,-0.0031065248598369983,0.0030946174215374716,42,0.1268882175226586,5.993579192403171e-55,1.708856419518332e-46,6.915668298926736e-54
primary_development_2022_2023_partial,s2_reclaim_daily_trend,10,1d,331,-0.003520612976301486,-0.0022358066189785155,0.013897245943619956,132,0.3987915407854985,5.976723897810531e-06,0.000273745353789601,6.40363274765414e-05
primary_development_2022_2023_partial,s2_reclaim_daily_trend,10,2d,331,-0.0042825969221606365,-0.002737001604823808,0.019103461764763942,138,0.4169184290030212,5.830614684747183e-05,0.0029394515441761803,0.0021864805067801935
primary_development_2022_2023_partial,s2_reclaim_daily_trend,10,3d,331,-0.004970110922618407,-0.003077581644049667,0.023622852708367736,137,0.41389728096676737,0.0001581966730150734,0.0020377594974601326,0.005722559194867714
primary_development_2022_2023_partial,s2_reclaim_daily_trend,10,5d,331,-0.005706593455720927,-0.0028472049627317167,0.029508721759620566,156,0.47129909365558914,0.0005047574985449839,0.3224854616925212,0.012618937463624599
primary_development_2022_2023_partial,s2_reclaim_daily_trend,20,5m,331,-0.002917731935911508,-0.00296967169781065,0.0006759921171702876,2,0.006042296072507553,2.1019605515031445e-215,2.5121491275514865e-95,3.318885081320755e-215
primary_development_2022_2023_partial,s2_reclaim_daily_trend,20,15m,331,-0.002915784408072869,-0.002938235122309036,0.0012151244342372312,6,0.01812688821752266,5.7178144097260386e-139,8.128079013302738e-88,1.0588545203196369e-138
primary_development_2022_2023_partial,s2_reclaim_daily_trend,20,30m,331,-0.002871867522162691,-0.0028933780766691726,0.0018836465158796722,17,0.0513595166163142,4.311168124303339e-88,6.146587156406341e-72,7.791267694524107e-88
primary_development_2022_2023_partial,s2_reclaim_daily_trend,20,60m,331,-0.0028923798951136386,-0.0029754179395680255,0.0030290845649196614,55,0.1661631419939577,2.3153783090382976e-48,1.5044511092752331e-36,6.552957478410276e-48
primary_development_2022_2023_partial,s2_reclaim_daily_trend,20,1d,331,-0.002734044219286167,-0.001758893436035685,0.014273380075257287,151,0.4561933534743202,0.0005694798273179335,0.12367020291162287,0.001031511354116416
primary_development_2022_2023_partial,s2_reclaim_daily_trend,20,2d,331,-0.0032522244867407126,-0.0015896726458322304,0.019413199539243215,149,0.4501510574018127,0.002528148106833936,0.07844038321120742,0.009249322342075376
primary_development_2022_2023_partial,s2_reclaim_daily_trend,20,3d,331,-0.003685583231179922,-0.002347883861701916,0.02410437558722004,153,0.4622356495468278,0.005789595978275683,0.18703395961266983,0.039324817972151385
primary_development_2022_2023_partial,s2_reclaim_daily_trend,20,5d,331,-0.004574462570394875,-0.002265301759292078,0.030077964905994688,156,0.47129909365558914,0.006052209860153631,0.3224854616925212,0.11347893487788058
primary_development_2022_2023_partial,s2_reclaim_daily_trend,40,5m,331,-0.002833681267100708,-0.0029119074189856774,0.0007499498131709869,1,0.0030211480362537764,1.952459176938179e-197,1.5178872556228612e-97,2.7629139296294986e-197
primary_development_2022_2023_partial,s2_reclaim_daily_trend,40,15m,331,-0.002709229146872213,-0.0028361004767942302,0.0014528139457472937,10,0.030211480362537766,1.8855290808589327e-109,1.7891960484140454e-81,2.54801227143099e-109
primary_development_2022_2023_partial,s2_reclaim_daily_trend,40,30m,331,-0.0026393909083926113,-0.0027201487656202195,0.0021565446111976787,28,0.08459214501510574,1.4186753359546382e-67,1.8307943516968578e-59,1.9345572763017793e-67
primary_development_2022_2023_partial,s2_reclaim_daily_trend,40,60m,331,-0.0026809763063124895,-0.0027074408549276653,0.0033138509698477352,64,0.1933534743202417,5.768463214568554e-38,1.2904006784611573e-30,7.795220560227776e-38
primary_development_2022_2023_partial,s2_reclaim_daily_trend,40,1d,331,-0.002619027100491011,-0.0015931643552545385,0.015081658123425695,146,0.44108761329305135,0.0017548697458269504,0.036577927738126986,0.0025310621334042552
primary_development_2022_2023_partial,s2_reclaim_daily_trend,40,2d,331,-0.003095499185816205,-0.001856948680352992,0.02052197367683761,150,0.45317220543806647,0.006475921878077856,0.0990117771110954,0.01439421946976749
primary_development_2022_2023_partial,s2_reclaim_daily_trend,40,3d,331,-0.0034385106501569106,-0.0018550489163179336,0.0250305121364835,149,0.4501510574018127,0.013065913174974809,0.07844038321120742,0.044559911533170925
primary_development_2022_2023_partial,s2_reclaim_daily_trend,40,5d,331,-0.00432742556161432,-0.002138668431400014,0.030774112130815167,155,0.46827794561933533,0.011083498398921901,0.2716127621266505,0.15868954274155853
primary_development_2022_2023_partial,s2_reclaim_daily_trend,60,5m,331,-0.002759497609262642,-0.0028512928302047305,0.0007313994442687546,1,0.0030211480362537764,3.0833939675381554e-197,1.5178872556228612e-97,4.3225149077637693e-197
primary_development_2022_2023_partial,s2_reclaim_daily_trend,60,15m,331,-0.0025761800059050147,-0.00263775792046823,0.0013277737419952883,12,0.03625377643504532,6.617586084393128e-114,1.4016065592824741e-78,9.106769840907975e-114
primary_development_2022_2023_partial,s2_reclaim_daily_trend,60,30m,331,-0.0023800056483422563,-0.0024000234568485944,0.0020859350850549103,37,0.11178247734138973,1.054429204579661e-61,8.03675291377859e-51,1.3874068481311329e-61
primary_development_2022_2023_partial,s2_reclaim_daily_trend,60,60m,331,-0.0023238290116864434,-0.002311925704884598,0.003379695697270571,73,0.22054380664652568,1.3929535200176183e-29,2.3344442643728245e-25,1.6582780000209743e-29
primary_development_2022_2023_partial,s2_reclaim_daily_trend,60,1d,331,-0.002825573457661083,-0.001904020636484364,0.015652339482093828,143,0.43202416918429004,0.001151568984517682,0.015459633987649112,0.0018182668176594979
primary_development_2022_2023_partial,s2_reclaim_daily_trend,60,2d,331,-0.0034504176713556953,-0.002339811417736993,0.02125895506425384,149,0.4501510574018127,0.0034220071290765987,0.07844038321120742,0.010475532027785506
primary_development_2022_2023_partial,s2_reclaim_daily_trend,60,3d,331,-0.004121277628913651,-0.0021563925545102954,0.025696311254889016,151,0.4561933534743202,0.0038175979791339365,0.12367020291162287,0.039324817972151385
primary_development_2022_2023_partial,s2_reclaim_daily_trend,60,5d,331,-0.004906570000415677,-0.002933103334534522,0.03136996019312344,156,0.47129909365558914,0.004771920073655298,0.3224854616925212,0.10225543014975638
primary_development_2022_2023_partial,s2_reclaim_daily_trend,120,5m,331,-0.0028026675517492986,-0.0029359116918150382,0.0008989191145259628,6,0.01812688821752266,4.7424775604750813e-172,8.128079013302738e-88,6.295324195320904e-172
primary_development_2022_2023_partial,s2_reclaim_daily_trend,120,15m,331,-0.0025697782747828206,-0.0027793359335439955,0.0017088448474853201,16,0.04833836858006042,1.0200668819242645e-86,3.3056005762140386e-73,1.2541805925298335e-86
primary_development_2022_2023_partial,s2_reclaim_daily_trend,120,30m,331,-0.0023435864471712414,-0.0024487829469847814,0.0024628753007644374,38,0.1148036253776435,3.998496395248745e-48,6.245065001468526e-50,4.5784309869260437e-48
primary_development_2022_2023_partial,s2_reclaim_daily_trend,120,60m,331,-0.002149870217646456,-0.0022737726751017664,0.0037714466605356803,85,0.256797583081571,6.039755117745618e-22,2.716820606867327e-19,6.710839019717354e-22
primary_development_2022_2023_partial,s2_reclaim_daily_trend,120,1d,331,-0.0019918849523740062,-0.0015667544031586118,0.015811189245271112,150,0.45317220543806647,0.022738292450673585,0.0990117771110954,0.025838968693947254
primary_development_2022_2023_partial,s2_reclaim_daily_trend,120,2d,331,-0.0019689937343302334,-0.0009154950043136959,0.02196553393126146,158,0.4773413897280967,0.10439559909354593,0.4416382410514279,0.11686074525396932
primary_development_2022_2023_partial,s2_reclaim_daily_trend,120,3d,331,-0.0021369180014152315,-0.0009111518749655784,0.026253563640287893,158,0.4773413897280967,0.14019576929878497,0.4416382410514279,0.16176434919090574
primary_development_2022_2023_partial,s2_reclaim_daily_trend,120,5d,331,-0.002168493245198879,-0.0003075996560723826,0.03274773430919046,164,0.4954682779456193,0.2298727714880592,0.9124867149020457,0.27150327341109354
primary_development_2022_2023_partial,s2_reclaim_daily_trend,240,5m,331,-0.0028929022225896964,-0.002939445859967588,0.0007752700393955287,2,0.006042296072507553,9.26066122991036e-196,2.5121491275514865e-95,1.2862029485986612e-195
primary_development_2022_2023_partial,s2_reclaim_daily_trend,240,15m,331,-0.0028313976969455185,-0.00285872544630629,0.0013280143362703163,8,0.02416918429003021,8.571536950514287e-125,1.5381862703572027e-84,1.2605201397815128e-124
primary_development_2022_2023_partial,s2_reclaim_daily_trend,240,30m,331,-0.002765408452737174,-0.002745416569040868,0.0019276943196965778,22,0.06646525679758308,4.274456648885784e-82,5.854991704520268e-66,6.749142077188081e-82
primary_development_2022_2023_partial,s2_reclaim_daily_trend,240,60m,331,-0.0027297912317135664,-0.002615886117994706,0.0031522435640097125,55,0.1661631419939577,5.324930869088688e-42,1.5044511092752331e-36,7.908313171913894e-42
primary_development_2022_2023_partial,s2_reclaim_daily_trend,240,1d,331,-0.0024499210424855566,-0.0012446261643777484,0.014613176255944528,143,0.43202416918429004,0.002509651639990803,0.015459633987649112,0.003331395982288676
primary_development_2022_2023_partial,s2_reclaim_daily_trend,240,2d,331,-0.0030042510312381825,-0.0009437891157363487,0.019935653989547927,159,0.48036253776435045,0.0065253794929612625,0.5095843076624359,0.01439421946976749
primary_development_2022_2023_partial,s2_reclaim_daily_trend,240,3d,331,-0.003176557832519936,-0.0013568798943144652,0.024374674310712767,156,0.47129909365558914,0.018489108920998653,0.3224854616925212,0.04952439889553211
primary_development_2022_2023_partial,s2_reclaim_daily_trend,240,5d,331,-0.0032106383734241124,-0.0002974498805859214,0.030844139699255008,163,0.49244712990936557,0.0595092776659425,0.8260214930986781,0.1785278329978275
primary_development_2022_2023_partial,s2_reclaim_positive_slope,10,5m,331,-0.0029695128841302396,-0.002997247158004685,0.0005175623708531421,0,0.0,1.3364913005520704e-254,4.5719495651291e-100,3.712475834866862e-254
primary_development_2022_2023_partial,s2_reclaim_positive_slope,10,15m,331,-0.0029039762434799584,-0.0029277435777227342,0.0011413376944719353,6,0.01812688821752266,3.461085339588202e-146,8.128079013302738e-88,6.922170679176404e-146
primary_development_2022_2023_partial,s2_reclaim_positive_slope,10,30m,331,-0.002886099160779004,-0.0028784824256741022,0.0018502215703380218,16,0.04833836858006042,2.1210617794969548e-90,3.3056005762140386e-73,4.18630614374399e-90
primary_development_2022_2023_partial,s2_reclaim_positive_slope,10,60m,331,-0.002996749392756125,-0.0029217466611530084,0.0031798845975788336,47,0.1419939577039275,1.8167061444761983e-47,1.85072735078708e-42,4.618744435108979e-47
primary_development_2022_2023_partial,s2_reclaim_positive_slope,10,1d,331,-0.003123787605577289,-0.002393927486854091,0.014215621669195792,139,0.4199395770392749,8.084140598759682e-05,0.004191441220551718,0.00032773542967944654
primary_development_2022_2023_partial,s2_reclaim_positive_slope,10,2d,331,-0.0035435002926501977,-0.001716803977662084,0.019608975596467185,152,0.459214501510574,0.0011382030959213398,0.15287097030698535,0.006310651706076658
primary_development_2022_2023_partial,s2_reclaim_positive_slope,10,3d,331,-0.00412061927719621,-0.0015905662967122917,0.024266491039233017,149,0.4501510574018127,0.002209772060069226,0.07844038321120742,0.0368295343344871
primary_development_2022_2023_partial,s2_reclaim_positive_slope,10,5d,331,-0.004250487949237985,-0.0011359829541950708,0.030761395981097662,160,0.48338368580060426,0.012548055139356095,0.5826263292692689,0.15868954274155853
primary_development_2022_2023_partial,s2_reclaim_positive_slope,20,5m,331,-0.0029260055539059157,-0.002998740077435082,0.0006503922726133066,1,0.0030211480362537764,4.720528807959541e-221,1.5178872556228612e-97,8.2334804789992e-221
primary_development_2022_2023_partial,s2_reclaim_positive_slope,20,15m,331,-0.0028613208872818067,-0.0029669518259345584,0.0012034706529130785,10,0.030211480362537766,7.620200839918383e-138,1.7891960484140454e-81,1.3607501499854256e-137
primary_development_2022_2023_partial,s2_reclaim_positive_slope,20,30m,331,-0.002842612553674757,-0.0028216131659333068,0.0017629386451791813,16,0.04833836858006042,8.396228913488944e-94,3.3056005762140386e-73,2.1714385121092097e-93
primary_development_2022_2023_partial,s2_reclaim_positive_slope,20,60m,331,-0.0028665931980112486,-0.0028424685333801126,0.0030607959547323503,49,0.14803625377643503,4.781545142297686e-47,6.386711068630736e-41,1.156825437652666e-46
primary_development_2022_2023_partial,s2_reclaim_positive_slope,20,1d,331,-0.0028585390064579308,-0.002336576796281059,0.014462234232630275,146,0.44108761329305135,0.00038005632819419646,0.036577927738126986,0.0007867675247156009
primary_development_2022_2023_partial,s2_reclaim_positive_slope,20,2d,331,-0.0031561693588665527,-0.001312700379045749,0.0197429470480243,153,0.4622356495468278,0.003931882659564033,0.18703395961266983,0.011375887313386443
primary_development_2022_2023_partial,s2_reclaim_positive_slope,20,3d,331,-0.003339754251904047,-0.0010508169182189852,0.024125235464899385,156,0.47129909365558914,0.012385634527933818,0.3224854616925212,0.044559911533170925
primary_development_2022_2023_partial,s2_reclaim_positive_slope,20,5d,331,-0.002990386165201899,-0.00027111137965219454,0.030841663865344947,164,0.4954682779456193,0.07910467262272605,0.9124867149020457,0.20111357446455777
primary_development_2022_2023_partial,s2_reclaim_positive_slope,40,5m,331,-0.002845022688222808,-0.002911023969932201,0.0006852352043634488,1,0.0030211480362537764,3.912581510633403e-210,1.5178872556228612e-97,5.928153803990004e-210
primary_development_2022_2023_partial,s2_reclaim_positive_slope,40,15m,331,-0.0027246939161134705,-0.002796816792439918,0.001364880456670755,10,0.030211480362537766,3.745689874163104e-117,1.7891960484140454e-81,5.35098553451872e-117
primary_development_2022_2023_partial,s2_reclaim_positive_slope,40,30m,331,-0.002644859404930543,-0.002724708438234729,0.0020875888321788202,23,0.06948640483383686,1.3625049990342673e-70,7.895369112365708e-65,1.9280731118409442e-70
primary_development_2022_2023_partial,s2_reclaim_positive_slope,40,60m,331,-0.0026652550285839573,-0.0025499720665944888,0.0032669915372901203,60,0.18126888217522658,1.91658021989772e-38,3.644105152877335e-33,2.661916972080167e-38
primary_development_2022_2023_partial,s2_reclaim_positive_slope,40,1d,331,-0.0023562578842222853,-0.0017932771074107693,0.015090513791028284,153,0.4622356495468278,0.004843535697418118,0.18703395961266983,0.005955166841087851
primary_development_2022_2023_partial,s2_reclaim_positive_slope,40,2d,331,-0.0023188519777475065,-0.0013191165667574294,0.020518218400463164,160,0.48338368580060426,0.04085997855578975,0.5826263292692689,0.05065286597825176
primary_development_2022_2023_partial,s2_reclaim_positive_slope,40,3d,331,-0.0022842526682988035,-0.00028196796752227637,0.025168782965136582,162,0.48942598187311176,0.10016287825152315,0.7416149670525334,0.12520359781440393
primary_development_2022_2023_partial,s2_reclaim_positive_slope,40,5d,331,-0.0027686673715518265,-0.0005871951455255826,0.03079596587146969,163,0.49244712990936557,0.10338495013451492,0.8260214930986781,0.2095640881105032
primary_development_2022_2023_partial,s2_reclaim_positive_slope,60,5m,331,-0.002781017812215732,-0.002805821090097474,0.0006564942073900202,1,0.0030211480362537764,7.363589496540568e-213,1.5178872556228612e-97,1.1386994066815312e-212
primary_development_2022_2023_partial,s2_reclaim_positive_slope,60,15m,331,-0.0026053318891001804,-0.0025691287733871494,0.0012614360360582888,9,0.027190332326283987,4.434133210569602e-121,5.538330259998636e-83,6.3953844383215415e-121
primary_development_2022_2023_partial,s2_reclaim_positive_slope,60,30m,331,-0.0024509155015342704,-0.0024560056897773804,0.0019597086601757137,28,0.08459214501510574,1.8778775662210956e-69,1.8307943516968578e-59,2.6081632864181884e-69
primary_development_2022_2023_partial,s2_reclaim_positive_slope,60,60m,331,-0.0024024005090565897,-0.0022466662486939435,0.003181868272393807,71,0.21450151057401812,3.416271880941557e-34,1.7978382033902047e-26,4.379835744796867e-34
primary_development_2022_2023_partial,s2_reclaim_positive_slope,60,1d,331,-0.0025993930183122603,-0.0017079296651920026,0.015145518517988801,153,0.4622356495468278,0.001982532773022183,0.18703395961266983,0.002734598955786687
primary_development_2022_2023_partial,s2_reclaim_positive_slope,60,2d,331,-0.003078164986747661,-0.002449730523992211,0.020660606283220976,150,0.45317220543806647,0.0071535495045191985,0.0990117771110954,0.014921887463917205
primary_development_2022_2023_partial,s2_reclaim_positive_slope,60,3d,331,-0.003408010902167107,-0.0016917425149850218,0.02500234832731046,153,0.4622356495468278,0.013781827796811436,0.18703395961266983,0.04494074281568947
primary_development_2022_2023_partial,s2_reclaim_positive_slope,60,5d,331,-0.0038453326739175176,-0.0011322767530311912,0.030899817737179012,160,0.48338368580060426,0.024431460762913842,0.5826263292692689,0.1589022707688458
primary_development_2022_2023_partial,s2_reclaim_positive_slope,120,5m,331,-0.002818570484508145,-0.0028295547627656993,0.0007329222857755736,1,0.0030211480362537764,8.462053270398534e-200,1.5178872556228612e-97,1.220488452461327e-199
primary_development_2022_2023_partial,s2_reclaim_positive_slope,120,15m,331,-0.0026965892128417114,-0.0026566138736383725,0.0013571641308031237,8,0.02416918429003021,1.293515801150364e-116,1.5381862703572027e-84,1.830446888420326e-116
primary_development_2022_2023_partial,s2_reclaim_positive_slope,120,30m,331,-0.0026188974035392747,-0.0026242142519580943,0.002092044056164645,33,0.09969788519637462,1.551590300752081e-69,1.6206100638953845e-54,2.1751265898393658e-69
primary_development_2022_2023_partial,s2_reclaim_positive_slope,120,60m,331,-0.0026148556374827846,-0.002449002536549596,0.003390899476930144,68,0.2054380664652568,2.596196196269661e-35,3.3622876206618834e-28,3.386342864699558e-35
primary_development_2022_2023_partial,s2_reclaim_positive_slope,120,1d,331,-0.002528431451702128,-0.0015759993325839953,0.015515205214478144,147,0.44410876132930516,0.003294836652301229,0.04768149843926189,0.004260564636596417
primary_development_2022_2023_partial,s2_reclaim_positive_slope,120,2d,331,-0.002674291734688547,-0.0023790329246583513,0.02095233122908205,147,0.44410876132930516,0.021025121664950654,0.04768149843926189,0.030035888092786647
primary_development_2022_2023_partial,s2_reclaim_positive_slope,120,3d,331,-0.002910693199751103,-0.0022115539995349143,0.02528245638177218,154,0.4652567975830816,0.03725776371755818,0.22652105114781237,0.07129720771953811
primary_development_2022_2023_partial,s2_reclaim_positive_slope,120,5d,331,-0.003713918812001077,-0.0005256060009328384,0.0309270080166736,162,0.48942598187311176,0.029853157995859664,0.7416149670525334,0.1589022707688458
primary_development_2022_2023_partial,s2_reclaim_positive_slope,240,5m,331,-0.0029320711842797495,-0.0029711688118340177,0.0006878340557612227,0,0.0,1.0401212341267665e-213,4.5719495651291e-100,1.6251894283230725e-213
primary_development_2022_2023_partial,s2_reclaim_positive_slope,240,15m,331,-0.0028051318359755095,-0.002834616020663091,0.001304667799105087,5,0.015105740181268883,8.753833270697001e-126,1.491249912889426e-89,1.300074248123317e-125
primary_development_2022_2023_partial,s2_reclaim_positive_slope,240,30m,331,-0.002748506762725108,-0.0027410437414466214,0.002025248302805488,25,0.0755287009063444,7.824773548180607e-77,1.2536921370795744e-62,1.1395301283758166e-76
primary_development_2022_2023_partial,s2_reclaim_positive_slope,240,60m,331,-0.002732145415557649,-0.0027358874469591704,0.0033650935073190075,69,0.2084592145015106,3.612385780820351e-38,1.289765332101471e-27,4.971173092872044e-38
primary_development_2022_2023_partial,s2_reclaim_positive_slope,240,1d,331,-0.0023755296091803662,-0.001606135707532373,0.015643159200305803,150,0.45317220543806647,0.006128135971759717,0.0990117771110954,0.007413067707773851
primary_development_2022_2023_partial,s2_reclaim_positive_slope,240,2d,331,-0.0023360127314037064,-0.0002493887789368965,0.021266933691490686,165,0.4984894259818731,0.04682242627920225,1.0,0.05574098366571697
primary_development_2022_2023_partial,s2_reclaim_positive_slope,240,3d,331,-0.0020163234607654826,-0.001451382298383665,0.025528748423951333,158,0.4773413897280967,0.1522946092393207,0.4416382410514279,0.17306205595377352
primary_development_2022_2023_partial,s2_reclaim_positive_slope,240,5d,331,-0.0016582938681423017,0.0008338313678147343,0.032330429556572796,170,0.513595166163142,0.35213849503004496,0.6602051224044762,0.38973514218477945
primary_development_2022_2023_partial,s2_reclaim_recent_high,10,5m,331,-0.0032059900919447167,-0.0031837906035198206,0.00037450635763831266,0,0.0,0.0,4.5719495651291e-100,0.0
primary_development_2022_2023_partial,s2_reclaim_recent_high,10,15m,331,-0.003371360888963509,-0.0032904359332448004,0.0010160156331119096,1,0.0030211480362537764,3.412946389140827e-180,1.5178872556228612e-97,2.8441219909506895e-179
primary_development_2022_2023_partial,s2_reclaim_recent_high,10,30m,331,-0.0034320112946170473,-0.0033076775073669663,0.0018813895099172068,10,0.030211480362537766,5.213394914174573e-107,1.7891960484140454e-81,3.4000401614181995e-106
primary_development_2022_2023_partial,s2_reclaim_recent_high,10,60m,331,-0.003677022294774363,-0.003325467864742348,0.0033188989714614233,29,0.08761329305135952,2.411700871803396e-59,1.920447475347898e-58,9.687720051004085e-58
primary_development_2022_2023_partial,s2_reclaim_recent_high,10,1d,331,-0.004112209184706849,-0.002682841234250743,0.014009357476247347,134,0.40483383685800606,1.8030656534147015e-07,0.00063303510088358,9.015328267073506e-06
primary_development_2022_2023_partial,s2_reclaim_recent_high,10,2d,331,-0.004370164084431981,-0.003122580449978806,0.019192536140029987,146,0.44108761329305135,4.4811939447666105e-05,0.036577927738126986,0.0021864805067801935
primary_development_2022_2023_partial,s2_reclaim_recent_high,10,3d,331,-0.004489590578343664,-0.0035027608369088787,0.023883314760820597,142,0.42900302114803623,0.0007178459258587065,0.011346439750195308,0.015382412696972282
primary_development_2022_2023_partial,s2_reclaim_recent_high,10,5d,331,-0.0045392683234405495,-0.0005811595651979218,0.030462612440169467,162,0.48942598187311176,0.007144379541485993,0.7416149670525334,0.11907299235809989
primary_development_2022_2023_partial,s2_reclaim_recent_high,20,5m,331,-0.0031740462209519983,-0.003140375212235978,0.00040395734255860836,0,0.0,1.1292409810902584e-298,4.5719495651291e-100,7.699370325615398e-298
primary_development_2022_2023_partial,s2_reclaim_recent_high,20,15m,331,-0.0033216935604553706,-0.0032100247899531993,0.000999267554034487,2,0.006042296072507553,1.9916025956490853e-180,2.5121491275514865e-95,1.7572964079256636e-179
primary_development_2022_2023_partial,s2_reclaim_recent_high,20,30m,331,-0.0033714190835816456,-0.003243047393403334,0.0018027486688109253,8,0.02416918429003021,9.050638597622684e-110,1.5381862703572027e-84,6.464741855444775e-109
primary_development_2022_2023_partial,s2_reclaim_recent_high,20,60m,331,-0.0036065886969322966,-0.003236951716889247,0.0031654474915438135,24,0.07250755287009064,1.3744290899702612e-61,1.0170536670025794e-63,2.0616436349553917e-59
primary_development_2022_2023_partial,s2_reclaim_recent_high,20,1d,331,-0.003914563246004953,-0.003164590504209898,0.013826630363416645,138,0.4169184290030212,4.643720658036947e-07,0.0029394515441761803,1.741395246763855e-05
primary_development_2022_2023_partial,s2_reclaim_recent_high,20,2d,331,-0.0041179149404530855,-0.0020321806865693432,0.019265104360127943,152,0.459214501510574,0.0001246598579278772,0.15287097030698535,0.0031172510521099116
primary_development_2022_2023_partial,s2_reclaim_recent_high,20,3d,331,-0.0041309900651174,-0.0024208331808759395,0.02402533267430386,149,0.4501510574018127,0.001945454190547091,0.07844038321120742,0.036477266072757954
primary_development_2022_2023_partial,s2_reclaim_recent_high,20,5d,331,-0.00420719622433824,-0.00047459442800921873,0.03049910630564044,163,0.49244712990936557,0.012695163419324683,0.8260214930986781,0.15868954274155853
primary_development_2022_2023_partial,s2_reclaim_recent_high,40,5m,331,-0.0031584267342765725,-0.0031155191454860865,0.0004183462411857056,0,0.0,4.8006162651199547e-293,4.5719495651291e-100,3.0003851656999717e-292
primary_development_2022_2023_partial,s2_reclaim_recent_high,40,15m,331,-0.0032819568472428197,-0.0031748362618357106,0.0009934001334068838,0,0.0,1.2785706110563183e-179,4.5719495651291e-100,1.0093978508339356e-178
primary_development_2022_2023_partial,s2_reclaim_recent_high,40,30m,331,-0.003322440263005793,-0.0031649137581096155,0.0018249958175565182,5,0.015105740181268883,8.692920697015006e-107,1.491249912889426e-89,5.433075435634379e-106
primary_development_2022_2023_partial,s2_reclaim_recent_high,40,60m,331,-0.0035637527720024965,-0.003363513641485666,0.0031398391118526744,33,0.09969788519637462,2.805467619694167e-61,1.6206100638953845e-54,2.1041007147706253e-59
primary_development_2022_2023_partial,s2_reclaim_recent_high,40,1d,331,-0.003889920676909106,-0.003089179445946848,0.01392047385261947,135,0.4078549848942598,6.44451848465201e-07,0.000945718186005133,1.933355545395603e-05
primary_development_2022_2023_partial,s2_reclaim_recent_high,40,2d,331,-0.004052863531051082,-0.0023527474662578367,0.019404043963546943,154,0.4652567975830816,0.00017613591413215046,0.22652105114781237,0.003302548389977821
primary_development_2022_2023_partial,s2_reclaim_recent_high,40,3d,331,-0.003956046007430268,-0.0022520924316906683,0.024230920958764515,144,0.4350453172205438,0.0032385902129634385,0.020829637575436134,0.039324817972151385
primary_development_2022_2023_partial,s2_reclaim_recent_high,40,5d,331,-0.003891440971663989,-0.0009346072466801805,0.03087151646343194,158,0.4773413897280967,0.022659983423802106,0.4416382410514279,0.1589022707688458
primary_development_2022_2023_partial,s2_reclaim_recent_high,60,5m,331,-0.0031683884588904537,-0.003113080074101616,0.0004251470371114372,0,0.0,3.226176668413624e-291,4.5719495651291e-100,1.9357060010481743e-290
primary_development_2022_2023_partial,s2_reclaim_recent_high,60,15m,331,-0.0032486887968717912,-0.0031149542099023994,0.0009955493512343195,0,0.0,5.331380417094217e-178,4.5719495651291e-100,3.6350321025642387e-177
primary_development_2022_2023_partial,s2_reclaim_recent_high,60,30m,331,-0.0032556296490881776,-0.002968709365490658,0.001816592430549377,8,0.02416918429003021,4.600575237291124e-105,1.5381862703572027e-84,2.5558751318284024e-104
primary_development_2022_2023_partial,s2_reclaim_recent_high,60,60m,331,-0.0034239093466498995,-0.0030646668765981887,0.0032207146225887873,33,0.09969788519637462,3.8977592445534564e-56,1.6206100638953845e-54,6.4962654075890944e-55
primary_development_2022_2023_partial,s2_reclaim_recent_high,60,1d,331,-0.0037404578655906543,-0.002823937176227938,0.014121750031353596,138,0.4169184290030212,2.2814258963299636e-06,0.0029394515441761803,3.4408292724375094e-05
primary_development_2022_2023_partial,s2_reclaim_recent_high,60,2d,331,-0.003779123780007457,-0.0021261500239359733,0.0196536551319567,151,0.4561933534743202,0.0005426292566220942,0.12367020291162287,0.004949498181557492
primary_development_2022_2023_partial,s2_reclaim_recent_high,60,3d,331,-0.003669690717641854,-0.0018085095176184928,0.024296442525739242,153,0.4622356495468278,0.0064063258649202535,0.18703395961266983,0.039324817972151385
primary_development_2022_2023_partial,s2_reclaim_recent_high,60,5d,331,-0.0037035725316627664,-0.00041710116699098947,0.031004257014311754,164,0.4954682779456193,0.030721105681976855,0.9124867149020457,0.1589022707688458
primary_development_2022_2023_partial,s2_reclaim_recent_high,120,5m,331,-0.003138731233829446,-0.003122446347696591,0.0004473360399363981,0,0.0,9.68385439604746e-283,4.5719495651291e-100,5.0088902048521344e-282
primary_development_2022_2023_partial,s2_reclaim_recent_high,120,15m,331,-0.003214894585444916,-0.0031399360384276676,0.0010293471204969715,0,0.0,2.820422230886494e-172,4.5719495651291e-100,1.627166671665285e-171
primary_development_2022_2023_partial,s2_reclaim_recent_high,120,30m,331,-0.0031999424053533693,-0.0030515350293744913,0.001899133373168581,11,0.03323262839879154,2.0438792716997124e-98,5.2385004358078865e-80,8.516163632082134e-98
primary_development_2022_2023_partial,s2_reclaim_recent_high,120,60m,331,-0.0033597100946309794,-0.0031294792498905697,0.003392053719954374,36,0.10876132930513595,6.411347787760951e-51,1.0036641728450753e-51,3.122350456159245e-50
primary_development_2022_2023_partial,s2_reclaim_recent_high,120,1d,331,-0.0034674012991416665,-0.0027589047100963653,0.013990685501732665,139,0.4199395770392749,9.340414678605675e-06,0.004191441220551718,8.75663876119282e-05
primary_development_2022_2023_partial,s2_reclaim_recent_high,120,2d,331,-0.0034141613127412532,-0.0014432820734153634,0.01943311702397367,150,0.45317220543806647,0.0015513067761283598,0.0990117771110954,0.00705139443694709
primary_development_2022_2023_partial,s2_reclaim_recent_high,120,3d,331,-0.003277945213100381,-0.0022649289026102455,0.023745162472915797,151,0.4561933534743202,0.012630082081778474,0.12367020291162287,0.044559911533170925
primary_development_2022_2023_partial,s2_reclaim_recent_high,120,5d,331,-0.003417510127850779,0.0001596891856206674,0.030005820106034347,169,0.5105740181268882,0.03932397766284392,0.7416149670525334,0.1670075343286477
primary_development_2022_2023_partial,s2_reclaim_recent_high,240,5m,331,-0.003186823986052348,-0.0031669319788042937,0.0004992223010578715,0,0.0,1.7344942559115488e-269,4.5719495651291e-100,7.652180540786244e-269
primary_development_2022_2023_partial,s2_reclaim_recent_high,240,15m,331,-0.0033043476542235716,-0.003184005912959546,0.0011034884274162653,0,0.0,8.011330385220064e-167,4.5719495651291e-100,4.005665192610032e-166
primary_development_2022_2023_partial,s2_reclaim_recent_high,240,30m,331,-0.0033198186988603797,-0.0032064580539346308,0.0019368520277145728,10,0.030211480362537766,3.0689802177120497e-100,1.7891960484140454e-81,1.4385844770525232e-99
primary_development_2022_2023_partial,s2_reclaim_recent_high,240,60m,331,-0.003526891877303794,-0.003332159457234839,0.0033842708233884477,34,0.1027190332326284,1.2415127751983666e-54,1.4263553357817988e-53,1.2415127751983665e-53
primary_development_2022_2023_partial,s2_reclaim_recent_high,240,1d,331,-0.00353630049559629,-0.0026124875787605366,0.013886344992849823,140,0.4229607250755287,5.358857377339973e-06,0.005908455633866707,6.183296973853814e-05
primary_development_2022_2023_partial,s2_reclaim_recent_high,240,2d,331,-0.003569742560330626,-0.00198941758063186,0.01938761942472762,148,0.4471299093655589,0.0009182380737097754,0.06148593768932176,0.005988509176368101
primary_development_2022_2023_partial,s2_reclaim_recent_high,240,3d,331,-0.003369497629635086,-0.0023117722418604146,0.023629555021669187,147,0.44410876132930516,0.01001170195583652,0.04768149843926189,0.04428420688945933
primary_development_2022_2023_partial,s2_reclaim_recent_high,240,5d,331,-0.003503294447505459,0.00017839773619685162,0.03039304091091215,166,0.5015105740181269,0.0370300381428112,1.0,0.1670075343286477
primary_development_2022_2023_partial,s4_auction_confirmed_reclaim,10,5m,331,-0.0029959680537958782,-0.0030056585483422974,0.0005027496140764948,0,0.0,7.033227414591321e-260,4.5719495651291e-100,2.344409138197107e-259
primary_development_2022_2023_partial,s4_auction_confirmed_reclaim,10,15m,331,-0.0030249549667349064,-0.003058390146640122,0.0011236122468958846,5,0.015105740181268883,2.982899196108391e-153,1.491249912889426e-89,8.773232929730561e-153
primary_development_2022_2023_partial,s4_auction_confirmed_reclaim,10,30m,331,-0.0031051619098967902,-0.0029664413868763706,0.0018686988807294091,13,0.03927492447129909,6.040978946166912e-97,3.4509427791658022e-77,2.107318237034969e-96
primary_development_2022_2023_partial,s4_auction_confirmed_reclaim,10,60m,331,-0.003180067302580958,-0.0031059816712864473,0.003253765606785486,42,0.1268882175226586,5.617331549079328e-50,1.708856419518332e-46,2.006189838956903e-49
primary_development_2022_2023_partial,s4_auction_confirmed_reclaim,10,1d,331,-0.003180504671292978,-0.0019506412557082017,0.014439106325010137,145,0.4380664652567976,7.778517478493349e-05,0.027755090478306058,0.00032773542967944654
primary_development_2022_2023_partial,s4_auction_confirmed_reclaim,10,2d,331,-0.003453032713687596,-0.00154256053037946,0.019459797154397256,152,0.459214501510574,0.0013931214819475721,0.15287097030698535,0.00674091039652051
primary_development_2022_2023_partial,s4_auction_confirmed_reclaim,10,3d,331,-0.003581260455925383,-0.002617704896680816,0.023955297207935076,147,0.44410876132930516,0.006960566041870395,0.04768149843926189,0.039324817972151385
primary_development_2022_2023_partial,s4_auction_confirmed_reclaim,10,5d,331,-0.0033404151064359328,-0.00045597872660793685,0.03030532144383394,163,0.49244712990936557,0.04606571178641838,0.8260214930986781,0.1735001086746531
primary_development_2022_2023_partial,s4_auction_confirmed_reclaim,20,5m,331,-0.00293833893583374,-0.002940201820323519,0.0005187920850669451,0,0.0,8.383662412620024e-253,4.5719495651291e-100,2.20622695068948e-252
primary_development_2022_2023_partial,s4_auction_confirmed_reclaim,20,15m,331,-0.0029829716115326497,-0.0029407446616454736,0.0010446447572217165,2,0.006042296072507553,1.0068015247973672e-160,2.5121491275514865e-95,4.5763705672607596e-160
primary_development_2022_2023_partial,s4_auction_confirmed_reclaim,20,30m,331,-0.0030561271537417646,-0.0029322378338715108,0.001777605316544131,8,0.02416918429003021,1.4517261932484988e-100,1.5381862703572027e-84,7.258630966242494e-100
primary_development_2022_2023_partial,s4_auction_confirmed_reclaim,20,60m,331,-0.0031353144400432316,-0.0030233449473929543,0.0030074934790009795,39,0.11782477341389729,1.1700730462100695e-54,4.712524923368886e-49,1.2415127751983665e-53
primary_development_2022_2023_partial,s4_auction_confirmed_reclaim,20,1d,331,-0.0030977213950016957,-0.0020149292271893896,0.01422310581138961,146,0.44108761329305135,9.316237812830868e-05,0.036577927738126986,0.00035517932922972335
primary_development_2022_2023_partial,s4_auction_confirmed_reclaim,20,2d,331,-0.003349967029671591,-0.001245213480250171,0.019526829345780955,152,0.459214501510574,0.001990940615278062,0.15287097030698535,0.008062845762347061
primary_development_2022_2023_partial,s4_auction_confirmed_reclaim,20,3d,331,-0.0034012966026455405,-0.00125993076103308,0.024041231236625098,153,0.4622356495468278,0.010606202874137043,0.18703395961266983,0.04428420688945933
primary_development_2022_2023_partial,s4_auction_confirmed_reclaim,20,5d,331,-0.003306157887656835,-0.0006540183980983722,0.030181611912008757,162,0.48942598187311176,0.04742336303773851,0.7416149670525334,0.1735001086746531
primary_development_2022_2023_partial,s4_auction_confirmed_reclaim,40,5m,331,-0.002887894198774235,-0.002896772005503024,0.000490800400004872,0,0.0,4.119889741976302e-258,4.5719495651291e-100,1.2359669225928907e-257
primary_development_2022_2023_partial,s4_auction_confirmed_reclaim,40,15m,331,-0.0028936314409304977,-0.0028266697592563223,0.0010292947400243134,0,0.0,9.825851123435246e-159,4.5719495651291e-100,3.983453158149424e-158
primary_development_2022_2023_partial,s4_auction_confirmed_reclaim,40,30m,331,-0.002981613965080912,-0.0028201217368931083,0.001739943785305994,5,0.015105740181268883,3.2513476660605617e-100,1.491249912889426e-89,1.4778853027548008e-99
primary_development_2022_2023_partial,s4_auction_confirmed_reclaim,40,60m,331,-0.003053704893698361,-0.002894041643165932,0.0029131651181384605,43,0.1299093655589124,4.52914807279932e-55,1.153816413809746e-45,5.66143509099915e-54
primary_development_2022_2023_partial,s4_auction_confirmed_reclaim,40,1d,331,-0.002976839045465926,-0.0017689860219698072,0.014257922479551507,151,0.4561933534743202,0.00017715205949724638,0.12367020291162287,0.0005174511249746073
primary_development_2022_2023_partial,s4_auction_confirmed_reclaim,40,2d,331,-0.003277400600784552,-0.001113887626402163,0.01950159861757397,160,0.48338368580060426,0.0024503771328615517,0.5826263292692689,0.009188914248230819
primary_development_2022_2023_partial,s4_auction_confirmed_reclaim,40,3d,331,-0.0032966431743164,-0.0014307070852200715,0.024104294543884783,156,0.47129909365558914,0.013469716160127444,0.3224854616925212,0.04489905386709148
primary_development_2022_2023_partial,s4_auction_confirmed_reclaim,40,5d,331,-0.003045929729045089,-0.0004030999716853658,0.03071266200415163,163,0.49244712990936557,0.07252032146951994,0.8260214930986781,0.1908429512355788
primary_development_2022_2023_partial,s4_auction_confirmed_reclaim,60,5m,331,-0.002884055266028124,-0.002857087668028105,0.0005507747303008411,0,0.0,6.3596774137091856e-242,4.5719495651291e-100,1.3249327945227471e-241
primary_development_2022_2023_partial,s4_auction_confirmed_reclaim,60,15m,331,-0.002871210696597988,-0.00280664202083151,0.0010901045977350894,0,0.0,1.6784885582734342e-150,4.5719495651291e-100,4.127430881000248e-150
primary_development_2022_2023_partial,s4_auction_confirmed_reclaim,60,30m,331,-0.0029013395349895927,-0.0026690633124598715,0.0017757681162012557,8,0.02416918429003021,3.560050661123639e-95,1.5381862703572027e-84,1.0898114268745833e-94
primary_development_2022_2023_partial,s4_auction_confirmed_reclaim,60,60m,331,-0.0029383458534042767,-0.002747058472671647,0.0029999857844083874,46,0.13897280966767372,3.966129564551901e-50,3.0373798198994984e-43,1.4510230114214273e-49
primary_development_2022_2023_partial,s4_auction_confirmed_reclaim,60,1d,331,-0.002780290329394714,-0.0016783099077008299,0.014328058411569807,156,0.47129909365558914,0.00048329801917185915,0.3224854616925212,0.0008999659433491565
primary_development_2022_2023_partial,s4_auction_confirmed_reclaim,60,2d,331,-0.0030398571449339246,-0.0011794656261407879,0.019678717037772655,158,0.4773413897280967,0.005311150656884562,0.4416382410514279,0.013502925398859058
primary_development_2022_2023_partial,s4_auction_confirmed_reclaim,60,3d,331,-0.003108284904214785,-0.0014786794432384075,0.024431442212191457,158,0.4773413897280967,0.021440231400575337,0.4416382410514279,0.054432947541286095
primary_development_2022_2023_partial,s4_auction_confirmed_reclaim,60,5d,331,-0.0029254418790739833,0.0009496906118850559,0.030820025455459726,167,0.5045317220543807,0.08558826058994191,0.9124867149020457,0.20199858376713742
primary_development_2022_2023_partial,s4_auction_confirmed_reclaim,120,5m,331,-0.002870108564471261,-0.002861193807168492,0.0005625051090654668,0,0.0,2.425725066862229e-238,4.5719495651291e-100,4.605807088978916e-238
primary_development_2022_2023_partial,s4_auction_confirmed_reclaim,120,15m,331,-0.002848537109430583,-0.0027913712531614666,0.0011102727375277694,1,0.0030211480362537764,3.1969987213674447e-147,1.5178872556228612e-97,6.94999722036401e-147
primary_development_2022_2023_partial,s4_auction_confirmed_reclaim,120,30m,331,-0.002864117464691272,-0.002712707169171709,0.00175751580343513,13,0.03927492447129909,6.616357177638302e-95,3.4509427791658022e-77,1.9459874051877358e-94
primary_development_2022_2023_partial,s4_auction_confirmed_reclaim,120,60m,331,-0.0029014850894203883,-0.002690222303388621,0.0029295327617481813,49,0.14803625377643503,6.452857609395774e-51,6.386711068630736e-41,3.122350456159245e-50
primary_development_2022_2023_partial,s4_auction_confirmed_reclaim,120,1d,331,-0.002472492523193103,-0.00185338139885036,0.014228041373656674,152,0.459214501510574,0.0017422336178491398,0.15287097030698535,0.0025310621334042552
primary_development_2022_2023_partial,s4_auction_confirmed_reclaim,120,2d,331,-0.0026821403768860904,-0.0008829870949809976,0.019388272691412457,155,0.46827794561933533,0.012445704543455227,0.2716127621266505,0.021458111281819358
primary_development_2022_2023_partial,s4_auction_confirmed_reclaim,120,3d,331,-0.0026897988126241093,-0.002203782867481976,0.02369076485420309,149,0.4501510574018127,0.03994071041811763,0.07844038321120742,0.07488883203397055
primary_development_2022_2023_partial,s4_auction_confirmed_reclaim,120,5d,331,-0.0026595928671637723,0.0013632959204521065,0.02989032787333838,173,0.5226586102719033,0.10696933233390392,0.4416382410514279,0.2097150036945636
primary_development_2022_2023_partial,s4_auction_confirmed_reclaim,240,5m,331,-0.0029511816511008345,-0.002969454032548006,0.0005775714930612552,0,0.0,1.542782172934874e-238,4.5719495651291e-100,2.966888794105527e-238
primary_development_2022_2023_partial,s4_auction_confirmed_reclaim,240,15m,331,-0.002918527299268212,-0.0028479086351521125,0.001097754454476003,0,0.0,1.1260520729231928e-151,4.5719495651291e-100,2.8658064102905383e-151
primary_development_2022_2023_partial,s4_auction_confirmed_reclaim,240,30m,331,-0.0029365770787302204,-0.0028169518357945254,0.0017519484546998025,10,0.030211480362537766,7.301930749621797e-98,1.7891960484140454e-81,2.8084349037006913e-97
primary_development_2022_2023_partial,s4_auction_confirmed_reclaim,240,60m,331,-0.0029679661093797946,-0.002848813172716768,0.00295688371061157,42,0.1268882175226586,7.116138075701903e-52,1.708856419518332e-46,4.447586297313689e-51
primary_development_2022_2023_partial,s4_auction_confirmed_reclaim,240,1d,331,-0.0024074449440517343,-0.0015228340777315396,0.014108697295106755,152,0.459214501510574,0.002103552273566854,0.15287097030698535,0.0028172575092413224
primary_development_2022_2023_partial,s4_auction_confirmed_reclaim,240,2d,331,-0.0025261244119820277,-0.0015309795375822016,0.01944075635888707,154,0.4652567975830816,0.018833052716026786,0.22652105114781237,0.027163056801961714
primary_development_2022_2023_partial,s4_auction_confirmed_reclaim,240,3d,331,-0.0024253190996292476,-0.00039503758495902354,0.023534576815818282,164,0.4954682779456193,0.06208277939876996,0.9124867149020457,0.09162695315788368
primary_development_2022_2023_partial,s4_auction_confirmed_reclaim,240,5d,331,-0.002335037726319519,0.0015993843150294343,0.0299662704854899,171,0.5166163141993958,0.1578570619162938,0.5826263292692689,0.22356629752965615
primary_development_2022_2023_partial,s4_reclaim_amount_acceleration,10,5m,331,-0.002979952897206405,-0.0030216317799148964,0.0005287558161273132,0,0.0,4.1003829718202023e-252,4.5719495651291e-100,1.0424702470729327e-251
primary_development_2022_2023_partial,s4_reclaim_amount_acceleration,10,15m,331,-0.0029417435237196316,-0.002984762231455907,0.0011508907462990945,6,0.01812688821752266,9.316442100337666e-147,8.128079013302738e-88,1.8884679933116891e-146
primary_development_2022_2023_partial,s4_reclaim_amount_acceleration,10,30m,331,-0.002972565736809233,-0.002883175300281965,0.001892719505638192,15,0.045317220543806644,4.2912960766391955e-91,1.6679230067931092e-74,8.582592153278391e-91
primary_development_2022_2023_partial,s4_reclaim_amount_acceleration,10,60m,331,-0.0030558870743517485,-0.002888320409324511,0.0033681481307397043,46,0.13897280966767372,5.98085908310291e-45,3.0373798198994984e-43,1.0311826005349844e-44
primary_development_2022_2023_partial,s4_reclaim_amount_acceleration,10,1d,331,-0.00314645633756021,-0.0020993294507279463,0.01446200087846062,148,0.4471299093655589,9.471448779459289e-05,0.06148593768932176,0.00035517932922972335
primary_development_2022_2023_partial,s4_reclaim_amount_acceleration,10,2d,331,-0.003268227685033713,-0.0015116628350774954,0.019567513626521985,151,0.4561933534743202,0.0026038648523828193,0.12367020291162287,0.00929951732993864
primary_development_2022_2023_partial,s4_reclaim_amount_acceleration,10,3d,331,-0.003368080438248333,-0.0018587626054293225,0.02410396396623707,150,0.45317220543806647,0.011596984286213493,0.0990117771110954,0.044559911533170925
primary_development_2022_2023_partial,s4_reclaim_amount_acceleration,10,5d,331,-0.003230162771183629,0.00032417632307755654,0.03053080733370729,168,0.5075528700906344,0.05547231811335825,0.8260214930986781,0.1785278329978275
primary_development_2022_2023_partial,s4_reclaim_amount_acceleration,20,5m,331,-0.002939306284337857,-0.0029688625982806126,0.0004993115943152058,0,0.0,3.562471083202383e-258,4.5719495651291e-100,1.0905523724088927e-257
primary_development_2022_2023_partial,s4_reclaim_amount_acceleration,20,15m,331,-0.0028918129846962756,-0.0029287548502676133,0.001043295456361826,4,0.012084592145015106,6.151415852817329e-157,2.273076773351272e-91,2.306780944806498e-156
primary_development_2022_2023_partial,s4_reclaim_amount_acceleration,20,30m,331,-0.0028986412374501754,-0.0027377203093853744,0.0017601601561614542,10,0.030211480362537766,5.312952735430253e-96,1.7891960484140454e-81,1.7324845876403e-95
primary_development_2022_2023_partial,s4_reclaim_amount_acceleration,20,60m,331,-0.0029521528259788313,-0.0029396482963234484,0.0030514467298251467,41,0.12386706948640483,2.8852287159888333e-49,2.4636426761899754e-47,9.20817675315585e-49
primary_development_2022_2023_partial,s4_reclaim_amount_acceleration,20,1d,331,-0.00292474896443803,-0.0022759319741557445,0.014248318451155593,144,0.4350453172205438,0.00022627500984833448,0.020829637575436134,0.0005564139586434454
primary_development_2022_2023_partial,s4_reclaim_amount_acceleration,20,2d,331,-0.0030157779351781978,-0.000855288011354993,0.019663336203351308,158,0.4773413897280967,0.005642857003079585,0.4416382410514279,0.01410714250769896
primary_development_2022_2023_partial,s4_reclaim_amount_acceleration,20,3d,331,-0.003042118018665938,-0.00233370660130742,0.024256718419540656,156,0.47129909365558914,0.023350624232292356,0.3224854616925212,0.05617032958355791
primary_development_2022_2023_partial,s4_reclaim_amount_acceleration,20,5d,331,-0.0029053897610047765,3.699121512068848e-05,0.030545670103481457,166,0.5015105740181269,0.08494659133003853,1.0,0.20199858376713742
primary_development_2022_2023_partial,s4_reclaim_amount_acceleration,40,5m,331,-0.0028710495969445533,-0.0028898205400580503,0.0005114469559675966,0,0.0,1.4494803220269813e-251,4.5719495651291e-100,3.623700805067454e-251
primary_development_2022_2023_partial,s4_reclaim_amount_acceleration,40,15m,331,-0.0027953229910436354,-0.002785947064003562,0.001054062794147848,1,0.0030211480362537764,2.3312649129604227e-151,1.5178872556228612e-97,5.828162282401057e-151
primary_development_2022_2023_partial,s4_reclaim_amount_acceleration,40,30m,331,-0.0027910064098136448,-0.0026028456920980233,0.0017406378273982096,9,0.027190332326283987,3.180808522074382e-93,5.538330259998636e-83,7.340327358633189e-93
primary_development_2022_2023_partial,s4_reclaim_amount_acceleration,40,60m,331,-0.002849195646608309,-0.002585906780131786,0.002990924522017544,51,0.1540785498489426,3.362069202736322e-48,2.0047610277350594e-39,9.339081118712007e-48
primary_development_2022_2023_partial,s4_reclaim_amount_acceleration,40,1d,331,-0.0027435258786628514,-0.0022457800855942285,0.014336878018163553,150,0.45317220543806647,0.0005764829026592529,0.0990117771110954,0.001031511354116416
primary_development_2022_2023_partial,s4_reclaim_amount_acceleration,40,2d,331,-0.002747792074383734,-0.000895278154559388,0.01968240029440139,159,0.48036253776435045,0.011670877824960707,0.5095843076624359,0.020791913385691373
primary_development_2022_2023_partial,s4_reclaim_amount_acceleration,40,3d,331,-0.002630006706281288,-0.001135433480722339,0.024308987510342862,157,0.4743202416918429,0.050208403355926225,0.37919070006212147,0.08226324071315892
primary_development_2022_2023_partial,s4_reclaim_amount_acceleration,40,5d,331,-0.0023946823183271407,6.090121409906314e-05,0.030851862997824036,167,0.5045317220543807,0.15947729223782137,0.9124867149020457,0.22356629752965615
primary_development_2022_2023_partial,s4_reclaim_amount_acceleration,60,5m,331,-0.002838054813866701,-0.0028617648988596427,0.000517941164451176,0,0.0,3.291162446741391e-248,4.5719495651291e-100,7.36827413449565e-248
primary_development_2022_2023_partial,s4_reclaim_amount_acceleration,60,15m,331,-0.0027312852467771963,-0.0026844292184778702,0.001062341822062913,0,0.0,1.7526360650183864e-147,4.5719495651291e-100,3.9238120858620595e-147
primary_development_2022_2023_partial,s4_reclaim_amount_acceleration,60,30m,331,-0.002661447376711574,-0.0025493823706414457,0.001732118374056192,16,0.04833836858006042,7.127968329985429e-89,3.3056005762140386e-73,1.303896645729042e-88
primary_development_2022_2023_partial,s4_reclaim_amount_acceleration,60,60m,331,-0.002657890233409206,-0.0025973555008060325,0.0030220736045753274,55,0.1661631419939577,5.800308109930978e-43,1.5044511092752331e-36,8.969548623604605e-43
primary_development_2022_2023_partial,s4_reclaim_amount_acceleration,60,1d,331,-0.002552343601327095,-0.0015652978744459245,0.01457286857358277,157,0.4743202416918429,0.0016035910200040218,0.37919070006212147,0.002405386530006033
primary_development_2022_2023_partial,s4_reclaim_amount_acceleration,60,2d,331,-0.0024837869880936316,-0.0007652496728441381,0.020077856869929127,158,0.4773413897280967,0.02528354051909927,0.4416382410514279,0.034437001510167056
primary_development_2022_2023_partial,s4_reclaim_amount_acceleration,60,3d,331,-0.0023722787007391393,-0.0006341465741800438,0.024623644303975657,162,0.48942598187311176,0.08102523590232148,0.7416149670525334,0.10877194677826821
primary_development_2022_2023_partial,s4_reclaim_amount_acceleration,60,5d,331,-0.0021925012227667646,0.000664909425098068,0.0310577862870058,170,0.513595166163142,0.20059954496170376,0.6602051224044762,0.25009543199589274
primary_development_2022_2023_partial,s4_reclaim_amount_acceleration,120,5m,331,-0.0028606335032243194,-0.0028627118760668844,0.000552851661847669,0,0.0,2.8241653439929794e-240,4.5719495651291e-100,5.574010547354564e-240
primary_development_2022_2023_partial,s4_reclaim_amount_acceleration,120,15m,331,-0.0027618004424262246,-0.002729283208422403,0.0010792528128969108,2,0.006042296072507553,6.706928367830183e-147,2.5121491275514865e-95,1.397276743297955e-146
primary_development_2022_2023_partial,s4_reclaim_amount_acceleration,120,30m,331,-0.002696312826704074,-0.002652528675814442,0.0017535734424221465,15,0.045317220543806644,6.0523673336417175e-89,1.6679230067931092e-74,1.120808765489207e-88
primary_development_2022_2023_partial,s4_reclaim_amount_acceleration,120,60m,331,-0.0026699169978877746,-0.0024750894734184366,0.002989425313359633,56,0.1691842900302115,6.169630646089065e-44,7.454797211382e-36,9.845155286312337e-44
primary_development_2022_2023_partial,s4_reclaim_amount_acceleration,120,1d,331,-0.0022852310899145085,-0.001357205813301371,0.014430594456651923,155,0.46827794561933533,0.004279359902253761,0.2716127621266505,0.005394151137294656
primary_development_2022_2023_partial,s4_reclaim_amount_acceleration,120,2d,331,-0.002147924170867378,-0.0007550417045469656,0.01981579952923351,160,0.48338368580060426,0.049779763124269266,0.5826263292692689,0.05879499581606606
primary_development_2022_2023_partial,s4_reclaim_amount_acceleration,120,3d,331,-0.0020215775138277678,-0.0015562238924186993,0.02393742646712662,156,0.47129909365558914,0.12594908273322714,0.3224854616925212,0.14759658132800055
primary_development_2022_2023_partial,s4_reclaim_amount_acceleration,120,5d,331,-0.0020041649696981123,0.0017260439608159808,0.02997589869525291,172,0.5196374622356495,0.2254031267332836,0.5095843076624359,0.2683370556348615
primary_development_2022_2023_partial,s4_reclaim_amount_acceleration,240,5m,331,-0.002928625488919601,-0.002923844362752128,0.0005342909345714201,0,0.0,2.9567772941809265e-248,4.5719495651291e-100,6.7199483958657424e-248
primary_development_2022_2023_partial,s4_reclaim_amount_acceleration,240,15m,331,-0.0028366928681238285,-0.002816709537120326,0.0010484882247470753,3,0.00906344410876133,7.10562787479377e-154,2.763465537586981e-93,2.175192206569521e-153
primary_development_2022_2023_partial,s4_reclaim_amount_acceleration,240,30m,331,-0.002788567861970412,-0.00264793389689611,0.0017317292774282399,13,0.03927492447129909,1.1541096700426386e-93,3.4509427791658022e-77,2.8379745984655053e-93
primary_development_2022_2023_partial,s4_reclaim_amount_acceleration,240,60m,331,-0.0028051135935420056,-0.002829912589324369,0.00299334762978772,51,0.1540785498489426,4.3558980558220264e-47,2.0047610277350594e-39,1.0711224727431213e-46
primary_development_2022_2023_partial,s4_reclaim_amount_acceleration,240,1d,331,-0.0024752420992460713,-0.0014545382685905628,0.014425407333226715,152,0.459214501510574,0.0019871419078716594,0.15287097030698535,0.002734598955786687
primary_development_2022_2023_partial,s4_reclaim_amount_acceleration,240,2d,331,-0.0024158284200423044,-0.001563042021759488,0.019954705453996687,150,0.45317220543806647,0.028552299361301665,0.0990117771110954,0.03724212960169783
primary_development_2022_2023_partial,s4_reclaim_amount_acceleration,240,3d,331,-0.002244691383537312,-0.0005416118262949392,0.02414390759890153,159,0.48036253776435045,0.09218161194334612,0.5095843076624359,0.11718001518221964
primary_development_2022_2023_partial,s4_reclaim_amount_acceleration,240,5d,331,-0.0021476701487227355,0.001494322733941631,0.0305002747676553,174,0.525679758308157,0.2017436484766868,0.37919070006212147,0.25009543199589274
primary_development_2022_2023_partial,s4_reclaim_volume_normal,10,5m,331,-0.0030609090178350955,-0.003060981507776313,0.0003602341220501183,0,0.0,1.00456805101689e-309,4.5719495651291e-100,1.0045680510168905e-308
primary_development_2022_2023_partial,s4_reclaim_volume_normal,10,15m,331,-0.0030899666247207833,-0.0030531090246084533,0.0009504419575448786,1,0.0030211480362537764,1.6393114833232498e-177,1.5178872556228612e-97,1.0691161847760324e-176
primary_development_2022_2023_partial,s4_reclaim_volume_normal,10,30m,331,-0.0031174449327276096,-0.0031017081913907126,0.0016492509775497238,11,0.03323262839879154,5.801328530268004e-111,5.2385004358078865e-80,4.5799962081063186e-110
primary_development_2022_2023_partial,s4_reclaim_volume_normal,10,60m,331,-0.0032147619589100443,-0.003037064711208731,0.0031038300685097262,34,0.1027190332326284,3.578053904405282e-54,1.4263553357817988e-53,3.157106386239955e-53
primary_development_2022_2023_partial,s4_reclaim_volume_normal,10,1d,331,-0.0032893880982246887,-0.0022264136350900058,0.013986806126838487,144,0.4350453172205438,2.534834899478387e-05,0.020829637575436134,0.00015842718121739918
primary_development_2022_2023_partial,s4_reclaim_volume_normal,10,2d,331,-0.0034218104996502235,-0.0017230373609977289,0.019110667402102457,153,0.4622356495468278,0.0012615580440913877,0.18703395961266983,0.006310651706076658
primary_development_2022_2023_partial,s4_reclaim_volume_normal,10,3d,331,-0.0035338725369803235,-0.002170048728763824,0.023773833439589716,148,0.4471299093655589,0.007285404020043525,0.06148593768932176,0.039324817972151385
primary_development_2022_2023_partial,s4_reclaim_volume_normal,10,5d,331,-0.003441003232423535,-0.00011584161183382666,0.030328742509692162,165,0.4984894259818731,0.04008180823887545,1.0,0.1670075343286477
primary_development_2022_2023_partial,s4_reclaim_volume_normal,20,5m,331,-0.003042460805134529,-0.0030509333928078323,0.000355463920458182,0,0.0,0.0,4.5719495651291e-100,0.0
primary_development_2022_2023_partial,s4_reclaim_volume_normal,20,15m,331,-0.0030620284866863727,-0.003016189371852008,0.0008680611126601548,0,0.0,2.872561425507152e-188,4.5719495651291e-100,3.9171292166006613e-187
primary_development_2022_2023_partial,s4_reclaim_volume_normal,20,30m,331,-0.0030738794814914403,-0.0030299325174663505,0.0015256409886720908,7,0.021148036253776436,3.255134333870642e-118,3.7857951574965755e-86,1.2206753752014908e-116
primary_development_2022_2023_partial,s4_reclaim_volume_normal,20,60m,331,-0.0031522120106853378,-0.0030434356981801827,0.0028462763003585553,32,0.09667673716012085,2.5833920136010894e-59,1.781266008303898e-55,9.687720051004085e-58
primary_development_2022_2023_partial,s4_reclaim_volume_normal,20,1d,331,-0.0030815218848831206,-0.0026222192750325105,0.013754997250626162,143,0.43202416918429004,5.895841965076766e-05,0.015459633987649112,0.0002947920982538383
primary_development_2022_2023_partial,s4_reclaim_volume_normal,20,2d,331,-0.003177489997809223,-0.0004887505628737285,0.01922016679049021,159,0.48036253776435045,0.002875690742702716,0.5095843076624359,0.009377252421856682
primary_development_2022_2023_partial,s4_reclaim_volume_normal,20,3d,331,-0.0031994452516143856,-0.0018749424196079125,0.023939394828427704,153,0.4622356495468278,0.01572373092220652,0.18703395961266983,0.04624626741825448
primary_development_2022_2023_partial,s4_reclaim_volume_normal,20,5d,331,-0.003124424109777483,0.0007284730143582377,0.030303422013668015,167,0.5045317220543807,0.06195375852596282,0.9124867149020457,0.17954706936104337
primary_development_2022_2023_partial,s4_reclaim_volume_normal,40,5m,331,-0.003021835271628228,-0.0030166075501459663,0.00036769256987370625,0,0.0,5.164072779742813e-305,4.5719495651291e-100,4.556534805655422e-304
primary_development_2022_2023_partial,s4_reclaim_volume_normal,40,15m,331,-0.0030037225848163394,-0.0030008291367019705,0.0008731861352665792,0,0.0,6.081588315222582e-185,4.5719495651291e-100,6.515987480595624e-184
primary_development_2022_2023_partial,s4_reclaim_volume_normal,40,30m,331,-0.0030232797142630513,-0.0029558073648060738,0.001504485852195282,5,0.015105740181268883,6.540482011720583e-118,1.491249912889426e-89,1.7132778012840206e-116
primary_development_2022_2023_partial,s4_reclaim_volume_normal,40,60m,331,-0.0030514220632037073,-0.002834923018067099,0.0027918431411249065,36,0.10876132930513595,2.8163918552085483e-58,1.0036641728450753e-51,8.449175565625645e-57
primary_development_2022_2023_partial,s4_reclaim_volume_normal,40,1d,331,-0.002938863776308886,-0.0022945230827324786,0.013851993727431787,147,0.44410876132930516,0.0001395921165435686,0.04768149843926189,0.00047588221548943837
primary_development_2022_2023_partial,s4_reclaim_volume_normal,40,2d,331,-0.0029449493463879015,-0.0005609311816687638,0.019269501157060182,159,0.48036253776435045,0.005812221183407509,0.5095843076624359,0.014187464856986196
primary_development_2022_2023_partial,s4_reclaim_volume_normal,40,3d,331,-0.002817778963107647,-0.0012664799233392302,0.023994511840107317,158,0.4773413897280967,0.033637420775285025,0.4416382410514279,0.06862598716760898
primary_development_2022_2023_partial,s4_reclaim_volume_normal,40,5d,331,-0.002600332863863252,-0.00025091148657194716,0.030549128886949776,165,0.4984894259818731,0.12299629066567823,1.0,0.21149838592296416
primary_development_2022_2023_partial,s4_reclaim_volume_normal,60,5m,331,-0.002998686110897301,-0.002989823743709818,0.0003526185434422193,0,0.0,7.6683595754266e-310,4.5719495651291e-100,8.21609954509995e-309
primary_development_2022_2023_partial,s4_reclaim_volume_normal,60,15m,331,-0.002972709584835665,-0.0029403708390481832,0.000849962151563885,0,0.0,3.8889793007055926e-187,4.5719495651291e-100,4.861224125881991e-186
primary_development_2022_2023_partial,s4_reclaim_volume_normal,60,30m,331,-0.002926388158112967,-0.0028186851155660763,0.0014647768876555288,6,0.01812688821752266,3.0511105835429322e-117,8.128079013302738e-88,6.538094107591998e-116
primary_development_2022_2023_partial,s4_reclaim_volume_normal,60,60m,331,-0.0028897358867626165,-0.002656723437036563,0.0028082142793359305,40,0.12084592145015106,1.0854924186616405e-53,3.4555059412888424e-48,9.04577015551367e-53
primary_development_2022_2023_partial,s4_reclaim_volume_normal,60,1d,331,-0.0027660239083022397,-0.0018587119755005353,0.014103325127000702,149,0.4501510574018127,0.0004209796714798558,0.07844038321120742,0.000809576291307415
primary_development_2022_2023_partial,s4_reclaim_volume_normal,60,2d,331,-0.002727922076010063,-0.0008215607132965604,0.01963208135059654,157,0.4743202416918429,0.012065068046018652,0.37919070006212147,0.021043723336079043
primary_development_2022_2023_partial,s4_reclaim_volume_normal,60,3d,331,-0.0026098066272828117,-0.00044922055301760384,0.024256739511827947,160,0.48338368580060426,0.051487761504828394,0.5826263292692689,0.08226324071315892
primary_development_2022_2023_partial,s4_reclaim_volume_normal,60,5d,331,-0.0024108254857121395,0.00029163262979589805,0.030758813955037302,166,0.5015105740181269,0.15544523773982707,1.0,0.22356629752965615
primary_development_2022_2023_partial,s4_reclaim_volume_normal,120,5m,331,-0.0029945125755588536,-0.002995101826511684,0.0003716777492496472,0,0.0,3.292006822000793e-302,4.5719495651291e-100,2.598952754211152e-301
primary_development_2022_2023_partial,s4_reclaim_volume_normal,120,15m,331,-0.0029659879673713087,-0.002935537661103884,0.0008881201308482676,1,0.0030211480362537764,4.870285767954255e-181,1.5178872556228612e-97,4.5658929074571135e-180
primary_development_2022_2023_partial,s4_reclaim_volume_normal,120,30m,331,-0.0029414306143221657,-0.0029082739649545597,0.001502195518074254,11,0.03323262839879154,6.027656130382693e-115,5.2385004358078865e-80,6.027656130382692e-114
primary_development_2022_2023_partial,s4_reclaim_volume_normal,120,60m,331,-0.002890758899605772,-0.0027795496218165263,0.0028542944978476497,39,0.11782477341389729,1.5976474419620064e-52,4.712524923368886e-49,1.1411767442585759e-51
primary_development_2022_2023_partial,s4_reclaim_volume_normal,120,1d,331,-0.0025023721939702193,-0.0018937471371935034,0.013977906168598269,147,0.44410876132930516,0.001263824202808321,0.04768149843926189,0.0019344248002168178
primary_development_2022_2023_partial,s4_reclaim_volume_normal,120,2d,331,-0.00236361154216814,-0.0008903785784401246,0.019414731232488436,160,0.48338368580060426,0.02768092528420004,0.5826263292692689,0.03674459108522129
primary_development_2022_2023_partial,s4_reclaim_volume_normal,120,3d,331,-0.0022494173832594607,-0.0013407016068426732,0.023637101312362654,160,0.48338368580060426,0.08478870729337032,0.5826263292692689,0.11059396603483085
primary_development_2022_2023_partial,s4_reclaim_volume_normal,120,5d,331,-0.0022404976692989515,0.0009631247041284515,0.029780205613402735,168,0.5075528700906344,0.17264917927592507,0.8260214930986781,0.23203270685623598
primary_development_2022_2023_partial,s4_reclaim_volume_normal,240,5m,331,-0.0030198095820130125,-0.0030120482592441216,0.0003984968455514311,0,0.0,1.4319864440706863e-293,4.5719495651291e-100,9.339042026547953e-293
primary_development_2022_2023_partial,s4_reclaim_volume_normal,240,15m,331,-0.00300286560292092,-0.0029986554283703386,0.0009190358221519154,0,0.0,3.617426798084513e-178,4.5719495651291e-100,2.5838762843460804e-177
primary_development_2022_2023_partial,s4_reclaim_volume_normal,240,30m,331,-0.002990214155703851,-0.002913483062639801,0.0015509300377646595,11,0.03323262839879154,3.429865426739551e-113,5.2385004358078865e-80,3.026351847123133e-112
primary_development_2022_2023_partial,s4_reclaim_volume_normal,240,60m,331,-0.0029971065692655373,-0.0028933090998798784,0.0028550042344118016,42,0.1268882175226586,3.517220817261866e-55,1.708856419518332e-46,4.79621020535709e-54
primary_development_2022_2023_partial,s4_reclaim_volume_normal,240,1d,331,-0.002673890076174772,-0.0017573920661269442,0.014001301762796806,146,0.44108761329305135,0.0005912335332451462,0.036577927738126986,0.0010433532939620226
primary_development_2022_2023_partial,s4_reclaim_volume_normal,240,2d,331,-0.002594579509849235,-0.0017983879770546354,0.019578048699562083,155,0.46827794561933533,0.016613505622785036,0.2716127621266505,0.024920258434177556
primary_development_2022_2023_partial,s4_reclaim_volume_normal,240,3d,331,-0.0024592681100549345,-0.0009461217163011259,0.023906109750763408,160,0.48338368580060426,0.06254171961017323,0.5826263292692689,0.09162695315788368
primary_development_2022_2023_partial,s4_reclaim_volume_normal,240,5d,331,-0.002399992728122671,0.0012974232533481665,0.030375140614365248,172,0.5196374622356495,0.1521431718148142,0.5095843076624359,0.22356629752965615
primary_development_2022_2023_partial,s4_reclaim_volume_proxy,10,5m,331,-0.0030213878751036553,-0.0030221076706310208,0.00047924046171314257,0,0.0,9.586723199661639e-268,4.5719495651291e-100,3.6872012306390916e-267
primary_development_2022_2023_partial,s4_reclaim_volume_proxy,10,15m,331,-0.0030588378035014147,-0.0030537577771070773,0.001146446668758026,3,0.00906344410876133,4.025238251344872e-152,2.763465537586981e-93,1.0781888173245194e-151
primary_development_2022_2023_partial,s4_reclaim_volume_proxy,10,30m,331,-0.0031308517217340332,-0.003035730484620983,0.0019464746152813043,14,0.04229607250755287,1.5081240701784612e-93,7.865299386413312e-76,3.590771595663003e-93
primary_development_2022_2023_partial,s4_reclaim_volume_proxy,10,60m,331,-0.0032650227268184308,-0.0032315714501723776,0.00343528038608105,40,0.12084592145015106,4.8172616204589274e-48,3.4555059412888424e-48,1.3137986237615258e-47
primary_development_2022_2023_partial,s4_reclaim_volume_proxy,10,1d,331,-0.003467421342788168,-0.0022850259472490036,0.014348037126376093,143,0.43202416918429004,1.527682884731232e-05,0.015459633987649112,0.00011457621635484242
primary_development_2022_2023_partial,s4_reclaim_volume_proxy,10,2d,331,-0.0035636763230985197,-0.0016965740888270995,0.01945552346538735,150,0.45317220543806647,0.0009753248158348695,0.0990117771110954,0.006095780098967934
primary_development_2022_2023_partial,s4_reclaim_volume_proxy,10,3d,331,-0.0036136305912526662,-0.0020939952902546983,0.023943943255457803,147,0.44410876132930516,0.006447234480478014,0.04768149843926189,0.039324817972151385
primary_development_2022_2023_partial,s4_reclaim_volume_proxy,10,5d,331,-0.0033292081772097483,-0.0005533520517384048,0.030258103538910473,164,0.4954682779456193,0.04645645977380657,0.9124867149020457,0.1735001086746531
primary_development_2022_2023_partial,s4_reclaim_volume_proxy,20,5m,331,-0.002960045939011365,-0.002970938352560034,0.0004658749276760973,0,0.0,7.845279835364411e-269,4.5719495651291e-100,3.2688665980685043e-268
primary_development_2022_2023_partial,s4_reclaim_volume_proxy,20,15m,331,-0.003005687728852348,-0.002993217096095885,0.0010735300146044898,3,0.00906344410876133,3.2503960425042864e-158,2.763465537586981e-93,1.2830510694095866e-157
primary_development_2022_2023_partial,s4_reclaim_volume_proxy,20,30m,331,-0.0030786465109397146,-0.002936785144622203,0.0018442044546887583,8,0.02416918429003021,1.9681085286337195e-97,1.5381862703572027e-84,7.200397055977023e-97
primary_development_2022_2023_partial,s4_reclaim_volume_proxy,20,60m,331,-0.0032150974403183145,-0.003111976049953987,0.0031972706215584045,38,0.1148036253776435,5.258857138575921e-52,6.245065001468526e-50,3.429689438201688e-51
primary_development_2022_2023_partial,s4_reclaim_volume_proxy,20,1d,331,-0.003351274313355269,-0.0023805069937968353,0.014143806458878284,143,0.43202416918429004,2.211040373761032e-05,0.015459633987649112,0.00014775797358798718
primary_development_2022_2023_partial,s4_reclaim_volume_proxy,20,2d,331,-0.0034586715916096137,-0.0012600053020597,0.019550990118236782,157,0.4743202416918429,0.0014400151889437023,0.37919070006212147,0.006750071198173604
primary_development_2022_2023_partial,s4_reclaim_volume_proxy,20,3d,331,-0.003403835340060855,-0.0017886515056280965,0.024066037723036345,151,0.4561933534743202,0.01062820965347024,0.12367020291162287,0.04428420688945933
primary_development_2022_2023_partial,s4_reclaim_volume_proxy,20,5d,331,-0.0032010424889327167,-0.00020536836884710422,0.030316756523767086,161,0.486404833836858,0.05596419828912291,0.6602051224044762,0.1785278329978275
primary_development_2022_2023_partial,s4_reclaim_volume_proxy,40,5m,331,-0.002909909198164804,-0.0029212092382296935,0.0004888576969136284,0,0.0,1.0091080557485082e-259,4.5719495651291e-100,3.2205576247292814e-259
primary_development_2022_2023_partial,s4_reclaim_volume_proxy,40,15m,331,-0.0029280008195058404,-0.0028974565232874256,0.0010861863830833273,0,0.0,2.0458686291486953e-153,4.5719495651291e-100,6.137605887446086e-153
primary_development_2022_2023_partial,s4_reclaim_volume_proxy,40,30m,331,-0.002993484295199184,-0.002894163477466571,0.001819007734317414,6,0.01812688821752266,6.276161546628654e-96,8.128079013302738e-88,2.0030302808389323e-95
primary_development_2022_2023_partial,s4_reclaim_volume_proxy,40,60m,331,-0.003143424747947078,-0.002903485490478816,0.0031081256708765208,43,0.1299093655589124,2.0202275460053544e-52,1.153816413809746e-45,1.3774278722763778e-51
primary_development_2022_2023_partial,s4_reclaim_volume_proxy,40,1d,331,-0.003249180827510648,-0.0018683669790639968,0.014125237729522257,148,0.4471299093655589,3.759470627651152e-05,0.06148593768932176,0.00021689253621064337
primary_development_2022_2023_partial,s4_reclaim_volume_proxy,40,2d,331,-0.0033253065908432473,-0.0016646299334818592,0.019431618090594523,156,0.47129909365558914,0.002042587593127922,0.3224854616925212,0.008062845762347061
primary_development_2022_2023_partial,s4_reclaim_volume_proxy,40,3d,331,-0.003242471810297591,-0.0026298593696519267,0.02399789416635496,153,0.4622356495468278,0.014624658854429519,0.18703395961266983,0.04537754171815451
primary_development_2022_2023_partial,s4_reclaim_volume_proxy,40,5d,331,-0.0030086755494042024,-0.001348326763118605,0.030510336080322473,162,0.48942598187311176,0.07415014596272948,0.7416149670525334,0.19176761886912796
primary_development_2022_2023_partial,s4_reclaim_volume_proxy,60,5m,331,-0.0029089394872543065,-0.0029169711986966654,0.0005184308327234213,1,0.0030211480362537764,1.6748748353338162e-251,1.5178872556228612e-97,4.118544677050368e-251
primary_development_2022_2023_partial,s4_reclaim_volume_proxy,60,15m,331,-0.002888553418576082,-0.002838317767659006,0.0011265844198852914,0,0.0,3.834502647740407e-147,4.5719495651291e-100,8.216791388015158e-147
primary_development_2022_2023_partial,s4_reclaim_volume_proxy,60,30m,331,-0.002907243861808659,-0.0027899174156011466,0.001840097729778022,11,0.03323262839879154,1.0505031962076964e-91,5.2385004358078865e-80,2.1885483254327006e-91
primary_development_2022_2023_partial,s4_reclaim_volume_proxy,60,60m,331,-0.003005265526248849,-0.0028839633926966714,0.003215263392778215,48,0.14501510574018128,6.5061724025386845e-47,1.1003747782836429e-41,1.5490886672711154e-46
primary_development_2022_2023_partial,s4_reclaim_volume_proxy,60,1d,331,-0.003150225614392322,-0.002373220542230777,0.014323768533647273,148,0.4471299093655589,7.974595375646679e-05,0.06148593768932176,0.00032773542967944654
primary_development_2022_2023_partial,s4_reclaim_volume_proxy,60,2d,331,-0.003117354377236314,-0.0013705581645072468,0.019698879785774937,158,0.4773413897280967,0.004305812644564342,0.4416382410514279,0.011743125394266387
primary_development_2022_2023_partial,s4_reclaim_volume_proxy,60,3d,331,-0.0030157316399286563,-0.0014426045977657745,0.02421783995553327,157,0.4743202416918429,0.024340476152875094,0.37919070006212147,0.05617032958355791
primary_development_2022_2023_partial,s4_reclaim_volume_proxy,60,5d,331,-0.002889223324663426,0.0003268072350198382,0.030699864596142157,166,0.5015105740181269,0.08827472306947726,1.0,0.20199858376713742
primary_development_2022_2023_partial,s4_reclaim_volume_proxy,120,5m,331,-0.0028996738281722757,-0.0028755334522764767,0.0005471701707014211,0,0.0,1.4055558219516355e-243,4.5719495651291e-100,2.969484130883737e-243
primary_development_2022_2023_partial,s4_reclaim_volume_proxy,120,15m,331,-0.0028684377273271787,-0.0027599357774837365,0.0011310496793231902,1,0.0030211480362537764,8.784957157492222e-146,1.5178872556228612e-97,1.7338731231892545e-145
primary_development_2022_2023_partial,s4_reclaim_volume_proxy,120,30m,331,-0.0028708096961663843,-0.0027812023912805912,0.001858255099861103,11,0.03323262839879154,2.0165133455821897e-89,5.2385004358078865e-80,3.8288228080674483e-89
primary_development_2022_2023_partial,s4_reclaim_volume_proxy,120,60m,331,-0.0029115241847859808,-0.002751614949583086,0.003161747351595929,50,0.1510574018126888,6.380661746147937e-46,3.6201647746187974e-40,1.2761323492295874e-45
primary_development_2022_2023_partial,s4_reclaim_volume_proxy,120,1d,331,-0.002763760036548436,-0.0018972991680006356,0.014042557873732384,148,0.4471299093655589,0.00040210174373342297,0.06148593768932176,0.0007867675247156009
primary_development_2022_2023_partial,s4_reclaim_volume_proxy,120,2d,331,-0.002619805351522378,-0.0004684920533339993,0.019298771894351543,158,0.4773413897280967,0.014170445931384938,0.4416382410514279,0.02231977467481006
primary_development_2022_2023_partial,s4_reclaim_volume_proxy,120,3d,331,-0.0024861755081080294,-0.0025393381308388154,0.02352460216094953,156,0.47129909365558914,0.0557391855907061,0.3224854616925212,0.08516519054074101
primary_development_2022_2023_partial,s4_reclaim_volume_proxy,120,5d,331,-0.002570210655254584,0.0008816771074012061,0.02967136661825419,172,0.5196374622356495,0.11654336809042426,0.5095843076624359,0.2097150036945636
primary_development_2022_2023_partial,s4_reclaim_volume_proxy,240,5m,331,-0.0029895910293355863,-0.0029757341082156546,0.0005604406015496648,0,0.0,1.7284049010945925e-244,4.5719495651291e-100,3.757401958901288e-244
primary_development_2022_2023_partial,s4_reclaim_volume_proxy,240,15m,331,-0.002960856222549997,-0.0028590743841803686,0.0011472340094551001,1,0.0030211480362537764,5.8438069636785225e-148,1.5178872556228612e-97,1.3281379462905733e-147
primary_development_2022_2023_partial,s4_reclaim_volume_proxy,240,30m,331,-0.002993021727056916,-0.0027900044574975342,0.0018813645780738776,13,0.03927492447129909,2.0567848548794336e-92,3.4509427791658022e-77,4.5370254151752215e-92
primary_development_2022_2023_partial,s4_reclaim_volume_proxy,240,60m,331,-0.0030672349730341687,-0.0028900787980560257,0.003233647190343267,46,0.13897280966767372,6.596387312208448e-48,3.0373798198994984e-43,1.7668894586272626e-47
primary_development_2022_2023_partial,s4_reclaim_volume_proxy,240,1d,331,-0.0028829718278073437,-0.001577688974639821,0.014001835573520801,150,0.45317220543806647,0.00021662093994920018,0.0990117771110954,0.0005507312032606784
primary_development_2022_2023_partial,s4_reclaim_volume_proxy,240,2d,331,-0.0027773602494619546,-0.0014079905750807135,0.019446323419602535,153,0.4622356495468278,0.009895776098393552,0.18703395961266983,0.01855458018448791
primary_development_2022_2023_partial,s4_reclaim_volume_proxy,240,3d,331,-0.002557277307470088,-0.0015021257635151855,0.023622828458391306,152,0.459214501510574,0.05007393540454077,0.15287097030698535,0.08226324071315892
primary_development_2022_2023_partial,s4_reclaim_volume_proxy,240,5d,331,-0.0024978475886072004,0.0006506826073034833,0.030202612808978433,169,0.5105740181268882,0.13395654025785397,0.7416149670525334,0.22326090042975663
primary_development_2022_2023_partial,s4_reclaim_vwap_support,10,5m,331,-0.0030428077539414026,-0.0030822911350007758,0.0005921401777393889,1,0.0030211480362537764,2.548382274819771e-239,1.5178872556228612e-97,4.964381054843711e-239
primary_development_2022_2023_partial,s4_reclaim_vwap_support,10,15m,331,-0.0030470663151255335,-0.003085098150273782,0.0012734995394256441,6,0.01812688821752266,1.2857557919373891e-138,8.128079013302738e-88,2.3519923023244924e-138
primary_development_2022_2023_partial,s4_reclaim_vwap_support,10,30m,331,-0.0031286183715709156,-0.003019267177881083,0.002084597775209785,15,0.045317220543806644,1.6075771011569377e-86,1.6679230067931092e-74,2.836900766747537e-86
primary_development_2022_2023_partial,s4_reclaim_vwap_support,10,60m,331,-0.0032710918834829134,-0.003208235965121695,0.0035418347370088483,45,0.13595166163141995,4.086834995970451e-46,4.862043696025771e-44,8.397606156103666e-46
primary_development_2022_2023_partial,s4_reclaim_vwap_support,10,1d,331,-0.003674645316877048,-0.00246623772350665,0.014652084799333966,143,0.43202416918429004,7.352827392355755e-06,0.015459633987649112,7.352827392355755e-05
primary_development_2022_2023_partial,s4_reclaim_vwap_support,10,2d,331,-0.0038141277449895627,-0.00179099006870573,0.019761919002530104,145,0.4380664652567976,0.0005176379667846542,0.027755090478306058,0.004949498181557492
primary_development_2022_2023_partial,s4_reclaim_vwap_support,10,3d,331,-0.0038409737542863553,-0.00318919463126582,0.024175380651770446,146,0.44108761329305135,0.004156233597946438,0.036577927738126986,0.039324817972151385
primary_development_2022_2023_partial,s4_reclaim_vwap_support,10,5d,331,-0.003692864306065655,-0.0009123143221317442,0.030377200169064197,164,0.4954682779456193,0.02790530304170557,0.9124867149020457,0.1589022707688458
primary_development_2022_2023_partial,s4_reclaim_vwap_support,20,5m,331,-0.0029766714986885403,-0.003009846107242004,0.0005394432529486357,0,0.0,3.504598193931107e-249,4.5719495651291e-100,8.08753429368717e-249
primary_development_2022_2023_partial,s4_reclaim_vwap_support,20,15m,331,-0.0029806263107923707,-0.002988173406029069,0.001178446373813493,4,0.012084592145015106,1.8914334068517235e-145,2.273076773351272e-91,3.684610532828033e-145
primary_development_2022_2023_partial,s4_reclaim_vwap_support,20,30m,331,-0.0030696172466245534,-0.0028843684471713624,0.0019808909754423696,11,0.03323262839879154,9.905858596744023e-90,5.2385004358078865e-80,1.904972807066158e-89
primary_development_2022_2023_partial,s4_reclaim_vwap_support,20,60m,331,-0.0032202577204407004,-0.0030945449505914344,0.0032620466998233002,40,0.12084592145015106,1.1024886542959768e-50,3.4555059412888424e-48,4.6652788652918e-50
primary_development_2022_2023_partial,s4_reclaim_vwap_support,20,1d,331,-0.0035576964084827823,-0.002796082648407145,0.014425176904061643,140,0.4229607250755287,1.0290597061843428e-05,0.005908455633866707,9.079938583979497e-05
primary_development_2022_2023_partial,s4_reclaim_vwap_support,20,2d,331,-0.0037028953797792513,-0.0018966316789463696,0.019785907444358857,153,0.4622356495468278,0.000757285476606825,0.18703395961266983,0.005313938137325038
primary_development_2022_2023_partial,s4_reclaim_vwap_support,20,3d,331,-0.003625617695286044,-0.002602923954119435,0.024227953799966517,149,0.4501510574018127,0.006905348649716598,0.07844038321120742,0.039324817972151385
primary_development_2022_2023_partial,s4_reclaim_vwap_support,20,5d,331,-0.003475710399483941,-0.0012793105274356532,0.030397015179519895,163,0.49244712990936557,0.03856012804469087,0.8260214930986781,0.1670075343286477
primary_development_2022_2023_partial,s4_reclaim_vwap_support,40,5m,331,-0.002902659797175111,-0.0029172553766565325,0.000583324074691647,0,0.0,6.940153149708781e-235,4.5719495651291e-100,1.285213546242367e-234
primary_development_2022_2023_partial,s4_reclaim_vwap_support,40,15m,331,-0.002887649801650314,-0.002873212987254424,0.001224419340856946,0,0.0,7.368284722541553e-137,4.5719495651291e-100,1.3002855392720388e-136
primary_development_2022_2023_partial,s4_reclaim_vwap_support,40,30m,331,-0.002972964776183602,-0.002774616773667575,0.0020228690322415255,12,0.03625377643504532,1.8927811152743193e-84,1.4016065592824741e-78,3.0528727665714826e-84
primary_development_2022_2023_partial,s4_reclaim_vwap_support,40,60m,331,-0.00317246758725265,-0.0027806722591642587,0.0032799815971277847,45,0.13595166163141995,3.0015454693321717e-49,4.862043696025771e-44,9.379829591663036e-49
primary_development_2022_2023_partial,s4_reclaim_vwap_support,40,1d,331,-0.0035249249321600644,-0.0025031176292234537,0.014545482502787848,147,0.44410876132930516,1.4485901715624207e-05,0.04768149843926189,0.00011436238196545426
primary_development_2022_2023_partial,s4_reclaim_vwap_support,40,2d,331,-0.003691052890691375,-0.002310257340113233,0.01977001756033755,157,0.4743202416918429,0.000779377593474339,0.37919070006212147,0.005313938137325038
primary_development_2022_2023_partial,s4_reclaim_vwap_support,40,3d,331,-0.0035737972919986758,-0.0025789199942464805,0.02423396095996056,149,0.4501510574018127,0.007755642028942867,0.07844038321120742,0.03972033183266346
primary_development_2022_2023_partial,s4_reclaim_vwap_support,40,5d,331,-0.003308529936923261,-0.0003023138528227835,0.03064044445866522,163,0.49244712990936557,0.05065657655930461,0.8260214930986781,0.1785278329978275
primary_development_2022_2023_partial,s4_reclaim_vwap_support,60,5m,331,-0.002893939879319078,-0.002895980546862409,0.0006173185353175985,0,0.0,1.0960402681236812e-226,4.5719495651291e-100,1.9572147645065735e-226
primary_development_2022_2023_partial,s4_reclaim_vwap_support,60,15m,331,-0.002855972390671539,-0.002708393642405894,0.001236061942669623,0,0.0,2.2411368859512686e-134,4.5719495651291e-100,3.864029113709084e-134
primary_development_2022_2023_partial,s4_reclaim_vwap_support,60,30m,331,-0.002883916228898621,-0.002692980210995149,0.002049058326397981,14,0.04229607250755287,2.909146724884928e-80,7.865299386413312e-76,4.4527755993136655e-80
primary_development_2022_2023_partial,s4_reclaim_vwap_support,60,60m,331,-0.0030281249924637324,-0.0028233399707558457,0.0033364633518238027,51,0.1540785498489426,5.696747172280481e-45,2.0047610277350594e-39,9.936186928396188e-45
primary_development_2022_2023_partial,s4_reclaim_vwap_support,60,1d,331,-0.0033678583788833067,-0.002273023848128671,0.014673703343453554,147,0.44410876132930516,3.9075835789288114e-05,0.04768149843926189,0.0002170879766071562
primary_development_2022_2023_partial,s4_reclaim_vwap_support,60,2d,331,-0.0033909922255204563,-0.0016478181630579804,0.019961188774306596,154,0.4652567975830816,0.0022003097764297986,0.22652105114781237,0.008462729909345379
primary_development_2022_2023_partial,s4_reclaim_vwap_support,60,3d,331,-0.003289963698558532,-0.0017597426975541753,0.024398552598951486,153,0.4622356495468278,0.014823330294597141,0.18703395961266983,0.04537754171815451
primary_development_2022_2023_partial,s4_reclaim_vwap_support,60,5d,331,-0.0031758948307295553,0.0005669346192123784,0.030836936307537248,169,0.5105740181268882,0.0622429840451617,0.7416149670525334,0.17954706936104337
primary_development_2022_2023_partial,s4_reclaim_vwap_support,120,5m,331,-0.002894673854611488,-0.0028826006959025065,0.0006317559292627232,0,0.0,1.4836942636924005e-223,4.5719495651291e-100,2.618283994751295e-223
primary_development_2022_2023_partial,s4_reclaim_vwap_support,120,15m,331,-0.002841901828286382,-0.002709057939498907,0.0012427162420160529,2,0.006042296072507553,3.9208520298116e-133,2.5121491275514865e-95,6.256678770975958e-133
primary_development_2022_2023_partial,s4_reclaim_vwap_support,120,30m,331,-0.002863761064830458,-0.0026970458831683405,0.0020602928511783154,18,0.054380664652567974,4.459386275378231e-79,1.0760394876854358e-70,6.756645871785199e-79
primary_development_2022_2023_partial,s4_reclaim_vwap_support,120,60m,331,-0.0029989560272275307,-0.0027060636759025157,0.003345554594803204,51,0.1540785498489426,3.595906756256273e-44,2.0047610277350594e-39,5.862891450417837e-44
primary_development_2022_2023_partial,s4_reclaim_vwap_support,120,1d,331,-0.0030122573671577686,-0.0017799662260258586,0.014425601076762107,145,0.4380664652567976,0.00017679979714528527,0.027755090478306058,0.0005174511249746073
primary_development_2022_2023_partial,s4_reclaim_vwap_support,120,2d,331,-0.0029097604156068948,-0.0015068950419219447,0.019533343316257723,150,0.45317220543806647,0.007162505982680259,0.0990117771110954,0.014921887463917205
primary_development_2022_2023_partial,s4_reclaim_vwap_support,120,3d,331,-0.0027258951150641304,-0.0017206770443692287,0.023695678642238687,153,0.4622356495468278,0.037404412273390815,0.18703395961266983,0.07129720771953811
primary_development_2022_2023_partial,s4_reclaim_vwap_support,120,5d,331,-0.0027357437827795496,0.0012171097496707377,0.029783684174555475,171,0.5166163141993958,0.09614380441576764,0.5826263292692689,0.20266895946320704
primary_development_2022_2023_partial,s4_reclaim_vwap_support,240,5m,331,-0.003013275257210013,-0.0029822470120372093,0.0006269828477853043,0,0.0,4.22585701357447e-230,4.5719495651291e-100,7.730226244343543e-230
primary_development_2022_2023_partial,s4_reclaim_vwap_support,240,15m,331,-0.002984144885940274,-0.0029363448055841385,0.001282874903740329,3,0.00906344410876133,3.444033260210823e-135,2.763465537586981e-93,6.007034756181668e-135
primary_development_2022_2023_partial,s4_reclaim_vwap_support,240,30m,331,-0.0030271720622211265,-0.0028188494920437894,0.0020478334463771126,13,0.03927492447129909,5.090156895987637e-85,3.4509427791658022e-77,8.878180632536576e-85
primary_development_2022_2023_partial,s4_reclaim_vwap_support,240,60m,331,-0.003177790075462004,-0.0030361592277565,0.0033575391971390634,46,0.13897280966767372,9.292925719937614e-48,3.0373798198994984e-43,2.445506768404635e-47
primary_development_2022_2023_partial,s4_reclaim_vwap_support,240,1d,331,-0.0032012053469236217,-0.0018790119909345153,0.014499771875043968,141,0.4259818731117825,7.495328154193968e-05,0.008234340406513233,0.00032773542967944654
primary_development_2022_2023_partial,s4_reclaim_vwap_support,240,2d,331,-0.0030977840660431667,-0.0024562722630859625,0.019776058450450995,149,0.4501510574018127,0.004710393821429404,0.07844038321120742,0.012395773214287906
primary_development_2022_2023_partial,s4_reclaim_vwap_support,240,3d,331,-0.0028315529503033033,-0.001161176841956019,0.023762703893447364,149,0.4501510574018127,0.031131824409019855,0.07844038321120742,0.06671105230504254
primary_development_2022_2023_partial,s4_reclaim_vwap_support,240,5d,331,-0.002776892571724821,0.0005016956296578618,0.03001486271444806,170,0.513595166163142,0.09377533821688379,0.6602051224044762,0.20266895946320704
supplemental_2023_09_legacy,cs_r3_leader_confirmation,10,5m,20,-0.002780754820336205,-0.0028258401804241605,0.0006793182355146612,0,0.0,2.508171376188233e-13,1.9073486328125e-06,3.0350981358916435e-13
supplemental_2023_09_legacy,cs_r3_leader_confirmation,10,15m,20,-0.002531989234723694,-0.002460582165321183,0.00164767360066595,1,0.05,2.104326711794904e-06,4.00543212890625e-05,2.4241843719877295e-06
supplemental_2023_09_legacy,cs_r3_leader_confirmation,10,30m,20,-0.0018759572701997902,-0.002769802451855815,0.0027535323177149797,3,0.15,0.00787233454943678,0.0025768280029296875,0.008214609964629685
supplemental_2023_09_legacy,cs_r3_leader_confirmation,10,60m,20,-0.0020040343388092476,-0.002669007119228147,0.003707781254200377,6,0.3,0.02936787427036529,0.11531829833984375,0.03132573255505631
supplemental_2023_09_legacy,cs_r3_leader_confirmation,10,1d,20,-0.0016746363354641265,-0.0017065995508997415,0.010451225637486695,10,0.5,0.4933619484689698,1.0,0.5464932352271665
supplemental_2023_09_legacy,cs_r3_leader_confirmation,10,2d,20,-0.0032904085939156912,-0.001956761313918789,0.009521590088200494,8,0.4,0.14843070386952947,0.5034446716308594,0.1607069274978364
supplemental_2023_09_legacy,cs_r3_leader_confirmation,10,3d,20,-0.005590198816345777,-0.005485113864096043,0.00908378414655364,6,0.3,0.01473517196489531,0.11531829833984375,0.017250933032072556
supplemental_2023_09_legacy,cs_r3_leader_confirmation,10,5d,20,-0.006575902197565613,-0.006763845846310299,0.01063791381931072,4,0.2,0.014359071768404253,0.01181793212890625,0.0169484125791001
supplemental_2023_09_legacy,cs_r3_leader_confirmation,20,5m,20,-0.002705727849133058,-0.0026499807505759513,0.0005623884856736834,0,0.0,1.3425794724721693e-14,1.9073486328125e-06,1.7575585821453854e-14
supplemental_2023_09_legacy,cs_r3_leader_confirmation,20,15m,20,-0.0025787510908478815,-0.0026638454276767826,0.0013936332069168806,2,0.1,1.484141642772661e-07,0.0004024505615234375,1.7840870333584616e-07
supplemental_2023_09_legacy,cs_r3_leader_confirmation,20,30m,20,-0.0021779379396359684,-0.0027516116177712293,0.0019929769770743086,3,0.15,0.00013514452297496018,0.0025768280029296875,0.00015568649046715413
supplemental_2023_09_legacy,cs_r3_leader_confirmation,20,60m,20,-0.002496274839551467,-0.0024766531823868744,0.0031167357052995287,4,0.2,0.002443901651892714,0.01181793212890625,0.002793030459305959
supplemental_2023_09_legacy,cs_r3_leader_confirmation,20,1d,20,-0.001986973762428395,-0.0006243572383752238,0.010470010288890259,10,0.5,0.41838022977262007,1.0,0.4706777584941976
supplemental_2023_09_legacy,cs_r3_leader_confirmation,20,2d,20,-0.004020872844224921,-0.004507286087855614,0.009797427186340127,9,0.45,0.08958760924512439,0.8238029479980469,0.10157965142754262
supplemental_2023_09_legacy,cs_r3_leader_confirmation,20,3d,20,-0.006452629802627516,-0.006727030486356676,0.010124380096937906,6,0.3,0.011981741379904712,0.11531829833984375,0.01425926246864693
supplemental_2023_09_legacy,cs_r3_leader_confirmation,20,5d,20,-0.0068222447243666134,-0.00765919132840776,0.011053001922477108,5,0.25,0.014484697098653711,0.04138946533203125,0.016957694164277518
supplemental_2023_09_legacy,cs_r3_leader_confirmation,40,5m,20,-0.00277605006237443,-0.0026658999270497666,0.000513961844273943,0,0.0,1.6105721863314135e-15,1.9073486328125e-06,2.1674990171189115e-15
supplemental_2023_09_legacy,cs_r3_leader_confirmation,40,15m,20,-0.0028493566945930974,-0.002792230107564639,0.0013242663479026537,1,0.05,1.4635842871502884e-08,4.00543212890625e-05,1.8326620639099263e-08
supplemental_2023_09_legacy,cs_r3_leader_confirmation,40,30m,20,-0.0026610822029712214,-0.003067755312576654,0.0019871936789768326,2,0.1,1.2710431456023968e-05,0.0004024505615234375,1.551103499718179e-05
supplemental_2023_09_legacy,cs_r3_leader_confirmation,40,60m,20,-0.0029611368706371176,-0.0025317319356565585,0.0034883776592074616,3,0.15,0.00151944705318837,0.0025768280029296875,0.0017504030052730025
supplemental_2023_09_legacy,cs_r3_leader_confirmation,40,1d,20,-0.003390089290994372,-0.003764654125084861,0.010602221071420295,9,0.45,0.17947643044289582,0.8238029479980469,0.2247357042067565
supplemental_2023_09_legacy,cs_r3_leader_confirmation,40,2d,20,-0.005152328641995293,-0.004128406973885525,0.01067078070753201,6,0.3,0.048860126031855716,0.11531829833984375,0.063632472370487
supplemental_2023_09_legacy,cs_r3_leader_confirmation,40,3d,20,-0.007504975745199457,-0.007275809424049949,0.010338129044362852,5,0.25,0.005106038229267008,0.04138946533203125,0.007997250990812204
supplemental_2023_09_legacy,cs_r3_leader_confirmation,40,5d,20,-0.008201553863224322,-0.00808551757801483,0.009012102706467759,3,0.15,0.0008264472785334041,0.0025768280029296875,0.0011554214379496134
supplemental_2023_09_legacy,cs_r3_leader_confirmation,60,5m,20,-0.0027739922799917085,-0.0027151927708059685,0.0006356952085291935,0,0.0,7.914894228262632e-14,1.9073486328125e-06,9.825385938532922e-14
supplemental_2023_09_legacy,cs_r3_leader_confirmation,60,15m,20,-0.002957691235738295,-0.0029440518073742547,0.0013273974351086103,0,0.0,8.403160361882309e-09,1.9073486328125e-06,1.0614518351851337e-08
supplemental_2023_09_legacy,cs_r3_leader_confirmation,60,30m,20,-0.0027950826373755377,-0.002705705703759815,0.0019145448288416258,1,0.05,4.184655900651953e-06,4.00543212890625e-05,5.239916953859837e-06
supplemental_2023_09_legacy,cs_r3_leader_confirmation,60,60m,20,-0.0030484793456367247,-0.002654472831426522,0.003351194791105375,4,0.2,0.0008296675024157019,0.01181793212890625,0.0009634848415150086
supplemental_2023_09_legacy,cs_r3_leader_confirmation,60,1d,20,-0.0033679062876905705,-0.0013711389741824188,0.011075705693289145,7,0.35,0.2007377792284303,0.26317596435546875,0.24290958158734424
supplemental_2023_09_legacy,cs_r3_leader_confirmation,60,2d,20,-0.005477360874254846,-0.004436522616023338,0.010736159499262802,7,0.35,0.038484078854570086,0.26317596435546875,0.05551776690509641
supplemental_2023_09_legacy,cs_r3_leader_confirmation,60,3d,20,-0.007641083307879615,-0.005632293040470145,0.010151424578317692,5,0.25,0.003930037436459498,0.04138946533203125,0.0075089118907544486
supplemental_2023_09_legacy,cs_r3_leader_confirmation,60,5d,20,-0.008734694707161494,-0.008598716391597405,0.009947085255262072,4,0.2,0.0011358554699607566,0.01181793212890625,0.001557744644517609
supplemental_2023_09_legacy,cs_r3_leader_confirmation,120,5m,20,-0.002717714422633218,-0.00261615478246664,0.0006383185808263292,0,0.0,1.235013793520179e-13,1.9073486328125e-06,1.5200169766402204e-13
supplemental_2023_09_legacy,cs_r3_leader_confirmation,120,15m,20,-0.0025127450098173217,-0.0026104143490306205,0.001103693181399368,1,0.05,5.952573613560587e-09,4.00543212890625e-05,7.653308931720755e-09
supplemental_2023_09_legacy,cs_r3_leader_confirmation,120,30m,20,-0.002285242472708525,-0.0026118919664433102,0.0017028826537331743,1,0.05,1.2374451614703839e-05,4.00543212890625e-05,1.5230094295020109e-05
supplemental_2023_09_legacy,cs_r3_leader_confirmation,120,60m,20,-0.002863872831509031,-0.002227943414443571,0.00281128699614963,3,0.15,0.00028069627949566537,0.0025768280029296875,0.0003396660861124018
supplemental_2023_09_legacy,cs_r3_leader_confirmation,120,1d,20,-0.003216346592500879,-0.0008743930578827015,0.010167084649747861,9,0.45,0.1839338348817481,0.8238029479980469,0.22833165709458386
supplemental_2023_09_legacy,cs_r3_leader_confirmation,120,2d,20,-0.004679539940852713,-0.004928990501680748,0.009186374143016532,7,0.35,0.03874933096021153,0.26317596435546875,0.05551776690509641
supplemental_2023_09_legacy,cs_r3_leader_confirmation,120,3d,20,-0.006834599345470646,-0.004176288732674732,0.00909720484676623,5,0.25,0.0039853508796712424,0.04138946533203125,0.0075089118907544486
supplemental_2023_09_legacy,cs_r3_leader_confirmation,120,5d,20,-0.008391727081880572,-0.010803988751455862,0.012461888546202083,5,0.25,0.008493756958190466,0.04138946533203125,0.010278159680499386
supplemental_2023_09_legacy,cs_r3_leader_confirmation,240,5m,20,-0.002835663750918435,-0.0025730516245503474,0.0008981674941008904,0,0.0,2.4800609563160362e-11,1.9073486328125e-06,2.880070787979913e-11
supplemental_2023_09_legacy,cs_r3_leader_confirmation,240,15m,20,-0.0028765337697879596,-0.003263439958722755,0.001431571196563537,1,0.05,4.2546392905452864e-08,4.00543212890625e-05,5.192102185072214e-08
supplemental_2023_09_legacy,cs_r3_leader_confirmation,240,30m,20,-0.0025105419115492946,-0.0031162416514077993,0.0019169578428642339,3,0.15,1.6754315851690552e-05,0.0025768280029296875,2.027413010624739e-05
supplemental_2023_09_legacy,cs_r3_leader_confirmation,240,60m,20,-0.002891825204430651,-0.002703383633948015,0.0029110583105661,4,0.2,0.0003607760407394952,0.01181793212890625,0.00043293124888739426
supplemental_2023_09_legacy,cs_r3_leader_confirmation,240,1d,20,-0.0026118377487765907,-0.0029635153733741345,0.010684625640950839,9,0.45,0.2999921983901742,0.8238029479980469,0.3455910125454807
supplemental_2023_09_legacy,cs_r3_leader_confirmation,240,2d,20,-0.004091612124753247,-0.0022274944613993298,0.008862010562220812,7,0.35,0.05855935064843535,0.26317596435546875,0.06969046688739414
supplemental_2023_09_legacy,cs_r3_leader_confirmation,240,3d,20,-0.005810196959391277,-0.00468472945632166,0.010851542279764736,7,0.35,0.030737544710391463,0.26317596435546875,0.03378783540684252
supplemental_2023_09_legacy,cs_r3_leader_confirmation,240,5d,20,-0.006362686560742843,-0.007975094250033418,0.011739058854659302,5,0.25,0.028969404140735937,0.04138946533203125,0.03259057965832793
supplemental_2023_09_legacy,fu_r3_core_pullback,10,5m,11,-0.0029090248558393456,-0.0031728843723318675,0.0012472063882466103,1,0.09090909090909091,2.3811099759522752e-05,0.01171875,2.46676141393617e-05
supplemental_2023_09_legacy,fu_r3_core_pullback,10,15m,11,-0.002557017607254868,-0.002943970530462302,0.0017752441708441704,1,0.09090909090909091,0.0010504024020628131,0.01171875,0.0010881866611298207
supplemental_2023_09_legacy,fu_r3_core_pullback,10,30m,11,-0.002081292130633376,-0.001899984804182702,0.0020227279461212814,2,0.18181818181818182,0.008664059332584035,0.0654296875,0.00897571614310864
supplemental_2023_09_legacy,fu_r3_core_pullback,10,60m,11,-0.001974069913845095,-0.000979184927974719,0.0036792604314472934,4,0.36363636363636365,0.12060884121988674,0.548828125,0.1240548081118835
supplemental_2023_09_legacy,fu_r3_core_pullback,10,1d,11,0.0017848528041719597,0.003250050247300706,0.01113741312447478,8,0.7272727272727273,0.6232968428532148,0.2265625,0.6799601922035071
supplemental_2023_09_legacy,fu_r3_core_pullback,10,2d,11,-0.003910540886831234,-0.0038859888717771925,0.013405693866278085,5,0.45454545454545453,0.3780078484724831,1.0,0.39160525309379546
supplemental_2023_09_legacy,fu_r3_core_pullback,10,3d,11,-0.009079057695586824,-0.007781638275883126,0.014828305858455954,3,0.2727272727272727,0.08159338013419876,0.2265625,0.08392461956660444
supplemental_2023_09_legacy,fu_r3_core_pullback,10,5d,11,-0.003909865515810195,-0.002339110284496188,0.01267116158562775,5,0.45454545454545453,0.35219409992638656,1.0,0.3622567884957119
supplemental_2023_09_legacy,fu_r3_core_pullback,20,5m,11,-0.0029531524126450827,-0.002800844338796683,0.0010090054173456584,0,0.0,3.2155264502026645e-06,0.0009765625,3.37982342211083e-06
supplemental_2023_09_legacy,fu_r3_core_pullback,20,15m,11,-0.0026502866842075938,-0.0026306898345041323,0.001811209333161432,0,0.0,0.00094009577468754,0.0009765625,0.0009809695040217808
supplemental_2023_09_legacy,fu_r3_core_pullback,20,30m,11,-0.00235745586758921,-0.0018591834511037428,0.0022445125852352294,2,0.18181818181818182,0.007729146031626784,0.0654296875,0.008124065901855888
supplemental_2023_09_legacy,fu_r3_core_pullback,20,60m,11,-0.0024042522398199386,-0.0023187199368414992,0.004057883015316585,3,0.2727272727272727,0.09046869006560668,0.2265625,0.09440211137280696
supplemental_2023_09_legacy,fu_r3_core_pullback,20,1d,11,0.001341352659141426,0.002292183752819081,0.011295687838412418,7,0.6363636363636364,0.7151182504487179,0.548828125,0.768485284064294
supplemental_2023_09_legacy,fu_r3_core_pullback,20,2d,11,-0.004092064049743723,-0.005326529563343427,0.011683427533862577,4,0.36363636363636365,0.29397547943525437,0.548828125,0.30899612436990237
supplemental_2023_09_legacy,fu_r3_core_pullback,20,3d,11,-0.010028217283089634,-0.012217294850725192,0.013186191618676894,3,0.2727272727272727,0.037001939048387666,0.2265625,0.03976327778334197
supplemental_2023_09_legacy,fu_r3_core_pullback,20,5d,11,-0.005494190771620541,-0.008090803991585715,0.012663195794996824,3,0.2727272727272727,0.20004934118077314,0.2265625,0.20874713862341546
supplemental_2023_09_legacy,fu_r3_core_pullback,40,5m,11,-0.003109314540546042,-0.0027944200066900558,0.0007965255165469455,0,0.0,2.238114304580132e-07,0.0009765625,2.479141998919531e-07
supplemental_2023_09_legacy,fu_r3_core_pullback,40,15m,11,-0.0030477709565900073,-0.0026776502673440537,0.001753146757204338,0,0.0,0.0002627135967588092,0.0009765625,0.0002823190890542427
supplemental_2023_09_legacy,fu_r3_core_pullback,40,30m,11,-0.002786349241300897,-0.002505819946913453,0.0022676331571516327,1,0.09090909090909091,0.003030971609196337,0.01171875,0.003233036383142759
supplemental_2023_09_legacy,fu_r3_core_pullback,40,60m,11,-0.002341927611970746,-0.0018518904346705035,0.00404915939980208,2,0.18181818181818182,0.0973382337965379,0.0654296875,0.10083960911296014
supplemental_2023_09_legacy,fu_r3_core_pullback,40,1d,11,-0.00018793921411081318,0.0013082390495785625,0.01122448859621806,6,0.5454545454545454,0.958816023716583,1.0,0.9723204747548447
supplemental_2023_09_legacy,fu_r3_core_pullback,40,2d,11,-0.004528278337387647,-0.001971216813763759,0.01184513646724843,4,0.36363636363636365,0.25450569669726786,0.548828125,0.26947662003240125
supplemental_2023_09_legacy,fu_r3_core_pullback,40,3d,11,-0.010243667826519327,-0.008596268995984807,0.012458038423498137,3,0.2727272727272727,0.026482661622007384,0.2265625,0.029562040880380336
supplemental_2023_09_legacy,fu_r3_core_pullback,40,5d,11,-0.007066679429145698,-0.011269385643331058,0.010766389828211029,3,0.2727272727272727,0.064672651969798,0.2265625,0.07055198396705237
supplemental_2023_09_legacy,fu_r3_core_pullback,60,5m,11,-0.0030569546717155506,-0.0029174556469674985,0.0009269868774573511,0,0.0,1.0808140240246336e-06,0.0009765625,1.1528682922929425e-06
supplemental_2023_09_legacy,fu_r3_core_pullback,60,15m,11,-0.002932855439016101,-0.0026867316851761007,0.0015934411458106627,0,0.0,0.0001682221140168605,0.0009765625,0.00018213522119118732
supplemental_2023_09_legacy,fu_r3_core_pullback,60,30m,11,-0.0029234871563103117,-0.002446677660863228,0.0023047236942197722,0,0.0,0.0024729710698283922,0.0009765625,0.0026575211496663318
supplemental_2023_09_legacy,fu_r3_core_pullback,60,60m,11,-0.0026180916348842974,-0.0022192767871528334,0.003950584115291762,3,0.2727272727272727,0.06253028420271851,0.2265625,0.06572526222767494
supplemental_2023_09_legacy,fu_r3_core_pullback,60,1d,11,0.0008154074198216172,0.000550470600168849,0.012125463960136659,7,0.6363636363636364,0.8358680989836138,0.548828125,0.8785766879827765
supplemental_2023_09_legacy,fu_r3_core_pullback,60,2d,11,-0.004229283537078244,-0.002400708710398992,0.014052081460329333,5,0.45454545454545453,0.36365727643127094,1.0,0.37946846236306536
supplemental_2023_09_legacy,fu_r3_core_pullback,60,3d,11,-0.010399749054552725,-0.007092551329307014,0.013943353520507521,3,0.2727272727272727,0.04004830612080651,0.2265625,0.04271819319552694
supplemental_2023_09_legacy,fu_r3_core_pullback,60,5d,11,-0.006646227226933143,-0.005989342045247615,0.012043311500519628,3,0.2727272727272727,0.11155494224796712,0.2265625,0.11725482980808222
supplemental_2023_09_legacy,fu_r3_core_pullback,120,5m,11,-0.0030943950563654195,-0.003056514408834009,0.0009429005024013359,0,0.0,1.1302431693911782e-06,0.0009765625,1.1967280617083063e-06
supplemental_2023_09_legacy,fu_r3_core_pullback,120,15m,11,-0.00268535483051914,-0.002351489413272077,0.001626555810215352,0,0.0,0.00038945391962559405,0.0009765625,0.0004154175142673003
supplemental_2023_09_legacy,fu_r3_core_pullback,120,30m,11,-0.002631415533391507,-0.0020032203863408074,0.0020524207059765083,0,0.0,0.0023073354222532877,0.0009765625,0.0024981676752216047
supplemental_2023_09_legacy,fu_r3_core_pullback,120,60m,11,-0.0027273078505342784,-0.0013702520238208624,0.003354451952430365,2,0.18181818181818182,0.02783989455515524,0.0654296875,0.029917498626435484
supplemental_2023_09_legacy,fu_r3_core_pullback,120,1d,11,0.0006925189145120325,0.002667918852498628,0.010959795204276916,8,0.7272727272727273,0.8456296477814613,0.2265625,0.8823961542067422
supplemental_2023_09_legacy,fu_r3_core_pullback,120,2d,11,-0.0035846695347007368,-0.0002552278812802059,0.012693068531417369,5,0.45454545454545453,0.3928074858200666,1.0,0.4040305568434971
supplemental_2023_09_legacy,fu_r3_core_pullback,120,3d,11,-0.00902392769392902,-0.007029302571849524,0.012252993065291071,3,0.2727272727272727,0.042128112326757415,0.2265625,0.04460623658127255
supplemental_2023_09_legacy,fu_r3_core_pullback,120,5d,11,-0.003222756735781138,-0.008892465315737789,0.010363679858893133,4,0.36363636363636365,0.34862236784324085,0.548828125,0.36116274078724236
supplemental_2023_09_legacy,fu_r3_core_pullback,240,5m,11,-0.002804575976395368,-0.002729927247542415,0.0009629378174919725,0,0.0,3.360776541584879e-06,0.0009765625,3.5068972607842213e-06
supplemental_2023_09_legacy,fu_r3_core_pullback,240,15m,11,-0.0026775594702600786,-0.002651953886655487,0.0018235376989215422,1,0.09090909090909091,0.0009174013156242483,0.01171875,0.0009642758354006698
supplemental_2023_09_legacy,fu_r3_core_pullback,240,30m,11,-0.002480897642851472,-0.002345604222461849,0.002129196296129898,0,0.0,0.004214079826250218,0.0009765625,0.004461966874853172
supplemental_2023_09_legacy,fu_r3_core_pullback,240,60m,11,-0.0027849908090159794,-0.002420551507172578,0.003592747428707001,3,0.2727272727272727,0.03418145175190231,0.2265625,0.036192125384367155
supplemental_2023_09_legacy,fu_r3_core_pullback,240,1d,11,0.0013250678346878974,0.00200396340380348,0.011072262440539424,7,0.6363636363636364,0.7130108701862817,0.548828125,0.768485284064294
supplemental_2023_09_legacy,fu_r3_core_pullback,240,2d,11,-0.0024879229879835245,-0.00020411018920300856,0.013135336856085417,5,0.45454545454545453,0.5625235387906609,1.0,0.574492124722377
supplemental_2023_09_legacy,fu_r3_core_pullback,240,3d,11,-0.00802857425624555,-0.007890943739533147,0.01447717137928674,4,0.36363636363636365,0.11002071435075578,0.548828125,0.11236158061353782
supplemental_2023_09_legacy,fu_r3_core_pullback,240,5d,11,-0.002768561348521427,-0.008257560018865732,0.013722086849137465,4,0.36363636363636365,0.537796178137347,0.548828125,0.5492386500126097
supplemental_2023_09_legacy,ht_r3_core_pullback,10,5m,20,-0.002523860162344532,-0.0024932351576791305,0.0005992368601264479,0,0.0,1.501310807559222e-13,1.9073486328125e-06,1.8321081041400678e-13
supplemental_2023_09_legacy,ht_r3_core_pullback,10,15m,20,-0.002154921637694604,-0.00291934818090201,0.0022073273135105173,3,0.15,0.000427704734132783,0.0025768280029296875,0.00045286383614059374
supplemental_2023_09_legacy,ht_r3_core_pullback,10,30m,20,-0.0023908227413421772,-0.0032034204644828387,0.0027745180887631684,3,0.15,0.0013372540045175421,0.0025768280029296875,0.0014588225503827732
supplemental_2023_09_legacy,ht_r3_core_pullback,10,60m,20,-0.002689966885269418,-0.002745490365779698,0.002795612472782154,3,0.15,0.0004918065653227568,0.0025768280029296875,0.0005804929951350572
supplemental_2023_09_legacy,ht_r3_core_pullback,10,1d,20,-0.0017713907910598312,0.0001706227344469141,0.01035754096438336,11,0.55,0.46510625609104994,0.8238029479980469,0.5191883788923348
supplemental_2023_09_legacy,ht_r3_core_pullback,10,2d,20,-0.0031118591735837266,-0.0034284074874633757,0.008993367191218649,9,0.45,0.14793847434485546,0.8238029479980469,0.1607069274978364
supplemental_2023_09_legacy,ht_r3_core_pullback,10,3d,20,-0.005467814912931734,-0.005116160659428902,0.009433875166633314,6,0.3,0.020562045650538322,0.11531829833984375,0.023687476589420147
supplemental_2023_09_legacy,ht_r3_core_pullback,10,5d,20,-0.005632234676310946,-0.007411675219919116,0.011891201208464331,5,0.25,0.05288560950217449,0.04138946533203125,0.058133799758115466
supplemental_2023_09_legacy,ht_r3_core_pullback,20,5m,20,-0.002563869983894194,-0.0026840174994132828,0.0005574243358168798,0,0.0,3.046925195836003e-14,1.9073486328125e-06,3.917475251789147e-14
supplemental_2023_09_legacy,ht_r3_core_pullback,20,15m,20,-0.002369142813027279,-0.0027074511497388763,0.0016552803305095128,2,0.1,5.429018173104864e-06,0.0004024505615234375,6.20459219783413e-06
supplemental_2023_09_legacy,ht_r3_core_pullback,20,30m,20,-0.0027041833478476385,-0.0028261156515633785,0.0022322734248434208,2,0.1,4.2664621399117306e-05,0.0004024505615234375,4.9546011947362034e-05
supplemental_2023_09_legacy,ht_r3_core_pullback,20,60m,20,-0.0028525279400046103,-0.00266924887341649,0.002695888960205486,2,0.1,0.00019015644662938625,0.0004024505615234375,0.00023205532470026795
supplemental_2023_09_legacy,ht_r3_core_pullback,20,1d,20,-0.002012467325770782,-5.288634904166699e-06,0.010281487126696864,10,0.5,0.4041777705187475,1.0,0.4582803067299184
supplemental_2023_09_legacy,ht_r3_core_pullback,20,2d,20,-0.004008325804078514,-0.004689881157245474,0.00939126923113098,9,0.45,0.07837388424404881,0.8238029479980469,0.09074454273143275
supplemental_2023_09_legacy,ht_r3_core_pullback,20,3d,20,-0.0064720267319366255,-0.005895404084997051,0.010363811836641644,6,0.3,0.013529141256273563,0.11531829833984375,0.015968822466421256
supplemental_2023_09_legacy,ht_r3_core_pullback,20,5d,20,-0.00637641342185713,-0.008403661761338572,0.011646782966422731,6,0.3,0.02757208404946185,0.11531829833984375,0.03126283545765753
supplemental_2023_09_legacy,ht_r3_core_pullback,40,5m,20,-0.0025939596796447843,-0.0025955025342256502,0.0005373927359031428,0,0.0,1.2645987161938209e-14,1.9073486328125e-06,1.6706625241459652e-14
supplemental_2023_09_legacy,ht_r3_core_pullback,40,15m,20,-0.0026329877100204286,-0.00281926621551939,0.0015885380586364317,1,0.05,7.357054403151708e-07,4.00543212890625e-05,8.683736344703655e-07
supplemental_2023_09_legacy,ht_r3_core_pullback,40,30m,20,-0.002836042194214272,-0.0027054039502181037,0.0022350674567024574,1,0.05,2.463096111602709e-05,4.00543212890625e-05,2.9312879344693395e-05
supplemental_2023_09_legacy,ht_r3_core_pullback,40,60m,20,-0.003220889633058285,-0.0025353589459707034,0.0027630301991053694,1,0.05,6.633519330627293e-05,4.00543212890625e-05,8.927353117853553e-05
supplemental_2023_09_legacy,ht_r3_core_pullback,40,1d,20,-0.0035218296089976524,-0.003905785545117701,0.010622529515206926,9,0.45,0.1647037552451429,0.8238029479980469,0.21884111430113268
supplemental_2023_09_legacy,ht_r3_core_pullback,40,2d,20,-0.005411925026024365,-0.005555713609380576,0.010836325898252322,6,0.3,0.042298935579678267,0.11531829833984375,0.056925670312838045
supplemental_2023_09_legacy,ht_r3_core_pullback,40,3d,20,-0.007920114578582538,-0.006471547147672356,0.010579233978025359,5,0.25,0.0040897969476779115,0.04138946533203125,0.0075089118907544486
supplemental_2023_09_legacy,ht_r3_core_pullback,40,5d,20,-0.007874218463486123,-0.008167350071621338,0.0091704072330561,3,0.15,0.001378459091321861,0.0025768280029296875,0.001855122515423813
supplemental_2023_09_legacy,ht_r3_core_pullback,60,5m,20,-0.002594740100009866,-0.0026135172033344813,0.0005009987010890365,0,0.0,3.484403128900752e-15,1.9073486328125e-06,4.6458708385343364e-15
supplemental_2023_09_legacy,ht_r3_core_pullback,60,15m,20,-0.002573600527262248,-0.0026418215047875945,0.0014941665143248638,2,0.1,4.2465693590835405e-07,0.0004024505615234375,5.053768493454792e-07
supplemental_2023_09_legacy,ht_r3_core_pullback,60,30m,20,-0.002992818176581039,-0.002743321195680284,0.002155214918039849,2,0.1,8.026170147038915e-06,0.0004024505615234375,9.96352156184141e-06
supplemental_2023_09_legacy,ht_r3_core_pullback,60,60m,20,-0.0033055858422471585,-0.0022650702958310126,0.0028545692102482337,2,0.1,7.149130998838066e-05,0.0004024505615234375,9.444723521400749e-05
supplemental_2023_09_legacy,ht_r3_core_pullback,60,1d,20,-0.0032181280560050715,-0.0024436526247346092,0.010641277619396683,7,0.35,0.20310344966389077,0.26317596435546875,0.24372413959666892
supplemental_2023_09_legacy,ht_r3_core_pullback,60,2d,20,-0.005263740149886861,-0.004696208232683685,0.010479811047801988,6,0.3,0.04125564958299413,0.11531829833984375,0.056579176570963376
supplemental_2023_09_legacy,ht_r3_core_pullback,60,3d,20,-0.007662191530538845,-0.004919523341070183,0.01033440206277644,5,0.25,0.004389569935322599,0.04138946533203125,0.0075089118907544486
supplemental_2023_09_legacy,ht_r3_core_pullback,60,5d,20,-0.008450952066954742,-0.008098864329743067,0.009966548256965324,4,0.2,0.0015334944652667527,0.01181793212890625,0.002025900944939563
supplemental_2023_09_legacy,ht_r3_core_pullback,120,5m,20,-0.002533996217007075,-0.0025607970288568215,0.0005651346723926925,0,0.0,4.8380713073112e-14,1.9073486328125e-06,6.058106680459241e-14
supplemental_2023_09_legacy,ht_r3_core_pullback,120,15m,20,-0.002369287154002222,-0.0024645535819539143,0.001469058563577315,2,0.1,1.0807083533590833e-06,0.0004024505615234375,1.2652195356399023e-06
supplemental_2023_09_legacy,ht_r3_core_pullback,120,30m,20,-0.002759545099190257,-0.0027640913323467562,0.002272742330447995,2,0.1,4.153617805950309e-05,0.0004024505615234375,4.862772065502801e-05
supplemental_2023_09_legacy,ht_r3_core_pullback,120,60m,20,-0.00318526084030301,-0.00235639295234713,0.0028431588963609834,1,0.05,0.0001032075059719595,4.00543212890625e-05,0.00013152106955718732
supplemental_2023_09_legacy,ht_r3_core_pullback,120,1d,20,-0.0035865511079386167,-0.002288571596196325,0.010276008193824859,7,0.35,0.14464052596989785,0.26317596435546875,0.21884111430113268
supplemental_2023_09_legacy,ht_r3_core_pullback,120,2d,20,-0.004734514696985928,-0.005486073506896527,0.009130861420454595,6,0.3,0.03574616540278763,0.11531829833984375,0.05448150940237587
supplemental_2023_09_legacy,ht_r3_core_pullback,120,3d,20,-0.006891609422560556,-0.00530467363312884,0.00932256747939126,5,0.25,0.00448448904586724,0.04138946533203125,0.0075089118907544486
supplemental_2023_09_legacy,ht_r3_core_pullback,120,5d,20,-0.008335501043876927,-0.009989606005578817,0.012272230858682174,5,0.25,0.008031147438924243,0.04138946533203125,0.00980072229834823
supplemental_2023_09_legacy,ht_r3_core_pullback,240,5m,20,-0.002644177747289548,-0.0026462261300869584,0.0005761629060012729,0,0.0,3.172500808245477e-14,1.9073486328125e-06,4.0428328883836163e-14
supplemental_2023_09_legacy,ht_r3_core_pullback,240,15m,20,-0.002531755345464806,-0.0027559492980122344,0.0015859725285023154,2,0.1,1.246616281508194e-06,0.0004024505615234375,1.447683423686935e-06
supplemental_2023_09_legacy,ht_r3_core_pullback,240,30m,20,-0.0028063810372146213,-0.0025293788708240315,0.002202419804034907,3,0.15,2.3413230213401068e-05,0.0025768280029296875,2.809587625608128e-05
supplemental_2023_09_legacy,ht_r3_core_pullback,240,60m,20,-0.003121920569588325,-0.002898760380890312,0.0026103604081892545,3,0.15,4.9499848182859276e-05,0.0025768280029296875,6.788550607934987e-05
supplemental_2023_09_legacy,ht_r3_core_pullback,240,1d,20,-0.0026140654503415814,-0.0026816183167648775,0.0108034605417642,9,0.45,0.30478897090077806,0.8238029479980469,0.348330252458032
supplemental_2023_09_legacy,ht_r3_core_pullback,240,2d,20,-0.00374637511469095,-0.003300115559546221,0.009243661350033395,9,0.45,0.09335262226712647,0.8238029479980469,0.10423931460438404
supplemental_2023_09_legacy,ht_r3_core_pullback,240,3d,20,-0.005086513573537955,-0.004218063092472002,0.011859901029781855,8,0.4,0.07705145690813482,0.5034446716308594,0.07982309204871521
supplemental_2023_09_legacy,ht_r3_core_pullback,240,5d,20,-0.005439688041239084,-0.007087873834625012,0.012134985748075906,6,0.3,0.06558953852951911,0.11531829833984375,0.07101423720489287
supplemental_2023_09_legacy,ng_r1_auction_reclaim,10,5m,11,-0.002492927944090336,-0.002378809606154323,0.0006425682397823635,0,0.0,2.3719606888412382e-07,0.0009765625,2.587593478735896e-07
supplemental_2023_09_legacy,ng_r1_auction_reclaim,10,15m,11,-0.0025635769634894004,-0.0025959763239856593,0.0011540804562417345,0,0.0,3.607894303811448e-05,0.0009765625,4.020118749526415e-05
supplemental_2023_09_legacy,ng_r1_auction_reclaim,10,30m,11,-0.0024680271230717557,-0.0017116332927632318,0.0016838406711202096,0,0.0,0.0009290685026130802,0.0009765625,0.0010212661402769735
supplemental_2023_09_legacy,ng_r1_auction_reclaim,10,60m,11,-0.002748072044279282,-0.0020388220629880024,0.0028909006168794456,2,0.18181818181818182,0.013206625480381791,0.0654296875,0.014517206634923495
supplemental_2023_09_legacy,ng_r1_auction_reclaim,10,1d,11,-6.109810751894237e-05,0.0007427304969772118,0.0072097181693649695,7,0.6363636363636364,0.9791477521452447,0.548828125,0.9859949392231836
supplemental_2023_09_legacy,ng_r1_auction_reclaim,10,2d,11,-0.004446925755477835,-0.0036997650985520977,0.007738758020974056,3,0.2727272727272727,0.0992391260537656,0.2265625,0.10992641655186343
supplemental_2023_09_legacy,ng_r1_auction_reclaim,10,3d,11,-0.00876320752728309,-0.008446793855714002,0.008381957760201952,1,0.09090909090909091,0.007931206744388597,0.01171875,0.010477924506348239
supplemental_2023_09_legacy,ng_r1_auction_reclaim,10,5d,11,-0.005840511164393152,-0.00560216059827128,0.006788772428826164,2,0.18181818181818182,0.021539312155126014,0.0654296875,0.025013394760791497
supplemental_2023_09_legacy,ng_r1_auction_reclaim,20,5m,11,-0.002589222600512944,-0.002396241740411873,0.000672039118813547,0,0.0,2.532381069723654e-07,0.0009765625,2.741826120603054e-07
supplemental_2023_09_legacy,ng_r1_auction_reclaim,20,15m,11,-0.002667056704528379,-0.0021542291300619357,0.0012329399451420286,0,0.0,4.510437737224536e-05,0.0009765625,4.920477531517675e-05
supplemental_2023_09_legacy,ng_r1_auction_reclaim,20,30m,11,-0.0025954828084971513,-0.00184706668814465,0.0017581585607151426,0,0.0,0.0008830680283826506,0.0009765625,0.0009781676622084745
supplemental_2023_09_legacy,ng_r1_auction_reclaim,20,60m,11,-0.0029025755503037875,-0.0021190446830769384,0.0030790926533534,1,0.09090909090909091,0.013784296737349974,0.01171875,0.015037414622563609
supplemental_2023_09_legacy,ng_r1_auction_reclaim,20,1d,11,-0.0004643124528376596,-0.0012203186467612055,0.008024485950263947,5,0.45454545454545453,0.858473690448718,1.0,0.88935403902601
supplemental_2023_09_legacy,ng_r1_auction_reclaim,20,2d,11,-0.004844858661155099,-0.0030726027137684964,0.007800057153489338,2,0.18181818181818182,0.07789262165483071,0.0654296875,0.09074454273143275
supplemental_2023_09_legacy,ng_r1_auction_reclaim,20,3d,11,-0.009589186019514532,-0.010443870088113195,0.009025492256086412,1,0.09090909090909091,0.007245005032759618,0.01171875,0.009842270987899858
supplemental_2023_09_legacy,ng_r1_auction_reclaim,20,5d,11,-0.006659330673692399,-0.006164344819405037,0.006746915481515603,2,0.18181818181818182,0.010851296745182204,0.0654296875,0.013021556094218645
supplemental_2023_09_legacy,ng_r1_auction_reclaim,40,5m,11,-0.002652661008888327,-0.0024613313331007707,0.0006481791324111844,0,0.0,1.4313902513278706e-07,0.0009765625,1.6103140327438543e-07
supplemental_2023_09_legacy,ng_r1_auction_reclaim,40,15m,11,-0.0029268029410245535,-0.0023368083580510854,0.0013185203554296609,0,0.0,3.629273871100236e-05,0.0009765625,4.020118749526415e-05
supplemental_2023_09_legacy,ng_r1_auction_reclaim,40,30m,11,-0.002798123630981843,-0.001956191886881435,0.0018247674082159603,0,0.0,0.0006722989494087113,0.0009765625,0.0007504732458515846
supplemental_2023_09_legacy,ng_r1_auction_reclaim,40,60m,11,-0.0031425428794302542,-0.002081054255830864,0.0031717837230289952,2,0.18181818181818182,0.01063381505003657,0.0654296875,0.011778995132348202
supplemental_2023_09_legacy,ng_r1_auction_reclaim,40,1d,11,-0.0013668090484268251,-0.0033524052375128194,0.008388299726858279,5,0.45454545454545453,0.617562872197098,1.0,0.6788477373769627
supplemental_2023_09_legacy,ng_r1_auction_reclaim,40,2d,11,-0.005743894633580188,-0.005553969198395516,0.008226561295517696,2,0.18181818181818182,0.05174048125345087,0.0654296875,0.06616905888396495
supplemental_2023_09_legacy,ng_r1_auction_reclaim,40,3d,11,-0.010839636126055185,-0.010117794702566345,0.008725836670908798,1,0.09090909090909091,0.002827892533673917,0.01171875,0.0075089118907544486
supplemental_2023_09_legacy,ng_r1_auction_reclaim,40,5d,11,-0.008519420621305982,-0.00896514293027446,0.006479003042923722,1,0.09090909090909091,0.0019544302251445103,0.01171875,0.002558526840189177
supplemental_2023_09_legacy,ng_r1_auction_reclaim,60,5m,11,-0.002591967079104695,-0.002559101713368864,0.0006662335720674744,0,0.0,2.3103281098142995e-07,0.0009765625,2.5395973115515966e-07
supplemental_2023_09_legacy,ng_r1_auction_reclaim,60,15m,11,-0.0027639760662524484,-0.0023451110861882015,0.0011026328924883322,0,0.0,1.275964491856593e-05,0.0009765625,1.435460053338667e-05
supplemental_2023_09_legacy,ng_r1_auction_reclaim,60,30m,11,-0.002848780937192213,-0.0023533920666618177,0.0017133567084486935,0,0.0,0.0003691777905958264,0.0009765625,0.00041859529012440157
supplemental_2023_09_legacy,ng_r1_auction_reclaim,60,60m,11,-0.00309577349229318,-0.0025513035903461426,0.0031201305521907628,2,0.18181818181818182,0.010553314545204081,0.0654296875,0.011778995132348202
supplemental_2023_09_legacy,ng_r1_auction_reclaim,60,1d,11,-0.000936965119955402,-0.0015093075287506109,0.008427182376938985,5,0.45454545454545453,0.7324387231794687,1.0,0.7812679713914332
supplemental_2023_09_legacy,ng_r1_auction_reclaim,60,2d,11,-0.005438352635938366,-0.0058393341522714635,0.009146944637729812,2,0.18181818181818182,0.08950237684713462,0.0654296875,0.10157965142754262
supplemental_2023_09_legacy,ng_r1_auction_reclaim,60,3d,11,-0.010575108225841888,-0.00944133863900366,0.008808998377521058,1,0.09090909090909091,0.0035071082252267475,0.01171875,0.0075089118907544486
supplemental_2023_09_legacy,ng_r1_auction_reclaim,60,5d,11,-0.008429971522734218,-0.007211836208830259,0.006981267257900947,1,0.09090909090909091,0.0033818930650845883,0.01171875,0.004309669038691864
supplemental_2023_09_legacy,ng_r1_auction_reclaim,120,5m,11,-0.0024866238255223275,-0.002377748062700025,0.0006321700764066202,0,0.0,2.0827046003377586e-07,0.0009765625,2.324879553865405e-07
supplemental_2023_09_legacy,ng_r1_auction_reclaim,120,15m,11,-0.002430977547972306,-0.002089205082715955,0.0011128895020680706,0,0.0,4.1556173060805046e-05,0.0009765625,4.568006809737349e-05
supplemental_2023_09_legacy,ng_r1_auction_reclaim,120,30m,11,-0.002549809579677829,-0.0019386080860005629,0.0016086649318176214,0,0.0,0.0005276397883901857,0.0009765625,0.0005935947619389589
supplemental_2023_09_legacy,ng_r1_auction_reclaim,120,60m,11,-0.002828525019441689,-0.0022031776005121714,0.0027187261761540344,2,0.18181818181818182,0.00815016498048169,0.0654296875,0.0091689356030419
supplemental_2023_09_legacy,ng_r1_auction_reclaim,120,1d,11,4.696623822515985e-05,0.0022095583741905105,0.008394598338211037,7,0.6363636363636364,0.9862322960800627,0.548828125,0.9862322960800627
supplemental_2023_09_legacy,ng_r1_auction_reclaim,120,2d,11,-0.00396743365640137,-0.0024166722258380634,0.008288649143328346,2,0.18181818181818182,0.1610595391847852,0.0654296875,0.17307890778066468
supplemental_2023_09_legacy,ng_r1_auction_reclaim,120,3d,11,-0.009003923630056986,-0.008832338320134558,0.009052464770225433,1,0.09090909090909091,0.010415496275086413,0.01171875,0.012772654291185816
supplemental_2023_09_legacy,ng_r1_auction_reclaim,120,5d,11,-0.005621979655951321,-0.005598509270913533,0.007889072061225261,3,0.2727272727272727,0.04789178845278475,0.2265625,0.053049365670776956
supplemental_2023_09_legacy,ng_r1_auction_reclaim,240,5m,11,-0.0025978485638222426,-0.002505696234365534,0.0007805661655645033,0,0.0,9.92934170019896e-07,0.0009765625,1.067033734946754e-06
supplemental_2023_09_legacy,ng_r1_auction_reclaim,240,15m,11,-0.0025190082805157427,-0.0026699151878594785,0.0009975819189328224,0,0.0,1.1968588004528926e-05,0.0009765625,1.3570682461828073e-05
supplemental_2023_09_legacy,ng_r1_auction_reclaim,240,30m,11,-0.0025122963866325235,-0.0017616372895665668,0.0014895805755726322,0,0.0,0.0003313340405892226,0.0009765625,0.00037866747495911155
supplemental_2023_09_legacy,ng_r1_auction_reclaim,240,60m,11,-0.00287319655393572,-0.0018767577549170813,0.0024407041937414484,0,0.0,0.003958073227820449,0.0009765625,0.00448789405359169
supplemental_2023_09_legacy,ng_r1_auction_reclaim,240,1d,11,0.00023234766413154128,0.001057797216439223,0.008687423242993505,6,0.5454545454545454,0.934267704323894,1.0,0.9541457405861045
supplemental_2023_09_legacy,ng_r1_auction_reclaim,240,2d,11,-0.0037547964144113684,-0.004134344457722811,0.008862867467542591,3,0.2727272727272727,0.20998718170533842,0.2265625,0.223986327152361
supplemental_2023_09_legacy,ng_r1_auction_reclaim,240,3d,11,-0.008374178967571094,-0.00919590509839791,0.009293700883255405,1,0.09090909090909091,0.01726781821937351,0.01171875,0.020052950190240205
supplemental_2023_09_legacy,ng_r1_auction_reclaim,240,5d,11,-0.00441361298983153,-0.004175532665171191,0.007314474379785894,3,0.2727272727272727,0.08546634704927838,0.2265625,0.0911300392591457
supplemental_2023_09_legacy,ng_r3_volume_quality,10,5m,20,-0.0026126473257295025,-0.0026223890607595703,0.0002361930723029234,0,0.0,2.46836083488705e-21,1.9073486328125e-06,3.6275412874681037e-20
supplemental_2023_09_legacy,ng_r3_volume_quality,10,15m,20,-0.002573313445776969,-0.002706825832392283,0.000645325948281502,0,0.0,4.0143165598083065e-13,1.9073486328125e-06,7.507293306654496e-13
supplemental_2023_09_legacy,ng_r3_volume_quality,10,30m,20,-0.0027151303516229452,-0.0027452378383062614,0.0011345628980345263,0,0.0,2.654441916524969e-09,1.9073486328125e-06,6.370660599659925e-09
supplemental_2023_09_legacy,ng_r3_volume_quality,10,60m,20,-0.0029264828383801017,-0.002812945410269425,0.0017361142970730285,1,0.05,5.789433814703555e-07,4.00543212890625e-05,3.206455651220431e-06
supplemental_2023_09_legacy,ng_r3_volume_quality,10,1d,20,-0.0026647992671215382,-0.0020567679072735954,0.0075389582771639915,6,0.3,0.13986962063442118,0.11531829833984375,0.21767152238012757
supplemental_2023_09_legacy,ng_r3_volume_quality,10,2d,20,-0.00452771306438462,-0.004134061853454102,0.007901647067558096,6,0.3,0.021846644440582826,0.11531829833984375,0.047618174519405976
supplemental_2023_09_legacy,ng_r3_volume_quality,10,3d,20,-0.005910589719664442,-0.005960768906089162,0.0077271481975528045,5,0.25,0.003486151887016545,0.04138946533203125,0.0075089118907544486
supplemental_2023_09_legacy,ng_r3_volume_quality,10,5d,20,-0.007246928388151693,-0.006422515745691863,0.006136693402416153,1,0.05,5.724818404699376e-05,4.00543212890625e-05,0.00016990300249101166
supplemental_2023_09_legacy,ng_r3_volume_quality,20,5m,20,-0.002630250768244172,-0.0026599023723667694,0.0002595335789535284,0,0.0,1.2838382527203469e-20,1.9073486328125e-06,8.786162608011399e-20
supplemental_2023_09_legacy,ng_r3_volume_quality,20,15m,20,-0.002587631539139764,-0.00277149319030815,0.0005898410862319321,0,0.0,7.188042971526533e-14,1.9073486328125e-06,2.15641289145796e-13
supplemental_2023_09_legacy,ng_r3_volume_quality,20,30m,20,-0.0027380968134743215,-0.0026467390452435484,0.0010587385153371367,0,0.0,7.389919501006611e-10,1.9073486328125e-06,3.1137353159532578e-09
supplemental_2023_09_legacy,ng_r3_volume_quality,20,60m,20,-0.0028919442324625852,-0.002706051528134446,0.0016757804282545464,1,0.05,4.130897440068742e-07,4.00543212890625e-05,2.4649677904235554e-06
supplemental_2023_09_legacy,ng_r3_volume_quality,20,1d,20,-0.0027830375718690082,-0.001995810530122178,0.007650635126622139,6,0.3,0.12932918170649804,0.11531829833984375,0.21767152238012757
supplemental_2023_09_legacy,ng_r3_volume_quality,20,2d,20,-0.004275618813609953,-0.0028350406466823566,0.00809912240701924,5,0.25,0.03287754805882489,0.04138946533203125,0.05090717118785789
supplemental_2023_09_legacy,ng_r3_volume_quality,20,3d,20,-0.005442572487860062,-0.005469234649146753,0.008353097314241938,5,0.25,0.01046648059972171,0.04138946533203125,0.012772654291185816
supplemental_2023_09_legacy,ng_r3_volume_quality,20,5d,20,-0.006637284099533949,-0.00538375706990429,0.00613322856344793,4,0.2,0.00015001011723885874,0.01181793212890625,0.00033752276378743216
supplemental_2023_09_legacy,ng_r3_volume_quality,40,5m,20,-0.002612252590511959,-0.002569282165165248,0.00024039244023614623,0,0.0,3.450819358663706e-21,1.9073486328125e-06,3.6275412874681037e-20
supplemental_2023_09_legacy,ng_r3_volume_quality,40,15m,20,-0.0025793499643494934,-0.0026248975542759335,0.000548110549978337,0,0.0,2.0095176398998088e-14,1.9073486328125e-06,8.768804246835529e-14
supplemental_2023_09_legacy,ng_r3_volume_quality,40,30m,20,-0.0027311366199319178,-0.0027314232989605206,0.000966470214302317,0,0.0,1.664171332782011e-10,1.9073486328125e-06,1.6468945387925717e-09
supplemental_2023_09_legacy,ng_r3_volume_quality,40,60m,20,-0.0030168297079099945,-0.0028476084869035255,0.0015531933022231727,1,0.05,7.15034261480679e-08,4.00543212890625e-05,2.435707073438164e-06
supplemental_2023_09_legacy,ng_r3_volume_quality,40,1d,20,-0.003592523167485943,-0.002909055392596444,0.007748567460240317,7,0.35,0.05760482257962242,0.26317596435546875,0.21767152238012757
supplemental_2023_09_legacy,ng_r3_volume_quality,40,2d,20,-0.005279248616010711,-0.004170094941266363,0.00880832454329687,6,0.3,0.017122203585048953,0.11531829833984375,0.047618174519405976
supplemental_2023_09_legacy,ng_r3_volume_quality,40,3d,20,-0.006330111511321937,-0.006559570376708991,0.009045732711525659,6,0.3,0.006584370854740755,0.11531829833984375,0.009241719438365666
supplemental_2023_09_legacy,ng_r3_volume_quality,40,5d,20,-0.00817341796129031,-0.007688321009717953,0.005552621117068646,2,0.1,3.752268241304457e-06,0.0004024505615234375,2.0012097286957103e-05
supplemental_2023_09_legacy,ng_r3_volume_quality,60,5m,20,-0.0025900828801888394,-0.0026423637290364376,0.0002070023343321412,0,0.0,2.4121420099740876e-22,1.9073486328125e-06,4.962120706232409e-21
supplemental_2023_09_legacy,ng_r3_volume_quality,60,15m,20,-0.002507646463825655,-0.002634158838947961,0.0005959732148849108,0,0.0,1.5281797809803438e-13,1.9073486328125e-06,3.227426166847686e-13
supplemental_2023_09_legacy,ng_r3_volume_quality,60,30m,20,-0.0026961446893265643,-0.002797806102349985,0.0010277814313064148,0,0.0,5.828482714551654e-10,1.9073486328125e-06,2.7074242286949623e-09
supplemental_2023_09_legacy,ng_r3_volume_quality,60,60m,20,-0.0029446909696619864,-0.0029563493076988283,0.0016481812001057578,1,0.05,2.492901465571774e-07,4.00543212890625e-05,2.435707073438164e-06
supplemental_2023_09_legacy,ng_r3_volume_quality,60,1d,20,-0.003570320099747129,-0.0021173655801139785,0.007799368722044043,6,0.3,0.06054323278114394,0.11531829833984375,0.21767152238012757
supplemental_2023_09_legacy,ng_r3_volume_quality,60,2d,20,-0.005324770438091815,-0.005479676775086271,0.009122323213140465,6,0.3,0.01979592581730499,0.11531829833984375,0.047618174519405976
supplemental_2023_09_legacy,ng_r3_volume_quality,60,3d,20,-0.006471918368192236,-0.006278458359727382,0.008488399548975335,6,0.3,0.0035718261914926604,0.11531829833984375,0.0075089118907544486
supplemental_2023_09_legacy,ng_r3_volume_quality,60,5d,20,-0.008450213425316688,-0.009203452610788733,0.005180521073104352,1,0.05,9.2224590768538e-07,4.00543212890625e-05,8.853560713779648e-06
supplemental_2023_09_legacy,ng_r3_volume_quality,120,5m,20,-0.0026154757358485582,-0.0026466815753325356,0.00021613770038584433,0,0.0,4.534459759914274e-22,1.9073486328125e-06,8.162027567845693e-21
supplemental_2023_09_legacy,ng_r3_volume_quality,120,15m,20,-0.002462307561924823,-0.0027293611273454988,0.000726192515805197,0,0.0,7.13765208220825e-12,1.9073486328125e-06,1.105184838535471e-11
supplemental_2023_09_legacy,ng_r3_volume_quality,120,30m,20,-0.0026370201766838155,-0.002892840534242121,0.0010593681169007438,1,0.05,1.3916002901766677e-09,4.00543212890625e-05,4.007808835708803e-09
supplemental_2023_09_legacy,ng_r3_volume_quality,120,60m,20,-0.0028970442801073064,-0.002930168629544646,0.0015027394811685693,1,0.05,8.011742219269319e-08,4.00543212890625e-05,2.435707073438164e-06
supplemental_2023_09_legacy,ng_r3_volume_quality,120,1d,20,-0.003200311551589741,-0.003104585801372316,0.007736223256518658,6,0.3,0.08724241341222615,0.11531829833984375,0.21767152238012757
supplemental_2023_09_legacy,ng_r3_volume_quality,120,2d,20,-0.004276051486103034,-0.0023226777686608116,0.008412612707244367,5,0.25,0.039130189356019474,0.04138946533203125,0.05551776690509641
supplemental_2023_09_legacy,ng_r3_volume_quality,120,3d,20,-0.005346381131786421,-0.004862547209274735,0.007790824565052383,6,0.3,0.007505626748417128,0.11531829833984375,0.010007502331222837
supplemental_2023_09_legacy,ng_r3_volume_quality,120,5d,20,-0.006843061728525798,-0.008750404949593843,0.0074801253147898155,3,0.15,0.000788092716310977,0.0025768280029296875,0.0011126014818507912
supplemental_2023_09_legacy,ng_r3_volume_quality,240,5m,20,-0.0026112628519996367,-0.002662000068200681,0.00024127198173334746,0,0.0,3.723211727084011e-21,1.9073486328125e-06,3.6275412874681037e-20
supplemental_2023_09_legacy,ng_r3_volume_quality,240,15m,20,-0.00256241520941721,-0.002758379434951574,0.000694247844315575,0,0.0,1.595532169977247e-12,1.9073486328125e-06,2.671588749729344e-12
supplemental_2023_09_legacy,ng_r3_volume_quality,240,30m,20,-0.0026995515160286696,-0.002854748664819118,0.0010277881651373257,0,0.0,5.707441450393368e-10,1.9073486328125e-06,2.7074242286949623e-09
supplemental_2023_09_legacy,ng_r3_volume_quality,240,60m,20,-0.003031107058572582,-0.0028939076311608244,0.0015178919454031416,0,0.0,4.681081081576571e-08,1.9073486328125e-06,2.435707073438164e-06
supplemental_2023_09_legacy,ng_r3_volume_quality,240,1d,20,-0.003189610571882693,-0.0034059393644715868,0.007767665971140061,6,0.3,0.08942435571191461,0.11531829833984375,0.21767152238012757
supplemental_2023_09_legacy,ng_r3_volume_quality,240,2d,20,-0.004713963015774116,-0.0038263884306676777,0.00814248707570682,5,0.25,0.020687460741518858,0.04138946533203125,0.047618174519405976
supplemental_2023_09_legacy,ng_r3_volume_quality,240,3d,20,-0.005559764729380534,-0.004320881977160318,0.007682643019074895,5,0.25,0.005220427730113522,0.04138946533203125,0.007997250990812204
supplemental_2023_09_legacy,ng_r3_volume_quality,240,5d,20,-0.006430242794374781,-0.006873344730613996,0.006193678294667214,1,0.05,0.00023146412216922823,4.00543212890625e-05,0.0004328679687320632
supplemental_2023_09_legacy,s0_distance_only,10,5m,20,-0.002614800876844211,-0.0025911591566057015,0.0003267222987677268,0,0.0,1.0815301884197016e-18,1.9073486328125e-06,2.995006675623789e-18
supplemental_2023_09_legacy,s0_distance_only,10,15m,20,-0.00266108079305149,-0.002769093154048434,0.0006320906342852197,0,0.0,1.51308075535431e-13,1.9073486328125e-06,3.227426166847686e-13
supplemental_2023_09_legacy,s0_distance_only,10,30m,20,-0.0025087267569547547,-0.002677509394215701,0.0010314124281178517,0,0.0,2.0351410191553304e-09,1.9073486328125e-06,5.052763909627026e-09
supplemental_2023_09_legacy,s0_distance_only,10,60m,20,-0.002603715727390758,-0.002746188485741239,0.0020927310801142304,3,0.15,3.116709553512606e-05,0.0025768280029296875,4.675064330268909e-05
supplemental_2023_09_legacy,s0_distance_only,10,1d,20,-0.0026191167517539884,-0.002066876106660712,0.007697926564351113,8,0.4,0.154457626602641,0.5034446716308594,0.21884111430113268
supplemental_2023_09_legacy,s0_distance_only,10,2d,20,-0.004430582734522975,-0.004397955532182691,0.008071859044331877,6,0.3,0.027222468896314366,0.11531829833984375,0.047618174519405976
supplemental_2023_09_legacy,s0_distance_only,10,3d,20,-0.005700199667949626,-0.005437564546561068,0.007323997374210861,5,0.25,0.0030559247538903735,0.04138946533203125,0.0075089118907544486
supplemental_2023_09_legacy,s0_distance_only,10,5d,20,-0.007070772382280904,-0.0070711552012292615,0.006342565520646714,2,0.1,0.00010892422561618305,0.0004024505615234375,0.0002614181414788393
supplemental_2023_09_legacy,s0_distance_only,20,5m,20,-0.0025660769974545916,-0.002606851715023916,0.00024783634212353364,0,0.0,8.577851803421775e-21,1.9073486328125e-06,6.86228144273742e-20
supplemental_2023_09_legacy,s0_distance_only,20,15m,20,-0.0025934099237390216,-0.0028533678986999503,0.0005337330899564496,0,0.0,1.1205839274993616e-14,1.9073486328125e-06,5.6028317366635155e-14
supplemental_2023_09_legacy,s0_distance_only,20,30m,20,-0.0025017731904207526,-0.0026488929699952923,0.0009240315986497826,0,0.0,3.432097216794926e-10,1.9073486328125e-06,2.3592286830828346e-09
supplemental_2023_09_legacy,s0_distance_only,20,60m,20,-0.0026468901672242794,-0.002664466295196926,0.0019474211363705292,2,0.1,1.0543450687626603e-05,0.0004024505615234375,1.9977064460766195e-05
supplemental_2023_09_legacy,s0_distance_only,20,1d,20,-0.0028500478259220257,-0.001710375886773773,0.007731273836942272,7,0.35,0.12457681828974425,0.26317596435546875,0.21767152238012757
supplemental_2023_09_legacy,s0_distance_only,20,2d,20,-0.004399995805177408,-0.0029248490814202917,0.008175727578426172,5,0.25,0.02998666209251397,0.04138946533203125,0.047978659348022354
supplemental_2023_09_legacy,s0_distance_only,20,3d,20,-0.005601424709630318,-0.004904690849439047,0.007804031516027191,5,0.25,0.005530189331268439,0.04138946533203125,0.00829528399690266
supplemental_2023_09_legacy,s0_distance_only,20,5d,20,-0.007127910608504176,-0.007452361695027781,0.005797612069058697,2,0.1,3.587729555230909e-05,0.0004024505615234375,0.00013925615683547382
supplemental_2023_09_legacy,s0_distance_only,40,5m,20,-0.0026186283494654774,-0.002613586851101881,0.00023870085939414702,0,0.0,2.885083495703844e-21,1.9073486328125e-06,3.6275412874681037e-20
supplemental_2023_09_legacy,s0_distance_only,40,15m,20,-0.002613723187660024,-0.002801292587364483,0.0005042466432475887,0,0.0,3.4319030695340458e-15,1.9073486328125e-06,3.294626946752684e-14
supplemental_2023_09_legacy,s0_distance_only,40,30m,20,-0.002578073589751786,-0.0026384321588168317,0.0008235904054925946,0,0.0,2.876334548015244e-11,1.9073486328125e-06,1.288047881058725e-09
supplemental_2023_09_legacy,s0_distance_only,40,60m,20,-0.002794430580878754,-0.0026950397579295336,0.0018608936100200587,2,0.1,2.8745409884567585e-06,0.0004024505615234375,1.032007499300775e-05
supplemental_2023_09_legacy,s0_distance_only,40,1d,20,-0.003492382712820786,-0.0033538727042245722,0.007811753457083808,7,0.35,0.06625097445038637,0.26317596435546875,0.21767152238012757
supplemental_2023_09_legacy,s0_distance_only,40,2d,20,-0.005173256633309994,-0.004643356956595744,0.008616668747402304,5,0.25,0.016958655982923284,0.04138946533203125,0.047618174519405976
supplemental_2023_09_legacy,s0_distance_only,40,3d,20,-0.006261139111733345,-0.006597815871738907,0.00854001936895239,6,0.3,0.004759430032606516,0.11531829833984375,0.007700650839273464
supplemental_2023_09_legacy,s0_distance_only,40,5d,20,-0.008111912965174863,-0.008384740750380934,0.005191775472604081,1,0.05,1.6766957024130792e-06,4.00543212890625e-05,1.1867136790562134e-05
supplemental_2023_09_legacy,s0_distance_only,60,5m,20,-0.0025760282461438576,-0.0025859311271528413,0.00026960639503518315,0,0.0,3.8891599090764066e-20,1.9073486328125e-06,1.9410370843106196e-19
supplemental_2023_09_legacy,s0_distance_only,60,15m,20,-0.0025938817603103495,-0.0028086583065899708,0.0005498455865442304,0,0.0,1.921521869991201e-14,1.9073486328125e-06,8.646848414960404e-14
supplemental_2023_09_legacy,s0_distance_only,60,30m,20,-0.0025409803594595775,-0.0026482201693845287,0.000892433180172913,0,0.0,1.4642037537832976e-10,1.9073486328125e-06,1.6468945387925717e-09
supplemental_2023_09_legacy,s0_distance_only,60,60m,20,-0.0027411152474982508,-0.0025613232548091338,0.0019056760227796244,2,0.1,5.0874765179972486e-06,0.0004024505615234375,1.3157976709012734e-05
supplemental_2023_09_legacy,s0_distance_only,60,1d,20,-0.0033887882842912947,-0.00194881635936227,0.007858924528099522,6,0.3,0.07559263342323669,0.11531829833984375,0.21767152238012757
supplemental_2023_09_legacy,s0_distance_only,60,2d,20,-0.005124124032075569,-0.005026254316690746,0.008910287197622069,6,0.3,0.02143475982937829,0.11531829833984375,0.047618174519405976
supplemental_2023_09_legacy,s0_distance_only,60,3d,20,-0.0062814798381517715,-0.007408181199504456,0.008137376517685172,4,0.2,0.0032535612321851065,0.01181793212890625,0.0075089118907544486
supplemental_2023_09_legacy,s0_distance_only,60,5d,20,-0.008246713570147977,-0.009316490717128614,0.005195311399933576,2,0.1,1.348379868110066e-06,0.0004024505615234375,1.1867136790562134e-05
supplemental_2023_09_legacy,s0_distance_only,120,5m,20,-0.002536625888607993,-0.0025188212923733825,0.0003737286708290305,0,0.0,2.3451259529349128e-17,1.9073486328125e-06,3.881587784168131e-17
supplemental_2023_09_legacy,s0_distance_only,120,15m,20,-0.0024784800769488803,-0.0026600056359227164,0.000617446080137128,0,0.0,3.565211576053631e-13,1.9073486328125e-06,6.845206226022972e-13
supplemental_2023_09_legacy,s0_distance_only,120,30m,20,-0.002385411624686353,-0.002455973463903442,0.0009743404791566164,0,0.0,1.828801751489721e-09,1.9073486328125e-06,4.876804670639257e-09
supplemental_2023_09_legacy,s0_distance_only,120,60m,20,-0.002528698932946115,-0.0025351048490900056,0.0018936664861858917,3,0.15,1.3166236639449574e-05,0.0025768280029296875,2.2045791582334172e-05
supplemental_2023_09_legacy,s0_distance_only,120,1d,20,-0.0029164208241502666,-0.0022388366055115004,0.007679315606808857,7,0.35,0.11426620793909395,0.26317596435546875,0.21767152238012757
supplemental_2023_09_legacy,s0_distance_only,120,2d,20,-0.004228493732311523,-0.0021232264010373494,0.00826549183005593,7,0.35,0.03800960618278938,0.26317596435546875,0.05551776690509641
supplemental_2023_09_legacy,s0_distance_only,120,3d,20,-0.005362738251111708,-0.004074086181810731,0.007086182803811737,5,0.25,0.0037758618764651445,0.04138946533203125,0.0075089118907544486
supplemental_2023_09_legacy,s0_distance_only,120,5d,20,-0.006939827621935797,-0.00804261186841896,0.0070159886496388955,3,0.15,0.0003763172786600237,0.0025768280029296875,0.0005644759179900355
supplemental_2023_09_legacy,s0_distance_only,240,5m,20,-0.0025985228989210034,-0.0025904397265097256,0.0003020695667820258,0,0.0,2.79470189857198e-19,1.9073486328125e-06,8.748632030312285e-19
supplemental_2023_09_legacy,s0_distance_only,240,15m,20,-0.0025338769428556755,-0.0027382301453647427,0.0006005617553556913,0,0.0,1.454601379775106e-13,1.9073486328125e-06,3.222501518271004e-13
supplemental_2023_09_legacy,s0_distance_only,240,30m,20,-0.0023989991761157333,-0.002664667820577735,0.0009754085789723392,0,0.0,1.6961846909504918e-09,1.9073486328125e-06,4.608501801827752e-09
supplemental_2023_09_legacy,s0_distance_only,240,60m,20,-0.0026056063014780815,-0.0027374487653684014,0.0018643845982333673,1,0.05,7.392349944948547e-06,4.00543212890625e-05,1.588803570257598e-05
supplemental_2023_09_legacy,s0_distance_only,240,1d,20,-0.002598843442256153,-0.0025369888854440293,0.007728456480705478,7,0.35,0.1590668843006887,0.26317596435546875,0.21884111430113268
supplemental_2023_09_legacy,s0_distance_only,240,2d,20,-0.003999538689285922,-0.0029734886137050215,0.007793159764313045,5,0.25,0.03746684541743992,0.04138946533203125,0.05551776690509641
supplemental_2023_09_legacy,s0_distance_only,240,3d,20,-0.005044828814147953,-0.003795911808197788,0.006810350581023444,4,0.2,0.0044183038838755805,0.01181793212890625,0.0075089118907544486
supplemental_2023_09_legacy,s0_distance_only,240,5d,20,-0.00592239531659116,-0.005856217618280963,0.00554268615476379,2,0.1,0.00017162433490383692,0.0004024505615234375,0.0003634397680316546
supplemental_2023_09_legacy,s0_liquidity_matched,10,5m,20,-0.00258452898616678,-0.002584492801840516,0.0003061989579161449,0,0.0,3.9893749123765175e-19,1.9073486328125e-06,1.1723877293514663e-18
supplemental_2023_09_legacy,s0_liquidity_matched,10,15m,20,-0.0026311056229857493,-0.0028020970993224625,0.0006138560121414233,0,0.0,1.0944613796862661e-13,1.9073486328125e-06,2.8654988849967696e-13
supplemental_2023_09_legacy,s0_liquidity_matched,10,30m,20,-0.0025540381589240885,-0.002590977630335287,0.0011304318732228552,0,0.0,6.72901922456711e-09,1.9073486328125e-06,1.4462369676681548e-08
supplemental_2023_09_legacy,s0_liquidity_matched,10,60m,20,-0.0027299707941507304,-0.0027988513736498435,0.0020661460935005424,3,0.15,1.5019138213457975e-05,0.0025768280029296875,2.403062114153276e-05
supplemental_2023_09_legacy,s0_liquidity_matched,10,1d,20,-0.002739072060178132,-0.0012223487053020475,0.008056810347615703,7,0.35,0.1547642066806726,0.26317596435546875,0.21884111430113268
supplemental_2023_09_legacy,s0_liquidity_matched,10,2d,20,-0.004196054923083021,-0.0034819305512146575,0.008244951238625647,7,0.35,0.03891227947690237,0.26317596435546875,0.05551776690509641
supplemental_2023_09_legacy,s0_liquidity_matched,10,3d,20,-0.005369793264185959,-0.004125459711248073,0.007400702767700522,3,0.15,0.005124606871805697,0.0025768280029296875,0.007997250990812204
supplemental_2023_09_legacy,s0_liquidity_matched,10,5d,20,-0.006825990550431625,-0.006488755490190937,0.006710140101028459,3,0.15,0.00028472947170409983,0.0025768280029296875,0.0004694260133340415
supplemental_2023_09_legacy,s0_liquidity_matched,20,5m,20,-0.002569242623288826,-0.002584879748701691,0.00030371583300011987,0,0.0,3.827410501343072e-19,1.9073486328125e-06,1.1482231504029217e-18
supplemental_2023_09_legacy,s0_liquidity_matched,20,15m,20,-0.0026017797772677027,-0.002798287250921847,0.0005748639954454203,0,0.0,4.084500792031597e-14,1.9073486328125e-06,1.4479969421586354e-13
supplemental_2023_09_legacy,s0_liquidity_matched,20,30m,20,-0.002570273062148105,-0.0025292432348491,0.001040187745328828,0,0.0,1.571069744468911e-09,1.9073486328125e-06,4.435961631441631e-09
supplemental_2023_09_legacy,s0_liquidity_matched,20,60m,20,-0.002758992763735444,-0.002630759486649441,0.001908164016525221,1,0.05,4.75236239520234e-06,4.00543212890625e-05,1.3157976709012734e-05
supplemental_2023_09_legacy,s0_liquidity_matched,20,1d,20,-0.0028353826658438193,-0.001268222479294766,0.00801369894028746,7,0.35,0.13950359527979617,0.26317596435546875,0.21767152238012757
supplemental_2023_09_legacy,s0_liquidity_matched,20,2d,20,-0.004265308559874498,-0.0034520237073763045,0.008419173378746982,6,0.3,0.039710624939062016,0.11531829833984375,0.05551776690509641
supplemental_2023_09_legacy,s0_liquidity_matched,20,3d,20,-0.005355105164733079,-0.004557489690083184,0.007705506782510419,4,0.2,0.006898698408002743,0.01181793212890625,0.009461072102403762
supplemental_2023_09_legacy,s0_liquidity_matched,20,5d,20,-0.0070001146718448055,-0.006804352901641943,0.006579326807657123,3,0.15,0.00017949374435537012,0.0025768280029296875,0.00036404365052356756
supplemental_2023_09_legacy,s0_liquidity_matched,40,5m,20,-0.002590153549782333,-0.002566302275705208,0.0002827193591942861,0,0.0,8.568078005698402e-20,1.9073486328125e-06,3.628833037707558e-19
supplemental_2023_09_legacy,s0_liquidity_matched,40,15m,20,-0.002642798595790804,-0.002856882156525478,0.0005406316472851236,0,0.0,1.0038322175386544e-14,1.9073486328125e-06,5.460143867991662e-14
supplemental_2023_09_legacy,s0_liquidity_matched,40,30m,20,-0.0026237414489027567,-0.0025304962897281374,0.0010226921276004954,0,0.0,8.444476978903577e-10,1.9073486328125e-06,3.2147779312808784e-09
supplemental_2023_09_legacy,s0_liquidity_matched,40,60m,20,-0.002761687082297028,-0.0025800096795573343,0.0019271652155638766,2,0.1,5.3422508491262405e-06,0.0004024505615234375,1.3263519349554803e-05
supplemental_2023_09_legacy,s0_liquidity_matched,40,1d,20,-0.002874055697001999,-0.0013527848541775543,0.008126901876649878,7,0.35,0.13968289269347212,0.26317596435546875,0.21767152238012757
supplemental_2023_09_legacy,s0_liquidity_matched,40,2d,20,-0.0043370827229778685,-0.004169952956427976,0.008667514231392765,6,0.3,0.04194509314803319,0.11531829833984375,0.056925670312838045
supplemental_2023_09_legacy,s0_liquidity_matched,40,3d,20,-0.005529169661605713,-0.004849370180432118,0.007791409436593096,4,0.2,0.005983927416004619,0.01181793212890625,0.008728048084006158
supplemental_2023_09_legacy,s0_liquidity_matched,40,5d,20,-0.007093214539923678,-0.006678003368190485,0.006886733281157318,3,0.15,0.000251046347725033,0.0025768280029296875,0.0004436467681395251
supplemental_2023_09_legacy,s0_liquidity_matched,60,5m,20,-0.0025882129138151654,-0.002596589981392756,0.0002865264571189069,0,0.0,1.1171644419991167e-19,1.9073486328125e-06,4.596333704224937e-19
supplemental_2023_09_legacy,s0_liquidity_matched,60,15m,20,-0.002611796551877492,-0.002759195268503376,0.0005517749567045063,0,0.0,1.8067309749781734e-14,1.9073486328125e-06,8.392556786995386e-14
supplemental_2023_09_legacy,s0_liquidity_matched,60,30m,20,-0.002564167428544196,-0.0025298445092016937,0.0010153229644292037,0,0.0,1.0961574543531696e-09,1.9073486328125e-06,3.5200092684057144e-09
supplemental_2023_09_legacy,s0_liquidity_matched,60,60m,20,-0.002748234063883906,-0.002679775151920692,0.0019114695951777424,1,0.05,5.116990942393841e-06,4.00543212890625e-05,1.3157976709012734e-05
supplemental_2023_09_legacy,s0_liquidity_matched,60,1d,20,-0.0027698803486547055,-0.0011733440218643964,0.008162975079818505,7,0.35,0.1555099907945609,0.26317596435546875,0.21884111430113268
supplemental_2023_09_legacy,s0_liquidity_matched,60,2d,20,-0.004232158647587782,-0.0036441185707911214,0.008773212652185919,7,0.35,0.049050030785583724,0.26317596435546875,0.063632472370487
supplemental_2023_09_legacy,s0_liquidity_matched,60,3d,20,-0.0053419328952886095,-0.004238597160206287,0.007933988286876404,3,0.15,0.008501427220159084,0.0025768280029296875,0.011129141088208257
supplemental_2023_09_legacy,s0_liquidity_matched,60,5d,20,-0.007126600150120519,-0.006095525750956075,0.006982568963922246,3,0.15,0.00027540378832162723,0.0025768280029296875,0.0004665664178625214
supplemental_2023_09_legacy,s0_liquidity_matched,120,5m,20,-0.002592887500309905,-0.0025951540529291477,0.0003275643663955218,0,0.0,1.3285565914672863e-18,1.9073486328125e-06,3.5428175772460965e-18
supplemental_2023_09_legacy,s0_liquidity_matched,120,15m,20,-0.0026088282507525638,-0.0027081831824180367,0.0005762139434652836,0,0.0,4.057895886192274e-14,1.9073486328125e-06,1.4479969421586354e-13
supplemental_2023_09_legacy,s0_liquidity_matched,120,30m,20,-0.002572075204720043,-0.0026751671772770203,0.0010544883509760155,0,0.0,1.9435092875815443e-09,1.9073486328125e-06,4.909918200206007e-09
supplemental_2023_09_legacy,s0_liquidity_matched,120,60m,20,-0.00268759524839681,-0.0025684873422818204,0.0018804663569061146,1,0.05,5.531321340560654e-06,4.00543212890625e-05,1.3300598108876413e-05
supplemental_2023_09_legacy,s0_liquidity_matched,120,1d,20,-0.0027186551869399257,-0.0009794480814363546,0.007943883999598207,7,0.35,0.1521805688954197,0.26317596435546875,0.21884111430113268
supplemental_2023_09_legacy,s0_liquidity_matched,120,2d,20,-0.004142638845566952,-0.0037466829102115067,0.008394896025727763,6,0.3,0.04455632600629618,0.11531829833984375,0.05886340316428119
supplemental_2023_09_legacy,s0_liquidity_matched,120,3d,20,-0.005303937249894922,-0.004151493837398762,0.007456871293109738,4,0.2,0.005889792134484459,0.01181793212890625,0.008728048084006158
supplemental_2023_09_legacy,s0_liquidity_matched,120,5d,20,-0.007030116753322631,-0.006482849133703866,0.006656451979370453,3,0.15,0.00019388224109500983,0.0025768280029296875,0.000386679136620058
supplemental_2023_09_legacy,s0_liquidity_matched,240,5m,20,-0.0026477238732139606,-0.0026559860066859165,0.0003435252398381201,0,0.0,2.1872024867227234e-18,1.9073486328125e-06,5.2492859681345355e-18
supplemental_2023_09_legacy,s0_liquidity_matched,240,15m,20,-0.0026592462821479297,-0.0028333945630903182,0.0006039640062488382,0,0.0,6.729714848044881e-14,1.9073486328125e-06,2.0618700811031127e-13
supplemental_2023_09_legacy,s0_liquidity_matched,240,30m,20,-0.0026065345357495265,-0.0025572628957665237,0.0011125308694821328,0,0.0,3.747401255386958e-09,1.9073486328125e-06,8.565488583741619e-09
supplemental_2023_09_legacy,s0_liquidity_matched,240,60m,20,-0.0027302639230049196,-0.002754080809596436,0.002004513218915339,1,0.05,1.0264966391767791e-05,4.00543212890625e-05,1.996273339458149e-05
supplemental_2023_09_legacy,s0_liquidity_matched,240,1d,20,-0.0026990620788613787,-0.0011087248562732033,0.008217763918775937,7,0.35,0.16848997828669313,0.26317596435546875,0.21884111430113268
supplemental_2023_09_legacy,s0_liquidity_matched,240,2d,20,-0.004123947909932417,-0.00397108295567477,0.008667679944637366,7,0.35,0.051924330929778044,0.26317596435546875,0.06616905888396495
supplemental_2023_09_legacy,s0_liquidity_matched,240,3d,20,-0.005346119807909765,-0.0038171331032045737,0.007973754303555545,5,0.25,0.008735784223363255,0.04138946533203125,0.01133290926274152
supplemental_2023_09_legacy,s0_liquidity_matched,240,5d,20,-0.006927955614774078,-0.0067912708511981695,0.007052389810110816,3,0.15,0.0004025638314191594,0.0025768280029296875,0.0005915223645342751
supplemental_2023_09_legacy,s0_random_matched,10,5m,20,-0.002509375408800977,-0.0025362115741065427,0.0001525430889400435,0,0.0,1.3648000298085035e-24,1.9073486328125e-06,6.234618678263846e-23
supplemental_2023_09_legacy,s0_random_matched,10,15m,20,-0.00252128704219831,-0.002591637714577994,0.0004609512810760697,0,0.0,1.2772494050052054e-15,1.9073486328125e-06,3.113370984963401e-14
supplemental_2023_09_legacy,s0_random_matched,10,30m,20,-0.0025348001253520398,-0.0024845793389479086,0.000850232264099522,0,0.0,6.669652346520737e-11,1.9073486328125e-06,1.288047881058725e-09
supplemental_2023_09_legacy,s0_random_matched,10,60m,20,-0.0026019579040333475,-0.0025890592210831643,0.0014675128582232453,1,0.05,2.7880483273338366e-07,4.00543212890625e-05,2.435707073438164e-06
supplemental_2023_09_legacy,s0_random_matched,10,1d,20,-0.002617871792075993,-0.0018986124116530231,0.007951413903933044,7,0.35,0.167517429356188,0.26317596435546875,0.21884111430113268
supplemental_2023_09_legacy,s0_random_matched,10,2d,20,-0.004054874873920475,-0.003561727277291886,0.008636672572264425,7,0.35,0.054799159416119146,0.26317596435546875,0.06834098096937768
supplemental_2023_09_legacy,s0_random_matched,10,3d,20,-0.005276661150911816,-0.0038961562139899287,0.00803869066011543,5,0.25,0.00999383232378215,0.04138946533203125,0.012772654291185816
supplemental_2023_09_legacy,s0_random_matched,10,5d,20,-0.0067907422563302415,-0.006139409505406871,0.00663084436816272,3,0.15,0.00026605762772454605,0.0025768280029296875,0.0004615939565341522
supplemental_2023_09_legacy,s0_random_matched,20,5m,20,-0.0024955118369834077,-0.0025194250196227206,0.0001626587870428859,0,0.0,5.110141718496962e-24,1.9073486328125e-06,1.4717208149271251e-22
supplemental_2023_09_legacy,s0_random_matched,20,15m,20,-0.002513622048922247,-0.0025551613010789355,0.00046917117680439914,0,0.0,1.8701440403624328e-15,1.9073486328125e-06,3.113370984963401e-14
supplemental_2023_09_legacy,s0_random_matched,20,30m,20,-0.002521995647975746,-0.0024893520528049664,0.0008908466792492169,0,0.0,1.613756731005104e-10,1.9073486328125e-06,1.6468945387925717e-09
supplemental_2023_09_legacy,s0_random_matched,20,60m,20,-0.0025925707981517116,-0.0025603199433692652,0.0014867238063880905,1,0.05,3.5520728154306564e-07,4.00543212890625e-05,2.435707073438164e-06
supplemental_2023_09_legacy,s0_random_matched,20,1d,20,-0.002599816271672961,-0.001916120865934515,0.007968585033660523,7,0.35,0.1711989233985949,0.26317596435546875,0.21884111430113268
supplemental_2023_09_legacy,s0_random_matched,20,2d,20,-0.004034379114817456,-0.0035555270717002505,0.008643727788310568,7,0.35,0.056102688508806245,0.26317596435546875,0.06846429784125509
supplemental_2023_09_legacy,s0_random_matched,20,3d,20,-0.005256237274536011,-0.0038666424068074983,0.008049676855143696,5,0.25,0.010326597188860831,0.04138946533203125,0.012772654291185816
supplemental_2023_09_legacy,s0_random_matched,20,5d,20,-0.006768211582594022,-0.006164336750110414,0.00665080553069253,3,0.15,0.00028363744417569535,0.0025768280029296875,0.0004694260133340415
supplemental_2023_09_legacy,s0_random_matched,40,5m,20,-0.0024927701129822083,-0.002507489472908111,0.0001534520350832255,0,0.0,1.731838521739957e-24,1.9073486328125e-06,6.234618678263846e-23
supplemental_2023_09_legacy,s0_random_matched,40,15m,20,-0.0025117833588184832,-0.002580342465449869,0.0004743862343830965,0,0.0,2.3225932031285127e-15,1.9073486328125e-06,3.1660592188357645e-14
supplemental_2023_09_legacy,s0_random_matched,40,30m,20,-0.002532196945728743,-0.0024612170844572354,0.0008595802108514228,0,0.0,8.188328190507951e-11,1.9073486328125e-06,1.288047881058725e-09
supplemental_2023_09_legacy,s0_random_matched,40,60m,20,-0.0025897630476001696,-0.0025488188394557176,0.0014589872978008,1,0.05,2.742385296211367e-07,4.00543212890625e-05,2.435707073438164e-06
supplemental_2023_09_legacy,s0_random_matched,40,1d,20,-0.0026033985019908714,-0.001978575246945084,0.007959538421582486,7,0.35,0.1701767302205906,0.26317596435546875,0.21884111430113268
supplemental_2023_09_legacy,s0_random_matched,40,2d,20,-0.004038750940373464,-0.0035438058648967876,0.008626317021367888,7,0.35,0.05541358030008576,0.26317596435546875,0.06834098096937768
supplemental_2023_09_legacy,s0_random_matched,40,3d,20,-0.005258221930484785,-0.0038893363258016575,0.008034318493793054,6,0.3,0.010180377334389586,0.11531829833984375,0.012772654291185816
supplemental_2023_09_legacy,s0_random_matched,40,5d,20,-0.006777829003104671,-0.006102481316747703,0.006638224340018246,3,0.15,0.0002743064366301507,0.0025768280029296875,0.0004665664178625214
supplemental_2023_09_legacy,s0_random_matched,60,5m,20,-0.0025066027596823194,-0.002545950708611082,0.00016711736809472437,0,0.0,7.838077353402599e-24,1.9073486328125e-06,1.8811385648166237e-22
supplemental_2023_09_legacy,s0_random_matched,60,15m,20,-0.002514192560346348,-0.00254599747257603,0.0004817290993300255,0,0.0,3.0258989015816858e-15,1.9073486328125e-06,3.1660592188357645e-14
supplemental_2023_09_legacy,s0_random_matched,60,30m,20,-0.002546978783139709,-0.0025076634073615683,0.0008690717812364911,0,0.0,8.944776951796702e-11,1.9073486328125e-06,1.288047881058725e-09
supplemental_2023_09_legacy,s0_random_matched,60,60m,20,-0.002600784231766104,-0.002569664582806959,0.0014792373403388545,1,0.05,3.1522190295498656e-07,4.00543212890625e-05,2.435707073438164e-06
supplemental_2023_09_legacy,s0_random_matched,60,1d,20,-0.0026103417695412883,-0.001946755804658461,0.007970106851736446,6,0.3,0.16963401066226824,0.11531829833984375,0.21884111430113268
supplemental_2023_09_legacy,s0_random_matched,60,2d,20,-0.004047932180144901,-0.0035546242898902985,0.008638966493419092,7,0.35,0.05523541242525296,0.26317596435546875,0.06834098096937768
supplemental_2023_09_legacy,s0_random_matched,60,3d,20,-0.005264123604763435,-0.003857276651266483,0.008044369022578123,6,0.3,0.01018854316143471,0.11531829833984375,0.012772654291185816
supplemental_2023_09_legacy,s0_random_matched,60,5d,20,-0.006771462327154998,-0.006118412158738653,0.006668974361357986,3,0.15,0.00029013135546340063,0.0025768280029296875,0.0004694260133340415
supplemental_2023_09_legacy,s0_random_matched,120,5m,20,-0.0025072031087505445,-0.002522290156344772,0.00015392476179033939,0,0.0,1.6456203210625465e-24,1.9073486328125e-06,6.234618678263846e-23
supplemental_2023_09_legacy,s0_random_matched,120,15m,20,-0.002505325768822981,-0.002570291457668683,0.00046759809778436183,0,0.0,1.86833802311371e-15,1.9073486328125e-06,3.113370984963401e-14
supplemental_2023_09_legacy,s0_random_matched,120,30m,20,-0.0025303440310805005,-0.0025077673275897194,0.0008451698866591879,0,0.0,6.204130334028858e-11,1.9073486328125e-06,1.288047881058725e-09
supplemental_2023_09_legacy,s0_random_matched,120,60m,20,-0.0025951950407597313,-0.0025575715615447276,0.0014801179743138652,1,0.05,3.2808483985192254e-07,4.00543212890625e-05,2.435707073438164e-06
supplemental_2023_09_legacy,s0_random_matched,120,1d,20,-0.0025863474087257634,-0.0018854037017948344,0.007969982756799785,7,0.35,0.1733911190743899,0.26317596435546875,0.21902036093607147
supplemental_2023_09_legacy,s0_random_matched,120,2d,20,-0.0040214138131455,-0.0035422982465748857,0.008647964161811367,7,0.35,0.05693458095591489,0.26317596435546875,0.06889562737522473
supplemental_2023_09_legacy,s0_random_matched,120,3d,20,-0.005239384707221513,-0.0038319204517291232,0.008053099289448052,6,0.3,0.01056251712811776,0.11531829833984375,0.012781533331503845
supplemental_2023_09_legacy,s0_random_matched,120,5d,20,-0.006744103554872233,-0.006053555004214508,0.006653859027302885,3,0.15,0.0002953673850646395,0.0025768280029296875,0.0004725878161034232
supplemental_2023_09_legacy,s0_random_matched,240,5m,20,-0.0024952523162337418,-0.002517741377969115,0.00014908616933816184,0,0.0,9.839754432992264e-25,1.9073486328125e-06,6.234618678263846e-23
supplemental_2023_09_legacy,s0_random_matched,240,15m,20,-0.002522671586496273,-0.0025787332397051365,0.00047187756499375165,0,0.0,1.9458568656021255e-15,1.9073486328125e-06,3.113370984963401e-14
supplemental_2023_09_legacy,s0_random_matched,240,30m,20,-0.002546998043154297,-0.002512016711304193,0.0008679800515149748,0,0.0,8.753275895025407e-11,1.9073486328125e-06,1.288047881058725e-09
supplemental_2023_09_legacy,s0_random_matched,240,60m,20,-0.002583461314129023,-0.0024982981738005117,0.001493178171736932,1,0.05,3.980076727585509e-07,4.00543212890625e-05,2.4649677904235554e-06
supplemental_2023_09_legacy,s0_random_matched,240,1d,20,-0.0026109398689997615,-0.0019538173230099986,0.00797686351439231,7,0.35,0.16988498713148695,0.26317596435546875,0.21884111430113268
supplemental_2023_09_legacy,s0_random_matched,240,2d,20,-0.004045081796497723,-0.0035834337912973,0.008644264132531415,7,0.35,0.055527047037619376,0.26317596435546875,0.06834098096937768
supplemental_2023_09_legacy,s0_random_matched,240,3d,20,-0.005257071491420982,-0.0038727513671520638,0.00805370291226421,6,0.3,0.01034856075116915,0.11531829833984375,0.012772654291185816
supplemental_2023_09_legacy,s0_random_matched,240,5d,20,-0.006764204811043799,-0.006084560462310189,0.006660882024823535,3,0.15,0.0002897177152513145,0.0025768280029296875,0.0004694260133340415
supplemental_2023_09_legacy,s0_strong_no_ma,10,5m,20,-0.003018199571038518,-0.0030151374928673426,0.0005154891111393031,0,0.0,3.6376728952707995e-16,1.9073486328125e-06,5.186385118009853e-16
supplemental_2023_09_legacy,s0_strong_no_ma,10,15m,20,-0.0031285002814303497,-0.0031865269291563043,0.0007377580574264346,0,0.0,1.327862064297883e-13,1.9073486328125e-06,2.993674968609611e-13
supplemental_2023_09_legacy,s0_strong_no_ma,10,30m,20,-0.003121712611731231,-0.003304355909249647,0.0011696714147540232,0,0.0,4.367688329316488e-10,1.9073486328125e-06,2.3592286830828346e-09
supplemental_2023_09_legacy,s0_strong_no_ma,10,60m,20,-0.0032172890118950816,-0.0032506745269771237,0.0020543524420957044,1,0.05,1.6240737955985954e-06,4.00543212890625e-05,6.5335942878830815e-06
supplemental_2023_09_legacy,s0_strong_no_ma,10,1d,20,-0.0032869161586359615,-0.0016348081433579355,0.008093041738046612,6,0.3,0.09271712869975142,0.11531829833984375,0.21767152238012757
supplemental_2023_09_legacy,s0_strong_no_ma,10,2d,20,-0.0049732996961336425,-0.005374435562867893,0.007908587660906727,6,0.3,0.012983399070986423,0.11531829833984375,0.047618174519405976
supplemental_2023_09_legacy,s0_strong_no_ma,10,3d,20,-0.00668874547972486,-0.006882047793656301,0.007368487846571192,3,0.15,0.0008456754539519415,0.0025768280029296875,0.0075089118907544486
supplemental_2023_09_legacy,s0_strong_no_ma,10,5d,20,-0.008000163251817332,-0.007256558661311929,0.006510640802399516,1,0.05,3.610953974505131e-05,4.00543212890625e-05,0.00013925615683547382
supplemental_2023_09_legacy,s0_strong_no_ma,20,5m,20,-0.003018435795907147,-0.0030151374928673426,0.0005154872424332428,0,0.0,3.632170034949503e-16,1.9073486328125e-06,5.186385118009853e-16
supplemental_2023_09_legacy,s0_strong_no_ma,20,15m,20,-0.003129003216494263,-0.0031865269291563043,0.0007377257710460458,0,0.0,1.3229703160130392e-13,1.9073486328125e-06,2.993674968609611e-13
supplemental_2023_09_legacy,s0_strong_no_ma,20,30m,20,-0.003121620800027208,-0.003304355909249647,0.0011698256474148296,0,0.0,4.379516678698339e-10,1.9073486328125e-06,2.3592286830828346e-09
supplemental_2023_09_legacy,s0_strong_no_ma,20,60m,20,-0.003216569779397751,-0.0032506745269771237,0.0020544379613141503,1,0.05,1.6300067996211945e-06,4.00543212890625e-05,6.5335942878830815e-06
supplemental_2023_09_legacy,s0_strong_no_ma,20,1d,20,-0.003284117975404123,-0.0016348081433579355,0.008094817760621445,6,0.3,0.09304181378782105,0.11531829833984375,0.21767152238012757
supplemental_2023_09_legacy,s0_strong_no_ma,20,2d,20,-0.0049701780601987535,-0.005374435562867893,0.007905272187847388,6,0.3,0.012999485468619836,0.11531829833984375,0.047618174519405976
supplemental_2023_09_legacy,s0_strong_no_ma,20,3d,20,-0.00668464300683628,-0.006882047793656301,0.007364723103216083,3,0.15,0.0008464590362163883,0.0025768280029296875,0.0075089118907544486
supplemental_2023_09_legacy,s0_strong_no_ma,20,5d,20,-0.007994751852976954,-0.007226965653642138,0.006512902044684734,1,0.05,3.654727671561031e-05,4.00543212890625e-05,0.00013925615683547382
supplemental_2023_09_legacy,s0_strong_no_ma,40,5m,20,-0.0030192661741547146,-0.0030151374928673426,0.0005162289454556555,0,0.0,3.711088899857432e-16,1.9073486328125e-06,5.239184329210492e-16
supplemental_2023_09_legacy,s0_strong_no_ma,40,15m,20,-0.0031295369695483106,-0.003188796726471643,0.0007380843756986781,0,0.0,1.3305222082709383e-13,1.9073486328125e-06,2.993674968609611e-13
supplemental_2023_09_legacy,s0_strong_no_ma,40,30m,20,-0.003123055372491205,-0.0033063841198681344,0.0011708637374662659,0,0.0,4.411029258260746e-10,1.9073486328125e-06,2.3592286830828346e-09
supplemental_2023_09_legacy,s0_strong_no_ma,40,60m,20,-0.0032161770888108907,-0.003251005986307732,0.0020545065516042755,1,0.05,1.633494711283384e-06,4.00543212890625e-05,6.5335942878830815e-06
supplemental_2023_09_legacy,s0_strong_no_ma,40,1d,20,-0.00328443223960148,-0.0016348081433579355,0.00809597689519076,6,0.3,0.09305622636971694,0.11531829833984375,0.21767152238012757
supplemental_2023_09_legacy,s0_strong_no_ma,40,2d,20,-0.004967517839986515,-0.005374745426291537,0.007908996121367112,6,0.3,0.013077324011693314,0.11531829833984375,0.047618174519405976
supplemental_2023_09_legacy,s0_strong_no_ma,40,3d,20,-0.00668104320313536,-0.006864456182299835,0.007365005684701967,3,0.15,0.0008508835271207574,0.0025768280029296875,0.0075089118907544486
supplemental_2023_09_legacy,s0_strong_no_ma,40,5d,20,-0.00799102434004072,-0.007220094807401853,0.006515733726231382,1,0.05,3.693659835195589e-05,4.00543212890625e-05,0.00013925615683547382
supplemental_2023_09_legacy,s0_strong_no_ma,60,5m,20,-0.003020179409870954,-0.0030156243647471645,0.0005155227669475151,0,0.0,3.5981795391730845e-16,1.9073486328125e-06,5.186385118009853e-16
supplemental_2023_09_legacy,s0_strong_no_ma,60,15m,20,-0.0031299143041825976,-0.003188796726471643,0.0007379145199906441,0,0.0,1.3221274691852384e-13,1.9073486328125e-06,2.993674968609611e-13
supplemental_2023_09_legacy,s0_strong_no_ma,60,30m,20,-0.003123576825554791,-0.0033075230355338655,0.001170769686740477,0,0.0,4.392775620393449e-10,1.9073486328125e-06,2.3592286830828346e-09
supplemental_2023_09_legacy,s0_strong_no_ma,60,60m,20,-0.0032190821904366333,-0.0032504513335361186,0.0020552238641039712,1,0.05,1.6211037974040507e-06,4.00543212890625e-05,6.5335942878830815e-06
supplemental_2023_09_legacy,s0_strong_no_ma,60,1d,20,-0.003286970151796653,-0.0016266376073488956,0.00810049880907883,6,0.3,0.09299129076579427,0.11531829833984375,0.21767152238012757
supplemental_2023_09_legacy,s0_strong_no_ma,60,2d,20,-0.004967697575217349,-0.005375055362960287,0.00792545804803986,6,0.3,0.01323647828056694,0.11531829833984375,0.047618174519405976
supplemental_2023_09_legacy,s0_strong_no_ma,60,3d,20,-0.0066758269389094625,-0.006806390990860276,0.007380617248168473,3,0.15,0.000873420777557983,0.0025768280029296875,0.0075089118907544486
supplemental_2023_09_legacy,s0_strong_no_ma,60,5d,20,-0.007975048219862902,-0.007206530429434791,0.006520725337419638,1,0.05,3.815661100878308e-05,4.00543212890625e-05,0.00013925615683547382
supplemental_2023_09_legacy,s0_strong_no_ma,120,5m,20,-0.0030202014463161634,-0.003015499525883742,0.0005149604670125322,0,0.0,3.525831778737542e-16,1.9073486328125e-06,5.180814042226592e-16
supplemental_2023_09_legacy,s0_strong_no_ma,120,15m,20,-0.0031294731862059103,-0.003188353543809069,0.0007376477512350875,0,0.0,1.3168734125150389e-13,1.9073486328125e-06,2.993674968609611e-13
supplemental_2023_09_legacy,s0_strong_no_ma,120,30m,20,-0.003123167347527974,-0.003306540229533626,0.0011711037209721736,0,0.0,4.4235537807803143e-10,1.9073486328125e-06,2.3592286830828346e-09
supplemental_2023_09_legacy,s0_strong_no_ma,120,60m,20,-0.003218625186106731,-0.003249420960333752,0.0020555113161413847,1,0.05,1.627398386053095e-06,4.00543212890625e-05,6.5335942878830815e-06
supplemental_2023_09_legacy,s0_strong_no_ma,120,1d,20,-0.0032846273465223902,-0.0016148978064146778,0.008100471708080608,6,0.3,0.09320669788244103,0.11531829833984375,0.21767152238012757
supplemental_2023_09_legacy,s0_strong_no_ma,120,2d,20,-0.004964551184044451,-0.005379855275099188,0.00792868969956306,6,0.3,0.013318173326143783,0.11531829833984375,0.047618174519405976
supplemental_2023_09_legacy,s0_strong_no_ma,120,3d,20,-0.006671399053242625,-0.006803995634288406,0.007383713625176931,3,0.15,0.0008819761691411839,0.0025768280029296875,0.0075089118907544486
supplemental_2023_09_legacy,s0_strong_no_ma,120,5d,20,-0.007969840215591122,-0.007184266750457722,0.00652407459084851,1,0.05,3.8682265787631616e-05,4.00543212890625e-05,0.00013925615683547382
supplemental_2023_09_legacy,s0_strong_no_ma,240,5m,20,-0.0030194357437290575,-0.0030170189777689723,0.0005113800974863536,0,0.0,3.1136207414678433e-16,1.9073486328125e-06,4.622282337849169e-16
supplemental_2023_09_legacy,s0_strong_no_ma,240,15m,20,-0.0031289881418145155,-0.0031871545524248734,0.0007359806582766902,0,0.0,1.2677204096212837e-13,1.9073486328125e-06,2.993674968609611e-13
supplemental_2023_09_legacy,s0_strong_no_ma,240,30m,20,-0.0031223776033048023,-0.003303598564277556,0.001169944869614984,0,0.0,4.3692094030679977e-10,1.9073486328125e-06,2.3592286830828346e-09
supplemental_2023_09_legacy,s0_strong_no_ma,240,60m,20,-0.00321819357766997,-0.0032487623587196326,0.0020561643720932114,1,0.05,1.6375373727516327e-06,4.00543212890625e-05,6.5335942878830815e-06
supplemental_2023_09_legacy,s0_strong_no_ma,240,1d,20,-0.0032870316412490614,-0.0016236149210481512,0.008103751701457641,6,0.3,0.09310744269045643,0.11531829833984375,0.21767152238012757
supplemental_2023_09_legacy,s0_strong_no_ma,240,2d,20,-0.0049671205781067415,-0.005381713207328017,0.007932266860446959,6,0.3,0.013312955850368808,0.11531829833984375,0.047618174519405976
supplemental_2023_09_legacy,s0_strong_no_ma,240,3d,20,-0.006675160179683645,-0.006802564345785491,0.007387852178992367,3,0.15,0.0008819502291703283,0.0025768280029296875,0.0075089118907544486
supplemental_2023_09_legacy,s0_strong_no_ma,240,5d,20,-0.007973012044321255,-0.007205060134304826,0.00652375735692002,1,0.05,3.848029707400694e-05,4.00543212890625e-05,0.00013925615683547382
supplemental_2023_09_legacy,s1_break_reclaim_stable3,10,5m,20,-0.0025982070443818705,-0.002598865173387461,0.0003006564037814345,0,0.0,2.5652001364690727e-19,1.9073486328125e-06,8.208640436701033e-19
supplemental_2023_09_legacy,s1_break_reclaim_stable3,10,15m,20,-0.002610445862007491,-0.0027301317769995864,0.0007108664375851512,0,0.0,1.7462904282166855e-12,1.9073486328125e-06,2.8904117432552034e-12
supplemental_2023_09_legacy,s1_break_reclaim_stable3,10,30m,20,-0.0023490199592906486,-0.002567371539036688,0.0013674364239239301,1,0.05,4.4137344383756866e-07,4.00543212890625e-05,5.884979251167581e-07
supplemental_2023_09_legacy,s1_break_reclaim_stable3,10,60m,20,-0.0025811976524877734,-0.002575407691871554,0.002236127065306559,3,0.15,7.409554564117637e-05,0.0025768280029296875,9.699780520299452e-05
supplemental_2023_09_legacy,s1_break_reclaim_stable3,10,1d,20,-0.002731934862837726,-0.0023108673195784443,0.0077625252567147494,8,0.4,0.1414971469221064,0.5034446716308594,0.21767152238012757
supplemental_2023_09_legacy,s1_break_reclaim_stable3,10,2d,20,-0.004633277679171502,-0.004315119835804852,0.007981563622599368,6,0.3,0.020391388872248176,0.11531829833984375,0.047618174519405976
supplemental_2023_09_legacy,s1_break_reclaim_stable3,10,3d,20,-0.005945073734722665,-0.005893485894968416,0.0074596044381899165,5,0.25,0.002541405136777075,0.04138946533203125,0.0075089118907544486
supplemental_2023_09_legacy,s1_break_reclaim_stable3,10,5d,20,-0.007320206398084545,-0.008269933304344446,0.006348102006524929,3,0.15,7.495269714594863e-05,0.0025768280029296875,0.0001995310062660294
supplemental_2023_09_legacy,s1_break_reclaim_stable3,20,5m,20,-0.002605050912586734,-0.0026139470030986604,0.00026364459787375707,0,0.0,2.068520417778354e-20,1.9073486328125e-06,1.1456420775387808e-19
supplemental_2023_09_legacy,s1_break_reclaim_stable3,20,15m,20,-0.0026173360652615415,-0.0027576285576115037,0.0006369857563749973,0,0.0,2.3434560440459554e-13,1.9073486328125e-06,4.622707812912569e-13
supplemental_2023_09_legacy,s1_break_reclaim_stable3,20,30m,20,-0.002458725804596007,-0.002562616274585901,0.001188473092059341,0,0.0,2.7084781546559018e-08,1.9073486328125e-06,4.432055162164203e-08
supplemental_2023_09_legacy,s1_break_reclaim_stable3,20,60m,20,-0.0027536386884567934,-0.0026376359675893387,0.002061496346221861,2,0.1,1.3116835983138445e-05,0.0004024505615234375,2.2045791582334172e-05
supplemental_2023_09_legacy,s1_break_reclaim_stable3,20,1d,20,-0.002882650710379064,-0.002032004352082637,0.0077988703029221755,7,0.35,0.12363405449968005,0.26317596435546875,0.21767152238012757
supplemental_2023_09_legacy,s1_break_reclaim_stable3,20,2d,20,-0.004382188637734494,-0.0035336825733458194,0.008051608527012507,5,0.25,0.028386494392648832,0.04138946533203125,0.04764012072072674
supplemental_2023_09_legacy,s1_break_reclaim_stable3,20,3d,20,-0.005704637796866504,-0.005883104112674164,0.008075092865072096,5,0.25,0.006172780024207234,0.04138946533203125,0.008800795282038037
supplemental_2023_09_legacy,s1_break_reclaim_stable3,20,5d,20,-0.007019373750756448,-0.006075822446359583,0.005892332739235532,4,0.2,5.1796781932578714e-05,0.01181793212890625,0.00016574970218425188
supplemental_2023_09_legacy,s1_break_reclaim_stable3,40,5m,20,-0.0025817167672331,-0.00257623098875941,0.00025223524878482034,0,0.0,1.0655357681243995e-20,1.9073486328125e-06,7.671857530495677e-20
supplemental_2023_09_legacy,s1_break_reclaim_stable3,40,15m,20,-0.002652306997791904,-0.0028575751069255624,0.0005735238343142919,0,0.0,2.7599348198931505e-14,1.9073486328125e-06,1.074136794769226e-13
supplemental_2023_09_legacy,s1_break_reclaim_stable3,40,30m,20,-0.0025766652083969513,-0.002745346453670686,0.0011462652795312834,0,0.0,7.300623424864431e-09,1.9073486328125e-06,1.5460143723242325e-08
supplemental_2023_09_legacy,s1_break_reclaim_stable3,40,60m,20,-0.002897914849170443,-0.00261477774120004,0.0020643095233866537,1,0.05,6.979581135494712e-06,4.00543212890625e-05,1.54129902432077e-05
supplemental_2023_09_legacy,s1_break_reclaim_stable3,40,1d,20,-0.0036331626270388177,-0.0035053307033812023,0.007900275979611675,7,0.35,0.059472534771083434,0.26317596435546875,0.21767152238012757
supplemental_2023_09_legacy,s1_break_reclaim_stable3,40,2d,20,-0.005305847049750661,-0.005097418442785568,0.00871926156071448,6,0.3,0.015717067684663272,0.11531829833984375,0.047618174519405976
supplemental_2023_09_legacy,s1_break_reclaim_stable3,40,3d,20,-0.006453543231955442,-0.007099957241532466,0.008584881688144407,6,0.3,0.003967882109224191,0.11531829833984375,0.0075089118907544486
supplemental_2023_09_legacy,s1_break_reclaim_stable3,40,5d,20,-0.008400929162808948,-0.008183880037640881,0.005364228855763058,1,0.05,1.6238217614956594e-06,4.00543212890625e-05,1.1867136790562134e-05
supplemental_2023_09_legacy,s1_break_reclaim_stable3,60,5m,20,-0.002512296557663474,-0.0025468043651430015,0.00027021670657264766,0,0.0,6.498885169706238e-20,1.9073486328125e-06,3.0188369820570913e-19
supplemental_2023_09_legacy,s1_break_reclaim_stable3,60,15m,20,-0.0026184416768676596,-0.002822946124785356,0.0005944474945473108,0,0.0,6.678854496749748e-14,1.9073486328125e-06,2.0618700811031127e-13
supplemental_2023_09_legacy,s1_break_reclaim_stable3,60,30m,20,-0.0025528548908487006,-0.0024624338720700646,0.0011691098259886702,0,0.0,1.1592289542680147e-08,1.9073486328125e-06,2.2052968585390037e-08
supplemental_2023_09_legacy,s1_break_reclaim_stable3,60,60m,20,-0.002866476017222265,-0.002632476135234584,0.002127030518001707,2,0.1,1.1738387227439092e-05,0.0004024505615234375,2.080073403321634e-05
supplemental_2023_09_legacy,s1_break_reclaim_stable3,60,1d,20,-0.003600433249546253,-0.002266209614738036,0.007817549231407341,6,0.3,0.05913078130818162,0.11531829833984375,0.21767152238012757
supplemental_2023_09_legacy,s1_break_reclaim_stable3,60,2d,20,-0.005437832975499554,-0.005314134724341047,0.008906202716499117,5,0.25,0.01541882331303595,0.04138946533203125,0.047618174519405976
supplemental_2023_09_legacy,s1_break_reclaim_stable3,60,3d,20,-0.006556360400514517,-0.0072029387186215215,0.007938027549237336,5,0.25,0.0019075646246643665,0.04138946533203125,0.0075089118907544486
supplemental_2023_09_legacy,s1_break_reclaim_stable3,60,5d,20,-0.00857056256117713,-0.009585847292931831,0.005049356249378521,1,0.05,5.24365212748724e-07,4.00543212890625e-05,7.839580722173458e-06
supplemental_2023_09_legacy,s1_break_reclaim_stable3,120,5m,20,-0.0025529188042616815,-0.002571100173262817,0.00034711214536553206,0,0.0,5.249210453536545e-18,1.9073486328125e-06,1.0830749932819233e-17
supplemental_2023_09_legacy,s1_break_reclaim_stable3,120,15m,20,-0.0025123207118245496,-0.0025745653769905256,0.00069566506180599,0,0.0,2.347990660882976e-12,1.9073486328125e-06,3.842166535990325e-12
supplemental_2023_09_legacy,s1_break_reclaim_stable3,120,30m,20,-0.002365662571986861,-0.00235100309850545,0.0012821954022387838,1,0.05,1.549812190671958e-07,4.00543212890625e-05,2.1879701515368817e-07
supplemental_2023_09_legacy,s1_break_reclaim_stable3,120,60m,20,-0.0026966137681368966,-0.0024651088024585646,0.0019978540408540704,2,0.1,1.1509524567059982e-05,0.0004024505615234375,2.071714422070797e-05
supplemental_2023_09_legacy,s1_break_reclaim_stable3,120,1d,20,-0.003193591104770378,-0.003287157350337361,0.007822777470566766,7,0.35,0.09116152741086465,0.26317596435546875,0.21767152238012757
supplemental_2023_09_legacy,s1_break_reclaim_stable3,120,2d,20,-0.004447499791779378,-0.0026258380462151655,0.00803629850490195,5,0.25,0.02612581231436654,0.04138946533203125,0.047618174519405976
supplemental_2023_09_legacy,s1_break_reclaim_stable3,120,3d,20,-0.005492728668449335,-0.005297523538120803,0.006955203249390174,4,0.2,0.002729823078446676,0.01181793212890625,0.0075089118907544486
supplemental_2023_09_legacy,s1_break_reclaim_stable3,120,5d,20,-0.007091679866012184,-0.007642748052062025,0.0072101082192878915,3,0.15,0.00039771913513622756,0.0025768280029296875,0.0005904284068001729
supplemental_2023_09_legacy,s1_break_reclaim_stable3,240,5m,20,-0.0026078352290767274,-0.0026777938309529422,0.0003475442492203673,0,0.0,3.610297820552054e-18,1.9073486328125e-06,8.12317009624212e-18
supplemental_2023_09_legacy,s1_break_reclaim_stable3,240,15m,20,-0.0026405625499268635,-0.0028974757226974427,0.0008662408102229223,1,0.05,4.550328750211628e-11,4.00543212890625e-05,6.300455192600716e-11
supplemental_2023_09_legacy,s1_break_reclaim_stable3,240,30m,20,-0.002490551052231647,-0.002677028634301558,0.0013667427839577223,1,0.05,1.863383480531036e-07,4.00543212890625e-05,2.59587573658576e-07
supplemental_2023_09_legacy,s1_break_reclaim_stable3,240,60m,20,-0.0028425435667641242,-0.003098484177368873,0.002052796873233054,2,0.1,8.322055903902703e-06,0.0004024505615234375,1.711965785945699e-05
supplemental_2023_09_legacy,s1_break_reclaim_stable3,240,1d,20,-0.0029842246168602688,-0.0029363768543200523,0.007826152938423965,6,0.3,0.1129007518700392,0.11531829833984375,0.21767152238012757
supplemental_2023_09_legacy,s1_break_reclaim_stable3,240,2d,20,-0.004417070610420914,-0.003292266900860003,0.0076955849300358115,5,0.25,0.0216536134760983,0.04138946533203125,0.047618174519405976
supplemental_2023_09_legacy,s1_break_reclaim_stable3,240,3d,20,-0.005285589957731265,-0.004550607419901163,0.006995804391815437,4,0.2,0.0038225175729817078,0.01181793212890625,0.0075089118907544486
supplemental_2023_09_legacy,s1_break_reclaim_stable3,240,5d,20,-0.006103930190295622,-0.00667407370284214,0.005891008822927427,2,0.1,0.00023620550194249662,0.0004024505615234375,0.0004360716958938399
supplemental_2023_09_legacy,s1_near_reversal,10,5m,20,-0.0027438744236469833,-0.0027860150497505468,0.0003149205353247093,0,0.0,2.1995129900610663e-19,1.9073486328125e-06,7.541187394495085e-19
supplemental_2023_09_legacy,s1_near_reversal,10,15m,20,-0.0027957603132040573,-0.0029562867553299624,0.0006591650242692954,0,0.0,1.3232603056126868e-13,1.9073486328125e-06,2.993674968609611e-13
supplemental_2023_09_legacy,s1_near_reversal,10,30m,20,-0.002575103777336941,-0.0026401932822823155,0.0011932074195079466,1,0.05,1.395642155035998e-08,4.00543212890625e-05,2.42135506415884e-08
supplemental_2023_09_legacy,s1_near_reversal,10,60m,20,-0.00283251682262636,-0.0028874116827409813,0.002154952942141395,2,0.1,1.601908656147483e-05,0.0004024505615234375,2.534888422914698e-05
supplemental_2023_09_legacy,s1_near_reversal,10,1d,20,-0.002862021082380356,-0.0018963434323550573,0.007724282215637646,8,0.4,0.12277963260934965,0.5034446716308594,0.21767152238012757
supplemental_2023_09_legacy,s1_near_reversal,10,2d,20,-0.00482419712524163,-0.005106918540485537,0.008006597691673445,6,0.3,0.01662208571212518,0.11531829833984375,0.047618174519405976
supplemental_2023_09_legacy,s1_near_reversal,10,3d,20,-0.006104968297577768,-0.00637190929242799,0.007394212402540951,4,0.2,0.001913282719591893,0.01181793212890625,0.0075089118907544486
supplemental_2023_09_legacy,s1_near_reversal,10,5d,20,-0.007562277644482572,-0.00785216624518159,0.006398335035843209,3,0.15,5.6699376371435774e-05,0.0025768280029296875,0.00016990300249101166
supplemental_2023_09_legacy,s1_near_reversal,20,5m,20,-0.002697043308030011,-0.002698055363348037,0.0002686730249527564,0,0.0,1.5361593594194523e-20,1.9073486328125e-06,8.872943950666089e-20
supplemental_2023_09_legacy,s1_near_reversal,20,15m,20,-0.0027467007207779915,-0.0028846228668771515,0.0005680076056334807,0,0.0,1.2235099565300715e-14,1.9073486328125e-06,5.872847791344343e-14
supplemental_2023_09_legacy,s1_near_reversal,20,30m,20,-0.0026115104121001995,-0.0025984889859291295,0.0010617344030059064,0,0.0,1.6941102931014907e-09,1.9073486328125e-06,4.608501801827752e-09
supplemental_2023_09_legacy,s1_near_reversal,20,60m,20,-0.002894457507920107,-0.002742317540957031,0.001997820341843027,1,0.05,4.628052255116495e-06,4.00543212890625e-05,1.3157976709012734e-05
supplemental_2023_09_legacy,s1_near_reversal,20,1d,20,-0.0030549607310059947,-0.0019220533846602494,0.0077477520907411074,7,0.35,0.10191598142729502,0.26317596435546875,0.21767152238012757
supplemental_2023_09_legacy,s1_near_reversal,20,2d,20,-0.004580864188358567,-0.0033176056569613676,0.008253534782131856,5,0.25,0.025750605230100015,0.04138946533203125,0.047618174519405976
supplemental_2023_09_legacy,s1_near_reversal,20,3d,20,-0.005723400651114436,-0.0057245626440943775,0.008076315164173726,5,0.25,0.006041414358324125,0.04138946533203125,0.008728048084006158
supplemental_2023_09_legacy,s1_near_reversal,20,5d,20,-0.007187131859230572,-0.006706460071396,0.006059821878293239,3,0.15,5.448703293692401e-05,0.0025768280029296875,0.00016990300249101166
supplemental_2023_09_legacy,s1_near_reversal,40,5m,20,-0.0026540632256966358,-0.0026666744656727295,0.0002778488158929236,0,0.0,3.9090330170144425e-20,1.9073486328125e-06,1.9410370843106196e-19
supplemental_2023_09_legacy,s1_near_reversal,40,15m,20,-0.0027260638454683697,-0.0028698920654741424,0.0005391032747412505,0,0.0,5.403569123450373e-15,1.9073486328125e-06,4.3228552987602986e-14
supplemental_2023_09_legacy,s1_near_reversal,40,30m,20,-0.0026424942024305354,-0.002738495719550947,0.001020902904585615,0,0.0,7.285988252208566e-10,1.9073486328125e-06,3.1137353159532578e-09
supplemental_2023_09_legacy,s1_near_reversal,40,60m,20,-0.0030275134241661166,-0.002799290512290424,0.0019594072519663504,1,0.05,1.953455113513055e-06,4.00543212890625e-05,7.402566745944209e-06
supplemental_2023_09_legacy,s1_near_reversal,40,1d,20,-0.0037094665330639114,-0.003590783550395738,0.007773769298047346,7,0.35,0.05130640578280735,0.26317596435546875,0.21767152238012757
supplemental_2023_09_legacy,s1_near_reversal,40,2d,20,-0.005353984324246923,-0.005334474943737955,0.008574485840165796,4,0.2,0.013538636350096049,0.01181793212890625,0.047618174519405976
supplemental_2023_09_legacy,s1_near_reversal,40,3d,20,-0.006461814129933856,-0.007002229754075952,0.008566319580030929,6,0.3,0.003868154922274837,0.11531829833984375,0.0075089118907544486
supplemental_2023_09_legacy,s1_near_reversal,40,5d,20,-0.008405993447552775,-0.008904076592943535,0.005357322935821233,1,0.05,1.582123619893194e-06,4.00543212890625e-05,1.1867136790562134e-05
supplemental_2023_09_legacy,s1_near_reversal,60,5m,20,-0.0026687415855773627,-0.002781737602075893,0.0002990035837788358,0,0.0,1.3991386843601563e-19,1.9073486328125e-06,5.445296501293581e-19
supplemental_2023_09_legacy,s1_near_reversal,60,15m,20,-0.0027449050785375816,-0.0030634906569781814,0.0005517956576427829,0,0.0,7.293602954780651e-15,1.9073486328125e-06,5.4508416459943187e-14
supplemental_2023_09_legacy,s1_near_reversal,60,30m,20,-0.0026865991015483505,-0.0025417977316720625,0.001042077417254925,0,0.0,7.784338289883144e-10,1.9073486328125e-06,3.1137353159532578e-09
supplemental_2023_09_legacy,s1_near_reversal,60,60m,20,-0.0030219684366990353,-0.002805885956915036,0.0019917014139030275,2,0.1,2.5005178999465897e-06,0.0004024505615234375,9.232681476725869e-06
supplemental_2023_09_legacy,s1_near_reversal,60,1d,20,-0.003709969020032342,-0.0020527607712377957,0.007811342128226084,6,0.3,0.05229938186593047,0.11531829833984375,0.21767152238012757
supplemental_2023_09_legacy,s1_near_reversal,60,2d,20,-0.005458906763545372,-0.005063655035708641,0.008844693567926365,5,0.25,0.01448937034685639,0.04138946533203125,0.047618174519405976
supplemental_2023_09_legacy,s1_near_reversal,60,3d,20,-0.006595575186293864,-0.007740086239648256,0.00802148251508044,5,0.25,0.001978933001773189,0.04138946533203125,0.0075089118907544486
supplemental_2023_09_legacy,s1_near_reversal,60,5d,20,-0.008686879845216886,-0.009550464896231167,0.0052655283078262725,0,0.0,7.859853643662499e-07,1.9073486328125e-06,8.084420890624285e-06
supplemental_2023_09_legacy,s1_near_reversal,120,5m,20,-0.002623922864033014,-0.002675108631690717,0.0003482044036280984,0,0.0,3.33453514428733e-18,1.9073486328125e-06,7.744726786731863e-18
supplemental_2023_09_legacy,s1_near_reversal,120,15m,20,-0.00264430607453616,-0.002708477570879962,0.0006138686038670047,0,0.0,1.0002007802884353e-13,1.9073486328125e-06,2.667202080769161e-13
supplemental_2023_09_legacy,s1_near_reversal,120,30m,20,-0.002472906659238879,-0.0024439431947823696,0.00112025458508242,1,0.05,9.753791906193532e-09,4.00543212890625e-05,1.924035663687491e-08
supplemental_2023_09_legacy,s1_near_reversal,120,60m,20,-0.002781200665138519,-0.002717002764950879,0.001923979896115621,2,0.1,4.767197542381457e-06,0.0004024505615234375,1.3157976709012734e-05
supplemental_2023_09_legacy,s1_near_reversal,120,1d,20,-0.003155883689446676,-0.0027131556704510927,0.007626096520117147,7,0.35,0.08713774684851366,0.26317596435546875,0.21767152238012757
supplemental_2023_09_legacy,s1_near_reversal,120,2d,20,-0.004462963868993121,-0.0021469143226962636,0.008094161712121333,6,0.3,0.02661544198988657,0.11531829833984375,0.047618174519405976
supplemental_2023_09_legacy,s1_near_reversal,120,3d,20,-0.005592964101729123,-0.004984459143587574,0.007008972722934159,4,0.2,0.002516333880174031,0.01181793212890625,0.0075089118907544486
supplemental_2023_09_legacy,s1_near_reversal,120,5d,20,-0.007241188437880486,-0.008267317735269359,0.006944721624479959,3,0.15,0.0002214068243266533,0.0025768280029296875,0.00041950766714523777
supplemental_2023_09_legacy,s1_near_reversal,240,5m,20,-0.002668045534342889,-0.002758683457311872,0.00033997801028629016,0,0.0,1.5611840808064485e-18,1.9073486328125e-06,3.944043993616291e-18
supplemental_2023_09_legacy,s1_near_reversal,240,15m,20,-0.002680051275374866,-0.0028225269103062667,0.0006362048740325432,0,0.0,1.4963725316181238e-13,1.9073486328125e-06,3.227426166847686e-13
supplemental_2023_09_legacy,s1_near_reversal,240,30m,20,-0.00249768577005105,-0.0027008899737079716,0.0011220477621641288,1,0.05,8.535573685097596e-09,4.00543212890625e-05,1.7558894437915052e-08
supplemental_2023_09_legacy,s1_near_reversal,240,60m,20,-0.0027979824739836233,-0.003046133849858519,0.0018696651113350642,2,0.1,3.0100218729605935e-06,0.0004024505615234375,1.032007499300775e-05
supplemental_2023_09_legacy,s1_near_reversal,240,1d,20,-0.0028989791662270828,-0.0028933154494550656,0.0077183551152400385,6,0.3,0.11804838581698254,0.11531829833984375,0.21767152238012757
supplemental_2023_09_legacy,s1_near_reversal,240,2d,20,-0.004398638641356748,-0.0029017764601978547,0.007765104984841846,5,0.25,0.023198175347113423,0.04138946533203125,0.047618174519405976
supplemental_2023_09_legacy,s1_near_reversal,240,3d,20,-0.005362222940714495,-0.004879105333363451,0.006794289566724264,4,0.2,0.002743453665770709,0.01181793212890625,0.0075089118907544486
supplemental_2023_09_legacy,s1_near_reversal,240,5d,20,-0.006194258118225828,-0.006740287767058541,0.005614175061964056,2,0.1,0.00012189519458239212,0.0004024505615234375,0.00028775259048958144
supplemental_2023_09_legacy,s1_touch_immediate,10,5m,20,-0.002577530416593455,-0.002653574260209615,0.0004677188416165775,0,0.0,1.1127142026219562e-15,1.9073486328125e-06,1.5260080493101114e-15
supplemental_2023_09_legacy,s1_touch_immediate,10,15m,20,-0.002679727025934177,-0.002779974432937086,0.0007056056328855141,0,0.0,9.60213481681502e-13,1.9073486328125e-06,1.6460802543111461e-12
supplemental_2023_09_legacy,s1_touch_immediate,10,30m,20,-0.0025334202223902475,-0.0027725839369831303,0.00112950874502642,1,0.05,7.562162487421085e-09,4.00543212890625e-05,1.5781904321574438e-08
supplemental_2023_09_legacy,s1_touch_immediate,10,60m,20,-0.0025256384679983894,-0.0028174810780190428,0.00226171161410654,3,0.15,0.00010693830012496432,0.0025768280029296875,0.0001350799580525865
supplemental_2023_09_legacy,s1_touch_immediate,10,1d,20,-0.0026379281606223937,-0.0022648276713948686,0.007796400718090044,8,0.4,0.15663336887612989,0.5034446716308594,0.21884111430113268
supplemental_2023_09_legacy,s1_touch_immediate,10,2d,20,-0.00443305075729738,-0.004619252892614653,0.008075136541420119,6,0.3,0.02720205005230344,0.11531829833984375,0.047618174519405976
supplemental_2023_09_legacy,s1_touch_immediate,10,3d,20,-0.005702153090808972,-0.0054045645490186055,0.007313888483837003,5,0.25,0.0030157411278327944,0.04138946533203125,0.0075089118907544486
supplemental_2023_09_legacy,s1_touch_immediate,10,5d,20,-0.007191479841017668,-0.007789846521385979,0.006563275856358675,3,0.15,0.0001313408299952923,0.0025768280029296875,0.000300207611417811
supplemental_2023_09_legacy,s1_touch_immediate,20,5m,20,-0.0025686353547494664,-0.002683982162555118,0.00036218493479725484,0,0.0,1.0347207934263141e-17,1.9073486328125e-06,1.8860733449796105e-17
supplemental_2023_09_legacy,s1_touch_immediate,20,15m,20,-0.002650059098040616,-0.0028284606745379555,0.0005455979159133298,0,0.0,1.1283480580780691e-14,1.9073486328125e-06,5.6028317366635155e-14
supplemental_2023_09_legacy,s1_touch_immediate,20,30m,20,-0.002543573421980343,-0.0027626161031861084,0.0009959379582679213,0,0.0,9.102951621534301e-10,1.9073486328125e-06,3.2441786146792177e-09
supplemental_2023_09_legacy,s1_touch_immediate,20,60m,20,-0.0026536280448416394,-0.0026721977527917667,0.002025340921383427,1,0.05,1.6665654227215293e-05,4.00543212890625e-05,2.580488396472045e-05
supplemental_2023_09_legacy,s1_touch_immediate,20,1d,20,-0.0028664692587877945,-0.0019548261552354883,0.007800397237060384,7,0.35,0.1256959458644745,0.26317596435546875,0.21767152238012757
supplemental_2023_09_legacy,s1_touch_immediate,20,2d,20,-0.004313987322998069,-0.003514793184425234,0.008121680119226836,5,0.25,0.03193335581359809,0.04138946533203125,0.049982643882153524
supplemental_2023_09_legacy,s1_touch_immediate,20,3d,20,-0.005586609851186956,-0.005189736446391554,0.007773715089705736,5,0.25,0.005482307140740258,0.04138946533203125,0.00829528399690266
supplemental_2023_09_legacy,s1_touch_immediate,20,5d,20,-0.007021170257507545,-0.007180659381291785,0.005993584753626856,4,0.2,6.274525802158795e-05,0.01181793212890625,0.0001771630814727189
supplemental_2023_09_legacy,s1_touch_immediate,40,5m,20,-0.002673367999380096,-0.0027055824922728264,0.00036609288272675334,0,0.0,5.997407347979547e-18,1.9073486328125e-06,1.2163755748014856e-17
supplemental_2023_09_legacy,s1_touch_immediate,40,15m,20,-0.00272050732506704,-0.0029571905475622323,0.0005545084912191587,0,0.0,9.392955073953652e-15,1.9073486328125e-06,5.4508416459943187e-14
supplemental_2023_09_legacy,s1_touch_immediate,40,30m,20,-0.0026632010093086745,-0.0027638213455972597,0.0009441175811543875,0,0.0,1.7155151445755956e-10,1.9073486328125e-06,1.6468945387925717e-09
supplemental_2023_09_legacy,s1_touch_immediate,40,60m,20,-0.002830101377047463,-0.0026655769348241072,0.002050213807341752,2,0.1,8.661233374087606e-06,0.0004024505615234375,1.7322466748175213e-05
supplemental_2023_09_legacy,s1_touch_immediate,40,1d,20,-0.0035454324596087285,-0.0036751110855770585,0.007849654163605918,7,0.35,0.06374169002765293,0.26317596435546875,0.21767152238012757
supplemental_2023_09_legacy,s1_touch_immediate,40,2d,20,-0.005175915003103791,-0.00452834764092341,0.008710666908263694,6,0.3,0.01796135796732468,0.11531829833984375,0.047618174519405976
supplemental_2023_09_legacy,s1_touch_immediate,40,3d,20,-0.006266149254023162,-0.005952996784892704,0.008465583999795098,6,0.3,0.00444293109914412,0.11531829833984375,0.0075089118907544486
supplemental_2023_09_legacy,s1_touch_immediate,40,5d,20,-0.008050534521316991,-0.008411209642798952,0.005465856062042402,1,0.05,3.7224609447664603e-06,4.00543212890625e-05,2.0012097286957103e-05
supplemental_2023_09_legacy,s1_touch_immediate,60,5m,20,-0.0026264010697311154,-0.0026056503874460164,0.0004016850042537248,0,0.0,4.698523556405311e-17,1.9073486328125e-06,7.602105529464773e-17
supplemental_2023_09_legacy,s1_touch_immediate,60,15m,20,-0.0026824842742195257,-0.0028118665492185835,0.0005930001646540621,0,0.0,4.122769071423893e-14,1.9073486328125e-06,1.4479969421586354e-13
supplemental_2023_09_legacy,s1_touch_immediate,60,30m,20,-0.0027024750341409693,-0.0028080781971825753,0.0010245271731732035,0,0.0,5.315118165226205e-10,1.9073486328125e-06,2.7074242286949623e-09
supplemental_2023_09_legacy,s1_touch_immediate,60,60m,20,-0.002830764463626133,-0.002697101048290548,0.0020905640061330386,2,0.1,1.105656648712105e-05,0.0004024505615234375,2.041212274545425e-05
supplemental_2023_09_legacy,s1_touch_immediate,60,1d,20,-0.0035849115247910263,-0.0024301351819959226,0.007896888957598535,7,0.35,0.0625202324937312,0.26317596435546875,0.21767152238012757
supplemental_2023_09_legacy,s1_touch_immediate,60,2d,20,-0.005289805765126877,-0.004379752832171334,0.00903336997910291,5,0.25,0.019455345068344607,0.04138946533203125,0.047618174519405976
supplemental_2023_09_legacy,s1_touch_immediate,60,3d,20,-0.00641170328824391,-0.00705060827118725,0.007962656255792094,5,0.25,0.002342231789348246,0.04138946533203125,0.0075089118907544486
supplemental_2023_09_legacy,s1_touch_immediate,60,5d,20,-0.008250226166797024,-0.010216343052297822,0.005390938161173197,2,0.1,2.225524325529691e-06,0.0004024505615234375,1.3788481076084472e-05
supplemental_2023_09_legacy,s1_touch_immediate,120,5m,20,-0.002588436270150951,-0.002664976066269186,0.0005706294791465961,0,0.0,3.920864958304403e-14,1.9073486328125e-06,4.952671526279246e-14
supplemental_2023_09_legacy,s1_touch_immediate,120,15m,20,-0.00255889410244173,-0.0027148707516380247,0.0007801237766322791,0,0.0,1.2754953653165284e-11,1.9073486328125e-06,1.893518892841032e-11
supplemental_2023_09_legacy,s1_touch_immediate,120,30m,20,-0.002462058547727023,-0.0026422770906415357,0.0011923437144319715,1,0.05,2.789638001599815e-08,4.00543212890625e-05,4.513571598094082e-08
supplemental_2023_09_legacy,s1_touch_immediate,120,60m,20,-0.002560318545212482,-0.0024891992111385495,0.0021385302388851556,4,0.2,4.890208899383433e-05,0.01181793212890625,6.771058476069368e-05
supplemental_2023_09_legacy,s1_touch_immediate,120,1d,20,-0.0030660378278688943,-0.0027831993355293865,0.00790480748674717,7,0.35,0.10723623969446557,0.26317596435546875,0.21767152238012757
supplemental_2023_09_legacy,s1_touch_immediate,120,2d,20,-0.004291371456265924,-0.002117637839831774,0.008286098377243792,7,0.35,0.035942662452956305,0.26317596435546875,0.05448150940237587
supplemental_2023_09_legacy,s1_touch_immediate,120,3d,20,-0.005411527363361035,-0.004138486147209717,0.00700819485340417,5,0.25,0.003245817883697112,0.04138946533203125,0.0075089118907544486
supplemental_2023_09_legacy,s1_touch_immediate,120,5d,20,-0.006971670810663265,-0.008170052111775017,0.007306006300068398,3,0.15,0.0005323909716884198,0.0025768280029296875,0.0007590524744864599
supplemental_2023_09_legacy,s1_touch_immediate,240,5m,20,-0.0025861925878297226,-0.002548026929899086,0.00044991890653918904,0,0.0,5.113045988733632e-16,1.9073486328125e-06,7.148336139588766e-16
supplemental_2023_09_legacy,s1_touch_immediate,240,15m,20,-0.0026081392256749143,-0.0027721883465657,0.0005775269343193344,0,0.0,4.249429866162817e-14,1.9073486328125e-06,1.4569473826843942e-13
supplemental_2023_09_legacy,s1_touch_immediate,240,30m,20,-0.002495446050666994,-0.0027112693634223743,0.0009965825847223664,1,0.05,1.2622505926930945e-09,4.00543212890625e-05,3.810706959057763e-09
supplemental_2023_09_legacy,s1_touch_immediate,240,60m,20,-0.0025821779742984854,-0.002797386714528822,0.0019226443349676056,2,0.1,1.2253786767856007e-05,0.0004024505615234375,2.1259581862304396e-05
supplemental_2023_09_legacy,s1_touch_immediate,240,1d,20,-0.0027264615065840806,-0.002396721639083701,0.007841101318710589,7,0.35,0.14606833177919415,0.26317596435546875,0.21884111430113268
supplemental_2023_09_legacy,s1_touch_immediate,240,2d,20,-0.004201468888503658,-0.003596790212021196,0.007840172895216874,5,0.25,0.030609756004436977,0.04138946533203125,0.04843741609493324
supplemental_2023_09_legacy,s1_touch_immediate,240,3d,20,-0.005205373596693452,-0.0042542474053413205,0.006688203281964196,4,0.2,0.003055894976306969,0.01181793212890625,0.0075089118907544486
supplemental_2023_09_legacy,s1_touch_immediate,240,5d,20,-0.006107722986777797,-0.006183061560592416,0.005830629988858816,2,0.1,0.00021108307141346996,0.0004024505615234375,0.0004052794971138623
supplemental_2023_09_legacy,s1_touch_reclaim,10,5m,20,-0.0027165710034035783,-0.00270221927444551,0.00036879150005025336,0,0.0,5.099508977806265e-18,1.9073486328125e-06,1.0798960188295621e-17
supplemental_2023_09_legacy,s1_touch_reclaim,10,15m,20,-0.00280426181391802,-0.0029133153924942377,0.0006416322722384496,0,0.0,7.695020909268903e-14,1.9073486328125e-06,2.1790077145585796e-13
supplemental_2023_09_legacy,s1_touch_reclaim,10,30m,20,-0.002600839503043129,-0.0027575222306306406,0.001182150278458693,1,0.05,1.0285887698260763e-08,4.00543212890625e-05,2.0015781466885806e-08
supplemental_2023_09_legacy,s1_touch_reclaim,10,60m,20,-0.002703840590720408,-0.002836368219986652,0.0021946260007934234,2,0.1,3.500447462067121e-05,0.0004024505615234375,5.143514638139443e-05
supplemental_2023_09_legacy,s1_touch_reclaim,10,1d,20,-0.0027924473096430234,-0.002401615305736205,0.007798321675268871,8,0.4,0.13506173635693258,0.5034446716308594,0.21767152238012757
supplemental_2023_09_legacy,s1_touch_reclaim,10,2d,20,-0.00467311447994768,-0.004991978987795505,0.00801081239465998,6,0.3,0.019861296132548306,0.11531829833984375,0.047618174519405976
supplemental_2023_09_legacy,s1_touch_reclaim,10,3d,20,-0.005989540098024855,-0.005828580742302456,0.007344756361557845,5,0.25,0.002115917102366013,0.04138946533203125,0.0075089118907544486
supplemental_2023_09_legacy,s1_touch_reclaim,10,5d,20,-0.007433940545949888,-0.008183457197952725,0.006421125295378162,3,0.15,7.167656919360496e-05,0.0025768280029296875,0.00019848896084382912
supplemental_2023_09_legacy,s1_touch_reclaim,20,5m,20,-0.002701863010632504,-0.0027285060878297863,0.0003032342854221082,0,0.0,1.4449418171579885e-19,1.9073486328125e-06,5.475568991335535e-19
supplemental_2023_09_legacy,s1_touch_reclaim,20,15m,20,-0.0027752403371223483,-0.002946193777050482,0.0005392642042342568,0,0.0,3.914985237023261e-15,1.9073486328125e-06,3.523486713320935e-14
supplemental_2023_09_legacy,s1_touch_reclaim,20,30m,20,-0.002642620517953096,-0.0028334531973832726,0.0010450635208510523,0,0.0,1.0734261409480394e-09,1.9073486328125e-06,3.5200092684057144e-09
supplemental_2023_09_legacy,s1_touch_reclaim,20,60m,20,-0.002823485126953146,-0.002845848814719252,0.002029178612015973,1,0.05,7.821455124857491e-06,4.00543212890625e-05,1.6563081440874685e-05
supplemental_2023_09_legacy,s1_touch_reclaim,20,1d,20,-0.0030025331342374514,-0.0021563025455711626,0.007789769448508952,7,0.35,0.10930205900356331,0.26317596435546875,0.21767152238012757
supplemental_2023_09_legacy,s1_touch_reclaim,20,2d,20,-0.004469366460490185,-0.0036297627188403812,0.008051868238982813,5,0.25,0.025738080021851177,0.04138946533203125,0.047618174519405976
supplemental_2023_09_legacy,s1_touch_reclaim,20,3d,20,-0.005777296237124476,-0.005390427867893639,0.007838565660933671,5,0.25,0.004582230808348352,0.04138946533203125,0.0075522872046192005
supplemental_2023_09_legacy,s1_touch_reclaim,20,5d,20,-0.007224409220273019,-0.007048698975798977,0.0059832327014550275,4,0.2,4.432152112131569e-05,0.01181793212890625,0.00014738496725567104
supplemental_2023_09_legacy,s1_touch_reclaim,40,5m,20,-0.0027342056108225266,-0.002738505096831499,0.00025072629375796457,0,0.0,3.2281473606528772e-21,1.9073486328125e-06,3.6275412874681037e-20
supplemental_2023_09_legacy,s1_touch_reclaim,40,15m,20,-0.0027871421811685596,-0.002934962456471725,0.000497376498313179,0,0.0,8.17821404376633e-16,1.9073486328125e-06,3.113370984963401e-14
supplemental_2023_09_legacy,s1_touch_reclaim,40,30m,20,-0.002724914255893458,-0.002747925788845392,0.0009883568660817388,0,0.0,2.527724131976704e-10,1.9073486328125e-06,2.2749517187790335e-09
supplemental_2023_09_legacy,s1_touch_reclaim,40,60m,20,-0.0029557832389596945,-0.002805446405685869,0.002039121859893445,2,0.1,4.597507182458649e-06,0.0004024505615234375,1.3157976709012734e-05
supplemental_2023_09_legacy,s1_touch_reclaim,40,1d,20,-0.00368404586937685,-0.0036888663710219582,0.007918199329628351,7,0.35,0.05681338428467157,0.26317596435546875,0.21767152238012757
supplemental_2023_09_legacy,s1_touch_reclaim,40,2d,20,-0.005307438953780897,-0.005035829392546114,0.00872742938882486,5,0.25,0.0157740877728107,0.04138946533203125,0.047618174519405976
supplemental_2023_09_legacy,s1_touch_reclaim,40,3d,20,-0.006451655117350634,-0.006620181094414954,0.00860219877999984,6,0.3,0.004035887630509207,0.11531829833984375,0.0075089118907544486
supplemental_2023_09_legacy,s1_touch_reclaim,40,5d,20,-0.008327112626713509,-0.007877400346751766,0.005470518653702736,1,0.05,2.393833520153554e-06,4.00543212890625e-05,1.3788481076084472e-05
supplemental_2023_09_legacy,s1_touch_reclaim,60,5m,20,-0.0026872865515838507,-0.0026936135317957837,0.00030815478145949297,0,0.0,2.1635241903387306e-19,1.9073486328125e-06,7.541187394495085e-19
supplemental_2023_09_legacy,s1_touch_reclaim,60,15m,20,-0.002760919028812048,-0.0029428361566601682,0.0005568150501109127,0,0.0,7.738753702696518e-15,1.9073486328125e-06,5.4508416459943187e-14
supplemental_2023_09_legacy,s1_touch_reclaim,60,30m,20,-0.002758858234050105,-0.002803368812986635,0.0010658696158694489,0,0.0,7.28718975388536e-10,1.9073486328125e-06,3.1137353159532578e-09
supplemental_2023_09_legacy,s1_touch_reclaim,60,60m,20,-0.002971567545587682,-0.0027619368521685883,0.002108941176999942,2,0.1,6.653290928099528e-06,0.0004024505615234375,1.54129902432077e-05
supplemental_2023_09_legacy,s1_touch_reclaim,60,1d,20,-0.0037376505550664532,-0.002482168144013305,0.007896441112964746,6,0.3,0.05302803985878594,0.11531829833984375,0.21767152238012757
supplemental_2023_09_legacy,s1_touch_reclaim,60,2d,20,-0.00552538529684398,-0.0051156573410806455,0.009020950867093171,5,0.25,0.015141251218466023,0.04138946533203125,0.047618174519405976
supplemental_2023_09_legacy,s1_touch_reclaim,60,3d,20,-0.006660155259117696,-0.007359774849733365,0.007922362193185406,5,0.25,0.0016480621652509972,0.04138946533203125,0.0075089118907544486
supplemental_2023_09_legacy,s1_touch_reclaim,60,5d,20,-0.008568635992724224,-0.009901796219229264,0.005158195287396686,2,0.1,7.129521063154362e-07,0.0004024505615234375,7.89731563918637e-06
supplemental_2023_09_legacy,s1_touch_reclaim,120,5m,20,-0.0026397815971640998,-0.0026488566291371094,0.0004244920767535415,0,0.0,1.1919589690462248e-16,1.9073486328125e-06,1.845613887555445e-16
supplemental_2023_09_legacy,s1_touch_reclaim,120,15m,20,-0.002606488476576555,-0.002788846066204123,0.0006585675148991742,0,0.0,4.591988513266605e-13,1.9073486328125e-06,8.477517255261426e-13
supplemental_2023_09_legacy,s1_touch_reclaim,120,30m,20,-0.002482303197306507,-0.00259812070205615,0.0012050363990640316,1,0.05,2.8957250159348374e-08,4.00543212890625e-05,4.633160025495739e-08
supplemental_2023_09_legacy,s1_touch_reclaim,120,60m,20,-0.002696234947339498,-0.0024658922807113525,0.0020307407600478394,1,0.05,1.4141428142279033e-05,4.00543212890625e-05,2.3140518778274782e-05
supplemental_2023_09_legacy,s1_touch_reclaim,120,1d,20,-0.0031733296356999292,-0.002819839995511713,0.007849243090343985,7,0.35,0.09411018711704174,0.26317596435546875,0.21767152238012757
supplemental_2023_09_legacy,s1_touch_reclaim,120,2d,20,-0.004421868294161085,-0.0024646882022626242,0.00812831105216595,7,0.35,0.028451738763767363,0.26317596435546875,0.04764012072072674
supplemental_2023_09_legacy,s1_touch_reclaim,120,3d,20,-0.0055587582599740575,-0.004618156768474893,0.006959661723705332,4,0.2,0.002498018426884389,0.01181793212890625,0.0075089118907544486
supplemental_2023_09_legacy,s1_touch_reclaim,120,5d,20,-0.007134130361009812,-0.008548825436524552,0.007150043324380124,3,0.15,0.00034542542231213297,0.0025768280029296875,0.0005291623490739059
supplemental_2023_09_legacy,s1_touch_reclaim,240,5m,20,-0.002682749298389314,-0.0026672521140288694,0.00037509274528405517,0,0.0,8.838718744990234e-18,1.9073486328125e-06,1.6747046043139393e-17
supplemental_2023_09_legacy,s1_touch_reclaim,240,15m,20,-0.0027081219999511305,-0.002875587279946531,0.0006202346311070463,0,0.0,7.830940334546886e-14,1.9073486328125e-06,2.1790077145585796e-13
supplemental_2023_09_legacy,s1_touch_reclaim,240,30m,20,-0.0025862533463288763,-0.0028258003123978253,0.001075916272416887,1,0.05,2.4687150836427625e-09,4.00543212890625e-05,6.0253385092297935e-09
supplemental_2023_09_legacy,s1_touch_reclaim,240,60m,20,-0.0027689743138046984,-0.002819169788497557,0.0019094029313151929,1,0.05,4.5708525324934745e-06,4.00543212890625e-05,1.3157976709012734e-05
supplemental_2023_09_legacy,s1_touch_reclaim,240,1d,20,-0.0029588496547164013,-0.0027265271163162035,0.007805310547855623,6,0.3,0.11488731393350743,0.11531829833984375,0.21767152238012757
supplemental_2023_09_legacy,s1_touch_reclaim,240,2d,20,-0.0044096492749231666,-0.003687047609521281,0.007755760285426072,5,0.25,0.02275585942876621,0.04138946533203125,0.047618174519405976
supplemental_2023_09_legacy,s1_touch_reclaim,240,3d,20,-0.005390393068105812,-0.004379899744010196,0.00681510484751376,3,0.15,0.002697173638372802,0.0025768280029296875,0.0075089118907544486
supplemental_2023_09_legacy,s1_touch_reclaim,240,5d,20,-0.006196924027326135,-0.006575805078078736,0.005810441734876793,2,0.1,0.00017502407958634242,0.0004024505615234375,0.00036385975177859886
supplemental_2023_09_legacy,s2_first_touch_reclaim,10,5m,20,-0.0011356423521963052,-0.002281853766688931,0.0038050716416676835,6,0.3,0.20883771011843835,0.11531829833984375,0.21029811368570017
supplemental_2023_09_legacy,s2_first_touch_reclaim,10,15m,20,-0.0024682093722636143,-0.0029464888765709484,0.004470211896883223,3,0.15,0.026431278324667684,0.0025768280029296875,0.026803549850367227
supplemental_2023_09_legacy,s2_first_touch_reclaim,10,30m,20,-0.0013371581606814978,-0.0041856950402287115,0.00748553845719505,4,0.2,0.44578162506395014,0.01181793212890625,0.44889897908537635
supplemental_2023_09_legacy,s2_first_touch_reclaim,10,60m,20,-0.0021059519387927306,-0.003524952511935597,0.006897588389307837,6,0.3,0.1989908661350274,0.11531829833984375,0.1989908661350274
supplemental_2023_09_legacy,s2_first_touch_reclaim,10,1d,20,-0.0007729395088408488,-0.0014511573476482702,0.013882839747456771,10,0.5,0.8108495027282852,1.0,0.8585465323005372
supplemental_2023_09_legacy,s2_first_touch_reclaim,10,2d,20,-0.006373324388566057,-0.0071006302189208035,0.014953897614328592,5,0.25,0.0787713044543687,0.04138946533203125,0.09074454273143275
supplemental_2023_09_legacy,s2_first_touch_reclaim,10,3d,20,-0.008986908157392986,-0.009457687407080043,0.01695574486598109,6,0.3,0.03226312836060406,0.11531829833984375,0.03519614002974989
supplemental_2023_09_legacy,s2_first_touch_reclaim,10,5d,20,-0.010711779494522535,-0.008040749351934141,0.019169911517034167,5,0.25,0.02488380822937434,0.04138946533203125,0.02866614708023924
supplemental_2023_09_legacy,s2_first_touch_reclaim,20,5m,20,-0.0023550720118805397,-0.0023393381036442224,0.0009947867608133976,0,0.0,3.1645197641491176e-09,1.9073486328125e-06,3.5881168979328575e-09
supplemental_2023_09_legacy,s2_first_touch_reclaim,20,15m,20,-0.002423291847482939,-0.002453362644651942,0.0013097721023515537,1,0.05,1.4867391944653845e-07,4.00543212890625e-05,1.7840870333584616e-07
supplemental_2023_09_legacy,s2_first_touch_reclaim,20,30m,20,-0.0026912128275234986,-0.0026723715350612355,0.0021244546335823494,3,0.15,2.512874167169484e-05,0.0025768280029296875,2.9660154104295548e-05
supplemental_2023_09_legacy,s2_first_touch_reclaim,20,60m,20,-0.0026829962923160255,-0.0032542863275820105,0.0029311196278493474,4,0.2,0.0007840531148019198,0.01181793212890625,0.0009179158417193207
supplemental_2023_09_legacy,s2_first_touch_reclaim,20,1d,20,-0.0029506539025797715,-0.0015123604243402686,0.00814612449086822,7,0.35,0.13087214893083582,0.26317596435546875,0.21767152238012757
supplemental_2023_09_legacy,s2_first_touch_reclaim,20,2d,20,-0.003351726472329581,-0.002575550585481718,0.007624541308493271,6,0.3,0.07051400100496677,0.11531829833984375,0.08322964053045258
supplemental_2023_09_legacy,s2_first_touch_reclaim,20,3d,20,-0.004335763292460514,-0.0032072093277055367,0.009577459561173937,7,0.35,0.06318748941034115,0.26317596435546875,0.06641604726342427
supplemental_2023_09_legacy,s2_first_touch_reclaim,20,5d,20,-0.0049121599645967715,-0.005348378576081475,0.011530171667021602,6,0.3,0.07888235390581044,0.11531829833984375,0.08476909673460227
supplemental_2023_09_legacy,s2_first_touch_reclaim,40,5m,20,-0.00270402775155498,-0.002688568769000737,0.0007329621561622133,0,0.0,1.608989793047856e-12,1.9073486328125e-06,1.9307877516574272e-12
supplemental_2023_09_legacy,s2_first_touch_reclaim,40,15m,20,-0.003174820149983614,-0.0031041488041118983,0.001193586979551614,0,0.0,4.621623790054741e-10,1.9073486328125e-06,6.050125688798934e-10
supplemental_2023_09_legacy,s2_first_touch_reclaim,40,30m,20,-0.0032882069981786466,-0.0027179642711431693,0.0019674907573050226,0,0.0,6.541457537322728e-07,1.9073486328125e-06,8.641925553894245e-07
supplemental_2023_09_legacy,s2_first_touch_reclaim,40,60m,20,-0.0038394627971673687,-0.0029669758812481137,0.003161810057213168,2,0.1,4.1483321580889375e-05,0.0004024505615234375,5.9735983076480704e-05
supplemental_2023_09_legacy,s2_first_touch_reclaim,40,1d,20,-0.0040017509529221545,-0.0034019309257687915,0.008051597606384827,5,0.25,0.04320030340562441,0.04138946533203125,0.21767152238012757
supplemental_2023_09_legacy,s2_first_touch_reclaim,40,2d,20,-0.0049989804463905505,-0.0034214022953847163,0.009861958613029477,6,0.3,0.039613980486730115,0.11531829833984375,0.05551776690509641
supplemental_2023_09_legacy,s2_first_touch_reclaim,40,3d,20,-0.00584298807979091,-0.006937662329754363,0.010506523779031855,5,0.25,0.025491743149059085,0.04138946533203125,0.02867821104269147
supplemental_2023_09_legacy,s2_first_touch_reclaim,40,5d,20,-0.007676027648561487,-0.00931417944250788,0.010220468034558,5,0.25,0.00399478224537345,0.04138946533203125,0.005046040730998043
supplemental_2023_09_legacy,s2_first_touch_reclaim,60,5m,20,-0.002660948130048104,-0.002534543350642639,0.0007287338735124918,0,0.0,1.9308675460870456e-12,1.9073486328125e-06,2.2978919556738394e-12
supplemental_2023_09_legacy,s2_first_touch_reclaim,60,15m,20,-0.0030158096240639628,-0.002825292548280702,0.001333535197757406,0,0.0,6.626338018576689e-09,1.9073486328125e-06,8.444182961726047e-09
supplemental_2023_09_legacy,s2_first_touch_reclaim,60,30m,20,-0.0031424949975891493,-0.002912262400619879,0.0020749408546723155,0,0.0,2.563245503447245e-06,1.9073486328125e-06,3.237783793828099e-06
supplemental_2023_09_legacy,s2_first_touch_reclaim,60,60m,20,-0.0035986067243376683,-0.00363707374209966,0.0032258786540811995,3,0.15,0.00010814851546220945,0.0025768280029296875,0.00013542074979615792
supplemental_2023_09_legacy,s2_first_touch_reclaim,60,1d,20,-0.0038147367106876008,-0.002906931730257903,0.00724868230651303,6,0.3,0.03336407334934836,0.11531829833984375,0.21767152238012757
supplemental_2023_09_legacy,s2_first_touch_reclaim,60,2d,20,-0.0053781426581799765,-0.005507477089900242,0.00969269054715318,6,0.3,0.025786360777453034,0.11531829833984375,0.047618174519405976
supplemental_2023_09_legacy,s2_first_touch_reclaim,60,3d,20,-0.006218657096921795,-0.005550779428249436,0.008364685720231467,5,0.25,0.004303783092907582,0.04138946533203125,0.0075089118907544486
supplemental_2023_09_legacy,s2_first_touch_reclaim,60,5d,20,-0.008030706337835139,-0.010703869615861237,0.00777070639717749,4,0.2,0.00024255977181434092,0.01181793212890625,0.00043660758926581365
supplemental_2023_09_legacy,s2_first_touch_reclaim,120,5m,20,-0.0026737742437605407,-0.00281090123332797,0.0008703775585675984,0,0.0,3.981850201348948e-11,1.9073486328125e-06,4.587091431953988e-11
supplemental_2023_09_legacy,s2_first_touch_reclaim,120,15m,20,-0.0026824719256861567,-0.002535354080675097,0.00128482560810854,0,0.0,2.3486000734870948e-08,1.9073486328125e-06,2.8905847058302706e-08
supplemental_2023_09_legacy,s2_first_touch_reclaim,120,30m,20,-0.002444544123084152,-0.0021763064271420147,0.001584269029907913,1,0.05,1.990153492712572e-06,4.00543212890625e-05,2.5361248048726577e-06
supplemental_2023_09_legacy,s2_first_touch_reclaim,120,60m,20,-0.002538587187343397,-0.0024212909883917903,0.0026298617216165745,5,0.25,0.0004769588883607747,0.04138946533203125,0.0005676204952392691
supplemental_2023_09_legacy,s2_first_touch_reclaim,120,1d,20,-0.003915745355709161,-0.0019697279769580823,0.008382609018252406,10,0.5,0.055918045566783335,1.0,0.21767152238012757
supplemental_2023_09_legacy,s2_first_touch_reclaim,120,2d,20,-0.004477117488401282,-0.0044488976880313075,0.009677265426590023,8,0.4,0.05809361990660285,0.5034446716308594,0.06969046688739414
supplemental_2023_09_legacy,s2_first_touch_reclaim,120,3d,20,-0.005517961154669635,-0.0036894110437115583,0.007619516707493326,4,0.2,0.0051945820420643335,0.01181793212890625,0.007997250990812204
supplemental_2023_09_legacy,s2_first_touch_reclaim,120,5d,20,-0.006202150053048344,-0.008447385555972846,0.008476793416634812,6,0.3,0.004829227985233599,0.11531829833984375,0.006047033303249029
supplemental_2023_09_legacy,s2_first_touch_reclaim,240,5m,20,-0.002610464289897905,-0.0026585188452774708,0.0007829151818874285,0,0.0,9.578494164810602e-12,1.9073486328125e-06,1.1213846827095338e-11
supplemental_2023_09_legacy,s2_first_touch_reclaim,240,15m,20,-0.002746165239364486,-0.002555967968492337,0.001163322636597741,0,0.0,3.315774775124691e-09,1.9073486328125e-06,4.3015456542158155e-09
supplemental_2023_09_legacy,s2_first_touch_reclaim,240,30m,20,-0.0026635409780932013,-0.002615094844072256,0.001529056345282104,1,0.05,3.607630388841371e-07,4.00543212890625e-05,4.947607390411023e-07
supplemental_2023_09_legacy,s2_first_touch_reclaim,240,60m,20,-0.002879145715056719,-0.0028168639960839984,0.0025410281524074693,3,0.15,9.113390232868018e-05,0.0025768280029296875,0.00011717216013687451
supplemental_2023_09_legacy,s2_first_touch_reclaim,240,1d,20,-0.0032464685805329426,-0.0019754530908718962,0.00810892249029869,7,0.35,0.09711732284877443,0.26317596435546875,0.21767152238012757
supplemental_2023_09_legacy,s2_first_touch_reclaim,240,2d,20,-0.00422520177211497,-0.004041439204906153,0.007754288422806568,7,0.35,0.02822713433247342,0.26317596435546875,0.04764012072072674
supplemental_2023_09_legacy,s2_first_touch_reclaim,240,3d,20,-0.005442224662525798,-0.005280386253182607,0.007683187618119474,5,0.25,0.006061144502782055,0.04138946533203125,0.008728048084006158
supplemental_2023_09_legacy,s2_first_touch_reclaim,240,5d,20,-0.006371899051306163,-0.0037581654624907644,0.008824615877521317,3,0.15,0.005303445202413088,0.0025768280029296875,0.0065835871478231445
supplemental_2023_09_legacy,s2_reclaim_acceleration,10,5m,20,-0.0026990206459657352,-0.0026570259683846567,0.0003872423020335783,0,0.0,1.430667801116369e-17,1.9073486328125e-06,2.5120683189864938e-17
supplemental_2023_09_legacy,s2_reclaim_acceleration,10,15m,20,-0.0027929688633460226,-0.0029471545979377874,0.0006850662860179069,0,0.0,2.697261746487871e-13,1.9073486328125e-06,5.248725560733154e-13
supplemental_2023_09_legacy,s2_reclaim_acceleration,10,30m,20,-0.0025641804221650426,-0.0026790975130532996,0.0012771619705952103,1,0.05,4.308378846871419e-08,4.00543212890625e-05,6.482432067888944e-08
supplemental_2023_09_legacy,s2_reclaim_acceleration,10,60m,20,-0.002533054387347393,-0.00260694638429323,0.0023034487703701267,3,0.15,0.00012633117063275582,0.0025768280029296875,0.00015682490147514517
supplemental_2023_09_legacy,s2_reclaim_acceleration,10,1d,20,-0.0024912345989097215,-0.0018487792277893046,0.00807450752082884,7,0.35,0.1945071542148022,0.26317596435546875,0.23939342057206425
supplemental_2023_09_legacy,s2_reclaim_acceleration,10,2d,20,-0.0045674280881037085,-0.004358720544661401,0.00827576969580727,6,0.3,0.026489436587400248,0.11531829833984375,0.047618174519405976
supplemental_2023_09_legacy,s2_reclaim_acceleration,10,3d,20,-0.0062143318144499676,-0.0055560499313636845,0.007565533691737884,3,0.15,0.0019954530540571545,0.0025768280029296875,0.0075089118907544486
supplemental_2023_09_legacy,s2_reclaim_acceleration,10,5d,20,-0.009129802460053935,-0.009719006997473297,0.006372057956021535,2,0.1,5.35413139710253e-06,0.0004024505615234375,2.658603176492291e-05
supplemental_2023_09_legacy,s2_reclaim_acceleration,20,5m,20,-0.002655167929525468,-0.0026736557486638493,0.0003388639959946772,0,0.0,1.6073091758150117e-18,1.9073486328125e-06,3.9905607123683054e-18
supplemental_2023_09_legacy,s2_reclaim_acceleration,20,15m,20,-0.0027635466988813273,-0.00296390345297991,0.000595494181311354,0,0.0,2.5899942621230938e-14,1.9073486328125e-06,1.0562544425710293e-13
supplemental_2023_09_legacy,s2_reclaim_acceleration,20,30m,20,-0.002594107516000868,-0.002648579979513923,0.0011402757584197027,0,0.0,6.023914432051743e-09,1.9073486328125e-06,1.3143086033567439e-08
supplemental_2023_09_legacy,s2_reclaim_acceleration,20,60m,20,-0.0026401416049792684,-0.002455226352098789,0.0021023057465519436,2,0.1,2.7886852428936337e-05,0.0004024505615234375,4.227059736596666e-05
supplemental_2023_09_legacy,s2_reclaim_acceleration,20,1d,20,-0.002701593912933935,-0.0030249117686349447,0.008089839846508032,7,0.35,0.16181451656927356,0.26317596435546875,0.21884111430113268
supplemental_2023_09_legacy,s2_reclaim_acceleration,20,2d,20,-0.0044861811422459725,-0.004437866641023356,0.008316467363627882,6,0.3,0.0296497488899423,0.11531829833984375,0.047978659348022354
supplemental_2023_09_legacy,s2_reclaim_acceleration,20,3d,20,-0.006127463248482448,-0.007231926668843709,0.007869013080703681,4,0.2,0.0030441466920747367,0.01181793212890625,0.0075089118907544486
supplemental_2023_09_legacy,s2_reclaim_acceleration,20,5d,20,-0.009187160284000444,-0.009009990414625945,0.005454594918211158,0,0.0,5.856230227604342e-07,1.9073486328125e-06,7.839580722173458e-06
supplemental_2023_09_legacy,s2_reclaim_acceleration,40,5m,20,-0.002704164420968079,-0.002653210565350883,0.0002674590697662902,0,0.0,1.342330398446186e-20,1.9073486328125e-06,8.786162608011399e-20
supplemental_2023_09_legacy,s2_reclaim_acceleration,40,15m,20,-0.002824645839651895,-0.0030286901316751865,0.0005404138400534693,0,0.0,2.944892215255987e-15,1.9073486328125e-06,3.1660592188357645e-14
supplemental_2023_09_legacy,s2_reclaim_acceleration,40,30m,20,-0.0027198407407101463,-0.0026109480674596196,0.0010866119573162553,0,0.0,1.2702356530192543e-09,1.9073486328125e-06,3.810706959057763e-09
supplemental_2023_09_legacy,s2_reclaim_acceleration,40,60m,20,-0.002875801363210687,-0.0027400466325750742,0.002113503476297943,2,0.1,1.0397256976344527e-05,0.0004024505615234375,1.996273339458149e-05
supplemental_2023_09_legacy,s2_reclaim_acceleration,40,1d,20,-0.0035022783641288717,-0.0048904644806907925,0.008198451187753409,7,0.35,0.07813356586975836,0.26317596435546875,0.21767152238012757
supplemental_2023_09_legacy,s2_reclaim_acceleration,40,2d,20,-0.005331336736836289,-0.005214561343963396,0.008774766063426385,6,0.3,0.015856507219605277,0.11531829833984375,0.047618174519405976
supplemental_2023_09_legacy,s2_reclaim_acceleration,40,3d,20,-0.006858471085675466,-0.007309871340660357,0.008648555865345917,4,0.2,0.002642554613247976,0.01181793212890625,0.0075089118907544486
supplemental_2023_09_legacy,s2_reclaim_acceleration,40,5d,20,-0.01022634757892507,-0.009917999033891844,0.005654126081065711,0,0.0,2.0816090494839397e-07,1.9073486328125e-06,7.839580722173458e-06
supplemental_2023_09_legacy,s2_reclaim_acceleration,60,5m,20,-0.002683383719002901,-0.002684965212974345,0.00031042277233657087,0,0.0,2.5512855355595477e-19,1.9073486328125e-06,8.208640436701033e-19
supplemental_2023_09_legacy,s2_reclaim_acceleration,60,15m,20,-0.0027991631443125132,-0.0029728377157150687,0.0005732356798841956,0,0.0,1.0237769752484367e-14,1.9073486328125e-06,5.460143867991662e-14
supplemental_2023_09_legacy,s2_reclaim_acceleration,60,30m,20,-0.002781923021135534,-0.002700631861042165,0.0010592215456701262,0,0.0,5.713967465983007e-10,1.9073486328125e-06,2.7074242286949623e-09
supplemental_2023_09_legacy,s2_reclaim_acceleration,60,60m,20,-0.0029919531104060683,-0.0027056072838555637,0.0021311942525331163,2,0.1,6.975241639434183e-06,0.0004024505615234375,1.54129902432077e-05
supplemental_2023_09_legacy,s2_reclaim_acceleration,60,1d,20,-0.0036553880721518876,-0.003869910341454134,0.007958590620654465,7,0.35,0.05976397414149809,0.26317596435546875,0.21767152238012757
supplemental_2023_09_legacy,s2_reclaim_acceleration,60,2d,20,-0.0057511472318148415,-0.006125841633056555,0.00909346158400657,7,0.35,0.012549084737337483,0.26317596435546875,0.047618174519405976
supplemental_2023_09_legacy,s2_reclaim_acceleration,60,3d,20,-0.007619517474882387,-0.007838352320996604,0.008413326224458126,4,0.2,0.0008635567799609352,0.01181793212890625,0.0075089118907544486
supplemental_2023_09_legacy,s2_reclaim_acceleration,60,5d,20,-0.01097575049105615,-0.011740998326889128,0.005474700788324695,0,0.0,4.4054879673548137e-08,1.9073486328125e-06,6.343902672990932e-06
supplemental_2023_09_legacy,s2_reclaim_acceleration,120,5m,20,-0.0027195261522434126,-0.0027106979280958382,0.0004953113471016891,0,0.0,1.191051136262736e-15,1.9073486328125e-06,1.6180317322814527e-15
supplemental_2023_09_legacy,s2_reclaim_acceleration,120,15m,20,-0.002716794269129818,-0.0026498781069604774,0.0006134076416767028,0,0.0,6.048052227267028e-14,1.9073486328125e-06,1.935376712725449e-13
supplemental_2023_09_legacy,s2_reclaim_acceleration,120,30m,20,-0.0026605376166762658,-0.002625816072461252,0.001031483493685202,0,0.0,7.723684864355569e-10,1.9073486328125e-06,3.1137353159532578e-09
supplemental_2023_09_legacy,s2_reclaim_acceleration,120,60m,20,-0.0028415657811977964,-0.002182680497908149,0.0018136694049339752,0,0.0,1.6146148455084558e-06,1.9073486328125e-06,6.5335942878830815e-06
supplemental_2023_09_legacy,s2_reclaim_acceleration,120,1d,20,-0.0033722943164562437,-0.002724053468656935,0.007841594159674854,8,0.4,0.07631318367451148,0.5034446716308594,0.21767152238012757
supplemental_2023_09_legacy,s2_reclaim_acceleration,120,2d,20,-0.005065427019978358,-0.0038897677559850126,0.008401634317867947,5,0.25,0.016562950873457622,0.04138946533203125,0.047618174519405976
supplemental_2023_09_legacy,s2_reclaim_acceleration,120,3d,20,-0.006340999857648198,-0.007130627559079106,0.00816557603914624,5,0.25,0.003108721176135968,0.04138946533203125,0.0075089118907544486
supplemental_2023_09_legacy,s2_reclaim_acceleration,120,5d,20,-0.009739222813685323,-0.009560084831838567,0.007925024845859845,1,0.05,3.6062040076259166e-05,4.00543212890625e-05,0.00013925615683547382
supplemental_2023_09_legacy,s2_reclaim_acceleration,240,5m,20,-0.002710023403199432,-0.0026780324245965995,0.00043172344806174657,0,0.0,1.0018199639659881e-16,1.9073486328125e-06,1.5680660305554597e-16
supplemental_2023_09_legacy,s2_reclaim_acceleration,240,15m,20,-0.0027821681945810715,-0.0029504987703637972,0.0005929460300186577,0,0.0,2.1198097171452287e-14,1.9073486328125e-06,8.978017625556263e-14
supplemental_2023_09_legacy,s2_reclaim_acceleration,240,30m,20,-0.002784351442307294,-0.0025669158598695344,0.0009647126670539463,0,0.0,1.1616670920428834e-10,1.9073486328125e-06,1.5207278295834108e-09
supplemental_2023_09_legacy,s2_reclaim_acceleration,240,60m,20,-0.0029473383743460002,-0.0026553045084751767,0.0018865213817172034,1,0.05,1.678770754525514e-06,4.00543212890625e-05,6.5335942878830815e-06
supplemental_2023_09_legacy,s2_reclaim_acceleration,240,1d,20,-0.003689738696493398,-0.004182725539356823,0.007843379506589995,6,0.3,0.05436424162402275,0.11531829833984375,0.21767152238012757
supplemental_2023_09_legacy,s2_reclaim_acceleration,240,2d,20,-0.0052318180653774795,-0.005598558290996996,0.008010594552714138,5,0.25,0.010313078396491393,0.04138946533203125,0.047618174519405976
supplemental_2023_09_legacy,s2_reclaim_acceleration,240,3d,20,-0.006892992843870523,-0.008204122429287801,0.007616817209284776,4,0.2,0.0008694097195792773,0.01181793212890625,0.0075089118907544486
supplemental_2023_09_legacy,s2_reclaim_acceleration,240,5d,20,-0.010335593655654134,-0.0080838577274421,0.007112042128366963,1,0.05,4.445158693805217e-06,4.00543212890625e-05,2.2860816139569688e-05
supplemental_2023_09_legacy,s2_reclaim_bull_stack,10,5m,20,-0.002597753012808259,-0.00254400588248153,0.0007132219105620178,0,0.0,2.019103036536496e-12,1.9073486328125e-06,2.383203584108651e-12
supplemental_2023_09_legacy,s2_reclaim_bull_stack,10,15m,20,-0.0026716048559866958,-0.0029837854644531527,0.0009585582192715182,0,0.0,2.1036829089502134e-10,1.9073486328125e-06,2.804910545266951e-10
supplemental_2023_09_legacy,s2_reclaim_bull_stack,10,30m,20,-0.0028315046622203093,-0.0026794075951512425,0.0011606843445453067,0,0.0,1.939018628586457e-09,1.9073486328125e-06,4.909918200206007e-09
supplemental_2023_09_legacy,s2_reclaim_bull_stack,10,60m,20,-0.003467516332021843,-0.00358151754039425,0.0023165587154984815,1,0.05,3.001297369035259e-06,4.00543212890625e-05,1.032007499300775e-05
supplemental_2023_09_legacy,s2_reclaim_bull_stack,10,1d,20,-0.004856811169417901,-0.004699705432433375,0.006688776804344913,5,0.25,0.005097955281430124,0.04138946533203125,0.21767152238012757
supplemental_2023_09_legacy,s2_reclaim_bull_stack,10,2d,20,-0.006560026903458302,-0.0068277836999144515,0.008270528508783181,6,0.3,0.002638332312130661,0.11531829833984375,0.047618174519405976
supplemental_2023_09_legacy,s2_reclaim_bull_stack,10,3d,20,-0.006658351327722743,-0.007372364270547644,0.011619163721589509,6,0.3,0.02183855189049818,0.11531829833984375,0.024761822615997936
supplemental_2023_09_legacy,s2_reclaim_bull_stack,10,5d,20,-0.00693330016475258,-0.005682186995308246,0.012994464299471794,4,0.2,0.031257104573692185,0.01181793212890625,0.03489165161714476
supplemental_2023_09_legacy,s2_reclaim_bull_stack,20,5m,20,-0.0026397277818976115,-0.002774255544739133,0.0009706097884398561,1,0.05,3.181810715272984e-10,4.00543212890625e-05,3.6363551031691244e-10
supplemental_2023_09_legacy,s2_reclaim_bull_stack,20,15m,20,-0.0025068866320871975,-0.002568912767486507,0.001193969936864415,1,0.05,2.1502883527288614e-08,4.00543212890625e-05,2.669323472353069e-08
supplemental_2023_09_legacy,s2_reclaim_bull_stack,20,30m,20,-0.002708593923153028,-0.0027361537837400597,0.0010030745014955745,0,0.0,3.588484584988939e-10,1.9073486328125e-06,2.3592286830828346e-09
supplemental_2023_09_legacy,s2_reclaim_bull_stack,20,60m,20,-0.002872818352964031,-0.002533724025734261,0.0016601211726017609,0,0.0,3.9697448353174743e-07,1.9073486328125e-06,2.4649677904235554e-06
supplemental_2023_09_legacy,s2_reclaim_bull_stack,20,1d,20,-0.0037164036195356915,-0.0020707821368297565,0.007133841342936286,8,0.4,0.03498081776835167,0.5034446716308594,0.21767152238012757
supplemental_2023_09_legacy,s2_reclaim_bull_stack,20,2d,20,-0.00552011597898997,-0.003832580043263848,0.009633411286834266,6,0.3,0.021844835649208662,0.11531829833984375,0.047618174519405976
supplemental_2023_09_legacy,s2_reclaim_bull_stack,20,3d,20,-0.006751633420124398,-0.008300786232744299,0.011763319696429264,5,0.25,0.02165723095262731,0.04138946533203125,0.024751121088716927
supplemental_2023_09_legacy,s2_reclaim_bull_stack,20,5d,20,-0.007643190196045065,-0.005818290734268329,0.01218631880407709,4,0.2,0.013187644947116016,0.01181793212890625,0.015694387375080218
supplemental_2023_09_legacy,s2_reclaim_bull_stack,40,5m,20,-0.0020334213694219944,-0.002714273307829901,0.0018090256514727723,2,0.1,9.952473139060156e-05,0.0004024505615234375,0.00010164227886699734
supplemental_2023_09_legacy,s2_reclaim_bull_stack,40,15m,20,-0.001827572695400684,-0.002587540981207328,0.0022378108144459814,3,0.15,0.0020910428109597993,0.0025768280029296875,0.0021507868912729365
supplemental_2023_09_legacy,s2_reclaim_bull_stack,40,30m,20,-0.001836562753528881,-0.0030201781907270393,0.003389754440535511,4,0.2,0.029024772697318735,0.01181793212890625,0.029854051917242126
supplemental_2023_09_legacy,s2_reclaim_bull_stack,40,60m,20,-0.0022127082399139948,-0.002966688711138951,0.003937344072909048,4,0.2,0.024168327276308552,0.01181793212890625,0.026167211487131064
supplemental_2023_09_legacy,s2_reclaim_bull_stack,40,1d,20,-0.0002480891707155455,-0.0014169942639383824,0.012397461421655405,9,0.45,0.931403683085026,0.8238029479980469,0.9541457405861045
supplemental_2023_09_legacy,s2_reclaim_bull_stack,40,2d,20,-0.0015075908744702248,-0.0008956133006662312,0.017334803277790967,7,0.35,0.7088249453854462,0.26317596435546875,0.7188083953204525
supplemental_2023_09_legacy,s2_reclaim_bull_stack,40,3d,20,-0.0008687953637232012,-0.006420924582397736,0.026228513279184094,7,0.35,0.8867173533256899,0.26317596435546875,0.8929181739783171
supplemental_2023_09_legacy,s2_reclaim_bull_stack,40,5d,20,-0.000990622818537346,-0.006016660644966184,0.029319893211409116,7,0.35,0.884468194852062,0.26317596435546875,0.884468194852062
supplemental_2023_09_legacy,s2_reclaim_bull_stack,60,5m,20,-0.002554143264359745,-0.002610783428248483,0.0020611424844966496,1,0.05,3.2686897794030354e-05,4.00543212890625e-05,3.3620809159574075e-05
supplemental_2023_09_legacy,s2_reclaim_bull_stack,60,15m,20,-0.0019213271291849035,-0.00205221012955889,0.00284536145057913,3,0.15,0.00834351023309821,0.0025768280029296875,0.008521031727419448
supplemental_2023_09_legacy,s2_reclaim_bull_stack,60,30m,20,-0.0014444476904273479,-0.0018713032411884563,0.004001044872547599,2,0.1,0.13207538263904578,0.0004024505615234375,0.1348854971632808
supplemental_2023_09_legacy,s2_reclaim_bull_stack,60,60m,20,-0.0017301699757622043,-0.002145310719163357,0.005281928043091826,5,0.25,0.16957509002270524,0.04138946533203125,0.1719634715723208
supplemental_2023_09_legacy,s2_reclaim_bull_stack,60,1d,20,-0.004289339228701623,-0.005757269193937745,0.014735283650101278,8,0.4,0.2198212383492462,0.5034446716308594,0.2594611337892742
supplemental_2023_09_legacy,s2_reclaim_bull_stack,60,2d,20,-0.008006862321538896,-0.004189058518288488,0.015927385347022663,7,0.35,0.04109811147124171,0.26317596435546875,0.056579176570963376
supplemental_2023_09_legacy,s2_reclaim_bull_stack,60,3d,20,-0.009456298456654955,-0.008426044543991262,0.018086196329240353,4,0.2,0.03439685218552304,0.01181793212890625,0.03724170462191968
supplemental_2023_09_legacy,s2_reclaim_bull_stack,60,5d,20,-0.009738860142071957,-0.011198618331064662,0.017775524964900355,4,0.2,0.027473077505043516,0.01181793212890625,0.03126283545765753
supplemental_2023_09_legacy,s2_reclaim_bull_stack,120,5m,18,-0.002650341391123564,-0.002517107175540397,0.002200861524837793,1,0.05555555555555555,0.00011787112679875403,0.00014495849609375,0.00011953128351422945
supplemental_2023_09_legacy,s2_reclaim_bull_stack,120,15m,18,-0.0017410103958707362,-0.0019815763163200293,0.0030170318892220956,5,0.2777777777777778,0.02932861012883559,0.09625244140625,0.029533705304561716
supplemental_2023_09_legacy,s2_reclaim_bull_stack,120,30m,18,-0.0010119117344454301,-0.0008173511705182601,0.0044506080452512125,8,0.4444444444444444,0.36165590187822616,0.8145294189453125,0.3667496469751026
supplemental_2023_09_legacy,s2_reclaim_bull_stack,120,60m,18,-0.0026278656791531635,-0.002806706529326311,0.007148827915867763,7,0.3888888888888889,0.14798626862158526,0.480682373046875,0.1511349126348105
supplemental_2023_09_legacy,s2_reclaim_bull_stack,120,1d,18,-0.007295413633663487,-0.0060103275466882045,0.02622158160021545,6,0.3333333333333333,0.2672137896742045,0.237884521484375,0.31283565620394677
supplemental_2023_09_legacy,s2_reclaim_bull_stack,120,2d,18,-0.0019109213035202767,-0.0026847172579956722,0.03670150316659877,7,0.3888888888888889,0.8325740588478494,0.480682373046875,0.8325740588478494
supplemental_2023_09_legacy,s2_reclaim_bull_stack,120,3d,18,-0.002068526943050944,-0.0028945835671576174,0.039637051786109184,8,0.4444444444444444,0.8321940130782169,0.8145294189453125,0.8439150555159384
supplemental_2023_09_legacy,s2_reclaim_bull_stack,120,5d,18,0.010333376504189445,-0.006066134991507557,0.08147842258165233,7,0.3888888888888889,0.607787917514129,0.480682373046875,0.6163483107185533
supplemental_2023_09_legacy,s2_reclaim_bull_stack,240,5m,11,-0.0013907205237359882,-0.0025171071755403784,0.003373264855126659,3,0.2727272727272727,0.22153709720087128,0.2265625,0.22153709720087128
supplemental_2023_09_legacy,s2_reclaim_bull_stack,240,15m,11,-0.002310145932654753,-0.0016200901855902283,0.0063498982053245365,4,0.36363636363636365,0.27672092852851626,0.548828125,0.27672092852851626
supplemental_2023_09_legacy,s2_reclaim_bull_stack,240,30m,11,-0.0012163314424614008,-0.0008797419542265206,0.0076526713191402565,5,0.45454545454545453,0.626115557227311,1.0,0.626115557227311
supplemental_2023_09_legacy,s2_reclaim_bull_stack,240,60m,11,-0.005153210297576394,-0.0038967342504088493,0.01178319741304963,4,0.36363636363636365,0.19677019751205285,0.548828125,0.19814621287927
supplemental_2023_09_legacy,s2_reclaim_bull_stack,240,1d,11,-0.011853238913742271,-0.008609934618621584,0.03333121821009817,3,0.2727272727272727,0.2870406018787958,0.2265625,0.33333747314956935
supplemental_2023_09_legacy,s2_reclaim_bull_stack,240,2d,11,0.005195666374812507,0.004132778776622548,0.04963402471472777,6,0.5454545454545454,0.747456964433506,1.0,0.7526839362127613
supplemental_2023_09_legacy,s2_reclaim_bull_stack,240,3d,11,-0.00036443557744606956,-0.002387650399950988,0.07147271781074607,5,0.45454545454545453,0.9874524089788674,1.0,0.9874524089788674
supplemental_2023_09_legacy,s2_reclaim_bull_stack,240,5d,11,0.01944027098676381,-0.0014961420856484109,0.12711804695879897,5,0.45454545454545453,0.6390775379148862,1.0,0.6435466116065987
supplemental_2023_09_legacy,s2_reclaim_daily_trend,10,5m,20,-0.0027432354835930746,-0.002696599776772074,0.00039202866447410404,0,0.0,1.3287695001400139e-17,1.9073486328125e-06,2.3622568891378023e-17
supplemental_2023_09_legacy,s2_reclaim_daily_trend,10,15m,20,-0.002809168158258179,-0.002904605558160942,0.0006718097397825256,0,0.0,1.7099868100717498e-13,1.9073486328125e-06,3.5176871521475996e-13
supplemental_2023_09_legacy,s2_reclaim_daily_trend,10,30m,20,-0.002821214637712251,-0.0028375243832634046,0.0009511669623619195,0,0.0,7.283097239633201e-11,1.9073486328125e-06,1.288047881058725e-09
supplemental_2023_09_legacy,s2_reclaim_daily_trend,10,60m,20,-0.003168016858223161,-0.002884879167626475,0.0017105212296240917,0,0.0,1.463999300787424e-07,1.9073486328125e-06,2.435707073438164e-06
supplemental_2023_09_legacy,s2_reclaim_daily_trend,10,1d,20,-0.004033211500167438,-0.0038367307139569873,0.006148033445363373,6,0.3,0.010031254565586954,0.11531829833984375,0.21767152238012757
supplemental_2023_09_legacy,s2_reclaim_daily_trend,10,2d,20,-0.006224786625182547,-0.0063448148226438955,0.006781286195986507,4,0.2,0.0007641121052567685,0.01181793212890625,0.047618174519405976
supplemental_2023_09_legacy,s2_reclaim_daily_trend,10,3d,20,-0.007496947188847657,-0.009594186858411794,0.006968409266828384,4,0.2,0.00015965756249611949,0.01181793212890625,0.0075089118907544486
supplemental_2023_09_legacy,s2_reclaim_daily_trend,10,5d,20,-0.008779433463382119,-0.009156968966588144,0.007624857217462217,3,0.15,7.620975933771955e-05,0.0025768280029296875,0.0001995310062660294
supplemental_2023_09_legacy,s2_reclaim_daily_trend,20,5m,20,-0.002728014678044452,-0.0027241140988368303,0.00030953577916320693,0,0.0,1.7742058933259074e-19,1.9073486328125e-06,6.387141215973266e-19
supplemental_2023_09_legacy,s2_reclaim_daily_trend,20,15m,20,-0.002806461724531074,-0.0028173278841803636,0.0005367907127489947,0,0.0,2.930411955170699e-15,1.9073486328125e-06,3.1660592188357645e-14
supplemental_2023_09_legacy,s2_reclaim_daily_trend,20,30m,20,-0.0028362621155111375,-0.002908289847847873,0.0008657332132294225,0,0.0,1.3027804497778997e-11,1.9073486328125e-06,9.38001923840088e-10
supplemental_2023_09_legacy,s2_reclaim_daily_trend,20,60m,20,-0.00319496923493979,-0.003119559913506276,0.0015967049523061053,0,0.0,4.5372461273812475e-08,1.9073486328125e-06,2.435707073438164e-06
supplemental_2023_09_legacy,s2_reclaim_daily_trend,20,1d,20,-0.003960695550598815,-0.003051692186611843,0.005900972374940608,5,0.25,0.008674872865711924,0.04138946533203125,0.21767152238012757
supplemental_2023_09_legacy,s2_reclaim_daily_trend,20,2d,20,-0.005465767854308177,-0.005187012943270128,0.006980316900138517,3,0.15,0.002916530525337019,0.0025768280029296875,0.047618174519405976
supplemental_2023_09_legacy,s2_reclaim_daily_trend,20,3d,20,-0.006923870048425032,-0.0076485735360820525,0.008115827511194804,4,0.2,0.0014562640678361606,0.01181793212890625,0.0075089118907544486
supplemental_2023_09_legacy,s2_reclaim_daily_trend,20,5d,20,-0.008088000074270602,-0.010523205185426644,0.00909017337617663,4,0.2,0.0010116385587009467,0.01181793212890625,0.0014007303120474647
supplemental_2023_09_legacy,s2_reclaim_daily_trend,40,5m,20,-0.00273888404781105,-0.002712085239187883,0.0003352975088881473,0,0.0,7.373519425232303e-19,1.9073486328125e-06,2.0819348965361795e-18
supplemental_2023_09_legacy,s2_reclaim_daily_trend,40,15m,20,-0.0027624114127918755,-0.002798719589972416,0.0005580468503261307,0,0.0,7.978706438618448e-15,1.9073486328125e-06,5.4508416459943187e-14
supplemental_2023_09_legacy,s2_reclaim_daily_trend,40,30m,20,-0.0028798628531128355,-0.002781392449280379,0.0009411198032357042,0,0.0,4.258493307804413e-11,1.9073486328125e-06,1.288047881058725e-09
supplemental_2023_09_legacy,s2_reclaim_daily_trend,40,60m,20,-0.0032608351979538353,-0.0030689968109228736,0.0017303941429693043,0,0.0,1.1296122314284977e-07,1.9073486328125e-06,2.435707073438164e-06
supplemental_2023_09_legacy,s2_reclaim_daily_trend,40,1d,20,-0.004763855065694066,-0.00531069082704138,0.0070067171231454495,6,0.3,0.007978615609857947,0.11531829833984375,0.21767152238012757
supplemental_2023_09_legacy,s2_reclaim_daily_trend,40,2d,20,-0.006872486336428739,-0.00722041856447642,0.008592318721880295,5,0.25,0.00247027172774742,0.04138946533203125,0.047618174519405976
supplemental_2023_09_legacy,s2_reclaim_daily_trend,40,3d,20,-0.007684659575258169,-0.008455949601594953,0.009508804383786857,6,0.3,0.002275045702505646,0.11531829833984375,0.0075089118907544486
supplemental_2023_09_legacy,s2_reclaim_daily_trend,40,5d,20,-0.008178289955946976,-0.012001918526953436,0.010399551380412783,4,0.2,0.002820810924206988,0.01181793212890625,0.003659430388160417
supplemental_2023_09_legacy,s2_reclaim_daily_trend,60,5m,20,-0.0025693582727456085,-0.0025940815770277093,0.00037220482689571586,0,0.0,1.711719144711551e-17,1.9073486328125e-06,2.9343756766483734e-17
supplemental_2023_09_legacy,s2_reclaim_daily_trend,60,15m,20,-0.0026230645641612356,-0.002766154992535196,0.0006284319809775969,0,0.0,1.766286049267223e-13,1.9073486328125e-06,3.582326635133523e-13
supplemental_2023_09_legacy,s2_reclaim_daily_trend,60,30m,20,-0.0026775242553911897,-0.0031347114099074674,0.0012287138498214667,2,0.1,1.197432112160764e-08,0.0004024505615234375,2.239353560404546e-08
supplemental_2023_09_legacy,s2_reclaim_daily_trend,60,60m,20,-0.0028592682985591755,-0.003149281791104499,0.0020008767451577696,2,0.1,5.541915878698505e-06,0.0004024505615234375,1.3300598108876413e-05
supplemental_2023_09_legacy,s2_reclaim_daily_trend,60,1d,20,-0.004046285792559378,-0.00458028595535556,0.006639485461613571,7,0.35,0.015584175007498627,0.26317596435546875,0.21767152238012757
supplemental_2023_09_legacy,s2_reclaim_daily_trend,60,2d,20,-0.005520779248950925,-0.00691820232920289,0.008814213316064549,5,0.25,0.013293154643587298,0.04138946533203125,0.047618174519405976
supplemental_2023_09_legacy,s2_reclaim_daily_trend,60,3d,20,-0.0055417399211827745,-0.007476430222797016,0.008531925289259085,6,0.3,0.010671209438861278,0.11531829833984375,0.012805451326633533
supplemental_2023_09_legacy,s2_reclaim_daily_trend,60,5d,20,-0.006829608525244578,-0.006450382031212343,0.009865894144388291,6,0.3,0.007082975276653914,0.11531829833984375,0.008717508032804818
supplemental_2023_09_legacy,s2_reclaim_daily_trend,120,5m,20,-0.0025909334417284035,-0.0026317323127895012,0.0003789121365352976,0,0.0,2.0429484803203456e-17,1.9073486328125e-06,3.4207509437922064e-17
supplemental_2023_09_legacy,s2_reclaim_daily_trend,120,15m,20,-0.002582493312255413,-0.0026834295534739288,0.0006763564018472522,0,0.0,8.724246161951314e-13,1.9073486328125e-06,1.5136041533987822e-12
supplemental_2023_09_legacy,s2_reclaim_daily_trend,120,30m,20,-0.0024946950906562498,-0.002688137897496497,0.0011504429838802024,1,0.05,1.2941595382915734e-08,4.00543212890625e-05,2.3203856630786307e-08
supplemental_2023_09_legacy,s2_reclaim_daily_trend,120,60m,20,-0.00270724184493642,-0.0027191135757553657,0.0019961890393344643,2,0.1,1.0838839198717213e-05,0.0004024505615234375,2.0270036943055566e-05
supplemental_2023_09_legacy,s2_reclaim_daily_trend,120,1d,20,-0.003977742171313043,-0.004212624180007169,0.0072967770818330386,7,0.35,0.028163184910993073,0.26317596435546875,0.21767152238012757
supplemental_2023_09_legacy,s2_reclaim_daily_trend,120,2d,20,-0.005874569633535611,-0.0061471261597231056,0.009255896430740608,7,0.35,0.01228646451735374,0.26317596435546875,0.047618174519405976
supplemental_2023_09_legacy,s2_reclaim_daily_trend,120,3d,20,-0.006781469341144495,-0.005087675228118375,0.0085956064603776,6,0.3,0.002751020048543153,0.11531829833984375,0.0075089118907544486
supplemental_2023_09_legacy,s2_reclaim_daily_trend,120,5d,20,-0.007690079377050502,-0.01069155859056335,0.00890642225892693,3,0.15,0.0013145306251613877,0.0025768280029296875,0.0017857774530494323
supplemental_2023_09_legacy,s2_reclaim_daily_trend,240,5m,20,-0.0027553166243089087,-0.0026672546501025317,0.0005877094318589345,0,0.0,2.151998584018123e-14,1.9073486328125e-06,2.7917819468343214e-14
supplemental_2023_09_legacy,s2_reclaim_daily_trend,240,15m,20,-0.0028459640809829533,-0.0028662817981666673,0.0006139065999703847,0,0.0,2.6406361064275733e-14,1.9073486328125e-06,1.0562544425710293e-13
supplemental_2023_09_legacy,s2_reclaim_daily_trend,240,30m,20,-0.0028781515635089125,-0.003063559632614076,0.0010705976200243834,1,0.05,3.865788575609135e-10,4.00543212890625e-05,2.3592286830828346e-09
supplemental_2023_09_legacy,s2_reclaim_daily_trend,240,60m,20,-0.003061703314135321,-0.0033026845014955805,0.001778497060992903,1,0.05,4.27945796948534e-07,4.00543212890625e-05,2.4649677904235554e-06
supplemental_2023_09_legacy,s2_reclaim_daily_trend,240,1d,20,-0.003668208720776328,-0.002751340721319033,0.006874408003279277,7,0.35,0.031244325682555044,0.26317596435546875,0.21767152238012757
supplemental_2023_09_legacy,s2_reclaim_daily_trend,240,2d,20,-0.005484778563798534,-0.004792144657259777,0.008338574007614034,8,0.4,0.009865658171546788,0.5034446716308594,0.047618174519405976
supplemental_2023_09_legacy,s2_reclaim_daily_trend,240,3d,20,-0.006873280414821009,-0.004421190373614582,0.008192813495417568,6,0.3,0.0016767468110095158,0.11531829833984375,0.0075089118907544486
supplemental_2023_09_legacy,s2_reclaim_daily_trend,240,5d,20,-0.007655567784108199,-0.00876303124977575,0.008957897227215066,3,0.15,0.0014349289954587346,0.0025768280029296875,0.0019132386606116462
supplemental_2023_09_legacy,s2_reclaim_positive_slope,10,5m,20,-0.0027081786913960115,-0.0026849251075965245,0.0004290755523945806,0,0.0,9.051105390831243e-17,1.9073486328125e-06,1.4322628310765923e-16
supplemental_2023_09_legacy,s2_reclaim_positive_slope,10,15m,20,-0.002861267967296917,-0.003003485030195374,0.000680464695559175,0,0.0,1.546475038281183e-13,1.9073486328125e-06,3.227426166847686e-13
supplemental_2023_09_legacy,s2_reclaim_positive_slope,10,30m,20,-0.0027638729566717606,-0.0028732681892805114,0.0010887220849975757,0,0.0,1.0057106690211016e-09,1.9073486328125e-06,3.4481508652152055e-09
supplemental_2023_09_legacy,s2_reclaim_positive_slope,10,60m,20,-0.0030467046842017017,-0.0029659698805832896,0.0020810541540708487,1,0.05,4.032339392915833e-06,4.00543212890625e-05,1.3157976709012734e-05
supplemental_2023_09_legacy,s2_reclaim_positive_slope,10,1d,20,-0.0037270788389087,-0.003495670992644911,0.0070209087673848555,7,0.35,0.03202357667151419,0.26317596435546875,0.21767152238012757
supplemental_2023_09_legacy,s2_reclaim_positive_slope,10,2d,20,-0.005148201409017082,-0.003975678590264912,0.008282715299464949,5,0.25,0.013906847497521007,0.04138946533203125,0.047618174519405976
supplemental_2023_09_legacy,s2_reclaim_positive_slope,10,3d,20,-0.0061552355523791956,-0.006602049722194638,0.008131519311587237,4,0.2,0.0037694880035104286,0.01181793212890625,0.0075089118907544486
supplemental_2023_09_legacy,s2_reclaim_positive_slope,10,5d,20,-0.008921305078802755,-0.009859161223832597,0.006748761520999295,3,0.15,1.4930506307800804e-05,0.0025768280029296875,6.935460994591341e-05
supplemental_2023_09_legacy,s2_reclaim_positive_slope,20,5m,20,-0.0026845423263394154,-0.002616022087849651,0.00029038671346082466,0,0.0,7.230435714948546e-20,1.9073486328125e-06,3.2536960717268457e-19
supplemental_2023_09_legacy,s2_reclaim_positive_slope,20,15m,20,-0.0027855058028558436,-0.002900278359539126,0.00046619090848495855,0,0.0,2.499373934041421e-16,1.9073486328125e-06,3.113370984963401e-14
supplemental_2023_09_legacy,s2_reclaim_positive_slope,20,30m,20,-0.0026649646962401724,-0.002662811023031321,0.0010693262387063017,0,0.0,1.3646750320641073e-09,1.9073486328125e-06,4.007808835708803e-09
supplemental_2023_09_legacy,s2_reclaim_positive_slope,20,60m,20,-0.002704659637673,-0.0022968351548658035,0.0022406449511130906,2,0.1,4.4472202138325904e-05,0.0004024505615234375,6.217472920309642e-05
supplemental_2023_09_legacy,s2_reclaim_positive_slope,20,1d,20,-0.002265301984864211,-0.0009804692117072855,0.007746658635830215,8,0.4,0.21780438536229862,0.5034446716308594,0.259205218943562
supplemental_2023_09_legacy,s2_reclaim_positive_slope,20,2d,20,-0.003410442765935425,-0.004082125219506923,0.008415581778367548,6,0.3,0.09338105266642736,0.11531829833984375,0.10423931460438404
supplemental_2023_09_legacy,s2_reclaim_positive_slope,20,3d,20,-0.004521396534885434,-0.005051010477303018,0.008301051116800715,5,0.25,0.02828027756878507,0.04138946533203125,0.03132584592234654
supplemental_2023_09_legacy,s2_reclaim_positive_slope,20,5d,20,-0.006782913033157664,-0.00804819098413681,0.008644047751917553,2,0.1,0.002868987879464899,0.0004024505615234375,0.003688698702169156
supplemental_2023_09_legacy,s2_reclaim_positive_slope,40,5m,20,-0.0026695549280632185,-0.00272235656398788,0.000272657126641948,0,0.0,2.4572825797676525e-20,1.9073486328125e-06,1.3105507092094146e-19
supplemental_2023_09_legacy,s2_reclaim_positive_slope,40,15m,20,-0.00276784172911232,-0.002833246478829779,0.000508767596317879,0,0.0,1.4107799377090722e-15,1.9073486328125e-06,3.113370984963401e-14
supplemental_2023_09_legacy,s2_reclaim_positive_slope,40,30m,20,-0.002824841909655554,-0.002702753628810485,0.0008378258652841814,0,0.0,7.880261890614772e-12,1.9073486328125e-06,9.38001923840088e-10
supplemental_2023_09_legacy,s2_reclaim_positive_slope,40,60m,20,-0.0031371467526443847,-0.002857509456336317,0.001791306391045051,1,0.05,3.337240079989704e-07,4.00543212890625e-05,2.435707073438164e-06
supplemental_2023_09_legacy,s2_reclaim_positive_slope,40,1d,20,-0.004865586070314678,-0.006139152729762066,0.007530660070751646,8,0.4,0.011024866709264593,0.5034446716308594,0.21767152238012757
supplemental_2023_09_legacy,s2_reclaim_positive_slope,40,2d,20,-0.007412396664392949,-0.006932774893738773,0.008497659616795642,4,0.2,0.0012036849788940901,0.01181793212890625,0.047618174519405976
supplemental_2023_09_legacy,s2_reclaim_positive_slope,40,3d,20,-0.008854630682423623,-0.007986458396894812,0.008395721736243155,4,0.2,0.0001967259552282076,0.01181793212890625,0.0075089118907544486
supplemental_2023_09_legacy,s2_reclaim_positive_slope,40,5d,20,-0.010723997499967221,-0.012237039725597414,0.006278451079318174,2,0.1,4.791126635393109e-07,0.0004024505615234375,7.839580722173458e-06
supplemental_2023_09_legacy,s2_reclaim_positive_slope,60,5m,20,-0.0025854375967567364,-0.002634663734282818,0.00032740736553964314,0,0.0,1.3895368235352011e-18,1.9073486328125e-06,3.610270931978353e-18
supplemental_2023_09_legacy,s2_reclaim_positive_slope,60,15m,20,-0.002640733545350846,-0.0027859748109602357,0.000591129391617506,0,0.0,5.175027019137019e-14,1.9073486328125e-06,1.733032304083095e-13
supplemental_2023_09_legacy,s2_reclaim_positive_slope,60,30m,20,-0.0026932095155003436,-0.0028008995921991265,0.0011031915210686194,1,0.05,1.9160174877014214e-09,4.00543212890625e-05,4.909918200206007e-09
supplemental_2023_09_legacy,s2_reclaim_positive_slope,60,60m,20,-0.0028784500332144354,-0.0030446594242291196,0.0020003261939358294,1,0.05,5.059993964685734e-06,4.00543212890625e-05,1.3157976709012734e-05
supplemental_2023_09_legacy,s2_reclaim_positive_slope,60,1d,20,-0.004152112084784362,-0.004588594609261032,0.007752444287203278,7,0.35,0.03069298468524244,0.26317596435546875,0.21767152238012757
supplemental_2023_09_legacy,s2_reclaim_positive_slope,60,2d,20,-0.005995056255080288,-0.005935452628855341,0.009054896091205796,5,0.25,0.009466613242280835,0.04138946533203125,0.047618174519405976
supplemental_2023_09_legacy,s2_reclaim_positive_slope,60,3d,20,-0.006829385370796047,-0.007570955509580316,0.008297462682791962,5,0.25,0.0019627118962849935,0.04138946533203125,0.0075089118907544486
supplemental_2023_09_legacy,s2_reclaim_positive_slope,60,5d,20,-0.008259524392101817,-0.011088923686977097,0.007498604501251584,3,0.15,0.00012412594780167414,0.0025768280029296875,0.00028829252392646894
supplemental_2023_09_legacy,s2_reclaim_positive_slope,120,5m,20,-0.0025686119417414896,-0.0026561351883666023,0.00044949272935583697,0,0.0,5.698767118718115e-16,1.9073486328125e-06,7.89060062591739e-16
supplemental_2023_09_legacy,s2_reclaim_positive_slope,120,15m,20,-0.002512029014591199,-0.002312791092740573,0.0007744525909911557,0,0.0,1.550395748548058e-11,1.9073486328125e-06,2.278132528478779e-11
supplemental_2023_09_legacy,s2_reclaim_positive_slope,120,30m,20,-0.002325824071793936,-0.0022288227436666735,0.00140151007147749,1,0.05,7.231071818388735e-07,4.00543212890625e-05,9.466130380436163e-07
supplemental_2023_09_legacy,s2_reclaim_positive_slope,120,60m,20,-0.0025301772937129925,-0.002573269841186396,0.0022255269236570287,2,0.1,8.779602849787596e-05,0.0004024505615234375,0.00011389755048373097
supplemental_2023_09_legacy,s2_reclaim_positive_slope,120,1d,20,-0.0027925225483842035,-0.0037598620541806106,0.008169235371877385,6,0.3,0.15263296738533594,0.11531829833984375,0.21884111430113268
supplemental_2023_09_legacy,s2_reclaim_positive_slope,120,2d,20,-0.003139720827634684,-0.0009376807405225304,0.008796136075415389,9,0.45,0.13623691069129784,0.8238029479980469,0.14975660411867853
supplemental_2023_09_legacy,s2_reclaim_positive_slope,120,3d,20,-0.0038853086988306974,-0.0016424464233768072,0.008671510896681327,8,0.4,0.06570539949187713,0.5034446716308594,0.06856215599152397
supplemental_2023_09_legacy,s2_reclaim_positive_slope,120,5d,20,-0.004306615338464858,-0.007550244154364293,0.010368634327254399,6,0.3,0.08606725930030427,0.11531829833984375,0.0911300392591457
supplemental_2023_09_legacy,s2_reclaim_positive_slope,240,5m,20,-0.0026744749922890275,-0.002637976212610373,0.00035559198415116013,0,0.0,3.4558039464101104e-18,1.9073486328125e-06,7.898980448937395e-18
supplemental_2023_09_legacy,s2_reclaim_positive_slope,240,15m,20,-0.002718256179619122,-0.002798523414202487,0.0005542757595335276,0,0.0,9.463266746517915e-15,1.9073486328125e-06,5.4508416459943187e-14
supplemental_2023_09_legacy,s2_reclaim_positive_slope,240,30m,20,-0.0026218541262825303,-0.0026863094918732396,0.0010274930551442813,1,0.05,9.236897444572773e-10,4.00543212890625e-05,3.2441786146792177e-09
supplemental_2023_09_legacy,s2_reclaim_positive_slope,240,60m,20,-0.0027601732434998976,-0.0028853619706885438,0.001924403708530691,3,0.15,5.280783485376168e-06,0.0025768280029296875,1.3263519349554803e-05
supplemental_2023_09_legacy,s2_reclaim_positive_slope,240,1d,20,-0.003443471112462079,-0.0031097707853516817,0.008136538182731475,6,0.3,0.08072431791553722,0.11531829833984375,0.21767152238012757
supplemental_2023_09_legacy,s2_reclaim_positive_slope,240,2d,20,-0.004842180773423846,-0.004209151301087219,0.008264056165189958,6,0.3,0.019392868860847214,0.11531829833984375,0.047618174519405976
supplemental_2023_09_legacy,s2_reclaim_positive_slope,240,3d,20,-0.006031153977631658,-0.005876086941055682,0.007410660274692321,3,0.15,0.0021505032910157373,0.0025768280029296875,0.0075089118907544486
supplemental_2023_09_legacy,s2_reclaim_positive_slope,240,5d,20,-0.007786520591797475,-0.00818507891502334,0.0072312333950974375,2,0.1,0.00015818391382550702,0.0004024505615234375,0.0003467840605682186
supplemental_2023_09_legacy,s2_reclaim_recent_high,10,5m,20,-0.002725459907610066,-0.0026889452019975054,0.00037558403968210216,0,0.0,6.745403146096278e-18,1.9073486328125e-06,1.3126189905917081e-17
supplemental_2023_09_legacy,s2_reclaim_recent_high,10,15m,20,-0.00276689441391109,-0.002833158850179901,0.000985262790156576,0,0.0,1.8504310824018877e-10,1.9073486328125e-06,2.4902997744474e-10
supplemental_2023_09_legacy,s2_reclaim_recent_high,10,30m,20,-0.003034498086376913,-0.003156741870759104,0.0016061058266802618,1,0.05,1.0863372589190137e-07,4.00543212890625e-05,1.54883728004295e-07
supplemental_2023_09_legacy,s2_reclaim_recent_high,10,60m,20,-0.003265623299276777,-0.0032155510453701335,0.0020789527231454817,1,0.05,1.5582164539700012e-06,4.00543212890625e-05,6.5335942878830815e-06
supplemental_2023_09_legacy,s2_reclaim_recent_high,10,1d,20,-0.0030858265038773793,-0.0025117618848234874,0.008028312512719227,7,0.35,0.11023124082962062,0.26317596435546875,0.21767152238012757
supplemental_2023_09_legacy,s2_reclaim_recent_high,10,2d,20,-0.004933740719724757,-0.004967081681892451,0.00852558641647916,6,0.3,0.02073249132234564,0.11531829833984375,0.047618174519405976
supplemental_2023_09_legacy,s2_reclaim_recent_high,10,3d,20,-0.006477248673208312,-0.006667118372062044,0.008109418833775538,4,0.2,0.002497510570674058,0.01181793212890625,0.0075089118907544486
supplemental_2023_09_legacy,s2_reclaim_recent_high,10,5d,20,-0.0074947149969197034,-0.007602680956575465,0.007113145770021967,3,0.15,0.00019871011187419648,0.0025768280029296875,0.000386679136620058
supplemental_2023_09_legacy,s2_reclaim_recent_high,20,5m,20,-0.00275989871424952,-0.002693397521723323,0.00036840159217700944,0,0.0,3.720417197773757e-18,1.9073486328125e-06,8.242155022760322e-18
supplemental_2023_09_legacy,s2_reclaim_recent_high,20,15m,20,-0.002811642265412702,-0.0028102964087604516,0.0009212936731842389,0,0.0,4.460152114993438e-11,1.9073486328125e-06,6.235552471447137e-11
supplemental_2023_09_legacy,s2_reclaim_recent_high,20,30m,20,-0.003170517432806794,-0.0033005591804805877,0.001487509265130103,0,0.0,1.6984029540214077e-08,1.9073486328125e-06,2.8772944162245023e-08
supplemental_2023_09_legacy,s2_reclaim_recent_high,20,60m,20,-0.0033295802428595944,-0.0031431724350510426,0.0019067473353044802,0,0.0,3.4819882798023797e-07,1.9073486328125e-06,2.435707073438164e-06
supplemental_2023_09_legacy,s2_reclaim_recent_high,20,1d,20,-0.003401844761162176,-0.0024413706676037947,0.008057630407743287,5,0.25,0.08140187753560711,0.04138946533203125,0.21767152238012757
supplemental_2023_09_legacy,s2_reclaim_recent_high,20,2d,20,-0.004731372189182038,-0.0034694286703108768,0.008579899003987012,6,0.3,0.02659906549711826,0.11531829833984375,0.047618174519405976
supplemental_2023_09_legacy,s2_reclaim_recent_high,20,3d,20,-0.006156009530994131,-0.005714976957256689,0.0088274043213739,5,0.25,0.006740127891318323,0.04138946533203125,0.009332484772594601
supplemental_2023_09_legacy,s2_reclaim_recent_high,20,5d,20,-0.007024313279482648,-0.0048292090501642505,0.006971530154446904,4,0.2,0.0003134397254219801,0.01181793212890625,0.0004853260264598401
supplemental_2023_09_legacy,s2_reclaim_recent_high,40,5m,20,-0.00274146565951925,-0.00269328914144885,0.0003561946509025756,0,0.0,2.246245586347751e-18,1.9073486328125e-06,5.302612531706167e-18
supplemental_2023_09_legacy,s2_reclaim_recent_high,40,15m,20,-0.002852707891732562,-0.0029229913088123297,0.0008651413605940182,0,0.0,1.1636622080593853e-11,1.9073486328125e-06,1.745493312089078e-11
supplemental_2023_09_legacy,s2_reclaim_recent_high,40,30m,20,-0.0032109976468689995,-0.003317011184275171,0.001392968212922049,0,0.0,4.872778143889286e-09,1.9073486328125e-06,1.0795077734154728e-08
supplemental_2023_09_legacy,s2_reclaim_recent_high,40,60m,20,-0.0034304518612890003,-0.00342349485965521,0.0018124696370162973,0,0.0,1.0578274189537139e-07,1.9073486328125e-06,2.435707073438164e-06
supplemental_2023_09_legacy,s2_reclaim_recent_high,40,1d,20,-0.004148193775786482,-0.004037365409997724,0.008176486406712332,6,0.3,0.0394619466372812,0.11531829833984375,0.21767152238012757
supplemental_2023_09_legacy,s2_reclaim_recent_high,40,2d,20,-0.005776841708892236,-0.0045403514779725485,0.009309053486128602,4,0.2,0.014038060513814475,0.01181793212890625,0.047618174519405976
supplemental_2023_09_legacy,s2_reclaim_recent_high,40,3d,20,-0.007034718139484907,-0.007367155299527943,0.009554150662882043,6,0.3,0.004615286625045067,0.11531829833984375,0.0075522872046192005
supplemental_2023_09_legacy,s2_reclaim_recent_high,40,5d,20,-0.00844302690836662,-0.008079287682959936,0.00610499133802708,2,0.1,8.457355106308e-06,0.0004024505615234375,4.0595304510278396e-05
supplemental_2023_09_legacy,s2_reclaim_recent_high,60,5m,20,-0.0027347141636531376,-0.0028778553274125575,0.0003698948480366019,0,0.0,4.761807480510423e-18,1.9073486328125e-06,1.0389398139295469e-17
supplemental_2023_09_legacy,s2_reclaim_recent_high,60,15m,20,-0.0027715389754023006,-0.00288220863444105,0.0008974888685190553,0,0.0,3.6373871825890674e-11,1.9073486328125e-06,5.1859777652755024e-11
supplemental_2023_09_legacy,s2_reclaim_recent_high,60,30m,20,-0.0031694645874931404,-0.0030175050834570015,0.00143509586027627,0,0.0,9.67758860294767e-09,1.9073486328125e-06,1.924035663687491e-08
supplemental_2023_09_legacy,s2_reclaim_recent_high,60,60m,20,-0.0034011096379552657,-0.0031290476746374763,0.0018155786426812836,0,0.0,1.234826560606527e-07,1.9073486328125e-06,2.435707073438164e-06
supplemental_2023_09_legacy,s2_reclaim_recent_high,60,1d,20,-0.004074600172533819,-0.0028596296236996143,0.00815589610288885,6,0.3,0.042237822837033326,0.11531829833984375,0.21767152238012757
supplemental_2023_09_legacy,s2_reclaim_recent_high,60,2d,20,-0.005913647257497927,-0.006236696618983945,0.00938536757726432,5,0.25,0.012831720069885255,0.04138946533203125,0.047618174519405976
supplemental_2023_09_legacy,s2_reclaim_recent_high,60,3d,20,-0.007089812561476396,-0.006928728151825728,0.008689669554480589,6,0.3,0.0021074533258616814,0.11531829833984375,0.0075089118907544486
supplemental_2023_09_legacy,s2_reclaim_recent_high,60,5d,20,-0.008794826230642476,-0.008834214530132042,0.005570807931785058,1,0.05,1.4536385344454158e-06,4.00543212890625e-05,1.1867136790562134e-05
supplemental_2023_09_legacy,s2_reclaim_recent_high,120,5m,20,-0.0026781547879047803,-0.0026325886443969875,0.0004233141940853843,0,0.0,8.66163877124292e-17,1.9073486328125e-06,1.385862203398867e-16
supplemental_2023_09_legacy,s2_reclaim_recent_high,120,15m,20,-0.0027742789589058083,-0.0028397267869211787,0.0010178561062170726,1,0.05,3.066770102101669e-10,4.00543212890625e-05,4.051512795437067e-10
supplemental_2023_09_legacy,s2_reclaim_recent_high,120,30m,20,-0.0030991567669162693,-0.0031926576138612242,0.001544671762404151,1,0.05,4.353717797704658e-08,4.00543212890625e-05,6.482432067888944e-08
supplemental_2023_09_legacy,s2_reclaim_recent_high,120,60m,20,-0.003426213970183748,-0.003069737828740751,0.0019357804704668588,0,0.0,2.860305830300918e-07,1.9073486328125e-06,2.435707073438164e-06
supplemental_2023_09_legacy,s2_reclaim_recent_high,120,1d,20,-0.0038019810494516423,-0.0035489203482117655,0.008155587833857858,6,0.3,0.05637087329444163,0.11531829833984375,0.21767152238012757
supplemental_2023_09_legacy,s2_reclaim_recent_high,120,2d,20,-0.004965436654326636,-0.0036544918496461973,0.00853164955624894,5,0.25,0.02011025810521778,0.04138946533203125,0.047618174519405976
supplemental_2023_09_legacy,s2_reclaim_recent_high,120,3d,20,-0.00629454379825752,-0.006173444194343189,0.007823254254187777,4,0.2,0.0023568216425733294,0.01181793212890625,0.0075089118907544486
supplemental_2023_09_legacy,s2_reclaim_recent_high,120,5d,20,-0.0077813416441780674,-0.0076733676983325155,0.007527181189960538,2,0.1,0.00024182513009534867,0.0004024505615234375,0.00043660758926581365
supplemental_2023_09_legacy,s2_reclaim_recent_high,240,5m,20,-0.0027430586836328305,-0.0026517852488740007,0.00037171231517813783,0,0.0,4.929627744405116e-18,1.9073486328125e-06,1.059502082379607e-17
supplemental_2023_09_legacy,s2_reclaim_recent_high,240,15m,20,-0.0028852796151715154,-0.00291992182402899,0.0009390673604330347,0,0.0,3.9701355543204e-11,1.9073486328125e-06,5.604897253158211e-11
supplemental_2023_09_legacy,s2_reclaim_recent_high,240,30m,20,-0.0031473710628118607,-0.003160645050644533,0.0014668526955152696,1,0.05,1.5293491841422073e-08,4.00543212890625e-05,2.6217414585294984e-08
supplemental_2023_09_legacy,s2_reclaim_recent_high,240,60m,20,-0.0034815214993691745,-0.0031209932678487795,0.0019265594508039354,0,0.0,2.1078274874020298e-07,1.9073486328125e-06,2.435707073438164e-06
supplemental_2023_09_legacy,s2_reclaim_recent_high,240,1d,20,-0.0033867591622540223,-0.0026359315438034677,0.008095982433177532,6,0.3,0.08400939872015488,0.11531829833984375,0.21767152238012757
supplemental_2023_09_legacy,s2_reclaim_recent_high,240,2d,20,-0.004719676686735312,-0.004046220292904471,0.00807420796163705,5,0.25,0.01964471019952464,0.04138946533203125,0.047618174519405976
supplemental_2023_09_legacy,s2_reclaim_recent_high,240,3d,20,-0.005830823614492382,-0.004551514238505123,0.007870017724126729,4,0.2,0.0044126114170332225,0.01181793212890625,0.0075089118907544486
supplemental_2023_09_legacy,s2_reclaim_recent_high,240,5d,20,-0.006750837960959652,-0.007614281635879434,0.0062722422621909,2,0.1,0.00015894269442710018,0.0004024505615234375,0.0003467840605682186
supplemental_2023_09_legacy,s4_auction_confirmed_reclaim,10,5m,20,-0.002725676472120303,-0.0027012738409587372,0.0003985350091161835,0,0.0,2.0350725383774146e-17,1.9073486328125e-06,3.4207509437922064e-17
supplemental_2023_09_legacy,s4_auction_confirmed_reclaim,10,15m,20,-0.0027095491492663028,-0.0029171216156033833,0.0007896438882879059,0,0.0,5.789495256469212e-12,1.9073486328125e-06,9.161399087160072e-12
supplemental_2023_09_legacy,s4_auction_confirmed_reclaim,10,30m,20,-0.0023669027066910045,-0.0027617174361556666,0.0015145129906594687,2,0.1,1.6714004003994226e-06,0.0004024505615234375,2.1489433719421147e-06
supplemental_2023_09_legacy,s4_auction_confirmed_reclaim,10,60m,20,-0.0025489469691148407,-0.002502227721469035,0.002401855016438416,5,0.25,0.00018436240891554523,0.04138946533203125,0.000226907580203748
supplemental_2023_09_legacy,s4_auction_confirmed_reclaim,10,1d,20,-0.002673825827649554,-0.002636788280693775,0.008081921820117677,8,0.4,0.1655560442713629,0.5034446716308594,0.21884111430113268
supplemental_2023_09_legacy,s4_auction_confirmed_reclaim,10,2d,20,-0.004305993912317918,-0.0033640803401873485,0.007784533976893174,6,0.3,0.02619211464705568,0.11531829833984375,0.047618174519405976
supplemental_2023_09_legacy,s4_auction_confirmed_reclaim,10,3d,20,-0.005912671629591291,-0.005599746685312787,0.007067220729224663,5,0.25,0.0017155929676051153,0.04138946533203125,0.0075089118907544486
supplemental_2023_09_legacy,s4_auction_confirmed_reclaim,10,5d,20,-0.0073924759375034454,-0.005860163748009274,0.006625082392647379,2,0.1,0.00010784375923539857,0.0004024505615234375,0.0002614181414788393
supplemental_2023_09_legacy,s4_auction_confirmed_reclaim,20,5m,20,-0.002710306049541355,-0.002757363765517693,0.00034340999080605323,0,0.0,1.4039942513249153e-18,1.9073486328125e-06,3.610270931978353e-18
supplemental_2023_09_legacy,s4_auction_confirmed_reclaim,20,15m,20,-0.0027688208413163785,-0.0030034499830477925,0.0007010111338399403,0,0.0,4.762805278365234e-13,1.9073486328125e-06,8.681569114994855e-13
supplemental_2023_09_legacy,s4_auction_confirmed_reclaim,20,30m,20,-0.0024966794029027675,-0.0027246678687381544,0.0013174083206524826,0,0.0,1.0374317238469646e-07,1.9073486328125e-06,1.493901682339629e-07
supplemental_2023_09_legacy,s4_auction_confirmed_reclaim,20,60m,20,-0.002753717381287207,-0.0028284111941811406,0.0022760722285982606,3,0.15,4.3304636584087815e-05,0.0025768280029296875,6.113595753047692e-05
supplemental_2023_09_legacy,s4_auction_confirmed_reclaim,20,1d,20,-0.002953643770240331,-0.0021157207015309984,0.008405752681767109,7,0.35,0.1420911326648055,0.26317596435546875,0.21767152238012757
supplemental_2023_09_legacy,s4_auction_confirmed_reclaim,20,2d,20,-0.004418808637608498,-0.003354813698921561,0.007960930694772467,4,0.2,0.02574045903823342,0.01181793212890625,0.047618174519405976
supplemental_2023_09_legacy,s4_auction_confirmed_reclaim,20,3d,20,-0.006018875445817135,-0.005558723106952742,0.007879066059063439,5,0.25,0.0035207711396984484,0.04138946533203125,0.0075089118907544486
supplemental_2023_09_legacy,s4_auction_confirmed_reclaim,20,5d,20,-0.00741115734761197,-0.007777118395788317,0.006133346181878712,3,0.15,4.394109350280297e-05,0.0025768280029296875,0.00014738496725567104
supplemental_2023_09_legacy,s4_auction_confirmed_reclaim,40,5m,20,-0.002650960707078833,-0.002651695531357159,0.00036811037224735555,0,0.0,7.775445872855319e-18,1.9073486328125e-06,1.4928856075882214e-17
supplemental_2023_09_legacy,s4_auction_confirmed_reclaim,40,15m,20,-0.0027228183664650255,-0.002969636442945948,0.0006128127329819727,0,0.0,5.70877844929624e-14,1.9073486328125e-06,1.8683274924969515e-13
supplemental_2023_09_legacy,s4_auction_confirmed_reclaim,40,30m,20,-0.002530339077321323,-0.0029053363340035077,0.0012520806976777637,0,0.0,3.894634000254158e-08,1.9073486328125e-06,5.966247830176583e-08
supplemental_2023_09_legacy,s4_auction_confirmed_reclaim,40,60m,20,-0.0028666381942803625,-0.0026131357331456964,0.0022204417271874007,3,0.15,1.997112831368997e-05,0.0025768280029296875,3.059406890607825e-05
supplemental_2023_09_legacy,s4_auction_confirmed_reclaim,40,1d,20,-0.003714803361564411,-0.003848355285151788,0.008450288570671838,7,0.35,0.07050839526430477,0.26317596435546875,0.21767152238012757
supplemental_2023_09_legacy,s4_auction_confirmed_reclaim,40,2d,20,-0.005449193672497769,-0.004883569297738992,0.008467538685301843,4,0.2,0.011296869819530183,0.01181793212890625,0.047618174519405976
supplemental_2023_09_legacy,s4_auction_confirmed_reclaim,40,3d,20,-0.007019344473326911,-0.0060840924228914555,0.008138787344977652,4,0.2,0.0013273383760201238,0.01181793212890625,0.0075089118907544486
supplemental_2023_09_legacy,s4_auction_confirmed_reclaim,40,5d,20,-0.00863623543209335,-0.009704354223270689,0.005054191267805223,1,0.05,4.7644600510074395e-07,4.00543212890625e-05,7.839580722173458e-06
supplemental_2023_09_legacy,s4_auction_confirmed_reclaim,60,5m,20,-0.0026249860106873036,-0.0027084362216339593,0.0003300259720620915,0,0.0,1.2140224809128173e-18,1.9073486328125e-06,3.2984761745555793e-18
supplemental_2023_09_legacy,s4_auction_confirmed_reclaim,60,15m,20,-0.002732061603398148,-0.002861195096127103,0.0006830146522186059,0,0.0,3.797157717586828e-13,1.9073486328125e-06,7.194614622796095e-13
supplemental_2023_09_legacy,s4_auction_confirmed_reclaim,60,30m,20,-0.002623341016020475,-0.00272290574816579,0.001323896849923018,0,0.0,5.271151240624431e-08,1.9073486328125e-06,7.74536508826447e-08
supplemental_2023_09_legacy,s4_auction_confirmed_reclaim,60,60m,20,-0.0028724204823476767,-0.002287551837862671,0.0023128666727234414,3,0.15,3.184123530410001e-05,0.0025768280029296875,4.726946271948867e-05
supplemental_2023_09_legacy,s4_auction_confirmed_reclaim,60,1d,20,-0.0036040368970321848,-0.0025659577472990636,0.008465287327299955,6,0.3,0.07906618844291699,0.11531829833984375,0.21767152238012757
supplemental_2023_09_legacy,s4_auction_confirmed_reclaim,60,2d,20,-0.0053229695719557235,-0.005541630912208733,0.008628352111974328,4,0.2,0.014527469107694794,0.01181793212890625,0.047618174519405976
supplemental_2023_09_legacy,s4_auction_confirmed_reclaim,60,3d,20,-0.006748817048694795,-0.006502732525153463,0.007578655678565455,3,0.15,0.0010041019851173584,0.0025768280029296875,0.0075089118907544486
supplemental_2023_09_legacy,s4_auction_confirmed_reclaim,60,5d,20,-0.008562171411170185,-0.007912756251073202,0.004730747329357422,1,0.05,2.0605549768988486e-07,4.00543212890625e-05,7.839580722173458e-06
supplemental_2023_09_legacy,s4_auction_confirmed_reclaim,120,5m,20,-0.002585538339895729,-0.0026282758514711143,0.0003861321213829564,0,0.0,3.0177784034520364e-17,1.9073486328125e-06,4.9381828420124234e-17
supplemental_2023_09_legacy,s4_auction_confirmed_reclaim,120,15m,20,-0.002562306208935221,-0.002724649059116604,0.0008144621834932573,0,0.0,2.6370926412516768e-11,1.9073486328125e-06,3.797413403402414e-11
supplemental_2023_09_legacy,s4_auction_confirmed_reclaim,120,30m,20,-0.0023833797564626253,-0.0026132600196911208,0.0014518211413347146,1,0.05,8.426390635981664e-07,4.00543212890625e-05,1.0931533798030268e-06
supplemental_2023_09_legacy,s4_auction_confirmed_reclaim,120,60m,20,-0.0026857993343221455,-0.0022954735079195538,0.002268549495817694,4,0.2,5.560549892925908e-05,0.01181793212890625,7.553954571521988e-05
supplemental_2023_09_legacy,s4_auction_confirmed_reclaim,120,1d,20,-0.0030332820346618368,-0.002441850072745191,0.008538606376863121,8,0.4,0.1380052623295631,0.5034446716308594,0.21767152238012757
supplemental_2023_09_legacy,s4_auction_confirmed_reclaim,120,2d,20,-0.004319396247334364,-0.003975566519519289,0.007852066284567529,6,0.3,0.02692706859137745,0.11531829833984375,0.047618174519405976
supplemental_2023_09_legacy,s4_auction_confirmed_reclaim,120,3d,20,-0.005959285669825784,-0.006000800664140941,0.007407534367067951,3,0.15,0.0023592542339242978,0.0025768280029296875,0.0075089118907544486
supplemental_2023_09_legacy,s4_auction_confirmed_reclaim,120,5d,20,-0.0076976188844007825,-0.008471221549846428,0.007986261612517002,3,0.15,0.00048381546808603994,0.0025768280029296875,0.0006966942740438975
supplemental_2023_09_legacy,s4_auction_confirmed_reclaim,240,5m,20,-0.0026356187772281483,-0.0026517765768281952,0.0003783891460237535,0,0.0,1.447928267193604e-17,1.9073486328125e-06,2.5120683189864938e-17
supplemental_2023_09_legacy,s4_auction_confirmed_reclaim,240,15m,20,-0.0026997439443351154,-0.0028118948236964285,0.0007923483623615665,0,0.0,6.552465834741873e-12,1.9073486328125e-06,1.025603348046554e-11
supplemental_2023_09_legacy,s4_auction_confirmed_reclaim,240,30m,20,-0.0024373426544196464,-0.0026802469645508782,0.0013380954240563411,1,0.05,1.8747991430897156e-07,4.00543212890625e-05,2.59587573658576e-07
supplemental_2023_09_legacy,s4_auction_confirmed_reclaim,240,60m,20,-0.0027307458143833747,-0.0025915738599960763,0.002058940965347097,2,0.1,1.4331277777630911e-05,0.0004024505615234375,2.3187685393020798e-05
supplemental_2023_09_legacy,s4_auction_confirmed_reclaim,240,1d,20,-0.0027236452720226347,-0.00119797056270367,0.008935190650760845,8,0.4,0.19968846614469923,0.5034446716308594,0.24290958158734424
supplemental_2023_09_legacy,s4_auction_confirmed_reclaim,240,2d,20,-0.004049421419400359,-0.004113861774075476,0.008177955492702045,5,0.25,0.043903849542808855,0.04138946533203125,0.05853846605707847
supplemental_2023_09_legacy,s4_auction_confirmed_reclaim,240,3d,20,-0.005369276638807959,-0.004536827870672592,0.00782320728938184,4,0.2,0.007499400066367776,0.01181793212890625,0.010007502331222837
supplemental_2023_09_legacy,s4_auction_confirmed_reclaim,240,5d,20,-0.006205913131989426,-0.005922054450441877,0.006367359216526183,3,0.15,0.0004346182911297934,0.0025768280029296875,0.0006321720598251541
supplemental_2023_09_legacy,s4_reclaim_amount_acceleration,10,5m,20,-0.002702190567240831,-0.0026768150564461446,0.00036746705686038636,0,0.0,5.26494788400935e-18,1.9073486328125e-06,1.0830749932819233e-17
supplemental_2023_09_legacy,s4_reclaim_amount_acceleration,10,15m,20,-0.0027945037836520975,-0.002902282307977881,0.0006425359208463152,0,0.0,8.407440163495971e-14,1.9073486328125e-06,2.284285629327207e-13
supplemental_2023_09_legacy,s4_reclaim_amount_acceleration,10,30m,20,-0.0025922865704402134,-0.0027604564119760944,0.0011963469310141066,1,0.05,1.3096454372319562e-08,4.00543212890625e-05,2.3203856630786307e-08
supplemental_2023_09_legacy,s4_reclaim_amount_acceleration,10,60m,20,-0.0026819263332748594,-0.0028505004977555748,0.0022121198209874796,2,0.1,4.226648956573986e-05,0.0004024505615234375,6.0261133638282574e-05
supplemental_2023_09_legacy,s4_reclaim_amount_acceleration,10,1d,20,-0.002793450505782377,-0.0023888469216950523,0.007809983348901074,8,0.4,0.13547955313945448,0.5034446716308594,0.21767152238012757
supplemental_2023_09_legacy,s4_reclaim_amount_acceleration,10,2d,20,-0.004685763009641737,-0.005044099161427784,0.008012330083732037,6,0.3,0.01959363619912333,0.11531829833984375,0.047618174519405976
supplemental_2023_09_legacy,s4_reclaim_amount_acceleration,10,3d,20,-0.0059993476561658295,-0.005906060602637608,0.007347080124998351,5,0.25,0.0020934610118141005,0.04138946533203125,0.0075089118907544486
supplemental_2023_09_legacy,s4_reclaim_amount_acceleration,10,5d,20,-0.007430138424083349,-0.008193905765578848,0.0064856926160743785,3,0.15,8.06367166665554e-05,0.0025768280029296875,0.00020371381052603467
supplemental_2023_09_legacy,s4_reclaim_amount_acceleration,20,5m,20,-0.0026946850420253104,-0.002703269842473161,0.0003012840820849943,0,0.0,1.345644765663906e-19,1.9073486328125e-06,5.382579062655624e-19
supplemental_2023_09_legacy,s4_reclaim_amount_acceleration,20,15m,20,-0.002772006130410997,-0.0029639753687076137,0.0005316223804877954,0,0.0,3.0781131294236603e-15,1.9073486328125e-06,3.1660592188357645e-14
supplemental_2023_09_legacy,s4_reclaim_amount_acceleration,20,30m,20,-0.0026402450105700408,-0.0028479258375404674,0.0010513241095817263,0,0.0,1.2026128333721697e-09,1.9073486328125e-06,3.7647010435998356e-09
supplemental_2023_09_legacy,s4_reclaim_amount_acceleration,20,60m,20,-0.0028100671695866653,-0.002741231804779422,0.002035426580265739,1,0.05,8.646379155394718e-06,4.00543212890625e-05,1.7322466748175213e-05
supplemental_2023_09_legacy,s4_reclaim_amount_acceleration,20,1d,20,-0.0030099462391807836,-0.002181107286507291,0.007815868885699176,7,0.35,0.10959331554691654,0.26317596435546875,0.21767152238012757
supplemental_2023_09_legacy,s4_reclaim_amount_acceleration,20,2d,20,-0.004491153792901307,-0.0036759098985853873,0.008059082819618531,5,0.25,0.025226599481041827,0.04138946533203125,0.047618174519405976
supplemental_2023_09_legacy,s4_reclaim_amount_acceleration,20,3d,20,-0.00582835205780438,-0.005554872652126392,0.00787001781452722,5,0.25,0.004426193824363141,0.04138946533203125,0.0075089118907544486
supplemental_2023_09_legacy,s4_reclaim_amount_acceleration,20,5d,20,-0.007275664168467475,-0.006982145200369754,0.00601544314509409,4,0.2,4.345375824992438e-05,0.01181793212890625,0.00014738496725567104
supplemental_2023_09_legacy,s4_reclaim_amount_acceleration,40,5m,20,-0.0027197913351197102,-0.002708434749365018,0.00025149694281732696,0,0.0,3.7786888411126085e-21,1.9073486328125e-06,3.6275412874681037e-20
supplemental_2023_09_legacy,s4_reclaim_amount_acceleration,40,15m,20,-0.0027854315134053357,-0.0029254632137883643,0.0005004457545514824,0,0.0,9.264795038024542e-16,1.9073486328125e-06,3.113370984963401e-14
supplemental_2023_09_legacy,s4_reclaim_amount_acceleration,40,30m,20,-0.002728707522055158,-0.0027584030026169895,0.0010057042482823281,0,0.0,3.311168298721751e-10,1.9073486328125e-06,2.3592286830828346e-09
supplemental_2023_09_legacy,s4_reclaim_amount_acceleration,40,60m,20,-0.0029541859338863843,-0.0027726827003699598,0.0020520910134216993,2,0.1,5.032093311973536e-06,0.0004024505615234375,1.3157976709012734e-05
supplemental_2023_09_legacy,s4_reclaim_amount_acceleration,40,1d,20,-0.0036925764056838133,-0.0037151360847700694,0.00794795941087344,7,0.35,0.05713773167282089,0.26317596435546875,0.21767152238012757
supplemental_2023_09_legacy,s4_reclaim_amount_acceleration,40,2d,20,-0.005331757213344041,-0.00507482833431494,0.008762126439476967,5,0.25,0.015719987747838282,0.04138946533203125,0.047618174519405976
supplemental_2023_09_legacy,s4_reclaim_amount_acceleration,40,3d,20,-0.006496621539453964,-0.006749102021198025,0.008615369436704295,6,0.3,0.0038778264982504375,0.11531829833984375,0.0075089118907544486
supplemental_2023_09_legacy,s4_reclaim_amount_acceleration,40,5d,20,-0.008361621751077769,-0.007918579738517251,0.005484261713272926,1,0.05,2.3416811795274135e-06,4.00543212890625e-05,1.3788481076084472e-05
supplemental_2023_09_legacy,s4_reclaim_amount_acceleration,60,5m,20,-0.0026828379795788577,-0.0026839079869532033,0.00031304689958168165,0,0.0,2.9991337814577536e-19,1.9073486328125e-06,9.18883541553014e-19
supplemental_2023_09_legacy,s4_reclaim_amount_acceleration,60,15m,20,-0.0027680134884075763,-0.003011836155542604,0.000563007890527404,0,0.0,9.039218652878554e-15,1.9073486328125e-06,5.4508416459943187e-14
supplemental_2023_09_legacy,s4_reclaim_amount_acceleration,60,30m,20,-0.0027714297298235472,-0.0027958703496680937,0.0010860572377066778,0,0.0,9.229304847241161e-10,1.9073486328125e-06,3.2441786146792177e-09
supplemental_2023_09_legacy,s4_reclaim_amount_acceleration,60,60m,20,-0.0029803815619225587,-0.002761282164793671,0.0021181828305904126,2,0.1,6.775692277514372e-06,0.0004024505615234375,1.54129902432077e-05
supplemental_2023_09_legacy,s4_reclaim_amount_acceleration,60,1d,20,-0.003751069940546198,-0.0025797115516747807,0.007886103262690798,6,0.3,0.051981820119870174,0.11531829833984375,0.21767152238012757
supplemental_2023_09_legacy,s4_reclaim_amount_acceleration,60,2d,20,-0.005548376344114975,-0.005142078333991407,0.009012658204486748,5,0.25,0.014705296352840966,0.04138946533203125,0.047618174519405976
supplemental_2023_09_legacy,s4_reclaim_amount_acceleration,60,3d,20,-0.0066796359708077195,-0.007279369319798431,0.007920396845130115,5,0.25,0.0016049649129969475,0.04138946533203125,0.0075089118907544486
supplemental_2023_09_legacy,s4_reclaim_amount_acceleration,60,5d,20,-0.008600454951582246,-0.010006219681105887,0.005114258022394959,1,0.05,5.988568607215836e-07,4.00543212890625e-05,7.839580722173458e-06
supplemental_2023_09_legacy,s4_reclaim_amount_acceleration,120,5m,20,-0.002628842870504668,-0.0026400468271056523,0.0004282159632585646,0,0.0,1.5136030121616837e-16,1.9073486328125e-06,2.2943035131713946e-16
supplemental_2023_09_legacy,s4_reclaim_amount_acceleration,120,15m,20,-0.0026144522561921428,-0.002762498026819528,0.0006650322729173276,0,0.0,5.178983678810366e-13,1.9073486328125e-06,9.322170621858658e-13
supplemental_2023_09_legacy,s4_reclaim_amount_acceleration,120,30m,20,-0.0024855505102840915,-0.0025733383043623106,0.001226982240225431,1,0.05,3.753504222663882e-08,4.00543212890625e-05,5.811877506060204e-08
supplemental_2023_09_legacy,s4_reclaim_amount_acceleration,120,60m,20,-0.0026835992650896595,-0.00251088739655342,0.0020480935143341815,1,0.05,1.665337550067037e-05,4.00543212890625e-05,2.580488396472045e-05
supplemental_2023_09_legacy,s4_reclaim_amount_acceleration,120,1d,20,-0.003177683662957598,-0.0028843507161054084,0.00789180809352237,7,0.35,0.09534748396124451,0.26317596435546875,0.21767152238012757
supplemental_2023_09_legacy,s4_reclaim_amount_acceleration,120,2d,20,-0.004402164597896682,-0.0025197774802194557,0.008162017281822885,7,0.35,0.029672681569184376,0.26317596435546875,0.047978659348022354
supplemental_2023_09_legacy,s4_reclaim_amount_acceleration,120,3d,20,-0.0055567253261987635,-0.004720759385981717,0.0069762965766051585,4,0.2,0.0025528336351760494,0.01181793212890625,0.0075089118907544486
supplemental_2023_09_legacy,s4_reclaim_amount_acceleration,120,5d,20,-0.007155415179753856,-0.008504237453395604,0.007207274577467569,3,0.15,0.0003628896872180863,0.0025768280029296875,0.0005500643679937308
supplemental_2023_09_legacy,s4_reclaim_amount_acceleration,240,5m,20,-0.002680246556949066,-0.0026697941883836417,0.00036865500665917865,0,0.0,6.511300170274085e-18,1.9073486328125e-06,1.2844208555061209e-17
supplemental_2023_09_legacy,s4_reclaim_amount_acceleration,240,15m,20,-0.0027247183306096144,-0.0028873251901608003,0.0006235119185667696,0,0.0,7.712841565703313e-14,1.9073486328125e-06,2.1790077145585796e-13
supplemental_2023_09_legacy,s4_reclaim_amount_acceleration,240,30m,20,-0.002615349329282153,-0.0028153989974784898,0.0010994062824272203,1,0.05,2.9254041340249726e-09,4.00543212890625e-05,6.794487020961227e-09
supplemental_2023_09_legacy,s4_reclaim_amount_acceleration,240,60m,20,-0.0027609169958808535,-0.0028124509007551152,0.00191983160126707,1,0.05,5.100992463690974e-06,4.00543212890625e-05,1.3157976709012734e-05
supplemental_2023_09_legacy,s4_reclaim_amount_acceleration,240,1d,20,-0.002992331840765221,-0.0027274760090340248,0.007788868281122749,6,0.3,0.1103935390979134,0.11531829833984375,0.21767152238012757
supplemental_2023_09_legacy,s4_reclaim_amount_acceleration,240,2d,20,-0.004448389408331671,-0.0037710668468479234,0.007745591500871854,5,0.25,0.021586486989287803,0.04138946533203125,0.047618174519405976
supplemental_2023_09_legacy,s4_reclaim_amount_acceleration,240,3d,20,-0.005412425672268396,-0.004380143152100882,0.006824697095481398,3,0.15,0.0026413704305003065,0.0025768280029296875,0.0075089118907544486
supplemental_2023_09_legacy,s4_reclaim_amount_acceleration,240,5d,20,-0.006205522773737595,-0.006533156391263947,0.005773990157259347,2,0.1,0.0001614117710724804,0.0004024505615234375,0.0003469148512602564
supplemental_2023_09_legacy,s4_reclaim_volume_normal,10,5m,20,-0.002567431028243257,-0.002502946425452442,0.0002791038081061767,0,0.0,7.938882921866362e-20,1.9073486328125e-06,3.464239820450776e-19
supplemental_2023_09_legacy,s4_reclaim_volume_normal,10,15m,20,-0.0024721573648574754,-0.0025498913061249955,0.0008341712316772191,0,0.0,7.386932423226864e-11,1.9073486328125e-06,1.0130650180425414e-10
supplemental_2023_09_legacy,s4_reclaim_volume_normal,10,30m,20,-0.002608498715541849,-0.0026307601302084796,0.0013721375448779319,1,0.05,9.899508076201949e-08,4.00543212890625e-05,1.4399284474475563e-07
supplemental_2023_09_legacy,s4_reclaim_volume_normal,10,60m,20,-0.002848208964610756,-0.00274745074375669,0.0019118007576085282,1,0.05,3.1966932225668213e-06,4.00543212890625e-05,1.0705205210456333e-05
supplemental_2023_09_legacy,s4_reclaim_volume_normal,10,1d,20,-0.0026906087339977356,-0.001987381528919199,0.007598751943337881,8,0.4,0.13922034528679447,0.5034446716308594,0.21767152238012757
supplemental_2023_09_legacy,s4_reclaim_volume_normal,10,2d,20,-0.004587877474280868,-0.0047503976603019615,0.007911598560245814,6,0.3,0.020505461980960232,0.11531829833984375,0.047618174519405976
supplemental_2023_09_legacy,s4_reclaim_volume_normal,10,3d,20,-0.0059892568936276026,-0.006133013329380528,0.007576011101349447,5,0.25,0.002707647678264002,0.04138946533203125,0.0075089118907544486
supplemental_2023_09_legacy,s4_reclaim_volume_normal,10,5d,20,-0.00730431695218865,-0.0073180344256516434,0.006214921867165075,3,0.15,6.045443926246195e-05,0.0025768280029296875,0.0001741087850758904
supplemental_2023_09_legacy,s4_reclaim_volume_normal,20,5m,20,-0.002587561979697862,-0.0025684322020371776,0.00027527762586880013,0,0.0,5.288736470431312e-20,1.9073486328125e-06,2.53859350580703e-19
supplemental_2023_09_legacy,s4_reclaim_volume_normal,20,15m,20,-0.002514317857049708,-0.0026206202140544757,0.0007088352707016189,0,0.0,3.226062717851907e-12,1.9073486328125e-06,5.219696981692973e-12
supplemental_2023_09_legacy,s4_reclaim_volume_normal,20,30m,20,-0.002676297204487255,-0.0026155549007956065,0.0012340301808359874,0,0.0,1.2915127741315464e-08,1.9073486328125e-06,2.3203856630786307e-08
supplemental_2023_09_legacy,s4_reclaim_volume_normal,20,60m,20,-0.0028787140265618405,-0.0027183021471964327,0.0017764346749820016,1,0.05,1.0109972428791466e-06,4.00543212890625e-05,5.1994143919498966e-06
supplemental_2023_09_legacy,s4_reclaim_volume_normal,20,1d,20,-0.0028599841539154267,-0.001797990751944173,0.007636358653730792,7,0.35,0.11903649508936001,0.26317596435546875,0.21767152238012757
supplemental_2023_09_legacy,s4_reclaim_volume_normal,20,2d,20,-0.004366089151660255,-0.0030159628794289312,0.007967506496094161,5,0.25,0.027446586702157612,0.04138946533203125,0.047618174519405976
supplemental_2023_09_legacy,s4_reclaim_volume_normal,20,3d,20,-0.00566265953933859,-0.0058362829061691865,0.00809665661435433,5,0.25,0.006610396542719886,0.04138946533203125,0.009241719438365666
supplemental_2023_09_legacy,s4_reclaim_volume_normal,20,5d,20,-0.00695218171376772,-0.005547067203965054,0.005892176492242081,4,0.2,5.7814216125413694e-05,0.01181793212890625,0.00016990300249101166
supplemental_2023_09_legacy,s4_reclaim_volume_normal,40,5m,20,-0.002581657220668538,-0.002535622414225787,0.00025645028831949927,0,0.0,1.4563157397593115e-20,1.9073486328125e-06,8.872943950666089e-20
supplemental_2023_09_legacy,s4_reclaim_volume_normal,40,15m,20,-0.002513001881623523,-0.0024649519301140725,0.0006557961272063596,0,0.0,8.182533204519781e-13,1.9073486328125e-06,1.4369326603059129e-12
supplemental_2023_09_legacy,s4_reclaim_volume_normal,40,30m,20,-0.00266362818034417,-0.00261456636413233,0.001148280734847664,0,0.0,4.402994067665268e-09,1.9073486328125e-06,9.906736652246853e-09
supplemental_2023_09_legacy,s4_reclaim_volume_normal,40,60m,20,-0.002966690810122135,-0.0026980767175893592,0.001677344840350951,1,0.05,2.89014754178645e-07,4.00543212890625e-05,2.435707073438164e-06
supplemental_2023_09_legacy,s4_reclaim_volume_normal,40,1d,20,-0.0035632485075154075,-0.0033572990781181727,0.007768173694735559,7,0.35,0.060069690823490424,0.26317596435546875,0.21767152238012757
supplemental_2023_09_legacy,s4_reclaim_volume_normal,40,2d,20,-0.00524137177912598,-0.004358890820060945,0.008635433862400437,5,0.25,0.01594793971307862,0.04138946533203125,0.047618174519405976
supplemental_2023_09_legacy,s4_reclaim_volume_normal,40,3d,20,-0.00640535839128004,-0.007181054901492673,0.008753298086592965,6,0.3,0.004824379669827021,0.11531829833984375,0.007719007471723234
supplemental_2023_09_legacy,s4_reclaim_volume_normal,40,5d,20,-0.008257165399446124,-0.007656716201586169,0.005296943414370388,1,0.05,1.7306241152903111e-06,4.00543212890625e-05,1.1867136790562134e-05
supplemental_2023_09_legacy,s4_reclaim_volume_normal,60,5m,20,-0.0025582617751233215,-0.0025745410190211523,0.0002496281514775953,0,0.0,1.0404909941410971e-20,1.9073486328125e-06,7.671857530495677e-20
supplemental_2023_09_legacy,s4_reclaim_volume_normal,60,15m,20,-0.002466710420356428,-0.00258317504126759,0.0007327698687517976,0,0.0,8.102818452545595e-12,1.9073486328125e-06,1.2282166917542795e-11
supplemental_2023_09_legacy,s4_reclaim_volume_normal,60,30m,20,-0.0026550262458125305,-0.002706475720833253,0.0012217693110977829,0,0.0,1.251152139101343e-08,1.9073486328125e-06,2.3098193337255563e-08
supplemental_2023_09_legacy,s4_reclaim_volume_normal,60,60m,20,-0.0029035705643664215,-0.002822980397963251,0.001781246894926771,2,0.1,9.308159467841157e-07,0.0004024505615234375,4.96435171618195e-06
supplemental_2023_09_legacy,s4_reclaim_volume_normal,60,1d,20,-0.0035758132050615647,-0.0019611483183730313,0.00781806113063042,6,0.3,0.06074421073567067,0.11531829833984375,0.21767152238012757
supplemental_2023_09_legacy,s4_reclaim_volume_normal,60,2d,20,-0.005356323837391546,-0.005402596228930622,0.009015723387483673,6,0.3,0.01797722669936436,0.11531829833984375,0.047618174519405976
supplemental_2023_09_legacy,s4_reclaim_volume_normal,60,3d,20,-0.006535857970121267,-0.007039926749372141,0.008181870601450507,5,0.25,0.0024952790489852265,0.04138946533203125,0.0075089118907544486
supplemental_2023_09_legacy,s4_reclaim_volume_normal,60,5d,20,-0.008511211317187123,-0.009017992582579166,0.005051797813421489,2,0.1,5.831901346652216e-07,0.0004024505615234375,7.839580722173458e-06
supplemental_2023_09_legacy,s4_reclaim_volume_normal,120,5m,20,-0.002579705766525313,-0.0025977228364090317,0.00024169202560205894,0,0.0,4.83795010609116e-21,1.9073486328125e-06,4.3541550954820443e-20
supplemental_2023_09_legacy,s4_reclaim_volume_normal,120,15m,20,-0.0023940638237073307,-0.0025729914258585057,0.0008199279527229469,1,0.05,9.530237055465675e-11,4.00543212890625e-05,1.294673713195337e-10
supplemental_2023_09_legacy,s4_reclaim_volume_normal,120,30m,20,-0.0025596028287217616,-0.0027723116121715504,0.0012038867382473633,1,0.05,1.7663631750095625e-08,4.00543212890625e-05,2.9576313628067092e-08
supplemental_2023_09_legacy,s4_reclaim_volume_normal,120,60m,20,-0.00282821825620245,-0.00261386403404417,0.0016093784396003872,0,0.0,3.174688471265381e-07,1.9073486328125e-06,2.435707073438164e-06
supplemental_2023_09_legacy,s4_reclaim_volume_normal,120,1d,20,-0.003206198760952468,-0.003142450506698578,0.007718134943824041,7,0.35,0.08602478739598828,0.26317596435546875,0.21767152238012757
supplemental_2023_09_legacy,s4_reclaim_volume_normal,120,2d,20,-0.004384355583696061,-0.002685206669129297,0.008131785288324138,5,0.25,0.02972210519849732,0.04138946533203125,0.047978659348022354
supplemental_2023_09_legacy,s4_reclaim_volume_normal,120,3d,20,-0.005580866767105591,-0.004913956527387369,0.007259622309943264,4,0.2,0.003356845856640046,0.01181793212890625,0.0075089118907544486
supplemental_2023_09_legacy,s4_reclaim_volume_normal,120,5d,20,-0.007153146625915961,-0.008951702531828401,0.007087767261209905,3,0.15,0.00030834505411565896,0.0025768280029296875,0.00048262704122450966
supplemental_2023_09_legacy,s4_reclaim_volume_normal,240,5m,20,-0.002597828343046676,-0.002620516880213861,0.0002451794866459527,0,0.0,5.554000375693981e-21,1.9073486328125e-06,4.7045650241172546e-20
supplemental_2023_09_legacy,s4_reclaim_volume_normal,240,15m,20,-0.002473290778119925,-0.002744976876973541,0.0007836575284365032,0,0.0,2.4948198860296587e-11,1.9073486328125e-06,3.628828925134049e-11
supplemental_2023_09_legacy,s4_reclaim_volume_normal,240,30m,20,-0.00260228065053317,-0.0028492304040203696,0.0011763563297770077,0,0.0,9.428831827275811e-09,1.9073486328125e-06,1.9123264551094604e-08
supplemental_2023_09_legacy,s4_reclaim_volume_normal,240,60m,20,-0.0029076196327757625,-0.002781406824339554,0.0016073177848508944,0,0.0,2.0759023305366408e-07,1.9073486328125e-06,2.435707073438164e-06
supplemental_2023_09_legacy,s4_reclaim_volume_normal,240,1d,20,-0.002981844753436841,-0.002779157909913044,0.0077397233907097115,6,0.3,0.10945736495636339,0.11531829833984375,0.21767152238012757
supplemental_2023_09_legacy,s4_reclaim_volume_normal,240,2d,20,-0.004346786230983316,-0.003362057070334883,0.00785569504493664,5,0.25,0.026148862032988628,0.04138946533203125,0.047618174519405976
supplemental_2023_09_legacy,s4_reclaim_volume_normal,240,3d,20,-0.005362127498305622,-0.004344601389922631,0.0070867408087196115,4,0.2,0.003781269988011669,0.01181793212890625,0.0075089118907544486
supplemental_2023_09_legacy,s4_reclaim_volume_normal,240,5d,20,-0.006104493614371646,-0.006515124836934283,0.0059304582870408785,2,0.1,0.00025263218741278514,0.0004024505615234375,0.0004436467681395251
supplemental_2023_09_legacy,s4_reclaim_volume_proxy,10,5m,20,-0.002670706545387206,-0.0027616653753983994,0.0003760120860566814,0,0.0,1.006142294498814e-17,1.9073486328125e-06,1.857493466767041e-17
supplemental_2023_09_legacy,s4_reclaim_volume_proxy,10,15m,20,-0.0026856230353055144,-0.002849397215042985,0.0007626571471682378,0,0.0,3.668241349277949e-12,1.9073486328125e-06,5.8691861588447185e-12
supplemental_2023_09_legacy,s4_reclaim_volume_proxy,10,30m,20,-0.0024362140664244535,-0.002896236019801811,0.0014064175428859249,1,0.05,3.9129214470579677e-07,4.00543212890625e-05,5.265987741835022e-07
supplemental_2023_09_legacy,s4_reclaim_volume_proxy,10,60m,20,-0.002636923976409306,-0.002588298800421704,0.0022705799114940165,5,0.25,6.920579176878174e-05,0.04138946533203125,9.227438902504231e-05
supplemental_2023_09_legacy,s4_reclaim_volume_proxy,10,1d,20,-0.0026254726203459038,-0.0028564259847446783,0.008057707365323229,9,0.45,0.17172948552797218,0.8238029479980469,0.21884111430113268
supplemental_2023_09_legacy,s4_reclaim_volume_proxy,10,2d,20,-0.004524231024921369,-0.004301539793706818,0.008028418763115237,5,0.25,0.023829252709056514,0.04138946533203125,0.047618174519405976
supplemental_2023_09_legacy,s4_reclaim_volume_proxy,10,3d,20,-0.006161802691405248,-0.006204911800485021,0.007350015979707024,5,0.25,0.0016867903769354506,0.04138946533203125,0.0075089118907544486
supplemental_2023_09_legacy,s4_reclaim_volume_proxy,10,5d,20,-0.007380574066862744,-0.008276284144992702,0.0064206127305070325,3,0.15,7.763909571784776e-05,0.0025768280029296875,0.00019964338898875137
supplemental_2023_09_legacy,s4_reclaim_volume_proxy,20,5m,20,-0.002699934574866304,-0.0028240465496451716,0.0003244769138228293,0,0.0,5.215363868181942e-19,1.9073486328125e-06,1.5020247940363994e-18
supplemental_2023_09_legacy,s4_reclaim_volume_proxy,20,15m,20,-0.0027314297818999975,-0.0029184613555762484,0.0006596117324132356,0,0.0,2.0378793677880044e-13,1.9073486328125e-06,4.0757587355760094e-13
supplemental_2023_09_legacy,s4_reclaim_volume_proxy,20,30m,20,-0.002552457575222482,-0.0028445855201028867,0.0012569710359207464,1,0.05,3.615949868760523e-08,4.00543212890625e-05,5.6597476206686455e-08
supplemental_2023_09_legacy,s4_reclaim_volume_proxy,20,60m,20,-0.002804599269370045,-0.002561171974814062,0.0020929218228595476,2,0.1,1.2601159605696037e-05,0.0004024505615234375,2.160198789547892e-05
supplemental_2023_09_legacy,s4_reclaim_volume_proxy,20,1d,20,-0.0029576116912654153,-0.002245514125192535,0.008023929737390495,7,0.35,0.12461516045899922,0.26317596435546875,0.21767152238012757
supplemental_2023_09_legacy,s4_reclaim_volume_proxy,20,2d,20,-0.00455348564520693,-0.00476227469644845,0.008006243555258113,5,0.25,0.02271889228550501,0.04138946533203125,0.047618174519405976
supplemental_2023_09_legacy,s4_reclaim_volume_proxy,20,3d,20,-0.006164160165476548,-0.0069049988110837695,0.007915793877083188,5,0.25,0.0030431251685560452,0.04138946533203125,0.0075089118907544486
supplemental_2023_09_legacy,s4_reclaim_volume_proxy,20,5d,20,-0.007401461075155986,-0.00584309557883338,0.005791654000953882,2,0.1,2.26003407326733e-05,0.0004024505615234375,0.00010170153329702986
supplemental_2023_09_legacy,s4_reclaim_volume_proxy,40,5m,20,-0.002681178803354645,-0.0027031902995182677,0.00026713214659484906,0,0.0,1.5404416581017517e-20,1.9073486328125e-06,8.872943950666089e-20
supplemental_2023_09_legacy,s4_reclaim_volume_proxy,40,15m,20,-0.002761833478476583,-0.003029910515498258,0.0005996041480790886,0,0.0,2.968498794925038e-14,1.9073486328125e-06,1.1249048064979091e-13
supplemental_2023_09_legacy,s4_reclaim_volume_proxy,40,30m,20,-0.0026956768506023743,-0.0030980342892845416,0.001244760611626049,0,0.0,1.3213307248086647e-08,1.9073486328125e-06,2.3203856630786307e-08
supplemental_2023_09_legacy,s4_reclaim_volume_proxy,40,60m,20,-0.0029776027079790645,-0.0029301231226158205,0.0021658536284205987,3,0.15,9.121654120349611e-06,0.0025768280029296875,1.7993399908634848e-05
supplemental_2023_09_legacy,s4_reclaim_volume_proxy,40,1d,20,-0.0036540081613573258,-0.003395720392180627,0.008179219906077296,7,0.35,0.06643146707489675,0.26317596435546875,0.21767152238012757
supplemental_2023_09_legacy,s4_reclaim_volume_proxy,40,2d,20,-0.0054687048127657,-0.0048118947796928465,0.008728576019676425,5,0.25,0.01327070018787451,0.04138946533203125,0.047618174519405976
supplemental_2023_09_legacy,s4_reclaim_volume_proxy,40,3d,20,-0.0068881257337659995,-0.007375956115384006,0.00851141680427272,5,0.25,0.00225000248754824,0.04138946533203125,0.0075089118907544486
supplemental_2023_09_legacy,s4_reclaim_volume_proxy,40,5d,20,-0.008481774538905801,-0.006976094578486466,0.0049821912576395585,0,0.0,5.024468021106737e-07,1.9073486328125e-06,7.839580722173458e-06
supplemental_2023_09_legacy,s4_reclaim_volume_proxy,60,5m,20,-0.002655403915530009,-0.0028196283159790786,0.0003401212145075408,0,0.0,1.7197557165507489e-18,1.9073486328125e-06,4.197369884462845e-18
supplemental_2023_09_legacy,s4_reclaim_volume_proxy,60,15m,20,-0.002720894766911354,-0.002879172548293274,0.0006357301375533975,0,0.0,1.1236524720449214e-13,1.9073486328125e-06,2.889392070972655e-13
supplemental_2023_09_legacy,s4_reclaim_volume_proxy,60,30m,20,-0.002702347197730559,-0.0025699597820059306,0.0012977229371574177,1,0.05,2.4461356882258087e-08,4.00543212890625e-05,4.048776311546166e-08
supplemental_2023_09_legacy,s4_reclaim_volume_proxy,60,60m,20,-0.0029759571470734424,-0.0024564177042137253,0.0022030554998362997,2,0.1,1.1394689492895432e-05,0.0004024505615234375,2.071714422070797e-05
supplemental_2023_09_legacy,s4_reclaim_volume_proxy,60,1d,20,-0.003719625424592406,-0.0025433141084228515,0.008163683491430672,6,0.3,0.061647840944966205,0.11531829833984375,0.21767152238012757
supplemental_2023_09_legacy,s4_reclaim_volume_proxy,60,2d,20,-0.0056552348956867915,-0.005792612240956235,0.008704589618326704,5,0.25,0.01065552735618265,0.04138946533203125,0.047618174519405976
supplemental_2023_09_legacy,s4_reclaim_volume_proxy,60,3d,20,-0.006944273173545042,-0.0070768361891157955,0.007806618933212549,3,0.15,0.0010138103363430886,0.0025768280029296875,0.0075089118907544486
supplemental_2023_09_legacy,s4_reclaim_volume_proxy,60,5d,20,-0.008582450465779526,-0.008342784828553381,0.0048796731464354,1,0.05,3.1359604922028925e-07,4.00543212890625e-05,7.839580722173458e-06
supplemental_2023_09_legacy,s4_reclaim_volume_proxy,120,5m,20,-0.0025912741769789334,-0.0026288888830514187,0.00042606791023525227,0,0.0,1.8004017698254955e-16,1.9073486328125e-06,2.700602654738243e-16
supplemental_2023_09_legacy,s4_reclaim_volume_proxy,120,15m,20,-0.002560706759785388,-0.002626507356881266,0.0007584749730364528,0,0.0,7.698390198693846e-12,1.9073486328125e-06,1.1793278602254403e-11
supplemental_2023_09_legacy,s4_reclaim_volume_proxy,120,30m,20,-0.002470754531161701,-0.0026192575212486647,0.0014234802362160196,1,0.05,3.8001808855911505e-07,4.00543212890625e-05,5.162509882312506e-07
supplemental_2023_09_legacy,s4_reclaim_volume_proxy,120,60m,20,-0.0028091107675865794,-0.00268050373102948,0.0020859627417571963,2,0.1,1.1844862435581528e-05,0.0004024505615234375,2.080073403321634e-05
supplemental_2023_09_legacy,s4_reclaim_volume_proxy,120,1d,20,-0.003244131121436333,-0.0025354633232213377,0.00806021193602494,7,0.35,0.09547658508927476,0.26317596435546875,0.21767152238012757
supplemental_2023_09_legacy,s4_reclaim_volume_proxy,120,2d,20,-0.004706299653568962,-0.003979964801439988,0.00808545623262267,6,0.3,0.02009767064307159,0.11531829833984375,0.047618174519405976
supplemental_2023_09_legacy,s4_reclaim_volume_proxy,120,3d,20,-0.006115942490395064,-0.006554510168796668,0.007114945994667707,3,0.15,0.0013656958309777156,0.0025768280029296875,0.0075089118907544486
supplemental_2023_09_legacy,s4_reclaim_volume_proxy,120,5d,20,-0.0076238629766363225,-0.00830116020573459,0.007230074739792211,2,0.1,0.00019710395123975823,0.0004024505615234375,0.000386679136620058
supplemental_2023_09_legacy,s4_reclaim_volume_proxy,240,5m,20,-0.0027052991874826062,-0.002838067425137975,0.0003824587742123271,0,0.0,1.0866910452829918e-17,1.9073486328125e-06,1.9560438815093852e-17
supplemental_2023_09_legacy,s4_reclaim_volume_proxy,240,15m,20,-0.002711025169315986,-0.002861112069241319,0.0007213399066801821,0,0.0,1.15653013362546e-12,1.9073486328125e-06,1.959298108730191e-12
supplemental_2023_09_legacy,s4_reclaim_volume_proxy,240,30m,20,-0.0025774104662828713,-0.003001337632440335,0.0012848719374288478,1,0.05,4.366638267952969e-08,4.00543212890625e-05,6.482432067888944e-08
supplemental_2023_09_legacy,s4_reclaim_volume_proxy,240,60m,20,-0.002827967660450102,-0.0030104448931136535,0.0020108924570799223,2,0.1,6.820735840884111e-06,0.0004024505615234375,1.54129902432077e-05
supplemental_2023_09_legacy,s4_reclaim_volume_proxy,240,1d,20,-0.002941173733457975,-0.0024321599088057344,0.008156549679156574,6,0.3,0.13250665625654692,0.11531829833984375,0.21767152238012757
supplemental_2023_09_legacy,s4_reclaim_volume_proxy,240,2d,20,-0.004508280433221183,-0.0050887426609284685,0.007700560080573133,5,0.25,0.01947993955396216,0.04138946533203125,0.047618174519405976
supplemental_2023_09_legacy,s4_reclaim_volume_proxy,240,3d,20,-0.005727314276155217,-0.005556174625773995,0.007108031911361463,3,0.15,0.002329961893947288,0.0025768280029296875,0.0075089118907544486
supplemental_2023_09_legacy,s4_reclaim_volume_proxy,240,5d,20,-0.006419863234089306,-0.0068820070766705465,0.005685784951700011,1,0.05,9.472091133840561e-05,4.00543212890625e-05,0.00023516915918500702
supplemental_2023_09_legacy,s4_reclaim_vwap_support,10,5m,20,-0.0027207354218625776,-0.0027081702664572783,0.00037371326833133173,0,0.0,6.347406105557816e-18,1.9073486328125e-06,1.269481221111563e-17
supplemental_2023_09_legacy,s4_reclaim_vwap_support,10,15m,20,-0.0028043038497264834,-0.0029103113740793427,0.0006424333845647906,0,0.0,7.868638969239315e-14,1.9073486328125e-06,2.1790077145585796e-13
supplemental_2023_09_legacy,s4_reclaim_vwap_support,10,30m,20,-0.0026040024828880267,-0.0027503298627639004,0.0011928363132583828,1,0.05,1.1639066753400298e-08,4.00543212890625e-05,2.2052968585390037e-08
supplemental_2023_09_legacy,s4_reclaim_vwap_support,10,60m,20,-0.002712101035226852,-0.0028499260297389414,0.002208976342759982,2,0.1,3.64638543226589e-05,0.0004024505615234375,5.303833356023112e-05
supplemental_2023_09_legacy,s4_reclaim_vwap_support,10,1d,20,-0.002792852507702407,-0.0024407628870864503,0.007819269571419953,8,0.4,0.13599659284524712,0.5034446716308594,0.21767152238012757
supplemental_2023_09_legacy,s4_reclaim_vwap_support,10,2d,20,-0.004673646819730558,-0.004989588212794355,0.008032547439500349,6,0.3,0.020140589166387095,0.11531829833984375,0.047618174519405976
supplemental_2023_09_legacy,s4_reclaim_vwap_support,10,3d,20,-0.006009666098801771,-0.005920880780799722,0.007322330154383369,5,0.25,0.0020087287172152,0.04138946533203125,0.0075089118907544486
supplemental_2023_09_legacy,s4_reclaim_vwap_support,10,5d,20,-0.007411261145652893,-0.008011056759312693,0.006416802223997594,3,0.15,7.362089535516085e-05,0.0025768280029296875,0.0001995310062660294
supplemental_2023_09_legacy,s4_reclaim_vwap_support,20,5m,20,-0.0027066004113273662,-0.0027374843770302144,0.0003059018012605189,0,0.0,1.6480712233139663e-19,1.9073486328125e-06,6.085186055313107e-19
supplemental_2023_09_legacy,s4_reclaim_vwap_support,20,15m,20,-0.0027787666079330297,-0.0029392343963401055,0.0005420450071359226,0,0.0,4.203215165262915e-15,1.9073486328125e-06,3.560370492928587e-14
supplemental_2023_09_legacy,s4_reclaim_vwap_support,20,30m,20,-0.002650563121665005,-0.002841653359540787,0.0010497548819455433,0,0.0,1.1000028963767858e-09,1.9073486328125e-06,3.5200092684057144e-09
supplemental_2023_09_legacy,s4_reclaim_vwap_support,20,60m,20,-0.0028298740795707246,-0.0028337047849287663,0.0020385621198720756,1,0.05,8.06094061862228e-06,4.00543212890625e-05,1.682283259538563e-05
supplemental_2023_09_legacy,s4_reclaim_vwap_support,20,1d,20,-0.003012916920793712,-0.002118060018869122,0.007796081975424055,7,0.35,0.10842893426194733,0.26317596435546875,0.21767152238012757
supplemental_2023_09_legacy,s4_reclaim_vwap_support,20,2d,20,-0.004489451421145924,-0.003792451536285167,0.008041967623960632,5,0.25,0.025003783059448267,0.04138946533203125,0.047618174519405976
supplemental_2023_09_legacy,s4_reclaim_vwap_support,20,3d,20,-0.005819591364409165,-0.005417597959844061,0.007805719375011245,5,0.25,0.004215633863636371,0.04138946533203125,0.0075089118907544486
supplemental_2023_09_legacy,s4_reclaim_vwap_support,20,5d,20,-0.0072302835528326725,-0.007235625180070723,0.005996329650868008,4,0.2,4.503429555034393e-05,0.01181793212890625,0.00014738496725567104
supplemental_2023_09_legacy,s4_reclaim_vwap_support,40,5m,20,-0.002735440737102478,-0.0027330113819134276,0.00024973261081770107,0,0.0,2.9699382045479187e-21,1.9073486328125e-06,3.6275412874681037e-20
supplemental_2023_09_legacy,s4_reclaim_vwap_support,40,15m,20,-0.002798231925115298,-0.0029500247704739597,0.0005040360363741637,0,0.0,9.71310186431756e-16,1.9073486328125e-06,3.113370984963401e-14
supplemental_2023_09_legacy,s4_reclaim_vwap_support,40,30m,20,-0.0027367522468121335,-0.002762846215466799,0.0009989654515549843,0,0.0,2.813369549697023e-10,1.9073486328125e-06,2.3592286830828346e-09
supplemental_2023_09_legacy,s4_reclaim_vwap_support,40,60m,20,-0.002976024004252986,-0.0028362190974009624,0.00205040643478432,2,0.1,4.519183329920183e-06,0.0004024505615234375,1.3157976709012734e-05
supplemental_2023_09_legacy,s4_reclaim_vwap_support,40,1d,20,-0.0037167460916256653,-0.0036333153558988926,0.007946231129621261,7,0.35,0.05562798669105399,0.26317596435546875,0.21767152238012757
supplemental_2023_09_legacy,s4_reclaim_vwap_support,40,2d,20,-0.005342176311109885,-0.005102056132503949,0.008732292971767983,5,0.25,0.015245681561449155,0.04138946533203125,0.047618174519405976
supplemental_2023_09_legacy,s4_reclaim_vwap_support,40,3d,20,-0.0065039509241296995,-0.006688884197346423,0.008581886228997523,6,0.3,0.0037359704133958574,0.11531829833984375,0.0075089118907544486
supplemental_2023_09_legacy,s4_reclaim_vwap_support,40,5d,20,-0.008368564185843077,-0.007789977095702024,0.005459295351238247,1,0.05,2.1764544835419617e-06,4.00543212890625e-05,1.3788481076084472e-05
supplemental_2023_09_legacy,s4_reclaim_vwap_support,60,5m,20,-0.0026918320677381683,-0.0026990476591848443,0.00031104439636992263,0,0.0,2.4971604968045005e-19,1.9073486328125e-06,8.208640436701033e-19
supplemental_2023_09_legacy,s4_reclaim_vwap_support,60,15m,20,-0.0027659963572489975,-0.002948180531747719,0.0005615386619825681,0,0.0,8.733170448504615e-15,1.9073486328125e-06,5.4508416459943187e-14
supplemental_2023_09_legacy,s4_reclaim_vwap_support,60,30m,20,-0.002767463187075115,-0.00278472987658665,0.0010790115375465292,0,0.0,8.483441763102317e-10,1.9073486328125e-06,3.2147779312808784e-09
supplemental_2023_09_legacy,s4_reclaim_vwap_support,60,60m,20,-0.002981847679505336,-0.0027523107689746756,0.0021260867718364282,2,0.1,7.064287194803528e-06,0.0004024505615234375,1.54129902432077e-05
supplemental_2023_09_legacy,s4_reclaim_vwap_support,60,1d,20,-0.00376027740182413,-0.002525206970740272,0.00792546043492357,6,0.3,0.05252025896261997,0.11531829833984375,0.21767152238012757
supplemental_2023_09_legacy,s4_reclaim_vwap_support,60,2d,20,-0.005546586217876093,-0.005090521691799244,0.009029942378144104,5,0.25,0.014896491633838202,0.04138946533203125,0.047618174519405976
supplemental_2023_09_legacy,s4_reclaim_vwap_support,60,3d,20,-0.006722789874828712,-0.007814932775657814,0.007937282407702567,5,0.25,0.001547926361418873,0.04138946533203125,0.0075089118907544486
supplemental_2023_09_legacy,s4_reclaim_vwap_support,60,5d,20,-0.008618332357088903,-0.010016966671287982,0.005163259497791984,2,0.1,6.659694631839365e-07,0.0004024505615234375,7.89731563918637e-06
supplemental_2023_09_legacy,s4_reclaim_vwap_support,120,5m,20,-0.002641656671298673,-0.002659146254271615,0.0004302185594837606,0,0.0,1.5080935775826191e-16,1.9073486328125e-06,2.2943035131713946e-16
supplemental_2023_09_legacy,s4_reclaim_vwap_support,120,15m,20,-0.002617832898138492,-0.0028195466656641124,0.000677403537796829,0,0.0,7.036407040985091e-13,1.9073486328125e-06,1.2509168072862385e-12
supplemental_2023_09_legacy,s4_reclaim_vwap_support,120,30m,20,-0.0024951843457774745,-0.0026057960916326143,0.0012163497450001514,1,0.05,3.089452535103175e-08,4.00543212890625e-05,4.888804011591838e-08
supplemental_2023_09_legacy,s4_reclaim_vwap_support,120,60m,20,-0.00270459619953874,-0.002508862883821107,0.002029088464807981,1,0.05,1.3469319915542758e-05,4.00543212890625e-05,2.2294046756760427e-05
supplemental_2023_09_legacy,s4_reclaim_vwap_support,120,1d,20,-0.003199971139186917,-0.002743172628160589,0.007826159906031466,7,0.35,0.0906932170431672,0.26317596435546875,0.21767152238012757
supplemental_2023_09_legacy,s4_reclaim_vwap_support,120,2d,20,-0.00448402530759478,-0.0025762391385557187,0.008113057594334134,7,0.35,0.02630051000837334,0.26317596435546875,0.047618174519405976
supplemental_2023_09_legacy,s4_reclaim_vwap_support,120,3d,20,-0.005654957083494788,-0.0047616689958284095,0.006984862159866753,4,0.2,0.0022428622463237908,0.01181793212890625,0.0075089118907544486
supplemental_2023_09_legacy,s4_reclaim_vwap_support,120,5d,20,-0.007197024231552193,-0.008788808793886375,0.007129340542765291,3,0.15,0.00030752261726435797,0.0025768280029296875,0.00048262704122450966
supplemental_2023_09_legacy,s4_reclaim_vwap_support,240,5m,20,-0.0026859655875306676,-0.002653929553102249,0.00037784124423626854,0,0.0,9.904229574305082e-18,1.9073486328125e-06,1.852219556753158e-17
supplemental_2023_09_legacy,s4_reclaim_vwap_support,240,15m,20,-0.002716601826813427,-0.0028810638311910384,0.0006362914444975424,0,0.0,1.1747348222895353e-13,1.9073486328125e-06,2.9677511299946157e-13
supplemental_2023_09_legacy,s4_reclaim_vwap_support,240,30m,20,-0.0025941865407837494,-0.00288627874394514,0.001085332351283264,1,0.05,2.7071455801901997e-09,4.00543212890625e-05,6.390638746678505e-09
supplemental_2023_09_legacy,s4_reclaim_vwap_support,240,60m,20,-0.0027747577200724115,-0.0028179899860857555,0.001910655087154647,1,0.05,4.485562555968239e-06,4.00543212890625e-05,1.3157976709012734e-05
supplemental_2023_09_legacy,s4_reclaim_vwap_support,240,1d,20,-0.002965042424538147,-0.0026508371664541435,0.007763262300609718,6,0.3,0.11235595380029353,0.11531829833984375,0.21767152238012757
supplemental_2023_09_legacy,s4_reclaim_vwap_support,240,2d,20,-0.00441129596110239,-0.0037120193526945957,0.007731806146824211,5,0.25,0.02234763156641444,0.04138946533203125,0.047618174519405976
supplemental_2023_09_legacy,s4_reclaim_vwap_support,240,3d,20,-0.00541353175648419,-0.004422963567933657,0.0068094946726833935,4,0.2,0.0025914051135896015,0.01181793212890625,0.0075089118907544486
supplemental_2023_09_legacy,s4_reclaim_vwap_support,240,5d,20,-0.006169077682221411,-0.006496898015821061,0.0057901324129495816,2,0.1,0.00017687626822570778,0.0004024505615234375,0.00036385975177859886
