sample_group,strategy_id,ma_period,horizon,gross_observed_count,gross_mean,gross_median,gross_win_rate,gross_profit_factor,net_observed_count,net_mean,net_median,net_win_rate,net_profit_factor,mean_cost_drag,median_cost_drag,win_rate_change,observed_count_difference
primary_development_2022_2023_partial,cs_r3_leader_confirmation,10,15m,163593,0.0001611779280828,-0.0006337135614702,0.401374141925388,1.0470840737338565,163593,-0.0028555611553294,-0.0036480550510976,0.2797246825964436,0.4686735658815172,0.0030167390834122,0.0030143414896274,-0.12164945932894439,0
primary_development_2022_2023_partial,cs_r3_leader_confirmation,10,1d,163273,0.0008333882403721,-0.0015873015873015,0.46538006896425,1.067549515103965,163273,-0.0021853783993636,-0.0045987668142519,0.4293177684001641,0.8434084985367161,0.0030187666397356997,0.0030114652269504,-0.03606230056408588,0
primary_development_2022_2023_partial,cs_r3_leader_confirmation,10,2d,163241,0.0004065960404623,-0.0025608194622279,0.4604970564992863,1.024999075232345,163241,-0.0026108832860499,-0.0055693483130356,0.4315276186742301,0.8539533948690176,0.0030174793265122,0.0030085288508077002,-0.028969437825056177,0
primary_development_2022_2023_partial,cs_r3_leader_confirmation,10,30m,163587,0.0002080946561093,-0.0009624639076034,0.4107905884941957,1.048580817754602,163587,-0.0028087859400212,-0.003975813803036,0.3103425088790674,0.5450747667090198,0.0030168805961305,0.0030133498954326,-0.1004480796151283,0
primary_development_2022_2023_partial,cs_r3_leader_confirmation,10,3d,163248,0.0003846789498738,-0.0032423671645714,0.4589336469665784,1.0197745438643926,163248,-0.0026327342691497,-0.0062488402951249,0.4347802117024404,0.8749609626002947,0.0030174132190235003,0.0030064731305535,-0.02415343526413799,0
primary_development_2022_2023_partial,cs_r3_leader_confirmation,10,5d,163189,0.0003301646449217,-0.0035435861091424,0.4654725502331652,1.0134048839441068,163189,-0.0026870841451698,-0.0065491506871717,0.4466477519930877,0.8974028168449721,0.0030172487900915,0.0030055645780293,-0.01882479824007749,0
primary_development_2022_2023_partial,cs_r3_leader_confirmation,10,5m,163596,0.0001210577861783,0.0,0.3869776767158121,1.0518710110137413,163596,-0.0028955602847386,-0.0030162529300139,0.2270287782097362,0.3403444127474792,0.0030166180709169,0.0030162529300139,-0.15994889850607594,0
primary_development_2022_2023_partial,cs_r3_leader_confirmation,10,60m,163575,0.0001600909058367,-0.0014184397163118,0.4156014060828366,1.0297261709234258,163575,-0.0028566448988411,-0.0044304142733753,0.3352162616536757,0.6049960298100472,0.0030167358046777996,0.0030119745570635,-0.08038514442916089,0
primary_development_2022_2023_partial,cs_r3_leader_confirmation,20,15m,125642,0.0002707734664003,-0.0004548557950925,0.4035274828480922,1.0807226235070737,125642,-0.0027462961848753,-0.0034697367649816,0.2783225354578882,0.4823095508276895,0.0030170696512756,0.0030148809698890998,-0.125204947390204,0
primary_development_2022_2023_partial,cs_r3_leader_confirmation,20,1d,125408,0.0013308694429194,-0.0012224938875304,0.4703846644552181,1.1097976342213098,125408,-0.001689397725951,-0.0042350594667742,0.4342625669813728,0.8769125389618908,0.0030202671688704004,0.0030125655792438005,-0.036122097473845316,0
primary_development_2022_2023_partial,cs_r3_leader_confirmation,20,2d,125393,0.001361851453974,-0.0017706908210279,0.4692686194604164,1.0859887957187948,125393,-0.0016585091644781,-0.0047816028996645,0.4398172146770553,0.9048268918612952,0.0030203606184521,0.0030109120786366,-0.029451404783361113,0
primary_development_2022_2023_partial,cs_r3_leader_confirmation,20,30m,125640,0.0003201883462972,-0.0009126169765498,0.4110235593759949,1.0760312690209792,125640,-0.0026970303527546,-0.0039261172229341,0.3093680356574339,0.5581554089220601,0.0030172186990518,0.0030135002463843,-0.10165552371856096,0
primary_development_2022_2023_partial,cs_r3_leader_confirmation,20,3d,125375,0.0015132382856574,-0.0020973154362414,0.4709232303090728,1.0796177914177123,125375,-0.0015075789537694,-0.0051072423324255,0.4459740777666999,0.926726907948359,0.0030208172394268,0.0030099268961841,-0.0249491525423729,0
primary_development_2022_2023_partial,cs_r3_leader_confirmation,20,5d,125321,0.0008447764319035,-0.0029325513196482,0.4710702914914499,1.0343621495090172,125321,-0.0021740245574982,-0.0059399589331516,0.4519912863765849,0.9167965736227822,0.0030188009894017,0.0030074076135033997,-0.01907900511486499,0
primary_development_2022_2023_partial,cs_r3_leader_confirmation,20,5m,125647,0.0002084093211388,0.0,0.389448216033809,1.0914348690825175,125647,-0.0028084722241013,-0.0030162529300139,0.2270726718505018,0.3519078779240691,0.0030168815452401,0.0030162529300139,-0.1623755441833072,0
primary_development_2022_2023_partial,cs_r3_leader_confirmation,20,60m,125627,0.0003849412784847,-0.0013192612137202,0.419113725552628,1.0730133147382612,125627,-0.0026324727317885,-0.0043315349182326,0.3370294602274988,0.6297757940625628,0.0030174140102731998,0.0030122737045124,-0.08208426532512919,0
primary_development_2022_2023_partial,cs_r3_leader_confirmation,40,15m,89707,0.0005151313561584,0.0,0.4102466920084274,1.1537803769638362,89707,-0.002502675340318,-0.0030162529300139,0.2880377228086994,0.5256883866721461,0.0030178066964764,0.0030162529300139,-0.12220896919972801,0
primary_development_2022_2023_partial,cs_r3_leader_confirmation,40,1d,89553,0.0016659077753983,-0.000515425962742,0.4767344477571941,1.139115492923175,89553,-0.0013553699538241,-0.0035301242376857,0.4400745926992954,0.9000517965240995,0.0030212777292223996,0.0030146982749437003,-0.036659855057898705,0
primary_development_2022_2023_partial,cs_r3_leader_confirmation,40,2d,89527,0.0014439787996902,-0.0014347202295552,0.4741251242641884,1.0911744248290116,89527,-0.0015766295356089,-0.0044466456804729,0.4459771912383973,0.909433665219616,0.0030206083352991003,0.0030119254509177002,-0.028147933025791105,0
primary_development_2022_2023_partial,cs_r3_leader_confirmation,40,30m,89704,0.0005847016912466,-0.0006847183981041,0.4184317310264871,1.139419613625675,89704,-0.0024333148469568,-0.0036989060442434,0.3180571657897084,0.5985819690837968,0.0030180165382034,0.0030141876461393,-0.10037456523677873,0
primary_development_2022_2023_partial,cs_r3_leader_confirmation,40,3d,89533,0.0015530526202666,-0.0017632241813602,0.4758580635073101,1.0817759933339544,89533,-0.0014678847092635,-0.0047741587812707,0.4525147152446584,0.9285466747193905,0.0030209373295301,0.0030109345999104996,-0.023343348262651664,0
primary_development_2022_2023_partial,cs_r3_leader_confirmation,40,5d,89481,0.0008163177351635,-0.0023764258555132,0.4766598495770052,1.0331440522865285,89481,-0.0022023974156108,-0.0053855108840773,0.4583878141728411,0.9157961742060976,0.0030187151507743,0.0030090850285640998,-0.01827203540416411,0
primary_development_2022_2023_partial,cs_r3_leader_confirmation,40,5m,89708,0.0003867323845426,0.0,0.3962188433584518,1.1680467758917468,89708,-0.0026306870281596,-0.0030162529300139,0.2374147233245641,0.3924954495591108,0.0030174194127022,0.0030162529300139,-0.15880412003388772,0
primary_development_2022_2023_partial,cs_r3_leader_confirmation,40,60m,89696,0.0006055646564447,-0.0011635799585791,0.4245116839100963,1.1148951852038944,89696,-0.0024125148097385,-0.0041763232371336,0.34450811630396,0.6597286870454279,0.0030180794661832,0.0030127432785545,-0.0800035676061363,0
primary_development_2022_2023_partial,cs_r3_leader_confirmation,60,15m,73338,0.0005301542382432,-0.0003017511399893,0.4058059941640077,1.155182353392777,73338,-0.0024876977710452,-0.0033170939122431,0.2867817502522566,0.5350693499582911,0.0030178520092884,0.0030153427722538003,-0.1190242439117511,0
primary_development_2022_2023_partial,cs_r3_leader_confirmation,60,1d,73239,0.0017979555137165,-0.0004484304932735,0.4775051543576509,1.1503292072626734,73239,-0.0012237205048835,-0.0034633308434982,0.4424964841136553,0.9096304291844588,0.0030216760186,0.0030149003502247,-0.03500867024399562,0
primary_development_2022_2023_partial,cs_r3_leader_confirmation,60,2d,73201,0.00168712240555,-0.0009328358208955,0.4799387986502916,1.1067870069539143,73201,-0.0013342193123627,-0.0039462750821314,0.4525211404215789,0.92310982563037,0.0030213417179127,0.0030134392612359,-0.02741765822871267,0
primary_development_2022_2023_partial,cs_r3_leader_confirmation,60,30m,73335,0.0006635788238955,-0.0007396449704142,0.4178632303811277,1.1560860410109814,73335,-0.0023546756276903,-0.0037536669441187,0.3185109429331151,0.6151323298501746,0.0030182544515857997,0.0030140219737045002,-0.09935228744801261,0
primary_development_2022_2023_partial,cs_r3_leader_confirmation,60,3d,73193,0.0015964005042504,-0.0012953367875647,0.4807700189908871,1.0838624114231754,73193,-0.0014246675734617,-0.0043076826541978,0.4576257292364024,0.930748720466691,0.0030210680777121,0.0030123458666331,-0.023144289754484737,0
primary_development_2022_2023_partial,cs_r3_leader_confirmation,60,5d,73153,0.0008691243734237,-0.0022123893805308,0.4774240290897161,1.035444867075881,73153,-0.0021497500555279,-0.0052219691845932,0.4591472666876273,0.9174568237093552,0.0030188744289516003,0.0030095798040624,-0.01827676240208881,0
primary_development_2022_2023_partial,cs_r3_leader_confirmation,60,5m,73338,0.0003671971769188,0.0,0.3933295153944749,1.1559457876116537,73338,-0.002650163312656,-0.0030162529300139,0.2361804248820529,0.3961065291092032,0.0030173604895748,0.0030162529300139,-0.157149090512422,0
primary_development_2022_2023_partial,cs_r3_leader_confirmation,60,60m,73331,0.0006980725921191,-0.0011565150346953,0.4235862050156141,1.1313244144942602,73331,-0.0023202859013961,-0.0041692796228471,0.3443427745428263,0.6749079265578569,0.0030183584935152,0.0030127645881518,-0.07924343047278781,0
primary_development_2022_2023_partial,cs_r3_leader_confirmation,120,15m,50898,0.0005267646968939,0.0,0.407324452827223,1.1517943627197795,50898,-0.0024910770886802,-0.003016252930014,0.2894219812173366,0.5387027454006331,0.0030178417855741,0.003016252930014,-0.11790247160988643,0
primary_development_2022_2023_partial,cs_r3_leader_confirmation,120,1d,50813,0.0019751218273466,-0.0003533568904594,0.4788735166197627,1.16795947082438,50813,-0.0010470885696661,-0.0033685440067169,0.4436856709897073,0.9214968465746878,0.0030222103970126996,0.0030151871162575,-0.03518784563005539,0
primary_development_2022_2023_partial,cs_r3_leader_confirmation,120,2d,50794,0.0020773104253901,-0.0007077140835102,0.4806866952789699,1.13363978890657,50794,-0.0009452081982808,-0.0037218323688461,0.4534984446981927,0.9447092799339304,0.0030225186236709,0.0030141182853359,-0.027188250580777173,0
primary_development_2022_2023_partial,cs_r3_leader_confirmation,120,30m,50896,0.00064821091484,-0.0007239821139071,0.4140207481923923,1.150649425218646,50896,-0.0023699971832448,-0.0037380513307487,0.3185122602955045,0.6162702379792536,0.0030182080980848,0.0030140692168416,-0.09550848789688782,0
primary_development_2022_2023_partial,cs_r3_leader_confirmation,120,3d,50782,0.0020302898363519,-0.0015155357729031,0.4773738726320349,1.108668810843634,50782,-0.0009920869613295,-0.0045272174637013,0.4542948288763735,0.9509620098171636,0.0030223767976814,0.0030116816907981995,-0.023079043755661388,0
primary_development_2022_2023_partial,cs_r3_leader_confirmation,120,5d,50776,0.001235066095129,-0.001919613691721,0.4800102410587679,1.0515192748057347,50776,-0.0017849121066129,-0.0049300765813126,0.4609855049629746,0.9299824070601524,0.0030199782017419,0.0030104628895916,-0.019024736095793304,0
primary_development_2022_2023_partial,cs_r3_leader_confirmation,120,5m,50899,0.0003631312889644,0.0,0.3898308414703629,1.151972035913817,50899,-0.0026542169368635,-0.0030162529300139,0.2389044971413976,0.4004722836113266,0.0030173482258279,0.0030162529300139,-0.1509263443289653,0
primary_development_2022_2023_partial,cs_r3_leader_confirmation,120,60m,50888,0.0006464781835711,-0.0011080335810908,0.4219462348687313,1.1200059324800828,50888,-0.002371724688158,-0.0041209444015692,0.3459558245558874,0.6709739730537109,0.0030182028717291,0.0030129108204784002,-0.07599041031284387,0
primary_development_2022_2023_partial,cs_r3_leader_confirmation,240,15m,38396,0.0003677916460783,-0.0003177629488401,0.397827898739452,1.105133452276,38396,-0.0026495706365655,-0.0033330574254286,0.2805240129180122,0.5139779988075367,0.0030173622826438,0.0030152944765885,-0.1173038858214398,0
primary_development_2022_2023_partial,cs_r3_leader_confirmation,240,1d,38337,0.0024836220832514,0.0,0.478519445966038,1.2191874071630793,38337,-0.000540122079148,-0.0030162529300139,0.4412708349636122,0.9581751169866576,0.0030237441623994,0.0030162529300139,-0.037248611002425824,0
primary_development_2022_2023_partial,cs_r3_leader_confirmation,240,2d,38310,0.0027284497245602,-0.0006695682036024,0.4799530148786217,1.1860229436242435,38310,-0.0002960328999296,-0.0036838015465603,0.4522317932654659,0.981752916664556,0.0030244826244898,0.0030142333429579,-0.027721221613155766,0
primary_development_2022_2023_partial,cs_r3_leader_confirmation,240,30m,38396,0.0005351039592382,-0.0007079668195373,0.4105375559954162,1.1242347617529198,38396,-0.0024827629796603,-0.0037220843425573,0.3152672153349307,0.5987924988272717,0.0030178669388985,0.00301411752302,-0.09527034066048551,0
primary_development_2022_2023_partial,cs_r3_leader_confirmation,240,3d,38313,0.0031276776960122,-0.000668449197861,0.4824994127319709,1.179121833498296,38313,0.0001019908989836,-0.0036826859160234,0.4574165426878605,1.0053683990657096,0.0030256867970286,0.0030142367181624,-0.025082870044110417,0
primary_development_2022_2023_partial,cs_r3_leader_confirmation,240,5d,38297,0.0031341232729122,-0.001356238698011,0.4831710055617934,1.1416332200017272,38297,0.0001084170343935,-0.0043684008690783,0.4639005666240176,1.0045854490340709,0.0030257062385187,0.0030121621710673006,-0.019270438937775802,0
primary_development_2022_2023_partial,cs_r3_leader_confirmation,240,5m,38397,0.0002625470366966,0.0,0.3841706383311196,1.1080725598841152,38397,-0.0027544978015857,-0.0030162529300139,0.2332994765216032,0.3853207351158542,0.0030170448382823,0.0030162529300139,-0.15087116180951637,0
primary_development_2022_2023_partial,cs_r3_leader_confirmation,240,60m,38393,0.0006210970356894,-0.0011618900077459,0.4193733232620529,1.1156668185033052,38393,-0.002397029280078,-0.0041746383836195,0.3424582606204256,0.6669516377499282,0.0030181263157674,0.0030127483758736005,-0.07691506264162729,0
primary_development_2022_2023_partial,fu_r3_core_pullback,10,15m,57885,0.0002681830294809,-0.0004597701149426,0.4134577178889176,1.0761991002286764,57885,-0.0027488788083814,-0.0034746362620001,0.2947050185713051,0.4938016108496783,0.0030170618378623,0.0030148661470575,-0.11875269931761251,0
primary_development_2022_2023_partial,fu_r3_core_pullback,10,1d,57749,0.0033418644382066,0.0005824111822945,0.501809555143812,1.2930862095568898,57749,0.0003155315997894,-0.0024355984471543,0.4659994112452164,1.024434311879321,0.0030263328384172,0.0030180096294488,-0.0358101438985956,0
primary_development_2022_2023_partial,fu_r3_core_pullback,10,2d,57737,0.0047224051829328,0.0011037527593817,0.5052912343904256,1.3278188333874976,57737,0.0016919082844492,-0.0019158293681265,0.477111730779223,1.1064904031815388,0.0030304968984835997,0.0030195821275082,-0.028179503611202583,0
primary_development_2022_2023_partial,fu_r3_core_pullback,10,30m,57883,0.0003533014757818,-0.0008488964346348,0.4194495793238084,1.081173733353916,57883,-0.0026640171008435,-0.0038625888782903,0.3203704023633882,0.5712929601517934,0.0030173185766253,0.0030136924436555,-0.09907917696042018,0
primary_development_2022_2023_partial,fu_r3_core_pullback,10,3d,57740,0.0057412011146178,0.0016528925619834,0.5095254589539314,1.3296288888330097,57740,0.0027076312699201,-0.0013683459100634,0.4849151368202286,1.1434659870754535,0.0030335698446977,0.0030212384720468,-0.024610322133702844,0
primary_development_2022_2023_partial,fu_r3_core_pullback,10,5d,57733,0.0055313092476555,0.0007194244604316,0.5013250653872136,1.2425286778124935,57733,0.0024983724899165,-0.002298998435719,0.4827221866177056,1.102965544559875,0.003032936757739,0.0030184228961506,-0.018602878769507947,0
primary_development_2022_2023_partial,fu_r3_core_pullback,10,5m,57886,0.0001915915566461,0.0,0.4006150019002867,1.079374342483164,57886,-0.002825239261962,-0.0030162529300139,0.2437722419928825,0.3612535282695504,0.0030168308186081,0.0030162529300139,-0.1568427599074042,0
primary_development_2022_2023_partial,fu_r3_core_pullback,10,60m,57878,0.0006798723735057,-0.0010432968179449,0.4318912194616262,1.1305322674077147,57878,-0.0023384312235466,-0.0040564029008747,0.3521199765022979,0.6662446992964519,0.0030183035970523,0.0030131060829298,-0.07977124295932825,0
primary_development_2022_2023_partial,fu_r3_core_pullback,20,15m,49236,0.0002940368561844,-0.0003682569181581,0.4109594605573158,1.0858337799766538,49236,-0.0027231029633582,-0.0033833990921636,0.287005443171663,0.4912812786761513,0.0030171398195426,0.0030151421740055003,-0.12395401738565281,0
primary_development_2022_2023_partial,fu_r3_core_pullback,20,1d,49142,0.0037797166884526,0.0007872468794438,0.5040901876195515,1.3428187788856392,49142,0.0007520631769026,-0.0022313805862766,0.466464531358105,1.0600016218075623,0.00302765351155,0.0030186274657204,-0.03762565626144648,0
primary_development_2022_2023_partial,fu_r3_core_pullback,20,2d,49127,0.0055015487749824,0.0016005121638922,0.5115516925519572,1.3937554365322664,49127,0.0024687017823564,-0.0014205683156254,0.4817920898894701,1.1599016998587817,0.0030328469926259997,0.0030210804795176,-0.029759602662487117,0
primary_development_2022_2023_partial,fu_r3_core_pullback,20,30m,49235,0.0003728936294951,-0.0008654262224143,0.4158017670356453,1.087122916282354,49235,-0.0026444840420211,-0.0038790688080491,0.3158931654310957,0.5704269114363602,0.0030173776715162,0.0030136425856348,-0.09990860160454962,0
primary_development_2022_2023_partial,fu_r3_core_pullback,20,3d,49108,0.0067326213308816,0.0025310775579735,0.5205261871792783,1.3984919701332383,49108,0.0036960611120519,-0.0004928097421406,0.4950109961717032,1.2017339889879382,0.0030365602188297002,0.0030238873001141,-0.025515191007575155,0
primary_development_2022_2023_partial,fu_r3_core_pullback,20,5d,49110,0.0059626589362216,0.0016611295681063,0.5082467929138669,1.2648299806896353,49110,0.0029284211187208,-0.0013601337488343,0.4898187741804113,1.1222560331194271,0.0030342378175008,0.0030212633169406002,-0.018428018733455565,0
primary_development_2022_2023_partial,fu_r3_core_pullback,20,5m,49237,0.0002236262903463,0.0,0.3965919938257814,1.0957207618215568,49237,-0.0027933011531208,-0.0030162529300139,0.2352905335418486,0.3603169012617643,0.0030169274434671003,0.0030162529300139,-0.16130146028393283,0
primary_development_2022_2023_partial,fu_r3_core_pullback,20,60m,49231,0.0008203151460136,-0.0009823182711199,0.4317198513131969,1.160424747450797,49231,-0.0021984120619627,-0.0039956082807701,0.3502671081229306,0.682023302608398,0.0030187272079763,0.0030132900096502,-0.0814527431902663,0
primary_development_2022_2023_partial,fu_r3_core_pullback,40,15m,36871,0.0005518797058754,0.0,0.4149060237042662,1.1637773025506706,36871,-0.0024660378329181,-0.0030162529300139,0.2935911692115755,0.5331458316012663,0.0030179175387935,0.0030162529300139,-0.1213148544926907,0
primary_development_2022_2023_partial,fu_r3_core_pullback,40,1d,36799,0.0045344686585754,0.0014144271570013,0.5120519579336394,1.4301382517184118,36799,0.0015045386241841,-0.001606092043069,0.4746324628386641,1.1250916349332625,0.0030299300343913,0.0030205192000703,-0.03741949509497533,0
primary_development_2022_2023_partial,fu_r3_core_pullback,40,2d,36788,0.0059307077517103,0.0022441669789161,0.5176144394911384,1.4376028012943236,36788,0.0028965663070633,-0.0007788549263233,0.4906763074915733,1.1931215579247716,0.0030341414446470004,0.0030230219052394,-0.026938131999565074,0
primary_development_2022_2023_partial,fu_r3_core_pullback,40,30m,36870,0.0007260335911873,-0.0003271198048196,0.4251423921887713,1.1743105211068636,36870,-0.0022924092397731,-0.0033423860587637,0.3258475725522105,0.6187200975743806,0.0030184428309604,0.0030152662539441,-0.09929481963656084,0
primary_development_2022_2023_partial,fu_r3_core_pullback,40,3d,36781,0.0070686016985542,0.0031847133757962,0.5251080721024441,1.4287250814700976,36781,0.004031028077956,0.0001588545447315,0.5016448709931758,1.22521367366671,0.0030375736205981996,0.0030258588310647003,-0.02346320110926836,0
primary_development_2022_2023_partial,fu_r3_core_pullback,40,5d,36769,0.0072022622647021,0.0032362459546926,0.5202480350295086,1.3350707046819024,36769,0.0041642854900296,0.0002102316883354,0.5021893442845876,1.1818618383416073,0.0030379767746725,0.0030260142663572002,-0.018058690744920947,0
primary_development_2022_2023_partial,fu_r3_core_pullback,40,5m,36871,0.0003887649929159,0.0,0.3995009628163055,1.1670853425166012,36871,-0.0026286605506468,-0.0030162529300139,0.2414906023704266,0.3949753637980818,0.0030174255435627,0.0030162529300139,-0.15801036044587888,0
primary_development_2022_2023_partial,fu_r3_core_pullback,40,60m,36867,0.0011826053028206,-0.0003401360544218,0.4405023462717335,1.2363903431690542,36867,-0.0018372146639029,-0.0033553630480649,0.3607833563891827,0.7288014096424705,0.0030198199667235,0.0030152269936431,-0.07971898988255083,0
primary_development_2022_2023_partial,fu_r3_core_pullback,60,15m,30428,0.0005318255598178,0.0,0.4090311555146576,1.1554627516096825,30428,-0.002486031490599,-0.003016252930014,0.2895030892598922,0.5350685822144778,0.0030178570504167997,0.003016252930014,-0.11952806625476536,0
primary_development_2022_2023_partial,fu_r3_core_pullback,60,1d,30374,0.0046598458045091,0.0015974440894569,0.5141239217752025,1.4471133565458738,30374,0.001629537600934,-0.0014236271359721,0.4769868966879568,1.136942334369735,0.0030303082035751,0.003021071225429,-0.0371370250872457,0
primary_development_2022_2023_partial,fu_r3_core_pullback,60,2d,30368,0.006489500818992,0.0026411772521924,0.5236762381454162,1.4887743344677962,30368,0.0034536739131185,-0.000383042136447,0.4955874604847207,1.2348219537796867,0.0030358269058734996,0.0030242193886394,-0.028088777660695508,0
primary_development_2022_2023_partial,fu_r3_core_pullback,60,30m,30426,0.0007705260447399,-0.0006058837349307,0.4215473608098337,1.182223583044654,30426,-0.002248050986714,-0.0036203091663539,0.3246565437454808,0.6302093642638362,0.0030185770314539,0.0030144254314232004,-0.09689081706435287,0
primary_development_2022_2023_partial,fu_r3_core_pullback,60,3d,30355,0.0072539603617331,0.0036101083032491,0.5305550980069181,1.4449780597191786,30355,0.004215827652524,0.0005829663734879,0.5065063416241147,1.2382116462994142,0.0030381327092091,0.0030271419297612,-0.02404875638280346,0
primary_development_2022_2023_partial,fu_r3_core_pullback,60,5d,30339,0.0078106534764682,0.003676470588235,0.5236494281288111,1.3711386978685896,30339,0.0047708416400207,0.0006491284930374,0.5057187118889878,1.2126088528918295,0.0030398118364474997,0.0030273420951976,-0.01793071623982334,0
primary_development_2022_2023_partial,fu_r3_core_pullback,60,5m,30428,0.0003520782963192,0.0,0.3951952149336137,1.146687059195602,30428,-0.0026652365908874,-0.0030162529300139,0.2396148284474825,0.3975662489809647,0.0030173148872066,0.0030162529300139,-0.1555803864861312,0
primary_development_2022_2023_partial,fu_r3_core_pullback,60,60m,30424,0.0012594754926162,-0.0005099440387776,0.4373192216671049,1.2490493270844614,30424,-0.0017605763340425,-0.0035246588485904,0.3597817512490139,0.7424133760396409,0.0030200518266587,0.0030147148098128,-0.077537470418091,0
primary_development_2022_2023_partial,fu_r3_core_pullback,120,15m,21678,0.0005838191470576,0.0,0.4101393117446258,1.1665686500437464,21678,-0.0024341947291691,-0.0030162529300139,0.2972137651074822,0.5506235637382242,0.0030180138762266997,0.0030162529300139,-0.1129255466371436,0
primary_development_2022_2023_partial,fu_r3_core_pullback,120,1d,21632,0.0045785839379444,0.0015220700152205,0.512758875739645,1.4314854629084792,21632,0.0015485208407124,-0.001498773862936,0.4777181952662722,1.1280771133429537,0.0030300630972319997,0.0030208438781565,-0.035040680473372776,0
primary_development_2022_2023_partial,fu_r3_core_pullback,120,2d,21620,0.0062829125649314,0.0024539914245795,0.522109158186864,1.4582889339306742,21620,0.0032477087814846,-0.000569663364259,0.4939407955596669,1.214469513304017,0.0030352037834468003,0.0030236547888385,-0.028168362627197074,0
primary_development_2022_2023_partial,fu_r3_core_pullback,120,30m,21677,0.0007868266791567,-0.0004370629370628,0.4194768648798265,1.1804709460358938,21677,-0.0022317995191335,-0.0034519975747122,0.3277206255478156,0.6407348014727211,0.0030186261982902,0.0030149346376494002,-0.09175623933201088,0
primary_development_2022_2023_partial,fu_r3_core_pullback,120,3d,21617,0.0075447887151904,0.0034650034650034,0.528380441319332,1.4623634083139103,21617,0.0045057787941081,0.0004382992081357,0.5051579775176944,1.2542841700073837,0.0030390099210823003,0.0030267042568676997,-0.023222463801637616,0
primary_development_2022_2023_partial,fu_r3_core_pullback,120,5d,21612,0.0076209433085234,0.0038143689923082,0.5252637423653526,1.3579607902292057,21612,0.0045817036859258,0.0007866109606452,0.5065704238386082,1.202001948194164,0.0030392396225976,0.0030277580316629997,-0.018693318526744385,0
primary_development_2022_2023_partial,fu_r3_core_pullback,120,5m,21678,0.0003520758005531,0.0,0.3933019651259341,1.143277375344612,21678,-0.0026652390791258,-0.0030162529300139,0.2454100931820278,0.4049692378170024,0.0030173148796789,0.0030162529300139,-0.14789187194390632,0
primary_development_2022_2023_partial,fu_r3_core_pullback,120,60m,21671,0.0012119388424607,-0.0004595588235295,0.4366665128512759,1.2305607860831709,21671,-0.0018079696016376,-0.0034744256078953,0.3632504268377093,0.7428235964860829,0.0030199084440982998,0.0030148667843658,-0.07341608601356658,0
primary_development_2022_2023_partial,fu_r3_core_pullback,240,15m,15915,0.0004624707611828,0.0,0.4076657241595978,1.129597275405789,15915,-0.0025551770976194,-0.0030162529300139,0.29167452089224,0.5345451473299955,0.0030176478588022,0.0030162529300139,-0.11599120326735779,0
primary_development_2022_2023_partial,fu_r3_core_pullback,240,1d,15883,0.0052070944713975,0.0016181229773464,0.5140086885349116,1.509880903321842,15883,0.0021751356274274,-0.001403010620839,0.4772398161556381,1.1860557094224038,0.0030319588439701,0.0030211335981854,-0.036768872379273454,0
primary_development_2022_2023_partial,fu_r3_core_pullback,240,2d,15867,0.0068837481178487,0.0023995200959807,0.5213966093149304,1.5322437253316676,15867,0.0038467320624049,-0.0006239703935531,0.4929098128190584,1.267664517265286,0.0030370160554437997,0.0030234904895338,-0.02848679649587199,0
primary_development_2022_2023_partial,fu_r3_core_pullback,240,30m,15915,0.0007469936647253,0.0,0.4222431668237512,1.171512637159452,15915,-0.0022715123871184,-0.0030162529300139,0.3293119698397738,0.6336179850043916,0.0030185060518437,0.0030162529300139,-0.0929311969839774,0
primary_development_2022_2023_partial,fu_r3_core_pullback,240,3d,15870,0.0081990641037304,0.0031948881789136,0.5262129804662886,1.5237562545052832,15870,0.0051580807225904,0.000168998658069,0.5020793950850662,1.3022654459966707,0.0030409833811400003,0.0030258895208446,-0.024133585381222455,0
primary_development_2022_2023_partial,fu_r3_core_pullback,240,5d,15867,0.008635707323603,0.0028935185185183,0.5177412239238671,1.4322122301993336,15867,0.0055934069160717,-0.0001314619952051,0.4987080103359173,1.26140117239794,0.0030423004075313,0.0030249805137234002,-0.01903321358794985,0
primary_development_2022_2023_partial,fu_r3_core_pullback,240,5m,15915,0.0002774523226184,0.0,0.3901350926798617,1.1101625383262568,15915,-0.0027396374737765,-0.0030162529300139,0.2426013195098963,0.3973582405563248,0.0030170897963949,0.0030162529300139,-0.14753377316996538,0
primary_development_2022_2023_partial,fu_r3_core_pullback,240,60m,15912,0.0011269626287374,0.0,0.436902966314731,1.2150599021124877,15912,-0.0018926895056072,-0.0030162529300139,0.3599170437405731,0.7303040413577103,0.0030196521343446,0.0030162529300139,-0.07698592257415793,0
primary_development_2022_2023_partial,ht_r3_core_pullback,10,15m,116064,3.6527482496298505e-06,-0.0001703582456874,0.3911118003859939,1.0013336284568242,116064,-0.0030126111993774,-0.0031860973321434,0.2508185139233526,0.3659396289111357,0.00301626394762703,0.0030157390864560003,-0.14029328646264133,0
primary_development_2022_2023_partial,ht_r3_core_pullback,10,1d,115841,0.0006707329759535,-0.0016129032258064,0.4645073851227113,1.0554620810526227,115841,-0.0023475430543644,-0.0046242912317395,0.4274479674726565,0.8288551192212479,0.0030182760303179,0.0030113880059330998,-0.03705941765005477,0
primary_development_2022_2023_partial,ht_r3_core_pullback,10,2d,115834,0.0002162045245865,-0.0025945145442589,0.4593038313448556,1.0132818422291294,115834,-0.0028007005329581,-0.0056029417621767,0.4304953640554587,0.8434877475191912,0.0030169050575446,0.0030084272179178003,-0.0288084672893969,0
primary_development_2022_2023_partial,ht_r3_core_pullback,10,30m,116059,8.844562531966932e-05,-0.0007022471910111,0.4041048087610612,1.02467840720171,116059,-0.0029280740790711,-0.0037163819658775,0.2917050810363694,0.4689614981570758,0.0030165197043907693,0.0030141347748664,-0.11239972772469181,0
primary_development_2022_2023_partial,ht_r3_core_pullback,10,3d,115828,0.0002606657942935,-0.0032837079679041,0.4580585005352764,1.013321023277872,115828,-0.0027563733696862,-0.0062900564041384,0.4333580826743102,0.8698169629813188,0.0030170391639797,0.0030063484362343003,-0.024700417860966217,0
primary_development_2022_2023_partial,ht_r3_core_pullback,10,5d,115795,0.0002428559370652,-0.0035419126328217,0.4656936828015026,1.0097858044090862,115795,-0.0027741295078804,-0.0065474822584788,0.4470659354894425,0.894825829285751,0.0030169854449455997,0.0030055696256571004,-0.018627747312060072,0
primary_development_2022_2023_partial,ht_r3_core_pullback,10,5m,116068,-6.361366070813554e-06,0.0,0.3746596822552297,0.996365229939588,116068,-0.0030225951085965,-0.0030162529300139,0.1864338146603715,0.2226563516437603,0.0030162337425256864,0.0030162529300139,-0.1882258675948582,0
primary_development_2022_2023_partial,ht_r3_core_pullback,10,60m,116048,8.345693879903658e-05,-0.0011273957158963,0.4125017234247897,1.0175065546575426,116048,-0.0029330477184513,-0.0041402481352788,0.3240727974631187,0.5580167822785577,0.0030165046572503368,0.0030128524193825004,-0.08842892596167101,0
primary_development_2022_2023_partial,ht_r3_core_pullback,20,15m,91771,9.596085619559452e-05,0.0,0.3938825990781401,1.0360891657582312,91771,-0.0029205815160324,-0.0030162529300139,0.2520730949864336,0.3740477626820178,0.0030165423722279946,0.0030162529300139,-0.1418095040917065,0
primary_development_2022_2023_partial,ht_r3_core_pullback,20,1d,91600,0.0012512105834162,-0.0012496096189881,0.4697052401746724,1.106130776167249,91600,-0.0017688163141858,-0.0042620934103273,0.4325327510917031,0.8679831418616794,0.003020026897602,0.0030124837913391997,-0.03717248908296933,0
primary_development_2022_2023_partial,ht_r3_core_pullback,20,2d,91604,0.0012154448101595,-0.0019298811903312,0.4672721715208943,1.0773150163261382,91604,-0.0018044742088242,-0.0049403131105501,0.4379393912929566,0.8957894539517407,0.0030199190189837003,0.0030104319202189003,-0.02933278022793767,0
primary_development_2022_2023_partial,ht_r3_core_pullback,20,30m,91769,0.000214745464749,-0.0005636978579479,0.4065207205047456,1.0617650265754408,91769,-0.0028021551919024,-0.0035782505326461,0.2928221948588303,0.4813659583307068,0.0030169006566514,0.0030145526746982,-0.11369852564591526,0
primary_development_2022_2023_partial,ht_r3_core_pullback,20,3d,91591,0.0013994038568164,-0.0023640661938535,0.4676987913659639,1.0736756161512706,91591,-0.0016210700291808,-0.0053731885022832,0.4425980718629559,0.9212032170460211,0.0030204738859972,0.0030091223084297005,-0.025100719503007962,0
primary_development_2022_2023_partial,ht_r3_core_pullback,20,5d,91546,0.0006822016145954,-0.003125,0.4703755489043759,1.027654402191798,91546,-0.0023361090080373,-0.0061318271396075,0.4515325628645708,0.910887636607888,0.0030183106226327,0.0030068271396075,-0.01884298603980511,0
primary_development_2022_2023_partial,ht_r3_core_pullback,20,5m,91775,2.1949187458790508e-05,0.0,0.373838191228548,1.01284144438551,91775,-0.0029943699468568,-0.0030162529300139,0.1850068101334786,0.2230661336787516,0.0030163191343155907,0.0030162529300139,-0.1888313810950694,0
primary_development_2022_2023_partial,ht_r3_core_pullback,20,60m,91758,0.0002728130669178,-0.0009823182711198,0.4164759476012991,1.0587176412057964,91758,-0.0027442627363086,-0.0039956082807703,0.3257699601124698,0.5781862953781923,0.0030170758032264,0.0030132900096504996,-0.0907059874888293,0
primary_development_2022_2023_partial,ht_r3_core_pullback,40,15m,66341,0.0001870407691282,0.0,0.3982002080161589,1.0711365662900458,66341,-0.0028297763231537,-0.0030162529300139,0.2544580274641624,0.3880372850902422,0.0030168170922818998,0.0030162529300139,-0.1437421805519965,0
primary_development_2022_2023_partial,ht_r3_core_pullback,40,1d,66228,0.0014378627637194,-0.000692285130415,0.4751464637313523,1.1235720317550562,66228,-0.0015827271240683,-0.0037064499533758,0.4376547683759135,0.8803654501324932,0.0030205898877877,0.0030141648229608,-0.03749169535543878,0
primary_development_2022_2023_partial,ht_r3_core_pullback,40,2d,66222,0.001174085475519,-0.0017094017094017,0.4707801032889372,1.0747991247899378,66222,-0.0018457087932503,-0.004720498651501,0.4427380628794056,0.8931802454003813,0.0030197942687693003,0.0030110969420993,-0.02804204040953162,0
primary_development_2022_2023_partial,ht_r3_core_pullback,40,30m,66338,0.0002975645957044,0.0,0.4096746962525249,1.08672019394841,66338,-0.0027195858643932,-0.0030162529300139,0.2960897223310922,0.4913226094245078,0.0030171504600976,0.0030162529300139,-0.11358497392143269,0
primary_development_2022_2023_partial,ht_r3_core_pullback,40,3d,66218,0.001373312834864,-0.0019999999999999,0.4727566522697756,1.072751051932597,66218,-0.0016470823540117,-0.0050102204241538,0.4490621885287988,0.9194129306768352,0.0030203951888757,0.0030102204241539,-0.02369446374097678,0
primary_development_2022_2023_partial,ht_r3_core_pullback,40,5d,66176,0.0007538649847046,-0.0024752475247523,0.4759882736943907,1.030676380883878,66176,-0.0022646617927781,-0.0054840344821671,0.457053916827853,0.9132446103148144,0.0030185267774827,0.0030087869574148,-0.01893435686653766,0
primary_development_2022_2023_partial,ht_r3_core_pullback,40,5m,66342,6.935847582066941e-05,0.0,0.3762623978776642,1.0404481399289145,66342,-0.0029471036568994,-0.0030162529300138,0.1893370715383919,0.2342404542918796,0.0030164621327200694,0.0030162529300138,-0.18692532633927228,0
primary_development_2022_2023_partial,ht_r3_core_pullback,40,60m,66330,0.0003803288038519,-0.0008111403776183,0.4191768430574401,1.082575261799945,66330,-0.0026370712940309,-0.0038249467030914,0.3296698326549073,0.5915281514996031,0.0030174000978828,0.0030138063254731,-0.08950701040253278,0
primary_development_2022_2023_partial,ht_r3_core_pullback,60,15m,54528,0.0001760557452916,0.0,0.3925322769953052,1.0661112362796152,54528,-0.0028407282133798,-0.0030162529300139,0.2541996772300469,0.3913250859804599,0.0030167839586714004,0.0030162529300139,-0.1383325997652583,0
primary_development_2022_2023_partial,ht_r3_core_pullback,60,1d,54454,0.0014610193582031,-0.0007829335504113,0.47419840599405,1.1252327200462977,54454,-0.0015596403757306,-0.0037968249548099,0.4380027178903294,0.8823847384396118,0.0030206597339337,0.0030138914043986,-0.03619568810372059,0
primary_development_2022_2023_partial,ht_r3_core_pullback,60,2d,54428,0.0013471430108988,-0.0013086151113222,0.4757477768795473,1.0860339448143523,54428,-0.0016731732431686,-0.0043209209271722,0.4483537884912177,0.90286708517282,0.0030203162540674003,0.00301230581585,-0.02739398838832957,0
primary_development_2022_2023_partial,ht_r3_core_pullback,60,30m,54524,0.000306286072768,-0.0002297441332252,0.4067383170713814,1.088118404451072,54524,-0.0027108906935101,-0.0032453040968241,0.2939439512875064,0.4977019365451663,0.0030171767662781,0.0030155599635989,-0.11279436578387503,0
primary_development_2022_2023_partial,ht_r3_core_pullback,60,3d,54420,0.0011844235007994,-0.0016168159313225,0.4776920249908122,1.062234022325227,54420,-0.001835401950069,-0.0046281921355462,0.4533811098860713,0.9108098285699352,0.0030198254508684,0.0030113762042237,-0.024310915104740927,0
primary_development_2022_2023_partial,ht_r3_core_pullback,60,5d,54393,0.0006194511987685,-0.0021204970392996,0.4793263839096943,1.0251894340987222,54393,-0.0023986701527385,-0.0051303540139058,0.4599121210449874,0.9081376746872544,0.003018121351507,0.0030098569746062004,-0.019414262864706877,0
primary_development_2022_2023_partial,ht_r3_core_pullback,60,5m,54528,4.964785093614563e-05,0.0,0.3744681631455399,1.0286209954212184,54528,-0.0029667548295537,-0.0030162529300138,0.1873349471830986,0.2340425046961388,0.0030164026804898455,0.0030162529300138,-0.18713321596244128,0
primary_development_2022_2023_partial,ht_r3_core_pullback,60,60m,54521,0.0003521488896608,-0.0008713837574068,0.4127950697896223,1.0755591598213274,54521,-0.0026651662104732,-0.003885008373609,0.3269565855358485,0.5915380874643059,0.003017315100134,0.0030136246162022003,-0.08583848425377383,0
primary_development_2022_2023_partial,ht_r3_core_pullback,120,15m,38087,0.0002075132849039,0.0,0.3950954393887678,1.076621891156882,38087,-0.0028093655576634,-0.0030162529300139,0.2591172841126893,0.402830693803333,0.0030168788425673,0.0030162529300139,-0.13597815527607848,0
primary_development_2022_2023_partial,ht_r3_core_pullback,120,1d,38026,0.0017238926799744,-0.0004448420583126,0.4771735128596223,1.1520555658506508,38026,-0.0012975599463864,-0.0034597532321646,0.4384105611949718,0.8996265576688203,0.0030214526263608,0.003014911173852,-0.03876295166465049,0
primary_development_2022_2023_partial,ht_r3_core_pullback,120,2d,38014,0.0018715659882771,-0.0008487784026781,0.4807176303467144,1.1224271736493692,38014,-0.0011503320581325,-0.0038624712023479,0.4532803703898563,0.9316896987903136,0.0030218980464096,0.0030136927996698,-0.027437259956858084,0
primary_development_2022_2023_partial,ht_r3_core_pullback,120,30m,38085,0.000318883250873,-8.937349182236431e-05,0.4039648155441775,1.0912177055534211,38085,-0.0026983315116804,-0.0031053568487796,0.29389523434423,0.5022385967181755,0.0030172147625534,0.0030159833569572358,-0.11006958119994753,0
primary_development_2022_2023_partial,ht_r3_core_pullback,120,3d,37996,0.0019143499517416,-0.0014792899408284,0.4774186756500684,1.1033804380906131,37996,-0.0011076771419231,-0.0044910809582238,0.4534951047478682,0.944803850267089,0.0030220270936647,0.0030117910173954004,-0.02392357090220021,0
primary_development_2022_2023_partial,ht_r3_core_pullback,120,5d,38005,0.0010771612361415,-0.002055498458376,0.4779634258650178,1.0450306020540034,38005,-0.0019423406846069,-0.005065551485142,0.4584133666622813,0.9236689749276508,0.0030195019207484002,0.003010053026766,-0.019550059202736503,0
primary_development_2022_2023_partial,ht_r3_core_pullback,120,5m,38088,6.106450604774949e-05,0.0,0.3702741020793951,1.0349048957032003,38088,-0.0029553726099612,-0.0030162529300138,0.1909262759924385,0.240316441631975,0.0030164371160089493,0.0030162529300138,-0.1793478260869566,0
primary_development_2022_2023_partial,ht_r3_core_pullback,120,60m,38079,0.0003289292689522,-0.0008748906386701,0.4093857506762257,1.069843347613444,38079,-0.0026883157949327,-0.0038885046772317,0.326032721447517,0.5914015645638717,0.0030172450638849,0.0030136140385616,-0.08335302922870869,0
primary_development_2022_2023_partial,ht_r3_core_pullback,240,15m,28804,0.0002021989212601,0.0,0.3879322316344952,1.075667457337402,28804,-0.0028146638918423,-0.0030162529300139,0.2504860436050548,0.3994943477782758,0.0030168628131024,0.0030162529300139,-0.13744618802944042,0
primary_development_2022_2023_partial,ht_r3_core_pullback,240,1d,28765,0.002318786920515,0.0,0.4777681209803581,1.2145174200748907,28765,-0.0007044600573418,-0.0030162529300139,0.4389709716669563,0.9431829358312548,0.0030232469778568,0.0030162529300139,-0.03879714931340178,0
primary_development_2022_2023_partial,ht_r3_core_pullback,240,2d,28740,0.0025706935407317,-0.000669344042838,0.4806541405706332,1.1795371687639766,28740,-0.0004533132512064,-0.0036835780619214,0.4511830201809325,0.971446449279164,0.0030240067919381003,0.0030142340190834,-0.029471120389700733,0
primary_development_2022_2023_partial,ht_r3_core_pullback,240,30m,28804,0.0003812377839715,0.0,0.4014025829745868,1.1102927420035178,28804,-0.0026361650556252,-0.0030162529300139,0.2922510762394112,0.5107148567497061,0.0030174028395967,0.0030162529300139,-0.1091515067351756,0
primary_development_2022_2023_partial,ht_r3_core_pullback,240,3d,28748,0.003024992572927,-0.0005624973765591,0.4827118408237095,1.1763605225510914,28748,-3.844997981637228e-07,-0.0035770536722128,0.4561012940030611,0.9999794296398464,0.0030253770727251637,0.0030145562956537,-0.026610546820648395,0
primary_development_2022_2023_partial,ht_r3_core_pullback,240,5d,28736,0.0030322156032959,-0.0015080832900459,0.4832266146993318,1.1382955539315316,28736,6.816744084246154e-06,-0.0045197874594174,0.4635300668151447,1.000290794534007,0.003025398859211654,0.0030117041693715,-0.01969654788418712,0
primary_development_2022_2023_partial,ht_r3_core_pullback,240,5m,28805,5.4316589938766816e-05,0.0,0.3640340218712029,1.0313469324161242,28805,-0.0029621001726486,-0.0030162529300138,0.1860440895677833,0.2377545836956042,0.0030164167625873666,0.0030162529300138,-0.17798993230341958,0
primary_development_2022_2023_partial,ht_r3_core_pullback,240,60m,28801,0.000464960012916,-0.0006887052341597,0.4092566230339224,1.1006827638679375,28801,-0.0025526953540991,-0.0037028808549932,0.3248845526197007,0.6065448274830673,0.0030176553670151,0.0030141756208335,-0.08437207041422173,0
primary_development_2022_2023_partial,ng_r1_auction_reclaim,10,15m,323167,0.0001317391970582,0.0,0.4018974709670232,1.0594836296603765,323167,-0.0028849110916959,-0.0030162529300138,0.2253416963984565,0.3197838738036197,0.0030166502887541,0.0030162529300138,-0.17655577456856672,0
primary_development_2022_2023_partial,ng_r1_auction_reclaim,10,1d,322659,0.002458659129858,0.0010030090270811,0.5069965505378744,1.2760069941602072,322659,-0.0005650097379601,-0.0020162692318496,0.4598384052513644,0.945794212522447,0.0030236688678181,0.0030192782589307,-0.04715814528651002,0
primary_development_2022_2023_partial,ng_r1_auction_reclaim,10,2d,322601,0.0033903662422482,0.0009861932938854,0.5049116400755113,1.284901409199105,322601,0.0003638871101224,-0.0020330342445404,0.470280625292544,1.0271596449220108,0.0030264791321257998,0.0030192275384258,-0.03463101478296726,0
primary_development_2022_2023_partial,ng_r1_auction_reclaim,10,30m,323154,0.0002335889047011,0.0,0.4209757576882848,1.08106570938974,323154,-0.0027833685885318,-0.0030162529300138,0.2741015119726198,0.4205155776722846,0.0030169574932329,0.0030162529300138,-0.14687424571566504,0
primary_development_2022_2023_partial,ng_r1_auction_reclaim,10,3d,322564,0.0040855183576383,0.0012121631932526,0.5061941196165722,1.2790906812577036,322564,0.0010569424709075,-0.0018077459275443,0.4774463362309495,1.0655769682750784,0.0030285758867308,0.0030199091207968997,-0.028747783385622727,0
primary_development_2022_2023_partial,ng_r1_auction_reclaim,10,5d,322471,0.0040383676513842,0.0004184100418409,0.5004853149585544,1.208925421445454,322471,0.0010099339831093,-0.0025991049186874,0.4786507934046782,1.0485469461396049,0.0030284336682749003,0.0030175149605283,-0.02183452155387622,0
primary_development_2022_2023_partial,ng_r1_auction_reclaim,10,5m,323179,4.6085900127393e-05,0.0,0.3707883247364463,1.0312846791165855,323179,-0.0029703060366195,-0.0030162529300138,0.1581321806181713,0.1889898100854978,0.0030163919367468934,0.0030162529300138,-0.212656144118275,0
primary_development_2022_2023_partial,ng_r1_auction_reclaim,10,60m,323094,0.000537275845016,0.0,0.4403393439680093,1.1394348487027686,323094,-0.0024805976448402,-0.0030162529300138,0.3311110698434511,0.5619297015203145,0.0030178734898562002,0.0030162529300138,-0.10922827412455816,0
primary_development_2022_2023_partial,ng_r1_auction_reclaim,20,15m,222971,0.0001425756571072,0.0,0.4012270654031242,1.0625774054131494,222971,-0.0028741073171511,-0.0030162529300138,0.2296576684860363,0.331483206363672,0.0030166829742583,0.0030162529300138,-0.1715693969170879,0
primary_development_2022_2023_partial,ng_r1_auction_reclaim,20,1d,222640,0.0028593415408877,0.001126126126126,0.508700143729788,1.3265327106940077,222640,-0.0001655358864266,-0.0018935234851152,0.4610671936758893,0.9838781044691728,0.0030248774273143003,0.0030196496112412,-0.047632950053898726,0
primary_development_2022_2023_partial,ng_r1_auction_reclaim,20,2d,222586,0.0038951598969363,0.001560062402496,0.5122065179301484,1.328480857159312,222586,0.0008671581794704,-0.0014608960703102,0.4773795297098649,1.065032611274643,0.0030280017174659,0.0030209584728062002,-0.03482698822028346,0
primary_development_2022_2023_partial,ng_r1_auction_reclaim,20,30m,222957,0.0002375414700643,0.0,0.4198074068093848,1.0803971264788144,222957,-0.0027794279451054,-0.0030162529300138,0.2768426198773754,0.4297872552342821,0.0030169694151697,0.0030162529300138,-0.14296478693200937,0
primary_development_2022_2023_partial,ng_r1_auction_reclaim,20,3d,222550,0.0049752157209964,0.002315484998606,0.5194518085823411,1.346648096244354,222550,0.0019439562819866,-0.0007077520198191,0.4916333408222871,1.1231030453503883,0.0030312594390097996,0.0030232370184251,-0.027818467760053978,0
primary_development_2022_2023_partial,ng_r1_auction_reclaim,20,5d,222506,0.0046567676157722,0.0015552099533437,0.5079054047980729,1.2447916663044112,222506,0.0016264686967928,-0.0014657338832484,0.4854925260442415,1.0794298198070706,0.0030302989189794,0.0030209438365921,-0.02241287875383141,0
primary_development_2022_2023_partial,ng_r1_auction_reclaim,20,5m,222980,5.0356338703447705e-05,0.0,0.3691317606960265,1.0330357037551174,222980,-0.0029660484787662,-0.0030162529300138,0.1628083236164678,0.1999537885847353,0.003016404817469648,0.0030162529300138,-0.2063234370795587,0
primary_development_2022_2023_partial,ng_r1_auction_reclaim,20,60m,222927,0.0006226054989725,0.0,0.440915636060235,1.1622001128147612,222927,-0.0023955253667023,-0.0030162529300138,0.3328982133164668,0.575592753543364,0.0030181308656748,0.0030162529300138,-0.10801742274376819,0
primary_development_2022_2023_partial,ng_r1_auction_reclaim,40,15m,149091,0.0002561935550281,0.0,0.4030558517952123,1.1112878564771995,149091,-0.0027608321195475,-0.0030162529300138,0.2351785151350517,0.3596323766735025,0.0030170256745756,0.0030162529300138,-0.1678773366601606,0
primary_development_2022_2023_partial,ng_r1_auction_reclaim,40,1d,148881,0.0032728443406092,0.0016207455429497,0.5183267173111411,1.382106186042691,148881,0.0002467196842635,-0.0014003959655567,0.4708592768721328,1.0245535961981236,0.0030261246563457003,0.0030211415085064,-0.0474674404390083,0
primary_development_2022_2023_partial,ng_r1_auction_reclaim,40,2d,148828,0.00457462306976,0.0022935779816511,0.5228653210417394,1.4004634363835702,148828,0.0015445719195082,-0.0007295929596699,0.4884027199182949,1.1200319839710489,0.0030300511502517995,0.003023170941321,-0.034462601123444514,0
primary_development_2022_2023_partial,ng_r1_auction_reclaim,40,30m,149088,0.0004050513749459,0.0,0.4246887744151105,1.13681156078025,149088,-0.002612423292465,-0.0030162529300138,0.2830341811547542,0.4628161579534393,0.0030174746674109,0.0030162529300138,-0.1416545932603563,0
primary_development_2022_2023_partial,ng_r1_auction_reclaim,40,3d,148797,0.0055579511683694,0.0031446540880504,0.5283775882578278,1.3958598232330088,148797,0.002524934051859,0.0001189160859296,0.5015222081090345,1.163407340953002,0.0030330171165104,0.0030257380021208,-0.026855380148793295,0
primary_development_2022_2023_partial,ng_r1_auction_reclaim,40,5d,148792,0.0056259477848224,0.0023157085657086,0.5143757728910157,1.3031695647587476,148792,0.0025927255733184,-0.0007075291270515,0.4931716758965536,1.1296963255674966,0.003033222211504,0.0030232376927601,-0.021204096994462074,0
primary_development_2022_2023_partial,ng_r1_auction_reclaim,40,5m,149096,0.0001301087677805,0.0,0.3720757096099157,1.0838399469248476,149096,-0.0028865366031866,-0.0030162529300138,0.1702258947255459,0.2239896699723917,0.0030166453709671,0.0030162529300138,-0.20184981488436982,0
primary_development_2022_2023_partial,ng_r1_auction_reclaim,40,60m,149061,0.0007612682991439,0.0,0.4436908379790824,1.198318460019596,149061,-0.0022572808086081,-0.0030162529300138,0.3372847357793118,0.5993522225622828,0.003018549107752,0.0030162529300138,-0.10640610219977059,0
primary_development_2022_2023_partial,ng_r1_auction_reclaim,60,15m,117564,0.0002666705292358,0.0,0.4004627266850396,1.1133345589188952,117564,-0.0027503867465439,-0.0030162529300138,0.2361181994488108,0.3698277194961131,0.0030170572757797,0.0030162529300138,-0.16434452723622883,0
primary_development_2022_2023_partial,ng_r1_auction_reclaim,60,1d,117387,0.0034510761346257,0.0015673981191224,0.5166670926082104,1.4051234709985374,117387,0.0004244138861092,-0.0014535824800608,0.4699413052552668,1.0424192987308925,0.0030266622485164998,0.0030209805991832,-0.04672578735294364,0
primary_development_2022_2023_partial,ng_r1_auction_reclaim,60,2d,117359,0.0047048287976241,0.002247191011236,0.5216216907097027,1.4140029506418348,117359,0.0016743849139642,-0.0007758400152499,0.4878961136342334,1.1306908475386206,0.0030304438836599,0.0030230310264859,-0.03372557707546925,0
primary_development_2022_2023_partial,ng_r1_auction_reclaim,60,30m,117561,0.0004348176138749,0.0,0.4199692074752681,1.144043170287436,117561,-0.0025827468360413,-0.0030162529300138,0.2834103146451629,0.4758658538950539,0.0030175644499162,0.0030162529300138,-0.1365588928301052,0
primary_development_2022_2023_partial,ng_r1_auction_reclaim,60,3d,117326,0.005396770545869,0.0028985507246376,0.5258766172885805,1.3822002754655702,117326,0.0023642395908834,-0.0001264449674922,0.4982442084448459,1.1521383500286138,0.0030325309549855996,0.0030249956921298,-0.02763240884373458,0
primary_development_2022_2023_partial,ng_r1_auction_reclaim,60,5d,117324,0.0054191583948809,0.0020434675076407,0.5119839078108486,1.288665701667413,117324,0.0023865599124802,-0.0009789490372305,0.4909737138181446,1.1180705495049166,0.0030325984824007,0.0030224165448712002,-0.021010193992703985,0
primary_development_2022_2023_partial,ng_r1_auction_reclaim,60,5m,117566,0.0001247901340651,0.0,0.3718336934147627,1.0781356600313026,117566,-0.0028918391945573,-0.0030162529300138,0.1730006974805641,0.2308853322117761,0.0030166293286224,0.0030162529300138,-0.1988329959341986,0
primary_development_2022_2023_partial,ng_r1_auction_reclaim,60,60m,117541,0.0008384704665291,0.0,0.4397784602819442,1.2162029103604866,117541,-0.0021803115024864,-0.0030162529300138,0.3356956296100935,0.6162504517666281,0.0030187819690155,0.0030162529300138,-0.10408283067185065,0
primary_development_2022_2023_partial,ng_r1_auction_reclaim,120,15m,74677,0.0003095873297959,0.0,0.4026139239658797,1.124562077791086,74677,-0.0027075993939089,-0.0030162529300138,0.2454972749307015,0.3956884271689952,0.0030171867237048,0.0030162529300138,-0.1571166490351782,0
primary_development_2022_2023_partial,ng_r1_auction_reclaim,120,1d,74548,0.0034146437329186,0.0015698587127158,0.5163250523152868,1.380409996557579,74548,0.0003880913737404,-0.0014511293082399,0.4717631593067554,1.0371011746547896,0.0030265523591782003,0.0030209880209557,-0.04456189300853142,0
primary_development_2022_2023_partial,ng_r1_auction_reclaim,120,2d,74522,0.0043420306803796,0.0018061415336435,0.5148949303561364,1.358867144111879,74522,0.0013126810876039,-0.001215559176063,0.4829714715117683,1.0967818388753985,0.0030293495927757,0.0030217007097065,-0.03192345884436815,0
primary_development_2022_2023_partial,ng_r1_auction_reclaim,120,30m,74673,0.0004599276535368,0.0,0.421142849490445,1.1445673658167432,74673,-0.0025577125346098,-0.0030162529300138,0.289903981358724,0.4965587522512064,0.0030176401881466,0.0030162529300138,-0.13123886813172098,0
primary_development_2022_2023_partial,ng_r1_auction_reclaim,120,3d,74520,0.0053104746161667,0.0024380337223356,0.5202093397745572,1.3634622390988644,74520,0.0022782039515321,-0.0005855729340366,0.4930488459473967,1.1419792370296824,0.0030322706646346,0.0030236066563722,-0.027160493827160515,0
primary_development_2022_2023_partial,ng_r1_auction_reclaim,120,5d,74525,0.0055716475768744,0.0027739251040224,0.5179738342837974,1.2916532112003916,74525,0.0025385891485319,-0.000250694685714,0.4976450855417645,1.1236903609530355,0.0030330584283425,0.0030246197897364,-0.020328748742032887,0
primary_development_2022_2023_partial,ng_r1_auction_reclaim,120,5m,74680,0.0001778763970837,0.0,0.3757096946973755,1.105889129945359,74680,-0.0028389130531345,-0.0030162529300138,0.1819630423138725,0.2571746863545653,0.0030167894502182,0.0030162529300138,-0.19374665238350297,0
primary_development_2022_2023_partial,ng_r1_auction_reclaim,120,60m,74659,0.0008939639744113,0.0,0.4415006898029708,1.2200669314657488,74659,-0.0021249853770596,-0.0030162529300138,0.3410439464766471,0.6370706709991328,0.0030189493514709,0.0030162529300138,-0.1004567433263237,0
primary_development_2022_2023_partial,ng_r1_auction_reclaim,240,15m,56404,0.0002157995872866,0.0,0.3925962697681016,1.0872466014011826,56404,-0.0028011042488648,-0.0030162529300138,0.23510743918871,0.3775020733858615,0.0030169038361514,0.0030162529300138,-0.1574888305793916,0
primary_development_2022_2023_partial,ng_r1_auction_reclaim,240,1d,56325,0.0037249087301754,0.0015151515151514,0.5148335552596538,1.4373225470468851,56325,0.0006974205332901,-0.0015056714950593,0.4699866844207723,1.0696911549883883,0.0030274881968853,0.0030208230102107,-0.0448468708388815,0
primary_development_2022_2023_partial,ng_r1_auction_reclaim,240,2d,56298,0.004997306009234,0.0019083969465649,0.5165369995381719,1.4428847615654896,56298,0.0019659799403276,-0.0011136121913305,0.4844399445806245,1.1542534860534917,0.0030313260689063997,0.0030220091378954,-0.03209705495754739,0
primary_development_2022_2023_partial,ng_r1_auction_reclaim,240,30m,56402,0.0004077300562407,0.0,0.4164568632318003,1.1303651274322184,56402,-0.0026097526907498,-0.0030162529300138,0.2837310733661927,0.482431999790043,0.0030174827469905,0.0030162529300138,-0.13272578986560762,0
primary_development_2022_2023_partial,ng_r1_auction_reclaim,240,3d,56284,0.0059676008184466,0.0024125487457076,0.5208052021888991,1.4344617887293776,56284,0.002933348094979,-0.0006109810415292,0.4923957074834766,1.1933251243276546,0.0030342527234676004,0.0030235297872367997,-0.028409494705422533,0
primary_development_2022_2023_partial,ng_r1_auction_reclaim,240,5d,56283,0.0064294191913637,0.0023584905660378,0.5152710409892863,1.36199027796308,56283,0.0033937735068756,-0.0006648761680562,0.4933994278911927,1.1768028950020974,0.0030356456844880995,0.003023366734094,-0.021871613098093656,0
primary_development_2022_2023_partial,ng_r1_auction_reclaim,240,5m,56405,7.180984622128784e-05,0.0,0.3669887421327896,1.0424832510476665,56405,-0.002944659680452,-0.0030162529300138,0.1733711550394468,0.2373161802572181,0.003016469526673288,0.0030162529300138,-0.19361758709334279,0
primary_development_2022_2023_partial,ng_r1_auction_reclaim,240,60m,56392,0.0007971948761461,0.0,0.4393176337069088,1.1995503997114534,56392,-0.0022214625952485,-0.0030162529300138,0.3353844516952759,0.6168566020928693,0.0030186574713945997,0.0030162529300138,-0.10393318201163287,0
primary_development_2022_2023_partial,ng_r3_volume_quality,10,15m,792853,-2.240531410311352e-05,0.0,0.3900723084859362,0.9885562025584376,792853,-0.0030385906640191,-0.0030162529300138,0.1998150981329452,0.2483107895092275,0.0030161853499159866,0.0030162529300138,-0.190257210352991,0
primary_development_2022_2023_partial,ng_r3_volume_quality,10,1d,791528,0.0003028080915797,-0.0006854009595613,0.4689246621724058,1.0301219300303532,791528,-0.0027143581842266,-0.0036995865469226,0.4219168494355221,0.767602381068064,0.0030171662758063,0.0030141855873613,-0.0470078127368837,0
primary_development_2022_2023_partial,ng_r3_volume_quality,10,2d,791322,0.0002641729730974,-0.0015015015015015,0.4672358407828924,1.019228179143823,791322,-0.0027528767694196,-0.004513225523212,0.4331258324676933,0.820598438619923,0.003017049742517,0.0030117240217105,-0.03411000831519906,0
primary_development_2022_2023_partial,ng_r3_volume_quality,10,30m,792787,-1.0548076985860535e-05,0.0,0.4069289733560212,0.9960834051168542,792787,-0.0030267691913286,-0.0030162529300139,0.2519138179611926,0.3519856141707543,0.0030162211143427396,0.0030162529300139,-0.15501515539482857,0
primary_development_2022_2023_partial,ng_r3_volume_quality,10,3d,791336,0.0001866527303669,-0.001919754342205,0.4676104714053196,1.0111265231407824,791336,-0.0028301631914908,-0.0049302168075593,0.4391383685311928,0.8458903879671291,0.0030168159218577,0.0030104624653543,-0.02847210287412677,0
primary_development_2022_2023_partial,ng_r3_volume_quality,10,5d,791131,0.0001676929896855,-0.0022692889561272,0.4719408037354117,1.007732090970547,791131,-0.0028490657447995,-0.0052786971366781,0.450335026689638,0.8774106798248529,0.0030167587344849998,0.0030094081805509,-0.02160577704577371,0
primary_development_2022_2023_partial,ng_r3_volume_quality,10,5m,792886,-3.2309309414395105e-05,0.0,0.3590099963929241,0.9736420614739209,792886,-0.0030484647863741,-0.0030162529300138,0.1270094313684439,0.1253729181893697,0.0030161554769597048,0.0030162529300138,-0.2320005650244802,0
primary_development_2022_2023_partial,ng_r3_volume_quality,10,60m,792552,-2.824848036574907e-05,0.0,0.4234864084627885,0.9930374845108866,792552,-0.0030444162058158,-0.003016252930014,0.311216172566595,0.4859170520775037,0.003016167725450051,0.003016252930014,-0.1122702358961935,0
primary_development_2022_2023_partial,ng_r3_volume_quality,20,15m,531522,-6.665205033238188e-06,0.0,0.392151218576089,0.9966265999656972,531522,-0.0030228980310977,-0.0030162529300138,0.2049247255993166,0.253461070276504,0.003016232826064462,0.0030162529300138,-0.18722649297677238,0
primary_development_2022_2023_partial,ng_r3_volume_quality,20,1d,530672,0.0005365157954556,-0.0004000800320128,0.4703281876564054,1.0540121282657096,530672,-0.0024813554018979,-0.0034151262194576,0.4234762715952603,0.7852810724225096,0.0030178711973535,0.0030150461874448,-0.04685191606114508,0
primary_development_2022_2023_partial,ng_r3_volume_quality,20,2d,530567,0.0006109255091995,-0.0009832841691248,0.4740965796968149,1.0448113358170523,530567,-0.0024071701266711,-0.0039965712653824,0.4399142803830619,0.8418275677609681,0.0030180956358706,0.0030132870962576,-0.034182299313752995,0
primary_development_2022_2023_partial,ng_r3_volume_quality,20,30m,531472,1.6058637068377016e-06,0.0,0.407801351717494,1.000594550846447,531472,-0.0030146519099942,-0.0030162529300139,0.2544367342023662,0.3549834443360369,0.0030162577737010378,0.0030162529300139,-0.1533646175151278,0
primary_development_2022_2023_partial,ng_r3_volume_quality,20,3d,530574,0.0006812516375015,-0.0012161998790258,0.4762653277393917,1.0409597988622783,530574,-0.0023370561197596,-0.0042287844425911,0.4483615857542963,0.8715538097122936,0.0030183077572610998,0.0030125845635653003,-0.027903741985095376,0
primary_development_2022_2023_partial,ng_r3_volume_quality,20,5d,530397,0.0004958867001395,-0.0016920473773264,0.4776704996446058,1.022946367158296,530397,-0.0025218619495861,-0.0047031966644807,0.45592452445998,0.8910487199391326,0.0030177486497256004,0.0030111492871543,-0.021745975184625788,0
primary_development_2022_2023_partial,ng_r3_volume_quality,20,5m,531543,-2.4825425221472485e-05,0.0,0.3605841860395113,0.979961593962165,531543,-0.0030410034754663,-0.0030162529300138,0.1299951273932682,0.1285708690186993,0.0030161780502448274,0.0030162529300138,-0.2305890586462431,0
primary_development_2022_2023_partial,ng_r3_volume_quality,20,60m,531337,8.54607174538172e-06,0.0,0.4226865435683944,1.0021421785881828,531337,-0.0030077326353796,-0.003016252930014,0.3107048822122306,0.4864152925867594,0.0030162787071249817,0.003016252930014,-0.11198166135616383,0
primary_development_2022_2023_partial,ng_r3_volume_quality,40,15m,356756,4.333607045011949e-05,0.0,0.3955868997297873,1.0216333851358093,356756,-0.0029730475721138,-0.0030162529300138,0.2110377961407797,0.2679350653284493,0.0030163836425639193,0.0030162529300138,-0.18454910358900758,0
primary_development_2022_2023_partial,ng_r3_volume_quality,40,1d,356189,0.0006551760760057,0.0,0.4744475545286351,1.06599951595521,356189,-0.0023630530307671,-0.0030162529300139,0.4284354654411001,0.7951723147827451,0.0030182291067728,0.0030162529300139,-0.04601208908753496,0
primary_development_2022_2023_partial,ng_r3_volume_quality,40,2d,356136,0.000773468532411,-0.0004665811331416,0.4781740683334456,1.0565386169880542,356136,-0.0022451173743301,-0.0034814267364455,0.4449451894781768,0.8528017179834686,0.0030185859067411,0.0030148456033039003,-0.03322887885526882,0
primary_development_2022_2023_partial,ng_r3_volume_quality,40,30m,356733,5.608566595581512e-05,0.0,0.4110104756218236,1.020500702510786,356733,-0.0029603364326129,-0.0030162529300139,0.2601385349827462,0.3693854669670384,0.003016422098568715,0.0030162529300139,-0.15087194063907738,0
primary_development_2022_2023_partial,ng_r3_volume_quality,40,3d,356115,0.0007853909706897,-0.0011223344556676,0.4785448520842986,1.046849054650919,356115,-0.0022332308971408,-0.0041352021410911,0.4514777529730565,0.8780859145284216,0.0030186218678305,0.0030128676854235,-0.02706709911124211,0
primary_development_2022_2023_partial,ng_r3_volume_quality,40,5d,356006,0.0004491285541959,-0.0019801980198019,0.4760678190817008,1.0204684242258288,356006,-0.0025684790611353,-0.0049904781717365,0.4555344572844277,0.8906135487598595,0.0030176076153312003,0.0030102801519345996,-0.02053336179727311,0
primary_development_2022_2023_partial,ng_r3_volume_quality,40,5m,356774,3.7780395282830224e-06,0.0,0.3644660205059786,1.0030115413198182,356774,-0.0030124862860091,-0.0030162529300138,0.1359516108236586,0.136752299240193,0.003016264325537383,0.0030162529300138,-0.22851440968232,0
primary_development_2022_2023_partial,ng_r3_volume_quality,40,60m,356648,6.993248754517503e-05,0.0,0.4269896368408066,1.0173945264865745,356648,-0.0029465313765395,-0.0030162529300139,0.3159473766851349,0.4982986816405758,0.0030164638640846754,0.0030162529300139,-0.1110422601556717,0
primary_development_2022_2023_partial,ng_r3_volume_quality,60,15m,285688,5.773027302193901e-05,0.0,0.3962014505334491,1.0286412893949386,285688,-0.0029586967860982,-0.0030162529300138,0.2130961048416454,0.273121413345215,0.003016427059120139,0.0030162529300138,-0.18310534569180367,0
primary_development_2022_2023_partial,ng_r3_volume_quality,60,1d,285262,0.0007348644982542,0.0,0.4770491688342646,1.073030748918654,285262,-0.0022836049689557,-0.0030162529300139,0.4321851490910111,0.8041917171454203,0.0030184694672099,0.0030162529300139,-0.04486401974325355,0
primary_development_2022_2023_partial,ng_r3_volume_quality,60,2d,285210,0.0009229859512124,0.0,0.4823358227271133,1.066939363782415,285210,-0.0020960509378812,-0.0030162529300139,0.4499176045720697,0.8634155260589317,0.0030190368890936,0.0030162529300139,-0.03241821815504359,0
primary_development_2022_2023_partial,ng_r3_volume_quality,60,30m,285668,0.0001195894534785,0.0,0.4131579315849167,1.04351165103291,285668,-0.0028970241885756,-0.0030162529300138,0.2630326112830278,0.3835627124465331,0.0030166136420540996,0.0030162529300138,-0.1501253203018889,0
primary_development_2022_2023_partial,ng_r3_volume_quality,60,3d,285148,0.0007795089369662,-0.0008892857086369,0.4805469440430934,1.04593609735873,285148,-0.0022390951891627,-0.0039028563280264,0.4539432154530279,0.879074999568764,0.0030186041261288997,0.0030135706193895,-0.02660372859006549,0
primary_development_2022_2023_partial,ng_r3_volume_quality,60,5d,285021,0.0003780515450684,-0.002020202020202,0.476789429550805,1.0169292582469418,285021,-0.0026393416840259,-0.0050303615099531,0.4568435308275531,0.8894079993260778,0.0030173932290943,0.0030101594897511004,-0.01994589872325192,0
primary_development_2022_2023_partial,ng_r3_volume_quality,60,5m,285694,8.988905096994439e-06,0.0,0.3655694554313356,1.007112490526311,285694,-0.00300729113773,-0.0030162529300138,0.1374652600334623,0.139342099029049,0.0030162800428269946,0.0030162529300138,-0.22810419539787333,0
primary_development_2022_2023_partial,ng_r3_volume_quality,60,60m,285610,0.000196870795672,0.0,0.4288470291656455,1.0490167244849555,285610,-0.0028199759464567,-0.0030162529300139,0.3193410594867126,0.5188443973725991,0.0030168467421287,0.0030162529300139,-0.10950596967893289,0
primary_development_2022_2023_partial,ng_r3_volume_quality,120,15m,186982,4.5686067790638855e-05,0.0,0.3985035992769357,1.021597328533104,186982,-0.0029707046629601,-0.0030162529300138,0.2205773817800644,0.2851028779895062,0.003016390730750739,0.0030162529300138,-0.1779262174968713,0
primary_development_2022_2023_partial,ng_r3_volume_quality,120,1d,186698,0.0003847426880747,-0.0005795422103549,0.471890432677372,1.0365414048823571,186698,-0.0026326707231994,-0.0035940470944787,0.4278513963727517,0.7831854373207644,0.0030174134112741,0.0030145048841238,-0.044039036304620305,0
primary_development_2022_2023_partial,ng_r3_volume_quality,120,2d,186629,0.0003632484032626,-0.0011614401858304,0.4742296213343049,1.0251823774848727,186629,-0.002654100175812,-0.0041741899184807,0.4429965332290265,0.8341612741197239,0.0030173485790746,0.0030127497326503,-0.031233088105278417,0
primary_development_2022_2023_partial,ng_r3_volume_quality,120,30m,186971,6.901223685173005e-05,0.0,0.4120639029582127,1.0239178504785746,186971,-0.0029474488515246,-0.0030162529300139,0.2683464280556877,0.3898270360480006,0.00301646108837633,0.0030162529300139,-0.143717474902525,0
primary_development_2022_2023_partial,ng_r3_volume_quality,120,3d,186581,0.0002542185851268,-0.0016365202411714,0.4733547360127773,1.014522579860992,186581,-0.0027628011324394,-0.0046478370122128,0.4469533339407549,0.855140556752166,0.0030170197175661997,0.0030113167710414004,-0.02640140207202235,0
primary_development_2022_2023_partial,ng_r3_volume_quality,120,5d,186589,-0.0002640651027696,-0.0025839793281653,0.4724930194170074,0.9884715300861694,186589,-0.0032795215456435,-0.0055924383229593,0.4523900122729635,0.8658730232191443,0.0030154564428739,0.0030084589947939997,-0.020103007144043894,0
primary_development_2022_2023_partial,ng_r3_volume_quality,120,5m,186988,2.1226172961895643e-05,0.0,0.3689381136757439,1.0162121890123788,186988,-0.0029950907805599,-0.0030162529300138,0.1446296018995871,0.1494199085724069,0.0030163169535217956,0.0030162529300138,-0.22430851177615682,0
primary_development_2022_2023_partial,ng_r3_volume_quality,120,60m,186929,8.910066180663164e-05,0.0,0.4260601618796441,1.021074581134271,186929,-0.00292742101834,-0.0030162529300139,0.3219083181314831,0.5180160831137436,0.0030165216801466316,0.0030162529300139,-0.104151843748161,0
primary_development_2022_2023_partial,ng_r3_volume_quality,240,15m,141102,2.214997850945003e-05,0.0,0.3937789684058341,1.0105807220355565,141102,-0.0029941697614429,-0.0030162529300138,0.2152910660373347,0.278089845801506,0.00301631973995235,0.0030162529300138,-0.1784879023684994,0
primary_development_2022_2023_partial,ng_r3_volume_quality,240,1d,140888,0.0004011721481297,-0.0007814535565399,0.4675486911589347,1.0392518349985036,140888,-0.0026162908185515,-0.003795349424974,0.4223212764749304,0.7791778720712911,0.0030174629666811998,0.0030138958684340997,-0.04522741468400432,0
primary_development_2022_2023_partial,ng_r3_volume_quality,240,2d,140851,0.0005861165411738,-0.0011911852293029,0.4727832958232458,1.0424307228307352,140851,-0.0024319042645746,-0.0042038452433789,0.4406358492307474,0.8420757196434537,0.0030180208057484,0.003012660014076,-0.03214744659249841,0
primary_development_2022_2023_partial,ng_r3_volume_quality,240,30m,141090,4.2302253817006905e-05,0.0,0.4084910340917145,1.0148262600516431,141090,-0.0029740782704946,-0.0030162529300139,0.2636614926642568,0.3815427611108413,0.003016380524311607,0.0030162529300139,-0.1448295414274577,0
primary_development_2022_2023_partial,ng_r3_volume_quality,240,3d,140821,0.0008660939941703,-0.0014154281670205,0.4747232302000412,1.0522926050537875,140821,-0.0021527712943912,-0.0044274118076784,0.4477386185299067,0.881248517656348,0.0030188652885615,0.0030119836406579,-0.026984611670134495,0
primary_development_2022_2023_partial,ng_r3_volume_quality,240,5d,140791,0.0012175346484719,-0.001937984496124,0.4766852994864728,1.0572853532462896,140791,-0.0018023906739928,-0.004948391974723,0.4559808510487176,0.9209220621399866,0.0030199253224647,0.0030104074785990004,-0.020704448437755207,0
primary_development_2022_2023_partial,ng_r3_volume_quality,240,5m,141107,-4.501475769930592e-06,0.0,0.3631570368585541,0.9965521558600412,141107,-0.0030207408281958,-0.0030162529300138,0.141254508989632,0.1442599505519699,0.0030162393524258697,0.0030162529300138,-0.22190252786892212,0
primary_development_2022_2023_partial,ng_r3_volume_quality,240,60m,141056,5.100720535128427e-05,0.0,0.424285390199637,1.0122816165361106,141056,-0.0029653995752956,-0.0030162529300139,0.3178028584392015,0.5063340703191241,0.003016406780646884,0.0030162529300139,-0.10648253176043554,0
primary_development_2022_2023_partial,s0_distance_only,10,15m,1534647,0.0001770046696114,0.0,0.4090243554380909,1.086840362737296,1534647,-0.0028397821512619,-0.0030162529300138,0.2213212549856742,0.300373792703462,0.0030167868208733,0.0030162529300138,-0.1877031004524167,0
primary_development_2022_2023_partial,s0_distance_only,10,1d,1532126,0.0003604615311876,-0.0003740415316914,0.4697440027778394,1.036615714090199,1532126,-0.0026568786419762,-0.0033891662578393,0.4232386892461847,0.768339593017949,0.0030173401731638,0.0030151247261479,-0.04650531353165471,0
primary_development_2022_2023_partial,s0_distance_only,10,2d,1531889,0.0003749718200511,-0.0012958163643096,0.469150179941236,1.0283015250166418,1531889,-0.002642412119814,-0.004308160784418,0.434209658793816,0.8220741407698186,0.0030173839398651,0.0030123444201084005,-0.03494052114741997,0
primary_development_2022_2023_partial,s0_distance_only,10,30m,1534586,0.0001915355227133,0.0,0.419715806087114,1.0708859398997386,1534586,-0.0028252951268867,-0.0030162529300138,0.2648948967343635,0.3910359550942938,0.0030168306496000004,0.0030162529300138,-0.1548209093527505,0
primary_development_2022_2023_partial,s0_distance_only,10,3d,1531753,0.000334146174365,-0.0016077170418006,0.4701808973117728,1.0207475085019448,1531753,-0.0026831146250266,-0.0046191206905764,0.4411148533738794,0.8483155348831227,0.0030172607993915997,0.0030114036487757997,-0.029066043937893415,0
primary_development_2022_2023_partial,s0_distance_only,10,5d,1531357,0.000379450154925,-0.0019531249999998,0.4738509700873147,1.0182545899565556,1531357,-0.0026379472927306,-0.0049634868110097,0.4515465694805326,0.8819024456057831,0.0030173974476556,0.0030103618110099,-0.02230440060678207,0
primary_development_2022_2023_partial,s0_distance_only,10,5m,1534679,0.0001151131006183,0.0,0.3825633894775389,1.086517973508777,1534679,-0.0029014870396319,-0.0030162529300138,0.154739851134993,0.1726756606615355,0.0030166001402502003,0.0030162529300138,-0.22782353834254587,0
primary_development_2022_2023_partial,s0_distance_only,10,60m,1534120,0.0001427750485722,0.0,0.4327093056605741,1.03625230554296,1534120,-0.002873908527103,-0.0030162529300139,0.3190982452480901,0.5024376609234604,0.0030166835756752,0.0030162529300139,-0.11361106041248398,0
primary_development_2022_2023_partial,s0_distance_only,20,15m,1048509,0.0002423130467795,0.0,0.413543422135623,1.118701957823578,1048509,-0.002774670760673,-0.0030162529300138,0.227229332318559,0.3141013145041267,0.0030169838074525003,0.0030162529300138,-0.18631408981706402,0
primary_development_2022_2023_partial,s0_distance_only,20,1d,1046889,0.0005813958426763,0.0,0.4721436561087183,1.059825404194519,1046889,-0.0024366107242509,-0.0030162529300139,0.4248607063404047,0.78506430448834,0.0030180065669272002,0.0030162529300139,-0.0472829497683136,0
primary_development_2022_2023_partial,s0_distance_only,20,2d,1046684,0.0006906409879047,-0.0006817794641564,0.4754806608298206,1.052549884396767,1046684,-0.0023276950900117,-0.0036959759748639,0.4406573521712379,0.8419286437591174,0.0030183360779164003,0.0030141965107075,-0.034823308658582686,0
primary_development_2022_2023_partial,s0_distance_only,20,30m,1048462,0.0002663006723266,0.0,0.42340590312286,1.098809945557628,1048462,-0.0027507554878709,-0.0030162529300138,0.269539573203416,0.4044278203481437,0.0030170561601975,0.0030162529300138,-0.153866329919444,0
primary_development_2022_2023_partial,s0_distance_only,20,3d,1046610,0.0007674161149582,-0.0008433481294137,0.478573680740677,1.048024472627514,1046610,-0.0022511515361602,-0.0038570573081611,0.4501218218820764,0.8716373767669976,0.0030185676511184,0.0030137091787474,-0.02845185885860063,0
primary_development_2022_2023_partial,s0_distance_only,20,5d,1046335,0.0005643657960762,-0.001418439716312,0.479101817295608,1.0271793857508291,1046335,-0.0024535894039233,-0.0044304142733755,0.4568527288105626,0.8899684165215875,0.0030179551999995,0.0030119745570635,-0.02224908848504542,0
primary_development_2022_2023_partial,s0_distance_only,20,5m,1048521,0.0001565874904128,0.0,0.3861458187294294,1.1170978006763457,1048521,-0.00286013774708,-0.0030162529300138,0.1594045326703041,0.1827895048611244,0.0030167252374927998,0.0030162529300138,-0.22674128605912527,0
primary_development_2022_2023_partial,s0_distance_only,20,60m,1048178,0.0002363920066503,0.0,0.4349661984891879,1.0610176162420888,1048178,-0.0027805739414467,-0.0030162529300139,0.3215150480166536,0.5125710091397334,0.0030169659480969997,0.0030162529300139,-0.11345115047253429,0
primary_development_2022_2023_partial,s0_distance_only,40,15m,705352,0.0002856909726949,0.0,0.4161780217536776,1.136716522120948,705352,-0.0027314236735457,-0.0030162529300138,0.2323946058138347,0.330824605683055,0.0030171146462405997,0.0030162529300138,-0.18378341593984288,0
primary_development_2022_2023_partial,s0_distance_only,40,1d,704268,0.0007174127879607,0.0,0.4770896874485281,1.0739797580343882,704268,-0.0023010040404759,-0.0030162529300138,0.4305974430188508,0.7963696745283223,0.0030184168284366,0.0030162529300138,-0.04649224442967731,0
primary_development_2022_2023_partial,s0_distance_only,40,2d,704200,0.0008087699846927,0.0,0.4795242828741834,1.0612680764522606,704200,-0.0022099224001565,-0.0030162529300139,0.4454302754899176,0.8503782417797955,0.0030186923848492,0.0030162529300139,-0.03409400738426582,0
primary_development_2022_2023_partial,s0_distance_only,40,30m,705322,0.0003281510007378,0.0,0.4274799311520128,1.119224833248873,705322,-0.0026890917156885,-0.0030162529300138,0.2759548121283612,0.4229535606424439,0.0030172427164263,0.0030162529300138,-0.15152511902365162,0
primary_development_2022_2023_partial,s0_distance_only,40,3d,704113,0.0008030313119157,-0.0006278777731268,0.4803405135255278,1.0497711904464242,704113,-0.0022156437636449,-0.0036422368649677,0.4524543645693233,0.8747197408164485,0.0030186750755606,0.0030143590918408998,-0.027886148956204504,0
primary_development_2022_2023_partial,s0_distance_only,40,5d,703878,0.0004085801784757,-0.0017793594306049,0.4765570169830567,1.0193233659032106,703878,-0.0026089051326979,-0.0047902453625228,0.4555661634544622,0.8849881767491472,0.0030174853111735998,0.0030108859319179,-0.020990853528594478,0
primary_development_2022_2023_partial,s0_distance_only,40,5m,705362,0.0001915728107203,0.0,0.3907383726370289,1.1405998794210384,705362,-0.0028252579513355,-0.0030162529300138,0.1643893490151156,0.1951043147757606,0.0030168307620558,0.0030162529300138,-0.22634902362191328,0
primary_development_2022_2023_partial,s0_distance_only,40,60m,705129,0.0003218395404078,0.0,0.4393025956952557,1.0823715572833317,705129,-0.0026953841390592,-0.0030162529300138,0.3271358857740924,0.5290035599728726,0.003017223679467,0.0030162529300138,-0.11216670992116329,0
primary_development_2022_2023_partial,s0_distance_only,60,15m,562773,0.0003164573711894,0.0,0.4167257491031019,1.1501307483506849,562773,-0.002700750074293,-0.0030162529300138,0.2352227274584957,0.3403762528135459,0.0030172074454824,0.0030162529300138,-0.1815030216446062,0
primary_development_2022_2023_partial,s0_distance_only,60,1d,561993,0.0007768012561914,0.0,0.4787443971722068,1.079046765255702,561993,-0.0022417947028871,-0.0030162529300138,0.4328078819487075,0.8037474309833407,0.0030185959590785004,0.0030162529300138,-0.045936515223499286,0
primary_development_2022_2023_partial,s0_distance_only,60,2d,561858,0.0008740256444964,0.0,0.4813547195198787,1.065520403915237,561858,-0.0021448635679285,-0.0030162529300139,0.4483677370438794,0.8560675846512087,0.0030188892124249,0.0030162529300139,-0.032986982475999294,0
primary_development_2022_2023_partial,s0_distance_only,60,30m,562758,0.0003820135899004,0.0,0.4276687314973754,1.137816555658684,562758,-0.0026353915897199,-0.0030162529300138,0.2779720590378102,0.4363405118718828,0.0030174051796203,0.0030162529300138,-0.1496966724595652,0
primary_development_2022_2023_partial,s0_distance_only,60,3d,561751,0.0008006254876443,-0.0007153075822604,0.4806845025643034,1.0490772223982436,561751,-0.0022180423313423,-0.0037294029636834,0.4537544214429524,0.8758212645457095,0.0030186678189866,0.003014095381423,-0.02693008112135098,0
primary_development_2022_2023_partial,s0_distance_only,60,5d,561582,0.0002367673219737,-0.002004008016032,0.4753143797343932,1.011002662063513,561582,-0.0027801997581681,-0.0050142163509957,0.4551285475674078,0.8794379036121577,0.0030169670801418,0.0030102083349636995,-0.02018583216698544,0
primary_development_2022_2023_partial,s0_distance_only,60,5m,562788,0.0002148277644311,0.0,0.3922844836776903,1.156157786069654,562788,-0.0028020731404499,-0.0030162529300138,0.1674378273879329,0.2024896569912544,0.003016900904881,0.0030162529300138,-0.22484665628975742,0
primary_development_2022_2023_partial,s0_distance_only,60,60m,562623,0.0004241451327982,0.0,0.4419851303626051,1.1081163642714362,562623,-0.0025933871262131,-0.0030162529300138,0.3305659384703434,0.5472392358180278,0.0030175322590112997,0.0030162529300138,-0.11141919189226174,0
primary_development_2022_2023_partial,s0_distance_only,120,15m,365876,0.0002599182437383,0.0,0.4167094862740382,1.115594670742942,365876,-0.0027571186654409,-0.0030162529300138,0.2403136581792738,0.3477717791737845,0.0030170369091792,0.0030162529300138,-0.1763958280947644,0
primary_development_2022_2023_partial,s0_distance_only,120,1d,365333,0.0004500243027147,0.0,0.4727440444744931,1.0436180445049843,365333,-0.0025675860144208,-0.0030162529300139,0.4292960121313979,0.784736011456183,0.0030176103171354997,0.0030162529300139,-0.04344803234309519,0
primary_development_2022_2023_partial,s0_distance_only,120,2d,365212,0.000426867968946,-0.0009235742815162,0.4748967722856861,1.0306366929963269,365212,-0.0025906725028299,-0.0039370414778973,0.4433999978094914,0.83298657253182,0.0030175404717759,0.0030134671963811003,-0.0314967744761947,0
primary_development_2022_2023_partial,s0_distance_only,120,30m,365865,0.0002946417678733,0.0,0.4245855711806267,1.0996602353174625,365865,-0.0027224998762369,-0.0030162529300138,0.2814453418610689,0.4400129077639964,0.0030171416441102,0.0030162529300138,-0.14314022931955778,0
primary_development_2022_2023_partial,s0_distance_only,120,3d,365156,0.0003114490507274,-0.0014144271570014,0.4747724260316139,1.0184554841350015,365156,-0.0027057432883982,-0.0044264138169587,0.4477100198271423,0.8532731420984496,0.0030171923391255997,0.0030119866599573,-0.02706240620447159,0
primary_development_2022_2023_partial,s0_distance_only,120,5d,365120,-6.218176994361038e-05,-0.0022271714922048,0.4743700701139351,0.99717347747501,365120,-0.0030782471440114,-0.0052367067096796,0.4544177256792287,0.8692429403258617,0.00301606537406779,0.0030095352174747997,-0.019952344434706393,0
primary_development_2022_2023_partial,s0_distance_only,120,5m,365879,0.0001845877582327,0.0,0.3939034489544357,1.125979992997835,365879,-0.0028322219351491,-0.0030162529300138,0.1740466110380754,0.2111718110817181,0.0030168096933818,0.0030162529300138,-0.2198568379163603,0
primary_development_2022_2023_partial,s0_distance_only,120,60m,365773,0.0003077523379109,0.0,0.4381214578440727,1.0738187372246473,365773,-0.0027094288509944,-0.0030162529300139,0.3318150874996241,0.5468902511517437,0.0030171811889052997,0.0030162529300139,-0.10630637034444862,0
primary_development_2022_2023_partial,s0_distance_only,240,15m,279820,0.000203325533073,0.0,0.411636051747552,1.0915930649769146,279820,-0.0028135406781768,-0.0030162529300138,0.2353227074547923,0.3321357532302598,0.0030168662112498,0.0030162529300138,-0.17631334429275972,0
primary_development_2022_2023_partial,s0_distance_only,240,1d,279415,0.0003632035334515,-0.0005396654074474,0.4675446915877816,1.0363745756098262,279415,-0.0026541449102845,-0.003554290570095,0.4216810121145966,0.7714713598682577,0.0030173484437359998,0.0030146251626476,-0.04586367947318504,0
primary_development_2022_2023_partial,s0_distance_only,240,2d,279360,0.00050213642917,-0.0009756097560975,0.4725694444444444,1.0376707623668555,279360,-0.0025156310713196,-0.0039889200003258,0.4394616265750286,0.8313745428121193,0.0030177675004896,0.0030133102442283,-0.0331078178694158,0
primary_development_2022_2023_partial,s0_distance_only,240,30m,279812,0.0002252464254333,0.0,0.4214829957257015,1.0774719544408222,279812,-0.002791685904772,-0.0030162529300138,0.2764391805926837,0.4211679308930094,0.0030169323302052997,0.0030162529300138,-0.14504381513301784,0
primary_development_2022_2023_partial,s0_distance_only,240,3d,279290,0.000811359822271,-0.001207729468599,0.4753625264062444,1.0509892117707018,279290,-0.002207340374184,-0.0042203395810646,0.4479179347631494,0.8737100203583288,0.003018700196455,0.0030126101124656,-0.027444591643094984,0
primary_development_2022_2023_partial,s0_distance_only,240,5d,279233,0.0012003126971993,-0.0017152658662092,0.4761793914043111,1.0590950669689825,279233,-0.0018195606795043,-0.0047263451205284,0.4554189511984615,0.9167406656184331,0.0030198733767036,0.0030110792543191997,-0.020760440205849606,0
primary_development_2022_2023_partial,s0_distance_only,240,5m,279823,0.0001340405882617,0.0,0.3868266725751635,1.092223478017169,279823,-0.0028826166420709,-0.0030162529300138,0.1683278358104944,0.1980348910156504,0.0030166572303326,0.0030162529300138,-0.2184988367646691,0
primary_development_2022_2023_partial,s0_distance_only,240,60m,279739,0.0002197573904297,0.0,0.4355381266108765,1.0537380801289833,279739,-0.0027971583834574,-0.0030162529300139,0.3268939976192093,0.5266599992096307,0.0030169157738871,0.0030162529300139,-0.1086441289916672,0
primary_development_2022_2023_partial,s0_liquidity_matched,10,15m,16238271,0.0002126341252784,0.0,0.4135325737573908,1.099320515797463,16238271,-0.0028042601629547,-0.0030162529300138,0.2298892536034162,0.3234483340934924,0.0030168942882330997,0.0030162529300138,-0.18364332015397458,0
primary_development_2022_2023_partial,s0_liquidity_matched,10,1d,16209221,0.0006401868891103,0.0,0.4744556817381908,1.0616392956903609,16209221,-0.0023779970064674,-0.0030162529300139,0.4288342419416701,0.8017341920175886,0.0030181838955777003,0.0030162529300139,-0.045621439796520724,0
primary_development_2022_2023_partial,s0_liquidity_matched,10,2d,16207262,0.0007749404113323,-0.0012499999999999,0.4721037396692915,1.0552500414732375,16207262,-0.0022436499349563,-0.0042624826138513,0.438631768894709,0.856320406917063,0.0030185903462886,0.0030124826138514,-0.03347197077458247,0
primary_development_2022_2023_partial,s0_liquidity_matched,10,30m,16237276,0.0002577951143184,0.0,0.42514514134021,1.0895031126943746,16237276,-0.0027592353909034,-0.0030162529300138,0.276126180278022,0.424516845528002,0.0030170305052218,0.0030162529300138,-0.14901896106218798,0
primary_development_2022_2023_partial,s0_liquidity_matched,10,3d,16204118,0.0008206749455322,-0.0016420361247947,0.4725632706451533,1.0483667151954228,16204118,-0.0021980533476806,-0.0046533362585359,0.4447612020598714,0.8814447379945645,0.0030187282932128004,0.0030113001337412,-0.02780206858528189,0
primary_development_2022_2023_partial,s0_liquidity_matched,10,5d,16200530,0.0007802243008546,-0.0021795989537924,0.4736203074837675,1.0357171266963372,16200530,-0.0022383819829839,-0.0051892776620757,0.4521660093836436,0.904309235707314,0.0030186062838384996,0.0030096787082832996,-0.021454298100123892,0
primary_development_2022_2023_partial,s0_liquidity_matched,10,5m,16238841,0.0001265906564377,0.0,0.3878549583680264,1.092570153294954,16238841,-0.002890044102892,-0.0030162529300138,0.1574960922395878,0.1824017985037409,0.0030166347593297,0.0030162529300138,-0.23035886612843862,0
primary_development_2022_2023_partial,s0_liquidity_matched,10,60m,16232673,0.0003116466177051,0.0,0.4369067250969695,1.074759674377602,16232673,-0.0027055463172889,-0.0030162529300139,0.3277978925590382,0.5482289177647179,0.003017192934994,0.0030162529300139,-0.1091088325379313,0
primary_development_2022_2023_partial,s0_liquidity_matched,20,15m,11603835,0.0002190248254235,0.0,0.4144078229309534,1.1021281124972562,11603835,-0.0027978887387888,-0.0030162529300138,0.231474163498533,0.3249278208621572,0.0030169135642123,0.0030162529300138,-0.1829336594324204,0
primary_development_2022_2023_partial,s0_liquidity_matched,20,1d,11583375,0.0007673821636775,0.0,0.4765896813320815,1.0740876874823977,11583375,-0.0022511853850229,-0.0030162529300139,0.4308372991464059,0.8117678018043791,0.0030185675487004,0.0030162529300139,-0.04575238218567562,0
primary_development_2022_2023_partial,s0_liquidity_matched,20,2d,11581827,0.0009936414845044,-0.00083869164104,0.4763764818797587,1.0713201697280357,11581827,-0.0020256085195402,-0.0038524148649342,0.4426539094393311,0.8693955309957746,0.0030192500040446,0.0030137232238942,-0.03372257244042759,0
primary_development_2022_2023_partial,s0_liquidity_matched,20,30m,11603197,0.0002560548906703,0.0,0.4253014061555621,1.0886283158800016,11603197,-0.002760970365604,-0.0030162529300138,0.2775915982465867,0.4249389977444026,0.0030170252562743,0.0030162529300138,-0.14770980790897542,0
primary_development_2022_2023_partial,s0_liquidity_matched,20,3d,11580610,0.0010608321633261,-0.0012978585334197,0.476439755764161,1.0628876216979968,11580610,-0.0019586205048012,-0.0043101967938293,0.4485651446685451,0.8937268767371416,0.0030194526681272997,0.0030123382604096,-0.027874611095615898,0
primary_development_2022_2023_partial,s0_liquidity_matched,20,5d,11577812,0.0008315005864348,-0.0019685039370078,0.475572241110842,1.0380486356803416,11577812,-0.0021872603596536,-0.0049788193612538,0.4541010857664643,0.9065075527558384,0.0030187609460884,0.0030103154242460003,-0.021471155344377713,0
primary_development_2022_2023_partial,s0_liquidity_matched,20,5m,11604238,0.0001274370099405,0.0,0.3885055615026165,1.0928442743921207,11604238,-0.0028892003022171,-0.0030162529300138,0.1586304072701714,0.18302882394827,0.0030166373121576,0.0030162529300138,-0.22987515423244512,0
primary_development_2022_2023_partial,s0_liquidity_matched,20,60m,11600337,0.0003385246115463,0.0,0.4377856436412149,1.08188912520239,11600337,-0.002678749394281,-0.0030162529300139,0.3282234817833309,0.5499317189179938,0.0030172740058273,0.0030162529300139,-0.10956216185788403,0
primary_development_2022_2023_partial,s0_liquidity_matched,40,15m,8352808,0.0002252158912469,0.0,0.415736839635246,1.1041279968701816,8352808,-0.0027917163467951,-0.0030162529300138,0.2331760768354785,0.328575628411019,0.003016932238042,0.0030162529300138,-0.1825607627997675,0
primary_development_2022_2023_partial,s0_liquidity_matched,40,1d,8338262,0.0008077805987882,0.0,0.4785981778936665,1.0783470267206294,8338262,-0.0022109088018137,-0.0030162529300139,0.4330039041709171,0.8143045912003071,0.0030186894006019004,0.0030162529300139,-0.04559427372274938,0
primary_development_2022_2023_partial,s0_liquidity_matched,40,2d,8336931,0.0009239923775147,-0.0007173601147776,0.4776928104598683,1.066354301657813,8336931,-0.0020950475472063,-0.0037314493052434,0.4442715190997742,0.8648191228779887,0.0030190399247209997,0.0030140891904658,-0.033421291360094085,0
primary_development_2022_2023_partial,s0_liquidity_matched,40,30m,8352276,0.0002908106777526,0.0,0.4278351194333137,1.1005807655650404,8352276,-0.0027263194107726,-0.0030162529300138,0.2793856429073943,0.4315635239567844,0.0030171300885252,0.0030162529300138,-0.1484494765259194,0
primary_development_2022_2023_partial,s0_liquidity_matched,40,3d,8335842,0.0008073881892334,-0.0014134275618373,0.4751095330261778,1.0476256668163646,8335842,-0.0022113000277642,-0.0044254172368264,0.4476069723970296,0.8805827513295591,0.0030186882169976,0.0030119896749891,-0.027502560629148187,0
primary_development_2022_2023_partial,s0_liquidity_matched,40,5d,8334117,0.0003126372586101,-0.0024291497975708,0.4714069888867651,1.014195107112512,8334117,-0.0027045586644426,-0.0054380757973903,0.449809499914628,0.8852921490657427,0.0030171959230527,0.0030089259998195,-0.02159748897213709,0
primary_development_2022_2023_partial,s0_liquidity_matched,40,5m,8353157,0.000128456999371,0.0,0.3897144516737803,1.0926150560669403,8353157,-0.0028881833893469,-0.0030162529300138,0.1606571024583878,0.1855535516152016,0.0030166403887179,0.0030162529300138,-0.22905734921539253,0
primary_development_2022_2023_partial,s0_liquidity_matched,40,60m,8350299,0.0003748052466773,0.0,0.4395938396936445,1.0907351522880095,8350299,-0.0026425781907282,-0.0030162529300138,0.3301333281598659,0.5553391776778286,0.0030173834374055,0.0030162529300138,-0.10946051153377861,0
primary_development_2022_2023_partial,s0_liquidity_matched,60,15m,7003303,0.0002091878814048,0.0,0.4158477792550172,1.0955547519964843,7003303,-0.0028076960121114,-0.0030162529300138,0.2341262401469706,0.3287108167294295,0.0030168838935162,0.0030162529300138,-0.18172153910804661,0
primary_development_2022_2023_partial,s0_liquidity_matched,60,1d,6990948,0.0007494675639529,0.0,0.4775927384955516,1.0725430196769783,6990948,-0.0022690459497869,-0.0030162529300139,0.4316669212816345,0.8098090635181378,0.0030185135137398003,0.0030162529300139,-0.04592581721391714,0
primary_development_2022_2023_partial,s0_liquidity_matched,60,2d,6990060,0.0008735865882806,-0.0008250825082506,0.4766036343035682,1.0626855931176142,6990060,-0.0021453012998322,-0.0038388467807314,0.442873737850605,0.8617063594027544,0.0030188878881128,0.0030137642724808,-0.033729896452963204,0
primary_development_2022_2023_partial,s0_liquidity_matched,60,30m,7002954,0.0002709809470384,0.0,0.4274500446525852,1.0927647636746465,7002954,-0.0027460893300085,-0.0030162529300138,0.2798953127494483,0.4310216145525041,0.0030170702770469,0.0030162529300138,-0.1475547319031369,0
primary_development_2022_2023_partial,s0_liquidity_matched,60,3d,6989150,0.0007516560188619,-0.001547987616099,0.4736681856878161,1.0443205910030775,6989150,-0.0022668640958145,-0.0045595714239302,0.4458088608772168,0.8776585609552092,0.0030185201146763997,0.0030115838078312003,-0.02785932481059933,0
primary_development_2022_2023_partial,s0_liquidity_matched,60,5d,6987183,0.0002604950043802,-0.0025188916876575,0.4706175578913562,1.0117912505225104,6987183,-0.002756543644448,-0.005527547003238,0.4488475541573764,0.8834349751388884,0.0030170386488282,0.0030086553155805,-0.021770003733979748,0
primary_development_2022_2023_partial,s0_liquidity_matched,60,5m,7003443,0.000125076391879,0.0,0.3906778423127025,1.0891436104211507,7003443,-0.0028915538000814,-0.0030162529300138,0.1620191668583581,0.18753553912139,0.0030166301919604,0.0030162529300138,-0.22865867545434437,0
primary_development_2022_2023_partial,s0_liquidity_matched,60,60m,7001195,0.0003618763838213,0.0,0.4394765465038468,1.0871098021531926,7001195,-0.0026554680568671,-0.0030162529300139,0.3310377728373513,0.5548724748137589,0.0030173444406883998,0.0030162529300139,-0.10843877366649551,0
primary_development_2022_2023_partial,s0_liquidity_matched,120,15m,5117723,0.0002117813599346,0.0,0.4154249849005114,1.0958014015428108,5117723,-0.002805110356184,-0.0030162529300138,0.23528686488112,0.3326706627112889,0.0030168917161186,0.0030162529300138,-0.1801381200193914,0
primary_development_2022_2023_partial,s0_liquidity_matched,120,1d,5108671,0.0004835078309484,0.0,0.4748428700928284,1.0455161208446853,5108671,-0.0025342034809684,-0.0030162529300139,0.4296549924628147,0.7927632288495648,0.0030177113119168003,0.0030162529300139,-0.045187877630013695,0
primary_development_2022_2023_partial,s0_liquidity_matched,120,2d,5107842,0.0005452085815809,-0.0012349490583513,0.4729116523181414,1.0380948127286198,5107842,-0.0024726888354076,-0.0042474770696495,0.4399862016092118,0.8444641478270077,0.0030178974169885,0.0030125280112981998,-0.032925450708929604,0
primary_development_2022_2023_partial,s0_liquidity_matched,120,30m,5117382,0.0002677031549911,0.0,0.426709399454643,1.090536980465318,5117382,-0.0027493572354156,-0.0030162529300138,0.2807976813143908,0.4345479772021074,0.0030170603904067,0.0030162529300138,-0.14591171814025217,0
primary_development_2022_2023_partial,s0_liquidity_matched,120,3d,5106719,0.0004779680332842,-0.0017123287671232,0.4719055424823649,1.0276086561585924,5106719,-0.0025397265692046,-0.004723416880476,0.4445697912886924,0.8655182630386045,0.0030176946024888,0.0030110881133527997,-0.027335751193672486,0
primary_development_2022_2023_partial,s0_liquidity_matched,120,5d,5106040,0.0002042529129009,-0.0024509803921568,0.4711287024778497,1.0091442052638189,5106040,-0.0028126160955539,-0.0054598405453815,0.4497393283248858,0.8822691519019396,0.0030168690084548,0.0030088601532247,-0.021389374152963936,0
primary_development_2022_2023_partial,s0_liquidity_matched,120,5m,5117883,0.000132526832798,0.0,0.3913373947782706,1.0934916484831152,5117883,-0.0028841258315991,-0.0030162529300138,0.1640309088738449,0.1917187036927664,0.0030166526643970997,0.0030162529300138,-0.22730648590442573,0
primary_development_2022_2023_partial,s0_liquidity_matched,120,60m,5116113,0.0003353040581461,0.0,0.4388206437191673,1.079457737150067,5116113,-0.0026819602336936,-0.0030162529300139,0.3310607095660318,0.5554096146863775,0.0030172642918397,0.0030162529300139,-0.1077599341531355,0
primary_development_2022_2023_partial,s0_liquidity_matched,240,15m,4317800,0.0002331894215227,0.0,0.4160831905136875,1.106228742108169,4317800,-0.002783766866736,-0.0030162529300138,0.2356922506832183,0.3347395261849679,0.0030169562882587,0.0030162529300138,-0.18039093983046917,0
primary_development_2022_2023_partial,s0_liquidity_matched,240,1d,4310569,0.0006794666009994,0.0,0.47695211467442,1.0652677459423965,4310569,-0.0023388357721392,-0.0030162529300139,0.4313391109155195,0.8052698715487343,0.0030183023731386,0.0030162529300139,-0.04561300375890048,0
primary_development_2022_2023_partial,s0_liquidity_matched,240,2d,4309632,0.0009666004146734,-0.0005854800936766,0.478741340327898,1.0693829196088511,4309632,-0.0020525680266749,-0.0035999670676425,0.4450890470462443,0.8675871746298005,0.0030191684413483,0.0030144869739659,-0.0336522932816537,0
primary_development_2022_2023_partial,s0_liquidity_matched,240,30m,4317593,0.0002935590247507,0.0,0.4287020569099496,1.10023099283295,4317593,-0.0027235793535087,-0.0030162529300138,0.281488319996813,0.4360451995628115,0.0030171383782594,0.0030162529300138,-0.1472137369131366,0
primary_development_2022_2023_partial,s0_liquidity_matched,240,3d,4308637,0.0011543644879586,-0.0010615711252653,0.4784981886383095,1.068908125881283,4308637,-0.0018653702973252,-0.0040746220882622,0.4506729158200145,0.898109202668574,0.0030197347852838,0.0030130509629969,-0.027825272818295,0
primary_development_2022_2023_partial,s0_liquidity_matched,240,5d,4308069,0.0013100566726633,-0.0013802622498273,0.4809472643079765,1.061237924805247,4308069,-0.0017101477196275,-0.0043923519597858,0.4590244492370015,0.9253864111718072,0.0030202043922908,0.0030120897099585003,-0.021922815070975044,0
primary_development_2022_2023_partial,s0_liquidity_matched,240,5m,4317912,0.0001370871175364,0.0,0.3912624898330489,1.0969546737236888,4317912,-0.0028795793018495,-0.0030162529300138,0.1639848148827488,0.1921192544597782,0.0030166664193859,0.0030162529300138,-0.2272776749503001,0
primary_development_2022_2023_partial,s0_liquidity_matched,240,60m,4316465,0.0003691711258979,0.0,0.4402099866441636,1.0882548133757832,4316465,-0.002648195317591,-0.0030162529300138,0.332038137689058,0.5579833960153375,0.0030173664434888997,0.0030162529300138,-0.10817184895510562,0
primary_development_2022_2023_partial,s0_random_matched,10,15m,3905048,1.504558832921016e-05,0.0,0.4006565348236436,1.0074992527055904,3905048,-0.003001252722953,-0.0030162529300138,0.2065301117937602,0.2619735962039243,0.00301629831128221,0.0030162529300138,-0.1941264230298834,0
primary_development_2022_2023_partial,s0_random_matched,10,1d,3898198,0.000218824132768,-0.0004698374242848,0.4716445906544511,1.0208503642802291,3898198,-0.0027980888261724,-0.003484673205791,0.4251025730350279,0.7689893851650045,0.0030169129589404,0.0030148357815062,-0.04654201761942317,0
primary_development_2022_2023_partial,s0_random_matched,10,2d,3897607,0.0003519784526593,-0.0013812154696132,0.470454563530905,1.0245855725457895,3897607,-0.0026653361333916,-0.0043933023044198,0.4370807523693384,0.8324757327869111,0.0030173145860509,0.0030120868348066003,-0.03337381116156657,0
primary_development_2022_2023_partial,s0_random_matched,10,30m,3904558,2.112247818782873e-05,0.0,0.4156521685681196,1.0073022023468885,3904558,-0.0029951941625397,-0.0030162529300138,0.2627649531649933,0.3813722694568976,0.003016316640727529,0.0030162529300138,-0.15288721540312628,0
primary_development_2022_2023_partial,s0_random_matched,10,3d,3897018,0.0004347559913279,-0.0017543859649122,0.4714522745340155,1.0250469342724022,3897018,-0.0025828082727169,-0.0047653472231191,0.4440454213965653,0.8635752549487403,0.0030175642640448003,0.0030109612582069,-0.027406853137450227,0
primary_development_2022_2023_partial,s0_random_matched,10,5d,3896078,0.0005883733368815,-0.0022962112514353,0.472893766500568,1.02647592659363,3896078,-0.0024296542759324,-0.0053055382275341,0.4515890082282747,0.8977899098495173,0.0030180276128139,0.0030093269760988004,-0.021304758272293334,0
primary_development_2022_2023_partial,s0_random_matched,10,5m,3905363,1.6726917066294694e-05,0.0,0.3701353753799583,1.0143230125440772,3905363,-0.0029995764655147,-0.0030162529300138,0.1255609273708999,0.1224030720221534,0.003016303382580995,0.0030162529300138,-0.24457444800905837,0
primary_development_2022_2023_partial,s0_random_matched,10,60m,3903696,2.794162174680116e-05,0.0,0.4283115283567163,1.0065920345262531,3903696,-0.0029883955872491,-0.0030162529300139,0.3158629667883975,0.5092832564651688,0.0030163372089959013,0.0030162529300139,-0.11244856156831884,0
primary_development_2022_2023_partial,s0_random_matched,20,15m,3904101,1.9578871298287088e-05,0.0,0.4007468044499873,1.0097792831349173,3904101,-0.0029967331135123,-0.0030162529300138,0.2069608342612038,0.2621955943701479,0.003016311984810587,0.0030162529300138,-0.1937859701887835,0
primary_development_2022_2023_partial,s0_random_matched,20,1d,3897247,0.0002150576499379,-0.0004880429477793,0.4714381716119096,1.020500028917139,3897247,-0.0028018439483376,-0.003502823816822,0.4250482455949033,0.7686045237579247,0.0030169015982755,0.0030147808690427,-0.04638992601700631,0
primary_development_2022_2023_partial,s0_random_matched,20,2d,3896647,0.0003462561172464,-0.0013882461823231,0.4705789361982238,1.0242007950194552,3896647,-0.0026710412087933,-0.0044003118107219,0.4372756885599337,0.8320194352224171,0.0030172973260397,0.0030120656283987995,-0.03330324763829007,0
primary_development_2022_2023_partial,s0_random_matched,20,30m,3903659,2.444829466886146e-05,0.0,0.4159123530000955,1.0084610137687258,3903659,-0.0029918783775624,-0.0030162529300138,0.2630444923596041,0.3815938057689655,0.0030163266722312617,0.0030162529300138,-0.1528678606404914,0
primary_development_2022_2023_partial,s0_random_matched,20,3d,3896080,0.0004265831041068,-0.0017411491584445,0.4715478121599146,1.0245932764480363,3896080,-0.0025909565084428,-0.0047521503422074,0.4441933943861522,0.8630547310045352,0.0030175396125496,0.0030110011837629,-0.027354417773762407,0
primary_development_2022_2023_partial,s0_random_matched,20,5d,3895119,0.0005762548521126,-0.0022857142857141,0.4729729695036275,1.0259503282500133,3895119,-0.0024417362082862,-0.0052950729233163,0.4516244561462692,0.8972078797179672,0.0030179910603988,0.0030093586376022,-0.021348513357358267,0
primary_development_2022_2023_partial,s0_random_matched,20,5m,3904419,1.6119478579566858e-05,0.0,0.3704694603729774,1.013831235496826,3904419,-0.0030001820718133,-0.0030162529300138,0.1250813501317353,0.12175763950209,0.003016301550392867,0.0030162529300138,-0.2453881102412421,0
primary_development_2022_2023_partial,s0_random_matched,20,60m,3902737,2.3914239682193853e-05,0.0,0.428763967441311,1.0056406552983874,3902737,-0.0029924108217109,-0.0030162529300139,0.316088939633903,0.508607045372482,0.0030163250613930936,0.0030162529300139,-0.11267502780740801,0
primary_development_2022_2023_partial,s0_random_matched,40,15m,3901970,2.1075009483828643e-05,0.0,0.4010387060894881,1.0105307150951044,3901970,-0.0029952414880574,-0.0030162529300138,0.2068560240083855,0.2623418131741441,0.003016316497541229,0.0030162529300138,-0.19418268208110262,0
primary_development_2022_2023_partial,s0_random_matched,40,1d,3895102,0.0002158777407277,-0.0004773269689737,0.4717481082652007,1.020600569421237,3895102,-0.0028010263311491,-0.0034921401601188,0.4251015762873475,0.7684439582658027,0.0030169040718768,0.0030148131911451,-0.04664653197785318,0
primary_development_2022_2023_partial,s0_random_matched,40,2d,3894499,0.000347503567,-0.0013812154696132,0.4705408834358411,1.0243123650976096,3894499,-0.0026697975216638,-0.0043933023044199,0.4371589259619787,0.8319487585805069,0.0030173010886638003,0.0030120868348067,-0.03338195747386241,0
primary_development_2022_2023_partial,s0_random_matched,40,30m,3901527,1.9370654771666746e-05,0.0,0.4158059139408749,1.0067055420627098,3901527,-0.0029969407020135,-0.0030162529300138,0.2627999242347932,0.3804908409808075,0.0030163113567851668,0.0030162529300138,-0.1530059897060817,0
primary_development_2022_2023_partial,s0_random_matched,40,3d,3893929,0.0004256774766283,-0.0017441860465116,0.4716441927934485,1.02456606702877,3893929,-0.0025918594043196,-0.0047551780702521,0.4441619248835816,0.8628786331779685,0.0030175368809479,0.0030109920237404997,-0.02748226790986691,0
primary_development_2022_2023_partial,s0_random_matched,40,5d,3892961,0.000572830838968,-0.0022865853658536,0.4730633057973095,1.0258213251446295,3892961,-0.0024451498937408,-0.0052959413760579,0.4517432874359645,0.896968968615931,0.0030179807327088,0.0030093560102043004,-0.021320018361345006,0
primary_development_2022_2023_partial,s0_random_matched,40,5m,3902255,1.7789909396135085e-05,0.0,0.3706626040584226,1.0152635290924317,3902255,-0.0029985166794383,-0.0030162529300138,0.1251765966088838,0.1220785504436553,0.003016306588834435,0.0030162529300138,-0.2454860074495388,0
primary_development_2022_2023_partial,s0_random_matched,40,60m,3900586,2.3159020350653694e-05,0.0,0.4286225197957435,1.005466002030159,3900586,-0.0029931637631101,-0.0030162529300139,0.3157676820867429,0.5082917053976607,0.0030163227834607534,0.0030162529300139,-0.11285483770900062,0
primary_development_2022_2023_partial,s0_random_matched,60,15m,3899703,2.6029352594904924e-05,0.0,0.4013939010227189,1.0130205813505142,3899703,-0.0029903020884991,-0.0030162529300138,0.207168853628084,0.2629583609665147,0.003016331441094005,0.0030162529300138,-0.1942250473946349,0
primary_development_2022_2023_partial,s0_random_matched,60,1d,3892830,0.000222083935363,-0.0004381640977102,0.4718757305096806,1.021209654474143,3892830,-0.0027948388559665,-0.0034530954139804,0.425136211958909,0.7687914408195675,0.0030169227913294998,0.0030149313162702,-0.04673951855077163,0
primary_development_2022_2023_partial,s0_random_matched,60,2d,3892232,0.0003516266321441,-0.0013736263736264,0.4705888549295108,1.0246178899999494,3892232,-0.0026656868927271,-0.0043857360990661,0.4373146307825433,0.8320990397669005,0.0030173135248712,0.0030121097254397003,-0.03327422414696751,0
primary_development_2022_2023_partial,s0_random_matched,60,30m,3899226,2.771060044064978e-05,0.0,0.4161551548948432,1.0096103937253746,3899226,-0.0029886259117298,-0.0030162529300138,0.2630483588281366,0.3814202040905307,0.00301633651217045,0.0030162529300138,-0.15310679606670663,0
primary_development_2022_2023_partial,s0_random_matched,60,3d,3891654,0.0004328629030062,-0.0017301038062285,0.4717220492880405,1.0249987027998877,3891654,-0.002584695651005,-0.0047411383055676,0.4441371201036885,0.8631657939754022,0.0030175585540112,0.0030110344993390997,-0.027584929184352014,0
primary_development_2022_2023_partial,s0_random_matched,60,5d,3890698,0.0005784523097663,-0.0022631882494505,0.4731066250837253,1.026091078070983,3890698,-0.0024395453787205,-0.0052726148312759,0.4518145587244243,0.8971443145637156,0.0030179976884868,0.0030094265818254,-0.021292066359301032,0
primary_development_2022_2023_partial,s0_random_matched,60,5m,3899997,2.269165264471228e-05,0.0,0.3711977214341447,1.0194986588344106,3899997,-0.0029936297210877,-0.0030162529300138,0.1255952248168396,0.1226351164665126,0.003016321373732412,0.0030162529300138,-0.2456024966173051,0
primary_development_2022_2023_partial,s0_random_matched,60,60m,3898305,2.947499781252579e-05,0.0,0.4290780223712613,1.006963409004311,3898305,-0.0029868668362339,-0.0030162529300139,0.3161494546989012,0.5089060531477387,0.003016341834046426,0.0030162529300139,-0.11292856767236009,0
primary_development_2022_2023_partial,s0_random_matched,120,15m,3893417,2.191828243919533e-05,0.0,0.4011581600429648,1.0109715159952066,3893417,-0.0029944007586272,-0.0030162529300138,0.2068080557515416,0.2618605065153164,0.0030163190410663955,0.0030162529300138,-0.1943501042914232,0
primary_development_2022_2023_partial,s0_random_matched,120,1d,3886594,0.0002257582409608,-0.0004287398757709,0.4718712579703463,1.0215821821381297,3886594,-0.002791175633004,-0.0034436996178782,0.4251848790997979,0.7688923875997657,0.0030169338739647997,0.0030149597421073003,-0.046686378870548384,0
primary_development_2022_2023_partial,s0_random_matched,120,2d,3886004,0.0003598705803749,-0.0013698630136984,0.4707131027142535,1.0252229611705503,3886004,-0.0026574678103295,-0.0043819840903834,0.4373940428265128,0.8324481999151107,0.0030173383907044,0.003012121076685,-0.0333190598877407,0
primary_development_2022_2023_partial,s0_random_matched,120,30m,3892981,2.2411289644956856e-05,0.0,0.4156023366155653,1.0077713027231423,3892981,-0.0029939092384637,-0.0030162529300138,0.2627767769737381,0.3805781119755579,0.003016320528108657,0.0030162529300138,-0.1528255596418272,0
primary_development_2022_2023_partial,s0_random_matched,120,3d,3885417,0.0004435685695978,-0.0017331022530329,0.4716477021642722,1.0256479305399813,3885417,-0.0025740222754119,-0.004744127708298,0.444213838566105,0.8635802009019455,0.0030175908450097,0.0030110254552651,-0.027433863598167185,0
primary_development_2022_2023_partial,s0_random_matched,120,5d,3884452,0.0005984643305647,-0.0022727272727275,0.4731483359814975,1.0270305851134918,3884452,-0.0024195937192384,-0.0052821250824459,0.4519739206456921,0.8978546699478683,0.0030180580498031,0.0030093978097184004,-0.02117441533580544,0
primary_development_2022_2023_partial,s0_random_matched,120,5m,3893708,1.934349406357121e-05,0.0,0.3709613047511523,1.0166430007896523,3893708,-0.0029969677807759,-0.0030162529300138,0.1252520733449966,0.1214857949734288,0.003016311274839471,0.0030162529300138,-0.2457092314061557,0
primary_development_2022_2023_partial,s0_random_matched,120,60m,3892051,2.846862039256633e-05,0.0,0.428645462251137,1.0067317834158045,3892051,-0.0029878701781645,-0.0030162529300139,0.3160626620771413,0.5085012619499181,0.0030163387985570663,0.0030162529300139,-0.11258280017399569,0
primary_development_2022_2023_partial,s0_random_matched,240,15m,3877329,1.823783454301506e-05,0.0,0.4005783362722121,1.0091209086085915,3877329,-0.0029980701053617,-0.0030162529300138,0.206729426365418,0.2614814134683766,0.003016307939904715,0.0030162529300138,-0.19384890990679413,0
primary_development_2022_2023_partial,s0_random_matched,240,1d,3870538,0.0002274966655991,-0.0004536176236979,0.4717091009053522,1.0217806722247056,3870538,-0.0027894424518947,-0.0034685023282251,0.4249719289669808,0.7687543952661904,0.0030169391174938,0.0030148847045272,-0.04673717193837135,0
primary_development_2022_2023_partial,s0_random_matched,240,2d,3869936,0.0003628289239874,-0.0013774104683195,0.4707020994662444,1.0254605448717726,3869936,-0.0026545183898295,-0.0043895087799724,0.4373697652881081,0.8324562530508254,0.0030173473138169,0.0030120983116529,-0.0333323341781363,0
primary_development_2022_2023_partial,s0_random_matched,240,30m,3876859,2.1099922377737783e-05,0.0,0.4160179671223534,1.007323678162058,3876859,-0.0029952166503163,-0.0030162529300138,0.2627977958445225,0.3798108157951097,0.003016316572694038,0.0030162529300138,-0.15322017127783089,0
primary_development_2022_2023_partial,s0_random_matched,240,3d,3869357,0.0004474265304359,-0.0017182130584193,0.4717957014563401,1.0259051041601817,3869357,-0.0025701759511595,-0.0047292834232612,0.444266838133571,0.8636186834614081,0.0030176024815954,0.0030110703648419004,-0.027528863322769104,0
primary_development_2022_2023_partial,s0_random_matched,240,5d,3868397,0.0006024529319072,-0.0022371364653243,0.4734048754561644,1.0272419293229378,3868397,-0.0024156171485266,-0.0052466416259197,0.4521113008825102,0.8979108621783418,0.0030180700804338,0.0030095051605954003,-0.02129357457365416,0
primary_development_2022_2023_partial,s0_random_matched,240,5m,3877600,1.996106152319325e-05,0.0,0.3706632968846709,1.0171527804850915,3877600,-0.0029963520760563,-0.0030162529300138,0.1253442851248195,0.1220786038065949,0.0030163131375794934,0.0030162529300138,-0.24531901175985144,0
primary_development_2022_2023_partial,s0_random_matched,240,60m,3875953,2.565633780859932e-05,0.0,0.4284203136622141,1.0060711272628895,3875953,-0.0029906739781933,-0.0030162529300139,0.3158147170515225,0.5078537005445964,0.0030163303160018994,0.0030162529300139,-0.11260559661069164,0
primary_development_2022_2023_partial,s0_strong_no_ma,10,15m,1702879,6.124789748818553e-05,0.0,0.3804010737110505,1.022264188977412,1702879,-0.0029551897716838,-0.0030162529300139,0.238350464125754,0.3834219111569871,0.003016437669171986,0.0030162529300139,-0.14205060958529647,0
primary_development_2022_2023_partial,s0_strong_no_ma,10,1d,1699781,0.0008364637524845,-0.0006271558482281,0.469728747409225,1.0771303913432322,1699781,-0.0021823121637741,-0.0036415171175772,0.4269220564296224,0.824875086046165,0.0030187759162586,0.0030143612693491,-0.0428066909796026,0
primary_development_2022_2023_partial,s0_strong_no_ma,10,2d,1699529,0.0011215991234726,-0.0012468827930175,0.4709328290367507,1.0779439841806588,1699529,-0.0018980368331836,-0.0042593748091535,0.4386886013713211,0.8812217636710314,0.0030196359566562,0.003012492016136,-0.032244227665429614,0
primary_development_2022_2023_partial,s0_strong_no_ma,10,30m,1702794,6.598302881686284e-05,0.0,0.392385103541591,1.0188747436875745,1702794,-0.0029504689227072,-0.0030162529300139,0.2727247100941159,0.4602513007875036,0.003016451951524063,0.0030162529300139,-0.11966039344747509,0
primary_development_2022_2023_partial,s0_strong_no_ma,10,3d,1699277,0.0013405654056141,-0.0016207455429497,0.471797123129425,1.077601402421237,1699277,-0.0016797310087318,-0.0046321098944708,0.4448992130182425,0.9108775169202752,0.0030202964143459,0.0030113643515211003,-0.026897910111182532,0
primary_development_2022_2023_partial,s0_strong_no_ma,10,5d,1698822,0.0012345381348726,-0.0019723865877713,0.4745941599531911,1.0560595489630829,1698822,-0.0017854384744077,-0.0049826903009605,0.4534530398122934,0.924233166878179,0.0030199766092803,0.0030103037131892,-0.021141120140897696,0
primary_development_2022_2023_partial,s0_strong_no_ma,10,5m,1702947,1.407990305898422e-05,0.0,0.358633005020121,1.0074692124313784,1702947,-0.0030022154955142,-0.0030162529300138,0.1828630016083882,0.2590263935764503,0.003016295398573184,0.0030162529300138,-0.17577000341173282,0
primary_development_2022_2023_partial,s0_strong_no_ma,10,60m,1702258,0.0002496782288941,-0.0004,0.4156502715804537,1.051687616064217,1702258,-0.0027673277938122,-0.0034150464288418,0.3247298588110615,0.586248288055412,0.0030170060227063,0.0030150464288417997,-0.09092041276939222,0
primary_development_2022_2023_partial,s0_strong_no_ma,20,15m,1702160,6.0817138875187626e-05,0.0,0.3805165201861165,1.0221038084275034,1702160,-0.0029556192310198,-0.0030162529300139,0.238410020209616,0.3833570319833442,0.003016436369894988,0.0030162529300139,-0.1421064999765005,0
primary_development_2022_2023_partial,s0_strong_no_ma,20,1d,1699072,0.0008175807109735,-0.0006369426751592,0.4696304806388428,1.0754155262672962,1699072,-0.0022011382492559,-0.0036512744249628,0.4268076926698809,0.8233152491683996,0.0030187189602293996,0.0030143317498036,-0.042822787968961884,0
primary_development_2022_2023_partial,s0_strong_no_ma,20,2d,1698820,0.0010906676961831,-0.0012515644555695,0.4708585959666121,1.0758382859817566,1698820,-0.0019288749634651,-0.0042640423506271,0.4386050317279052,0.8792309984434784,0.0030195426596482,0.0030124778950576005,-0.0322535642387069,0
primary_development_2022_2023_partial,s0_strong_no_ma,20,30m,1702075,6.58522714159358e-05,0.0,0.3925126683606774,1.0188348396923597,1702075,-0.0029505992857107,-0.0030162529300139,0.2728052524124965,0.4602407358254871,0.0030164515571266355,0.0030162529300139,-0.1197074159481809,0
primary_development_2022_2023_partial,s0_strong_no_ma,20,3d,1698565,0.0013004545154287,-0.0016233766233764,0.4717564532414126,1.0753338440998368,1698565,-0.0017197209143272,-0.0046347330388932,0.4448496230641747,0.9086962022918708,0.0030201754297559,0.0030113564155167995,-0.026906830177237884,0
primary_development_2022_2023_partial,s0_strong_no_ma,20,5d,1698103,0.0011808797179742,-0.0019723865877714,0.474569563801489,1.0536651180497116,1698103,-0.001838935043949,-0.0049826903009607,0.4534194922216144,0.9219061040791648,0.0030198147619232,0.0030103037131892995,-0.02115007157987464,0
primary_development_2022_2023_partial,s0_strong_no_ma,20,5m,1702228,1.36269376528656e-05,0.0,0.3587363149942311,1.0072279839812277,1702228,-0.003002667094662,-0.0030162529300138,0.1829020554238327,0.258917977522367,0.0030162940323148657,0.0030162529300138,-0.1758342595703984,0
primary_development_2022_2023_partial,s0_strong_no_ma,20,60m,1701541,0.0002450776849932,-0.0004133939644482,0.4157255099935881,1.050735837986385,1701541,-0.002771914461309,-0.0034283999937056,0.3247708988499249,0.585547211408844,0.0030169921463022,0.0030150060292574,-0.09095461114366321,0
primary_development_2022_2023_partial,s0_strong_no_ma,40,15m,1701168,6.155088713514328e-05,0.0,0.3806214318632845,1.0223782051838477,1701168,-0.0029548876959302,-0.0030162529300139,0.2384620449009151,0.3833548796453337,0.003016438583065343,0.0030162529300139,-0.1421593869623694,0
primary_development_2022_2023_partial,s0_strong_no_ma,40,1d,1698083,0.0008085853089034,-0.0006389776357826,0.4695965980461496,1.0746519504006724,1698083,-0.0022101065189181,-0.0036533032476303,0.4267547581596423,0.822460602819798,0.0030186918278215,0.0030143256118477,-0.042841839886507305,0
primary_development_2022_2023_partial,s0_strong_no_ma,40,2d,1697829,0.0010742544578381,-0.0012515644555693,0.4708530717757795,1.074777411522028,1697829,-0.0019452386953319,-0.0042640423506269,0.438587160426639,0.8780889914169667,0.00301949315317,0.0030124778950575996,-0.03226591134914053,0
primary_development_2022_2023_partial,s0_strong_no_ma,40,30m,1701083,6.67705423970996e-05,0.0,0.3926263445111144,1.0191034015432836,1701083,-0.002949683784467,-0.0030162529300139,0.2728732225294121,0.4602720352920765,0.0030164543268640996,0.0030162529300139,-0.11975312198170229,0
primary_development_2022_2023_partial,s0_strong_no_ma,40,3d,1697574,0.0012765564355943,-0.0016207455429497,0.4717614666577127,1.0740340960886836,1697574,-0.0017435469115083,-0.0046321098944709,0.44484481972509,0.9073344011430275,0.0030201033471026,0.0030113643515212,-0.02691664693262269,0
primary_development_2022_2023_partial,s0_strong_no_ma,40,5d,1697113,0.0011457273760613,-0.0019704433497536,0.4745883155688513,1.052127748139198,1697113,-0.0018739813575076,-0.0049807529242403,0.4534329770616335,0.9203320109836108,0.0030197087335689,0.0030103095744867005,-0.02115533850721779,0
primary_development_2022_2023_partial,s0_strong_no_ma,40,5m,1701236,1.3691299573053155e-05,0.0,0.3588296979372644,1.0072647730753923,1701236,-0.0030026029268737,-0.0030162529300138,0.1829187719987115,0.2587751978216773,0.003016294226446753,0.0030162529300138,-0.17591092593855287,0
primary_development_2022_2023_partial,s0_strong_no_ma,40,60m,1700550,0.0002426296114147,-0.0004203446826396,0.4157860692129017,1.050261265827468,1700550,-0.0027743551508785,-0.0034353297467728,0.3247972714709947,0.5849814729597113,0.0030169847622932,0.0030149850641332,-0.09098879774190699,0
primary_development_2022_2023_partial,s0_strong_no_ma,60,15m,1700318,6.09751226627287e-05,0.0,0.3806405625300679,1.0221732940013224,1700318,-0.0029554617237513,-0.0030162529300139,0.2384518660627012,0.3831613948316085,0.0030164368464140287,0.0030162529300139,-0.1421886964673667,0
primary_development_2022_2023_partial,s0_strong_no_ma,60,1d,1697246,0.0008062592799439,-0.0006406149903906,0.4695765964391726,1.0744738979219708,1697246,-0.0022124255319859,-0.0036549356635626,0.4267230560566942,0.822199330746538,0.0030186848119298,0.003014320673172,-0.042853540382478406,0
primary_development_2022_2023_partial,s0_strong_no_ma,60,2d,1696982,0.001068548376787,-0.0012515483680678,0.4708506041902625,1.0744159635548305,1696982,-0.0019509275653993,-0.0042640263116494,0.4385774274565081,0.8776798089234233,0.0030194759421863,0.0030124779435815995,-0.032273176733754405,0
primary_development_2022_2023_partial,s0_strong_no_ma,60,30m,1700233,6.592227701901811e-05,0.0,0.3926397146744005,1.0188648147628585,1700233,-0.0029505294912622,-0.0030162529300139,0.2728655425462274,0.4600397094288237,0.003016451768281218,0.0030162529300139,-0.1197741721281731,0
primary_development_2022_2023_partial,s0_strong_no_ma,60,3d,1696728,0.0012701044333007,-0.0016207455429496,0.4717709615212338,1.0737002502484232,1696728,-0.001749979452931,-0.0046321098944707,0.4448479662031864,0.9069458746638472,0.0030200838862317,0.0030113643515211003,-0.026922995318047427,0
primary_development_2022_2023_partial,s0_strong_no_ma,60,5d,1696269,0.0011391309847275,-0.0019685039370077,0.4746069167095549,1.0518583886208277,1696269,-0.0018805578524567,-0.0049788193612538,0.4534504845634743,0.9200080306828736,0.0030196888371842,0.0030103154242461,-0.021156432146080595,0
primary_development_2022_2023_partial,s0_strong_no_ma,60,5m,1700386,1.326668671132711e-05,0.0,0.3588396987507542,1.0070409755072298,1700386,-0.0030030262589956,-0.0030162529300138,0.1828984712882839,0.2585964848896641,0.003016292945706927,0.0030162529300138,-0.17594122746247032,0
primary_development_2022_2023_partial,s0_strong_no_ma,60,60m,1699704,0.0002415153334811,-0.0004213631143355,0.415805928561679,1.0500484829262724,1699704,-0.002775466067868,-0.0034363451066211,0.3247989061624847,0.5847042338035956,0.0030169814013491,0.0030149819922856,-0.09100702239919428,0
primary_development_2022_2023_partial,s0_strong_no_ma,120,15m,1697854,6.024486692527749e-05,0.0,0.3806363798065086,1.021922009202257,1697854,-0.0029561897768528,-0.0030162529300139,0.2384144926477777,0.3827804777045713,0.0030164346437780774,0.0030162529300139,-0.1422218871587309,0
primary_development_2022_2023_partial,s0_strong_no_ma,120,1d,1694795,0.0008092935894808,-0.0006325110689436,0.4696160892615331,1.074847950488822,1694795,-0.0022094003746941,-0.0036468561855925,0.4267377470431527,0.822247839918631,0.0030186939641749,0.0030143451166489,-0.04287834221838038,0
primary_development_2022_2023_partial,s0_strong_no_ma,120,2d,1694533,0.0010755897652271,-0.0012453300124531,0.4708984717323298,1.0750035668569289,1694533,-0.0019439074155677,-0.0042578267121682,0.4386087494312592,0.8779769335949094,0.0030194971807948,0.0030124966997151005,-0.03228972230107058,0
primary_development_2022_2023_partial,s0_strong_no_ma,120,30m,1697769,6.53500945963146e-05,0.0,0.3926529463077721,1.0187144030246806,1697769,-0.002951099947838,-0.0030162529300139,0.2728374708220022,0.4596877284942686,0.0030164500424343147,0.0030162529300139,-0.11981547548576987,0
primary_development_2022_2023_partial,s0_strong_no_ma,120,3d,1694272,0.0012797813136208,-0.0016142050040356,0.4718232963774412,1.0743626012068597,1694272,-0.0017403317605296,-0.0046255890834764,0.44488606315869,0.9073433880645424,0.0030201130741504,0.0030113840794407996,-0.02693723321875119,0
primary_development_2022_2023_partial,s0_strong_no_ma,120,5d,1693812,0.0011577498749892,-0.0019559902200488,0.474714431117503,1.0527793855391,1693812,-0.0018619951214773,-0.0049663433888303,0.4535491542154619,0.9206938424649088,0.0030197449964665,0.0030103531687815004,-0.02116527690204112,0
primary_development_2022_2023_partial,s0_strong_no_ma,120,5m,1697922,1.2553965364699256e-05,0.0,0.3588056459601795,1.0066675428735852,1697922,-0.0030037368305944,-0.0030162529300138,0.182814640484074,0.2581958295234266,0.0030162907959590994,0.0030162529300138,-0.1759910054761055,0
primary_development_2022_2023_partial,s0_strong_no_ma,120,60m,1697243,0.0002411344543931,-0.0004187604690115,0.4158308503850067,1.0500154906612988,1697243,-0.0027758457981283,-0.0034337503115337,0.3247837816977298,0.584369753371101,0.0030169802525214,0.0030149898425222,-0.09104706868727691,0
primary_development_2022_2023_partial,s0_strong_no_ma,240,15m,1691437,6.006831149544264e-05,0.0,0.3806497079110839,1.021882559242904,1691437,-0.0029563657997468,-0.0030162529300139,0.2383659574669349,0.3823370126846949,0.0030164341112422425,0.0030162529300139,-0.14228375044414898,0
primary_development_2022_2023_partial,s0_strong_no_ma,240,1d,1688401,0.000809565092388,-0.0006273525721455,0.4696046732973979,1.0749762344679226,1688401,-0.0022091296907083,-0.0036417132481253,0.4267090578600699,0.8220575169683726,0.0030186947830962998,0.0030143606759797997,-0.042895615437328005,0
primary_development_2022_2023_partial,s0_strong_no_ma,240,2d,1688136,0.0010756461916332,-0.0012391573729862,0.470909926688371,1.0751075224644249,1688136,-0.0019438511593579,-0.004251672690943,0.4385867015453731,0.8778343558881486,0.0030194973509911002,0.0030125153179567997,-0.0323232251429979,0
primary_development_2022_2023_partial,s0_strong_no_ma,240,30m,1691353,6.46314200528674e-05,0.0,0.3926377284931058,1.0185278427183786,1691353,-0.0029518164546771,-0.0030162529300139,0.2727851607559155,0.4592005983495368,0.0030164478747299675,0.0030162529300139,-0.11985256773719027,0
primary_development_2022_2023_partial,s0_strong_no_ma,240,3d,1687874,0.0012846971729327,-0.0016051364365972,0.4718930441490301,1.074754749212421,1687874,-0.0017354307286927,-0.004616547869131,0.4449360556534433,0.907482847019224,0.0030201279016254003,0.0030114114325338,-0.02695698849558681,0
primary_development_2022_2023_partial,s0_strong_no_ma,240,5d,1687420,0.001163991014848,-0.0019417475728157,0.474808879828377,1.0531287685294255,1687420,-0.0018557728064748,-0.0049521437010237,0.4536428393642365,0.9208678691416348,0.0030197638213228,0.003010396128208,-0.0211660404641405,0
primary_development_2022_2023_partial,s0_strong_no_ma,240,5m,1691504,1.2296862292024548e-05,0.0,0.3587812975907831,1.0065387387874485,1691504,-0.0030039931581791,-0.0030162529300138,0.1827314626509898,0.2577352219978377,0.0030162900204711244,0.0030162529300138,-0.1760498349397933,0
primary_development_2022_2023_partial,s0_strong_no_ma,240,60m,1690832,0.0002411349897762,-0.0004127115146513,0.4158219148916036,1.0500744027765287,1690832,-0.0027758452643601,-0.0034277196023498,0.3247614192302961,0.584017483698523,0.0030169802541363,0.0030150080876985,-0.09106049566130747,0
primary_development_2022_2023_partial,s1_break_reclaim_stable3,10,15m,952461,0.0001334157824755,0.0,0.403263755681335,1.0579587640300752,952461,-0.0028832395632834,-0.0030162529300138,0.2289143597480631,0.3329381143807062,0.0030166553457589003,0.0030162529300138,-0.1743493959332719,0
primary_development_2022_2023_partial,s1_break_reclaim_stable3,10,1d,950818,0.0004698078010447,-0.0005974310524233,0.4694463083366112,1.045674621898704,950818,-0.002547862188125,-0.0036118819792748,0.4244524188645986,0.7860343016538944,0.0030176699891697,0.0030144509268515,-0.044993889472012605,0
primary_development_2022_2023_partial,s1_break_reclaim_stable3,10,2d,950657,0.0004067386155465,-0.0014556040756913,0.4678690631847238,1.0293054523924283,950657,-0.0026107411410077,-0.0044674665356468,0.4342775575207462,0.8313664972240604,0.0030174797565542,0.0030118624599555005,-0.03359150566397762,0
primary_development_2022_2023_partial,s1_break_reclaim_stable3,10,30m,952385,0.0001591627911504,0.0,0.4168923282076051,1.051876045032267,952385,-0.0028575702140985,-0.0030162529300139,0.2753917795849367,0.4279531671075218,0.0030167330052489,0.0030162529300139,-0.14150054862266837,0
primary_development_2022_2023_partial,s1_break_reclaim_stable3,10,3d,950610,0.0003388175250412,-0.0018552875695733,0.4682393410546911,1.0201313872074795,950610,-0.0026784573643248,-0.0048659444830194,0.4404971544587159,0.8545572216419826,0.003017274889366,0.0030106569134461005,-0.027742186595975216,0
primary_development_2022_2023_partial,s1_break_reclaim_stable3,10,5d,950337,0.000297501275156,-0.0022222222222222,0.4725239572909399,1.0137296079295577,950337,-0.0027196489939503,-0.0052317723679471,0.4510010659376621,0.8828722887866864,0.0030171502691063,0.0030095501457248998,-0.021522891353277784,0
primary_development_2022_2023_partial,s1_break_reclaim_stable3,10,5m,952493,5.847286685766974e-05,0.0,0.3748027544559382,1.0388607129698892,952493,-0.0029579564321129,-0.0030162529300138,0.1610993466618652,0.1970169900352934,0.00301642929897057,0.0030162529300138,-0.21370340779407299,0
primary_development_2022_2023_partial,s1_break_reclaim_stable3,10,60m,952165,0.000189492933178,0.0,0.4295883591604396,1.0440790682401402,952165,-0.00282733155545,-0.0030162529300139,0.3242641769021125,0.5391529594017147,0.003016824488628,0.0030162529300139,-0.10532418225832707,0
primary_development_2022_2023_partial,s1_break_reclaim_stable3,20,15m,644106,0.00016190106297,0.0,0.4052112540482467,1.0697129762405633,644106,-0.0028548402015934,-0.0030162529300138,0.2334041291340245,0.3409585165386688,0.0030167412645634,0.0030162529300138,-0.1718071249142222,0
primary_development_2022_2023_partial,s1_break_reclaim_stable3,20,1d,643062,0.0006793242899514,-0.0002761668047501,0.4707524313363252,1.0665343534885967,643062,-0.0023389776539416,-0.0032915867458299,0.425952707514983,0.802256410070628,0.003018301943893,0.0030154199410798,-0.04479972382134223,0
primary_development_2022_2023_partial,s1_break_reclaim_stable3,20,2d,642951,0.0007745651180467,-0.0009090909090909,0.4744498414342617,1.0562029214405952,642951,-0.0022440240962734,-0.0039226017909866,0.4408563016466262,0.8539472737075348,0.0030185892143201,0.0030135108818957,-0.03359353978763552,0
primary_development_2022_2023_partial,s1_break_reclaim_stable3,20,30m,644049,0.0001833568042076,0.0,0.4179976989328451,1.0594744970874528,644049,-0.0028334491762995,-0.0030162529300139,0.2777428425476944,0.4338403099641064,0.0030168059805071,0.0030162529300139,-0.14025485638515073,0
primary_development_2022_2023_partial,s1_break_reclaim_stable3,20,3d,642928,0.000870345088437,-0.0010537407797682,0.4777051240574372,1.0520980689904311,642928,-0.0021485330224995,-0.0040668153610674,0.4501079436577657,0.8823566017684543,0.0030188781109365,0.0030130745812992,-0.027597180399671517,0
primary_development_2022_2023_partial,s1_break_reclaim_stable3,20,5d,642747,0.0006347866350415,-0.0015797788309636,0.4786720124714701,1.0293362100576016,642747,-0.0023833809720195,-0.0045912667484496,0.4571969997526243,0.8971390195713769,0.003018167607061,0.003011487917486,-0.021475012718845832,0
primary_development_2022_2023_partial,s1_break_reclaim_stable3,20,5m,644136,7.267119749733252e-05,0.0,0.3776764534197747,1.0477700790261617,644136,-0.00294380092722,-0.0030162529300138,0.1643659103046561,0.2021999631374267,0.0030164721247173325,0.0030162529300138,-0.21331054311511857,0
primary_development_2022_2023_partial,s1_break_reclaim_stable3,20,60m,643922,0.0002377051787304,0.0,0.4296747121545777,1.0560300736294324,643922,-0.002779264730222,-0.0030162529300139,0.3245377545727588,0.5427100517347326,0.0030169699089524,0.0030162529300139,-0.1051369575818189,0
primary_development_2022_2023_partial,s1_break_reclaim_stable3,40,15m,432544,0.0002393963931786,0.0,0.4096184434415921,1.101478633262559,432544,-0.0027775786169066,-0.0030162529300138,0.2396935340682104,0.3617996962200944,0.0030169750100852003,0.0030162529300138,-0.1699249093733817,0
primary_development_2022_2023_partial,s1_break_reclaim_stable3,40,1d,431848,0.0008412004805076,0.0,0.4760077619903299,1.0824150149921266,431848,-0.0021775897229204,-0.0030162529300139,0.4318741779515014,0.8155929434262724,0.003018790203428,0.0030162529300139,-0.0441335840388285,0
primary_development_2022_2023_partial,s1_break_reclaim_stable3,40,2d,431772,0.0009181029020703,-0.0003778575611918,0.4785720241238431,1.066217641447828,431772,-0.002100919258512,-0.0033929707772295,0.4460432821025912,0.8638760091985153,0.0030190221605823,0.0030151132160376997,-0.03252874202125189,0
primary_development_2022_2023_partial,s1_break_reclaim_stable3,40,30m,432513,0.0002874135765838,0.0,0.4234439196047286,1.0920145362183666,432513,-0.0027297062654717,-0.0030162529300138,0.2849579087796205,0.4568879860475726,0.0030171198420555,0.0030162529300138,-0.13848601082510809,0
primary_development_2022_2023_partial,s1_break_reclaim_stable3,40,3d,431744,0.0009318143753633,-0.000913659395791,0.4798028461310406,1.055150675359851,431744,-0.0020872491424904,-0.0039271564979753,0.4529304402608953,0.8868392664815704,0.0030190635178537,0.0030134971021843,-0.026872405870145277,0
primary_development_2022_2023_partial,s1_break_reclaim_stable3,40,5d,431594,0.000622851653575,-0.0017632797859035,0.4778727229757596,1.0282936220908403,431594,-0.0023952799545636,-0.0047742142180967,0.4577009875021432,0.8982719733813754,0.0030181316081386,0.0030109344321932003,-0.020171735473616392,0
primary_development_2022_2023_partial,s1_break_reclaim_stable3,40,5m,432559,0.0001308719634088,0.0,0.3824426263238079,1.0850188193673418,432559,-0.0028857757095456,-0.0030162529300138,0.170434553436641,0.2180318244054226,0.0030166476729544,0.0030162529300138,-0.2120080728871669,0
primary_development_2022_2023_partial,s1_break_reclaim_stable3,40,60m,432431,0.0003131643399213,0.0,0.4338865622492374,1.0728663151434192,432431,-0.0027040331729501,-0.0030162529300139,0.3302469064428776,0.5580530190494206,0.0030171975128714,0.0030162529300139,-0.10363965580635981,0
primary_development_2022_2023_partial,s1_break_reclaim_stable3,60,15m,347721,0.0002707020949,0.0,0.4087644979739503,1.1137365581906975,347721,-0.0027463673411018,-0.0030162529300138,0.241869199731969,0.3717912085078504,0.0030170694360018,0.0030162529300138,-0.16689529824198132,0
primary_development_2022_2023_partial,s1_break_reclaim_stable3,60,1d,347202,0.0008942496188758,0.0,0.478375700600803,1.086351998183548,347202,-0.0021247005941712,-0.0030162529300138,0.4350061347572883,0.8221829977472214,0.0030189502130469996,0.0030162529300138,-0.0433695658435147,0
primary_development_2022_2023_partial,s1_break_reclaim_stable3,60,2d,347134,0.0009743430565988,0.0,0.4825946176404501,1.0695796505881705,347134,-0.0020448487385144,-0.0030162529300139,0.4504946216734748,0.8685720091019848,0.0030191917951132,0.0030162529300139,-0.03209999596697527,0
primary_development_2022_2023_partial,s1_break_reclaim_stable3,60,30m,347694,0.0003603407246827,0.0,0.4238238220964411,1.1145691100372703,347694,-0.0026569990840986,-0.0030162529300138,0.2873762561332666,0.4731694540605385,0.0030173398087813,0.0030162529300138,-0.13644756596317448,0
primary_development_2022_2023_partial,s1_break_reclaim_stable3,60,3d,347031,0.0008527874163631,-0.0009017132551848,0.4804729260498341,1.049878805842812,347031,-0.0021660377361939,-0.0039152463899506,0.4544579590872285,0.8838140656220751,0.003018825152557,0.0030135331347658,-0.02601496696260558,0
primary_development_2022_2023_partial,s1_break_reclaim_stable3,60,5d,346907,0.0003328934840659,-0.0020703933747412,0.4759142940326946,1.01484119956778,346907,-0.0026843635368945,-0.0050804014746721,0.4566728258582271,0.8879918757030785,0.0030172570209604003,0.0030100080999309,-0.01924146817446748,0
primary_development_2022_2023_partial,s1_break_reclaim_stable3,60,5m,347730,0.0001525810683584,0.0,0.381295832973859,1.09792841474606,347730,-0.0028641320847515,-0.0030162529300138,0.1743392862278204,0.2269693145887602,0.0030167131531098996,0.0030162529300138,-0.20695654674603858,0
primary_development_2022_2023_partial,s1_break_reclaim_stable3,60,60m,347636,0.0004401628646151,0.0,0.4364191280534812,1.1020541402129151,347636,-0.0025774177079294,-0.0030162529300139,0.3349077771001852,0.5790621722857674,0.0030175805725445,0.0030162529300139,-0.101511350953296,0
primary_development_2022_2023_partial,s1_break_reclaim_stable3,120,15m,226968,0.0002255452911518,0.0,0.4089695463677699,1.0896103504186148,226968,-0.0027913879405083,-0.0030162529300138,0.2482508547460435,0.3795204469302154,0.0030169332316601,0.0030162529300138,-0.1607186916217264,0
primary_development_2022_2023_partial,s1_break_reclaim_stable3,120,1d,226607,0.0005972461416008,0.0,0.4729465550490497,1.055413749117353,226607,-0.0024208082338377,-0.003016252930014,0.4307545662755342,0.80453193073121,0.0030180543754385,0.003016252930014,-0.04219198877351549,0
primary_development_2022_2023_partial,s1_break_reclaim_stable3,120,2d,226520,0.0005363778328857,-0.0010183564987679,0.4755209253046089,1.0368660792924955,226520,-0.0024814929483383,-0.0040315378080085,0.4442345046794985,0.8461005826075556,0.0030178707812239997,0.0030131813092406003,-0.03128642062511039,0
primary_development_2022_2023_partial,s1_break_reclaim_stable3,120,30m,226952,0.0002973700351554,0.0,0.4217147238182523,1.08981536694181,226952,-0.0027197798380989,-0.0030162529300138,0.2917797595967429,0.4776095831985476,0.0030171498732543,0.0030162529300138,-0.1299349642215094,0
primary_development_2022_2023_partial,s1_break_reclaim_stable3,120,3d,226493,0.000439872272876,-0.0015723270440252,0.4742354068337653,1.0250614639505329,226493,-0.0025777074231697,-0.0045838374379857,0.4486054756659146,0.8651456276522189,0.0030175796960457,0.0030115103939605,-0.025629931167850728,0
primary_development_2022_2023_partial,s1_break_reclaim_stable3,120,5d,226492,2.4596418779981954e-05,-0.0023463162834348,0.4743699556717235,1.0010795359164306,226492,-0.0029917307002541,-0.005355492130084,0.4550491849601752,0.8770034804592896,0.003016327119034082,0.0030091758466491998,-0.019320770711548307,0
primary_development_2022_2023_partial,s1_break_reclaim_stable3,120,5m,226976,0.0001512682342198,0.0,0.3863800578034682,1.0930797685895304,226976,-0.0028654409590501,-0.0030162529300138,0.1809266177921895,0.2364624405197425,0.0030167091932699003,0.0030162529300138,-0.2054534400112787,0
primary_development_2022_2023_partial,s1_break_reclaim_stable3,120,60m,226906,0.0003475515202248,0.0,0.4331749711334209,1.0767277353007592,226906,-0.0026697497130807,-0.0030162529300139,0.3365270199994711,0.5790702157968702,0.0030173012333055,0.0030162529300139,-0.0966479511339498,0
primary_development_2022_2023_partial,s1_break_reclaim_stable3,240,15m,171370,0.0001707365561588,0.0,0.4038571511933244,1.068462163976455,171370,-0.0028460313584937,-0.0030162529300138,0.2442259438641535,0.3659450849180605,0.0030167679146525,0.0030162529300138,-0.15963120732917088,0
primary_development_2022_2023_partial,s1_break_reclaim_stable3,240,1d,171106,0.0005416382570645,-0.0007742935732734,0.4674938342314121,1.0514421729955143,171106,-0.0024762483909293,-0.0037882110380281,0.4247893118885369,0.7962478175291301,0.0030178866479938,0.0030139174647546996,-0.042704522342875195,0
primary_development_2022_2023_partial,s1_break_reclaim_stable3,240,2d,171069,0.0006993003039696,-0.0010357327809424,0.4738263507707416,1.0499971542590474,171069,-0.0023190618926351,-0.004048861678921,0.4416229708480204,0.8510442051029564,0.0030183621966046997,0.0030131288979786,-0.03220337992272121,0
primary_development_2022_2023_partial,s1_break_reclaim_stable3,240,30m,171359,0.000224731376497,0.0,0.419394370882183,1.0685889075779769,171359,-0.0027921994001904,-0.0030162529300138,0.2878343127585945,0.4608663801873273,0.0030169307766874,0.0030162529300138,-0.1315600581235885,0
primary_development_2022_2023_partial,s1_break_reclaim_stable3,240,3d,171011,0.000976588743274,-0.0013927576601672,0.4743086702025016,1.0586372982221486,171011,-0.0020426098253982,-0.0044048096808076,0.4484331417277251,0.8878914164906174,0.0030191985686722,0.0030120520206404003,-0.025875528474776532,0
primary_development_2022_2023_partial,s1_break_reclaim_stable3,240,5d,170995,0.0012505934475496,-0.0018181818181817,0.4765694903359747,1.0589000885059825,170995,-0.0017694315886146,-0.0048289506519592,0.4561653849527764,0.9222950609529934,0.0030200250361642,0.0030107688337775006,-0.020404105383198257,0
primary_development_2022_2023_partial,s1_break_reclaim_stable3,240,5m,171376,9.485438643312508e-05,0.0,0.380193259266175,1.0585029225375844,171376,-0.0029216846484032,-0.0030162529300138,0.1764949584539258,0.2234511918459441,0.003016539034836325,0.0030162529300138,-0.20369830081224918,0
primary_development_2022_2023_partial,s1_break_reclaim_stable3,240,60m,171331,0.0002507325920601,0.0,0.4316731939929143,1.056002918906339,171331,-0.0027662766108696,-0.0030162529300139,0.3314694947207452,0.560779001998754,0.0030170092029297,0.0030162529300139,-0.1002036992721691,0
primary_development_2022_2023_partial,s1_near_reversal,10,15m,1262320,1.8507313583884826e-05,0.0,0.3942288801571709,1.0086013235696565,1262320,-0.0029978014391735,-0.0030162529300138,0.2120848913112364,0.2883598234268908,0.0030163087527573847,0.0030162529300138,-0.1821439888459345,0
primary_development_2022_2023_partial,s1_near_reversal,10,1d,1260231,0.0003671934000503,-0.0006864090998236,0.4688910207731757,1.0368431139867873,1260231,-0.0026501670781323,-0.0037005916463789,0.4219623227805061,0.7714178750784368,0.0030173604781825996,0.0030141825465553,-0.04692869799266958,0
primary_development_2022_2023_partial,s1_near_reversal,10,2d,1260027,0.0003852136339894,-0.0014357501794688,0.4679185446026156,1.028689010491281,1260027,-0.0026322011977769,-0.0044476725237972,0.4328058049549732,0.8249060144025658,0.0030174148317663003,0.0030119223443283998,-0.035112739647642444,0
primary_development_2022_2023_partial,s1_near_reversal,10,30m,1262257,3.007279407759665e-05,0.0,0.4090949782809681,1.0105137857786977,1262257,-0.002986270843093,-0.0030162529300139,0.25832298810781,0.3811983413996568,0.0030163436371705966,0.0030162529300139,-0.15077199017315807,0
primary_development_2022_2023_partial,s1_near_reversal,10,3d,1259932,0.0003452189788734,-0.001780943900267,0.4686689440382496,1.0211600644824004,1259932,-0.0026720752188971,-0.0047918250530235,0.4395618176219034,0.8507433409954774,0.0030172941977705,0.0030108811527565,-0.02910712641634622,0
primary_development_2022_2023_partial,s1_near_reversal,10,5d,1259574,0.0003188549392035,-0.0021008403361344,0.472973402118494,1.0151317708614334,1259574,-0.002698359737955,-0.0051107566003287,0.4506507755796801,0.8807325493671708,0.0030172146771585,0.0030099162641943,-0.022322626538813894,0
primary_development_2022_2023_partial,s1_near_reversal,10,5m,1262358,-5.015305877925985e-05,0.0,0.362310850012437,0.9646643804415418,1262358,-0.0030662547144899,-0.0030162529300138,0.1432850269099574,0.1594510698480852,0.00301610165571064,0.0030162529300138,-0.21902582310247962,0
primary_development_2022_2023_partial,s1_near_reversal,10,60m,1261901,5.4238461010011705e-05,-0.0003280839895012,0.4258004391786677,1.0131926230911277,1261901,-0.0029621780659231,-0.0033433473352205,0.3150223353496035,0.5035653564435226,0.003016416526933112,0.0030152633457193,-0.11077810382906422,0
primary_development_2022_2023_partial,s1_near_reversal,20,15m,867848,3.895903529094093e-05,0.0,0.3954229312045427,1.0180037755203712,867848,-0.0029774114050255,-0.0030162529300138,0.2151263815783409,0.2939757843512384,0.003016370440316441,0.0030162529300138,-0.18029654962620179,0
primary_development_2022_2023_partial,s1_near_reversal,20,1d,866494,0.0004990370181973,-0.0005558643690938,0.4691423137378908,1.050582759995617,866494,-0.0025187211336839,-0.0035704406715758,0.4216994001112529,0.7808508570032359,0.0030177581518812,0.003014576302482,-0.047442913626637884,0
primary_development_2022_2023_partial,s1_near_reversal,20,2d,866317,0.0006309875996084,-0.0009398496240601,0.4740643436524967,1.0473491517574844,866317,-0.0023871685486005,-0.0039532677298915,0.438994040287793,0.8399349693569476,0.0030181561482089,0.0030134181058314004,-0.03507030336470374,0
primary_development_2022_2023_partial,s1_near_reversal,20,30m,867799,4.45455857998821e-05,0.0,0.409112017875107,1.0155385275527955,867799,-0.0029718417049662,-0.0030162529300139,0.2600279557823874,0.3845569326859994,0.003016387290766082,0.0030162529300139,-0.14908406209271957,0
primary_development_2022_2023_partial,s1_near_reversal,20,3d,866256,0.0007337626006859,-0.001088139281828,0.4771210819896197,1.045348705205719,866256,-0.0022847035429211,-0.0041011101085448,0.4484967492288653,0.8712290712951284,0.003018466143607,0.0030129708267167994,-0.028624332760754434,0
primary_development_2022_2023_partial,s1_near_reversal,20,5d,866020,0.0005458958006685,-0.0015473890129992,0.478427749936491,1.026011281066333,866020,-0.0024720036891532,-0.0045589746263687,0.4558474400129327,0.8902471113747212,0.0030178994898217002,0.0030115856133695004,-0.022580309923558306,0
primary_development_2022_2023_partial,s1_near_reversal,20,5m,867871,-3.4876997346529395e-05,0.0,0.363248685576543,0.975659828757396,867871,-0.0030510247295139,-0.0030162529300138,0.1462590638470464,0.1649199969828119,0.003016147732167371,0.0030162529300138,-0.2169896217294966,0
primary_development_2022_2023_partial,s1_near_reversal,20,60m,867583,7.121529422746097e-05,-0.0001971608832807,0.4249968014587653,1.0175415997741988,867583,-0.0029452524391249,-0.0032128191262026,0.3141716700304178,0.5022819874771945,0.0030164677333523607,0.0030156582429219,-0.11082513142834749,0
primary_development_2022_2023_partial,s1_near_reversal,40,15m,587363,0.0001099034898905,0.0,0.4005870305075396,1.0502383293753008,587363,-0.0029066809368412,-0.0030162529300138,0.2213724732405684,0.3116946377104424,0.0030165844267317,0.0030162529300138,-0.17921455726697116,0
primary_development_2022_2023_partial,s1_near_reversal,40,1d,586473,0.0006214219941278,0.0,0.4742332554098825,1.0632326021449754,586473,-0.0023967053017961,-0.0030162529300139,0.427305263839938,0.7904800879790873,0.0030181272959239,0.0030162529300139,-0.04692799156994448,0
primary_development_2022_2023_partial,s1_near_reversal,40,2d,586375,0.00073140994136,-0.0005608524957934,0.4777284161159667,1.0547475770904429,586375,-0.0022870491060322,-0.0035754137528233,0.4435813259432957,0.8468601987796872,0.0030184590473922002,0.0030145612570299,-0.034147090172671035,0
primary_development_2022_2023_partial,s1_near_reversal,40,30m,587334,0.0001372033675908,0.0,0.4151130361940565,1.0474383884701182,587334,-0.0028794634024784,-0.0030162529300139,0.2671597421569328,0.4042009865573909,0.0030166667700692,0.0030162529300139,-0.1479532940371237,0
primary_development_2022_2023_partial,s1_near_reversal,40,3d,586331,0.0007553449828927,-0.0009398496240602,0.4791372108928233,1.0463146869508322,586331,-0.0022631862586386,-0.0039532677298916,0.451444661803657,0.8733035634349403,0.0030185312415313,0.0030134181058314004,-0.027692549089166296,0
primary_development_2022_2023_partial,s1_near_reversal,40,5d,586132,0.0004169779991809,-0.0018281535648994,0.4769557028109709,1.019547333113634,586132,-0.0026005326419442,-0.0048388923213666,0.4556106815529607,0.8862893799383301,0.0030175106411251,0.0030107387564672003,-0.02134502125801019,0
primary_development_2022_2023_partial,s1_near_reversal,40,5m,587379,2.067439560341304e-05,0.0,0.3675361223332805,1.0143489959436576,587379,-0.0029956408936086,-0.0030162529300138,0.1520415268506364,0.178044389182026,0.0030163152892120127,0.0030162529300138,-0.21549459548264407,0
primary_development_2022_2023_partial,s1_near_reversal,40,60m,587190,0.0001632618865742,0.0,0.4299988078816056,1.0400522100311738,587190,-0.0028534834825806,-0.0030162529300139,0.3203971457279586,0.5177597755696812,0.0030167453691548,0.0030162529300139,-0.10960166215364703,0
primary_development_2022_2023_partial,s1_near_reversal,60,15m,470611,0.000129484204963,0.0,0.3996272930296997,1.0586891972256187,470611,-0.0028871592821604,-0.0030162529300138,0.2235413111890712,0.3189588408009696,0.0030166434871234,0.0030162529300138,-0.17608598184062849,0
primary_development_2022_2023_partial,s1_near_reversal,60,1d,469950,0.0006801798718014,0.0,0.4772741781040536,1.0681813623291716,469950,-0.0023381246527437,-0.0030162529300139,0.4313990850090435,0.7980239220465313,0.0030183045245451,0.0030162529300139,-0.04587509309501009,0
primary_development_2022_2023_partial,s1_near_reversal,60,2d,469829,0.0007862257821358,0.0,0.4816092663500976,1.0581311703910312,469829,-0.0022323986036969,-0.0030162529300139,0.4480332205972811,0.8520292105134002,0.0030186243858327,0.0030162529300139,-0.033576045752816475,0
primary_development_2022_2023_partial,s1_near_reversal,60,30m,470597,0.0001966695904169,0.0,0.4157293820402595,1.0676312581023435,470597,-0.0028201765448235,-0.0030162529300139,0.2699910964158292,0.417907648354094,0.0030168461352403997,0.0030162529300139,-0.1457382856244303,0
primary_development_2022_2023_partial,s1_near_reversal,60,3d,469744,0.0007038623944679,-0.0008054773759149,0.4807171565789025,1.0425783160114326,469744,-0.0023145135625554,-0.0038193007824335,0.453747147382404,0.8719768458103849,0.0030183759570233002,0.0030138234065185997,-0.0269700091964985,0
primary_development_2022_2023_partial,s1_near_reversal,60,5d,469582,0.0002310264952816,-0.0019646365422395,0.4764897291633836,1.0106287098623523,469582,-0.0027859232690752,-0.0049749636315264,0.4559842583403963,0.8802966795140071,0.0030169497643568,0.0030103270892869005,-0.020505470822987315,0
primary_development_2022_2023_partial,s1_near_reversal,60,5m,470625,2.291688352329045e-05,0.0,0.3687628154050464,1.0157424341530243,470625,-0.0029934051696026,-0.0030162529300138,0.1538847277556441,0.1810580479648303,0.0030163220531258905,0.0030162529300138,-0.2148780876494023,0
primary_development_2022_2023_partial,s1_near_reversal,60,60m,470489,0.0002779402048422,0.0,0.4329835554072465,1.0681226021902628,470489,-0.0027391510631279,-0.0030162529300139,0.3238205356554563,0.5365676810340463,0.0030170912679701,0.0030162529300139,-0.10916301975179016,0
primary_development_2022_2023_partial,s1_near_reversal,120,15m,305632,8.102346864025658e-05,0.0,0.401126190974767,1.0346648358588268,305632,-0.0029354738486493,-0.0030162529300138,0.2299039367605486,0.3264780550749344,0.003016497317289557,0.0030162529300138,-0.17122225421421838,0
primary_development_2022_2023_partial,s1_near_reversal,120,1d,305162,0.0003575377153239,-0.0003819011662825,0.4722999587104554,1.0342010231713528,305162,-0.0026597936388715,-0.0033970021857845,0.4284281791310845,0.7795547777103073,0.0030173313541954003,0.003015101019502,-0.043871779579370884,0
primary_development_2022_2023_partial,s1_near_reversal,120,2d,305031,0.0003239753466576,-0.0010695187165774,0.4750828604305792,1.0229665643563564,305031,-0.0026932547749449,-0.0040825457076287,0.4431188961121984,0.8282902692583647,0.0030172301216025,0.0030130269910513003,-0.03196396431838078,0
primary_development_2022_2023_partial,s1_near_reversal,120,30m,305622,0.0001145196712924,0.0,0.4152057116307072,1.037064163424123,305622,-0.0029020786790162,-0.0030162529300139,0.2740149596560457,0.4220614435455365,0.0030165983503086,0.0030162529300139,-0.14119075197466147,0
primary_development_2022_2023_partial,s1_near_reversal,120,3d,305008,0.0002530746299079,-0.0014598540145984,0.4750662277710749,1.0148349228301556,305008,-0.0027639416371997,-0.0044717036556635,0.4483488957666684,0.851581273615611,0.0030170162671076,0.0030118496410651,-0.026717332004406458,0
primary_development_2022_2023_partial,s1_near_reversal,120,5d,304983,-0.0001973365232658,-0.0022896393817971,0.4741641337386018,0.9911365690125432,304983,-0.0032129942364131,-0.0052989861803171,0.4539564500316411,0.8650386904950482,0.0030156577131473,0.00300934679852,-0.02020768370696069,0
primary_development_2022_2023_partial,s1_near_reversal,120,5m,305638,1.3102570394444136e-05,0.0,0.3727743277995537,1.0085820581636251,305638,-0.0030031898802873,-0.0030162529300138,0.1609616605265052,0.1900728331488681,0.003016292450681744,0.0030162529300138,-0.2118126672730485,0
primary_development_2022_2023_partial,s1_near_reversal,120,60m,305543,0.0001727669565971,0.0,0.4301358564915576,1.0399102260630853,305543,-0.0028440070822563,-0.003016252930014,0.3271716255977064,0.5382873416576939,0.0030167740388534,0.003016252930014,-0.1029642308938512,0
primary_development_2022_2023_partial,s1_near_reversal,240,15m,232985,6.0953190882466745e-05,0.0,0.3965362576989935,1.0266662909340984,232985,-0.002955483589373,-0.0030162529300138,0.2251604180526643,0.315768466349954,0.003016436780255467,0.0030162529300138,-0.1713758396463292,0
primary_development_2022_2023_partial,s1_near_reversal,240,1d,232632,0.0002163979669567,-0.0008364702425099,0.4656925960315003,1.0212508977221555,232632,-0.0028005076740592,-0.003850200166704,0.4197358918807387,0.7630113719533607,0.0030169056410159004,0.0030137299241941,-0.04595670415076164,0
primary_development_2022_2023_partial,s1_near_reversal,240,2d,232586,0.0003560373766502,-0.0012262420305544,0.4708236953213005,1.0261667250533664,232586,-0.0026612894521442,-0.0042387963044507,0.4379541330948552,0.824907144458633,0.0030173268287944,0.0030125542738963004,-0.03286956222644527,0
primary_development_2022_2023_partial,s1_near_reversal,240,30m,232971,8.81124814112377e-05,0.0,0.4115705388224285,1.0292355426047997,232971,-0.0029284062181337,-0.0030162529300139,0.2705658644208936,0.4090073863059777,0.0030165186995449378,0.0030162529300139,-0.1410046744015349,0
primary_development_2022_2023_partial,s1_near_reversal,240,3d,232531,0.0006833914051524,-0.0014492753623189,0.4740056164554403,1.0421561238771575,232531,-0.0023349228061896,-0.0044611569112747,0.4465469120246332,0.8686809114755109,0.003018314211342,0.0030118815489557998,-0.027458704430807113,0
primary_development_2022_2023_partial,s1_near_reversal,240,5d,232488,0.0009618594717267,-0.0019685039370078,0.4749793537730979,1.0464401724809258,232488,-0.002057294669737,-0.0049788193612538,0.4540234334675338,0.9075677797686604,0.0030191541414637,0.0030103154242460003,-0.02095592030556409,0
primary_development_2022_2023_partial,s1_near_reversal,240,5m,232988,-5.327224077229623e-06,0.0,0.3681949284941713,0.9964424090882836,232988,-0.0030215640858374,-0.0030162529300138,0.1561067522790873,0.1810433443487356,0.0030162368617601704,0.0030162529300138,-0.212088176215084,0
primary_development_2022_2023_partial,s1_near_reversal,240,60m,232917,0.0001215339457539,0.0,0.4285947354637059,1.0287876739810742,232917,-0.0028950855613804,-0.0030162529300139,0.3224968551028907,0.5222564769671945,0.0030166195071343,0.0030162529300139,-0.10609788036081519,0
primary_development_2022_2023_partial,s1_touch_immediate,10,15m,1229794,0.0002722691678295,0.0,0.4163079344995991,1.1148020248163102,1229794,-0.0027448049948623,-0.0030162529300138,0.2434911863287672,0.368757643149024,0.0030170741626918,0.0030162529300138,-0.17281674817083187,0
primary_development_2022_2023_partial,s1_touch_immediate,10,1d,1227623,0.0004133919436437,-0.000697350069735,0.4692026786725241,1.039464812467122,1227623,-0.0026041078810313,-0.0037114996155578,0.425080826931395,0.7847207084674394,0.003017499824675,0.0030141495458228,-0.04412185174112909,0
primary_development_2022_2023_partial,s1_touch_immediate,10,2d,1227457,0.0003993528178588,-0.0014275517487508,0.4685850502298654,1.0285426168605911,1227457,-0.0026181046612623,-0.0044394988216197,0.4354515066515568,0.8320739235832154,0.0030174574791211003,0.0030119470728689,-0.03313354357830861,0
primary_development_2022_2023_partial,s1_touch_immediate,10,30m,1229716,0.0002992538863421,0.0,0.4260674822479336,1.096526798070106,1229716,-0.0027179016690853,-0.0030162529300138,0.2847844542967644,0.4563073540575514,0.0030171555554274004,0.0030162529300138,-0.1412830279511692,0
primary_development_2022_2023_partial,s1_touch_immediate,10,3d,1227392,0.0003299640494445,-0.0017953321364454,0.4693577927833976,1.0194786160326832,1227392,-0.0026872841356004,-0.0048061698906424,0.4416486338512879,0.8549132357615339,0.0030172481850449,0.0030108377541969997,-0.027709158932109734,0
primary_development_2022_2023_partial,s1_touch_immediate,10,5d,1227039,0.0003792157903105,-0.0021367521367521,0.4732889500659718,1.01745014857693,1227039,-0.002638180950442,-0.0051465600818727,0.4520035630489332,0.886673737937899,0.0030173967407524996,0.0030098079451206,-0.021285387017038637,0
primary_development_2022_2023_partial,s1_touch_immediate,10,5m,1229835,0.0002027291961281,0.0,0.3950692572580874,1.1288168125697713,1229835,-0.0028141352164221,-0.0030162529300138,0.1800461037456244,0.2373254444816773,0.0030168644125502,0.0030162529300138,-0.21502315351246298,0
primary_development_2022_2023_partial,s1_touch_immediate,10,60m,1229410,0.0002390778551332,0.0,0.4352429214013226,1.0548753028157818,1229410,-0.0027778961941631,-0.0030162529300139,0.330358464629375,0.5501199355008117,0.0030169740492963,0.0030162529300139,-0.10488445677194758,0
primary_development_2022_2023_partial,s1_touch_immediate,20,15m,832121,0.0003437580390777,0.0,0.4205974852215002,1.1438554511860808,832121,-0.0026735317521242,-0.0030162529300138,0.249974462848552,0.3853217486581975,0.0030172897912019,0.0030162529300138,-0.1706230223729482,0
primary_development_2022_2023_partial,s1_touch_immediate,20,1d,830752,0.000687768551329,0.0,0.4718207118369862,1.0662112363472591,830752,-0.0023305588625919,-0.003016252930014,0.4274813662801895,0.8058119908064699,0.0030183274139209,0.003016252930014,-0.044339345556796694,0
primary_development_2022_2023_partial,s1_touch_immediate,20,2d,830608,0.0008069000007223,-0.00087489063867,0.4755299732244332,1.057975185855925,830608,-0.0022117867437818,-0.0038885046772316,0.4426709109471616,0.8572723192759039,0.0030186867445041,0.0030136140385615996,-0.03285906227727159,0
primary_development_2022_2023_partial,s1_touch_immediate,20,30m,832058,0.0003902624605369,0.0,0.4300205033783703,1.12570579533085,832058,-0.0026271675997632,-0.0030162529300138,0.2907117051936283,0.4732943955730467,0.0030174300603001,0.0030162529300138,-0.13930879818474196,0
primary_development_2022_2023_partial,s1_touch_immediate,20,3d,830568,0.000868683001791,-0.001014970884938,0.478401527629285,1.0515495448451837,830568,-0.0021501900958711,-0.0040281624060464,0.4513296924514308,0.8831777832318316,0.0030188730976621,0.0030131915211083996,-0.02707183517785422,0
primary_development_2022_2023_partial,s1_touch_immediate,20,5d,830349,0.000654990280322,-0.0015693659761456,0.4790455579521382,1.030095937603838,830349,-0.0023632382660434,-0.0045808853014356,0.4577593277043749,0.898546986165192,0.0030182285463654004,0.0030115193252900005,-0.021286230247763327,0
primary_development_2022_2023_partial,s1_touch_immediate,20,5m,832149,0.000251263649903,0.0,0.3996075222105656,1.1577728200188828,832149,-0.0027657471548255,-0.0030162529300138,0.1851939977095448,0.2509839629973894,0.0030170108047285,0.0030162529300138,-0.2144135245010208,0
primary_development_2022_2023_partial,s1_touch_immediate,20,60m,831878,0.0003743640315423,0.0,0.438444098774099,1.0874386232509097,831878,-0.0026430180750758,-0.0030162529300139,0.3338999228252219,0.565958556133115,0.0030173821066181,0.0030162529300139,-0.1045441759488771,0
primary_development_2022_2023_partial,s1_touch_immediate,40,15m,559012,0.0003931274100102,0.0,0.4246492025215916,1.1590574757862528,559012,-0.0026243112917022,-0.0030162529300138,0.2566259758287836,0.4055681374057692,0.0030174387017124,0.0030162529300138,-0.168023226692808,0
primary_development_2022_2023_partial,s1_touch_immediate,40,1d,558117,0.0008159103506985,0.0,0.4764789461707849,1.078353814357282,558117,-0.002202803571301,-0.0030162529300139,0.4328106830646621,0.8166213106520368,0.0030187139219995003,0.0030162529300139,-0.04366826310612282,0
primary_development_2022_2023_partial,s1_touch_immediate,40,2d,558042,0.0009116314123215,-0.0002728512960436,0.4792829213571738,1.0649695965236876,558042,-0.0021073712286108,-0.0032882812375364,0.4471168836754223,0.864891869772757,0.0030190026409322997,0.0030154299414928,-0.032166037681751525,0
primary_development_2022_2023_partial,s1_touch_immediate,40,30m,558978,0.0004563600048663,0.0,0.4342907949865647,1.1430757806617866,558978,-0.0025612694223466,-0.0030162529300138,0.2966592602928917,0.4935113298802161,0.0030176294272129,0.0030162529300138,-0.137631534693673,0
primary_development_2022_2023_partial,s1_touch_immediate,40,3d,557975,0.0008789623454501,-0.0009881422924902,0.4795680810072136,1.0514901556917156,557975,-0.0021399417573133,-0.004001414735419,0.453387696581388,0.8850682922344002,0.0030189041027634,0.0030132724429288,-0.026180384425825598,0
primary_development_2022_2023_partial,s1_touch_immediate,40,5d,557794,0.0005116213952359,-0.0019417475728156,0.4765594466774472,1.0230282295024415,557794,-0.0025061747143099,-0.0049521437010235,0.4566434920418649,0.8944868712478417,0.0030177961095458,0.0030103961282078994,-0.019915954635582322,0
primary_development_2022_2023_partial,s1_touch_immediate,40,5m,559029,0.0002880468519077,0.0,0.4032867704537689,1.1756686751951364,559029,-0.0027290749002617,-0.0030162529300138,0.1911528740011699,0.2673325658258151,0.0030171217521694,0.0030162529300138,-0.21213389645259897,0
primary_development_2022_2023_partial,s1_touch_immediate,40,60m,558865,0.0004488655912738,0.0,0.4434487756434917,1.1029852030763472,558865,-0.0025687412308931,-0.0030162529300139,0.3401000241561021,0.5822685319654962,0.0030176068221669,0.0030162529300139,-0.10334875148738965,0
primary_development_2022_2023_partial,s1_touch_immediate,60,15m,447779,0.0004249520940347,0.0,0.4251114947328928,1.1690902613398326,447779,-0.0025925825989773,-0.0030162529300138,0.2592193917088564,0.4176556016956603,0.003017534693012,0.0030162529300138,-0.1658921030240364,0
primary_development_2022_2023_partial,s1_touch_immediate,60,1d,447119,0.0008627114725872,0.0,0.4783290354469391,1.0815207713280657,447119,-0.0021561436134337,-0.0030162529300139,0.4358280457775223,0.8228911002389643,0.0030188550860208996,0.0030162529300139,-0.04250098966941679,0
primary_development_2022_2023_partial,s1_touch_immediate,60,2d,447016,0.0009969239312614,0.0,0.4820386742309,1.0703487120733604,447016,-0.0020223359734811,-0.0030162529300139,0.4511158437281887,0.871408987137502,0.0030192599047425004,0.0030162529300139,-0.03092283050271133,0
primary_development_2022_2023_partial,s1_touch_immediate,60,30m,447757,0.0005244682943413,0.0,0.4359574501347829,1.1621145485313462,447757,-0.0024933665647019,-0.0030162529300138,0.3006519161062808,0.5105645195401798,0.0030178348590432,0.0030162529300138,-0.1353055340285021,0
primary_development_2022_2023_partial,s1_touch_immediate,60,3d,446907,0.0008605118698232,-0.0009756097560975,0.4802788947141128,1.0498582280898203,446907,-0.0021583365816391,-0.0039889200003259,0.4548574983162045,0.8852227796316916,0.0030188484514623,0.0030133102442283996,-0.025421396397908302,0
primary_development_2022_2023_partial,s1_touch_immediate,60,5d,446766,0.0002921532363,-0.002260312756781,0.4753495118249822,1.0129214156105548,446766,-0.0027249809017684,-0.0052697480118195,0.4561022996378417,0.8871490296852403,0.0030171341380684,0.0030094352550385,-0.019247212187140483,0
primary_development_2022_2023_partial,s1_touch_immediate,60,5m,447791,0.00030954701125,0.0,0.4049701758186296,1.1854516808785365,447791,-0.0027076395908418,-0.0030162529300138,0.1947627352939206,0.2769671384310211,0.0030171866020918,0.0030162529300138,-0.210207440524709,0
primary_development_2022_2023_partial,s1_touch_immediate,60,60m,447673,0.0005473637903354,0.0,0.4459594391441968,1.1240311080582177,447673,-0.002470540127315,-0.0030162529300138,0.344059168187494,0.6011239732889485,0.0030179039176504,0.0030162529300138,-0.10190027095670279,0
primary_development_2022_2023_partial,s1_touch_immediate,120,15m,294378,0.0003617172648897,0.0,0.4236933466495458,1.135092934507089,294378,-0.0026556266958851,-0.0030162529300138,0.2638444448973768,0.4241025519335551,0.0030173439607748,0.0030162529300138,-0.15984890175216898,0
primary_development_2022_2023_partial,s1_touch_immediate,120,1d,293904,0.0004994425563539,-0.0006292276386631,0.4718581577658011,1.045070969813164,293904,-0.002518316818734,-0.0036435826589681,0.4312734770537318,0.8015254143925852,0.0030177593750879,0.0030143550203049997,-0.040584680712069277,0
primary_development_2022_2023_partial,s1_touch_immediate,120,2d,293804,0.0005164245783884,-0.0011754335425833,0.4748199479925392,1.034953095824865,293804,-0.0025013860187731,-0.0041881410677302,0.4446978257613919,0.8470084374235215,0.0030178105971615,0.0030127075251469002,-0.030122122231147297,0
primary_development_2022_2023_partial,s1_touch_immediate,120,30m,294365,0.000432287854414,0.0,0.4325514242522039,1.1255281680049585,294365,-0.0025852689651079,-0.0030162529300138,0.3034022387172388,0.5126511391807491,0.0030175568195219,0.0030162529300138,-0.12914918553496507,0
primary_development_2022_2023_partial,s1_touch_immediate,120,3d,293758,0.0004025134426834,-0.0016778523489933,0.4740024101471279,1.0226352717565934,293758,-0.0026149535696811,-0.0046890444519432,0.4485460821492521,0.8648279916782646,0.0030174670123645003,0.0030111921029498997,-0.025456327997875783,0
primary_development_2022_2023_partial,s1_touch_immediate,120,5d,293743,-2.8251847818780107e-05,-0.0025125628140703,0.4737406508410413,0.99877368018377,293743,-0.0030444195631138,-0.0055212372191343,0.4544823195786793,0.8761341615790633,0.00301616771529502,0.003008674405064,-0.019258331262361983,0
primary_development_2022_2023_partial,s1_touch_immediate,120,5m,294387,0.0002774522077442,0.0,0.4059995855795262,1.1551308876897222,294387,-0.0027396375883055,-0.0030162529300138,0.2007629412983589,0.2887837721951319,0.0030170897960497,0.0030162529300138,-0.2052366442811673,0
primary_development_2022_2023_partial,s1_touch_immediate,120,60m,294303,0.0003986456361622,0.0,0.4407634308858557,1.08521596517153,294303,-0.0026188097099202,-0.0030162529300139,0.3437647594485954,0.5950619202626537,0.0030174553460824,0.0030162529300139,-0.09699867143726026,0
primary_development_2022_2023_partial,s1_touch_immediate,240,15m,223111,0.0002826404106995,0.0,0.4184509056030406,1.1062415860820656,223111,-0.0027344650342821,-0.0030162529300138,0.2597630775712538,0.4065439854206197,0.0030171054449815997,0.0030162529300138,-0.15868782803178683,0
primary_development_2022_2023_partial,s1_touch_immediate,240,1d,222760,0.0004468695232196,-0.0008771936574282,0.4664841084575328,1.0415167620813297,222760,-0.0025707312783031,-0.0038908007495025,0.4245421080984018,0.7925046582746386,0.0030176008015227,0.0030136070920742998,-0.04194200035913098,0
primary_development_2022_2023_partial,s1_touch_immediate,240,2d,222718,0.0006191693660813,-0.0013140604467807,0.4714571790335761,1.0436505210071907,222718,-0.0023989511353473,-0.0043263498381218,0.4409432555967636,0.8478908733954506,0.0030181205014286,0.0030122893913411006,-0.030513923436812473,0
primary_development_2022_2023_partial,s1_touch_immediate,240,30m,223096,0.0003195907436423,0.0,0.4287526446014272,1.0934362741378136,223096,-0.0026976261528892,-0.0030162529300138,0.2986965252626672,0.4902950779603151,0.0030172168965314997,0.0030162529300138,-0.13005611933876,0
primary_development_2022_2023_partial,s1_touch_immediate,240,3d,222672,0.0009542588724295,-0.0015128593040848,0.4737236832650714,1.0567705547108006,222672,-0.0020648723437043,-0.0045245490677899,0.4480311848817992,0.887630067024381,0.0030191312161338,0.0030116897637050997,-0.0256924983832722,0
primary_development_2022_2023_partial,s1_touch_immediate,240,5d,222621,0.001357756844074,-0.0019342359767889,0.4765992426590483,1.063719290318181,222621,-0.001662591423999,-0.0049446547618705,0.4562238063794521,0.9272289030775814,0.003020348268073,0.0030104187850816004,-0.020375436279596204,0
primary_development_2022_2023_partial,s1_touch_immediate,240,5m,223115,0.0002050195028936,0.0,0.3996997064294198,1.1146256540135164,223115,-0.002811851817798,-0.0030162529300138,0.1967953745826143,0.2730219006022605,0.0030168713206916,0.0030162529300138,-0.2029043318468055,0
primary_development_2022_2023_partial,s1_touch_immediate,240,60m,223052,0.0002828538742891,0.0,0.4385748614672812,1.0610603097725375,223052,-0.0027342522145522,-0.0030162529300139,0.3396696734393774,0.5747445976278694,0.0030171060888413,0.0030162529300139,-0.09890518802790382,0
primary_development_2022_2023_partial,s1_touch_reclaim,10,15m,1123715,0.000100474619129,0.0,0.3985903899120329,1.0417697831007018,1123715,-0.0029160813677517,-0.0030162529300138,0.2294745553810352,0.3420181543094303,0.0030165559868806997,0.0030162529300138,-0.16911583453099768,0
primary_development_2022_2023_partial,s1_touch_reclaim,10,1d,1121748,0.0003257020719831,-0.0008339588082351,0.4673001422779447,1.0311894841891602,1121748,-0.0026915332578596,-0.0038476963075501,0.4226974329350264,0.7770132660033794,0.0030172353298427,0.0030137374993149998,-0.04460270934291832,0
primary_development_2022_2023_partial,s1_touch_reclaim,10,2d,1121574,0.0002835649800628,-0.0015519917227106,0.4665416637689533,1.0202758288524811,1121574,-0.002733543253653,-0.0045635634531435,0.4332233093848466,0.8246756228862243,0.0030171082337158,0.0030115717304328997,-0.033318354384106685,0
primary_development_2022_2023_partial,s1_touch_reclaim,10,30m,1123634,0.0001277345169837,0.0,0.4127189102501348,1.0406624030427472,1123634,-0.0028889036926433,-0.0030162529300139,0.2735205591856423,0.4311065591604969,0.003016638209627,0.0030162529300139,-0.13919835106449252,0
primary_development_2022_2023_partial,s1_touch_reclaim,10,3d,1121513,0.0002054862652136,-0.0019417475728155,0.467412326027429,1.0121355663102232,1121513,-0.0028113864633499,-0.0049521437010233,0.4395463984813372,0.8482035115444949,0.0030168727285635,0.0030103961282078,-0.027865927546091795,0
primary_development_2022_2023_partial,s1_touch_reclaim,10,5d,1121218,0.0002132789288794,-0.0023041474654377,0.4716995267646434,1.009806705333146,1121218,-0.0028036173043289,-0.0053134505039076,0.4505279080428605,0.879677900868427,0.0030168962332083,0.0030093030384698996,-0.02117161872178286,0
primary_development_2022_2023_partial,s1_touch_reclaim,10,5m,1123754,3.172687213408742e-05,0.0,0.3705944539463263,1.0196966464928865,1123754,-0.002984621754155,-0.0030162529300138,0.164838567871616,0.2125007413274509,0.0030163486262890873,0.0030162529300138,-0.2057558860747103,0
primary_development_2022_2023_partial,s1_touch_reclaim,10,60m,1123356,0.0001022370632295,-0.0003585514521334,0.4260376941948945,1.0232943546877291,1123356,-0.0029143242396272,-0.0033737229002792,0.3221587813658359,0.5324877068283486,0.0030165613028567,0.0030151714481458,-0.10387891282905859,0
primary_development_2022_2023_partial,s1_touch_reclaim,20,15m,760487,0.0001562481121329,0.0,0.4017241583353824,1.0642442011713684,760487,-0.0028604761017017,-0.0030162529300138,0.2356174398773417,0.3563350016980693,0.0030167242138346,0.0030162529300138,-0.16610671845804068,0
primary_development_2022_2023_partial,s1_touch_reclaim,20,1d,759244,0.000588388607129,-0.0005633802816902,0.4694050924340528,1.0568149664785198,759244,-0.0024296390517439,-0.0035779339142786,0.4248239037779686,0.7971557366819088,0.0030180276588728998,0.0030145536325884,-0.044581188656084236,0
primary_development_2022_2023_partial,s1_touch_reclaim,20,2d,759099,0.0006762118330763,-0.0010214504596526,0.4738011774485278,1.048613331524353,759099,-0.0023420807228591,-0.0040346224367248,0.4405815315261909,0.8488400470212607,0.0030182925559354003,0.0030131719770722003,-0.03321964592233689,0
primary_development_2022_2023_partial,s1_touch_reclaim,20,30m,760434,0.0001904899392014,0.0,0.4153877917084191,1.0603506605913695,760434,-0.0028263375566456,-0.0030162529300139,0.2776598626573772,0.4439279056137994,0.003016827495847,0.0030162529300139,-0.13772792905104192,0
primary_development_2022_2023_partial,s1_touch_reclaim,20,3d,759078,0.0007621708560784,-0.0011486676081258,0.4767257119821678,1.0453021863724128,759078,-0.0022563809740122,-0.0041614558661011,0.4496283649374636,0.8772607365795929,0.0030185518300906,0.0030127882579753,-0.02709734704470418,0
primary_development_2022_2023_partial,s1_touch_reclaim,20,5d,758882,0.0005218772645511,-0.0016750418760468,0.4778160504531666,1.0239945474105712,758882,-0.0024959497792905,-0.004686242456094,0.4562105834635688,0.8928065293153801,0.0030178270438416003,0.0030112005800472007,-0.02160546698959781,0
primary_development_2022_2023_partial,s1_touch_reclaim,20,5m,760517,7.404766911710843e-05,0.0,0.3742020230974455,1.045332481658929,760517,-0.0029424286073894,-0.0030162529300138,0.1696372336187094,0.2253533113876016,0.0030164762765065084,0.0030162529300138,-0.2045647894787361,0
primary_development_2022_2023_partial,s1_touch_reclaim,20,60m,760265,0.0002041760328526,0.0,0.4278021479352594,1.0471614785762002,760265,-0.0028126927437156,-0.003016252930014,0.3244947485416269,0.5439490855669374,0.0030168687765681997,0.003016252930014,-0.10330739939363248,0
primary_development_2022_2023_partial,s1_touch_reclaim,40,15m,510052,0.0002449736979164,0.0,0.4068643981397975,1.0985684246724912,510052,-0.002772018134728,-0.0030162529300138,0.2430693341071106,0.3808644110606612,0.0030169918326443997,0.0030162529300138,-0.16379506403268693,0
primary_development_2022_2023_partial,s1_touch_reclaim,40,1d,509249,0.0007732353334184,0.0,0.4743475195827581,1.074809613093841,509249,-0.0022453498699354,-0.0030162529300139,0.4306164567824384,0.8119791816017693,0.0030185852033538,0.0030162529300139,-0.04373106280031974,0
primary_development_2022_2023_partial,s1_touch_reclaim,40,2d,509164,0.0008347956374007,-0.0006505475518306,0.4773884249475611,1.059733793155319,509164,-0.0021839752474004,-0.0036648382658851,0.4452592877736839,0.8595253391985802,0.0030187708848011,0.0030142907140545,-0.03212913717387722,0
primary_development_2022_2023_partial,s1_touch_reclaim,40,30m,510023,0.0002989433750985,0.0,0.4204535873872355,1.093102914683684,510023,-0.002718211243744,-0.0030162529300139,0.2851361605260939,0.468827706972924,0.0030171546188425,0.0030162529300139,-0.13531742686114157,0
primary_development_2022_2023_partial,s1_touch_reclaim,40,3d,509107,0.0008174686732247,-0.0011261261261261,0.4782314916117829,1.048058793110101,509107,-0.0022012499490697,-0.0041389823749122,0.4520562475078912,0.8814150943245136,0.0030187186222944,0.0030128562487860997,-0.026175244103891715,0
primary_development_2022_2023_partial,s1_touch_reclaim,40,5d,508944,0.0004279985510245,-0.0020340462270789,0.475808733377346,1.0193169079018207,508944,-0.0025895453308725,-0.0050441639592006,0.4557161495174321,0.8907110431197368,0.003017543881897,0.0030101177321217,-0.020092583859913915,0
primary_development_2022_2023_partial,s1_touch_reclaim,40,5m,510071,0.0001425650915502,0.0,0.3788747056782291,1.0858358789408349,510071,-0.0028741178508335,-0.0030162529300138,0.1772772810059776,0.2449056164085069,0.0030166829423837,0.0030162529300138,-0.20159742467225153,0
primary_development_2022_2023_partial,s1_touch_reclaim,40,60m,509923,0.0003038635294669,0.0,0.4330242016931968,1.069318580052186,509923,-0.0027133059298064,-0.0030162529300139,0.3308205356495,0.562703806383874,0.0030171694592733,0.0030162529300139,-0.1022036660436968,0
primary_development_2022_2023_partial,s1_touch_reclaim,60,15m,409094,0.0002820497499092,0.0,0.4074662546994089,1.1122962684141642,409094,-0.0027350539134891,-0.0030162529300138,0.2454985895662121,0.3921944479439454,0.0030171036633983,0.0030162529300138,-0.1619676651331968,0
primary_development_2022_2023_partial,s1_touch_reclaim,60,1d,408494,0.0008393327229328,0.0,0.4768589012323314,1.080042150593651,408494,-0.0021794518468659,-0.0030162529300139,0.4340235107492399,0.8196196240351407,0.0030187845697987,0.0030162529300139,-0.042835390483091484,0
primary_development_2022_2023_partial,s1_touch_reclaim,60,2d,408406,0.0009373757760499,0.0,0.4814326919780806,1.0664389177580271,408406,-0.0020817045163949,-0.0030162529300139,0.4500399112647708,0.8671285694631605,0.0030190802924448,0.0030162529300139,-0.03139278071330981,0
primary_development_2022_2023_partial,s1_touch_reclaim,60,30m,409073,0.0003885529025959,0.0,0.4232105272164137,1.1199986933103698,409073,-0.0026288720012492,-0.0030162529300138,0.288679526637055,0.4881071624808838,0.0030174249038450998,0.0030162529300138,-0.13453100057935874,0
primary_development_2022_2023_partial,s1_touch_reclaim,60,3d,408296,0.0007787233063618,-0.0010183299389002,0.4793924015910026,1.045255167586307,408296,-0.0022398784501064,-0.004031511328252,0.4538814977369359,0.8805762219535792,0.0030186017564682,0.0030131813893518,-0.02551090385406668,0
primary_development_2022_2023_partial,s1_touch_reclaim,60,5d,408149,0.0002434674324457,-0.002232142857143,0.4750985546944866,1.0108067258377993,408149,-0.0027735198569242,-0.0052416630797238,0.4557428782135935,0.884759668937821,0.0030169872893699,0.0030095202225808,-0.01935567648089309,0
primary_development_2022_2023_partial,s1_touch_reclaim,60,5m,409103,0.0001625087265948,0.0,0.3806498607930032,1.0964316924072113,409103,-0.0028542343708406,-0.0030162529300138,0.1799571257116178,0.2536432794576233,0.0030167430974354,0.0030162529300138,-0.20069273508138544,0
primary_development_2022_2023_partial,s1_touch_reclaim,60,60m,408998,0.0004409044059354,0.0,0.4363542120010367,1.100119196366688,408998,-0.0025766784032851,-0.0030162529300139,0.3352754781196974,0.5852826808038403,0.0030175828092205,0.0030162529300139,-0.10107873388133931,0
primary_development_2022_2023_partial,s1_touch_reclaim,120,15m,267781,0.0002194648666497,0.0,0.4070751845724678,1.0820116334022212,267781,-0.0027974500249121,-0.0030162529300138,0.2508915867817358,0.3992571169672378,0.0030169148915618,0.0030162529300138,-0.156183597790732,0
primary_development_2022_2023_partial,s1_touch_reclaim,120,1d,267351,0.0004838280798062,-0.0006718172657036,0.4708080388702492,1.0441064469143615,267351,-0.002533884198071,-0.0036860438249213,0.429977819420911,0.7985868318281786,0.0030177122778772,0.0030142265592177,-0.04083021944933818,0
primary_development_2022_2023_partial,s1_touch_reclaim,120,2d,267261,0.0004663128261924,-0.0012222448563862,0.4736119373945319,1.0317236285897196,267261,-0.0025513466212498,-0.0042348111867708,0.4435439514182765,0.8432653105081863,0.0030176594474422003,0.0030125663303846003,-0.030067985976255374,0
primary_development_2022_2023_partial,s1_touch_reclaim,120,30m,267768,0.0002897116413411,0.0,0.4200016432135281,1.0840419594453266,267768,-0.0027274151322605,-0.0030162529300139,0.2920438588628962,0.4897525913766979,0.0030171267736015996,0.0030162529300139,-0.12795778435063193,0
primary_development_2022_2023_partial,s1_touch_reclaim,120,3d,267214,0.000362676911547,-0.0017076989103487,0.4733434625431302,1.020489159763741,267214,-0.0026546699437638,-0.0047188009885206,0.4480117059734894,0.8622073632567668,0.0030173468553108,0.0030111020781719003,-0.025331756569640818,0
primary_development_2022_2023_partial,s1_touch_reclaim,120,5d,267208,-9.169852845987908e-05,-0.0024804538905955,0.4736310290111074,0.9960029462706298,267208,-0.0031076748725185,-0.0054892251442941,0.4539684440585611,0.873068142183869,0.003015976344058621,0.0030087712536985994,-0.019662584952546247,0
primary_development_2022_2023_partial,s1_touch_reclaim,120,5m,267788,0.000137038125487,0.0,0.382754268301791,1.0764694745952803,267788,-0.0028796281461757,-0.0030162529300138,0.1865916321866551,0.2646474305946423,0.0030166662716627,0.0030162529300138,-0.1961626361151359,0
primary_development_2022_2023_partial,s1_touch_reclaim,120,60m,267711,0.0003011295617675,0.0,0.4317865160564937,1.0645200856413597,267711,-0.0027160316511698,-0.003016252930014,0.3365793710381717,0.5809607315484729,0.0030171612129373,0.003016252930014,-0.095207145018322,0
primary_development_2022_2023_partial,s1_touch_reclaim,240,15m,202953,0.0001415191222404,0.0,0.401427916808325,1.0533184923770549,202953,-0.0028751606652414,-0.0030162529300138,0.2453474449749449,0.3817523196318186,0.0030166797874818002,0.0030162529300138,-0.1560804718333801,0
primary_development_2022_2023_partial,s1_touch_reclaim,240,1d,202636,0.0004039482784352,-0.0009774374912124,0.4647644051402514,1.037795902147029,202636,-0.0026135230617572,-0.0039907422225295,0.4229455772913006,0.7878365811903654,0.0030174713401924,0.0030133047313171003,-0.0418188278489508,0
primary_development_2022_2023_partial,s1_touch_reclaim,240,2d,202594,0.0005416387616367,-0.0013513513513514,0.470754316514803,1.0383136280000658,202594,-0.002476247887879,-0.0043635282638921,0.4400870706931103,0.8425353617087216,0.0030178866495157,0.0030121769125407,-0.030667245821692668,0
primary_development_2022_2023_partial,s1_touch_reclaim,240,30m,202939,0.0001868309483132,0.0,0.4161102597332203,1.0547145485332547,202939,-0.0028299855110966,-0.0030162529300139,0.2874311985374915,0.4683566873846791,0.0030168164594098,0.0030162529300139,-0.1286790611957288,0
primary_development_2022_2023_partial,s1_touch_reclaim,240,3d,202538,0.0008665360460043,-0.0015576323987538,0.4728692887260662,1.051679527268135,202538,-0.0021523305758973,-0.004569187115481,0.4471802822186453,0.8826231221689115,0.0030188666219016,0.0030115547167272006,-0.025689006507420897,0
primary_development_2022_2023_partial,s1_touch_reclaim,240,5d,202504,0.0012235514849772,-0.0019569471624267,0.4758967724094339,1.0574644062475382,202504,-0.0017963919857882,-0.004967297444828,0.4556897641528069,0.9213233197070052,0.0030199434707654,0.0030103502824013,-0.020207008256627024,0
primary_development_2022_2023_partial,s1_touch_reclaim,240,5m,202958,5.916793064737644e-05,0.0,0.376048246435223,1.033024432565678,202958,-0.0029572634648121,-0.0030162529300138,0.1812985937977315,0.2478032671235995,0.0030164313954594768,0.0030162529300138,-0.1947496526374915,0
primary_development_2022_2023_partial,s1_touch_reclaim,240,60m,202900,0.0001794039619021,0.0,0.4295465746673238,1.0388407017779877,202900,-0.0028373900958379,-0.0030162529300139,0.3321488417939872,0.5595568459192958,0.00301679405774,0.0030162529300139,-0.09739773287333664,0
primary_development_2022_2023_partial,s2_first_touch_reclaim,10,15m,6401,0.0007040530700981,0.0,0.4407123886892673,1.2221523729581782,6401,-0.0023143234620512,-0.0030162529300138,0.3013591626308389,0.5393858049571053,0.0030183765321493,0.0030162529300138,-0.13935322605842843,0
primary_development_2022_2023_partial,s2_first_touch_reclaim,10,1d,6381,0.0024665205994668,0.0,0.4994514966306221,1.2049578973859896,6381,-0.000557171980532,-0.0030162529300136,0.461683121767748,0.9588793549500382,0.0030236925799987996,0.0030162529300136,-0.0377683748628741,0
primary_development_2022_2023_partial,s2_first_touch_reclaim,10,2d,6386,0.0047967533569898,0.0036496836496837,0.5364860632633887,1.3027611231681413,6386,0.0017660322056085,0.0006224223506678,0.5092389602254933,1.1025206410020971,0.0030307211513813,0.0030272612990159,-0.02724710303789535,0
primary_development_2022_2023_partial,s2_first_touch_reclaim,10,30m,6399,0.0009883212146886,0.0,0.4619471792467573,1.2429004409111806,6399,-0.0020309127420847,-0.0030162529300138,0.345679012345679,0.650833976856257,0.0030192339567733,0.0030162529300138,-0.11626816690107833,0
primary_development_2022_2023_partial,s2_first_touch_reclaim,10,3d,6373,0.0053231415375078,0.0025010421008755,0.5200062764788953,1.279151880770669,6373,0.0022908326662345,-0.000522754604703,0.4934881531460851,1.11180607313842,0.0030323088712733005,0.0030237967055784997,-0.02651812333281023,0
primary_development_2022_2023_partial,s2_first_touch_reclaim,10,5d,6374,0.0072516939399876,0.0052481727010029,0.5404769375588327,1.326518747099198,6374,0.0042135680668797,0.0022160899547026,0.5208660181989332,1.1789091909405829,0.0030381258731079002,0.0030320827463003004,-0.01961091935989956,0
primary_development_2022_2023_partial,s2_first_touch_reclaim,10,5m,6401,0.0002195155297871,0.0,0.4027495703796281,1.0957604673652386,6401,-0.0027973995145865,-0.0030162529300138,0.2227776909857834,0.3534800189882586,0.0030169150443736,0.0030162529300138,-0.1799718793938447,0
primary_development_2022_2023_partial,s2_first_touch_reclaim,10,60m,6396,0.0012523036938992,0.0,0.4809255784865541,1.2382031505050184,6396,-0.0017677265008005,-0.0030162529300138,0.3869606003752345,0.7444556157068665,0.0030200301946997,0.0030162529300138,-0.0939649781113196,0
primary_development_2022_2023_partial,s2_first_touch_reclaim,20,15m,36432,0.0001777399711468,0.0,0.4236385595081247,1.061384553013836,36432,-0.0028390490675756,-0.0030162529300138,0.2768719806763285,0.4100167931790063,0.0030167890387223996,0.0030162529300138,-0.14676657883179617,0
primary_development_2022_2023_partial,s2_first_touch_reclaim,20,1d,36352,0.0026191734167713,0.0007199424046077,0.5034386003521126,1.2631805985419642,36352,-0.000404979602735,-0.0022984820537935,0.4571412852112676,0.964705892621504,0.0030241530195063,0.0030184244584012003,-0.04629731514084501,0
primary_development_2022_2023_partial,s2_first_touch_reclaim,20,2d,36349,0.0026620337761685,0.0,0.4997661558777408,1.193490343150218,36349,-0.0003622485210224,-0.0030162529300136,0.4667528680293818,0.9762672164572876,0.0030242822971909,0.0030162529300136,-0.033013287848358996,0
primary_development_2022_2023_partial,s2_first_touch_reclaim,20,30m,36428,0.0003381168453337,0.0,0.4401559240144943,1.0945612132711893,36428,-0.0026791559306054,-0.0030162529300138,0.3148951356099703,0.5047435590363855,0.0030172727759391,0.0030162529300138,-0.12526078840452404,0
primary_development_2022_2023_partial,s2_first_touch_reclaim,20,3d,36339,0.0038717708571721,0.0011318619128466,0.5059577864002862,1.2390152204164862,36339,0.000843839686966,-0.0018878049989781,0.4805855967417926,1.047752410799878,0.0030279311702061,0.0030196669118247,-0.025372189658493638,0
primary_development_2022_2023_partial,s2_first_touch_reclaim,20,5d,36356,0.0045514092039076,0.0024330900243307,0.5172186159093409,1.224604845736601,36356,0.0015214280725468,-0.0005905017205979,0.494608867862251,1.0701580921223195,0.0030299811313608,0.0030235917449286,-0.022609748047089928,0
primary_development_2022_2023_partial,s2_first_touch_reclaim,20,5m,36433,4.172960596846668e-05,0.0,0.3957950209974473,1.020781131785509,36433,-0.0029746491910915,-0.0030162529300138,0.2034968297971619,0.2714593324317233,0.0030163787970599668,0.0030162529300138,-0.19229819120028538,0
primary_development_2022_2023_partial,s2_first_touch_reclaim,20,60m,36418,0.000661997113519,0.0,0.4573287934537866,1.1465596215823528,36418,-0.002356252567228,-0.0030162529300138,0.3593552638804986,0.6235966938726538,0.0030182496807469998,0.0030162529300138,-0.09797352957328798,0
primary_development_2022_2023_partial,s2_first_touch_reclaim,40,15m,53862,0.0004388101941446,0.0,0.434406446103004,1.147655292425762,53862,-0.0025787662984029,-0.0030162529300138,0.2912257250009283,0.4682323742499961,0.0030175764925475003,0.0030162529300138,-0.1431807211020757,0
primary_development_2022_2023_partial,s2_first_touch_reclaim,40,1d,53767,0.0026306455813597,0.0010416666666666,0.5068908438261387,1.265980473399106,53767,-0.0003935420410966,-0.0019777281934822,0.4636301076868711,0.9654738612946784,0.0030241876224563,0.0030193948601488,-0.04326073613926762,0
primary_development_2022_2023_partial,s2_first_touch_reclaim,40,2d,53754,0.0033182090706061,0.0014145948568978,0.510492242437772,1.2548541310557817,53754,0.0002919475827607,-0.0016059248489979,0.4781783681214421,1.0201387766230037,0.0030262614878454,0.0030205197058957,-0.03231387431632993,0
primary_development_2022_2023_partial,s2_first_touch_reclaim,40,30m,53858,0.0006460628857039,0.0,0.4499981432656244,1.1743848050738492,53858,-0.0023721387333818,-0.0030162529300138,0.3313528166660477,0.5686797862810419,0.0030182016190857,0.0030162529300138,-0.11864532659957666,0
primary_development_2022_2023_partial,s2_first_touch_reclaim,40,3d,53742,0.0033153936377326,0.0012767327378234,0.5067358862714451,1.2092816153752026,53742,0.0002891406419448,-0.0017433711410516,0.480015630233337,1.0167005791200705,0.0030262529957878,0.0030201038788750002,-0.02672025603810807,0
primary_development_2022_2023_partial,s2_first_touch_reclaim,40,5d,53744,0.0023862655038024,0.0,0.4931713307532003,1.1128397662022411,53744,-0.000637185006529,-0.0030162529300138,0.4715689193212266,0.9718529872064016,0.0030234505103314,0.0030162529300138,-0.021602411431973723,0
primary_development_2022_2023_partial,s2_first_touch_reclaim,40,5m,53867,0.0002284418567285,0.0,0.4050160580689476,1.1097332645049949,53867,-0.002788500111705,-0.0030162529300138,0.2218612508585961,0.3222319701050515,0.0030169419684335,0.0030162529300138,-0.1831548072103515,0
primary_development_2022_2023_partial,s2_first_touch_reclaim,40,60m,53855,0.0007932927617389,0.0,0.4574134249373317,1.169540706568886,53855,-0.0022253529398918,-0.0030162529300138,0.3651657227741157,0.6530316528287942,0.0030186457016307,0.0030162529300138,-0.09224770216321604,0
primary_development_2022_2023_partial,s2_first_touch_reclaim,60,15m,49267,0.0005037012286361,0.0,0.4323786713215742,1.1583937150057004,49267,-0.0025140709916843,-0.0030162529300138,0.2988004140702701,0.502075206280065,0.0030177722203204,0.0030162529300138,-0.13357825725130412,0
primary_development_2022_2023_partial,s2_first_touch_reclaim,60,1d,49184,0.0021792936209409,0.0,0.4951203643461288,1.2063083711367826,49184,-0.0008435326098424,-0.0030162529300137,0.4523625569290826,0.930312907218266,0.0030228262307832997,0.0030162529300137,-0.04275780741704621,0
primary_development_2022_2023_partial,s2_first_touch_reclaim,60,2d,49175,0.0025813862168925,0.0005141388174807,0.5011489578037621,1.1861855069487566,49175,-0.0004426528268614,-0.0025036648852475,0.4699135739705135,0.9711875271948782,0.0030240390437539,0.0030178037027281997,-0.031235383833248642,0
primary_development_2022_2023_partial,s2_first_touch_reclaim,60,30m,49265,0.0007700642530981,0.0,0.4481071754795493,1.196298639222386,49265,-0.0022485113854753,-0.0030162529300138,0.3369126154470719,0.6064169527488114,0.0030185756385734,0.0030162529300138,-0.11119456003247741,0
primary_development_2022_2023_partial,s2_first_touch_reclaim,60,3d,49159,0.0025741826010667,0.0,0.4971012429056734,1.1531720264568102,49159,-0.0004498347147599,-0.0030162529300137,0.4726499725380907,0.9754202640083052,0.0030240173158265996,0.0030162529300137,-0.02445127036758271,0
primary_development_2022_2023_partial,s2_first_touch_reclaim,60,5d,49148,0.0022505009487967,-0.0002311215463837,0.4885651501587043,1.1014955342470216,49148,-0.0007725400612979,-0.0032466773553561,0.469357857898592,0.9673652854941308,0.0030230410100946,0.0030155558089724,-0.019207292260112252,0
primary_development_2022_2023_partial,s2_first_touch_reclaim,60,5m,49267,0.0002278470997186,0.0,0.4049160695800434,1.1028881618290551,49267,-0.0027890930747771,-0.0030162529300138,0.2288347169504942,0.3414433723477038,0.0030169401744957,0.0030162529300138,-0.1760813526295492,0
primary_development_2022_2023_partial,s2_first_touch_reclaim,60,60m,49260,0.001007747310455,0.0,0.4621396670726756,1.20795570725728,49260,-0.0020115452403366,-0.0030162529300138,0.3711124644742184,0.6935785601669674,0.0030192925507916,0.0030162529300138,-0.0910272025984572,0
primary_development_2022_2023_partial,s2_first_touch_reclaim,120,15m,37289,0.000158916180906,0.0,0.426265118399528,1.043663122881278,37289,-0.0028578160805039,-0.0030162529300138,0.3002494033092869,0.4820168413633026,0.0030167322614099,0.0030162529300138,-0.12601571509024112,0
primary_development_2022_2023_partial,s2_first_touch_reclaim,120,1d,37224,0.0014149901000536,0.0,0.4847410272942188,1.1243672161056637,37224,-0.0016055307979954,-0.0030162529300138,0.4457339350956372,0.8759527817832201,0.0030205208980490002,0.0030162529300138,-0.03900709219858162,0
primary_development_2022_2023_partial,s2_first_touch_reclaim,120,2d,37203,0.0018220696074727,0.0,0.4847996129344408,1.1232581002865965,37203,-0.0011996791453333,-0.0030162529300139,0.4552858640432223,0.9265233752650048,0.003021748752806,0.0030162529300139,-0.029513748891218494,0
primary_development_2022_2023_partial,s2_first_touch_reclaim,120,30m,37287,0.0003365287177502,0.0,0.438276074771368,1.0757892179766355,37287,-0.0026807392679944,-0.0030162529300138,0.3341110842921125,0.5709935856571666,0.0030172679857446,0.0030162529300138,-0.10416499047925548,0
primary_development_2022_2023_partial,s2_first_touch_reclaim,120,3d,37196,0.0014581167138825,-0.0012128567225654,0.4785191956124314,1.082415451742517,37196,-0.0015625342649418,-0.0042254513699361,0.4534896225400581,0.9187915165307616,0.0030206509788243,0.0030125946473707,-0.0250295730723733,0
primary_development_2022_2023_partial,s2_first_touch_reclaim,120,5d,37203,0.0005656054029889,-0.0027855153203342,0.472865091524877,1.024256148041243,37203,-0.0024523535359788,-0.0057933664316015,0.4532430180361799,0.9013593888871568,0.0030179589389677,0.0030078511112673,-0.0196220734886971,0
primary_development_2022_2023_partial,s2_first_touch_reclaim,120,5m,37290,0.0001011987490038,0.0,0.4083132207026012,1.0403913080386449,37290,-0.002915359422033,-0.0030162529300138,0.2397425583266291,0.3525641220121698,0.0030165581710368,0.0030162529300138,-0.16857066237597207,0
primary_development_2022_2023_partial,s2_first_touch_reclaim,120,60m,37280,0.0003805581824078,0.0,0.4432135193133047,1.069446887330498,37280,-0.0026368426073386,-0.0030162529300139,0.3620976394849785,0.6357267717560288,0.0030174007897463997,0.0030162529300139,-0.08111587982832624,0
primary_development_2022_2023_partial,s2_first_touch_reclaim,240,15m,28254,5.674114253988373e-07,0.0,0.4215332342323211,1.0001469940807624,28254,-0.0030156872300448,-0.0030162529300139,0.2987895519218517,0.4752073720117574,0.003016254641470199,0.0030162529300139,-0.12274368231046939,0
primary_development_2022_2023_partial,s2_first_touch_reclaim,240,1d,28192,-0.0001646711586018,-0.0018315018315017,0.4584279228149829,0.9869008486411192,28192,-0.003180427398751,-0.0048422304887499,0.4202965380249716,0.7762034870607029,0.0030157562401492,0.0030107286572482,-0.038131384790011325,0
primary_development_2022_2023_partial,s2_first_touch_reclaim,240,2d,28193,-0.0005800166615263,-0.0028089887640448,0.4558578370517504,0.9643748797188176,28193,-0.0035945201145853,-0.0058167690734687,0.4276593480651225,0.7992532771679111,0.003014503453059,0.0030077803094239,-0.028198488986627912,0
primary_development_2022_2023_partial,s2_first_touch_reclaim,240,30m,28254,2.5389501292172584e-06,0.0,0.429425921993346,1.0005290557372568,28254,-0.0030137216380003,-0.0030162529300139,0.3305018758405889,0.5451747294234228,0.0030162605881295175,0.0030162529300139,-0.09892404615275713,0
primary_development_2022_2023_partial,s2_first_touch_reclaim,240,3d,28188,-0.0003151438983955,-0.0033155769692839,0.4578544061302682,0.983171582521991,28188,-0.0033304462747024,-0.0063218292805495,0.4342273307790549,0.8362058819549568,0.0030153023763069002,0.0030062523112655997,-0.023627075351213278,0
primary_development_2022_2023_partial,s2_first_touch_reclaim,240,5d,28183,-9.350972746870732e-05,-0.0041666666666668,0.4610580846609658,0.9960347619036386,28183,-0.003109480608493,-0.0071703518761389,0.4438491289074974,0.8763959029800531,0.0030159708810242923,0.0030036852094721,-0.017208955753468425,0
primary_development_2022_2023_partial,s2_first_touch_reclaim,240,5m,28255,5.830914711456502e-05,0.0,0.4056981065298177,1.0218604173120545,28255,-0.0029581196580351,-0.0030162529300138,0.2436736860732613,0.3655349384852048,0.003016428805149665,0.0030162529300138,-0.1620244204565564,0
primary_development_2022_2023_partial,s2_first_touch_reclaim,240,60m,28250,-0.0001782106580378,-0.0004069065751003,0.4343716814159292,0.9702983505377564,28250,-0.0031939260596322,-0.0034219321719647,0.355575221238938,0.5895403727814731,0.0030157154015944,0.0030150255968643997,-0.07879646017699121,0
primary_development_2022_2023_partial,s2_reclaim_acceleration,10,15m,561438,0.0001224840670952,0.0,0.3980261400190226,1.0557475515210617,561438,-0.0028941383058398,-0.0030162529300138,0.2239552719979766,0.3162696289468802,0.003016622372935,0.0030162529300138,-0.174070868021046,0
primary_development_2022_2023_partial,s2_reclaim_acceleration,10,1d,560442,0.0005653174042497,0.0,0.4720720431373808,1.0581917225737063,560442,-0.0024526406660406,-0.0030162529300139,0.4264366339424953,0.7835551979675657,0.0030179580702903,0.0030162529300139,-0.04563540919488551,0
primary_development_2022_2023_partial,s2_reclaim_acceleration,10,2d,560397,0.0006253480034175,-0.0011928429423458,0.4705003774110139,1.047788247215503,560397,-0.0023927911343434,-0.0042054979563397,0.4364441636910975,0.8370437142541146,0.0030181391377609003,0.0030126550139939,-0.034056213719916406,0
primary_development_2022_2023_partial,s2_reclaim_acceleration,10,30m,561388,0.0001651007399075,0.0,0.413637270479597,1.0575502634750908,561388,-0.002851650175693,-0.0030162529300139,0.2694161613714579,0.4072146314261479,0.0030167509156005,0.0030162529300139,-0.14422110910813907,0
primary_development_2022_2023_partial,s2_reclaim_acceleration,10,3d,560366,0.0007101248139183,-0.0014224751066856,0.4729230538612264,1.0447938125763492,560366,-0.0023082700321458,-0.004434437491991,0.4446236923724851,0.8675592270330628,0.0030183948460641,0.0030119623853054004,-0.028299361488741293,0
primary_development_2022_2023_partial,s2_reclaim_acceleration,10,5d,560175,0.0014306210688801,-0.0003507541213609,0.485721426339983,1.070851639116739,560175,-0.0015899469761242,-0.0033659490882285,0.464526264113893,0.9267536103630536,0.0030205680450043,0.0030151949668676,-0.021195162226090025,0
primary_development_2022_2023_partial,s2_reclaim_acceleration,10,5m,561455,1.9922047539864857e-05,0.0,0.366540506362932,1.0134731566209867,561455,-0.0029963909724006,-0.0030162529300138,0.1568460517761886,0.1852421487010152,0.0030163130199404647,0.0030162529300138,-0.2096944545867434,0
primary_development_2022_2023_partial,s2_reclaim_acceleration,10,60m,561257,0.000169148972476,0.0,0.4274334217657864,1.0419163548365156,561257,-0.0028476141536189,-0.0030162529300139,0.3203897679672592,0.515815518857631,0.0030167631260949,0.0030162529300139,-0.1070436537985272,0
primary_development_2022_2023_partial,s2_reclaim_acceleration,20,15m,376664,0.0001948138975295,0.0,0.4012408937408406,1.088577378957918,376664,-0.0028220266404742,-0.0030162529300138,0.2292414459571395,0.331600062653447,0.0030168405380037004,0.0030162529300138,-0.1719994477837011,0
primary_development_2022_2023_partial,s2_reclaim_acceleration,20,1d,376062,0.0007421873242506,0.0,0.4736878493439911,1.076693075330087,376062,-0.0022763042304548,-0.0030162529300139,0.4283229892943185,0.7983622840176944,0.0030184915547054,0.0030162529300139,-0.045364860049672606,0
primary_development_2022_2023_partial,s2_reclaim_acceleration,20,2d,375985,0.000874339439169,0.0,0.4788967644985837,1.0666437513614535,375985,-0.0021445507197401,-0.0030162529300139,0.4452065906884583,0.8540288294856331,0.0030188901589091,0.0030162529300139,-0.0336901738101254,0
primary_development_2022_2023_partial,s2_reclaim_acceleration,20,30m,376631,0.0002261137976573,0.0,0.4156057254979011,1.0787347377309395,376631,-0.0027908211487618,-0.0030162529300138,0.2726328953272566,0.4192031513695356,0.0030169349464191,0.0030162529300138,-0.1429728301706445,0
primary_development_2022_2023_partial,s2_reclaim_acceleration,20,3d,375994,0.0010047922238413,0.0,0.4840768735671314,1.0629742742514496,375994,-0.0020144914136617,-0.0030162529300139,0.4568450560381282,0.8848583923830522,0.0030192836375030003,0.0030162529300139,-0.02723181752900322,0
primary_development_2022_2023_partial,s2_reclaim_acceleration,20,5d,375903,0.0013148364792272,0.0,0.492613786003304,1.0644548837074614,375903,-0.0017053823301695,-0.0030162529300138,0.4706134295283624,0.9221070286341676,0.0030202188093966997,0.0030162529300138,-0.02200035647494164,0
primary_development_2022_2023_partial,s2_reclaim_acceleration,20,5m,376681,6.058932687433778e-05,0.0,0.3695328407857046,1.0407494197610312,376681,-0.002955846355874,-0.0030162529300138,0.1610115721260164,0.1953287589759402,0.0030164356827483375,0.0030162529300138,-0.20852126865968817,0
primary_development_2022_2023_partial,s2_reclaim_acceleration,20,60m,376553,0.0002544128393602,0.0,0.4293658528812677,1.0638463097758677,376553,-0.0027626074641261,-0.0030162529300139,0.3222069668811562,0.525660184299754,0.0030170203034863,0.0030162529300139,-0.10715888600011153,0
primary_development_2022_2023_partial,s2_reclaim_acceleration,40,15m,247406,0.0002635650544001,0.0,0.4045172712060338,1.1161473253333325,247406,-0.0027534828544824,-0.0030162529300138,0.2346628618546033,0.3564328915875751,0.0030170479088824998,0.0030162529300138,-0.1698544093514305,0
primary_development_2022_2023_partial,s2_reclaim_acceleration,40,1d,247033,0.0009055526310748,0.0,0.4762643047689984,1.093711306456792,247033,-0.0021134316747159,-0.0030162529300138,0.4310193374974194,0.812424705610505,0.0030189843057907002,0.0030162529300138,-0.045244967271579006,0
primary_development_2022_2023_partial,s2_reclaim_acceleration,40,2d,246996,0.0009860377494413,0.0,0.4788458112681987,1.0746606775230234,246996,-0.0020331893198233,-0.0030162529300139,0.4460517579232052,0.8624147869022564,0.0030192270692646003,0.0030162529300139,-0.03279405334499347,0
primary_development_2022_2023_partial,s2_reclaim_acceleration,40,30m,247393,0.0003196080535101,0.0,0.4206182066590405,1.1088095130318056,247393,-0.0026976088952325,-0.0030162529300138,0.2780515212637383,0.4442249802071384,0.0030172169487425998,0.0030162529300138,-0.1425666853953022,0
primary_development_2022_2023_partial,s2_reclaim_acceleration,40,3d,246986,0.0007947121800627,-0.0009416195856873,0.4788044666499316,1.0491100271065614,246986,-0.0022239378028928,-0.0039550323528669,0.4523981116338578,0.8746110522280219,0.0030186499829555,0.0030134127671795994,-0.0264063550160738,0
primary_development_2022_2023_partial,s2_reclaim_acceleration,40,5d,246870,0.0009452038265155,-0.0012121212121212,0.4817879855794548,1.0456833428276386,246870,-0.0020739000773094,-0.0042247180779774,0.4612589622068295,0.9066431156502922,0.0030191039038249,0.0030125968658562003,-0.0205290233726253,0
primary_development_2022_2023_partial,s2_reclaim_acceleration,40,5m,247414,0.0001332063556769,0.0,0.3734348096712393,1.0873366847976789,247414,-0.0028834483583991,-0.0030162529300138,0.1674844592464452,0.2196627110758203,0.0030166547140760003,0.0030162529300138,-0.20595035042479412,0
primary_development_2022_2023_partial,s2_reclaim_acceleration,40,60m,247353,0.000326491777918,0.0,0.4330774237628005,1.0804449291755511,247353,-0.0026907459338782,-0.0030162529300139,0.3258945717254288,0.5428847642451419,0.0030172377117962,0.0030162529300139,-0.10718285203737171,0
primary_development_2022_2023_partial,s2_reclaim_acceleration,60,15m,196371,0.0002081676801025,0.0,0.3967948424156316,1.0863434049068292,196371,-0.0028087131362873,-0.0030162529300138,0.2336852182857957,0.3665808247231041,0.0030168808163898,0.0030162529300138,-0.16310962412983593,0
primary_development_2022_2023_partial,s2_reclaim_acceleration,60,1d,196067,0.0009845704856743,0.0,0.4713082772725649,1.1009131656783366,196067,-0.0020346521579518,-0.0030162529300139,0.4269050885666634,0.8210984991107079,0.0030192226436261,0.0030162529300139,-0.044403188705901486,0
primary_development_2022_2023_partial,s2_reclaim_acceleration,60,2d,196037,0.0012453166189446,0.0,0.4783994858113519,1.0947627054519704,196037,-0.0017746925009699,-0.0030162529300139,0.4458495080010406,0.8793804690763014,0.0030200091199145,0.0030162529300139,-0.03254997781031127,0
primary_development_2022_2023_partial,s2_reclaim_acceleration,60,30m,196361,0.0002936254627083,0.0,0.4142930622679656,1.095101599397715,196361,-0.0027235131159685,-0.0030162529300139,0.2763328766914,0.4570993922982359,0.0030171385786768,0.0030162529300139,-0.13796018557656559,0
primary_development_2022_2023_partial,s2_reclaim_acceleration,60,3d,195979,0.0012007965518142,-0.0007347538574578,0.4799238693941698,1.0748192540814674,195979,-0.0018190782843174,-0.0037487905839961,0.4542068282826221,0.8966432828188328,0.0030198748361316002,0.0030140367265383,-0.02571704111154771,0
primary_development_2022_2023_partial,s2_reclaim_acceleration,60,5d,195904,0.0013579691711533,-0.0007995203197698,0.4843443727540019,1.065608394590333,195904,-0.0016623797373518,-0.0038133616942765,0.463640354459327,0.925169014195886,0.0030203489085051,0.0030138413745066997,-0.020704018294674886,0
primary_development_2022_2023_partial,s2_reclaim_acceleration,60,5m,196377,9.35121816610128e-05,0.0,0.3690859927588261,1.0572600494158375,196377,-0.0029230228047463,-0.0030162529300138,0.1693171807289041,0.2324707891898591,0.0030165349864073126,0.0030162529300138,-0.199768812029922,0
primary_development_2022_2023_partial,s2_reclaim_acceleration,60,60m,196323,0.0003238291600689,0.0,0.4275607035344814,1.0768925956322974,196323,-0.0026934005205984,-0.0030162529300139,0.3233395985187675,0.5549512152129242,0.0030172296806673,0.0030162529300139,-0.10422110501571391,0
primary_development_2022_2023_partial,s2_reclaim_acceleration,120,15m,127183,0.0001961574774017,0.0,0.4003286602769238,1.072204124259854,127183,-0.0028206871131788,-0.0030162529300139,0.2454573331341452,0.4020790474750396,0.0030168445905805,0.0030162529300139,-0.15487132714277863,0
primary_development_2022_2023_partial,s2_reclaim_acceleration,120,1d,126995,0.0004577874548548,-0.0009132420091323,0.466664041891413,1.0433330196353117,126995,-0.0025598462779111,-0.0039267403702603,0.4234733650931139,0.7900450022153361,0.0030176337327659,0.0030134983611279998,-0.04319067679829908,0
primary_development_2022_2023_partial,s2_reclaim_acceleration,120,2d,126960,0.0005171297298186,-0.0012292567643121,0.4709120982986767,1.036937379026576,126960,-0.002500682994258,-0.004241801945009,0.4384373030875866,0.8396200089375946,0.0030178127240766,0.0030125451806969,-0.03247479521109009,0
primary_development_2022_2023_partial,s2_reclaim_acceleration,120,30m,127177,0.0002153445680764,0.0,0.4120635020483263,1.062025718440005,127177,-0.0028015578956223,-0.0030162529300139,0.2834081634257767,0.4807158047912029,0.0030169024636987,0.0030162529300139,-0.12865533862254963,0
primary_development_2022_2023_partial,s2_reclaim_acceleration,120,3d,126907,0.0005348183271958,-0.0012269938650305,0.4765379372296248,1.0319275493636402,126907,-0.0024830477501645,-0.0042395458712038,0.4490296043559457,0.8643992280487173,0.0030178660773602997,0.0030125520061733,-0.027508332873679098,0
primary_development_2022_2023_partial,s2_reclaim_acceleration,120,5d,126899,0.0008153854021936,-0.000639795265515,0.4860243185525497,1.038282575794081,126899,-0.0022033269364286,-0.0036541184111847,0.4644008227015185,0.9034056363099136,0.0030187123386222,0.0030143231456697,-0.021623495851031183,0
primary_development_2022_2023_partial,s2_reclaim_acceleration,120,5m,127186,0.0001126061706053,0.0,0.3774078908055918,1.0607975474929112,127186,-0.0029039864081016,-0.0030162529300138,0.1846586888494016,0.2721092020685864,0.0030165925787069003,0.0030162529300138,-0.1927492019561902,0
primary_development_2022_2023_partial,s2_reclaim_acceleration,120,60m,127160,0.0002096832233335,-0.0005720823798627,0.4239383453916326,1.0451902388525625,127160,-0.0028072021643174,-0.0035866097647221,0.3277760301981755,0.5667788501657551,0.0030168853876509,0.0030145273848594,-0.09616231519345708,0
primary_development_2022_2023_partial,s2_reclaim_acceleration,240,15m,93360,6.592015084680407e-05,0.0,0.397407883461868,1.0237896348537416,93360,-0.0029505316110157,-0.0030162529300139,0.2422343616109682,0.3827662797190004,0.003016451761862504,0.0030162529300139,-0.1551735218508998,0
primary_development_2022_2023_partial,s2_reclaim_acceleration,240,1d,93209,-0.0001643832267956,-0.0018214936247722,0.4509221212543853,0.9848541037749692,93209,-0.0031801403354201,-0.0048322524693034,0.4076323101846388,0.7461560629241384,0.0030157571086245,0.0030107588445312003,-0.0432898110697465,0
primary_development_2022_2023_partial,s2_reclaim_acceleration,240,2d,93177,-0.0005044389947151,-0.0026881720430108,0.4518497053994011,0.9650790629037076,93177,-0.0035191704091332,-0.0056963167662236,0.4218530324006997,0.7812791702183013,0.0030147314144180998,0.0030081447232128,-0.0299966729987014,0
primary_development_2022_2023_partial,s2_reclaim_acceleration,240,30m,93352,9.332447333798918e-05,0.0,0.4102322392664324,1.0264692759880527,93352,-0.0029232099468924,-0.0030162529300139,0.2817722169851744,0.4638708812170732,0.003016534420230389,0.0030162529300139,-0.12846002228125797,0
primary_development_2022_2023_partial,s2_reclaim_acceleration,240,3d,93163,-0.0004416907341539,-0.002998500749625,0.4569517941672123,0.9741928826257192,93163,-0.0034566114131968,-0.006005709442967,0.4316520507068256,0.8154635989110903,0.0030149206790429,0.0030072086933419996,-0.025299743460386714,0
primary_development_2022_2023_partial,s2_reclaim_acceleration,240,5d,93117,4.213018576970775e-05,-0.0032362459546925,0.4646197794172922,1.0019737095196175,93117,-0.0029742498195404,-0.0062427375483631,0.4441938636339229,0.8702337979752468,0.0030163800053101078,0.0030064915936705997,-0.02042591578336933,0
primary_development_2022_2023_partial,s2_reclaim_acceleration,240,5m,93362,1.1772298661218972e-05,0.0,0.3744349949658319,1.0062531168931377,93362,-0.0030045161395838,-0.0030162529300138,0.1817334675778154,0.2540339960921213,0.0030162884382450186,0.0030162529300138,-0.1927015273880165,0
primary_development_2022_2023_partial,s2_reclaim_acceleration,240,60m,93335,-1.6734004625340946e-05,-0.0006930006930007,0.4213639042159961,0.9964952182204294,93335,-0.0030329364606489,-0.0037071633576437,0.323319226442385,0.5420850338324987,0.003016202456023559,0.0030141626646430003,-0.09804467777361114,0
primary_development_2022_2023_partial,s2_reclaim_breakout_recent,10,15m,173444,-0.0001444851008621,0.0,0.3999331196236249,0.9541925531275728,173444,-0.003160302227268,-0.0030162529300139,0.2434503355549918,0.387567618847549,0.0030158171264058997,0.0030162529300139,-0.15648278406863309,0
primary_development_2022_2023_partial,s2_reclaim_breakout_recent,10,1d,173123,-0.0012782613451505,-0.0023391812865499,0.4442217383016699,0.9001869506678978,173123,-0.0042906587156369,-0.0053483786541543,0.4001432507523552,0.7040261174868934,0.0030123973704864,0.0030091973676044,-0.044078487549314704,0
primary_development_2022_2023_partial,s2_reclaim_breakout_recent,10,2d,173049,-0.0022605866180912,-0.0034129692832765,0.4418055001762506,0.8671992625143349,173049,-0.0052700210470948,-0.0064189278346895,0.4083063178637264,0.718101122956948,0.0030094344290036,0.0030059585514130003,-0.03349918231252419,0
primary_development_2022_2023_partial,s2_reclaim_breakout_recent,10,30m,173428,-0.0002200584736569,-0.0006480881399869,0.4098473141591899,0.9463047614077326,173428,-0.0032356476516554,-0.0036623862722495,0.2819844546440021,0.4633022672930437,0.0030155891779985,0.0030142981322626,-0.12786285951518778,0
primary_development_2022_2023_partial,s2_reclaim_breakout_recent,10,3d,173025,-0.0028817443874895,-0.0039215686274509,0.4436931079323797,0.8587349431909237,173025,-0.0058893052475512,-0.0069259931146019,0.4148649039156191,0.7329195268916467,0.0030075608600617,0.0030044244871510004,-0.028828204016760617,0
primary_development_2022_2023_partial,s2_reclaim_breakout_recent,10,5d,173055,-0.0037311610193035,-0.0054249547920434,0.441541706393921,0.8560506561159343,173055,-0.0067361598239602,-0.0084248446862703,0.4195544769004073,0.7555158304317316,0.0030049988046567,0.0029998898942269004,-0.02198722949351367,0
primary_development_2022_2023_partial,s2_reclaim_breakout_recent,10,5m,173455,-6.656274324180923e-05,0.0,0.3832290795883659,0.9685410002534666,173455,-0.0030826149031875,-0.0030162529300138,0.1859963679340463,0.2736251157615415,0.0030160521599456908,0.0030162529300138,-0.19723271165431958,0
primary_development_2022_2023_partial,s2_reclaim_breakout_recent,10,60m,173385,-0.0004876185647972,-0.0011520737327189,0.4194249790927704,0.9145717595048002,173385,-0.0035024007138867,-0.0041648517169609,0.3229287423940941,0.5367735696781796,0.0030147821490895,0.003012777984242,-0.0964962366986763,0
primary_development_2022_2023_partial,s2_reclaim_breakout_recent,20,15m,105996,-3.4432334494358933e-05,0.0,0.4059021095135665,0.9886313870574576,105996,-0.003050581407879,-0.0030162529300139,0.2514340163779765,0.3914455557665317,0.003016149073384641,0.0030162529300139,-0.15446809313558996,0
primary_development_2022_2023_partial,s2_reclaim_breakout_recent,20,1d,105775,-0.0003145813936281,-0.0016795431642593,0.4554100685417159,0.9737097436418284,105775,-0.0033298854665918,-0.0046907301672829,0.4092082250059087,0.755651738821517,0.0030153040729636997,0.0030111870030236,-0.0462018435358072,0
primary_development_2022_2023_partial,s2_reclaim_breakout_recent,20,2d,105747,-0.0009022971511973,-0.0023255813953488,0.4578758735472401,0.9438706097444886,105747,-0.0039158285247852,-0.0053348197836649,0.4239269199126216,0.77879517343278,0.0030135313735879,0.0030092383883160998,-0.03394895363461847,0
primary_development_2022_2023_partial,s2_reclaim_breakout_recent,20,30m,105988,-5.53491579848385e-05,-0.000335626792469,0.4166132014945088,0.9858098295178528,105988,-0.0030714351409392,-0.0033508673871867,0.2881458278295656,0.4714138822526205,0.0030160859829543615,0.0030152405947176998,-0.1284673736649432,0
primary_development_2022_2023_partial,s2_reclaim_breakout_recent,20,3d,105733,-0.001219022277001,-0.0028530670470756,0.4572555398976667,0.9370369641933224,105733,-0.0042315983275002,-0.0058607144052491,0.4294591092657921,0.7982340587471021,0.0030125760504992,0.0030076473581735004,-0.02779643063187459,0
primary_development_2022_2023_partial,s2_reclaim_breakout_recent,20,5d,105740,-0.001964879663877,-0.0041948508321515,0.4535653489691696,0.9208624311616808,105740,-0.0049752060198477,-0.0071984510310519,0.4301967089086438,0.8117570102320512,0.0030103263559707,0.0030036001989004,-0.023368640060525803,0
primary_development_2022_2023_partial,s2_reclaim_breakout_recent,20,5m,105998,-1.39228272909724e-05,0.0,0.3845261231343987,0.9932098470186788,105998,-0.0030301337625371,-0.0030162529300138,0.1859563387988452,0.2740875698322494,0.0030162109352461276,0.0030162529300138,-0.1985697843355535,0
primary_development_2022_2023_partial,s2_reclaim_breakout_recent,20,60m,105950,-0.0001368058368616,-0.0009689922480619,0.4254176498348277,0.9741167778201056,105950,-0.0031526461258695,-0.0039823224523683,0.328815478999528,0.5573435508018234,0.0030158402890079,0.0030133302043063998,-0.0966021708352997,0
primary_development_2022_2023_partial,s2_reclaim_breakout_recent,40,15m,53871,0.0001731122411364,0.0,0.4216554361344694,1.0599367592286797,53871,-0.002843662839182,-0.0030162529300138,0.2627202019639509,0.4109539799153215,0.0030167750803184,0.0030162529300138,-0.15893523417051847,0
primary_development_2022_2023_partial,s2_reclaim_breakout_recent,40,1d,53767,-0.0002065895630249,-0.0010775862068964,0.4661781390071977,0.9829076244772332,53767,-0.003222219366664,-0.0040905888643564,0.4234195696244908,0.7649894352016412,0.0030156298036391003,0.00301300265746,-0.04275856938270689,0
primary_development_2022_2023_partial,s2_reclaim_breakout_recent,40,2d,53757,-0.0002814547284808,-0.0014858841010402,0.4706549844671391,0.9825546064516674,53757,-0.0032968587198452,-0.0044976552287804,0.4376732332533437,0.8139599064416301,0.0030154039913644,0.0030117711277402,-0.03298175121379543,0
primary_development_2022_2023_partial,s2_reclaim_breakout_recent,40,30m,53865,0.0001965661434765,0.0,0.4322658498097094,1.0520369730266377,53865,-0.0028202796797435,-0.0030162529300139,0.3064698783997029,0.4995752550940868,0.0030168458232199998,0.0030162529300139,-0.12579597141000648,0
primary_development_2022_2023_partial,s2_reclaim_breakout_recent,40,3d,53758,-0.0003129499414315,-0.0018691588785045,0.471408906581346,0.9838803588505336,53758,-0.0033282589352676,-0.0048797739525744,0.4444175750585959,0.8413725445304742,0.0030153089938361,0.0030106150740699,-0.026991331522750073,0
primary_development_2022_2023_partial,s2_reclaim_breakout_recent,40,5d,53763,-0.0016846067238865,-0.0039682539682538,0.4615813849673567,0.934365219183698,53763,-0.0046957784539336,-0.0069725376406087,0.4403772110931309,0.8276047778792115,0.0030111717300471,0.0030042836723549,-0.021204173874225796,0
primary_development_2022_2023_partial,s2_reclaim_breakout_recent,40,5m,53873,0.0001266232219518,0.0,0.3992909249531305,1.066697165372268,53873,-0.0028900116357262,-0.0030162529300138,0.1981140831214151,0.2736437390731425,0.003016634857678,0.0030162529300138,-0.20117684183171541,0
primary_development_2022_2023_partial,s2_reclaim_breakout_recent,40,60m,53847,1.822304877800569e-05,-0.0004468275245753,0.4410830686946348,1.003453616260623,53847,-0.0029980848465601,-0.003461732709759,0.3468345497427897,0.5754554754436692,0.003016307895338106,0.0030149051851837,-0.0942485189518451,0
primary_development_2022_2023_partial,s2_reclaim_breakout_recent,60,15m,32447,0.0004154829886395,0.0,0.4376059419977193,1.1495234054626504,32447,-0.0026020231431561,-0.0030162529300138,0.2807963756279471,0.4423307608465353,0.0030175061317956,0.0030162529300138,-0.15680956636977217,0
primary_development_2022_2023_partial,s2_reclaim_breakout_recent,60,1d,32400,0.000131414082741,0.0,0.4844444444444444,1.010636609377831,32400,-0.0028852352253849,-0.0030162529300138,0.4442592592592592,0.7927250377612295,0.0030166493081259,0.0030162529300138,-0.04018518518518521,0
primary_development_2022_2023_partial,s2_reclaim_breakout_recent,60,2d,32389,9.960631961916748e-06,0.0,0.4863070795640495,1.0006059193371342,32389,-0.0030063223418371,-0.0030162529300138,0.4565438883571583,0.8327382485330505,0.0030162829737990166,0.0030162529300138,-0.029763191206891193,0
primary_development_2022_2023_partial,s2_reclaim_breakout_recent,60,30m,32446,0.000612944257655,0.0,0.4515194476977131,1.167906610837582,32446,-0.0024051574672719,-0.0030162529300138,0.321734574369722,0.5593576469491086,0.0030181017249269002,0.0030162529300138,-0.1297848733279911,0
primary_development_2022_2023_partial,s2_reclaim_breakout_recent,60,3d,32373,-0.0006573733896095,-0.0012515644555692,0.4788867265931486,0.967472203847303,32373,-0.0036716435152108,-0.004264042350627,0.4561208414419423,0.8311671699101316,0.0030142701256012996,0.0030124778950578,-0.02276588515120631,0
primary_development_2022_2023_partial,s2_reclaim_breakout_recent,60,5d,32366,-0.0029753543085975,-0.0039715374246586,0.4634801952666378,0.8911097634193124,32366,-0.0059826328174604,-0.0069758111932786,0.4451276030402274,0.7928592501931294,0.0030072785088628997,0.00300427376862,-0.01835259222641039,0
primary_development_2022_2023_partial,s2_reclaim_breakout_recent,60,5m,32448,0.0002595339854242,0.0,0.4098557692307692,1.1425051263583346,32448,-0.0027575017647335,-0.0030162529300138,0.205159023668639,0.2883477950135605,0.0030170357501577,0.0030162529300138,-0.20469674556213022,0
primary_development_2022_2023_partial,s2_reclaim_breakout_recent,60,60m,32439,0.0006564241352329,0.0,0.461635685440365,1.129690092971871,32439,-0.0023618087360021,-0.0030162529300138,0.3689386232621227,0.6518470651290872,0.003018232871235,0.0030162529300138,-0.0926970621782423,0
primary_development_2022_2023_partial,s2_reclaim_breakout_recent,120,15m,14407,0.0004547662716696,0.0,0.434163948080794,1.1585384949602928,14407,-0.0025628583484436,-0.0030162529300138,0.2881238286943847,0.4605281684183038,0.0030176246201132,0.0030162529300138,-0.14604011938640932,0
primary_development_2022_2023_partial,s2_reclaim_breakout_recent,120,1d,14390,9.474691659691416e-05,-0.000839266402307,0.4733842946490618,1.007201241429031,14390,-0.0029217917940817,-0.0038529878925759,0.4380125086865879,0.8018710522771102,0.003016538710678614,0.0030137214902688997,-0.03537178596247387,0
primary_development_2022_2023_partial,s2_reclaim_breakout_recent,120,2d,14375,0.00019298022204,-0.000796812749004,0.4825739130434782,1.0109623017854117,14375,-0.0028238547851339,-0.003810662290229,0.4553739130434782,0.8524954849431289,0.0030168350071738998,0.003013849541225,-0.027200000000000002,0
primary_development_2022_2023_partial,s2_reclaim_breakout_recent,120,30m,14404,0.0006645659449719,0.0,0.4499444598722577,1.1747187685620304,14404,-0.0023536914840205,-0.0030162529300138,0.3328242154956956,0.5793311381733067,0.0030182574289924,0.0030162529300138,-0.1171202443765621,0
primary_development_2022_2023_partial,s2_reclaim_breakout_recent,120,3d,14370,-0.0008811662237531,-0.0021613877728985,0.4736256089074461,0.9594562847695756,14370,-0.0038947613335627,-0.0051711214107095,0.4537926235212248,0.8326889498756251,0.0030135951098096,0.0030097336378110003,-0.019832985386221302,0
primary_development_2022_2023_partial,s2_reclaim_breakout_recent,120,5d,14382,-0.0034263090145842,-0.0066039381582676,0.4572382144347101,0.8830381570883151,14382,-0.0064322273299935,-0.0096002719404619,0.4397163120567376,0.7915855008581205,0.0030059183154093,0.0029963337821943,-0.017521902377972465,0
primary_development_2022_2023_partial,s2_reclaim_breakout_recent,120,5m,14408,0.0002791570906628,0.0,0.4095641310383121,1.1491462678028048,14408,-0.0027379378477436,-0.0030162529300138,0.2109938922820655,0.2997659405527812,0.0030170949384064,0.0030162529300138,-0.19857023875624658,0
primary_development_2022_2023_partial,s2_reclaim_breakout_recent,120,60m,14402,0.0006363467431746,0.0,0.458477989168171,1.1173329299415629,14402,-0.0023818255695677,-0.0030162529300138,0.3691848354395223,0.6667917173785811,0.0030181723127423,0.0030162529300138,-0.08929315372864871,0
primary_development_2022_2023_partial,s2_reclaim_breakout_recent,240,15m,26234,0.0001536016781115,0.0,0.4126324616909354,1.0551142108914306,26234,-0.002863114553414,-0.0030162529300138,0.2584051231226652,0.3963861606940113,0.0030167162315254997,0.0030162529300138,-0.1542273385682702,0
primary_development_2022_2023_partial,s2_reclaim_breakout_recent,240,1d,26212,0.001060588536318,0.0,0.4837860521898367,1.1005080093571766,26212,-0.001958863396976,-0.0030162529300138,0.4383106973905081,0.8385232017580933,0.0030194519332940005,0.0030162529300138,-0.04547535479932863,0
primary_development_2022_2023_partial,s2_reclaim_breakout_recent,240,2d,26196,0.0015041727345388,0.0,0.4951137578256222,1.109346611018833,26196,-0.0015166171608928,-0.0030162529300137,0.4621697969155596,0.900710065535908,0.0030207898954316,0.0030162529300137,-0.03294396091006263,0
primary_development_2022_2023_partial,s2_reclaim_breakout_recent,240,30m,26234,0.0002202574828263,0.0,0.4288328123808798,1.061244405659954,26234,-0.0027966597994655,-0.0030162529300138,0.2989250590836319,0.4883039867601713,0.0030169172822917998,0.0030162529300138,-0.12990775329724785,0
primary_development_2022_2023_partial,s2_reclaim_breakout_recent,240,3d,26207,0.0014622622068688,0.0,0.4940664707902469,1.0893619689851473,26207,-0.0015584012758109,-0.0030162529300137,0.4651810584958217,0.9128079717922408,0.0030206634826797,0.0030162529300137,-0.028885412294425206,0
primary_development_2022_2023_partial,s2_reclaim_breakout_recent,240,5d,26178,0.001842472242288,0.0005656115835205,0.5008022003208801,1.0880481135722604,26178,-0.001179338050025,-0.0024523473740893,0.4760103904041561,0.947342643751494,0.003021810292313,0.0030179589576098,-0.024791809916723972,0
primary_development_2022_2023_partial,s2_reclaim_breakout_recent,240,5m,26235,0.0001060253254275,0.0,0.389937106918239,1.0554814736894405,26235,-0.0029105474037848,-0.0030162529300138,0.194777968362874,0.2732246560006247,0.0030165727292123003,0.0030162529300138,-0.195159138555365,0
primary_development_2022_2023_partial,s2_reclaim_breakout_recent,240,60m,26231,0.0002986491183615,0.0,0.4479051503945713,1.0622858201498533,26231,-0.0027185046129306,-0.0030162529300139,0.3492051389577217,0.5858812004535398,0.0030171537312921,0.0030162529300139,-0.09870001143684959,0
primary_development_2022_2023_partial,s2_reclaim_bull_stack,10,15m,100605,-0.0001968156718672,-0.0002892681515764,0.4041349833507281,0.9436590258514892,100605,-0.0032124749560347,-0.0033046485756804,0.2541921375677153,0.4134429987388661,0.0030156592841675003,0.003015380424104,-0.1499428457830128,0
primary_development_2022_2023_partial,s2_reclaim_bull_stack,10,1d,100384,-0.0029589084059462,-0.0044843049327354,0.4134722664966528,0.8024102453846614,100384,-0.0059662365198112,-0.0074870320648569,0.3755877430666242,0.6436926863121228,0.003007328113865,0.0030027271321214997,-0.03788452343002863,0
primary_development_2022_2023_partial,s2_reclaim_bull_stack,10,2d,100339,-0.0046993872129179,-0.006953066799106,0.4032828710670826,0.7643710953051034,100339,-0.0077014656024816,-0.0099483475210144,0.3741715584169665,0.6453898200331443,0.0030020783895637008,0.0029952807219083997,-0.029111312650116128,0
primary_development_2022_2023_partial,s2_reclaim_bull_stack,10,30m,100597,-0.0003102101219084,-0.0008904719501336,0.4094953129815004,0.9315896789586692,100597,-0.0033255273797335,-0.0039040389915188,0.2894320904201914,0.4848713947159918,0.0030153172578251,0.0030135670413852,-0.12006322256130897,0
primary_development_2022_2023_partial,s2_reclaim_bull_stack,10,3d,100337,-0.0059521854728496,-0.0084865629420086,0.401028533840956,0.7519602820184216,100337,-0.0089504851059911,-0.0114772182516829,0.3766407207710017,0.6525584188555653,0.0029982996331415004,0.0029906553096743,-0.0243878130699543,0
primary_development_2022_2023_partial,s2_reclaim_bull_stack,10,5d,100332,-0.0085051873565362,-0.0116767840807341,0.3936431048917593,0.7254632890479631,100332,-0.0114957864902653,-0.0146578168765514,0.3745265717816848,0.6488602412079213,0.002990599133729099,0.002981032795817299,-0.019116533110074496,0
primary_development_2022_2023_partial,s2_reclaim_bull_stack,10,5m,100611,-8.016791101491114e-05,0.0,0.3898679070876942,0.9655807384946412,100611,-0.003096179034333,-0.0030162529300139,0.1992525668167496,0.3003970332910679,0.003016011123318089,0.0030162529300139,-0.1906153402709446,0
primary_development_2022_2023_partial,s2_reclaim_bull_stack,10,60m,100571,-0.0007445284834422,-0.0015337423312882,0.4123753368267194,0.8823035855387944,100571,-0.0037585357272368,-0.0045453691065013,0.3224587604776724,0.5412062431851216,0.0030140072437946004,0.0030116267752130993,-0.08991657634904698,0
primary_development_2022_2023_partial,s2_reclaim_bull_stack,20,15m,71244,-7.043343934166202e-05,0.0,0.4110100499691202,0.9779793452836671,71244,-0.0030864739242881,-0.0030162529300139,0.2570321711302004,0.4024739665919341,0.003016040484946438,0.0030162529300139,-0.15397787883891983,0
primary_development_2022_2023_partial,s2_reclaim_bull_stack,20,1d,71085,-0.0017895917317924,-0.00354609929078,0.4251951888584089,0.8697221772145454,71085,-0.0048004468005018,-0.0065516562884179,0.3851023422663009,0.6898574400414794,0.0030108550687094,0.0030055569976379,-0.04009284659210799,0
primary_development_2022_2023_partial,s2_reclaim_bull_stack,20,2d,71061,-0.0028023356388336,-0.0055865921787709,0.4195409577686776,0.8479587222583331,71061,-0.005810136015766,-0.0085859945337568,0.3900592448741222,0.7118159080799741,0.0030078003769324,0.002999402354985901,-0.029481712894555423,0
primary_development_2022_2023_partial,s2_reclaim_bull_stack,20,30m,71240,-9.768057277861971e-05,-0.0006537017423571,0.4150196518809657,0.9763263614142912,71240,-0.0031136388734789,-0.0036679829425751,0.2915637282425604,0.4841271681795638,0.0030159583007002802,0.0030142812002180003,-0.1234559236384053,0
primary_development_2022_2023_partial,s2_reclaim_bull_stack,20,3d,71071,-0.0035192572159524,-0.0072933549432738,0.4154437112183591,0.8415795726846153,71071,-0.0065248951760772,-0.0102876092700703,0.3915661802985746,0.7274413280161636,0.0030056379601247998,0.0029942543267965005,-0.023877530919784506,0
primary_development_2022_2023_partial,s2_reclaim_bull_stack,20,5d,71043,-0.0060045604160359,-0.0106382978723403,0.4049237785566488,0.7937333232756606,71043,-0.0090027020731015,-0.0136224630052265,0.385597455062427,0.7080923560553687,0.0029981416570656,0.002984165132886199,-0.01932632349422181,0
primary_development_2022_2023_partial,s2_reclaim_bull_stack,20,5m,71246,-3.6644759143411006e-05,0.0,0.3926536226595177,0.9830102493121784,71246,-0.0030527871592956,-0.0030162529300138,0.1942705555399601,0.2824377771578474,0.003016142400152189,0.0030162529300138,-0.1983830671195576,0
primary_development_2022_2023_partial,s2_reclaim_bull_stack,20,60m,71224,-0.0003650310312094,-0.0013404825737265,0.4166853869482197,0.935523543798994,71224,-0.003380182935306,-0.0043526922692497,0.3239497922048747,0.5505100789863947,0.0030151519040966,0.0030122096955232,-0.09273559474334503,0
primary_development_2022_2023_partial,s2_reclaim_bull_stack,40,15m,29834,0.0001262967622909,0.0,0.4218006301535161,1.0418913716377032,29834,-0.0028903371107022,-0.0030162529300138,0.266675605014413,0.4153406535906691,0.0030166338729931,0.0030162529300138,-0.1551250251391031,0
primary_development_2022_2023_partial,s2_reclaim_bull_stack,40,1d,29777,-0.002046497460673,-0.0031847133757962,0.4261678476676629,0.8462893516435674,29777,-0.0050565776367248,-0.0061913604047588,0.3849279645363871,0.6641232214619507,0.0030100801760518,0.0030066470289626,-0.0412398831312758,0
primary_development_2022_2023_partial,s2_reclaim_bull_stack,40,2d,29757,-0.0030868275058004,-0.0054744525547445,0.4198675941795208,0.8300561128770568,29757,-0.0060937697833054,-0.0084741931511999,0.3898578485734449,0.6936891288972703,0.003006942277505,0.0029997405964553997,-0.030009745606075888,0
primary_development_2022_2023_partial,s2_reclaim_bull_stack,40,30m,29830,0.0002223784488839,0.0,0.4274555816292323,1.0579161094125664,29830,-0.0027945452307779,-0.0030162529300139,0.3049279249078109,0.5103373615538562,0.0030169236796618003,0.0030162529300139,-0.12252765672142141,0
primary_development_2022_2023_partial,s2_reclaim_bull_stack,40,3d,29766,-0.003202651171985,-0.0066445182724251,0.4236377074514547,0.8523817775875221,29766,-0.0062092440960176,-0.0096407296547312,0.4010952092992004,0.7345957280297883,0.0030065929240326,0.0029962113823061003,-0.022542498152254287,0
primary_development_2022_2023_partial,s2_reclaim_bull_stack,40,5d,29756,-0.005365022078796,-0.0097594992686327,0.4187390778330421,0.813842029665419,29756,-0.0083650927452452,-0.0127463150803819,0.4007595106869203,0.7258096605256413,0.0030000706664492,0.0029868158117491994,-0.01797956714612181,0
primary_development_2022_2023_partial,s2_reclaim_bull_stack,40,5m,29835,0.0001265030817288,0.0,0.4021116138763198,1.0640853217592583,29835,-0.0028901314135758,-0.0030162529300138,0.2015753309870956,0.2854200870540575,0.0030166344953046,0.0030162529300138,-0.20053628288922418,0
primary_development_2022_2023_partial,s2_reclaim_bull_stack,40,60m,29825,4.066528188632504e-05,-0.0006825938566553,0.4337300922045264,1.0077391652509384,29825,-0.0029757103049031,-0.0036967879109489,0.340720871751886,0.5784556536813146,0.003016375586789425,0.0030141940542936,-0.09300922045264043,0
primary_development_2022_2023_partial,s2_reclaim_bull_stack,60,15m,13079,0.0005885674661686,0.0,0.4498050309656701,1.2065706205164508,13079,-0.0024294607321894,-0.0030162529300138,0.2955883477330071,0.482221515594143,0.003018028198358,0.0030162529300138,-0.15421668323266302,0
primary_development_2022_2023_partial,s2_reclaim_bull_stack,60,1d,13057,-0.0015575986328135,-0.0022435897435898,0.4471930765106839,0.8831900555317802,13057,-0.0045691534513874,-0.0052530754394659,0.4069081718618366,0.695615529267404,0.0030115548185739,0.0030094856958761,-0.04028490464884732,0
primary_development_2022_2023_partial,s2_reclaim_bull_stack,60,2d,13056,-0.0021710342717993,-0.0035606286889938,0.4490655637254901,0.879771960058463,13056,-0.0051807388133296,-0.0065661418622918,0.4204963235294117,0.736974524448347,0.0030097045415302995,0.0030055131732979997,-0.028569240196078427,0
primary_development_2022_2023_partial,s2_reclaim_bull_stack,60,30m,13079,0.0008207728290952,0.0,0.4618854652496368,1.2232328777535963,13079,-0.0021979557593691,-0.0030162529300138,0.3363406988301858,0.5962527141358168,0.0030187285884643,0.0030162529300138,-0.125544766419451,0
primary_development_2022_2023_partial,s2_reclaim_bull_stack,60,3d,13057,-0.0021677167959425,-0.0049645390070922,0.443440300222103,0.9000656678560629,13057,-0.0051774313438191,-0.00796581763178,0.422225626100942,0.778093754324542,0.0030097145478765997,0.0030012786246878,-0.021214674121161015,0
primary_development_2022_2023_partial,s2_reclaim_bull_stack,60,5d,13042,-0.0046881343821151,-0.0074074074074073,0.4378929612022696,0.8401352981790591,13042,-0.0076902467130625,-0.0104013177231246,0.420487655267597,0.7515550767610648,0.0030021123309474,0.0029939103157173,-0.0174053059346726,0
primary_development_2022_2023_partial,s2_reclaim_bull_stack,60,5m,13079,0.000399458343194,0.0,0.4266381221805948,1.2129539298539835,13079,-0.0026179994542178,-0.0030162529300138,0.2192828197874455,0.3247188369745442,0.0030174577974118,0.0030162529300138,-0.20735530239314934,0
primary_development_2022_2023_partial,s2_reclaim_bull_stack,60,60m,13077,0.0007544031807121,0.0,0.4679207769366063,1.151302016720396,13077,-0.0022641252201059,-0.0030162529300138,0.3694272386633019,0.6619042092759567,0.0030185284008180002,0.0030162529300138,-0.09849353827330437,0
primary_development_2022_2023_partial,s2_reclaim_bull_stack,120,15m,2467,0.0006995881856094,0.0,0.4783137413862992,1.2323682295373553,2467,-0.002318774879319,-0.0030162529300137,0.3299554114308877,0.5131351179951575,0.0030183630649284,0.0030162529300137,-0.14835832995541148,0
primary_development_2022_2023_partial,s2_reclaim_bull_stack,120,1d,2462,-0.0012783192323092,-0.0017162109475573,0.4565393988627132,0.9099758870206888,2462,-0.004290716428193,-0.004727287351272,0.4240454914703493,0.729085395337251,0.0030123971958838,0.0030110764037147002,-0.03249390739236391,0
primary_development_2022_2023_partial,s2_reclaim_bull_stack,120,2d,2459,-0.0016708524511702,-0.0034246575342465,0.4501830012200081,0.9156003952128844,2459,-0.0046820656675826,-0.0064305808309383,0.428629524196828,0.7814125170371872,0.0030112132164124006,0.0030059232966918,-0.021553477023180112,0
primary_development_2022_2023_partial,s2_reclaim_bull_stack,120,30m,2467,0.0009076386320524,0.0,0.4795297932711795,1.236290843081438,2467,-0.0021113519656447,-0.0030162529300137,0.3749493311714633,0.6182397314381433,0.0030189905976971,0.0030162529300137,-0.10458046209971622,0
primary_development_2022_2023_partial,s2_reclaim_bull_stack,120,3d,2459,-0.0021386161274715,-0.004335707649427,0.4570963806425376,0.9117675200117452,2459,-0.0051484184503247,-0.0073388829885396,0.4359495729971533,0.800678367906445,0.0030098023228532006,0.0030031753391125994,-0.02114680764538429,0
primary_development_2022_2023_partial,s2_reclaim_bull_stack,120,5d,2463,-0.0021455273282485,-0.005464480874317,0.4604141291108404,0.9304103956523988,2463,-0.0051553088051721,-0.0084642515478826,0.4470158343483557,0.8408021398835771,0.0030097814769236,0.0029997706735655997,-0.01339829476248472,0
primary_development_2022_2023_partial,s2_reclaim_bull_stack,120,5m,2467,0.0002448897709258,0.0,0.4398054316984191,1.1165818993379986,2467,-0.002772101808577,-0.0030162529300138,0.2460478313741386,0.3133179562355923,0.0030169915795028,0.0030162529300138,-0.19375760032428052,0
primary_development_2022_2023_partial,s2_reclaim_bull_stack,120,60m,2466,0.0005168586366705,0.0,0.4708029197080292,1.097513670743148,2466,-0.0025009532697205,-0.0030162529300138,0.3840227088402271,0.6421002265927198,0.003017811906391,0.0030162529300138,-0.08678021086780208,0
primary_development_2022_2023_partial,s2_reclaim_bull_stack,240,15m,361,-9.804063830174378e-05,0.0,0.4764542936288088,0.9730059481884388,361,-0.003113997852953,-0.0030162529300138,0.335180055401662,0.4183233604279147,0.0030159572146512565,0.0030162529300138,-0.1412742382271468,0
primary_development_2022_2023_partial,s2_reclaim_bull_stack,240,1d,360,-0.0023837719872591,-0.0003474635163307,0.45,0.8509066748785541,360,-0.0053928348580319,-0.0033626684084954,0.4277777777777777,0.6942035225677551,0.0030090628707728,0.0030152048921647,-0.02222222222222231,0
primary_development_2022_2023_partial,s2_reclaim_bull_stack,240,2d,359,-0.002390905518276,0.0014064697608999,0.5097493036211699,0.8940309366149606,359,-0.005399946872515,-0.0016140254376509,0.4818941504178273,0.7750471724697873,0.0030090413542389997,0.0030204951985507997,-0.027855153203342586,0
primary_development_2022_2023_partial,s2_reclaim_bull_stack,240,30m,361,0.0008211372752895,0.0,0.4626038781163435,1.1765501661327489,361,-0.0021975924124367,-0.0030162529300138,0.3628808864265928,0.6545701758503664,0.0030187296877262,0.0030162529300138,-0.09972299168975074,0
primary_development_2022_2023_partial,s2_reclaim_bull_stack,240,3d,359,0.0020092241845369,0.0035906642728904,0.5236768802228412,1.0847283169526605,359,-0.0010130890738105,0.0005635809912427,0.5041782729805014,0.9596492765107602,0.0030223132583474003,0.0030270832816477,-0.01949860724233976,0
primary_development_2022_2023_partial,s2_reclaim_bull_stack,240,5d,360,-0.0026650976830551,-0.0004001600640256,0.4972222222222222,0.9207927042633256,360,-0.0056733120043736,-0.0034152060100739,0.4861111111111111,0.8382439371644924,0.0030082143213185004,0.0030150459460483,-0.011111111111111072,0
primary_development_2022_2023_partial,s2_reclaim_bull_stack,240,5m,361,-0.0002856855604505,0.0,0.4432132963988919,0.8879662210456374,361,-0.0033010767905555,-0.0030162529300138,0.2853185595567867,0.2543435853237851,0.003015391230105,0.0030162529300138,-0.1578947368421052,0
primary_development_2022_2023_partial,s2_reclaim_bull_stack,240,60m,361,-0.0002609697328614,0.0,0.4487534626038781,0.9577498693466008,361,-0.0032764355121539,-0.0030162529300138,0.3573407202216066,0.5866220764505522,0.0030154657792925,0.0030162529300138,-0.09141274238227148,0
primary_development_2022_2023_partial,s2_reclaim_daily_trend,10,15m,461749,-9.987887535228768e-06,0.0,0.3993749851109585,0.9962995552360636,461749,-0.0030262106915505,-0.0030162529300139,0.233772027660049,0.3584893735993485,0.0030162228040152713,0.0030162529300139,-0.16560295745090947,0
primary_development_2022_2023_partial,s2_reclaim_daily_trend,10,1d,460967,-0.0001005537230355,-0.0013831258644537,0.4593821249677309,0.9909425956145068,460967,-0.003116503357587,-0.0043952069370263,0.4139146620040046,0.7556174268884978,0.0030159496345515,0.0030120810725725996,-0.04546746296372628,0
primary_development_2022_2023_partial,s2_reclaim_daily_trend,10,2d,460844,-0.0003679541422007,-0.0018939393939396,0.4610692555398356,0.9750770954925024,460844,-0.0033830972294541,-0.0049044797237072,0.4264523352804854,0.7935270892038605,0.0030151430872534003,0.0030105403297676,-0.0346169202593502,0
primary_development_2022_2023_partial,s2_reclaim_daily_trend,10,30m,461720,-2.133878456559661e-05,0.0,0.4105951659014121,0.993919872131484,461720,-0.0030375273514052,-0.0030162529300139,0.2756345837303994,0.4422685733484243,0.0030161885668396034,0.0030162529300139,-0.1349605821710127,0
primary_development_2022_2023_partial,s2_reclaim_daily_trend,10,3d,460809,-0.0005982075218488,-0.002267573696145,0.462872903958039,0.9664609726977452,460809,-0.0036126561066712,-0.0052769870503538,0.4336503844325957,0.814134953946719,0.0030144485848224,0.0030094133542087997,-0.029222519525443302,0
primary_development_2022_2023_partial,s2_reclaim_daily_trend,10,5d,460684,-0.0009994143096977,-0.0032362459546924,0.4620325429144489,0.956645284273632,460684,-0.0040126527533708,-0.0062427375483631,0.4398307733717689,0.8370905806817173,0.0030132384436731,0.0030064915936707,-0.022201769542679994,0
primary_development_2022_2023_partial,s2_reclaim_daily_trend,10,5m,461772,-4.326925267727064e-06,0.0,0.3763220810270003,0.9976083395367036,461772,-0.0030205668041758,-0.0030162529300138,0.1734600625416872,0.238096467040903,0.0030162398789080726,0.0030162529300138,-0.20286201848531313,0
primary_development_2022_2023_partial,s2_reclaim_daily_trend,10,60m,461615,-9.201640528998938e-05,-0.0007487832272555,0.4232813058501132,0.9809806015114484,461615,-0.0031079917905497,-0.0037627776376663,0.3209362780672205,0.5352823791263713,0.0030159753852597106,0.0030139944104108,-0.10234502778289267,0
primary_development_2022_2023_partial,s2_reclaim_daily_trend,20,15m,318843,3.897204693978608e-05,0.0,0.4030384860260378,1.0146397144538934,318843,-0.0029773984326258,-0.0030162529300139,0.2400052690509122,0.3616624762638398,0.003016370479565586,0.0030162529300139,-0.1630332169751256,0
primary_development_2022_2023_partial,s2_reclaim_daily_trend,20,1d,318297,0.0002569946868777,-0.0012091898428052,0.4619364932751487,1.0236097896258711,318297,-0.0027600334041135,-0.0042217955504125,0.4165732005014185,0.7796982672067359,0.0030170280909912,0.0030126057076073,-0.04536329277373019,0
primary_development_2022_2023_partial,s2_reclaim_daily_trend,20,2d,318212,0.0002352131655696,-0.0015384615384614,0.4679270423491257,1.0161712649149504,318212,-0.0027817492268441,-0.004550074079352,0.4340816813947934,0.827706185970049,0.0030169623924137,0.0030116125408906,-0.03384536095433227,0
primary_development_2022_2023_partial,s2_reclaim_daily_trend,20,30m,318823,6.46536702904037e-05,0.0,0.4157573324383748,1.0187940044576271,318823,-0.0029517942715466,-0.0030162529300139,0.280826665579334,0.4492818443378975,0.0030164479418370036,0.0030162529300139,-0.13493066685904082,0
primary_development_2022_2023_partial,s2_reclaim_daily_trend,20,3d,318213,0.0003048259016533,-0.0017985611510791,0.4694025699767137,1.0173645848752124,318213,-0.0027123464603795,-0.0048093891657512,0.4415847246969797,0.8582485751278693,0.0030171723620328003,0.0030108280146721,-0.02781784527973402,0
primary_development_2022_2023_partial,s2_reclaim_daily_trend,20,5d,318139,-0.0001087569177151,-0.0028723840787854,0.4669908436249564,0.9952389938370124,318139,-0.0031246818093572,-0.0058799731719052,0.4449470200132646,0.8719800071498321,0.0030159248916421,0.0030075890931198002,-0.022043823611691826,0
primary_development_2022_2023_partial,s2_reclaim_daily_trend,20,5m,318853,3.8357028486715386e-05,0.0,0.379695345504041,1.0215313185619046,318853,-0.0029780115960282,-0.0030162529300138,0.1755197536168704,0.2416859450205933,0.003016368624514915,0.0030162529300138,-0.2041755918871706,0
primary_development_2022_2023_partial,s2_reclaim_daily_trend,20,60m,318747,4.3550950774313705e-05,-0.0006211180124225,0.4265389164447038,1.0093136461167609,318747,-0.0029728333399229,-0.0036354974934117,0.3251356091194584,0.5436809221963222,0.0030163842906972137,0.0030143794809892,-0.10140330732524544,0
primary_development_2022_2023_partial,s2_reclaim_daily_trend,40,15m,214231,0.0001278050014373,0.0,0.4112943504908253,1.0486556019356537,214231,-0.0028888334207875,-0.0030162529300138,0.2479659806470585,0.3722716694807445,0.0030166384222247997,0.0030162529300138,-0.1633283698437668,0
primary_development_2022_2023_partial,s2_reclaim_daily_trend,40,1d,213884,0.000227021039837,-0.0009389671361502,0.4660329898449626,1.0205835720446728,213884,-0.0027899166430536,-0.0039523879037884,0.4227852480783976,0.7795913388792368,0.0030169376828906,0.0030134207676381997,-0.043247741766564984,0
primary_development_2022_2023_partial,s2_reclaim_daily_trend,40,2d,213843,0.0002614492330809,-0.0013089005235602,0.4717245829884541,1.0176316205721865,213843,-0.0027555922939483,-0.0043212054785348,0.4394392147510089,0.8321282176478519,0.0030170415270292,0.0030123049549746,-0.03228536823744521,0
primary_development_2022_2023_partial,s2_reclaim_daily_trend,40,30m,214218,0.0001628482017102,0.0,0.4215285363508202,1.047720902484389,214218,-0.0028538959196698,-0.0030162529300139,0.2900736632775957,0.4625167018532437,0.00301674412138,0.0030162529300139,-0.1314548730732245,0
primary_development_2022_2023_partial,s2_reclaim_daily_trend,40,3d,213792,0.0004051762892747,-0.0016181229773462,0.4738905104026343,1.0225801294917625,213792,-0.0026122987549088,-0.0046294952391884,0.4479306989971561,0.8660813326761089,0.0030174750441834997,0.0030113722618422,-0.025959811405478206,0
primary_development_2022_2023_partial,s2_reclaim_daily_trend,40,5d,213762,-0.0001239725258009,-0.0027548209366392,0.4706028199586456,0.9947384249942528,213762,-0.0031398515233206,-0.0057627646299312,0.4504729559042299,0.8749619032096608,0.0030158789975196997,0.003007943693292,-0.02012986405441569,0
primary_development_2022_2023_partial,s2_reclaim_daily_trend,40,5m,214240,9.328321473440624e-05,0.0,0.3859456684092606,1.0540203951753926,214240,-0.0029232510810506,-0.0030162529300138,0.1812546676624346,0.2412462134969448,0.003016534295785006,0.0030162529300138,-0.204691000746826,0
primary_development_2022_2023_partial,s2_reclaim_daily_trend,40,60m,214172,0.000116391056078,-0.0002303617167163,0.4325028481780998,1.0249338399401078,214172,-0.0029002129388002,-0.0032459198175273,0.333087425060232,0.5528971054889074,0.0030166039948782,0.003015558100811,-0.09941542311786783,0
primary_development_2022_2023_partial,s2_reclaim_daily_trend,60,15m,166416,0.0002613513769847,0.0,0.4221168637630997,1.104937956018205,166416,-0.0027556898548865,-0.0030162529300138,0.2543986155177387,0.3795730380805956,0.0030170412318712,0.0030162529300138,-0.16771824824536102,0
primary_development_2022_2023_partial,s2_reclaim_daily_trend,60,1d,166187,0.0001570613551738,0.0,0.476613694211942,1.0139004878879492,166187,-0.0028596653116128,-0.0030162529300139,0.4341494822097998,0.7782198556333059,0.0030167266667866003,0.0030162529300139,-0.042464212002142177,0
primary_development_2022_2023_partial,s2_reclaim_daily_trend,60,2d,166146,0.000140877567118,0.0,0.4815644072081181,1.0092858147371653,166146,-0.0028758002852704,-0.0030162529300139,0.4502425577504123,0.8280649497769729,0.0030166778523884,0.0030162529300139,-0.03132184945770583,0
primary_development_2022_2023_partial,s2_reclaim_daily_trend,60,30m,166407,0.0003874922585316,0.0,0.4364780327750635,1.1187656662503,166407,-0.0026299294461429,-0.0030162529300138,0.3000895395025449,0.4866260594630857,0.0030174217046745,0.0030162529300138,-0.13638849327251856,0
primary_development_2022_2023_partial,s2_reclaim_daily_trend,60,3d,166092,-0.000151602400991,-0.0016366612111293,0.4755376538304072,0.9917922728223576,166092,-0.0031673980598187,-0.0046479775569697,0.4501842352431183,0.8418386348673298,0.0030157956588277,0.0030113163458403997,-0.0253534185872889,0
primary_development_2022_2023_partial,s2_reclaim_daily_trend,60,5d,166008,-0.0009989271699023,-0.003349149018904,0.4676461375355404,0.9589016453054244,166008,-0.0040121670829132,-0.0063553000683764,0.4493156956291263,0.8448484733935656,0.0030132399130109004,0.0030061510494724004,-0.018330441906414086,0
primary_development_2022_2023_partial,s2_reclaim_daily_trend,60,5m,166419,0.000169154573535,0.0,0.3953274566005083,1.1034285427777084,166419,-0.002847608569458,-0.0030162529300138,0.1844260571208816,0.2391183983472101,0.003016763142993,0.0030162529300138,-0.2109013994796267,0
primary_development_2022_2023_partial,s2_reclaim_daily_trend,60,60m,166378,0.0004373321953369,0.0,0.4491338999146522,1.097175500229905,166378,-0.0025802398391928,-0.0030162529300138,0.3474016997439565,0.5886119536182939,0.0030175720345297,0.0030162529300138,-0.10173220017069567,0
primary_development_2022_2023_partial,s2_reclaim_daily_trend,120,15m,72269,0.0001559906599833,0.0,0.42006946270185,1.064161978211322,72269,-0.0028607327773161,-0.0030162529300138,0.2526532814899888,0.3478079850253152,0.0030167234372994,0.0030162529300138,-0.16741618121186125,0
primary_development_2022_2023_partial,s2_reclaim_daily_trend,120,1d,72156,0.0002107787644221,0.0,0.4882338267087976,1.01913232998108,72156,-0.0028061099276576,-0.0030162529300138,0.4473224679860302,0.7768346751068991,0.0030168886920796997,0.0030162529300138,-0.04091135872276741,0
primary_development_2022_2023_partial,s2_reclaim_daily_trend,120,2d,72131,0.0006280251409648,0.0,0.4993830669199096,1.0423328743064135,72131,-0.0023901220717206,-0.0030162529300136,0.4699920977111089,0.8536807005384753,0.0030181472126854,0.0030162529300136,-0.029390969208800688,0
primary_development_2022_2023_partial,s2_reclaim_daily_trend,120,30m,72265,0.0002589649657332,0.0,0.4363523143983948,1.0805497257114254,72265,-0.0027580690681175,-0.0030162529300138,0.3006573029820798,0.456139609480728,0.0030170340338507,0.0030162529300138,-0.13569501141631496,0
primary_development_2022_2023_partial,s2_reclaim_daily_trend,120,3d,72108,0.0005044429872203,0.0,0.4949242802462972,1.0278670068263085,72108,-0.0025133314704317,-0.0030162529300137,0.4710711710212459,0.8717578599650135,0.0030177744576519996,0.0030162529300137,-0.023853109225051294,0
primary_development_2022_2023_partial,s2_reclaim_daily_trend,120,5d,72125,0.0001742608773436,0.0,0.4919237435008665,1.0072155640811682,72125,-0.0028425176675521,-0.0030162529300138,0.4736776429809359,0.8891021972139787,0.0030167785448957,0.0030162529300138,-0.018246100519930586,0
primary_development_2022_2023_partial,s2_reclaim_daily_trend,120,5m,72271,7.741166559798348e-05,0.0,0.3902256783495454,1.049036393028838,72271,-0.0029390747575797,-0.0030162529300138,0.1783011166304603,0.2051820098119549,0.0030164864231776835,0.0030162529300138,-0.2119245617190851,0
primary_development_2022_2023_partial,s2_reclaim_daily_trend,120,60m,72249,0.0003039787369994,0.0,0.4497501695525198,1.067624595696771,72249,-0.0027131910697707,-0.0030162529300138,0.3506346108596658,0.566527487155612,0.0030171698067700996,0.0030162529300138,-0.09911555869285399,0
primary_development_2022_2023_partial,s2_reclaim_daily_trend,240,15m,77081,0.0001513014959551,0.0,0.4050544232690287,1.058544023798301,77081,-0.0028654077976397,-0.0030162529300138,0.2481026452692622,0.373095556108646,0.0030167092935947997,0.0030162529300138,-0.15695177799976648,0
primary_development_2022_2023_partial,s2_reclaim_daily_trend,240,1d,76983,0.0013111983198439,0.0,0.4853928789473,1.133535098794325,76983,-0.0017090095159438,-0.0030162529300138,0.440928516685502,0.849999882587848,0.0030202078357877,0.0030162529300138,-0.04446436226179801,0
primary_development_2022_2023_partial,s2_reclaim_daily_trend,240,2d,76950,0.0019482033304298,0.000594884208142,0.5013515269655621,1.1520537619499145,76950,-0.0010739258735876,-0.0024231630431075,0.4676803118908382,0.924982423299678,0.0030221292040174,0.0030180472512495,-0.03367121507472387,0
primary_development_2022_2023_partial,s2_reclaim_daily_trend,240,30m,77078,0.0001926438601444,0.0,0.423467137185708,1.0579027376501249,77078,-0.0028241901324774,-0.0030162529300138,0.2908352577908093,0.4587468682728246,0.0030168339926218,0.0030162529300138,-0.13263187939489868,0
primary_development_2022_2023_partial,s2_reclaim_daily_trend,240,3d,76915,0.0025858400170771,0.001101321585903,0.5051160371839043,1.1698400422356785,76915,-0.0004382124604647,-0.001918253208571,0.4763050120262627,0.9737677639248182,0.0030240524775418,0.003019574794474,-0.028811025157641612,0
primary_development_2022_2023_partial,s2_reclaim_daily_trend,240,5d,76918,0.0032329761130527,0.0015396467938841,0.5077615122598091,1.163609348867307,76918,0.0002069717093653,-0.0014812501002828,0.4854130372604592,1.009757409553922,0.0030260044036874,0.0030208968941668997,-0.022348474999349943,0
primary_development_2022_2023_partial,s2_reclaim_daily_trend,240,5m,77085,7.175667850052316e-05,0.0,0.3798534085749497,1.0407659824153714,77085,-0.0029447126878058,-0.0030162529300138,0.1813582409028994,0.2437249606056364,0.0030164693663063233,0.0030162529300138,-0.1984951676720503,0
primary_development_2022_2023_partial,s2_reclaim_daily_trend,240,60m,77062,0.0003306543260654,0.0,0.4415276011523189,1.0746417116337492,77062,-0.0026865959410284,-0.0030162529300139,0.3407256494770445,0.5681473537903842,0.0030172502670938,0.0030162529300139,-0.10080195167527445,0
primary_development_2022_2023_partial,s2_reclaim_positive_slope,10,15m,536259,0.0001334608997523,0.0,0.4068127527929601,1.056303768110388,536259,-0.002883194582087,-0.0030162529300138,0.2314292161063963,0.3417860389816532,0.0030166554818393003,0.0030162529300138,-0.17538353668656378,0
primary_development_2022_2023_partial,s2_reclaim_positive_slope,10,1d,535323,0.0001704435685938,-0.0008424599831509,0.4666285588327047,1.0161956334590787,535323,-0.0028463234623321,-0.0038561718407722,0.4201743620206866,0.7658497088542194,0.0030167670309259,0.0030137118576213,-0.04645419681201812,0
primary_development_2022_2023_partial,s2_reclaim_positive_slope,10,2d,535225,8.359616545051907e-05,-0.0015408320493066,0.4662244850296604,1.005982255438614,535225,-0.0029329089117415,-0.0045524374401372,0.4318651034611612,0.8117800577525436,0.0030165050771920193,0.0030116053908305993,-0.034359381568499214,0
primary_development_2022_2023_partial,s2_reclaim_positive_slope,10,30m,536216,0.0001827104731493,0.0,0.4219176600474436,1.059022330807805,536216,-0.0028340935578612,-0.0030162529300138,0.2766068151640384,0.4345829994656343,0.0030168040310105003,0.0030162529300138,-0.14531084488340518,0
primary_development_2022_2023_partial,s2_reclaim_positive_slope,10,3d,535183,-0.0003171570307324,-0.0020120724346075,0.4657266766694756,0.9812825800453836,535183,-0.0033324533349222,-0.0050222564452451,0.436555346488958,0.8202490507544723,0.0030152963041898003,0.0030101840106375997,-0.029171330180517596,0
primary_development_2022_2023_partial,s2_reclaim_positive_slope,10,5d,535088,-0.0001476572250339,-0.002125022202286,0.4725521783332835,0.9932068800866062,535088,-0.0031634647835094,-0.0051348655278558,0.4502904195197799,0.8641572058728123,0.0030158075584755,0.0030098433255697997,-0.022261758813503618,0
primary_development_2022_2023_partial,s2_reclaim_positive_slope,10,5m,536278,4.510650227940281e-05,0.0,0.3783485431063739,1.028455767094151,536278,-0.0029712824803474,-0.0030162529300138,0.1650692364780953,0.2079340293545296,0.003016388982626803,0.0030162529300138,-0.2132793066282786,0
primary_development_2022_2023_partial,s2_reclaim_positive_slope,10,60m,536090,0.000108791509821,0.0,0.4305527057024007,1.0250114418726282,536090,-0.0029077895629004,-0.0030162529300139,0.3217780596541625,0.5300091577495202,0.0030165810727214,0.0030162529300139,-0.10877464604823817,0
primary_development_2022_2023_partial,s2_reclaim_positive_slope,20,15m,373426,9.085825492014222e-05,0.0,0.404013111031369,1.0377051532942252,373426,-0.0029256687265715,-0.0030162529300138,0.2323137649761934,0.3383612505173685,0.0030165269814916426,0.0030162529300138,-0.1716993460551756,0
primary_development_2022_2023_partial,s2_reclaim_positive_slope,20,1d,372798,0.0003792201595388,-0.0011098779134294,0.4623683603452808,1.037039304996266,372798,-0.0026381765943925,-0.004122783170935,0.4167538452459509,0.7779799272204938,0.0030173967539313,0.0030129052575056,-0.0456145150993299,0
primary_development_2022_2023_partial,s2_reclaim_positive_slope,20,2d,372741,0.0004008530714685,-0.0011909487892022,0.4707021765783748,1.029066068223279,372741,-0.0026166089327967,-0.004203609516441,0.4359595536847301,0.8299396975449287,0.0030174620042652,0.0030126607272388,-0.034742622893644715,0
primary_development_2022_2023_partial,s2_reclaim_positive_slope,20,30m,373396,0.0001026603178269,0.0,0.4168121779558431,1.0326369310360992,373396,-0.0029139022616715,-0.0030162529300139,0.2744298278503251,0.4256008195565589,0.0030165625794983998,0.0030162529300139,-0.14238235010551797,0
primary_development_2022_2023_partial,s2_reclaim_positive_slope,20,3d,372766,0.0006073282884318,-0.0010514245747957,0.4770392149498613,1.036512397866057,372766,-0.0024107564973115,-0.0040645061423551,0.4484904739166125,0.8674968418361897,0.0030180847857433,0.0030130815675593996,-0.02854874103324878,0
primary_development_2022_2023_partial,s2_reclaim_positive_slope,20,5d,372642,0.0009127786931139,-0.0011983223965107,0.4816096950960976,1.0424764694458517,372642,-0.0021062274083073,-0.0042109608830851,0.4593846104303862,0.9084791255861684,0.0030190061014212,0.0030126384865744003,-0.02222508466571138,0
primary_development_2022_2023_partial,s2_reclaim_positive_slope,20,5m,373442,3.08025475525782e-05,0.0,0.3757799069199501,1.0190643097725134,373442,-0.0029855432907352,-0.0030162529300138,0.1654313119574124,0.2109152794098049,0.0030163458382877783,0.0030162529300138,-0.21034859496253772,0
primary_development_2022_2023_partial,s2_reclaim_positive_slope,20,60m,373300,0.0001288505859344,0.0,0.4288802571658184,1.0299299159521245,373300,-0.0028877909900368,-0.0030162529300139,0.322708277524779,0.5299720654555041,0.0030166415759712,0.0030162529300139,-0.10617197964103942,0
primary_development_2022_2023_partial,s2_reclaim_positive_slope,40,15m,260779,0.0001588875968275,0.0,0.4105238535311509,1.064452781021207,260779,-0.0028578445783668,-0.0030162529300138,0.2416490591650401,0.3580134838513718,0.0030167321751943003,0.0030162529300138,-0.1688747943661108,0
primary_development_2022_2023_partial,s2_reclaim_positive_slope,40,1d,260359,0.0005672246755047,0.0,0.4730084229851858,1.054500429193384,260359,-0.0024507391475987,-0.0030162529300139,0.4285044880338302,0.7960745496261153,0.0030179638231034,0.0030162529300139,-0.04450393495135563,0
primary_development_2022_2023_partial,s2_reclaim_positive_slope,40,2d,260339,0.0005440575120299,-0.0007530120481927,0.4764288101283326,1.0384808931917504,260339,-0.0024738364330487,-0.0037669937034097,0.4436907263222183,0.8425621420153384,0.0030178939450786,0.0030139816552170002,-0.032738083806114315,0
primary_development_2022_2023_partial,s2_reclaim_positive_slope,40,30m,260764,0.0002190469392503,0.0,0.4231757451181911,1.0685969118531973,260764,-0.0027978666917366,-0.0030162529300138,0.2853154576551978,0.4507369353617845,0.0030169136309869,0.0030162529300138,-0.13786028746299334,0
primary_development_2022_2023_partial,s2_reclaim_positive_slope,40,3d,260299,0.0007634616908604,-0.00119189511323,0.4775162409383056,1.0447554975329088,260299,-0.0022550940327154,-0.0042045529861163,0.4510658896115621,0.8788457389312164,0.0030185557235758,0.0030126578728863,-0.026450351326743504,0
primary_development_2022_2023_partial,s2_reclaim_positive_slope,40,5d,260197,0.0002684372941656,-0.0025316455696202,0.4722114397936948,1.011924126078921,260197,-0.0027486253106232,-0.0055402624162669,0.4521574038132646,0.8857576544562575,0.0030170626047888002,0.0030086168466467,-0.020054035980430207,0
primary_development_2022_2023_partial,s2_reclaim_positive_slope,40,5m,260788,0.0001006974087911,0.0,0.3827515069711796,1.061932506613649,260788,-0.0029158592500785,-0.0030162529300138,0.174037915855024,0.2262256597819086,0.0030165566588695996,0.0030162529300138,-0.2087135911161556,0
primary_development_2022_2023_partial,s2_reclaim_positive_slope,40,60m,260711,0.0001892141975216,0.0,0.4357928894446341,1.042919046498929,260711,-0.0028276094503704,-0.0030162529300139,0.3315970557437162,0.5456615748722777,0.0030168236478919997,0.0030162529300139,-0.10419583370091795,0
primary_development_2022_2023_partial,s2_reclaim_positive_slope,60,15m,208481,0.0002533501044495,0.0,0.4163640811392884,1.099911148925968,208481,-0.0027636669935601,-0.0030162529300138,0.2524498635367251,0.3856260853950283,0.0030170170980096003,0.0030162529300138,-0.1639142176025633,0
primary_development_2022_2023_partial,s2_reclaim_positive_slope,60,1d,208180,0.0003961156347456,0.0,0.4813286578922087,1.0354793629417571,208180,-0.0026213320802122,-0.0030162529300138,0.4399413968680949,0.7943080481656009,0.0030174477149578,0.0030162529300138,-0.041387261024113775,0
primary_development_2022_2023_partial,s2_reclaim_positive_slope,60,2d,208146,0.000764402156334,0.0,0.4910447474368952,1.0516780114625095,208146,-0.0022541564039236,-0.0030162529300138,0.4606189885945442,0.8618633848446177,0.0030185585602576,0.0030162529300138,-0.03042575884235099,0
primary_development_2022_2023_partial,s2_reclaim_positive_slope,60,30m,208469,0.0003437922444249,0.0,0.4304716768440391,1.1036632678046696,208469,-0.0026734976499542,-0.0030162529300138,0.2969698132576066,0.484940798332814,0.0030172898943791,0.0030162529300138,-0.1335018635864325,0
primary_development_2022_2023_partial,s2_reclaim_positive_slope,60,3d,208092,0.000911999816416,0.0,0.4899179209195932,1.051047514870456,208092,-0.0021070039357163,-0.0030162529300138,0.4653278357649501,0.8912734804312578,0.0030190037521323,0.0030162529300138,-0.02459008515464306,0
primary_development_2022_2023_partial,s2_reclaim_positive_slope,60,5d,207996,0.0007409662753041,-0.0013440860215054,0.483788149772111,1.0316978933451009,207996,-0.0022775215964085,-0.0043562848481186,0.4656820323467759,0.9084725160515548,0.0030184878717126,0.0030121988266131995,-0.018106117425335078,0
primary_development_2022_2023_partial,s2_reclaim_positive_slope,60,5m,208486,0.000164232293289,0.0,0.3908367947967729,1.0985406157166595,208486,-0.002852516002862,-0.0030162529300138,0.1841082854484234,0.2458003552909,0.003016748296151,0.0030162529300138,-0.20672850934834952,0
primary_development_2022_2023_partial,s2_reclaim_positive_slope,60,60m,208428,0.0003962415747357,0.0,0.4441773658049782,1.087122538956132,208428,-0.0026212065200894,-0.0030162529300139,0.3439892912660487,0.5860625154058332,0.0030174480948251,0.0030162529300139,-0.10018807453892947,0
primary_development_2022_2023_partial,s2_reclaim_positive_slope,120,15m,133845,0.0002107533140196,0.0,0.4121558519182636,1.0780440414405528,133845,-0.0028061353012958,-0.0030162529300138,0.2549217378310732,0.3987546428182672,0.0030168886153154,0.0030162529300138,-0.1572341140871904,0
primary_development_2022_2023_partial,s2_reclaim_positive_slope,120,1d,133632,-0.0003026891026851,-0.002061855670103,0.4521072796934866,0.9741387717104804,133632,-0.0033180290458063,-0.0050718895219107,0.4130747126436782,0.7517973487682386,0.0030153399431211998,0.0030100338518077,-0.0390325670498084,0
primary_development_2022_2023_partial,s2_reclaim_positive_slope,120,2d,133568,-0.000730423757954,-0.0033230478966913,0.4481013416387158,0.9535689807756116,133568,-0.003744473545168,-0.0063292776737501,0.4195840321034978,0.7845875014039795,0.003014049787214,0.0030062297770588,-0.028517309535217972,0
primary_development_2022_2023_partial,s2_reclaim_positive_slope,120,30m,133839,0.0002723060934885,0.0,0.4221265849266656,1.0777448754710508,133839,-0.0027447681805781,-0.0030162529300139,0.2945255119957561,0.4911403520686414,0.0030170742740666,0.0030162529300139,-0.1276010729309095,0
primary_development_2022_2023_partial,s2_reclaim_positive_slope,120,3d,133563,-0.0010426053008188,-0.0044722719141322,0.4447713812957181,0.9448601289915862,133563,-0.0040557134695394,-0.0074750353408813,0.4211420827624417,0.8026829476553882,0.0030131081687206004,0.0030027634267491,-0.02362929853327639,0
primary_development_2022_2023_partial,s2_reclaim_positive_slope,120,5d,133546,-0.0020208428818283,-0.0065670552745211,0.4411588516316475,0.9168784601625232,133546,-0.0050310004385789,-0.0095635003048216,0.4227981369715304,0.8060969532874784,0.0030101575567505995,0.0029964450303004994,-0.018360714660117072,0
primary_development_2022_2023_partial,s2_reclaim_positive_slope,120,5m,133850,0.0001445807673745,0.0,0.389891669779604,1.0820841504021357,133850,-0.0028721082548036,-0.0030162529300138,0.1880911468061262,0.2581242550217072,0.0030166890221781,0.0030162529300138,-0.20180052297347778,0
primary_development_2022_2023_partial,s2_reclaim_positive_slope,120,60m,133810,0.0001921795069336,-0.000652741792475,0.4302144832224796,1.0398335659855698,133810,-0.0028246530850814,-0.0036670258881448,0.3366190867648158,0.5747111434351431,0.003016832592015,0.0030142840956698,-0.09359539645766385,0
primary_development_2022_2023_partial,s2_reclaim_positive_slope,240,15m,102831,0.0001697413795284,0.0,0.4063560599430132,1.0646038541861302,102831,-0.0028470235334194,-0.0030162529300138,0.2494772977020548,0.3823428839037571,0.0030167649129478,0.0030162529300138,-0.15687876224095842,0
primary_development_2022_2023_partial,s2_reclaim_positive_slope,240,1d,102674,8.680186560356224e-05,-0.0011764722165705,0.4644895494477667,1.0076990279363702,102674,-0.0029297128807918,-0.0041891766088141,0.4252975436819448,0.7729178367740582,0.0030165147463953623,0.0030127043922436,-0.039192005765821936,0
primary_development_2022_2023_partial,s2_reclaim_positive_slope,240,2d,102651,0.0001327482314119,-0.0016666666666667,0.4692404360405646,1.0088170007554855,102651,-0.0028839051008439,-0.0046778925084639,0.4411549814419733,0.8267242632867071,0.0030166533322558,0.0030112258417972,-0.028085454598591297,0
primary_development_2022_2023_partial,s2_reclaim_positive_slope,240,30m,102824,0.000237283103851,0.0,0.4219151170932856,1.069553708223152,102824,-0.0027796855320205,-0.0030162529300139,0.2923831012215047,0.475726820366427,0.0030169686358715,0.0030162529300139,-0.12953201587178093,0
primary_development_2022_2023_partial,s2_reclaim_positive_slope,240,3d,102645,0.0006085417880457,-0.0018939393939395,0.4711676165424521,1.0343130419288529,102645,-0.0024095466579194,-0.0049044797237071,0.4476106970626918,0.87517928454258,0.0030180884459651003,0.0030105403297676003,-0.023556919479760297,0
primary_development_2022_2023_partial,s2_reclaim_positive_slope,240,5d,102606,0.0015334200025916,-0.0022271714922048,0.4757519053466659,1.0695424859349274,102606,-0.0014874581099979,-0.0052367067096796,0.4572734537941251,0.9369353225877708,0.0030208781125895,0.0030095352174747997,-0.018478451552540798,0
primary_development_2022_2023_partial,s2_reclaim_positive_slope,240,5m,102833,4.769174679866302e-05,0.0,0.3786916651269534,1.0270852090395752,102833,-0.0029687050335872,-0.0030162529300138,0.1834819561813814,0.2375021228358766,0.0030163967803858633,0.0030162529300138,-0.195209708945572,0
primary_development_2022_2023_partial,s2_reclaim_positive_slope,240,60m,102807,0.0001402340889269,0.0,0.4310017800344334,1.0295616665164984,102807,-0.0028764418225687,-0.003016252930014,0.3352009104438413,0.5615279725889272,0.0030166759114956003,0.003016252930014,-0.09580086959059209,0
primary_development_2022_2023_partial,s2_reclaim_recent_high,10,15m,658094,-0.0002074989456648,-0.0005727376861398,0.3759630083240388,0.916163788381848,658094,-0.0032231260063707,-0.0035872630944296,0.2100961260853312,0.2952909278055866,0.0030156270607059003,0.0030145254082898,-0.16586688223870757,0
primary_development_2022_2023_partial,s2_reclaim_recent_high,10,1d,656823,0.0001277854062857,-0.0013003901170353,0.4646898783995079,1.011960875348522,656823,-0.0028888529568333,-0.0043127207415484,0.4193184465221224,0.7655478439459877,0.003016638363119,0.0030123306245131,-0.045371431877385515,0
primary_development_2022_2023_partial,s2_reclaim_recent_high,10,2d,656718,-6.807494490926257e-05,-0.0020408163265305,0.4624922721777079,0.9953268377226936,656718,-0.0030841225436703,-0.0050509136383198,0.4289786483696198,0.809448763701631,0.0030160475987610377,0.0030100973117893003,-0.03351362380808809,0
primary_development_2022_2023_partial,s2_reclaim_recent_high,10,30m,658026,-0.0001436745127442,-0.0007751937984495,0.3988915331613036,0.9559885562739364,658026,-0.0031594940840841,-0.0037891085478976,0.2608149222067213,0.3978850007071483,0.0030158195713399,0.0030139147494481,-0.1380766109545823,0
primary_development_2022_2023_partial,s2_reclaim_recent_high,10,3d,656726,-7.704736941594031e-05,-0.0025380710659898,0.462593227616997,0.995630888364751,656726,-0.0030930679050752,-0.0055466685317142,0.4346363628057972,0.8392099182165504,0.0030160205356592595,0.0030085974657244,-0.0279568648111998,0
primary_development_2022_2023_partial,s2_reclaim_recent_high,10,5d,656528,-0.0001299251057796,-0.0029126213592232,0.4683730168401043,0.9942628259440462,656528,-0.0031457861488118,-0.0059200890865282,0.4469299100723807,0.8700491346983716,0.0030158610430322,0.0030074677273050003,-0.021443106767723596,0
primary_development_2022_2023_partial,s2_reclaim_recent_high,10,5m,658144,-0.0001527960469115,0.0,0.3480545291000146,0.9037884479314128,658144,-0.0031685881053934,-0.0030162529300139,0.1424004473185199,0.1764093253210032,0.0030157920584819,0.0030162529300139,-0.20565408178149472,0
primary_development_2022_2023_partial,s2_reclaim_recent_high,10,60m,657855,-0.0001906934191884,-0.0012062726176115,0.4117123074233684,0.9583770633186895,657855,-0.0032063711696152,-0.004218887124308,0.3090741880809601,0.5046170439294461,0.0030156777504267997,0.0030126145066965,-0.1026381193424083,0
primary_development_2022_2023_partial,s2_reclaim_recent_high,20,15m,442564,-0.0001601718165869,-0.0005608524957935,0.3784944098480671,0.935813188955612,442564,-0.0031759416278868,-0.0035754137528235,0.2156953570557026,0.3067810787676295,0.0030157698112999003,0.00301456125703,-0.16279905279236448,0
primary_development_2022_2023_partial,s2_reclaim_recent_high,20,1d,441773,0.0004095902825768,-0.0012084592145015,0.4658795354175108,1.038709226755593,441773,-0.0026078980753268,-0.0042210671258688,0.4204195367304023,0.7865188737338898,0.0030174883579036,0.0030126079113673,-0.04545999868710854,0
primary_development_2022_2023_partial,s2_reclaim_recent_high,20,2d,441693,0.0003842926160311,-0.0015789473684211,0.4696361499955852,1.0266741486614357,441693,-0.0026331194377115,-0.0045904377938085,0.4358932561756695,0.8354731514895101,0.0030174120537426,0.0030114904253874,-0.03374289381991569,0
primary_development_2022_2023_partial,s2_reclaim_recent_high,20,30m,442514,-9.791932058575211e-05,-0.0007757951900698,0.400224625661561,0.9700502944932592,442514,-0.0031138769011601,-0.0037897081255686,0.2645136651043809,0.4062733263586238,0.003015957580574348,0.0030139129354988,-0.13571096055718007,0
primary_development_2022_2023_partial,s2_reclaim_recent_high,20,3d,441693,0.0005460423680342,-0.0018165304268845,0.472201280074622,1.031281145839202,441693,-0.0024718575638719,-0.0048273042416759,0.4447863108539189,0.8700994357694386,0.0030178999319061,0.0030107738147913997,-0.027414969220703078,0
primary_development_2022_2023_partial,s2_reclaim_recent_high,20,5d,441541,0.0002730857371547,-0.002196193265007,0.4752038882006427,1.0121025840751523,441541,-0.0027439908885136,-0.0052058219206506,0.4535615039146987,0.8861669248999315,0.0030170766256682998,0.0030096286556436,-0.021642384285944005,0
primary_development_2022_2023_partial,s2_reclaim_recent_high,20,5m,442591,-0.0001223072331684,0.0,0.3513605111717138,0.9239759263546498,442591,-0.0031381912536279,-0.0030162529300139,0.1475786900321063,0.1855990020897335,0.0030158840204595003,0.0030162529300139,-0.2037818211396075,0
primary_development_2022_2023_partial,s2_reclaim_recent_high,20,60m,442417,-0.0001336454676402,-0.0012009607686148,0.4115529014481812,0.9704962994662129,442417,-0.0031494952891192,-0.0042135912971914,0.3088443708085358,0.5095339003344908,0.003015849821479,0.0030126305285766,-0.10270853063964541,0
primary_development_2022_2023_partial,s2_reclaim_recent_high,40,15m,296299,-0.0001161026402294,-0.0005443658138268,0.3800586569647552,0.9541903427798194,296299,-0.0031320053753154,-0.0035589767988597,0.2194742472974934,0.3207305214213528,0.003015902735086,0.0030146109850329,-0.1605844096672618,0
primary_development_2022_2023_partial,s2_reclaim_recent_high,40,1d,295795,0.0004929646216239,-0.0009009009009008,0.4704778647374026,1.046561380008779,295795,-0.0025247752143743,-0.0039144364859328,0.4251762200172416,0.7931860437914414,0.0030177398359981997,0.0030135355850320006,-0.045301644720161016,0
primary_development_2022_2023_partial,s2_reclaim_recent_high,40,2d,295713,0.0005357809658911,-0.0012779552715653,0.4738817705004514,1.0371107046596808,295713,-0.0024820880150309,-0.0042903535652468,0.4407313848224461,0.8450732098503712,0.003017868980922,0.0030123982936815,-0.03315038567800527,0
primary_development_2022_2023_partial,s2_reclaim_recent_high,40,30m,296264,-3.372125172618517e-05,-0.000739508252305,0.4023911106310588,0.9898287720684128,296264,-0.0030498724699163,-0.0037535306383861,0.2689189371641509,0.4223980883271596,0.0030161512181901147,0.0030140223860811,-0.13347217346690793,0
primary_development_2022_2023_partial,s2_reclaim_recent_high,40,3d,295712,0.0005626561128221,-0.001682746263044,0.4744109133210691,1.0319451038630834,295712,-0.0024552939303406,-0.0046939236047113,0.4485986365112001,0.8719649884757896,0.0030179500431627,0.0030111773416673002,-0.025812276809869028,0
primary_development_2022_2023_partial,s2_reclaim_recent_high,40,5d,295589,0.0003244543748376,-0.0022848438690025,0.4756097148405387,1.014197678745306,295589,-0.002692777191635,-0.0052942051320018,0.4555379259715348,0.8895942279642659,0.0030172315664725997,0.0030093612629992997,-0.020071788869003904,0
primary_development_2022_2023_partial,s2_reclaim_recent_high,40,5m,296319,-9.615887443918036e-05,0.0,0.3527313469605391,0.941328282825708,296319,-0.0031121217649676,-0.0030162529300139,0.1527374214950779,0.1964235222619246,0.0030159628905284197,0.0030162529300139,-0.1999939254654612,0
primary_development_2022_2023_partial,s2_reclaim_recent_high,40,60m,296217,-8.716014170370958e-05,-0.0011223344556676,0.4151753613060695,0.9809905935130168,296217,-0.0031031501746851,-0.004135202141091,0.3142290955616997,0.5198205132247083,0.0030159900329813903,0.0030128676854234,-0.10094626574436982,0
primary_development_2022_2023_partial,s2_reclaim_recent_high,60,15m,236250,-9.783985673792307e-05,-0.0005387205484922,0.3801566137566137,0.9617835894008434,236250,-0.003113797676998,-0.0035533485610732,0.220842328042328,0.3282537082134188,0.003015957820260077,0.003014628012581,-0.15931428571428569,0
primary_development_2022_2023_partial,s2_reclaim_recent_high,60,1d,235869,0.0005195049700508,-0.000886524822695,0.471435415421272,1.0483734020646849,235869,-0.0024983149183512,-0.0039001037696148,0.4276314394854771,0.79777979367457,0.003017819888402,0.0030135789469198,-0.04380397593579488,0
primary_development_2022_2023_partial,s2_reclaim_recent_high,60,2d,235808,0.0005744982545497,-0.0011098779134295,0.4767183471298684,1.0393327299909014,235808,-0.0024434875075078,-0.004122783170935,0.4447050142488804,0.8489731373661107,0.0030179857620575,0.0030129052575055,-0.032013332880987955,0
primary_development_2022_2023_partial,s2_reclaim_recent_high,60,30m,236227,4.201987042778082e-06,-0.0007220216606499,0.4042933280277022,1.0012541555632868,236227,-0.0030120636172274,-0.0037360967907142,0.2705660233588878,0.4327917609537356,0.003016265604270178,0.0030140751300642998,-0.13372730466881438,0
primary_development_2022_2023_partial,s2_reclaim_recent_high,60,3d,235754,0.0004926600164856,-0.001618942031293,0.47572045437193,1.027645548867883,235754,-0.0025250789007464,-0.0046303118226614,0.4497230163645155,0.869707011893838,0.003017738917232,0.0030113697913683995,-0.025997438007414497,0
primary_development_2022_2023_partial,s2_reclaim_recent_high,60,5d,235645,0.0001104644287855,-0.0024610336341263,0.4752657599354962,1.0047578274488709,235645,-0.0029061216898853,-0.0054698634642301,0.4557151647605508,0.8825978073342942,0.0030165861186708,0.0030088298301037997,-0.019550595174945395,0
primary_development_2022_2023_partial,s2_reclaim_recent_high,60,5m,236260,-0.0001124908409282,0.0,0.3533945653094049,0.9325903380482916,236260,-0.0031284044701148,-0.0030162529300139,0.1545035130788114,0.197671080088424,0.0030159136291866,0.0030162529300139,-0.19889105223059347,0
primary_development_2022_2023_partial,s2_reclaim_recent_high,60,60m,236188,-4.974949256178672e-06,-0.0011148272017836,0.4160710959066506,0.9989217402072544,236188,-0.0030212128735652,-0.0041277175309835,0.3163327518756245,0.5342552225149306,0.0030162379243090214,0.0030128903291999,-0.0997383440310261,0
primary_development_2022_2023_partial,s2_reclaim_recent_high,120,15m,154540,-9.845695103661945e-05,-0.0005691519635743,0.3845476899184677,0.9630610996164466,154540,-0.0031144129099841,-0.0035836881873104,0.2295457486734826,0.3401816224826021,0.0030159559589474803,0.0030145362237361,-0.15500194124498512,0
primary_development_2022_2023_partial,s2_reclaim_recent_high,120,1d,154272,0.0002246570373867,-0.0013003001818993,0.4658654843393486,1.0201585260135082,154272,-0.0027922735150745,-0.0043126310776796,0.4243154947106409,0.7813812253320407,0.0030169305524612,0.0030123308957802995,-0.041549989628707706,0
primary_development_2022_2023_partial,s2_reclaim_recent_high,120,2d,154193,0.0001015028129187,-0.0016602102933038,0.47048179878464,1.0067040564300238,154193,-0.0029150562752521,-0.0046714556091561,0.4399291796644465,0.8257516814591512,0.0030165590881708,0.0030112453158523,-0.030552619120193525,0
primary_development_2022_2023_partial,s2_reclaim_recent_high,120,30m,154531,1.0306085138998346e-05,-0.0007841599686336,0.404106619383813,1.0029700118970613,154531,-0.0030059779306349,-0.0037980476738443,0.2767211756864318,0.4454251512686873,0.003016284015773898,0.0030138877052107,-0.1273854436973812,0
primary_development_2022_2023_partial,s2_reclaim_recent_high,120,3d,154163,1.9319699401387048e-05,-0.0021621621621622,0.4697171175963104,1.0010580214394476,154163,-0.0029969915037125,-0.0051718934642193,0.4442311060371166,0.8489106895671344,0.003016311203113887,0.0030097313020570997,-0.025486011559193833,0
primary_development_2022_2023_partial,s2_reclaim_recent_high,120,5d,154189,-0.0003148471764473,-0.0026666666666665,0.4731465928179053,0.9865929598626602,154189,-0.0033301504477428,-0.0056748762555337,0.4529635706827335,0.8669334061961624,0.0030153032712955,0.0030082095888671998,-0.020183022135171758,0
primary_development_2022_2023_partial,s2_reclaim_recent_high,120,5m,154548,-9.236426103494576e-05,0.0,0.3562711908274452,0.9466310922153436,154548,-0.003108338597077,-0.0030162529300139,0.161671454823097,0.2117309304110481,0.0030159743360420543,0.0030162529300139,-0.19459973600434818,0
primary_development_2022_2023_partial,s2_reclaim_recent_high,120,60m,154497,-3.433058000087818e-05,-0.0012062726176115,0.41543201486113,0.992826536407679,154497,-0.0030504799603025,-0.0042188871243081,0.3211518670265442,0.5415106729535479,0.003016149380301622,0.0030126145066966007,-0.09428014783458583,0
primary_development_2022_2023_partial,s2_reclaim_recent_high,240,15m,115809,-0.0001813445618518,-0.0006049606775559,0.3771554887789377,0.9322749319609548,115809,-0.0031970505108004,-0.0036193888931536,0.2236959130982911,0.3269232559113643,0.0030157059489486003,0.0030144282155977,-0.15345957568064658,0
primary_development_2022_2023_partial,s2_reclaim_recent_high,240,1d,115599,0.0003257283228542,-0.0014880952380952,0.4612323636017613,1.0301136011101446,115599,-0.0026915070861679,-0.0044998596964871,0.4175814669677073,0.7840159172323147,0.0030172354090221,0.0030117644583919,-0.04365089663405397,0
primary_development_2022_2023_partial,s2_reclaim_recent_high,240,2d,115578,0.0003852357052345,-0.0016806722689075,0.4684195954247348,1.0265498390774106,115578,-0.002632179193104,-0.0046918558662658,0.4370208863278478,0.8365863058975282,0.0030174148983385,0.0030111835973583006,-0.03139870909688702,0
primary_development_2022_2023_partial,s2_reclaim_recent_high,240,30m,115796,-9.848023879260984e-05,-0.0007331378299119,0.4004974265086877,0.9716557333868556,115796,-0.0031144361274981,-0.0037471794307981,0.2716328716017824,0.4272859336195586,0.00301595588870549,0.0030140416008862,-0.1288645549069053,0
primary_development_2022_2023_partial,s2_reclaim_recent_high,240,3d,115566,0.0006930619358239,-0.0020279375945163,0.4698267656577194,1.040092543567898,115566,-0.0023252814442846,-0.0050380737518188,0.4432272467680805,0.8767444255028597,0.0030183433801085,0.0030101361573024996,-0.026599518889638907,0
primary_development_2022_2023_partial,s2_reclaim_recent_high,240,5d,115519,0.0010145037092673,-0.0024999999999999,0.4737315939369281,1.0462146610606555,115519,-0.0020048092205321,-0.0055087122976885,0.4535357819925726,0.9146805294112784,0.0030193129297994004,0.0030087122976886005,-0.02019581194435549,0
primary_development_2022_2023_partial,s2_reclaim_recent_high,240,5m,115816,-0.0001326376753799,0.0,0.3533449609725771,0.9242436970538032,115816,-0.0031484905366178,-0.0030162529300139,0.1577933964219106,0.2078810195931619,0.0030158528612379,0.0030162529300139,-0.19555156455066652,0
primary_development_2022_2023_partial,s2_reclaim_recent_high,240,60m,115768,-0.0001552235347927,-0.0012091898428052,0.4121864418492156,0.9673101247030604,115768,-0.0031710082713653,-0.0042217955504126,0.3145169649644115,0.5216710032092369,0.0030157847365726,0.0030126057076073996,-0.0976694768848041,0
primary_development_2022_2023_partial,s4_auction_confirmed_reclaim,10,15m,696353,3.048338701179988e-05,0.0,0.393441257523124,1.012741702670595,696353,-0.0029858614886011,-0.0030162529300138,0.2227562744757328,0.3272375968332129,0.0030163448756128997,0.0030162529300138,-0.1706849830473912,0
primary_development_2022_2023_partial,s4_auction_confirmed_reclaim,10,1d,695219,0.0004286945202305,-0.000682128240109,0.4685660202037056,1.0420841916313055,695219,-0.0025888514608847,-0.00369632369882,0.4231601840571101,0.7808399555063669,0.0030175459811152,0.003014195458711,-0.04540583614659549,0
primary_development_2022_2023_partial,s4_auction_confirmed_reclaim,10,2d,695149,0.000115589057906,-0.0016313213703099,0.4642875124613572,1.0083538845032085,695149,-0.0029010125179414,-0.0046426538224608,0.4302041720551997,0.8122416734889861,0.0030166015758474,0.0030113324521509003,-0.034083340406157514,0
primary_development_2022_2023_partial,s4_auction_confirmed_reclaim,10,30m,696307,2.1648046375911195e-05,0.0,0.4065419419882322,1.0068912556070482,696307,-0.0029946701796163,-0.0030162529300139,0.2660823458618109,0.4127252214046165,0.0030163182259922115,0.0030162529300139,-0.14045959612642128,0
primary_development_2022_2023_partial,s4_auction_confirmed_reclaim,10,3d,695053,8.763142363227098e-07,-0.0020971659919029,0.4645242880758733,1.0000522474654585,695053,-0.003015379258962,-0.0051070933388489,0.4362818375001618,0.8358574234751035,0.003016255573198323,0.0030099273469460005,-0.02824245057571151,0
primary_development_2022_2023_partial,s4_auction_confirmed_reclaim,10,5d,694858,-4.407622925004042e-06,-0.00234375,0.470421294710574,0.9997956828722988,694858,-0.0030206472584327,-0.0053529335872091,0.4488773245756687,0.869406016934707,0.003016239635507696,0.0030091835872091,-0.021543970134905277,0
primary_development_2022_2023_partial,s4_auction_confirmed_reclaim,10,5m,696381,2.7394097960941166e-05,0.0,0.3670418922974636,1.0174798415587143,696381,-0.002988941459572,-0.0030162529300138,0.160206840795484,0.2051827271384846,0.003016335557532941,0.0030162529300138,-0.2068350515019796,0
primary_development_2022_2023_partial,s4_auction_confirmed_reclaim,10,60m,696157,2.4088455887340665e-05,-0.0004939491232403,0.4219364310062242,1.0055784211213994,696157,-0.0029922371309986,-0.0035087121777639,0.3163467436224874,0.5156653760599371,0.0030163255868859407,0.0030147630545236,-0.10558968738373681,0
primary_development_2022_2023_partial,s4_auction_confirmed_reclaim,20,15m,463250,0.00010572983272,0.0,0.3965029681597409,1.043573062690629,463250,-0.0029108420052086,-0.0030162529300138,0.2301586616297895,0.3466790341126767,0.0030165718379285998,0.0030162529300138,-0.16634430652995139,0
primary_development_2022_2023_partial,s4_auction_confirmed_reclaim,20,1d,462530,0.0007422077057451,0.0,0.4717575076211273,1.0735074684363115,462530,-0.0022762839104359,-0.0030162529300139,0.4262382980563423,0.8056736235304116,0.0030184916161809998,0.0030162529300139,-0.045519209564785,0
primary_development_2022_2023_partial,s4_auction_confirmed_reclaim,20,2d,462453,0.0006009505671719,-0.001095050372317,0.4722187984508696,1.0437158232642991,462453,-0.0024171149817509,-0.0041080003534369,0.4383494106428112,0.84239932969625,0.0030180655489228,0.0030129499811199,-0.033869387808058427,0
primary_development_2022_2023_partial,s4_auction_confirmed_reclaim,20,30m,463221,0.0001048679674953,0.0,0.4096899751954251,1.0330597768104062,463221,-0.0029117012708305,-0.0030162529300139,0.2717946725213235,0.4308726528518538,0.0030165692383258,0.0030162529300139,-0.1378953026741016,0
primary_development_2022_2023_partial,s4_auction_confirmed_reclaim,20,3d,462428,0.0006895303763999,-0.0013014927732773,0.4751334261766156,1.041545193399883,462428,-0.0023288023516321,-0.0043138200719003,0.4473345039660228,0.8717844852726765,0.0030183327280320004,0.003012327298623,-0.02779892221059277,0
primary_development_2022_2023_partial,s4_auction_confirmed_reclaim,20,5d,462322,0.0003637925110054,-0.0017793594306049,0.4758717949827177,1.016924135296144,462322,-0.0026535577092353,-0.0047902453625227,0.4539974303623881,0.8848148688443911,0.0030173502202406996,0.0030108859319177995,-0.0218743646203296,0
primary_development_2022_2023_partial,s4_auction_confirmed_reclaim,20,5m,463270,7.825445002375706e-05,0.0,0.3701988041530856,1.0487906068282773,463270,-0.0029382345152,-0.0030162529300138,0.1672048697303948,0.222670763563184,0.003016488965223757,0.0030162529300138,-0.20299393442269079,0
primary_development_2022_2023_partial,s4_auction_confirmed_reclaim,20,60m,463131,0.0001549447682969,-0.0003521126760561,0.4236188033191473,1.03627528046928,463131,-0.0028617755143271,-0.0033673035451792,0.3192919497939028,0.5327118672223551,0.003016720282624,0.0030151908691231,-0.10432685352524451,0
primary_development_2022_2023_partial,s4_auction_confirmed_reclaim,40,15m,308479,0.0002146610922511,0.0,0.4002249747956911,1.086675999552522,308479,-0.0028022393099123,-0.0030162529300138,0.2376045046826526,0.3756494952716342,0.0030169004021634,0.0030162529300138,-0.16262047011303848,0
primary_development_2022_2023_partial,s4_auction_confirmed_reclaim,40,1d,308034,0.0010045950511226,0.0,0.4771908295837472,1.1002769729596809,308034,-0.0020146879916578,-0.0030162529300138,0.4321016511164352,0.826593297582902,0.0030192830427804,0.0030162529300138,-0.045089178467311974,0
primary_development_2022_2023_partial,s4_auction_confirmed_reclaim,40,2d,307951,0.0008929954770888,-0.0002212389380531,0.4782838828255144,1.0654741274871549,307951,-0.0021259509531494,-0.0032368245554718,0.4453403301174538,0.8602233403483747,0.0030189464302382,0.0030155856174187002,-0.0329435527080606,0
primary_development_2022_2023_partial,s4_auction_confirmed_reclaim,40,30m,308468,0.0002354538248552,0.0,0.4143574049820402,1.0733099443125778,308468,-0.0027815092934486,-0.0030162529300139,0.2790727077038785,0.4585749981003832,0.0030169631183038,0.0030162529300139,-0.13528469727816173,0
primary_development_2022_2023_partial,s4_auction_confirmed_reclaim,40,3d,307951,0.0008815236379451,-0.0009849266441674,0.4790177658133924,1.0532120267226206,307951,-0.0021373881903246,-0.003998208786305,0.4523381966611571,0.8820364434011385,0.0030189118282696998,0.0030132821421376,-0.026679569152235294,0
primary_development_2022_2023_partial,s4_auction_confirmed_reclaim,40,5d,307869,0.0004322605631229,-0.0018337740088478,0.4767417310609382,1.0199467984041632,307869,-0.0025852961740809,-0.0048444958126344,0.4561615492303544,0.8886012720337344,0.0030175567372038,0.0030107218037866,-0.0205801818305838,0
primary_development_2022_2023_partial,s4_auction_confirmed_reclaim,40,5m,308490,0.0001455547262499,0.0,0.3737009303380985,1.0887246820096017,308490,-0.0028711372336351,-0.0030162529300138,0.1745988524749586,0.244548058340742,0.003016691959885,0.0030162529300138,-0.19910207786313988,0
primary_development_2022_2023_partial,s4_auction_confirmed_reclaim,40,60m,308409,0.0002776009405903,0.0,0.4271665223777516,1.0646403143738925,308409,-0.0027394893040745,-0.0030162529300139,0.324663028640539,0.5534225680023407,0.0030170902446647998,0.0030162529300139,-0.10250349373721263,0
primary_development_2022_2023_partial,s4_auction_confirmed_reclaim,60,15m,244709,0.0002260363503579,0.0,0.3990862616413781,1.089556383949389,244709,-0.002790898362461,-0.0030162529300138,0.2387243624059597,0.3847518132152155,0.0030169347128189,0.0030162529300138,-0.1603618992354184,0
primary_development_2022_2023_partial,s4_auction_confirmed_reclaim,60,1d,244358,0.0010849325786491,0.0,0.4778603524337242,1.1074862854208116,244358,-0.0019345927824341,-0.0030162529300138,0.4341867260331153,0.8345002388607493,0.0030195253610832,0.0030162529300138,-0.0436736264006089,0
primary_development_2022_2023_partial,s4_auction_confirmed_reclaim,60,2d,244305,0.0009367654893436,0.0,0.4805918830969485,1.0681193805229394,244305,-0.0020823129623223,-0.0030162529300139,0.4489674791756206,0.864021109280094,0.0030190784516659,0.0030162529300139,-0.031624403921327926,0
primary_development_2022_2023_partial,s4_auction_confirmed_reclaim,60,30m,244699,0.0003005121728142,0.0,0.4138635629896321,1.092426193145947,244699,-0.0027166471779221,-0.0030162529300139,0.2810718474534019,0.4750043240232764,0.0030171593507363004,0.0030162529300139,-0.1327917155362302,0
primary_development_2022_2023_partial,s4_auction_confirmed_reclaim,60,3d,244230,0.0007291623676796,-0.0008343764489326,0.4799697006919707,1.04345508643365,244230,-0.0022892899004622,-0.0038481126885376,0.4536256807108054,0.8750969796297026,0.0030184522681418,0.0030137362396050003,-0.026344019981165312,0
primary_development_2022_2023_partial,s4_auction_confirmed_reclaim,60,5d,244197,0.0001133485219018,-0.002116402116402,0.4749812651261072,1.005149061986249,244197,-0.0029032462959232,-0.0051262714423313,0.455021969966871,0.8767413562140518,0.003016594817825,0.0030098693259293,-0.019959295159236223,0
primary_development_2022_2023_partial,s4_auction_confirmed_reclaim,60,5m,244713,0.0001486786239651,0.0,0.3739850355314184,1.0886906336223892,244713,-0.0028680227583854,-0.0030162529300138,0.1758427218823683,0.2517540309018578,0.0030167013823505,0.0030162529300138,-0.19814231364905008,0
primary_development_2022_2023_partial,s4_auction_confirmed_reclaim,60,60m,244653,0.0003863595436236,0.0,0.4281860430896004,1.0893642162308488,244653,-0.0026310587444962,-0.0030162529300139,0.3270959277016836,0.572748287399641,0.0030174182881197997,0.0030162529300139,-0.10109011538791679,0
primary_development_2022_2023_partial,s4_auction_confirmed_reclaim,120,15m,158015,0.0002025375465196,0.0,0.3993861342277632,1.0764079524618455,158015,-0.0028143262879631,-0.0030162529300139,0.2440084802075752,0.3954214418034064,0.0030168638344827,0.0030162529300139,-0.155377654020188,0
primary_development_2022_2023_partial,s4_auction_confirmed_reclaim,120,1d,157768,0.0009091170465451,0.0,0.4755463718878353,1.086683101560471,157768,-0.0021098780104241,-0.0030162529300139,0.4333388266315096,0.8254575336663802,0.0030189950569691998,0.0030162529300139,-0.042207545256325696,0
primary_development_2022_2023_partial,s4_auction_confirmed_reclaim,120,2d,157733,0.0005124926084661,-0.0011709601873536,0.4731540007480996,1.035771301915985,157733,-0.0025053061288797,-0.0041836812052713,0.442494595297116,0.8425205538191214,0.0030177987373458002,0.0030127210179176998,-0.030659405450983612,0
primary_development_2022_2023_partial,s4_auction_confirmed_reclaim,120,30m,158006,0.000251619863438,0.0,0.4111869169525208,1.0737740236413376,158006,-0.0027653920157268,-0.0030162529300139,0.2833689859878738,0.4817754798199451,0.0030170118791648,0.0030162529300139,-0.127817930964647,0
primary_development_2022_2023_partial,s4_auction_confirmed_reclaim,120,3d,157681,0.0003939993422576,-0.0016863406408093,0.4730119671995992,1.0228808893343302,157681,-0.0026234419894268,-0.0046975071409242,0.4470227865120084,0.8603664301658258,0.0030174413316843996,0.0030111665001149,-0.025989180687590818,0
primary_development_2022_2023_partial,s4_auction_confirmed_reclaim,120,5d,157690,-5.726011887330547e-05,-0.0021684137273833,0.4757498890227661,0.9974324934337496,157690,-0.0030733403378859,-0.0051781261731384,0.4561925296467753,0.8710785902668049,0.0030160802190125945,0.0030097124457551003,-0.01955735937599079,0
primary_development_2022_2023_partial,s4_auction_confirmed_reclaim,120,5m,158020,0.0001604998169266,0.0,0.3768257182635109,1.0911425911870307,158020,-0.0028562372211315,-0.0030162529300138,0.1830084799392482,0.2678492751335441,0.0030167370380581,0.0030162529300138,-0.1938172383242627,0
primary_development_2022_2023_partial,s4_auction_confirmed_reclaim,120,60m,157976,0.0003013749575033,-0.0004267123574513,0.4247797133741834,1.066508834338398,157976,-0.0027157869956096,-0.0034416782150667,0.3278156175621613,0.5736829838498709,0.0030171619531128998,0.0030149658576154,-0.09696409581202209,0
primary_development_2022_2023_partial,s4_auction_confirmed_reclaim,240,15m,119525,0.0001309643772465,0.0,0.3933486718259778,1.049720905651288,119525,-0.0028856835744547,-0.0030162529300139,0.2385860698598619,0.379971698543469,0.0030166479517012,0.0030162529300139,-0.15476260196611594,0
primary_development_2022_2023_partial,s4_auction_confirmed_reclaim,240,1d,119357,0.0010620092441756,0.0,0.4706301264274403,1.1054990647352303,119357,-0.0019574469743327,-0.0030162529300139,0.4272057776251078,0.8324609010549068,0.0030194562185083,0.0030162529300139,-0.04342434880233248,0
primary_development_2022_2023_partial,s4_auction_confirmed_reclaim,240,2d,119313,0.0009659480275765,-0.0010706638115631,0.4722787961077166,1.0712834781116432,119313,-0.0020532184460058,-0.0040836873487182,0.4404968444343868,0.8643683736967346,0.0030191664735823,0.0030130235371551,-0.03178195167332981,0
primary_development_2022_2023_partial,s4_auction_confirmed_reclaim,240,30m,119521,0.0001888465179071,0.0,0.4096518603425339,1.05610920603589,119521,-0.0028279760209702,-0.0030162529300139,0.279365132487178,0.4660523722492219,0.0030168225388772997,0.0030162529300139,-0.13028672785535594,0
primary_development_2022_2023_partial,s4_auction_confirmed_reclaim,240,3d,119260,0.0012291053264799,-0.0011634675257871,0.4763290290122421,1.0764079172499892,119260,-0.0017908548960762,-0.0041762111434673,0.4488680194532953,0.8985306536326783,0.0030199602225560998,0.0030127436176801995,-0.027461009558946814,0
primary_development_2022_2023_partial,s4_auction_confirmed_reclaim,240,5d,119263,0.0016066983225697,-0.0013477088948786,0.4804256139791888,1.078536640910424,119263,-0.0014144008159671,-0.0043598967939896,0.4598995497346201,0.9356730414796328,0.0030210991385368003,0.003012187899111,-0.02052606424456871,0
primary_development_2022_2023_partial,s4_auction_confirmed_reclaim,240,5m,119526,7.207702450351907e-05,0.0,0.3692251058347138,1.0407771953024767,119526,-0.0029443933080478,-0.0030162529300138,0.177216672523133,0.2503616252282237,0.003016470332551319,0.0030162529300138,-0.1920084333115808,0
primary_development_2022_2023_partial,s4_auction_confirmed_reclaim,240,60m,119501,0.0002371304229943,0.0,0.4240801332206425,1.0532505486435244,119501,-0.0027798377523529,-0.003016252930014,0.323277629475904,0.558658009308069,0.0030169681753472,0.003016252930014,-0.10080250374473848,0
primary_development_2022_2023_partial,s4_reclaim_amount_acceleration,10,15m,1093734,0.0001152125773303,0.0,0.3997800196391444,1.0474944817916672,1093734,-0.0029013878629598,-0.0030162529300138,0.2316513887288865,0.3475396239987792,0.0030166004402901,0.0030162529300138,-0.1681286309102579,0
primary_development_2022_2023_partial,s4_reclaim_amount_acceleration,10,1d,1091833,0.0003526875391298,-0.0008116883116883,0.4674130567586801,1.0337463221377854,1091833,-0.0026646291857072,-0.0038254929844536,0.4229749421385871,0.7793865700702624,0.0030173167248370002,0.0030138046727653,-0.044438114620093006,0
primary_development_2022_2023_partial,s4_reclaim_amount_acceleration,10,2d,1091670,0.0002959089275498,-0.0015554518963979,0.4664367437045993,1.0211355817472143,1091670,-0.0027212365386338,-0.0045670131900719,0.4331409675084962,0.8256363028287146,0.0030171454661836,0.0030115612936740003,-0.03329577619610313,0
primary_development_2022_2023_partial,s4_reclaim_amount_acceleration,10,30m,1093651,0.000145249187911,0.0,0.4139830713820039,1.045769680319134,1093651,-0.0028714418503932,-0.0030162529300139,0.2761091061042325,0.4374422966447979,0.0030166910383042003,0.0030162529300139,-0.1378739652777714,0
primary_development_2022_2023_partial,s4_reclaim_amount_acceleration,10,3d,1091604,0.0002173185709873,-0.0019430051813471,0.467356294040696,1.012821056078163,1091604,-0.002799589846803,-0.0049533975162898,0.4394963741430042,0.84898352198303,0.0030169084177903,0.0030103923349427,-0.02785991989769182,0
primary_development_2022_2023_partial,s4_reclaim_amount_acceleration,10,5d,1091327,0.0002339552357885,-0.0022988505747125,0.471613915902383,1.0107534640458116,1091327,-0.002783003362391,-0.0053081695899447,0.4505111666805641,0.8806041739064948,0.0030169585981795,0.0030093190152321995,-0.021102749221818873,0
primary_development_2022_2023_partial,s4_reclaim_amount_acceleration,10,5m,1093780,4.662575119208656e-05,0.0,0.3723582438881676,1.0287686712811022,1093780,-0.002969767813884,-0.0030162529300138,0.1670363327177311,0.2171330165837897,0.0030163935650760866,0.0030162529300138,-0.20532191117043647,0
primary_development_2022_2023_partial,s4_reclaim_amount_acceleration,10,60m,1093397,0.0001346653510655,-0.0003140703517588,0.4269821482956328,1.0304989970106424,1093397,-0.0028819937637091,-0.003329375966154,0.3238640676716691,0.5393250512463673,0.0030166591147746,0.0030153056143952,-0.10311808062396371,0
primary_development_2022_2023_partial,s4_reclaim_amount_acceleration,20,15m,742491,0.0001708668313892,0.0,0.4029072406264857,1.0696826847665175,742491,-0.0028459014761998,-0.0030162529300138,0.2376850359128932,0.3617371855090092,0.0030167683075890002,0.0030162529300138,-0.1652222047135925,0
primary_development_2022_2023_partial,s4_reclaim_amount_acceleration,20,1d,741288,0.0006074588931243,-0.0005577244841049,0.4692278844389765,1.0585361780537952,741288,-0.0024106262865546,-0.0035722951760093,0.424905030163715,0.7991001121450689,0.0030180851796788996,0.0030145706919044,-0.0443228542752615,0
primary_development_2022_2023_partial,s4_reclaim_amount_acceleration,20,2d,741139,0.0006919850906471,-0.0010157440325038,0.4737518872977943,1.0496643320255803,741139,-0.0023263550414228,-0.0040289332216033,0.4406865648683985,0.8500779085896124,0.0030183401320699,0.0030131891890995003,-0.033065322429395805,0
primary_development_2022_2023_partial,s4_reclaim_amount_acceleration,20,30m,742436,0.0002100733065118,0.0,0.4167120128873061,1.0659419519870448,742436,-0.0028068132577237,-0.0030162529300139,0.2802436843041016,0.4502766745405283,0.0030168865642355,0.0030162529300139,-0.13646832858320446,0
primary_development_2022_2023_partial,s4_reclaim_amount_acceleration,20,3d,741116,0.0007869633546395,-0.0011494252873562,0.4766757160822327,1.0467104834339354,741116,-0.0022316632558977,-0.0041622112599793,0.4496097776866239,0.8787605260550175,0.0030186266105372,0.0030127859726231,-0.02706593839560878,0
primary_development_2022_2023_partial,s4_reclaim_amount_acceleration,20,5d,740919,0.0005516283100034,-0.0016789791806582,0.4777296843514608,1.0253436836254812,740919,-0.0024662884705161,-0.0046901678847988,0.4562698486609197,0.8941536619726678,0.0030179167805195,0.0030111887041405997,-0.021459835690541107,0
primary_development_2022_2023_partial,s4_reclaim_amount_acceleration,20,5m,742522,8.91025914390144e-05,0.0,0.3761248824950641,1.054188961269091,742522,-0.0029274190945201,-0.0030162529300138,0.1722184662541985,0.2300548828918116,0.0030165216859591145,0.0030162529300138,-0.20390641624086558,0
primary_development_2022_2023_partial,s4_reclaim_amount_acceleration,20,60m,742282,0.0002339648248381,0.0,0.4287521454110432,1.0537683147187202,742282,-0.0027829938022609,-0.0030162529300139,0.325986619640514,0.5501095552486214,0.003016958627099,0.0030162529300139,-0.10276552577052916,0
primary_development_2022_2023_partial,s4_reclaim_amount_acceleration,40,15m,499355,0.0002601750384068,0.0,0.4076338476634858,1.1039028616360849,499355,-0.0027568626453259,-0.0030162529300138,0.2449179441479508,0.3862560978331618,0.0030170376837327,0.0030162529300138,-0.16271590351553503,0
primary_development_2022_2023_partial,s4_reclaim_amount_acceleration,40,1d,498572,0.0007857348245606,0.0,0.4744730951597763,1.0757842786070313,498572,-0.00223288808042,-0.0030162529300139,0.4308765835225404,0.813514082836629,0.0030186229049806,0.0030162529300139,-0.043596511637235935,0
primary_development_2022_2023_partial,s4_reclaim_amount_acceleration,40,2d,498497,0.0008518623858321,-0.0006333122229258,0.477407085699613,1.0608146762838642,498497,-0.0021669599765989,-0.0036476549230917,0.4453126097047725,0.8609064155627688,0.0030188223624309997,0.0030143427001659,-0.0320944759948405,0
primary_development_2022_2023_partial,s4_reclaim_amount_acceleration,40,30m,499323,0.0003198869567859,0.0,0.4214386279021795,1.0987501887954425,499323,-0.0026973308331966,-0.0030162529300138,0.2875112902870486,0.4753028719201603,0.0030172177899825004,0.0030162529300138,-0.13392733761513093,0
primary_development_2022_2023_partial,s4_reclaim_amount_acceleration,40,3d,498433,0.0008444474183317,-0.0011123470522802,0.4784354165956106,1.0495558353386487,498433,-0.0021743525786818,-0.0041252448622385,0.4523135506677929,0.8830509268228176,0.0030187999970135,0.0030128978099583006,-0.026121865927817733,0
primary_development_2022_2023_partial,s4_reclaim_amount_acceleration,40,5d,498274,0.0004633808109371,-0.002016129032258,0.4760292529812914,1.0208867552329266,498274,-0.0025542697928051,-0.005026300807171,0.4560121539554542,0.892326213868021,0.0030176506037421997,0.0030101717749130004,-0.020017099025837204,0
primary_development_2022_2023_partial,s4_reclaim_amount_acceleration,40,5m,499376,0.0001577992074151,0.0,0.380548925058473,1.0944553165471738,499376,-0.0028589296849154,-0.0030162529300138,0.1796982634327641,0.2495187086868831,0.0030167288923305,0.0030162529300138,-0.2008506616257089,0
primary_development_2022_2023_partial,s4_reclaim_amount_acceleration,40,60m,499235,0.0003282906681448,0.0,0.4340320690656705,1.0744616314250706,499235,-0.0026889524695575,-0.0030162529300139,0.332248339960139,0.5681146298509899,0.0030172431377023003,0.0030162529300139,-0.10178372910553146,0
primary_development_2022_2023_partial,s4_reclaim_amount_acceleration,60,15m,401131,0.0002980068202203,0.0,0.4081559390822449,1.1178206426789918,401131,-0.0027191449737384,-0.0030162529300138,0.2475500522273272,0.3975095858343355,0.0030171517939587,0.0030162529300138,-0.1606058868549177,0
primary_development_2022_2023_partial,s4_reclaim_amount_acceleration,60,1d,400539,0.0008569380207614,0.0,0.4770197159327806,1.0815392062823106,400539,-0.0021618996510684,-0.0030162529300139,0.4344370960131223,0.8214060377150618,0.0030188376718298,0.0030162529300139,-0.04258261991965828,0
primary_development_2022_2023_partial,s4_reclaim_amount_acceleration,60,2d,400460,0.0009623758209537,0.0,0.4815736902562054,1.0681155640906614,400460,-0.0020567798779499,-0.0030162529300139,0.4502447185736403,0.8688800768225831,0.0030191556989036003,0.0030162529300139,-0.0313289716825651,0
primary_development_2022_2023_partial,s4_reclaim_amount_acceleration,60,30m,401111,0.000410063882827,0.0,0.4245109209171526,1.1256040830530076,401111,-0.0026074259035756,-0.0030162529300138,0.2911214102829391,0.4943308673762914,0.0030174897864026,0.0030162529300138,-0.1333895106342135,0
primary_development_2022_2023_partial,s4_reclaim_amount_acceleration,60,3d,400354,0.0008036569196541,-0.0010018412481468,0.4795206242475409,1.0466398709185845,400354,-0.0022150200428983,-0.0040150723715605,0.4540731452664392,0.8820472406138145,0.0030186769625524003,0.0030132311234137,-0.025447478981101668,0
primary_development_2022_2023_partial,s4_reclaim_amount_acceleration,60,5d,400221,0.0002649115097952,-0.0022189349112425,0.4751799630704036,1.0117446883912418,400221,-0.002752140460336,-0.0052284949723288,0.4559156066273384,0.8857718489905184,0.0030170519701312,0.0030095600610863,-0.019264356443065234,0
primary_development_2022_2023_partial,s4_reclaim_amount_acceleration,60,5m,401143,0.0001769705736397,0.0,0.3822925988986471,1.1044455800686468,401143,-0.0028398161443848,-0.0030162529300138,0.1821844080539857,0.2579344531550948,0.0030167867180244997,0.0030162529300138,-0.2001081908446614,0
primary_development_2022_2023_partial,s4_reclaim_amount_acceleration,60,60m,401038,0.0004663802239344,0.0,0.4369984889212494,1.1053383905797765,401038,-0.0025512794267969,-0.0030162529300139,0.3366638572903316,0.5907225736386853,0.0030176596507313,0.0030162529300139,-0.10033463163091777,0
primary_development_2022_2023_partial,s4_reclaim_amount_acceleration,120,15m,262934,0.0002244356145041,0.0,0.4072580951873854,1.08315772431415,262934,-0.0027924942700905,-0.0030162529300138,0.2521279104261906,0.402945908021762,0.0030169298845945996,0.0030162529300138,-0.15513018476119483,0
primary_development_2022_2023_partial,s4_reclaim_amount_acceleration,120,1d,262513,0.0004985471642566,-0.0006443298969073,0.4710585761467051,1.0453700579892624,262513,-0.0025192095101023,-0.0036586393649818,0.4302339312719751,0.8000389117831096,0.0030177566743589,0.0030143094680745,-0.040824644874729976,0
primary_development_2022_2023_partial,s4_reclaim_amount_acceleration,120,2d,262425,0.0004795356590559,-0.0012224938875303,0.4738039439839954,1.0325763792809617,262425,-0.0025381636717947,-0.004235059466774,0.4436581880537296,0.8442729106226706,0.0030176993308506,0.0030125655792437,-0.030145755930265805,0
primary_development_2022_2023_partial,s4_reclaim_amount_acceleration,120,30m,262919,0.0003008323525264,0.0,0.420422259327017,1.086523709287529,262919,-0.0027163279639529,-0.0030162529300139,0.2936189472803411,0.4943393689103307,0.0030171603164793,0.0030162529300139,-0.1268033120466759,0
primary_development_2022_2023_partial,s4_reclaim_amount_acceleration,120,3d,262383,0.0003678707446761,-0.0016891891891891,0.4735520212818666,1.020753028072629,262383,-0.0026494917765492,-0.0047003470973616,0.4481387894795013,0.8626507406164431,0.0030173625212253,0.0030111579081725003,-0.025413231802365266,0
primary_development_2022_2023_partial,s4_reclaim_amount_acceleration,120,5d,262375,-8.872960845837185e-05,-0.0024479804161565,0.4738675559790376,0.9961375449979788,262375,-0.0031047149075306,-0.0054568496180674,0.4542658408766079,0.8733440468402311,0.003015985299072228,0.0030088692019109,-0.01960171510242975,0
primary_development_2022_2023_partial,s4_reclaim_amount_acceleration,120,5m,262941,0.0001420791259413,0.0,0.3830935457003662,1.0787163983413706,262941,-0.0028746023506539,-0.0030162529300138,0.1881448690010306,0.267777886246082,0.0030166814765952,0.0030162529300138,-0.19494867669933558,0
primary_development_2022_2023_partial,s4_reclaim_amount_acceleration,120,60m,262865,0.0003136817746842,0.0,0.4320963232077302,1.0667883376309852,262865,-0.0027035172989021,-0.003016252930014,0.3377094706408232,0.5846580810179828,0.0030171990735863,0.003016252930014,-0.09438685256690704,0
primary_development_2022_2023_partial,s4_reclaim_amount_acceleration,240,15m,199060,0.00015619336624,0.0,0.402119963830001,1.0584958518097842,199060,-0.0028605306824733,-0.0030162529300138,0.2472018486888375,0.3864814638057242,0.0030167240487133,0.0030162529300138,-0.1549181151411635,0
primary_development_2022_2023_partial,s4_reclaim_amount_acceleration,240,1d,198754,0.0004473250944359,-0.0009295852662787,0.4650673697133139,1.0418730054994676,198754,-0.0025702770812048,-0.0039430343320094,0.4232719844632058,0.7912543237871044,0.0030176021756407,0.0030134490657307,-0.04179538525010812,0
primary_development_2022_2023_partial,s4_reclaim_amount_acceleration,240,2d,198707,0.0005780486170235,-0.001310615989515,0.4710755031277207,1.040886915723276,198707,-0.0024399478538251,-0.0043229157702104,0.4403619399417232,0.8448426002413573,0.0030179964708486,0.0030122997806954,-0.030713563185997494,0
primary_development_2022_2023_partial,s4_reclaim_amount_acceleration,240,30m,199045,0.0002112800807979,0.0,0.4176191313522068,1.0615223833204228,199045,-0.0028056101233794,-0.0030162529300139,0.2900148207691728,0.4742652702947552,0.0030168902041773,0.0030162529300139,-0.127604310583034,0
primary_development_2022_2023_partial,s4_reclaim_amount_acceleration,240,3d,198652,0.0008976470679621,-0.0015349194167306,0.4731137869238668,1.053546266221819,198652,-0.0021213133926506,-0.0045465426415564,0.4474608863741618,0.8842872379643798,0.0030189604606127,0.0030116232248258,-0.025652900549704982,0
primary_development_2022_2023_partial,s4_reclaim_amount_acceleration,240,5d,198621,0.0012414418481147,-0.0019342359767892,0.4762537697423736,1.0582880721405912,198621,-0.0017785555845109,-0.0049446547618707,0.4559437320323631,0.9221217358733808,0.0030199974326256002,0.0030104187850814998,-0.020310037710010498,0
primary_development_2022_2023_partial,s4_reclaim_amount_acceleration,240,5m,199064,7.189723788440631e-05,0.0,0.3776674838242977,1.039948051316805,199064,-0.0029445725523853,-0.0030162529300138,0.18291604710043,0.2515552876433843,0.0030164697902697064,0.0030162529300138,-0.19475143672386772,0
primary_development_2022_2023_partial,s4_reclaim_amount_acceleration,240,60m,199011,0.0002002982961772,0.0,0.4297651888589073,1.0431549348001756,199011,-0.0028165587841598,-0.0030162529300139,0.3329112461120239,0.5641828364196173,0.003016857080337,0.0030162529300139,-0.09685394274688341,0
primary_development_2022_2023_partial,s4_reclaim_volume_normal,10,15m,1004209,-1.7200698715580028e-05,0.0,0.3883056216385234,0.9914062129910028,1004209,-0.0030334017470732,-0.0030162529300138,0.2043638326284667,0.2567326913567203,0.00301620104835762,0.0030162529300138,-0.1839417890100567,0
primary_development_2022_2023_partial,s4_reclaim_volume_normal,10,1d,1002504,0.0003283608734309,-0.0005973715651133,0.4686425191320932,1.0326424715908349,1002504,-0.0026888824760288,-0.0036118226713936,0.4224222546742955,0.7699044743688729,0.0030172433494596996,0.0030144511062803,-0.0462202644577977,0
primary_development_2022_2023_partial,s4_reclaim_volume_normal,10,2d,1002313,0.0002870741596755,-0.001453488372093,0.4671943794004468,1.0209764590246762,1002313,-0.0027300446586131,-0.0044653572135459,0.4332927937680146,0.8214628446535917,0.0030171188182885997,0.0030118688414529004,-0.033901585632432174,0
primary_development_2022_2023_partial,s4_reclaim_volume_normal,10,30m,1004126,9.682335327115525e-06,0.0,0.4052638812260613,1.0035556484394974,1004126,-0.0030065997990599,-0.0030162529300139,0.2551532377410803,0.3600544851345229,0.0030162821343870153,0.0030162529300139,-0.150110643484981,0
primary_development_2022_2023_partial,s4_reclaim_volume_normal,10,3d,1002280,0.0002010722292127,-0.0018832391713747,0.4674532066887497,1.0120517060169272,1002280,-0.0028157871855014,-0.0048938117757201,0.4391158159396576,0.8459094429476945,0.0030168594147141,0.0030105726043453997,-0.028337390749092084,0
primary_development_2022_2023_partial,s4_reclaim_volume_normal,10,5d,1002014,0.0002055546363421,-0.0022123893805309,0.4721371158486807,1.0095444296377152,1002014,-0.0028113182984459,-0.0052219691845933,0.4505974966417634,0.878239887576566,0.003016872934788,0.0030095798040623996,-0.02153961920691727,0
primary_development_2022_2023_partial,s4_reclaim_volume_normal,10,5m,1004245,-2.8304197855064504e-05,0.0,0.3582074095464752,0.9775165648192424,1004245,-0.0030444717552515,-0.0030162529300138,0.1328570219418568,0.1321392119125137,0.0030161675573964356,0.0030162529300138,-0.22535038760461837,0
primary_development_2022_2023_partial,s4_reclaim_volume_normal,10,60m,1003869,1.3962754749870229e-05,0.0,0.4217602097484831,1.003491678319388,1003869,-0.0030023322904645,-0.0030162529300139,0.3110206610623497,0.4882207099941967,0.0030162950452143704,0.0030162529300139,-0.1107395486861334,0
primary_development_2022_2023_partial,s4_reclaim_volume_normal,20,15m,677273,2.984803499851581e-07,0.0,0.389686286032368,1.0001477798423062,677273,-0.0030159553499487,-0.0030162529300138,0.2089379024411131,0.2626412697188321,0.0030162538302986853,0.0030162529300138,-0.1807483835912549,0
primary_development_2022_2023_partial,s4_reclaim_volume_normal,20,1d,676184,0.0005560678122654,-0.0001102764933978,0.4699534446245401,1.0558376654473736,676184,-0.0024618623589154,-0.0031261968016154,0.4236199022751203,0.7874397369516387,0.0030179301711808,0.0030159203082176,-0.046333542349419776,0
primary_development_2022_2023_partial,s4_reclaim_volume_normal,20,2d,676067,0.000650404266009,-0.0008944543828264,0.4739900039493127,1.0478867124378173,676067,-0.0023678104477769,-0.0039080094121873,0.4403158266858166,0.8438862638191595,0.0030182147137859,0.0030135550293609002,-0.033674177263496086,0
primary_development_2022_2023_partial,s4_reclaim_volume_normal,20,30m,677216,2.695303123474288e-05,0.0,0.4060934768227567,1.009867293654198,677216,-0.002989381195933,-0.0030162529300139,0.2575234489439115,0.3642254143231234,0.003016334227167743,0.0030162529300139,-0.1485700278788452,0
primary_development_2022_2023_partial,s4_reclaim_volume_normal,20,3d,676053,0.000758122679905,-0.0010752688172044,0.4769359798714006,1.0458588353190152,676053,-0.0022604169398626,-0.0040882784644979,0.449202947106218,0.8750604141382144,0.0030185396197676,0.0030130096472935,-0.027733032765182575,0
primary_development_2022_2023_partial,s4_reclaim_volume_normal,20,5d,675850,0.0005566947740695,-0.001586252506237,0.4782259377080713,1.0259289457130896,675850,-0.0024612372881871,-0.0045977208974811,0.4564637123622105,0.8930107406147093,0.0030179320622565997,0.0030114683912441003,-0.02176222534586081,0
primary_development_2022_2023_partial,s4_reclaim_volume_normal,20,5m,677298,-1.834322372151226e-05,0.0,0.3592008244524566,0.9855775078250796,677298,-0.0030345408259226,-0.0030162529300138,0.1358899627638056,0.1362536131816182,0.0030161976022010876,0.0030162529300138,-0.223310861688651,0
primary_development_2022_2023_partial,s4_reclaim_volume_normal,20,60m,677063,3.972606183531666e-05,0.0,0.4208766392492279,1.0100650433284353,677063,-0.002976646692025,-0.0030162529300139,0.3106992997697407,0.488220257094047,0.003016372753860317,0.0030162529300139,-0.11017733947948721,0
primary_development_2022_2023_partial,s4_reclaim_volume_normal,40,15m,453858,4.80450785012462e-05,0.0,0.3932815990904644,1.0235268688682913,453858,-0.0029683527676185,-0.0030162529300138,0.21455389130521,0.2756123009342033,0.0030163978461197464,0.0030162529300138,-0.1787277077852544,0
primary_development_2022_2023_partial,s4_reclaim_volume_normal,40,1d,453138,0.0006822788078238,0.0,0.4743985276008633,1.0686830229678057,453138,-0.0023360320476432,-0.0030162529300139,0.4289355560557711,0.797616654022541,0.003018310855467,0.0030162529300139,-0.04546297154509221,0
primary_development_2022_2023_partial,s4_reclaim_volume_normal,40,2d,453080,0.0007878580070613,-0.000340374872449,0.4777500662134722,1.057778882721288,453080,-0.0022307713019748,-0.0033556011457566,0.4448044495453341,0.8533192031857827,0.0030186293090361,0.0030152262733076003,-0.03294561666813811,0
primary_development_2022_2023_partial,s4_reclaim_volume_normal,40,30m,453831,7.541305886826926e-05,0.0,0.4094475696900388,1.0273241260518895,453831,-0.0029410673360034,-0.0030162529300139,0.2628247078758392,0.3764075411824796,0.003016480394871669,0.0030162529300139,-0.1466228618141996,0
primary_development_2022_2023_partial,s4_reclaim_volume_normal,40,3d,453036,0.0008199475099556,-0.0010197579566468,0.4788184603431074,1.0491356098381717,453036,-0.0021987785891375,-0.004032935038736,0.4519221430526492,0.8794560034203084,0.0030187260990931,0.0030131770820892,-0.02689631729045816,0
primary_development_2022_2023_partial,s4_reclaim_volume_normal,40,5d,452884,0.0005161909397589,-0.001853864277325,0.4765282058981991,1.0236723436260748,452884,-0.0025016189526892,-0.0048645254837806,0.4560196429990902,0.892830671841641,0.0030178098924480996,0.0030106612064556004,-0.020508562899108906,0
primary_development_2022_2023_partial,s4_reclaim_volume_normal,40,5m,453879,3.857481088228487e-06,0.0,0.3626891748681917,1.003000947351326,453879,-0.0030124070840598,-0.0030162529300138,0.1405947400077994,0.1426568156752063,0.0030162645651480285,0.0030162529300138,-0.2220944348603923,0
primary_development_2022_2023_partial,s4_reclaim_volume_normal,40,60m,453738,0.0001057512972419,0.0,0.4251660649978622,1.0266122442705872,453738,-0.0029108206054307,-0.0030162529300139,0.3157218482913047,0.5006582647052953,0.0030165719026726,0.0030162529300139,-0.10944421670655752,0
primary_development_2022_2023_partial,s4_reclaim_volume_normal,60,15m,363819,6.896277973547411e-05,0.0,0.3936133077161995,1.0336285463610937,363819,-0.0029474981594652,-0.0030162529300138,0.2165582336271607,0.281689449135098,0.003016460939200674,0.0030162529300138,-0.1770550740890388,0
primary_development_2022_2023_partial,s4_reclaim_volume_normal,60,1d,363285,0.0007405224374541,0.0,0.4761688481495245,1.0735383446107891,363285,-0.0022779640955315,-0.0030162529300139,0.4320877547930688,0.8048187409686393,0.0030184865329856,0.0030162529300139,-0.04408109335645566,0
primary_development_2022_2023_partial,s4_reclaim_volume_normal,60,2d,363220,0.00084724610151,0.0,0.4811216342712405,1.0615396680862144,363220,-0.00217156233704,-0.0030162529300139,0.4487142778481361,0.8583332011516057,0.0030188084385499997,0.0030162529300139,-0.03240735642310438,0
primary_development_2022_2023_partial,s4_reclaim_volume_normal,60,30m,363797,0.0001483544757993,0.0,0.4114959716545216,1.053618007462879,363797,-0.0028683459288375,-0.0030162529300139,0.2659092845735396,0.3917206592554096,0.0030167004046368,0.0030162529300139,-0.14558668708098205,0
primary_development_2022_2023_partial,s4_reclaim_volume_normal,60,3d,363136,0.0007166161483188,-0.0009310986964618,0.4794842703560099,1.042396684382931,363136,-0.0023017982772521,-0.0039445431973042,0.4531057234755022,0.875258626778269,0.0030184144255709,0.0030134445008423998,-0.02637854688050767,0
primary_development_2022_2023_partial,s4_reclaim_volume_normal,60,5d,362981,0.0003097854296101,-0.0020325203252031,0.4761791939523005,1.0139537368790366,362981,-0.0027074018916133,-0.0050426426598306,0.4563654846947912,0.8859420888877346,0.0030171873212234,0.0030101223346275,-0.019813709257509304,0
primary_development_2022_2023_partial,s4_reclaim_volume_normal,60,5m,363829,1.637192160035137e-05,0.0,0.3639182143259608,1.0126828220977684,363829,-0.0029999303902704,-0.0030162529300138,0.1426329401999291,0.1461574331354385,0.0030163023118707512,0.0030162529300138,-0.2212852741260317,0
primary_development_2022_2023_partial,s4_reclaim_volume_normal,60,60m,363730,0.0002267464448353,0.0,0.4273224644654002,1.0571646500557346,363730,-0.0027901904098077,-0.0030162529300139,0.3192862837819261,0.5200283649360407,0.003016936854643,0.0030162529300139,-0.10803618068347409,0
primary_development_2022_2023_partial,s4_reclaim_volume_normal,120,15m,237122,5.494230931066196e-05,0.0,0.3962601530014085,1.0255481211450517,237122,-0.0029614763406056,-0.0030162529300138,0.2238805340710689,0.2928783713213298,0.0030164186499162617,0.0030162529300138,-0.1723796189303396,0
primary_development_2022_2023_partial,s4_reclaim_volume_normal,120,1d,236760,0.0004330541383376,-0.0004557893663136,0.4715788139888495,1.041256572213613,236760,-0.00258450499249,-0.0034706675203158,0.4278594357154925,0.7865847521430366,0.0030175591308276,0.0030148781540022002,-0.04371937827335698,0
primary_development_2022_2023_partial,s4_reclaim_volume_normal,120,2d,236672,0.0004119126803234,-0.0011037527593817,0.4742090319091401,1.028747667988573,236672,-0.0026055826825195,-0.0041166764919011,0.4433646565711195,0.8362039638770201,0.0030174953628429,0.0030129237325194,-0.03084437533802059,0
primary_development_2022_2023_partial,s4_reclaim_volume_normal,120,30m,237109,9.302585666180006e-05,0.0,0.4101151790948467,1.0320442774150462,237109,-0.0029235076628656,-0.0030162529300139,0.2704536732051503,0.3969088811456535,0.0030165335195274003,0.0030162529300139,-0.1396615058896964,0
primary_development_2022_2023_partial,s4_reclaim_volume_normal,120,3d,236630,0.0002935552041934,-0.0015847860538827,0.4735747791911422,1.0168852787037796,236630,-0.0027235831625652,-0.0045962588683181,0.4474115708067447,0.8562876032123033,0.0030171383667586,0.0030114728144354005,-0.026163208384397507,0
primary_development_2022_2023_partial,s4_reclaim_volume_normal,120,5d,236635,-0.0001198585961776,-0.0023640661938536,0.4738648128975004,0.9947071675798376,236635,-0.0031357500023496,-0.0053731885022834,0.4538001563589494,0.8703563523993316,0.0030158914061720003,0.0030091223084298,-0.020064656538550996,0
primary_development_2022_2023_partial,s4_reclaim_volume_normal,120,5m,237128,2.147118511673645e-05,0.0,0.3673374717452177,1.0160416235608385,237128,-0.0029948465074238,-0.0030162529300138,0.1491346445801423,0.1549887443357668,0.0030163176925405363,0.0030162529300138,-0.21820282716507539,0
primary_development_2022_2023_partial,s4_reclaim_volume_normal,120,60m,237058,0.0001187760601736,0.0,0.423938445443731,1.0284461345964364,237058,-0.0028978351284803,-0.0030162529300139,0.3212251853976663,0.5190425855128666,0.0030166111886539,0.0030162529300139,-0.10271326004606468,0
primary_development_2022_2023_partial,s4_reclaim_volume_normal,240,15m,179654,1.9842420927580413e-05,0.0,0.3906119540895276,1.009308055761322,179654,-0.0029964703588476,-0.0030162529300138,0.2180914424393556,0.2839741466574548,0.0030163127797751803,0.0030162529300138,-0.172520511650172,0
primary_development_2022_2023_partial,s4_reclaim_volume_normal,240,1d,179376,0.0004072773819075,-0.0007570022710068,0.4666454821157791,1.0399347589699757,179376,-0.0026102039997029,-0.0037709718907028,0.4215948621889216,0.7793325055723446,0.0030174813816104,0.003013969619696,-0.045050619926857494,0
primary_development_2022_2023_partial,s4_reclaim_volume_normal,240,2d,179348,0.0005751710324389,-0.0011191945306647,0.4723777237549345,1.041891367381251,179348,-0.0024428167588869,-0.0041320716868962,0.4398989673706983,0.8405214863177349,0.0030179877913257998,0.0030128771562314997,-0.032478756384236196,0
primary_development_2022_2023_partial,s4_reclaim_volume_normal,240,30m,179640,4.611034611824713e-05,0.0,0.4063571587619684,1.016009907124368,179640,-0.002970281664363,-0.0030162529300139,0.2660487641950568,0.3856937470940298,0.003016392010481247,0.0030162529300139,-0.14030839456691158,0
primary_development_2022_2023_partial,s4_reclaim_volume_normal,240,3d,179292,0.0008416008197185,-0.0014179370799843,0.4740981192691252,1.051148774087821,179292,-0.0021771905912337,-0.0044299131531263,0.4472201771411998,0.8791920402466481,0.0030187914109522,0.003011976073142,-0.02687794212792538,0
primary_development_2022_2023_partial,s4_reclaim_volume_normal,240,5d,179264,0.001162458346164,-0.001929571119542,0.4760074526954659,1.0552270954239862,179264,-0.0018573008522424,-0.0049400039750129,0.4552670921099607,0.9177821654459668,0.0030197591984064,0.0030104328554709002,-0.020740360585505213,0
primary_development_2022_2023_partial,s4_reclaim_volume_normal,240,5m,179659,1.699102522059003e-06,0.0,0.3618299111093794,1.0012733485793155,179659,-0.0030145589524164,-0.0030162529300138,0.1463606053690603,0.1510253852606014,0.003016258054938459,0.0030162529300138,-0.2154693057403191,0
primary_development_2022_2023_partial,s4_reclaim_volume_normal,240,60m,179604,5.907857848613285e-05,0.0,0.4224850226052872,1.014376739216917,179604,-0.0029573525474638,-0.0030162529300139,0.3170586401193737,0.5043696955700557,0.0030164311259499327,0.0030162529300139,-0.10542638248591352,0
primary_development_2022_2023_partial,s4_reclaim_volume_proxy,10,15m,804854,5.21315930881083e-05,0.0,0.3915828212321738,1.020953196488214,804854,-0.002964278578993,-0.0030162529300139,0.2300864504618228,0.3448099698117211,0.0030164101720811082,0.0030162529300139,-0.161496370770351,0
primary_development_2022_2023_partial,s4_reclaim_volume_proxy,10,1d,803466,0.0004360175845287,-0.0008169934640522,0.4668274699862844,1.0421821929388164,803466,-0.0025815504848008,-0.0038307821351363,0.422880370793537,0.7842442604226743,0.0030175680693295,0.0030137886710841,-0.04394709919274736,0
primary_development_2022_2023_partial,s4_reclaim_volume_proxy,10,2d,803331,0.0003979000017729,-0.0015197568389057,0.4666569570948961,1.0286724328915733,803331,-0.0026195530952863,-0.0045314257979013,0.433325739950282,0.8308113636000081,0.0030174530970592,0.0030116689589956003,-0.03333121714461407,0
primary_development_2022_2023_partial,s4_reclaim_volume_proxy,10,30m,804796,8.19923301142505e-05,0.0,0.4060842747727374,1.0252857452047812,804796,-0.0029345079095031,-0.0030162529300139,0.2734444505191378,0.4346001132309762,0.0030165002396173504,0.0030162529300139,-0.1326398242535996,0
primary_development_2022_2023_partial,s4_reclaim_volume_proxy,10,3d,803304,0.0004099911306411,-0.0019342359767892,0.4669527352036091,1.024444298552727,803304,-0.0026074984363208,-0.0049446547618707,0.4392683218308386,0.857995671910628,0.0030174895669619,0.0030104187850814998,-0.0276844133727705,0
primary_development_2022_2023_partial,s4_reclaim_volume_proxy,10,5d,803064,0.000512247408947,-0.0021929824561402,0.4723695745295518,1.0238126277247457,803064,-0.0025055505888145,-0.0052026207963952,0.4514596595040993,0.8913588933061409,0.0030177979977614997,0.0030096383402549998,-0.02090991502545253,0
primary_development_2022_2023_partial,s4_reclaim_volume_proxy,10,5m,804898,2.0330092546474685e-05,0.0,0.3649083486354793,1.0123889300751827,804898,-0.0029959841581644,-0.0030162529300138,0.1668571669950726,0.2167644866084615,0.0030163142507108748,0.0030162529300138,-0.19805118164040666,0
primary_development_2022_2023_partial,s4_reclaim_volume_proxy,10,60m,804607,8.978768387742875e-05,-0.0007256894049346,0.4205605966639614,1.0199922988327692,804607,-0.0029267360684991,-0.0037397534721543,0.3216613825134506,0.5387302572316934,0.003016523752376529,0.0030140640672197,-0.09889921415051078,0
primary_development_2022_2023_partial,s4_reclaim_volume_proxy,20,15m,533841,0.0001243704586083,0.0,0.3936808900028286,1.0493959374257338,533841,-0.0028922576041614,-0.0030162529300139,0.2363400338302977,0.3631987468470455,0.0030166280627697,0.0030162529300139,-0.15734085617253088,0
primary_development_2022_2023_partial,s4_reclaim_volume_proxy,20,1d,532989,0.0007286577208669,-0.0005112474437626,0.4694055599646521,1.0707661545407632,532989,-0.0022897930251321,-0.0035259583221763,0.4253183461572378,0.8078702053188017,0.003018450745999,0.0030147108784137,-0.044087213807414316,0
primary_development_2022_2023_partial,s4_reclaim_volume_proxy,20,2d,532889,0.0008020574199609,-0.0009960159362549,0.4735432707374331,1.0579236097670937,532889,-0.0022166147180956,-0.0040092646302828,0.4405795578441289,0.8563574257985117,0.0030186721380565,0.0030132486940279,-0.03296371289330419,0
primary_development_2022_2023_partial,s4_reclaim_volume_proxy,20,30m,533798,0.0001488540780349,0.0,0.4076410926979869,1.0455603152540047,533798,-0.0028678478335246,-0.0030162529300139,0.2772790456314936,0.4491145924965575,0.0030167019115595,0.0030162529300139,-0.1303620470664933,0
primary_development_2022_2023_partial,s4_reclaim_volume_proxy,20,3d,532891,0.0010203186193147,-0.0010787486515642,0.4770938146825523,1.061174779376607,532891,-0.001999011849724,-0.004091747802797,0.4499081425657404,0.8903892850354127,0.0030193304690387,0.0030129991512327994,-0.027185672116811888,0
primary_development_2022_2023_partial,s4_reclaim_volume_proxy,20,5d,532722,0.0007723282393604,-0.0016077170418006,0.4780598511043283,1.0358218446268783,532722,-0.0022462542279679,-0.0046191206905765,0.4567297765063203,0.9027367314461436,0.0030185824673283,0.0030114036487758995,-0.02133007459800801,0
primary_development_2022_2023_partial,s4_reclaim_volume_proxy,20,5m,533868,7.706494687361499e-05,0.0,0.3685480305993242,1.046064301231622,533868,-0.002939420430506,-0.0030162529300138,0.1735297863891448,0.2345866529283461,0.003016485377379615,0.0030162529300138,-0.19501824421017938,0
primary_development_2022_2023_partial,s4_reclaim_volume_proxy,20,60m,533690,0.0001943002785484,-0.0006625039425222,0.421735464408177,1.0437736560632975,533690,-0.0028225387102475,-0.0036767585930782,0.3232738106391351,0.5511792969300815,0.0030168389887959,0.0030142546505559998,-0.09846165376904192,0
primary_development_2022_2023_partial,s4_reclaim_volume_proxy,40,15m,352852,0.0002146376481801,0.0,0.3973790711119676,1.0830191955614297,352852,-0.0028022626832699,-0.0030162529300139,0.2431330982961695,0.3898961384281719,0.00301690033145,0.0030162529300139,-0.15424597281579808,0
primary_development_2022_2023_partial,s4_reclaim_volume_proxy,40,1d,352299,0.0009607598535641,0.0,0.4750652144910999,1.0936087658414393,352299,-0.0020583909711732,-0.0030162529300139,0.4314829164999049,0.826548695820649,0.0030191508247372997,0.0030162529300139,-0.04358229799119501,0
primary_development_2022_2023_partial,s4_reclaim_volume_proxy,40,2d,352246,0.0010217180787389,-0.0004383091621312,0.4780806595390721,1.0736564474534316,352246,-0.0019976166114237,-0.0034532400408505,0.445748141923542,0.8706303002205722,0.0030193346901626,0.0030149308787193,-0.032332517615530076,0
primary_development_2022_2023_partial,s4_reclaim_volume_proxy,40,30m,352829,0.0002700365095874,0.0,0.4132398413962571,1.0811086319973338,352829,-0.0027470309188404,-0.0030162529300139,0.2844295678643195,0.4766486035731628,0.0030170674284278,0.0030162529300139,-0.12881027353193758,0
primary_development_2022_2023_partial,s4_reclaim_volume_proxy,40,3d,352186,0.0010152756408198,-0.0011248593925758,0.4779690277296656,1.0601672446777184,352186,-0.0020040396173204,-0.0041377194621509,0.4518010369520651,0.891251095908354,0.0030193152581402,0.0030128600695751,-0.026167990777600514,0
primary_development_2022_2023_partial,s4_reclaim_volume_proxy,40,5d,352084,0.0007103967575011,-0.0017921146953404,0.4776246577521273,1.032411274093171,352084,-0.0023079989088139,-0.0048029621541535,0.4578168846070824,0.9015809449945712,0.003018395666315,0.0030108474588131,-0.019807773145044894,0
primary_development_2022_2023_partial,s4_reclaim_volume_proxy,40,5m,352865,0.0001416089622757,0.0,0.3724653904467714,1.0824290495953015,352865,-0.0028750710961871,-0.0030162529300138,0.1813413061652473,0.2563674764960438,0.0030166800584628,0.0030162529300138,-0.1911240842815241,0
primary_development_2022_2023_partial,s4_reclaim_volume_proxy,40,60m,352763,0.0002921775478049,-0.0005143829383136,0.4261302914421297,1.064853500120278,352763,-0.0027249566635941,-0.0035290843592824,0.328815663774262,0.5702128728884952,0.003017134211399,0.0030147014209688,-0.09731462766786769,0
primary_development_2022_2023_partial,s4_reclaim_volume_proxy,60,15m,280885,0.0002345406862296,0.0,0.3953041280239244,1.0893897832453092,280885,-0.0027824196778172,-0.0030162529300139,0.2435124695159941,0.3996690851057221,0.0030169603640468,0.0030162529300139,-0.1517916585079303,0
primary_development_2022_2023_partial,s4_reclaim_volume_proxy,60,1d,280490,0.0009700264646295,0.0,0.4757424507112553,1.0931942084653856,280490,-0.0020491523105505,-0.0030162529300139,0.4334343470355449,0.8293483330532984,0.00301917877518,0.0030162529300139,-0.04230810367571042,0
primary_development_2022_2023_partial,s4_reclaim_volume_proxy,60,2d,280409,0.0010279935619143,0.0,0.4805872850015513,1.0734160693565598,280409,-0.0019913600566928,-0.0030162529300139,0.449140362827156,0.872041310621635,0.0030193536186071002,0.0030162529300139,-0.031446922174395264,0
primary_development_2022_2023_partial,s4_reclaim_volume_proxy,60,30m,280875,0.0003236062872922,0.0,0.4127886070315977,1.0960569003274296,280875,-0.0026936227211346,-0.0030162529300139,0.2860382732532265,0.4904959950658176,0.0030172290084268002,0.0030162529300139,-0.1267503337783712,0
primary_development_2022_2023_partial,s4_reclaim_volume_proxy,60,3d,280329,0.0008740932902272,-0.0010737294201862,0.4787981264870919,1.0512009384972492,280329,-0.0021447961262344,-0.0040867437106903,0.4527073545726628,0.884829951285482,0.0030188894164616,0.0030130142905041004,-0.0260907719144291,0
primary_development_2022_2023_partial,s4_reclaim_volume_proxy,60,5d,280257,0.0003992969446212,-0.0020283975659228,0.4762378816586204,1.017942941895492,280257,-0.0026181603659717,-0.0050385323358351,0.4568735125260029,0.8899424476697737,0.0030174573105929,0.0030101347699123004,-0.01936436913261752,0
primary_development_2022_2023_partial,s4_reclaim_volume_proxy,60,5m,280893,0.00013179806589,0.0,0.3698418970924871,1.075040767824291,280893,-0.0028848524004277,-0.0030162529300138,0.18192692591129,0.2620815972291638,0.0030166504663177,0.0030162529300138,-0.1879149711811971,0
primary_development_2022_2023_partial,s4_reclaim_volume_proxy,60,60m,280827,0.0003954270883097,-0.0004096681687832,0.4259775591378322,1.0871428539038734,280827,-0.0026220185498183,-0.0034246854359826,0.3300893432611537,0.5884324837827738,0.003017445638128,0.0030150172671994002,-0.0958882158766785,0
primary_development_2022_2023_partial,s4_reclaim_volume_proxy,120,15m,183072,0.000212223429835,0.0,0.3960135902814193,1.0769427188148228,183072,-0.0028046696197217,-0.0030162529300139,0.2489566946338053,0.4107117930480715,0.0030168930495567,0.0030162529300139,-0.147056895647614,0
primary_development_2022_2023_partial,s4_reclaim_volume_proxy,120,1d,182764,0.0008155739498846,-0.0005613258317641,0.471569893414458,1.0757056003491443,182764,-0.0022031389574453,-0.0035758856610933,0.431118819898886,0.8220642904110169,0.0030187129073299002,0.0030145598293292,-0.04045107351557198,0
primary_development_2022_2023_partial,s4_reclaim_volume_proxy,120,2d,182712,0.000779894702071,-0.0010126584874625,0.475518849336661,1.053822224886093,182712,-0.0022387105876231,-0.0040258569833463,0.4451650685231402,0.8606377689130633,0.0030186052896941,0.0030131984958837997,-0.030353780813520803,0
primary_development_2022_2023_partial,s4_reclaim_volume_proxy,120,30m,183063,0.0002992508723992,0.0,0.41040516106477,1.084670353058418,183063,-0.0027179046739359,-0.0030162529300139,0.2895287414715152,0.5014519367751307,0.0030171555463351,0.0030162529300139,-0.12087641959325479,0
primary_development_2022_2023_partial,s4_reclaim_volume_proxy,120,3d,182674,0.0007127341992284,-0.0015432098765432,0.4746269310356154,1.0409254365230978,182674,-0.0023056685174022,-0.0045548080952453,0.4489254081040542,0.8785063794726582,0.0030184027166306,0.0030115982187020997,-0.025701522931561194,0
primary_development_2022_2023_partial,s4_reclaim_volume_proxy,120,5d,182684,0.0002775817388859,-0.0020746887966806,0.4766591491318342,1.012341887571035,182684,-0.0027395084478612,-0.0050846839405325,0.4570460467254932,0.8859704361219786,0.0030170901867470996,0.0030099951438519006,-0.01961310240634101,0
primary_development_2022_2023_partial,s4_reclaim_volume_proxy,120,5m,183080,0.0001385127500004,0.0,0.374257155341927,1.0752260556468003,183080,-0.0028781579695027,-0.0030162529300138,0.1889501857111645,0.275811259592479,0.0030166707195031,0.0030162529300138,-0.18530696963076249,0
primary_development_2022_2023_partial,s4_reclaim_volume_proxy,120,60m,183027,0.0003659843810282,-0.0006589062156819,0.4255984089779103,1.07726222284007,183027,-0.0026513724504476,-0.0036731717178922,0.3346446152753419,0.5961245348255667,0.0030173568314758002,0.0030142655022102997,-0.0909537937025684,0
primary_development_2022_2023_partial,s4_reclaim_volume_proxy,240,15m,138633,0.0001253874076414,0.0,0.3893084619102234,1.0456154417365624,138633,-0.002891243722509,-0.0030162529300139,0.2424386690037725,0.3936330628786985,0.0030166311301504,0.0030162529300139,-0.14686979290645089,0
primary_development_2022_2023_partial,s4_reclaim_volume_proxy,240,1d,138409,0.0008532671612495,-0.0006357279084551,0.4677441495856483,1.0818291335128465,138409,-0.0021655594383396,-0.0036500633223023,0.4253769624807635,0.8202924126271858,0.0030188265995891,0.0030143354138472004,-0.042367187104884796,0
primary_development_2022_2023_partial,s4_reclaim_volume_proxy,240,2d,138378,0.0010508140924567,-0.0008016095162454,0.4748153608232522,1.0760921039700668,138378,-0.0019686083586425,-0.0038154445892071,0.4438277760915752,0.8720664078490927,0.0030194224510992,0.0030138350729617003,-0.03098758473167701,0
primary_development_2022_2023_partial,s4_reclaim_volume_proxy,240,30m,138619,0.0001868746462599,0.0,0.4067984908273757,1.0532833813163769,138619,-0.0028299419449539,-0.0030162529300139,0.2835542025263492,0.4794830100066066,0.0030168165912138,0.0030162529300139,-0.12324428830102646,0
primary_development_2022_2023_partial,s4_reclaim_volume_proxy,240,3d,138357,0.0013381701275057,-0.0011764705882352,0.4759137593327406,1.0814775286051206,138357,-0.0016821190620761,-0.0041891749853901,0.4492869894548161,0.9064760539494656,0.0030202891895818,0.0030127043971549,-0.026626769877924505,0
primary_development_2022_2023_partial,s4_reclaim_volume_proxy,240,5d,138309,0.0016528611313227,-0.0014888337468981,0.4794337317166634,1.079166136987783,138309,-0.0013683772459214,-0.0045005959777605,0.4586614030901821,0.9389386181834432,0.0030212383772441,0.0030117622308624,-0.020772328626481318,0
primary_development_2022_2023_partial,s4_reclaim_volume_proxy,240,5m,138636,4.790235737440656e-05,0.0,0.3658212874000981,1.0257292797671032,138636,-0.0029684950582665,-0.0030162529300138,0.1833073660521076,0.2605025446395552,0.0030163974156409063,0.0030162529300138,-0.18251392134799052,0
primary_development_2022_2023_partial,s4_reclaim_volume_proxy,240,60m,138590,0.0002416977015162,-0.0005819028714883,0.4229093008153546,1.0516373910705776,138590,-0.0027752842498984,-0.0035964006352611,0.3292589652933112,0.5743118792750844,0.0030169819514146,0.0030144977637728,-0.09365033552204338,0
primary_development_2022_2023_partial,s4_reclaim_vwap_support,10,15m,902251,6.040235282089803e-05,0.0,0.3911849363425477,1.0231481989682345,902251,-0.0029560327659663,-0.0030162529300139,0.2362890149193517,0.3626142554196327,0.003016435118787198,0.0030162529300139,-0.154895921423196,0
primary_development_2022_2023_partial,s4_reclaim_vwap_support,10,1d,900678,0.0004334319080104,-0.0008326394671107,0.466944901507531,1.0414148114649813,900678,-0.0025841283622652,-0.0038463809458921,0.4231589979992849,0.7863127852366749,0.0030175602702756,0.0030137414787814,-0.04378590350824607,0
primary_development_2022_2023_partial,s4_reclaim_vwap_support,10,2d,900534,0.0004037748973187,-0.0014947683109119,0.4670650969313762,1.0289219841374757,900534,-0.0026136959199115,-0.0045065126416283,0.4342068150675044,0.8320738711001315,0.0030174708172301997,0.0030117443307164,-0.0328582818638718,0
primary_development_2022_2023_partial,s4_reclaim_vwap_support,10,30m,902191,0.0001133849437956,0.0,0.4070413027840003,1.033926309321333,902191,-0.0029032099838863,-0.0030162529300139,0.2777660162870168,0.4503618461763159,0.0030165949276819,0.0030162529300139,-0.1292752864969835,0
primary_development_2022_2023_partial,s4_reclaim_vwap_support,10,3d,900515,0.0004921509529004,-0.0018382352941178,0.4680799320388888,1.0293286754773132,900515,-0.0025255864288661,-0.0048489436415397,0.440490163961733,0.862491988565823,0.0030177373817665,0.0030107083474219002,-0.027589768077155796,0
primary_development_2022_2023_partial,s4_reclaim_vwap_support,10,5d,900282,0.0005334066727813,-0.0020725388601035,0.473568281938326,1.0248064563973056,900282,-0.0024844551466717,-0.0050825404887079,0.4527414743380407,0.8922143611639352,0.003017861819453,0.0030100016286043994,-0.020826807600285324,0
primary_development_2022_2023_partial,s4_reclaim_vwap_support,10,5m,902289,-6.0251488265391085e-06,0.0,0.3642735309861918,0.9965947406964288,902289,-0.0030222599054676,-0.0030162529300138,0.1746070272385012,0.2332670570553488,0.003016234756641061,0.0030162529300138,-0.18966650374769062,0
primary_development_2022_2023_partial,s4_reclaim_vwap_support,10,60m,902000,0.0001440645055842,-0.0007132667617688,0.4210210643015521,1.0320816262554215,902000,-0.0028726229594153,-0.0037273682988226,0.3227560975609756,0.5471164863963448,0.0030166874649995,0.0030141015370538,-0.0982649667405765,0
primary_development_2022_2023_partial,s4_reclaim_vwap_support,20,15m,597508,0.0001556689799423,0.0,0.3947177276287514,1.0589422270916036,597508,-0.0028610534870834,-0.0030162529300139,0.2431733131606606,0.385200367808148,0.0030167224670257,0.0030162529300139,-0.1515444144680908,0
primary_development_2022_2023_partial,s4_reclaim_vwap_support,20,1d,596556,0.0008004206176301,-0.000506200994209,0.4697882512287195,1.0769144144245446,596556,-0.0022182465834167,-0.0035209270939908,0.4259801259227968,0.8155474537243748,0.0030186672010468,0.0030147260997818,-0.04380812530592265,0
primary_development_2022_2023_partial,s4_reclaim_vwap_support,20,2d,596412,0.000868359642187,-0.0010091280237736,0.4734210579263999,1.06241022388734,596412,-0.0021505124801415,-0.004022337168429,0.4407322454947251,0.8612415649227454,0.0030188721223285003,0.0030132091446554,-0.03268881243167476,0
primary_development_2022_2023_partial,s4_reclaim_vwap_support,20,30m,597469,0.000207972133265,0.0,0.4089902572351034,1.0617905345350087,597469,-0.0028089080933013,-0.0030162529300139,0.2822589958642206,0.4696287852784276,0.0030168802265663,0.0030162529300139,-0.1267312613708828,0
primary_development_2022_2023_partial,s4_reclaim_vwap_support,20,3d,596400,0.0010902586450922,-0.001086956521739,0.4772048960429242,1.0651718152007907,596400,-0.0019292827807541,-0.0040999309159593,0.4503990610328638,0.8944995734744494,0.0030195414258462998,0.0030129743942202995,-0.026805835010060397,0
primary_development_2022_2023_partial,s4_reclaim_vwap_support,20,5d,596234,0.0008618340252247,-0.0014882059759458,0.4794594068771656,1.0399898285361078,596234,-0.0021570184141925,-0.0044999701003243,0.4577900622909797,0.9065485729324424,0.0030188524394172,0.0030117641243785,-0.021669344586185912,0
primary_development_2022_2023_partial,s4_reclaim_vwap_support,20,5m,597538,6.488425762258765e-05,0.0,0.3689288379985875,1.0360732167253528,597538,-0.0029515643797161,-0.0030162529300138,0.1818813196817608,0.2533138891739395,0.0030164486373386876,0.0030162529300138,-0.1870475183168267,0
primary_development_2022_2023_partial,s4_reclaim_vwap_support,20,60m,597367,0.0002746815812536,-0.0006587615283266,0.4227183624137255,1.061783424431493,597367,-0.0027423998578819,-0.0036730274669506,0.3249677334034186,0.5641784579992494,0.0030170814391355,0.003014265938624,-0.0977506290103069,0
primary_development_2022_2023_partial,s4_reclaim_vwap_support,40,15m,394544,0.0002671751708393,0.0,0.4002012449815483,1.0987475540890586,394544,-0.0027498836270668,-0.0030162529300139,0.2512495437771199,0.4144795657556654,0.0030170587979060997,0.0030162529300139,-0.1489517012044284,0
primary_development_2022_2023_partial,s4_reclaim_vwap_support,40,1d,393941,0.0009926974492426,0.0,0.4755356766622413,1.0954158884713563,393941,-0.0020265497073613,-0.0030162529300139,0.4326815436829373,0.8311882692263928,0.0030192471566039,0.0030162529300139,-0.04285413297930396,0
primary_development_2022_2023_partial,s4_reclaim_vwap_support,40,2d,393855,0.0009788595894895,-0.0006934812760054,0.4766982772847875,1.0699434625372983,393855,-0.0020403458286292,-0.0037076424910886,0.4450597301037183,0.8689403250283504,0.0030192054181187,0.0030141612150832,-0.031638547181069177,0
primary_development_2022_2023_partial,s4_reclaim_vwap_support,40,30m,394520,0.0003526802946407,0.0,0.4144454020075028,1.1031276756892945,394520,-0.0026646364083457,-0.0030162529300139,0.2898382844976173,0.5000133534151705,0.0030173167029864,0.0030162529300139,-0.12460711750988551,0
primary_development_2022_2023_partial,s4_reclaim_vwap_support,40,3d,393817,0.0009711669696402,-0.0012077294685989,0.477422254498917,1.0572052949326207,393817,-0.0020480152455914,-0.0042203395810646,0.4514127119956731,0.8894899924017784,0.0030191822152316,0.0030126101124657,-0.026009542503243888,0
primary_development_2022_2023_partial,s4_reclaim_vwap_support,40,5d,393648,0.0007865669000818,-0.0017439326047729,0.4782826281347803,1.0358751062861395,393648,-0.0022320585146489,-0.0047549253929577,0.4583180912896801,0.9048395304772532,0.0030186254147307003,0.0030109927881848,-0.01996453684510019,0
primary_development_2022_2023_partial,s4_reclaim_vwap_support,40,5m,394557,0.0001503375963654,0.0,0.3739130214392344,1.0814886788798146,394557,-0.0028663687898635,-0.0030162529300138,0.1912879507903801,0.2790131965671646,0.0030167063862289,0.0030162529300138,-0.18262507064885428,0
primary_development_2022_2023_partial,s4_reclaim_vwap_support,40,60m,394459,0.0003909086363163,-0.0003548616039743,0.427649007881681,1.087026330782975,394459,-0.0026265233730176,-0.0033700441816354,0.3309976448756398,0.5845234856513319,0.0030174320093339,0.0030151825776611,-0.09665136300604116,0
primary_development_2022_2023_partial,s4_reclaim_vwap_support,60,15m,313359,0.0002815357884547,0.0,0.3984854432136942,1.1023214871577645,313359,-0.0027355663247069,-0.0030162529300139,0.2522761433371947,0.4233469850207115,0.0030171021131615997,0.0030162529300139,-0.1462092998764995,0
primary_development_2022_2023_partial,s4_reclaim_vwap_support,60,1d,312917,0.001074778255751,0.0,0.4768612763128881,1.1022087765709483,312917,-0.001944716477326,-0.0030162529300139,0.4344314946135876,0.8394306080168472,0.0030194947330770003,0.0030162529300139,-0.042429781699300506,0
primary_development_2022_2023_partial,s4_reclaim_vwap_support,60,2d,312825,0.0011060827993452,0.0,0.480067130184608,1.078469594389351,312825,-0.0019135063561531,-0.0030162529300139,0.448989051386558,0.8777889696289475,0.0030195891554983,0.0030162529300139,-0.031078078798050024,0
primary_development_2022_2023_partial,s4_reclaim_vwap_support,60,30m,313346,0.0004120140553229,0.0,0.4154576729876877,1.1186810410009156,313346,-0.0026054816132933,-0.0030162529300139,0.2925328550547956,0.5153883947310152,0.0030174956686162,0.0030162529300139,-0.12292481793289212,0
primary_development_2022_2023_partial,s4_reclaim_vwap_support,60,3d,312738,0.0009126162835109,-0.001131221719457,0.4779687789779304,1.0532222799863598,312738,-0.0021063893280421,-0.004144062598645,0.4521932096515293,0.8873598846371172,0.003019005611553,0.0030128408791880003,-0.02577556932640107,0
primary_development_2022_2023_partial,s4_reclaim_vwap_support,60,5d,312628,0.0004938359298966,-0.0019393626042647,0.4771709507785611,1.0221783937690527,312628,-0.0025239065341876,-0.0049497659261409,0.4575277966145067,0.8939497863354782,0.0030177424640842002,0.0030104033218762,-0.019643154164054377,0
primary_development_2022_2023_partial,s4_reclaim_vwap_support,60,5m,313367,0.0001565531274387,0.0,0.3735460338835933,1.0833513068510756,313367,-0.0028601720064059,-0.0030162529300138,0.1928952314698101,0.2863341259609606,0.0030167251338446,0.0030162529300138,-0.1806508024137832,0
primary_development_2022_2023_partial,s4_reclaim_vwap_support,60,60m,313306,0.0004960419568388,0.0,0.4285586615002585,1.1094547591869155,313306,-0.0025217071611812,-0.003016252930014,0.333396104766586,0.6033334862898622,0.00301774911802,0.003016252930014,-0.09516255673367252,0
primary_development_2022_2023_partial,s4_reclaim_vwap_support,120,15m,203923,0.0002560876226768,0.0,0.3998911353795305,1.0884887510932706,203923,-0.0027609377323801,-0.0030162529300139,0.257538384586339,0.4339178547527921,0.0030170253550569,0.0030162529300139,-0.14235275079319154,0
primary_development_2022_2023_partial,s4_reclaim_vwap_support,120,1d,203599,0.0008216241222643,-0.0005170630816959,0.4719718662665337,1.075124168527546,203599,-0.0021971070339158,-0.0035317564186745,0.4317506471053394,0.8248375023381612,0.0030187311561801003,0.0030146933369786,-0.04022121916119431,0
primary_development_2022_2023_partial,s4_reclaim_vwap_support,120,2d,203522,0.0007359041643984,-0.0010764262648008,0.4749167166203162,1.050377662081478,203522,-0.0022825684387075,-0.0040894324209396,0.444512141193581,0.8589527134925997,0.0030184726031058998,0.0030130061561387997,-0.030404575426735192,0
primary_development_2022_2023_partial,s4_reclaim_vwap_support,120,30m,203913,0.0003623791915662,0.0,0.4140540328473417,1.0993378656954391,203913,-0.0026549667657466,-0.0030162529300139,0.296268506667059,0.5216398802623499,0.0030173459573128,0.0030162529300139,-0.1177855261802827,0
primary_development_2022_2023_partial,s4_reclaim_vwap_support,120,3d,203497,0.0007177899837729,-0.0015360983102917,0.4750782566819166,1.0410277804771282,203497,-0.0023006279823827,-0.0045477179792764,0.4493678039479697,0.8792703979574438,0.0030184179661555998,0.0030116196689847,-0.025710452733946898,0
primary_development_2022_2023_partial,s4_reclaim_vwap_support,120,5d,203470,0.0004720460999382,-0.0018587360594796,0.4782867253157714,1.0209990641503948,203470,-0.0025456306405077,-0.0048693825714078,0.4587064432103013,0.8939679600449882,0.0030176767404459,0.0030106465119282,-0.01958028210547008,0
primary_development_2022_2023_partial,s4_reclaim_vwap_support,120,5m,203926,0.0001488949818656,0.0,0.3772103606210096,1.0750751254148472,203926,-0.0028678070530748,-0.0030162529300138,0.1993370144071869,0.2998825795092676,0.0030167020349404,0.0030162529300138,-0.1778733462138227,0
primary_development_2022_2023_partial,s4_reclaim_vwap_support,120,60m,203878,0.0003979899697152,-0.0006624710895772,0.4258772403103817,1.0835567806941675,203878,-0.0026194633987114,-0.003676725839226,0.3359656265021238,0.6023994410158305,0.0030174533684266002,0.0030142547496487997,-0.0899116138082579,0
primary_development_2022_2023_partial,s4_reclaim_vwap_support,240,15m,154742,0.0001178189242678,0.0,0.3906890178490649,1.0407159505956145,154742,-0.0028987893774224,-0.0030162529300139,0.2498222848354034,0.4085439953038619,0.0030166083016901998,0.0030162529300139,-0.1408667330136615,0
primary_development_2022_2023_partial,s4_reclaim_vwap_support,240,1d,154500,0.0008449719600024,-0.0008669269075773,0.4663106796116504,1.0798527549554582,154500,-0.0021738296191616,-0.0038805649667661,0.424925566343042,0.8219230057126587,0.003018801579164,0.0030136380591888,-0.04138511326860839,0
primary_development_2022_2023_partial,s4_reclaim_vwap_support,240,2d,154456,0.0010350525194326,-0.0009451795841208,0.4736429792303309,1.0743965918817666,154456,-0.0019843223907757,-0.0039585816134448,0.4430452685554462,0.8719245672810244,0.0030193749102083002,0.0030134020293240004,-0.030597710674884704,0
primary_development_2022_2023_partial,s4_reclaim_vwap_support,240,30m,154730,0.0001988850009759,0.0,0.406508110902863,1.054802956195197,154730,-0.0028179678165056,-0.0030162529300139,0.2884637756091255,0.4925575758010044,0.0030168528174815,0.0030162529300139,-0.11804433529373748,0
primary_development_2022_2023_partial,s4_reclaim_vwap_support,240,3d,154424,0.0013631987533039,-0.0013010958378474,0.4752499611459359,1.0825948421592475,154424,-0.0016571659289437,-0.0043134243337282,0.4493666787545977,0.9082810743453162,0.0030203646822475998,0.0030123284958808003,-0.02588328239133819,0
primary_development_2022_2023_partial,s4_reclaim_vwap_support,240,5d,154380,0.0017227044025662,-0.0015455950540957,0.4790516906335017,1.0824269564074092,154380,-0.0012987446396495,-0.004557186078499,0.4588936390724187,0.9421018058722568,0.0030214490422157,0.0030115910244033002,-0.020158051561083024,0
primary_development_2022_2023_partial,s4_reclaim_vwap_support,240,5m,154744,2.343177819971566e-05,0.0,0.3670190766685622,1.011727862368002,154744,-0.002992891827985,-0.0030162529300138,0.1914775370935222,0.2765092116028131,0.0030163236061847157,0.0030162529300138,-0.17554153957504,0
primary_development_2022_2023_partial,s4_reclaim_vwap_support,240,60m,154706,0.0002362338072784,-0.0006770480704129,0.4206947371142683,1.04996323588782,154706,-0.0027807316636492,-0.0036912588522006,0.3286621074812871,0.5768263543940273,0.0030169654709276002,0.0030142107817877,-0.0920326296329812,0
supplemental_2023_09_legacy,cs_r3_leader_confirmation,10,15m,11475,0.000115954073817,0.0,0.390239651416122,1.0467111921879582,11475,-0.0024014449705545,-0.0025171071755405,0.2698039215686274,0.418669838821945,0.0025173990443715,0.0025171071755405,-0.12043572984749457,0
supplemental_2023_09_legacy,cs_r3_leader_confirmation,10,1d,11466,0.0020295938773542,-0.0003104975765714,0.4699110413396127,1.250776752743431,11466,-0.0004926220034982,-0.0028268231964339,0.4363335077620792,0.947810951621386,0.0025222158808523997,0.0025163256198625,-0.033577533577533514,0
supplemental_2023_09_legacy,cs_r3_leader_confirmation,10,2d,11466,0.0008766612523824,-0.0023584905660377,0.4401709401709401,1.085189962641578,11466,-0.0016426525734868,-0.004869661168051,0.409297052154195,0.8596243978188838,0.0025193138258692,0.0025111706020133,-0.03087388801674512,0
supplemental_2023_09_legacy,cs_r3_leader_confirmation,10,30m,11475,0.0008019383892011,0.0,0.4158605664488017,1.2852959648415574,11475,-0.001717187351213,-0.0025171071755405,0.3193028322440087,0.6071467210564837,0.0025191257404141004,0.0025171071755405,-0.09655773420479302,0
supplemental_2023_09_legacy,cs_r3_leader_confirmation,10,3d,11463,-0.0022891359991292,-0.0059276822762299,0.388467242432173,0.8307847970309324,11463,-0.0048004811740204,-0.0084298688401786,0.3611619994765768,0.6812255239966547,0.0025113451748912004,0.0025021865639487002,-0.02730524295559622,0
supplemental_2023_09_legacy,cs_r3_leader_confirmation,10,5d,11464,-0.0021980287224617,-0.0073647875017267,0.3936671318911375,0.8692224154569718,11464,-0.0047096032241328,-0.0098633567178002,0.3721214235868806,0.7428255577553149,0.0025115745016710996,0.0024985692160734993,-0.021545708304256894,0
supplemental_2023_09_legacy,cs_r3_leader_confirmation,10,5m,11475,-0.0002001597691347,0.0,0.3539869281045751,0.8933617646619245,11475,-0.0027167631210839,-0.0025171071755405,0.1992156862745098,0.258330161971903,0.0025166033519492,0.0025171071755405,-0.1547712418300653,0
supplemental_2023_09_legacy,cs_r3_leader_confirmation,10,60m,11475,0.0006298849860958,-0.0003419334783961,0.4171677559912854,1.1747367043493375,11475,-0.0018888076774628,-0.0028581799707243,0.3346405228758169,0.632758927962272,0.0025186926635586,0.0025162464923282,-0.0825272331154685,0
supplemental_2023_09_legacy,cs_r3_leader_confirmation,20,15m,9403,0.0001091738650429,0.0,0.3885993831755822,1.0453242403829142,9403,-0.0024082081128165,-0.0025171071755405,0.2691694140168031,0.4077247861493537,0.0025173819778593997,0.0025171071755405,-0.11942996915877907,0
supplemental_2023_09_legacy,cs_r3_leader_confirmation,20,1d,9396,0.0012730592711999,-0.0018630651456696,0.4438058748403576,1.1557380787402602,9396,-0.0012472523309668,-0.0043754827865633,0.4071945508727118,0.8699334670865863,0.0025203116021667,0.0025124176408936995,-0.036611323967645826,0
supplemental_2023_09_legacy,cs_r3_leader_confirmation,20,2d,9397,-0.0005383881812311,-0.0039254170755642,0.4043843779929765,0.951111159805828,9397,-0.0030541401760173,-0.0064326435556167,0.3697988719804193,0.7559804238085804,0.0025157519947862,0.0025072264800525,-0.03458550601255722,0
supplemental_2023_09_legacy,cs_r3_leader_confirmation,20,30m,9403,0.0005659689088704,0.0,0.4081676060831649,1.2037885284149816,9403,-0.0019525628710716,-0.0025171071755405,0.3056471338934383,0.5521377512122789,0.002518531779942,0.0025171071755405,-0.1025204721897266,0
supplemental_2023_09_legacy,cs_r3_leader_confirmation,20,3d,9393,-0.0038676090106067,-0.0074766355140185,0.3595230490791014,0.7325237102865045,9393,-0.0063749809997543,-0.0099749231966579,0.3330139465559459,0.6030126985992985,0.0025073719891475998,0.0024982876826394,-0.02650910252315547,0
supplemental_2023_09_legacy,cs_r3_leader_confirmation,20,5d,9394,-0.0020070412327735,-0.0077299670166828,0.3859910581222057,0.8789990183636555,9394,-0.0045190964704253,-0.0102276170367789,0.3621460506706408,0.7505031534391229,0.0025120552376517997,0.0024976500200961007,-0.02384500745156487,0
supplemental_2023_09_legacy,cs_r3_leader_confirmation,20,5m,9403,-0.0001097663030398,0.0,0.3606295863022439,0.9387636116553386,9403,-0.0026265971850311,-0.0025171071755404,0.2002552376900989,0.2632477206201072,0.0025168308819912997,0.0025171071755404,-0.160374348612145,0
supplemental_2023_09_legacy,cs_r3_leader_confirmation,20,60m,9402,0.0003052368798424,-0.0006642347424551,0.4087428206764518,1.084297942588573,9402,-0.0022126386096384,-0.003179669967959,0.3221654967028292,0.5730683687442717,0.0025178754894808,0.0025154352255038997,-0.08657732397362261,0
supplemental_2023_09_legacy,cs_r3_leader_confirmation,40,15m,6966,-7.590138685106746e-05,0.0,0.377404536319265,0.9700761040854092,6966,-0.0025928175104659,-0.0025171071755405,0.256244616709733,0.3854359743899255,0.0025169161236148325,0.0025171071755405,-0.12115991960953204,0
supplemental_2023_09_legacy,cs_r3_leader_confirmation,40,1d,6962,0.0005332158902336,-0.0019249723945247,0.4432634300488365,1.0616943806877928,6962,-0.0019852334468501,-0.0044372342082381,0.405343292157426,0.8025998741499198,0.0025184493370837002,0.0025122618137134005,-0.03792013789141052,0
supplemental_2023_09_legacy,cs_r3_leader_confirmation,40,2d,6957,-0.0013932196511306,-0.004665629860031,0.3968664654305016,0.8806778582097828,6957,-0.00390681994349,-0.0071709931451725,0.3661060802069857,0.70392543520594,0.0025136002923594,0.0025053632851415007,-0.030760385223515874,0
supplemental_2023_09_legacy,cs_r3_leader_confirmation,40,30m,6966,0.0003180091639024,0.0,0.4012345679012346,1.1069361491288856,6966,-0.0021998984747863,-0.0025171071755405,0.2965834051105369,0.5188265907663087,0.0025179076386887002,0.0025171071755405,-0.1046511627906977,0
supplemental_2023_09_legacy,cs_r3_leader_confirmation,40,3d,6954,-0.0048105719905392,-0.0080851638713782,0.3551912568306011,0.681490696751172,6954,-0.0073155704408038,-0.0105819198229226,0.3291630716134598,0.5622391277536596,0.0025049984502646004,0.0024967559515444004,-0.026028185217141286,0
supplemental_2023_09_legacy,cs_r3_leader_confirmation,40,5d,6952,-0.0032156644685888,-0.0089150080290164,0.3810414269275028,0.8126475005038137,6952,-0.0057246774720212,-0.0114096751738769,0.3557249712313003,0.6939135108325849,0.0025090130034324,0.0024946671448604994,-0.0253164556962025,0
supplemental_2023_09_legacy,cs_r3_leader_confirmation,40,5m,6966,-0.0002038852358317,0.0,0.3482629916738444,0.8917413690546627,6966,-0.0027204792103819,-0.0025171071755405,0.1890611541774332,0.2629823412212648,0.0025165939745501998,0.0025171071755405,-0.1592018374964112,0
supplemental_2023_09_legacy,cs_r3_leader_confirmation,40,60m,6966,0.0001602379132801,-0.0006682653234377,0.4108527131782946,1.0412940811612856,6966,-0.0023572725982615,-0.0031836904035372,0.3245765144989951,0.5662624182360321,0.0025175105115416,0.0025154250800995,-0.08627619867929948,0
supplemental_2023_09_legacy,cs_r3_leader_confirmation,60,15m,5834,-8.660938139871571e-05,0.0,0.37829962290024,0.9670449873128386,5834,-0.0026034985518437,-0.0025171071755405,0.2552279739458347,0.3964414098070125,0.0025168891704449845,0.0025171071755405,-0.12307164895440531,0
supplemental_2023_09_legacy,cs_r3_leader_confirmation,60,1d,5825,0.0004278311991023,-0.0021680216802169,0.4439484978540772,1.0473108634276609,5825,-0.0020903528734192,-0.0046796717128293,0.4072103004291845,0.8000466896307882,0.0025181840725215,0.0025116500326123996,-0.036738197424892705,0
supplemental_2023_09_legacy,cs_r3_leader_confirmation,60,2d,5826,-0.0018292163454938,-0.0044742729306486,0.4035358736697562,0.8487326921503432,5826,-0.0043417191874454,-0.0069801178816899,0.3741846893237212,0.6805270020165008,0.0025125028419516002,0.0025058449510412997,-0.02935118434603501,0
supplemental_2023_09_legacy,cs_r3_leader_confirmation,60,30m,5834,0.0002680226729465,0.0,0.3995543366472403,1.085352450948808,5834,-0.0022497591443871,-0.0025171071755405,0.2985944463489887,0.5254107474315184,0.0025177818173336,0.0025171071755405,-0.10095989029825164,0
supplemental_2023_09_legacy,cs_r3_leader_confirmation,60,3d,5827,-0.0050103812696293,-0.0084317032040471,0.3576454436245066,0.6773109979413214,5827,-0.0075148767785237,-0.0109275868789506,0.3353355071220182,0.5611500252001356,0.0025044955088943995,0.0024958836749034985,-0.022309936502488414,0
supplemental_2023_09_legacy,cs_r3_leader_confirmation,60,5d,5825,-0.0039341710499003,-0.0094043887147334,0.3713304721030043,0.7766284183114822,5825,-0.0064413754952611,-0.0118978240359585,0.3484978540772532,0.6640458640354262,0.0025072044453608,0.002493435321225099,-0.022832618025751095,0
supplemental_2023_09_legacy,cs_r3_leader_confirmation,60,5m,5834,-0.0001840748454079,0.0,0.3561878642440864,0.9075553906197324,5834,-0.0027007186848341,-0.0025171071755405,0.1986630099417209,0.2833688941178089,0.0025166438394262,0.0025171071755405,-0.15752485430236549,0
supplemental_2023_09_legacy,cs_r3_leader_confirmation,60,60m,5834,0.0001693717809428,-0.0010172079474146,0.4101816935207404,1.041944344390055,5834,-0.0023481617215226,-0.0035317547015316,0.3280767912238601,0.5800665407770524,0.0025175335024654,0.002514546754117,-0.08210490229688033,0
supplemental_2023_09_legacy,cs_r3_leader_confirmation,120,15m,4477,0.0002285915692263,0.0,0.3906633906633907,1.0860574860947516,4477,-0.0022890909957932,-0.0025171071755405,0.2731740004467277,0.4687919875804843,0.0025176825650195,0.0025171071755405,-0.11748939021666299,0
supplemental_2023_09_legacy,cs_r3_leader_confirmation,120,1d,4474,0.0001109472377307,-0.0025395800831675,0.4347340187751453,1.0118613260309066,4474,-0.0024064392038978,-0.0050502948634578,0.3998658918194009,0.776959010944057,0.0025173864416284998,0.0025107147802903005,-0.03486812695574437,0
supplemental_2023_09_legacy,cs_r3_leader_confirmation,120,2d,4470,-0.00169253193239,-0.0046403712296982,0.4058165548098434,0.8641747635525442,4470,-0.0042053788236585,-0.0071457980935191,0.3756152125279642,0.6986512381444643,0.0025128468912685,0.0025054268638209,-0.030201342281879207,0
supplemental_2023_09_legacy,cs_r3_leader_confirmation,120,30m,4477,0.0006190776550367,0.0,0.4143399597945053,1.1985465024895097,4477,-0.0018995878053113,-0.0025171071755405,0.3149430422157694,0.5944514353318908,0.002518665460348,0.0025171071755405,-0.09939691757873587,0
supplemental_2023_09_legacy,cs_r3_leader_confirmation,120,3d,4468,-0.0048678011626609,-0.0081395848158418,0.3708594449418084,0.6930051846061352,4468,-0.0073726555609656,-0.0106362037840364,0.3448970456580125,0.5768770348101432,0.0025048543983047,0.0024966189681946,-0.0259623992837959,0
supplemental_2023_09_legacy,cs_r3_leader_confirmation,120,5d,4466,-0.0036037389738742,-0.0085076310323958,0.3851321092700403,0.8021775116302812,4466,-0.0061117751521847,-0.0110033235888177,0.3627407075682938,0.6904080616292604,0.0025080361783104996,0.0024956925564219006,-0.022391401701746527,0
supplemental_2023_09_legacy,cs_r3_leader_confirmation,120,5m,4477,-0.0001481976580941,0.0,0.3614027250390886,0.9242738874899624,4477,-0.002664931804246,-0.0025171071755405,0.2037078400714764,0.2837920372571926,0.0025167341461518997,0.0025171071755405,-0.1576948849676122,0
supplemental_2023_09_legacy,cs_r3_leader_confirmation,120,60m,4477,0.0002213845536471,-0.0007880220646176,0.4089792271610453,1.0540564125952872,4477,-0.0022962798705418,-0.0033031457041646,0.3301317846772392,0.5934471240896174,0.0025176644241889003,0.0025151236395469997,-0.0788474424838061,0
supplemental_2023_09_legacy,cs_r3_leader_confirmation,240,15m,2980,-5.076406668640183e-05,0.0,0.3859060402684564,0.9825180702953832,2980,-0.0025677434636303,-0.0025171071755405,0.2644295302013423,0.4383823479774704,0.0025169793969438982,0.0025171071755405,-0.12147651006711407,0
supplemental_2023_09_legacy,cs_r3_leader_confirmation,240,1d,2973,0.0009121403635929,-0.0014641288433381,0.451732256979482,1.0980460946519168,2973,-0.0016072627670018,-0.0039775506496609,0.41372351160444,0.8497782966327307,0.0025194031305947,0.0025134218063228003,-0.03800874537504201,0
supplemental_2023_09_legacy,cs_r3_leader_confirmation,240,2d,2975,-0.0010831303020356,-0.0036452004860269,0.413781512605042,0.9107556246749786,2975,-0.0035975111225207,-0.0061531323012676,0.3848739495798319,0.7355937697888728,0.0025143808204851,0.0025079318152406997,-0.02890756302521008,0
supplemental_2023_09_legacy,cs_r3_leader_confirmation,240,30m,2980,0.0004590188086436,0.0,0.4204697986577181,1.1408060948735217,2980,-0.0020592437664336,-0.0025171071755405,0.309731543624161,0.5730707536378326,0.0025182625750771997,0.0025171071755405,-0.11073825503355711,0
supplemental_2023_09_legacy,cs_r3_leader_confirmation,240,3d,2975,-0.0033169471926327,-0.006711409395973,0.3979831932773109,0.7874144586062353,2975,-0.0058257052565937,-0.0092116232347648,0.3704201680672269,0.6594159115683177,0.002508758063961,0.0025002138387918,-0.027563025210084025,0
supplemental_2023_09_legacy,cs_r3_leader_confirmation,240,5d,2975,-0.0026528354656243,-0.0075421472937,0.3983193277310924,0.8548310485125074,2975,-0.0051632651699786,-0.0100402700761685,0.3764705882352941,0.7387591656270985,0.0025104297043543,0.0024981227824685008,-0.021848739495798297,0
supplemental_2023_09_legacy,cs_r3_leader_confirmation,240,5m,2980,-0.0002338571048543,0.0,0.3503355704697987,0.8918682130184482,2980,-0.002750375636998,-0.0025171071755405,0.2033557046979865,0.3038368242657621,0.0025165185321437003,0.0025171071755405,-0.14697986577181218,0
supplemental_2023_09_legacy,cs_r3_leader_confirmation,240,60m,2978,0.0002991805309892,-0.0001278772378515,0.4204163868368032,1.0709672073515886,2978,-0.0022186797140125,-0.0026446625326791,0.3451981195433176,0.6133757515309015,0.0025178602450017,0.0025167852948276,-0.07521826729348563,0
supplemental_2023_09_legacy,fu_r3_core_pullback,10,15m,3486,0.0003616459758264,0.0,0.4308663224325875,1.1344494782360983,3486,-0.0021563715013947,-0.0025171071755404,0.3155479059093516,0.4906242818406017,0.0025180174772211,0.0025171071755404,-0.11531841652323588,0
supplemental_2023_09_legacy,fu_r3_core_pullback,10,1d,3483,0.0064688787493134,0.0033222591362127,0.5492391616422624,1.9472822912202132,3483,0.0039354887126554,0.0007967894783615,0.5173700832615561,1.4932762901995822,0.0025333900366580004,0.0025254696578512,-0.031869078380706295,0
supplemental_2023_09_legacy,fu_r3_core_pullback,10,2d,3482,0.0014853866206525,-0.0025970369822663,0.446869615163699,1.1293676924666003,3482,-0.0010354594322091,-0.0051076071373836,0.4167145318782309,0.9195757614875616,0.0025208460528616,0.0025105701551173002,-0.03015508328546812,0
supplemental_2023_09_legacy,fu_r3_core_pullback,10,30m,3486,0.0010161100177645,0.0,0.4515203671830178,1.346344738061762,3486,-0.0015035548155927,-0.0025171071755404,0.3580034423407917,0.6582255469655656,0.0025196648333571997,0.0025171071755404,-0.09351692484222612,0
supplemental_2023_09_legacy,fu_r3_core_pullback,10,3d,3483,-0.0025947633452366,-0.0082644628099172,0.3838644846396784,0.8388020444150941,3483,-0.0051053392233419,-0.0107607674468167,0.3640539764570772,0.7103448427546656,0.0025105758781053,0.0024963046368994997,-0.019810508182601216,0
supplemental_2023_09_legacy,fu_r3_core_pullback,10,5d,3485,0.0042540782229295,-0.0025104602510459,0.4642754662840746,1.2746599697601502,3485,0.0017262630765688,-0.0050212483290743,0.4461979913916786,1.1026438740979951,0.0025278151463607,0.0025107880780283996,-0.018077474892396028,0
supplemental_2023_09_legacy,fu_r3_core_pullback,10,5m,3486,-0.0002289186387049,0.0,0.3995983935742971,0.8919744207162884,3486,-0.0027454496014972,-0.0025171071755404,0.2389558232931727,0.2757408790444324,0.0025165309627923,0.0025171071755404,-0.1606425702811244,0
supplemental_2023_09_legacy,fu_r3_core_pullback,10,60m,3486,0.001192701761395,0.0,0.4776247848537005,1.3371030896290326,3486,-0.0013274075723072,-0.0025171071755403,0.3941480206540447,0.7303025304023121,0.0025201093337022,0.0025171071755403,-0.08347676419965583,0
supplemental_2023_09_legacy,fu_r3_core_pullback,20,15m,3488,0.0004505247185366,0.0,0.4266055045871559,1.1958851652018154,3488,-0.0020677164760055,-0.0025171071755404,0.3013188073394495,0.4659995424207753,0.0025182411945421,0.0025171071755404,-0.1252866972477064,0
supplemental_2023_09_legacy,fu_r3_core_pullback,20,1d,3487,0.0044729607060153,0.00049115913556,0.5010037281330657,1.6170676028510824,3487,0.0019445946089858,-0.0020271843401649,0.465729853742472,1.2282066225205663,0.0025283660970294997,0.0025183434757249,-0.03527387439059371,0
supplemental_2023_09_legacy,fu_r3_core_pullback,20,2d,3485,2.436964366539573e-05,-0.0051251130539644,0.3959827833572453,1.0020377057683012,3485,-0.0024927988728799,-0.007629319770661,0.3670014347202295,0.8150622782757855,0.002517168516545296,0.0025042067166965998,-0.02898134863701579,0
supplemental_2023_09_legacy,fu_r3_core_pullback,20,30m,3488,0.0008734395373311,0.0,0.4397935779816513,1.3353449472810963,3488,-0.001645866179136,-0.0025171071755404,0.3360091743119266,0.5993925238836186,0.0025193057164671,0.0025171071755404,-0.10378440366972469,0
supplemental_2023_09_legacy,fu_r3_core_pullback,20,3d,3485,-0.0045751160373072,-0.0105820105820104,0.3529411764705882,0.7288696425154251,3485,-0.0070807071554412,-0.0130724817027831,0.3296987087517934,0.6168790526702707,0.0025055911181340006,0.0024904711207727,-0.02324246771879479,0
supplemental_2023_09_legacy,fu_r3_core_pullback,20,5d,3485,0.0034848016471274,-0.0038834951456312,0.4393113342898135,1.2240339940701448,3485,0.0009589228523556,-0.0063908271476746,0.4177905308464849,1.0565914654602593,0.0025258787947718,0.0025073320020434,-0.02152080344332863,0
supplemental_2023_09_legacy,fu_r3_core_pullback,20,5m,3488,-0.0001262484510721,0.0,0.3864678899082568,0.9300175875079866,3488,-0.0026430378457305,-0.0025171071755404,0.2153096330275229,0.2498907151203563,0.0025167893946584,0.0025171071755404,-0.1711582568807339,0
supplemental_2023_09_legacy,fu_r3_core_pullback,20,60m,3488,0.0009969350883411,0.0,0.4621559633027522,1.3038212446730826,3488,-0.0015226814796637,-0.0025171071755404,0.3721330275229357,0.6769627534835031,0.0025196165680048,0.0025171071755404,-0.09002293577981652,0
supplemental_2023_09_legacy,fu_r3_core_pullback,40,15m,3025,0.0001316398193277,0.0,0.4105785123966942,1.0526560275450356,3025,-0.0023857987077464,-0.0025171071755405,0.2803305785123967,0.41988755020514,0.0025174385270741,0.0025171071755405,-0.1302479338842975,0
supplemental_2023_09_legacy,fu_r3_core_pullback,40,1d,3023,0.0026541740261478,0.0,0.4793251736685411,1.326700851233504,3023,0.000130386010121,-0.0025171071755404,0.4445914654316903,1.0137982265017418,0.0025237880160268,0.0025171071755404,-0.03473370823685079,0
supplemental_2023_09_legacy,fu_r3_core_pullback,40,2d,3024,-0.0015713024277961,-0.0058491751037992,0.3898809523809524,0.8764239145695277,3024,-0.0040844544667205,-0.0083515592787148,0.3630952380952381,0.7132832616411756,0.0025131520389244004,0.0025023841749155992,-0.0267857142857143,0
supplemental_2023_09_legacy,fu_r3_core_pullback,40,30m,3025,0.0005441164001342,0.0,0.4304132231404958,1.1918949142436848,3025,-0.0019743603747013,-0.0025171071755405,0.3226446280991735,0.5484637905594592,0.0025184767748355,0.0025171071755405,-0.1077685950413223,0
supplemental_2023_09_legacy,fu_r3_core_pullback,40,3d,3020,-0.0065704661172357,-0.0124332985124709,0.3294701986754967,0.6258258971224753,3020,-0.0090710347253658,-0.01491910974311,0.309933774834437,0.5280854578564762,0.002500568608130101,0.002485811230639101,-0.01953642384105969,0
supplemental_2023_09_legacy,fu_r3_core_pullback,40,5d,3018,0.0003431939984446,-0.0067656958775305,0.4128561961563949,1.0210064156769432,3018,-0.0021747770331718,-0.00926577307143,0.3836978131212724,0.8778429501876287,0.0025179710316164,0.0025000771938995005,-0.029158383035122526,0
supplemental_2023_09_legacy,fu_r3_core_pullback,40,5m,3025,-0.0002654907815386,0.0,0.3590082644628099,0.8616311942778049,3025,-0.0027819296883278,-0.0025171071755405,0.1890909090909091,0.248962904365943,0.0025164389067892,0.0025171071755405,-0.16991735537190084,0
supplemental_2023_09_legacy,fu_r3_core_pullback,40,60m,3025,0.0009918832822932,0.0,0.451900826446281,1.28114270939908,3025,-0.0015277205697743,-0.0025171071755404,0.3662809917355372,0.6934623914528145,0.0025196038520675,0.0025171071755404,-0.0856198347107438,0
supplemental_2023_09_legacy,fu_r3_core_pullback,60,15m,2491,0.0002669752925665,0.0,0.4098755519871537,1.1094309087125982,2491,-0.0022508038883985,-0.0025171071755404,0.2826174227217984,0.4444513308993024,0.0025177791809650003,0.0025171071755404,-0.1272581292653553,0
supplemental_2023_09_legacy,fu_r3_core_pullback,60,1d,2486,0.0032625214734433,0.0009219722558578,0.5068382944489139,1.3907071662701662,2486,0.0007372021816918,-0.0015974556226633,0.4662107803700724,1.076716821937044,0.0025253192917515004,0.0025194278785211,-0.04062751407884152,0
supplemental_2023_09_legacy,fu_r3_core_pullback,60,2d,2490,-0.0013426241948223,-0.0046087716769582,0.4028112449799196,0.8960398871005422,2490,-0.0038563518413679,-0.0071142780802402,0.3779116465863454,0.7323429010926173,0.0025137276465456,0.002505506403282,-0.024899598393574196,0
supplemental_2023_09_legacy,fu_r3_core_pullback,60,30m,2491,0.0006003869607459,0.0,0.4311521477318346,1.2063201210996843,2491,-0.0019182314531214,-0.0025171071755404,0.32557205941389,0.5678034606826131,0.0025186184138673,0.0025171071755404,-0.10558008831794458,0
supplemental_2023_09_legacy,fu_r3_core_pullback,60,3d,2490,-0.0068859367581718,-0.0123906535256207,0.3333333333333333,0.6242369110855587,2490,-0.0093857112928879,-0.0148765720982622,0.3160642570281124,0.5300935390039972,0.0024997745347160993,0.0024859185726415003,-0.0172690763052209,0
supplemental_2023_09_legacy,fu_r3_core_pullback,60,5d,2487,-0.000512568526139,-0.0077569489334196,0.397265782066747,0.9703814968911602,2487,-0.0030283855117643,-0.0102545310371393,0.3779654201849618,0.8388981187694805,0.0025158169856253,0.0024975821037196994,-0.01930036188178519,0
supplemental_2023_09_legacy,fu_r3_core_pullback,60,5m,2491,-0.0001573369318175,0.0,0.3705339221196306,0.9198231737538436,2491,-0.0026740480734379,-0.0025171071755405,0.2027298273785628,0.2797023740312241,0.0025167111416204,0.0025171071755405,-0.1678040947410678,0
supplemental_2023_09_legacy,fu_r3_core_pullback,60,60m,2491,0.0010473749115348,0.0,0.4572460859092734,1.2914731678428777,2491,-0.0014723686189108,-0.0025171071755404,0.3741469289441991,0.7073053840594595,0.0025197435304456,0.0025171071755404,-0.0830991569650743,0
supplemental_2023_09_legacy,fu_r3_core_pullback,120,15m,1897,0.0004521742642059,0.0,0.411702688455456,1.175983285673461,1897,-0.0020660710824195,-0.0025171071755404,0.3010015814443859,0.5038597937861551,0.0025182453466254,0.0025171071755404,-0.11070110701107011,0
supplemental_2023_09_legacy,fu_r3_core_pullback,120,1d,1896,0.0035249178898243,0.0004655348458888,0.5031645569620253,1.430627428192392,1896,0.0009989381181702,-0.0020527441307526,0.4609704641350211,1.1055981997769009,0.0025259797716541002,0.0025182789766414002,-0.04219409282700426,0
supplemental_2023_09_legacy,fu_r3_core_pullback,120,2d,1896,-0.0003353706176168,-0.0041317480270968,0.4198312236286919,0.974014591564558,1896,-0.0028516336293692,-0.0066384551500306,0.3887130801687763,0.8014467641069101,0.0025162630117524,0.0025067071229338,-0.031118143459915593,0
supplemental_2023_09_legacy,fu_r3_core_pullback,120,30m,1897,0.0007333814982979,0.0,0.4364786505007907,1.2443699931413594,1897,-0.0017855716770742,-0.0025171071755404,0.3373748023194517,0.6041213185449805,0.0025189531753721,0.0025171071755404,-0.099103848181339,0
supplemental_2023_09_legacy,fu_r3_core_pullback,120,3d,1894,-0.0064612165679449,-0.0120495203526056,0.3611404435058078,0.6539649710283957,1894,-0.0089620601688994,-0.0145362975940046,0.3389651531151003,0.5575665023565728,0.0025008436009545006,0.0024867772413990005,-0.022175290390707536,0
supplemental_2023_09_legacy,fu_r3_core_pullback,120,5d,1891,0.001104890092422,-0.0053333333333334,0.4304600740349021,1.0638468106414338,1891,-0.0014149982098981,-0.007837015937271,0.4093072448439979,0.9243847252809896,0.0025198883023201,0.0025036826039375997,-0.02115282919090422,0
supplemental_2023_09_legacy,fu_r3_core_pullback,120,5m,1897,-0.0004029720377631,0.0,0.3668950975224038,0.805334686349568,1897,-0.0029190648894957,-0.0025171071755405,0.2008434370057986,0.2374954803969445,0.0025160928517326,0.0025171071755405,-0.1660516605166052,0
supplemental_2023_09_legacy,fu_r3_core_pullback,120,60m,1897,0.0007928450507255,0.0,0.4433315761729046,1.2098099880128166,1897,-0.0017262578007811,-0.0025171071755404,0.3584607274644175,0.6713248095584006,0.0025191028515066,0.0025171071755404,-0.0848708487084871,0
supplemental_2023_09_legacy,fu_r3_core_pullback,240,15m,1165,0.0006231336401135,0.0,0.4206008583690987,1.2428724106928584,1165,-0.0018955420295837,-0.0025171071755404,0.2995708154506438,0.5436550024875584,0.0025186756696971998,0.0025171071755404,-0.12103004291845493,0
supplemental_2023_09_legacy,fu_r3_core_pullback,240,1d,1160,0.0040765468774551,0.0,0.4982758620689655,1.4910162846102115,1160,0.001549178596518,-0.0025171071755403,0.4594827586206896,1.161663091952715,0.0025273682809371003,0.0025171071755403,-0.03879310344827591,0
supplemental_2023_09_legacy,fu_r3_core_pullback,240,2d,1163,-0.0003904156007732,-0.004149377593361,0.4230438521066208,0.9692347797652874,1163,-0.0029065400584035,-0.0066560403407873,0.3929492691315563,0.7943818224193102,0.0025161244576302998,0.0025066627474262995,-0.03009458297506451,0
supplemental_2023_09_legacy,fu_r3_core_pullback,240,30m,1165,0.0008941339091842,0.0,0.448068669527897,1.307290873192149,1165,-0.0016252238972348,-0.0025171071755404,0.3304721030042918,0.632009082133057,0.002519357806419,0.0025171071755404,-0.11759656652360517,0
supplemental_2023_09_legacy,fu_r3_core_pullback,240,3d,1163,-0.0053420650271908,-0.0106100795755967,0.3680137575236457,0.7050658842479677,1163,-0.0078457256525191,-0.0131004800437043,0.3430782459157351,0.6013194779370257,0.002503660625328301,0.0024904004681076,-0.024935511607910577,0
supplemental_2023_09_legacy,fu_r3_core_pullback,240,5d,1165,0.0007747832834304,-0.0060080106809079,0.4240343347639485,1.0435373371210332,1165,-0.0017442741046722,-0.0085099950496526,0.4085836909871244,0.9092302571689816,0.0025190573881026003,0.002501984368744701,-0.015450643776824091,0
supplemental_2023_09_legacy,fu_r3_core_pullback,240,5m,1165,-3.4300721863433625e-05,0.0,0.3708154506437768,0.9833190656134309,1165,-0.0025513215588107,-0.0025171071755405,0.2120171673819742,0.3271943865772017,0.0025170208369472663,0.0025171071755405,-0.1587982832618026,0
supplemental_2023_09_legacy,fu_r3_core_pullback,240,60m,1164,0.0010531376481017,0.0,0.4510309278350515,1.2844609970035872,1164,-0.0014666203877695,-0.0025171071755404,0.3642611683848797,0.7158137314110916,0.0025197580358711997,0.0025171071755404,-0.08676975945017179,0
supplemental_2023_09_legacy,ht_r3_core_pullback,10,15m,8226,0.0004364401803474,0.0,0.4044493070751276,1.23443178771892,8226,-0.0020817655619026,-0.0025171071755404,0.261974228057379,0.4055145572935816,0.00251820574225,0.0025171071755404,-0.14247507901774858,0
supplemental_2023_09_legacy,ht_r3_core_pullback,10,1d,8220,0.0016168925697705,-0.0004305089968047,0.4647201946472019,1.2032034725240706,8220,-0.0009042844976593,-0.0029465325350602,0.4294403892944038,0.9029653225713706,0.0025211770674298,0.0025160235382555,-0.035279805352798066,0
supplemental_2023_09_legacy,ht_r3_core_pullback,10,2d,8220,0.0009879844780299,-0.0022936262441344,0.4418491484184915,1.0987591144225577,8220,-0.0015316095603294,-0.0048049601165976,0.4128953771289537,0.8657729940617258,0.0025195940383593,0.0025113338724632,-0.0289537712895378,0
supplemental_2023_09_legacy,ht_r3_core_pullback,10,30m,8226,0.000235332817523,-0.000288728461032,0.386943836615609,1.090533979840269,8226,-0.0022823667159409,-0.0028051088760914,0.2811816192560175,0.4619909041220602,0.0025176995334638998,0.0025163804150594,-0.10576221735959151,0
supplemental_2023_09_legacy,ht_r3_core_pullback,10,3d,8216,-0.0025868349833856,-0.0059880239520957,0.3879016553067186,0.8095555685707324,8216,-0.0050974308180274,-0.0084900586295789,0.3594206426484908,0.6628166574021216,0.0025105958346418,0.002502034677483199,-0.028481012658227833,0
supplemental_2023_09_legacy,ht_r3_core_pullback,10,5d,8216,-0.0014351402798835,-0.0069147042728847,0.4001947419668938,0.9128051126858404,8216,-0.0039486350535275,-0.0094144063966832,0.3776777020447907,0.7800283400276382,0.0025134947736440002,0.0024997021237985004,-0.022517039922103133,0
supplemental_2023_09_legacy,ht_r3_core_pullback,10,5m,8226,4.833276217534295e-05,0.0,0.3679795769511305,1.0382473616659669,8226,-0.0024688960721075,-0.0025171071755404,0.1819839533187454,0.1915037006846795,0.002517228834282843,0.0025171071755404,-0.1859956236323851,0
supplemental_2023_09_legacy,ht_r3_core_pullback,10,60m,8226,-0.0001037137676127,-0.0008036985960709,0.3976416241186482,0.9696243304329212,8226,-0.0026205598844845,-0.003318782776108,0.3070751276440554,0.4771775802083898,0.0025168461168718,0.0025150841800371,-0.09056649647459275,0
supplemental_2023_09_legacy,ht_r3_core_pullback,20,15m,7019,0.0003404618430524,0.0,0.4011967516740276,1.1810643787481525,7019,-0.0021775023114361,-0.0025171071755404,0.2612907821627012,0.3827625348581195,0.0025179641544885,0.0025171071755404,-0.1399059695113264,0
supplemental_2023_09_legacy,ht_r3_core_pullback,20,1d,7012,0.0009663963777919,-0.0016835064548584,0.4426697090701654,1.1187593187789011,7012,-0.0015531433210054,-0.0041963760642212,0.4043069024529378,0.8374885020685101,0.0025195396987973,0.0025128696093628003,-0.038362806617227574,0
supplemental_2023_09_legacy,ht_r3_core_pullback,20,2d,7015,-0.000825094150194,-0.0039595248570172,0.4005702066999287,0.9252719548984926,7015,-0.0033401244753285,-0.0064666654841282,0.3679258731290092,0.73392067156856,0.0025150303251344997,0.002507140627111,-0.032644333570919504,0
supplemental_2023_09_legacy,ht_r3_core_pullback,20,30m,7019,7.862338633216508e-05,0.0,0.3826755948140761,1.030530131130215,7019,-0.0024386816926981,-0.0025171071755405,0.2728308875908249,0.4232198811515363,0.002517305079030265,0.0025171071755405,-0.10984470722325118,0
supplemental_2023_09_legacy,ht_r3_core_pullback,20,3d,7011,-0.0044355560337202,-0.0078277886497064,0.3600057053202111,0.7011853187102404,7011,-0.0069414984393407,-0.0103251924422681,0.3326201683069462,0.5778296812002065,0.0025059424056205004,0.002497403792561699,-0.027385537013264905,0
supplemental_2023_09_legacy,ht_r3_core_pullback,20,5d,7011,-0.0014568469519334,-0.007399577167019,0.3942376265867922,0.9113503632436082,7011,-0.0039702870875574,-0.0098980588137764,0.3705605477107402,0.7786935018407061,0.002513440135624,0.0024984816467573997,-0.02367707887605197,0
supplemental_2023_09_legacy,ht_r3_core_pullback,20,5m,7019,4.010817307580888e-05,0.0,0.3734150163841003,1.0319149735528272,7019,-0.0024770999590348,-0.0025171071755404,0.1835019233509046,0.1837474039242755,0.002517208132110609,0.0025171071755404,-0.1899130930331957,0
supplemental_2023_09_legacy,ht_r3_core_pullback,20,60m,7018,-7.720094345692694e-05,-0.0007249011832784,0.4002564833285836,0.976819335313718,7018,-0.0025941137959485,-0.0032401837048489,0.3039327443716158,0.4732808746886838,0.002516912852491573,0.0025152825215705,-0.09632373895696777,0
supplemental_2023_09_legacy,ht_r3_core_pullback,40,15m,5278,0.0001963212923679,0.0,0.3923834785903751,1.1020360036996668,5278,-0.0023212800449062,-0.0025171071755404,0.2497158014399393,0.3541813554578416,0.0025176013372741,0.0025171071755404,-0.1426676771504358,0
supplemental_2023_09_legacy,ht_r3_core_pullback,40,1d,5274,-0.0001023802118715,-0.0019920318725099,0.4368600682593856,0.9881620998847036,5274,-0.002619229685446,-0.00450412489033,0.3953356086461888,0.7402257253043459,0.0025168494735745,0.0025120930178201,-0.04152445961319684,0
supplemental_2023_09_legacy,ht_r3_core_pullback,40,2d,5270,-0.0021380764813092,-0.0050935955478875,0.388235294117647,0.8198279371217474,5270,-0.0046498018891966,-0.007597881597525,0.3571157495256167,0.6532204368259178,0.0025117254078874003,0.0025042860496374995,-0.031119544592030313,0
supplemental_2023_09_legacy,ht_r3_core_pullback,40,30m,5278,4.636424996293199e-05,-0.0002772089028004,0.3853732474422129,1.0177540602751327,5278,-0.0024708596293637,-0.0027936183138224,0.270935960591133,0.4202492509691476,0.002517223879326632,0.0025164094110219997,-0.1144372868510799,0
supplemental_2023_09_legacy,ht_r3_core_pullback,40,3d,5266,-0.0060254600754239,-0.0092095219247405,0.3446638815039878,0.6193349199532846,5266,-0.0085274005221726,-0.0117034477465609,0.3214963919483479,0.5115334246550327,0.0025019404467487,0.002493925821820401,-0.02316748955563991,0
supplemental_2023_09_legacy,ht_r3_core_pullback,40,5d,5264,-0.0029790769041265,-0.0088392176307298,0.3787993920972644,0.8252812815083469,5264,-0.0054886854238151,-0.0113340755481456,0.3518237082066869,0.7048695383005896,0.0025096085196886003,0.002494857917415801,-0.026975683890577473,0
supplemental_2023_09_legacy,ht_r3_core_pullback,40,5m,5278,1.719233004003232e-05,0.0,0.3599848427434634,1.0137590320831065,5278,-0.0024999581204377,-0.0025171071755404,0.1737400530503978,0.1834231903598128,0.002517150450477732,0.0025171071755404,-0.18624478969306557,0
supplemental_2023_09_legacy,ht_r3_core_pullback,40,60m,5278,-0.0001653940001985,-0.0006162155596801,0.3992042440318302,0.952054155309976,5278,-0.0026820848613143,-0.0031317716546135,0.3039029935581659,0.4684272756707914,0.0025166908611158,0.0025155560949334,-0.09530125047366428,0
supplemental_2023_09_legacy,ht_r3_core_pullback,60,15m,4412,0.0003486360038236,0.0,0.3966455122393472,1.179150121016283,4412,-0.0021693487259036,-0.0025171071755404,0.2543064369900272,0.3983640391230869,0.0025179847297272,0.0025171071755404,-0.14233907524932,0
supplemental_2023_09_legacy,ht_r3_core_pullback,60,1d,4404,2.8747326914574605e-05,-0.0019166623808858,0.4448228882833787,1.003270824418367,4404,-0.0024884322087286,-0.0044289451117942,0.4037238873751135,0.7561385335906281,0.002517179535643175,0.0025122827309084,-0.04109900090826518,0
supplemental_2023_09_legacy,ht_r3_core_pullback,60,2d,4405,-0.0019871342471431,-0.0045998160073597,0.3981838819523269,0.8327187466208152,4405,-0.0044992395928113,-0.0071053449530218,0.3704880817253121,0.6639697247181556,0.0025121053456682004,0.0025055289456620998,-0.02769580022701479,0
supplemental_2023_09_legacy,ht_r3_core_pullback,60,30m,4412,7.440801373116154e-05,0.0,0.3882592928377153,1.0277310038141998,4412,-0.0024428864547545,-0.0025171071755405,0.2794650951949229,0.4350702624413918,0.0025172944684856615,0.0025171071755405,-0.10879419764279241,0
supplemental_2023_09_legacy,ht_r3_core_pullback,60,3d,4407,-0.0057652320350651,-0.009433962264151,0.350124801452235,0.6396369568152307,4407,-0.0082678275036814,-0.0119273231455825,0.3281143635125936,0.5305811527820673,0.002502595468616301,0.002493360881431499,-0.022010437939641414,0
supplemental_2023_09_legacy,ht_r3_core_pullback,60,5d,4405,-0.0038451403456219,-0.0092421441774491,0.3641316685584563,0.7796954356945668,4405,-0.0063525688908074,-0.0117359878855632,0.3402951191827468,0.6662386103343245,0.0025074285451855004,0.002493843708114101,-0.023836549375709504,0
supplemental_2023_09_legacy,ht_r3_core_pullback,60,5m,4412,1.877294773909115e-05,0.0,0.3667271078875793,1.0143981496762604,4412,-0.0024983814813228,-0.0025171071755404,0.1736174070716228,0.1942697247754916,0.002517154429061891,0.0025171071755404,-0.1931097008159565,0
supplemental_2023_09_legacy,ht_r3_core_pullback,60,60m,4412,-0.0001291676914858,-0.0007424952581177,0.3986854034451496,0.9636048000669476,4412,-0.0026459497381031,-0.0032577334935161,0.3100634632819583,0.4854867091579439,0.0025167820466173003,0.0025152382353984,-0.0886219401631913,0
supplemental_2023_09_legacy,ht_r3_core_pullback,120,15m,3450,0.0005735340104713,0.0,0.4063768115942029,1.291117279563149,3450,-0.0019450168116422,-0.0025171071755404,0.2707246376811594,0.461169927716347,0.0025185508221135,0.0025171071755404,-0.13565217391304352,0
supplemental_2023_09_legacy,ht_r3_core_pullback,120,1d,3447,-0.0006865320812804,-0.0028735632183907,0.4241369306643458,0.9269884595558538,3447,-0.0032019111819927,-0.0053834373273349,0.3881636205395996,0.7053542191160124,0.0025153791007123,0.0025098741089442,-0.03597331012474625,0
supplemental_2023_09_legacy,ht_r3_core_pullback,120,2d,3443,-0.0024737535959822,-0.0045112781954886,0.402555910543131,0.8014866500756268,3443,-0.0049846340685957,-0.0070170300003122,0.3726401394133024,0.6429941068759053,0.0025108804726135,0.0025057518048236006,-0.029915771129828628,0
supplemental_2023_09_legacy,ht_r3_core_pullback,120,30m,3450,0.0003360920656967,0.0,0.4040579710144927,1.127017494991315,3450,-0.0021818610895938,-0.0025171071755404,0.2915942028985507,0.4869571537974847,0.0025179531552905,0.0025171071755404,-0.112463768115942,0
supplemental_2023_09_legacy,ht_r3_core_pullback,120,3d,3442,-0.0060095154304391,-0.0083629700345848,0.3715862870424172,0.629815214633772,3442,-0.008511496011568,-0.0108590267182422,0.3404997094712376,0.5219533342831071,0.0025019805811289,0.0024960566836573998,-0.031086577571179608,0
supplemental_2023_09_legacy,ht_r3_core_pullback,120,5d,3440,-0.0039234383692586,-0.0084269662921349,0.3845930232558139,0.7832577188641678,3440,-0.0064306698299269,-0.0109228618903531,0.3619186046511627,0.6723912429584451,0.0025072314606683,0.0024958955982181986,-0.022674418604651192,0
supplemental_2023_09_legacy,ht_r3_core_pullback,120,5m,3450,8.474203832470162e-05,0.0,0.3684057971014493,1.0649300054762127,3450,-0.0024325784420084,-0.0025171071755404,0.1866666666666666,0.2118619799838697,0.0025173204803331014,0.0025171071755404,-0.18173913043478268,0
supplemental_2023_09_legacy,ht_r3_core_pullback,120,60m,3450,-0.0001197854351195,-0.0001437297879984,0.4139130434782608,0.96681655335436,3450,-0.0026365910978816,-0.0026604751802582,0.3202898550724637,0.49014803830474,0.0025168056627621,0.0025167453922598,-0.09362318840579709,0
supplemental_2023_09_legacy,ht_r3_core_pullback,240,15m,2253,0.0004600833361486,0.0,0.4172214824678207,1.2304313877514552,2253,-0.0020581819184585,-0.0025171071755404,0.2778517532179316,0.429843685339446,0.0025182652546070997,0.0025171071755404,-0.1393697292498891,0
supplemental_2023_09_legacy,ht_r3_core_pullback,240,1d,2246,0.0003517504575454,-0.0016653724554883,0.43766696349065,1.0374574475048468,2246,-0.0021662421115956,-0.004178287710071,0.402493321460374,0.7997761307627016,0.002517992569141,0.0025129152545827005,-0.03517364203027601,0
supplemental_2023_09_legacy,ht_r3_core_pullback,240,2d,2248,-0.0015458889288581,-0.0039256023237715,0.4056939501779359,0.8733754837383081,2248,-0.0040591049362831,-0.0064328283375345,0.3834519572953737,0.7035491683025138,0.0025132160074249994,0.002507226013763,-0.022241992882562234,0
supplemental_2023_09_legacy,ht_r3_core_pullback,240,30m,2253,0.0003774534487235,0.0,0.4105636928539725,1.1417916183962646,2253,-0.002140603817601,-0.0025171071755404,0.2964935641367066,0.4972450467369628,0.0025180572663245,0.0025171071755404,-0.1140701287172659,0
supplemental_2023_09_legacy,ht_r3_core_pullback,240,3d,2248,-0.0039201069927434,-0.0067146298419405,0.3959074733096085,0.7539228592113114,2248,-0.0064273468388435,-0.0092148355745247,0.3745551601423487,0.6313249785705848,0.0025072398461001002,0.0025002057325842,-0.02135231316725983,0
supplemental_2023_09_legacy,ht_r3_core_pullback,240,5d,2249,-0.0026015315984996,-0.0073863636363635,0.3997332147621165,0.856310559705804,2249,-0.0051120904401861,-0.0098848785429938,0.3770564695420186,0.7391584675244897,0.0025105588416865,0.0024985149066303006,-0.022676745220097883,0
supplemental_2023_09_legacy,ht_r3_core_pullback,240,5m,2253,-1.6875538041424585e-05,0.0,0.3666222814025743,0.987680752264948,2253,-0.0025339402360439,-0.0025171071755404,0.1881935197514425,0.1991169126869278,0.002517064698002475,0.0025171071755404,-0.1784287616511318,0
supplemental_2023_09_legacy,ht_r3_core_pullback,240,60m,2251,7.451706539758945e-05,0.0,0.4224788982674367,1.0208315879204557,2251,-0.0024427776775828,-0.0025171071755405,0.3362949800088849,0.5219022296838418,0.0025172947429803892,0.0025171071755405,-0.08618391825855176,0
supplemental_2023_09_legacy,ng_r1_auction_reclaim,10,15m,18296,0.0005049631043285,0.0,0.4232619151727153,1.3301748372369488,18296,-0.002013415117465,-0.0025171071755404,0.2534980323567993,0.3621698240501941,0.0025183782217935,0.0025171071755404,-0.16976388281591598,0
supplemental_2023_09_legacy,ng_r1_auction_reclaim,10,1d,18292,0.0023285653620391,0.0,0.4996719877542095,1.389464085023363,18292,-0.0001944030620827,-0.0025171071755402,0.4511808440848458,0.9732616933909896,0.0025229684241218,0.0025171071755402,-0.04849114366936369,0
supplemental_2023_09_legacy,ng_r1_auction_reclaim,10,2d,18279,-0.0023487664606555,-0.0050697084917616,0.3788500465014497,0.7829664932402112,18279,-0.0048599615392841,-0.0075740546676795,0.3445483888615351,0.6077801023621038,0.0025111950786286005,0.0025043461759179,-0.03430165763991461,0
supplemental_2023_09_legacy,ng_r1_auction_reclaim,10,30m,18296,0.0007462148835275,0.0,0.4407520769567118,1.3942750611445045,18296,-0.0017727705948506,-0.0025171071755404,0.3029077393965894,0.4838967730174684,0.0025189854783781,0.0025171071755404,-0.13784433756012243,0
supplemental_2023_09_legacy,ng_r1_auction_reclaim,10,3d,18290,-0.0065604835161193,-0.0106990014265335,0.3158009841443411,0.5736666039414419,18290,-0.0090610772515262,-0.0131891780688122,0.294805904866047,0.4698846935140555,0.0025005937354069,0.002490176642278701,-0.020995079278294082,0
supplemental_2023_09_legacy,ng_r1_auction_reclaim,10,5d,18287,-0.0020505707193555,-0.0065247141059416,0.3888554710996883,0.8630991979030427,18287,-0.0045625163886242,-0.0090253978767876,0.364739979220211,0.7235246065117822,0.0025119456692686997,0.002500683770846,-0.024115491879477313,0
supplemental_2023_09_legacy,ng_r1_auction_reclaim,10,5m,18296,0.0002402186084119,0.0,0.394731088762571,1.232764733794376,18296,-0.0022774932231113,-0.0025171071755404,0.1790555312636642,0.184057262992929,0.0025177118315232,0.0025171071755404,-0.21567555749890682,0
supplemental_2023_09_legacy,ng_r1_auction_reclaim,10,60m,18296,0.0007126342596813,0.0,0.4657848710100568,1.2688929839108642,18296,-0.0018062666926675,-0.0025171071755404,0.3519348491473546,0.5594499554043606,0.0025189009523487998,0.0025171071755404,-0.11385002186270216,0
supplemental_2023_09_legacy,ng_r1_auction_reclaim,20,15m,14037,0.0003618583405999,0.0,0.4097029279760633,1.23096329976454,14037,-0.0021561596711659,-0.0025171071755404,0.2415758352924414,0.3320536498123518,0.0025180180117658,0.0025171071755404,-0.1681270926836219,0
supplemental_2023_09_legacy,ng_r1_auction_reclaim,20,1d,14036,0.0011096522346341,-0.0004792860670518,0.4611000284981476,1.1727922263507442,14036,-0.0014102480545083,-0.0029951868281937,0.4142205756625819,0.8193882128732406,0.0025199002891424,0.0025159007611419,-0.04687945283556566,0
supplemental_2023_09_legacy,ng_r1_auction_reclaim,20,2d,14030,-0.0033789845572136,-0.006071612541164,0.3530292230933713,0.7009001517456431,14030,-0.0058875864664789,-0.00857343681721,0.318888096935139,0.5446800364167089,0.0025086019092653,0.002501824276045999,-0.03414112615823234,0
supplemental_2023_09_legacy,ng_r1_auction_reclaim,20,30m,14037,0.0005278354668747,0.0,0.4296502101588658,1.2712370758563962,14037,-0.0019906003271067,-0.0025171071755404,0.2904466766403077,0.4339726107787804,0.0025184357939814,0.0025171071755404,-0.13920353351855808,0
supplemental_2023_09_legacy,ng_r1_auction_reclaim,20,3d,14030,-0.0078366041710098,-0.0116279069767439,0.292943692088382,0.5144351507205646,14030,-0.0103339857739596,-0.0141157454641968,0.2727726300784034,0.4225910584940661,0.0024973816029497994,0.0024878384874529,-0.02017106200997859,0
supplemental_2023_09_legacy,ng_r1_auction_reclaim,20,5d,14026,-0.0027124815751258,-0.0072137119068527,0.3756594895194639,0.8203794835275631,14026,-0.0052227611438298,-0.00971266139639,0.349137316412377,0.6865142208286438,0.002510279568704,0.0024989494895373,-0.026522173107086877,0
supplemental_2023_09_legacy,ng_r1_auction_reclaim,20,5m,14037,0.0001545933500102,0.0,0.3814205314525896,1.147781814119211,14037,-0.0023629029535606,-0.0025171071755404,0.1667735271069317,0.16753692833497,0.0025174963035707997,0.0025171071755404,-0.2146470043456579,0
supplemental_2023_09_legacy,ng_r1_auction_reclaim,20,60m,14037,0.0003897189165789,0.0,0.4442544703284177,1.1419094307369158,14037,-0.0021283692232427,-0.0025171071755404,0.3334758139203533,0.4987093308262376,0.0025180881398216,0.0025171071755404,-0.11077865640806439,0
supplemental_2023_09_legacy,ng_r1_auction_reclaim,40,15m,9872,0.0001409350667529,0.0,0.3880672609400324,1.082229336233835,9872,-0.0023765268574552,-0.0025171071755404,0.2278160453808752,0.3044371523751506,0.0025174619242081,0.0025171071755404,-0.16025121555915722,0
supplemental_2023_09_legacy,ng_r1_auction_reclaim,40,1d,9870,0.0004009534249216,-0.0013980374056438,0.4423505572441742,1.0566059756143875,9870,-0.0021171629933616,-0.003911625571199,0.3980749746707193,0.7512683181701931,0.0025181164182832,0.0025135881655551995,-0.04427558257345493,0
supplemental_2023_09_legacy,ng_r1_auction_reclaim,40,2d,9866,-0.0042535952533233,-0.0065988457009527,0.3423879991891344,0.6422183821422226,9866,-0.0067599956737298,-0.009099342874629,0.309142509629029,0.5009757170799474,0.0025064004204065,0.002500497173676299,-0.03324548956010537,0
supplemental_2023_09_legacy,ng_r1_auction_reclaim,40,30m,9872,0.0003262128724741,0.0,0.4099473257698541,1.154029469160464,9872,-0.0021917154158283,-0.0025171071755404,0.2737034035656402,0.4130109932214054,0.0025179282883024,0.0025171071755404,-0.13624392220421389,0
supplemental_2023_09_legacy,ng_r1_auction_reclaim,40,3d,9864,-0.0092375367461749,-0.0126582278481012,0.2821370640713706,0.4545401383042318,9864,-0.0117313920516872,-0.0151434729074955,0.2617599351175994,0.3732720903626433,0.002493855305512299,0.0024852450593943008,-0.02037712895377125,0
supplemental_2023_09_legacy,ng_r1_auction_reclaim,40,5d,9866,-0.0048398820309663,-0.0092966395633137,0.3548550577741739,0.7026847603737297,9866,-0.0073448067047178,-0.011790346100701,0.3279951348064058,0.5894113704751075,0.0025049246737515003,0.0024937065373872996,-0.026859922967768124,0
supplemental_2023_09_legacy,ng_r1_auction_reclaim,40,5m,9872,7.49589332311569e-05,0.0,0.3622366288492706,1.0654305610259964,9872,-0.0024423369219778,-0.0025171071755404,0.1636952998379254,0.1769956649446793,0.0025172958552089567,0.0025171071755404,-0.1985413290113452,0
supplemental_2023_09_legacy,ng_r1_auction_reclaim,40,60m,9872,0.000185158740332,0.0,0.4251418152350081,1.0610932627942733,9872,-0.0023324144996022,-0.0025171071755404,0.3202998379254457,0.4897300817112306,0.0025175732399342,0.0025171071755404,-0.1048419773095624,0
supplemental_2023_09_legacy,ng_r1_auction_reclaim,60,15m,8263,0.0002679606443044,0.0,0.3997337528742587,1.1604532626139932,8263,-0.0022498210168964,-0.0025171071755404,0.2391383274839646,0.327312030758246,0.0025177816612008,0.0025171071755404,-0.16059542539029412,0
supplemental_2023_09_legacy,ng_r1_auction_reclaim,60,1d,8256,0.0005357658483898,-0.001198875324512,0.4485222868217054,1.0738415668643828,8256,-0.001982689907212,-0.0037129648023705,0.409156976744186,0.7710800081226534,0.0025184557556018,0.0025140894778585,-0.03936531007751942,0
supplemental_2023_09_legacy,ng_r1_auction_reclaim,60,2d,8255,-0.0042168786810465,-0.0066050198150594,0.3450030284675954,0.6495615019712643,8255,-0.0067233715210005,-0.0091055014478288,0.309267110841914,0.5086868577166211,0.0025064928399540004,0.0025004816327694,-0.0357359176256814,0
supplemental_2023_09_legacy,ng_r1_auction_reclaim,60,30m,8263,0.0003329639181419,0.0,0.4158296018395256,1.155363459896552,8263,-0.0021849813632659,-0.0025171071755404,0.2813748033401912,0.4158223912062879,0.0025179452814078,0.0025171071755404,-0.1344547984993344,0
supplemental_2023_09_legacy,ng_r1_auction_reclaim,60,3d,8256,-0.0097222237504444,-0.0134228187919461,0.2749515503875969,0.4431497157641776,8256,-0.0122148590468204,-0.0159061392939893,0.252422480620155,0.3657950439222652,0.002492635296376,0.002483320502043201,-0.0225290697674419,0
supplemental_2023_09_legacy,ng_r1_auction_reclaim,60,5d,8259,-0.0054793193497165,-0.0101195952161912,0.3385397747911369,0.6735709336170881,8259,-0.0079826344912046,-0.0126112302859993,0.3177140089599225,0.5668437571181865,0.0025033151414880998,0.0024916350698080993,-0.02082576583121437,0
supplemental_2023_09_legacy,ng_r1_auction_reclaim,60,5m,8263,0.000170508669052,0.0,0.373593125983299,1.1501675807591536,8263,-0.0023470276950826,-0.0025171071755404,0.178990681350599,0.1970175115943496,0.0025175363641346,0.0025171071755404,-0.19460244463270002,0
supplemental_2023_09_legacy,ng_r1_auction_reclaim,60,60m,8262,0.0002612505416095,0.0,0.4340353425320745,1.0859659278746674,8262,-0.0022565142295437,-0.0025171071755404,0.3281287823771484,0.5045953324096286,0.0025177647711532,0.0025171071755404,-0.10590656015492611,0
supplemental_2023_09_legacy,ng_r1_auction_reclaim,120,15m,5639,0.0005733554405831,0.0,0.4234793403085653,1.323549750969082,5639,-0.0019451949320509,-0.0025171071755404,0.2651179287107643,0.4254797730387506,0.0025185503726339997,0.0025171071755404,-0.15836141159780104,0
supplemental_2023_09_legacy,ng_r1_auction_reclaim,120,1d,5638,0.0018359584549346,0.0,0.4932600212841433,1.2673756768265243,5638,-0.0006857700248066,-0.0025171071755403,0.4480312167435261,0.9160611560081896,0.0025217284797412,0.0025171071755403,-0.04522880454061723,0
supplemental_2023_09_legacy,ng_r1_auction_reclaim,120,2d,5635,-0.0024317834005129,-0.0052910052910053,0.3921916592724046,0.7915383696504991,5635,-0.0049427695166065,-0.0077947944391618,0.357941437444543,0.6255146082008098,0.0025109861160936002,0.0025037891481564994,-0.03425022182786164,0
supplemental_2023_09_legacy,ng_r1_auction_reclaim,120,30m,5639,0.0006270436673503,0.0,0.4355382159957439,1.2790193525129747,5639,-0.0018916418443045,-0.0025171071755404,0.302181237808122,0.501762785841286,0.0025186855116548,0.0025171071755404,-0.13335697818762188,0
supplemental_2023_09_legacy,ng_r1_auction_reclaim,120,3d,5636,-0.0082848880413709,-0.0122609801771152,0.3112136266855926,0.515132807793909,5636,-0.0107811412657738,-0.0147472251514726,0.2874378992193044,0.4265502245295189,0.0024962532244028994,0.002486244974357399,-0.0237757274662882,0
supplemental_2023_09_legacy,ng_r1_auction_reclaim,120,5d,5635,-0.0024279349740235,-0.0066577896138482,0.39698314108252,0.8469982650955312,5635,-0.0049389307770191,-0.0091581384193785,0.3698314108251996,0.7157035145375602,0.0025109958029956004,0.0025003488055303008,-0.027151730257320372,0
supplemental_2023_09_legacy,ng_r1_auction_reclaim,120,5m,5639,0.0001975489880598,0.0,0.3933321510906189,1.165492625906514,5639,-0.0023200554394559,-0.0025171071755404,0.1799964532718567,0.2129801594058115,0.0025176044275157,0.0025171071755404,-0.21333569781876222,0
supplemental_2023_09_legacy,ng_r1_auction_reclaim,120,60m,5639,0.0005511207878144,0.0,0.4566412484483064,1.180030484297239,5639,-0.0019673736178155,-0.0025171071755404,0.3474020216350417,0.5657913974213729,0.0025184944056299,0.0025171071755404,-0.1092392268132647,0
supplemental_2023_09_legacy,ng_r1_auction_reclaim,240,15m,3444,0.0003796004163099,0.0,0.414924506387921,1.2034805691308024,3444,-0.0021384622541622,-0.0025171071755404,0.2650987224157956,0.3875520498141692,0.0025180626704721,0.0025171071755404,-0.14982578397212543,0
supplemental_2023_09_legacy,ng_r1_auction_reclaim,240,1d,3438,0.0019050566786983,0.0,0.4714950552646887,1.2777389280842262,3438,-0.0006168457286778,-0.0025171071755404,0.4284467713787085,0.9248996524930608,0.0025219024073761,0.0025171071755404,-0.0430482838859802,0
supplemental_2023_09_legacy,ng_r1_auction_reclaim,240,2d,3441,-0.0023866990329907,-0.0054694621695534,0.3783783783783784,0.7918652532929417,3441,-0.0048977986312693,-0.0079728021226206,0.3458297006684103,0.6242420179605731,0.0025110995982786,0.0025033399530672,-0.03254867770996811,0
supplemental_2023_09_legacy,ng_r1_auction_reclaim,240,30m,3444,0.0005445290745924,0.0,0.4387340301974448,1.2326978630824557,3444,-0.0019739487389888,-0.0025171071755404,0.3092334494773519,0.4911200535273154,0.0025184778135812,0.0025171071755404,-0.1295005807200929,0
supplemental_2023_09_legacy,ng_r1_auction_reclaim,240,3d,3441,-0.0077542224787058,-0.0121580547112462,0.3109561174077303,0.546306372205814,3441,-0.0102518114452043,-0.0146445587600322,0.2909038070328393,0.4547405395037784,0.0024975889664985004,0.002486504048786,-0.020052310374891025,0
supplemental_2023_09_legacy,ng_r1_auction_reclaim,240,5d,3443,-0.0025297544028103,-0.0079652425778422,0.388614580307871,0.8433099036371887,3443,-0.0050404939153911,-0.0104623003841349,0.3668312518152773,0.714642395672591,0.0025107395125808,0.0024970578062926997,-0.02178332849259368,0
supplemental_2023_09_legacy,ng_r1_auction_reclaim,240,5m,3444,5.193711054420912e-05,0.0,0.3763066202090592,1.0399701642188186,3444,-0.0024653007962698,-0.0025171071755404,0.1858304297328687,0.1959503470353223,0.0025172379068140087,0.0025171071755404,-0.1904761904761905,0
supplemental_2023_09_legacy,ng_r1_auction_reclaim,240,60m,3443,0.0004405812354182,0.0,0.4342143479523671,1.137776883176618,3443,-0.0020776349303112,-0.0025171071755404,0.3404008132442637,0.5584335557263256,0.0025182161657294,0.0025171071755404,-0.09381353470810339,0
supplemental_2023_09_legacy,ng_r3_volume_quality,10,15m,50549,-7.476360124314849e-06,0.0,0.3692456824071692,0.9947021892933944,50549,-0.0025245647168645,-0.0025171071755404,0.1829116302993135,0.2103625139694514,0.0025170883567401854,0.0025171071755404,-0.1863340521078557,0
supplemental_2023_09_legacy,ng_r3_volume_quality,10,1d,50502,-0.0002399731633267,-0.0016750418760468,0.4343194328937468,0.9658419159993192,50502,-0.0027564763006958,-0.0041879327916617,0.3861431230446319,0.6749061379808649,0.0025165031373691003,0.0025128909156149,-0.04817630984911492,0
supplemental_2023_09_legacy,ng_r3_volume_quality,10,2d,50504,-0.0026580790879083,-0.0046759320180988,0.3826825597972438,0.7440398910753752,50504,-0.0051684955935035,-0.0071812693716042,0.3459725962300016,0.5674062769478329,0.0025104165055952004,0.0025053373535054,-0.03670996356724221,0
supplemental_2023_09_legacy,ng_r3_volume_quality,10,30m,50547,-9.429353352800164e-05,0.0,0.3786377035234534,0.9511552197818032,50547,-0.0026111633621382,-0.0025171071755405,0.2258689932142362,0.2838229123451547,0.0025168698286101984,0.0025171071755405,-0.15276871030921718,0
supplemental_2023_09_legacy,ng_r3_volume_quality,10,3d,50501,-0.0037212676538405,-0.0059790732436472,0.3684283479535059,0.7026487839744744,50501,-0.0062290079998674,-0.008481130451023,0.3381715213560127,0.5582898741848008,0.0025077403460269,0.0025020572073758,-0.03025682659749318,0
supplemental_2023_09_legacy,ng_r3_volume_quality,10,5d,50508,-0.0047546629181339,-0.0077519379844962,0.3632493862358438,0.6972048918776752,50508,-0.0072598020975259,-0.0102495327013115,0.3379266650827591,0.580103710608682,0.0025051391793919995,0.0024975947168153004,-0.025322721153084704,0
supplemental_2023_09_legacy,ng_r3_volume_quality,10,5m,50550,-8.25345918604472e-05,0.0,0.3351928783382789,0.9128453467214108,50550,-0.0025994340189869,-0.0025171071755404,0.1131552917903066,0.0955750611468181,0.0025168994271264527,0.0025171071755404,-0.2220375865479723,0
supplemental_2023_09_legacy,ng_r3_volume_quality,10,60m,50539,-0.0002825459054489,-0.0003522367030645,0.396109934901759,0.9015115898417648,50539,-0.0027989418826632,-0.0028684572610722,0.2792299016601041,0.3777519038750243,0.0025163959772143,0.0025162205580077,-0.11688003324165491,0
supplemental_2023_09_legacy,ng_r3_volume_quality,20,15m,37407,-3.2651351407122323e-05,0.0,0.3748228941107279,0.9770608267790896,37407,-0.0025496763399964,-0.0025171071755404,0.1886545299008207,0.2015629800040588,0.0025170249885892774,0.0025171071755404,-0.18616836420990718,0
supplemental_2023_09_legacy,ng_r3_volume_quality,20,1d,37385,-0.0007438991156226,-0.0025380710659899,0.4099237662163969,0.8970222990905518,37385,-0.0032591338173611,-0.005048789644638,0.363675270830547,0.626950280360676,0.0025152347017384996,0.0025107185786481,-0.04624849538584991,0
supplemental_2023_09_legacy,ng_r3_volume_quality,20,2d,37377,-0.0024465906850275,-0.0044603033006245,0.3833641009176766,0.7624883374113575,37377,-0.0049575395295991,-0.0069661834147217,0.3465500173903738,0.5820979293090834,0.0025109488445716004,0.0025058801140972,-0.03681408352730281,0
supplemental_2023_09_legacy,ng_r3_volume_quality,20,30m,37405,-0.0001765311720611,0.0,0.3809383772222965,0.9099955324547484,37405,-0.0026931939997214,-0.0025171071755405,0.2272958160673706,0.2664660762679875,0.0025166628276603,0.0025171071755405,-0.15364256115492592,0
supplemental_2023_09_legacy,ng_r3_volume_quality,20,3d,37371,-0.003286147265989,-0.0056433408577876,0.3756656230767172,0.7339200578960232,37371,-0.0057949828566663,-0.0081462431395608,0.3441973722940248,0.5836861859468812,0.0025088355906773,0.0025029022817732,-0.031468250782692386,0
supplemental_2023_09_legacy,ng_r3_volume_quality,20,5d,37367,-0.004136469069501,-0.0078299776286353,0.3609602055289426,0.7319365655653783,37367,-0.0066431643090652,-0.0103273759113023,0.3346000481708459,0.6098093297176359,0.0025066952395642,0.0024973982826670005,-0.026360157358096714,0
supplemental_2023_09_legacy,ng_r3_volume_quality,20,5m,37407,-9.558487112313618e-05,0.0,0.3321303499345042,0.8998094253116378,37407,-0.0026124514492982,-0.0025171071755404,0.1158339348250327,0.0929614532276539,0.0025168665781750642,0.0025171071755404,-0.2162964151094715,0
supplemental_2023_09_legacy,ng_r3_volume_quality,20,60m,37403,-0.0003453422154691,-0.0005580011160022,0.3903162847899901,0.8781690804510298,37403,-0.0028615801276407,-0.0030737037429295,0.2760473758789402,0.3605488464490099,0.0025162379121716,0.0025157026269273003,-0.1142689089110499,0
supplemental_2023_09_legacy,ng_r3_volume_quality,40,15m,25938,-3.1410909771182515e-05,0.0,0.3703832215282597,0.978280276405571,25938,-0.0025484390206853,-0.0025171071755404,0.186637366026679,0.2084434667575727,0.0025170281109141174,0.0025171071755404,-0.1837458555015807,0
supplemental_2023_09_legacy,ng_r3_volume_quality,40,1d,25926,-0.0011033304307258,-0.0026039143894174,0.4130216770809226,0.8545392684164544,25926,-0.003617660405322,-0.0051144672333637,0.3688575175499498,0.601848840646121,0.0025143299745962,0.0025105528439463,-0.0441641595309728,0
supplemental_2023_09_legacy,ng_r3_volume_quality,40,2d,25914,-0.0030256432734945,-0.004830917874396,0.381917110442232,0.7187660616410156,25914,-0.0055351345806405,-0.0073358651118905,0.3474183838851586,0.5507382496635035,0.002509491307146,0.0025049472374945,-0.03449872655707337,0
supplemental_2023_09_legacy,ng_r3_volume_quality,40,30m,25938,-0.0001842908366864,0.0,0.3795203947875704,0.9086022797137524,25938,-0.0027009341324394,-0.0025171071755405,0.2254607140103323,0.275812555679101,0.002516643295753,0.0025171071755405,-0.15405968077723808,0
supplemental_2023_09_legacy,ng_r3_volume_quality,40,3d,25908,-0.004054538740919,-0.0062893081761006,0.3684190211517678,0.6865100912538709,25908,-0.0065614402079011,-0.0087905844889017,0.3365755751119345,0.5481273777636047,0.0025069014669821003,0.0025012763128010995,-0.0318434460398333,0
supplemental_2023_09_legacy,ng_r3_volume_quality,40,5d,25917,-0.0056364909540856,-0.0090206185567009,0.3465293050893236,0.6545616409374434,25917,-0.0081394104778006,-0.0115150198685446,0.3199830227263958,0.5464159787871263,0.0025029195237149995,0.0024944013118437004,-0.02654628236292783,0
supplemental_2023_09_legacy,ng_r3_volume_quality,40,5m,25938,-8.501126936178902e-05,0.0,0.3315984270182743,0.9131018342025666,25938,-0.0026019044624261,-0.0025171071755404,0.1168941321613077,0.1037567500924608,0.002516893193064311,0.0025171071755404,-0.2147042948569666,0
supplemental_2023_09_legacy,ng_r3_volume_quality,40,60m,25936,-0.0004403218901972,-0.0006195808270827,0.3849861196792103,0.8522365453656435,25936,-0.0029563207283482,-0.0031351284512775,0.2734037631091918,0.3614168542298729,0.002515998838151,0.0025155476241948,-0.11158235657001853,0
supplemental_2023_09_legacy,ng_r3_volume_quality,60,15m,21796,5.5934800936707246e-05,0.0,0.3793356579188842,1.0384508466111395,21796,-0.0024613131684925,-0.0025171071755404,0.2016425032115984,0.2308934393485063,0.0025172479694292073,0.0025171071755404,-0.17769315470728578,0
supplemental_2023_09_legacy,ng_r3_volume_quality,60,1d,21775,-0.0010447041099338,-0.0024539877300613,0.41699196326062,0.863248994836108,21775,-0.0035591816532627,-0.0049649179554775,0.3713432835820895,0.6101668399159965,0.0025144775433289,0.0025109302254162002,-0.04564867967853048,0
supplemental_2023_09_legacy,ng_r3_volume_quality,60,2d,21775,-0.0030567536027795,-0.0049561570720549,0.3829621125143513,0.7200887205647784,21775,-0.0055661666018925,-0.0074607890690661,0.3495292766934558,0.5539088548338605,0.002509412999113,0.0025046319970111995,-0.03343283582089551,0
supplemental_2023_09_legacy,ng_r3_volume_quality,60,30m,21796,-0.0001231610493592,0.0,0.3885575334923839,0.9394179380886064,21796,-0.0026399582153386,-0.0025171071755405,0.2355936869150302,0.2903837895407949,0.0025167971659794,0.0025171071755405,-0.15296384657735373,0
supplemental_2023_09_legacy,ng_r3_volume_quality,60,3d,21780,-0.0044050422239953,-0.0068516623320533,0.3664830119375574,0.6691459871763888,21780,-0.006911061436145,-0.0093515231391733,0.3355371900826446,0.536283821213191,0.0025060192121496997,0.0024998608071199998,-0.03094582185491279,0
supplemental_2023_09_legacy,ng_r3_volume_quality,60,5d,21778,-0.0061336725875134,-0.0097773060116627,0.3383689962347323,0.6302593292826536,21778,-0.0086353406517713,-0.0122698026600838,0.3145835246579117,0.5264646215778583,0.0025016680642579005,0.0024924966484211,-0.02378547157682065,0
supplemental_2023_09_legacy,ng_r3_volume_quality,60,5m,21798,-5.944385667891291e-05,0.0,0.3398476924488485,0.9388082857555636,21798,-0.0025764014056612,-0.0025171071755404,0.1233140655105973,0.1047674571895955,0.002516957548982287,0.0025171071755404,-0.21653362693825118,0
supplemental_2023_09_legacy,ng_r3_volume_quality,60,60m,21790,-0.0003584994697706,-0.0006420546408079,0.394171638366223,0.880716686657909,21790,-0.0028747042637233,-0.0031575456960048,0.2815052776502983,0.3795799575882495,0.0025162047939527,0.0025154910551969,-0.11266636071592467,0
supplemental_2023_09_legacy,ng_r3_volume_quality,120,15m,15178,0.0001097772053152,0.0,0.390301752536566,1.0732830044224706,15178,-0.0024076062912163,-0.0025171071755404,0.205955988931348,0.2535585954115147,0.0025173834965314997,0.0025171071755404,-0.184345763605218,0
supplemental_2023_09_legacy,ng_r3_volume_quality,120,1d,15162,-0.0005534258063777,-0.0019993444335478,0.4337818229784989,0.9267963137648244,15162,-0.0030691399498498,-0.0045114190448683,0.3878116343490305,0.6594609625149188,0.0025157141434721,0.0025120746113205,-0.04597018862946839,0
supplemental_2023_09_legacy,ng_r3_volume_quality,120,2d,15158,-0.0019735029850899,-0.0040093556096149,0.4098825702599287,0.8159334787837637,15158,-0.0044856426421056,-0.0065163708073811,0.376830716453358,0.6326753284082371,0.0025121396570157,0.0025070151977661997,-0.03305185380657072,0
supplemental_2023_09_legacy,ng_r3_volume_quality,120,30m,15178,-6.231071659190774e-05,0.0,0.395967848201344,0.9704070233197734,15178,-0.0025792610493804,-0.0025171071755405,0.2446962709184345,0.3170096876225311,0.0025169503327884925,0.0025171071755405,-0.15127157728290952,0
supplemental_2023_09_legacy,ng_r3_volume_quality,120,3d,15162,-0.0032906306026814,-0.0054545454545454,0.39196675900277,0.7486376183003096,15162,-0.0057994549083197,-0.0079579229545829,0.3595831684474344,0.6032854838324418,0.0025088243056382996,0.0025033775000374995,-0.03238359055533563,0
supplemental_2023_09_legacy,ng_r3_volume_quality,120,5d,15162,-0.0041532565665149,-0.0079870754623425,0.3775227542540562,0.7451785747720959,15162,-0.0066599095501499,-0.010484078312925,0.3512729191399552,0.6269086078932767,0.0025066529836349997,0.0024970028505824984,-0.026249835114101006,0
supplemental_2023_09_legacy,ng_r3_volume_quality,120,5m,15179,-8.215528336852658e-05,0.0,0.3407997891824231,0.9184774755491404,15179,-0.0025990556652556,-0.0025171071755404,0.1228671190460504,0.1088665236555706,0.0025169003818870735,0.0025171071755404,-0.21793267013637269,0
supplemental_2023_09_legacy,ng_r3_volume_quality,120,60m,15175,-0.0003031663071684,-0.0004101722723544,0.4055354200988468,0.9004960708113185,15175,-0.0028195103806217,-0.0029262470003248,0.2929818780889621,0.3932775658176278,0.0025163440734533,0.0025160747279704,-0.11255354200988471,0
supplemental_2023_09_legacy,ng_r3_volume_quality,240,15m,10208,-5.352963411565588e-06,0.0,0.3793103448275862,0.9966678464021536,10208,-0.0025224466649692,-0.0025171071755404,0.2035658307210031,0.247339968263962,0.0025170937015576347,0.0025171071755404,-0.1757445141065831,0
supplemental_2023_09_legacy,ng_r3_volume_quality,240,1d,10189,-0.0006655662751255,-0.0021186440677966,0.429679065659044,0.9167110581245396,10189,-0.0031809981490189,-0.0046304183891515,0.3846304838551379,0.6633755124616748,0.0025154318738934,0.0025117743213548998,-0.04504858180390614,0
supplemental_2023_09_legacy,ng_r3_volume_quality,240,2d,10194,-0.0022913922818374,-0.0042419417687777,0.4004316264469296,0.794217488713202,10194,-0.0048027317774232,-0.0067483715222538,0.369138709044536,0.6202134247543182,0.0025113394955858,0.0025064297534760993,-0.031292917402393594,0
supplemental_2023_09_legacy,ng_r3_volume_quality,240,30m,10208,-0.0001317918290649,0.0,0.3919474921630094,0.9399535023233344,10208,-0.0026485672704466,-0.0025171071755405,0.24657131661442,0.3142267623727817,0.0025167754413817,0.0025171071755405,-0.1453761755485894,0
supplemental_2023_09_legacy,ng_r3_volume_quality,240,3d,10200,-0.0032354366075398,-0.0054401635815755,0.3913725490196078,0.7582498222641716,10200,-0.0057443998423794,-0.0079435772823286,0.3605882352941176,0.614763541105051,0.0025089632348395995,0.0025034137007531,-0.030784313725490176,0
supplemental_2023_09_legacy,ng_r3_volume_quality,240,5d,10193,-0.0040607991704906,-0.0079840319361278,0.3785931521632493,0.7544319716756811,10193,-0.0065676848793006,-0.0104810424475922,0.3571078190915334,0.6367420213533663,0.0025068857088099998,0.0024970105114644012,-0.021485333071715906,0
supplemental_2023_09_legacy,ng_r3_volume_quality,240,5m,10208,-8.25684338354242e-05,0.0,0.3399294670846395,0.9218269619116676,10208,-0.0025994677757784,-0.0025171071755404,0.1273510971786834,0.1209320256248548,0.002516899341942976,0.0025171071755404,-0.2125783699059561,0
supplemental_2023_09_legacy,ng_r3_volume_quality,240,60m,10204,-0.0004686355886983,-0.0007012622720896,0.3925911407291258,0.8545017431802066,10204,-0.0029845631582356,-0.0032166042953332,0.2850842806742454,0.3847899433810617,0.0025159275695373,0.0025153420232436,-0.10750686005488042,0
supplemental_2023_09_legacy,s0_distance_only,10,15m,107396,-0.0001359133133359,0.0,0.3666151439532198,0.9144129420741396,107396,-0.0026526783805008,-0.0025171071755404,0.18835897053894,0.2123132634306455,0.0025167650671649,0.0025171071755404,-0.17825617341427982,0
supplemental_2023_09_legacy,s0_distance_only,10,1d,107313,-0.0002167522643191,-0.0016778523489933,0.4354365267954488,0.9690589930213622,107313,-0.0027333138511798,-0.0041907361903467,0.3891140868301138,0.6766577795306185,0.0025165615868607003,0.0025128838413533998,-0.04632243996533503,0
supplemental_2023_09_legacy,s0_distance_only,10,2d,107308,-0.0023635294786881,-0.0042283298097252,0.3907630372386029,0.7639966058183089,107308,-0.0048746873972182,-0.0067347938259609,0.3529652961568569,0.578287130397633,0.0025111579185301,0.0025064640162356993,-0.037797741081745995,0
supplemental_2023_09_legacy,s0_distance_only,10,30m,107394,6.556385886029204e-05,0.0,0.3897331322047787,1.0337258709081474,107394,-0.0024517083479402,-0.0025171071755404,0.2391846844330223,0.3244341400579967,0.002517272206800492,0.0025171071755404,-0.15054844777175638,0
supplemental_2023_09_legacy,s0_distance_only,10,3d,107292,-0.0032056013256616,-0.0053361792956242,0.3773720314655333,0.7281764349983535,107292,-0.0057146396591034,-0.0078398547359695,0.3443779592141073,0.5723141174283211,0.0025090383334418,0.0025036754403452988,-0.03299407225142598,0
supplemental_2023_09_legacy,s0_distance_only,10,5d,107311,-0.0046325751072172,-0.0075566750629724,0.3642869789676734,0.6962691647596629,107311,-0.0071380215947142,-0.0100547612774885,0.3379523068464556,0.576102442945422,0.002505446487497,0.0024980862145160994,-0.026334672121217817,0
supplemental_2023_09_legacy,s0_distance_only,10,5m,107398,-0.0001044130390708,0.0,0.34164509581184,0.9064858147158712,107398,-0.0026212573958023,-0.0025171071755404,0.1371161474142907,0.1268240283258918,0.0025168443567315,0.0025171071755404,-0.2045289483975493,0
supplemental_2023_09_legacy,s0_distance_only,10,60m,107381,-5.853525583910364e-06,0.0,0.4100166696156676,0.9979217535650352,107381,-0.0025229459671734,-0.0025171071755405,0.2975759212523631,0.4272846816716972,0.0025170924415894897,0.0025171071755405,-0.11244074836330448,0
supplemental_2023_09_legacy,s0_distance_only,20,15m,80917,-5.1973919995730034e-05,0.0,0.3738275022553975,0.9660771325993311,80917,-0.0025689502716095,-0.0025171071755404,0.1945450276208954,0.2200611834943742,0.00251697635161377,0.0025171071755404,-0.17928247463450211,0
supplemental_2023_09_legacy,s0_distance_only,20,1d,80863,-0.0009014355648079,-0.0025316455696202,0.4092848397907572,0.874927765021954,80863,-0.0034162737304199,-0.0050423803219314,0.3628111744555606,0.6081775698630388,0.002514838165612,0.0025107347523112,-0.04647366533519659,0
supplemental_2023_09_legacy,s0_distance_only,20,2d,80865,-0.0025048269836753,-0.0043478260869566,0.3856303716069993,0.7495530210732995,80865,-0.0050156292412417,-0.0068539893182555,0.347628763989365,0.5660456888981178,0.0025108022575664,0.0025061632312989,-0.038001607617634325,0
supplemental_2023_09_legacy,s0_distance_only,20,30m,80915,5.438349317788701e-05,0.0,0.3911264907619106,1.0281797584529049,80915,-0.0024628605714436,-0.0025171071755404,0.2412531669035407,0.3176347236797479,0.002517244064621487,0.0025171071755404,-0.14987332385836988,0
supplemental_2023_09_legacy,s0_distance_only,20,3d,80856,-0.0032283262134622,-0.00528867445167,0.3771767092114376,0.7258550631300428,80856,-0.0057373073459259,-0.007792469466799,0.3441426733946769,0.5700662506347142,0.0025089811324637006,0.002503795015129,-0.033034035816760676,0
supplemental_2023_09_legacy,s0_distance_only,20,5d,80856,-0.0047955298712205,-0.0080428954423592,0.3555827644206985,0.6852529398210598,80856,-0.0073005661841117,-0.0105397577880697,0.3298703868605916,0.5665662167441995,0.0025050363128912003,0.002496862345710501,-0.025712377560106914,0
supplemental_2023_09_legacy,s0_distance_only,20,5m,80919,-5.770831514154119e-05,0.0,0.3433309853062939,0.9460173268259998,80919,-0.0025746702326682,-0.0025171071755404,0.137260717507631,0.1271164539685613,0.0025169619175266587,0.0025171071755404,-0.20607026779866291,0
supplemental_2023_09_legacy,s0_distance_only,20,60m,80909,-0.0001379840827215,0.0,0.4030206775513231,0.9507111553626412,80909,-0.0026547439375375,-0.0025171071755405,0.2896340332966666,0.3974524748234626,0.002516759854816,0.0025171071755405,-0.1133866442546565,0
supplemental_2023_09_legacy,s0_distance_only,40,15m,56676,-5.339657515678965e-05,0.0,0.3774790034582539,0.966152809681606,56676,-0.0025703693457945,-0.0025171071755404,0.1998376737949043,0.2268887883355667,0.0025169727706377105,0.0025171071755404,-0.1776413296633496,0
supplemental_2023_09_legacy,s0_distance_only,40,1d,56644,-0.0010820971570049,-0.0025316455696203,0.4127886448697126,0.8536451900457028,56644,-0.0035964805780268,-0.0050423803219316,0.3679471788715486,0.5956743533880514,0.0025143834210219,0.0025107347523113,-0.04484146599816402,0
supplemental_2023_09_legacy,s0_distance_only,40,2d,56625,-0.0028387053077216,-0.0043731778425656,0.3868962472406181,0.7230069450328696,56625,-0.0053486671577627,-0.0068792772607785,0.350887417218543,0.5466847428528384,0.0025099618500411002,0.0025060994182128996,-0.03600883002207511,0
supplemental_2023_09_legacy,s0_distance_only,40,30m,56676,-1.0538704145577436e-05,0.0,0.390906203684099,0.9947718362401698,56676,-0.002527619352638,-0.0025171071755404,0.2411426353306514,0.31572682553199,0.0025170806484924226,0.0025171071755404,-0.14976356835344762,0
supplemental_2023_09_legacy,s0_distance_only,40,3d,56615,-0.0037425827668392,-0.0056100981767182,0.3734169389737702,0.6914332854007056,56615,-0.0062502694604422,-0.0081130841338823,0.3410226971650623,0.5439570267382404,0.002507686693603,0.0025029859571641007,-0.032394241808707924,0
supplemental_2023_09_legacy,s0_distance_only,40,5d,56636,-0.0057273813711545,-0.0085616438356164,0.3484356239847447,0.6344617910534098,56636,-0.0082300721139485,-0.0110572004360237,0.3218624196624055,0.5240877385238593,0.002502690742794,0.0024955566004072997,-0.026573204322339228,0
supplemental_2023_09_legacy,s0_distance_only,40,5m,56677,-0.0001028734863859,0.0,0.3394851527074474,0.9091916073265706,56677,-0.0026197217183353,-0.0025171071755404,0.1399333062794431,0.1303774371071882,0.0025168482319493997,0.0025171071755404,-0.1995518464280043,0
supplemental_2023_09_legacy,s0_distance_only,40,60m,56671,-0.0002383895986044,0.0,0.3970461082387817,0.9182921220173612,56671,-0.0027548967219756,-0.0025171071755405,0.2878897496073829,0.3922625735038165,0.0025165071233712003,0.0025171071755405,-0.10915635863139883,0
supplemental_2023_09_legacy,s0_distance_only,60,15m,47561,-4.891675144998956e-05,0.0,0.3753495511027943,0.9695786570046454,47561,-0.0025659007982839,-0.0025171071755404,0.2009839994953848,0.2360197172290467,0.0025169840468339103,0.0025171071755404,-0.17436555160740946,0
supplemental_2023_09_legacy,s0_distance_only,60,1d,47525,-0.0009727449147425,-0.0024154589371981,0.4167280378748027,0.8696301033426262,47525,-0.003487403587078,-0.0049264861437156,0.3704997369805365,0.6105499478183062,0.0025146586723355,0.0025110272065175,-0.04622830089426622,0
supplemental_2023_09_legacy,s0_distance_only,60,2d,47518,-0.0028081469782486,-0.0045317220543806,0.3862957195168147,0.7306886096511324,47518,-0.0053181857468801,-0.0070374223998204,0.3523506881602761,0.5560019879538296,0.0025100387686315,0.0025057003454397996,-0.03394503135653859,0
supplemental_2023_09_legacy,s0_distance_only,60,30m,47561,2.9888644102272548e-05,0.0,0.3935997981539497,1.0147088780016031,47561,-0.0024872937643583,-0.0025171071755404,0.246041925106705,0.3279436922488536,0.0025171824084605724,0.0025171071755404,-0.1475578730472447,0
supplemental_2023_09_legacy,s0_distance_only,60,3d,47520,-0.0038979924223042,-0.0061224489795917,0.3696338383838384,0.6857135634983202,47520,-0.0064052879331482,-0.0086241452948737,0.3396254208754208,0.5420269139821433,0.002507295510844,0.0025016963152819996,-0.030008417508417595,0
supplemental_2023_09_legacy,s0_distance_only,60,5d,47513,-0.0059626093360766,-0.0092105263157893,0.3428535348220487,0.6256965349849499,47513,-0.0084647079848723,-0.0117044496094497,0.3178498516195567,0.5181662470987661,0.0025020986487957,0.0024939232936604,-0.025003683202492022,0
supplemental_2023_09_legacy,s0_distance_only,60,5m,47562,-5.49480440646154e-05,0.0,0.347651486480804,0.9513214849505592,47562,-0.0025719169094885,-0.0025171071755404,0.1441066397544258,0.1413620809178614,0.002516968865423885,0.0025171071755404,-0.2035448467263782,0
supplemental_2023_09_legacy,s0_distance_only,60,60m,47553,-0.0001674533218195,0.0,0.3999116774966879,0.9433467580485296,47553,-0.0026841389994018,-0.0025171071755406,0.290433831724602,0.4120462053258917,0.0025166856775823,0.0025171071755406,-0.10947784577208586,0
supplemental_2023_09_legacy,s0_distance_only,120,15m,32107,6.806988043576198e-05,0.0,0.3983866446569284,1.040875709767464,32107,-0.002449208634289,-0.0025171071755404,0.2144392188619304,0.2740937429646582,0.002517278514724762,0.0025171071755404,-0.183947425794998,0
supplemental_2023_09_legacy,s0_distance_only,120,1d,32071,-0.000472748649881,-0.0018450184501842,0.4357831062330454,0.9366419281029624,32071,-0.0029886658664025,-0.0043574815165448,0.3914751644788126,0.6644137029900755,0.0025159172165215,0.0025124630663605997,-0.044307941754232805,0
supplemental_2023_09_legacy,s0_distance_only,120,2d,32071,-0.0019463077766704,-0.0038167938931298,0.4131146518661719,0.8125007676298209,32071,-0.0044585158869403,-0.0063242937893742,0.3767578185900034,0.6242656429468414,0.0025122081102699,0.0025074998962443997,-0.03635683327616851,0
supplemental_2023_09_legacy,s0_distance_only,120,30m,32106,0.0001752602702512,0.0,0.4100791129383915,1.0830947443829524,32106,-0.002342288054173,-0.0025171071755404,0.2583629228181648,0.374285985746057,0.0025175483244242,0.0025171071755404,-0.1517161901202267,0
supplemental_2023_09_legacy,s0_distance_only,120,3d,32078,-0.0030933187736993,-0.0052356020942409,0.394351268782343,0.7503771571421105,32078,-0.0056026397343582,-0.0077395306981816,0.3609639004925494,0.597429137928836,0.0025093209606589,0.0025039286039407003,-0.033387368289793606,0
supplemental_2023_09_legacy,s0_distance_only,120,5d,32072,-0.0044079065320095,-0.0081450615480119,0.3737528061860813,0.7237125007898171,32072,-0.0069139185343892,-0.0106416667306845,0.3490271888251434,0.6052353914278102,0.0025060120023797,0.0024966051826726,-0.024725617360937924,0
supplemental_2023_09_legacy,s0_distance_only,120,5m,32107,-9.536641500674577e-06,0.0,0.3620394306537515,0.991838188088452,32107,-0.0025266198122922,-0.0025171071755404,0.1518983399258728,0.1600175095475014,0.0025170831707915253,0.0025171071755404,-0.2101410907278787,0
supplemental_2023_09_legacy,s0_distance_only,120,60m,32100,3.2369958334683705e-05,0.0,0.4187227414330218,1.010746881255555,32100,-0.00248481869586,-0.0025171071755405,0.3062305295950155,0.4572809309551007,0.0025171886541946837,0.0025171071755405,-0.11249221183800628,0
supplemental_2023_09_legacy,s0_distance_only,240,15m,21535,-9.980960570894435e-06,0.0,0.3788716043649872,0.9941742950056928,21535,-0.0025270630129639,-0.0025171071755404,0.210680287903413,0.2675300179667951,0.0025170820523930056,0.0025171071755404,-0.16819131646157418,0
supplemental_2023_09_legacy,s0_distance_only,240,1d,21503,-0.0001522192248479,-0.0020040080160319,0.4327303166999953,0.9797898755459982,21503,-0.0026689432482852,-0.0045160708886153,0.3904106403757615,0.702798762982359,0.0025167240234373,0.0025120628725834,-0.04231967632423378,0
supplemental_2023_09_legacy,s0_distance_only,240,2d,21506,-0.0016184967069518,-0.0035671819262781,0.4133265135311076,0.8445660675700513,21506,-0.0041315299528175,-0.0060753101225954,0.3787315167860132,0.6526901474640412,0.0025130332458657006,0.0025081281963173006,-0.03459499674509442,0
supplemental_2023_09_legacy,s0_distance_only,240,30m,21535,0.0001427833724177,0.0,0.4006036684467146,1.0666981464539724,21535,-0.0023746832041739,-0.0025171071755404,0.2568377060599024,0.3732954475290192,0.0025174665765916,0.0025171071755404,-0.14376596238681216,0
supplemental_2023_09_legacy,s0_distance_only,240,3d,21515,-0.0026316852177766,-0.0050251256281408,0.3955844759470137,0.7888081699998004,21515,-0.0051421681595715,-0.0075295840239046,0.3657913083894957,0.6321633557723884,0.0025104829417949,0.0025044583957638004,-0.029793167557517986,0
supplemental_2023_09_legacy,s0_distance_only,240,5d,21514,-0.0035207947695545,-0.0073327222731438,0.3839825230082737,0.7740983084719871,21514,-0.0060290397273169,-0.0098313722008342,0.3604164729943293,0.647814321889673,0.0025082449577624004,0.0024986499276903997,-0.023566050013944406,0
supplemental_2023_09_legacy,s0_distance_only,240,5m,21535,-8.003247766342397e-05,0.0,0.3478523334107267,0.9354886404189352,21535,-0.0025969382028801,-0.0025171071755404,0.1533782214998839,0.1606148542253082,0.002516905725216676,0.0025171071755404,-0.1944741119108428,0
supplemental_2023_09_legacy,s0_distance_only,240,60m,21529,-5.569291682002173e-05,0.0,0.4054995587347299,0.9820896355936538,21529,-0.0025726599073199,-0.0025171071755405,0.2996423428863393,0.4529388646079569,0.002516966990499878,0.0025171071755405,-0.10585721584839064,0
supplemental_2023_09_legacy,s0_liquidity_matched,10,15m,1060744,-5.743172633162659e-05,0.0,0.3816924724532969,0.9647298858187292,1060744,-0.0025743943400621,-0.0025171071755404,0.2022599232236996,0.2367246533484106,0.0025169626137304733,0.0025171071755404,-0.1794325492295973,0
supplemental_2023_09_legacy,s0_liquidity_matched,10,1d,1059883,-0.0001460463230916,-0.0017574692442884,0.4384785867874095,0.9808969935883228,1059883,-0.0026627858843852,-0.0042701526813831,0.3937925223821875,0.7068234759195887,0.0025167395612936,0.0025126834370947,-0.04468606440522199,0
supplemental_2023_09_legacy,s0_liquidity_matched,10,2d,1059761,-0.0021101630796061,-0.004040404040404,0.4015150585839637,0.8055174150199178,1059761,-0.0046219587485187,-0.0065473410859423,0.3664184660503642,0.6261465830609373,0.0025117956689126,0.0025069370455383004,-0.03509659253359948,0
supplemental_2023_09_legacy,s0_liquidity_matched,10,30m,1060705,0.0001009399008256,0.0,0.4021221734601043,1.0483379718273942,1060705,-0.0024164213512623,-0.0025171071755404,0.253751042938423,0.353870533325643,0.0025173612520878997,0.0025171071755404,-0.14837113052168133,0
supplemental_2023_09_legacy,s0_liquidity_matched,10,3d,1059712,-0.0030843472108326,-0.0054644808743169,0.3858727654306075,0.7614987436512866,1059712,-0.0055936907538795,-0.007967833365838,0.3551370561058098,0.6135694926266275,0.0025093435430469,0.0025033524915210994,-0.03073570932479769,0
supplemental_2023_09_legacy,s0_liquidity_matched,10,5d,1059641,-0.0041597054837923,-0.0075088339222615,0.3747825914625802,0.7446771819752529,1059641,-0.0066663422348151,-0.0100070405580565,0.3489304396488999,0.6265241585333883,0.0025066367510228,0.002498206635795,-0.02585215181368028,0
supplemental_2023_09_legacy,s0_liquidity_matched,10,5m,1060765,-5.893629663751279e-05,0.0,0.3560326745320594,0.946934893973748,1060765,-0.0025758951232022,-0.0025171071755404,0.139956540798386,0.1344679234367263,0.0025169588265646875,0.0025171071755404,-0.2160761337336734,0
supplemental_2023_09_legacy,s0_liquidity_matched,10,60m,1060542,-1.2683642035684214e-06,0.0,0.4143815143577529,0.9995836726577794,1060542,-0.002518372347136,-0.0025171071755405,0.3037786339437759,0.455200408486028,0.0025171039829324318,0.0025171071755405,-0.11060288041397698,0
supplemental_2023_09_legacy,s0_liquidity_matched,20,15m,816876,-9.619697361187407e-06,0.0,0.3850731322746659,0.9939812214085396,816876,-0.0025267026590835,-0.0025171071755404,0.204008931588148,0.2426376245113474,0.002517082961722313,0.0025171071755404,-0.18106420068651788,0
supplemental_2023_09_legacy,s0_liquidity_matched,20,1d,816225,-0.0005785844195315,-0.002199413489736,0.4261018714202579,0.9256321016659887,816225,-0.0030942352360778,-0.0047109845057993,0.3825379031517045,0.665377456439337,0.0025156508165463,0.0025115710160632998,-0.04356396826855341,0
supplemental_2023_09_legacy,s0_liquidity_matched,20,2d,816239,-0.0023376910985491,-0.0043292682926828,0.3974375152375713,0.7856722901386998,816239,-0.0048489140550522,-0.0068354782359387,0.3623228000622366,0.6099053366122975,0.0025112229565031,0.0025062099432559,-0.03511471517533471,0
supplemental_2023_09_legacy,s0_liquidity_matched,20,30m,816866,7.618283296726859e-05,0.0,0.4033905193752709,1.036565989126412,816866,-0.0024411161029218,-0.0025171071755404,0.2537086866144508,0.3463383541758665,0.0025172989358890688,0.0025171071755404,-0.1496818327608201,0
supplemental_2023_09_legacy,s0_liquidity_matched,20,3d,816337,-0.0032828400920385,-0.0056726094003242,0.3817320542864038,0.7477028015877655,816337,-0.0057916840072291,-0.008175438010039,0.3514051182293587,0.6023224804791619,0.0025088439151906,0.002502828609714799,-0.030326936057045062,0
supplemental_2023_09_legacy,s0_liquidity_matched,20,5d,816161,-0.0044805044150366,-0.0078563411896745,0.3703533984103627,0.7265854905067711,816161,-0.0069863336807638,-0.0103536731124329,0.3451439115566659,0.6108913846711126,0.0025058292657272,0.002497331922758401,-0.025209486853696783,0
supplemental_2023_09_legacy,s0_liquidity_matched,20,5m,816876,-3.321578747790842e-05,0.0,0.3569048423506138,0.9691445486130688,816876,-0.0025502393553101,-0.0025171071755404,0.139919645086892,0.133194904779064,0.0025170235678321916,0.0025171071755404,-0.2169851972637218,0
supplemental_2023_09_legacy,s0_liquidity_matched,20,60m,816797,-8.67876046261513e-05,0.0,0.4100223188870674,0.9716161801153164,816797,-0.0026036763264601,-0.0025171071755405,0.301216826212633,0.4392269041544973,0.0025168887218339486,0.0025171071755405,-0.1088054926744344,0
supplemental_2023_09_legacy,s0_liquidity_matched,40,15m,605652,-3.773573754475057e-05,0.0,0.3837996076955083,0.9764868716197952,605652,-0.0025547479281834,-0.0025171071755404,0.2026361673039963,0.2364453586070308,0.0025170121906386493,0.0025171071755404,-0.181163440391512,0
supplemental_2023_09_legacy,s0_liquidity_matched,40,1d,605113,-0.0002802878826427,-0.0018099547511313,0.4356888713347754,0.9632225283177686,605113,-0.002796689543541,-0.0043225060765801,0.3911732188863898,0.691489185802774,0.0025164016608983,0.0025125513254488,-0.04451565244838562,0
supplemental_2023_09_legacy,s0_liquidity_matched,40,2d,605051,-0.0020686082018729,-0.003921568627451,0.4039990017370437,0.807569060415417,605051,-0.0045805084688657,-0.00642880479446,0.3687639554351616,0.6262725249503678,0.0025119002669928003,0.002507236167009,-0.03523504630188207,0
supplemental_2023_09_legacy,s0_liquidity_matched,40,30m,605621,3.873618626821289e-05,0.0,0.3980426702508665,1.0184603676542323,605621,-0.0024784684924005,-0.0025171071755404,0.2527224122016905,0.3401670489998468,0.0025172046786687127,0.0025171071755404,-0.14532025804917598,0
supplemental_2023_09_legacy,s0_liquidity_matched,40,3d,605175,-0.0033819688140681,-0.0057183702644746,0.3820911306646837,0.7398645786190433,605175,-0.0058905632116395,-0.0082210836891899,0.3515016317594084,0.5952208948722056,0.0025085943975713997,0.0025027134247153004,-0.030589498905275292,0
supplemental_2023_09_legacy,s0_liquidity_matched,40,5d,605084,-0.004457839394782,-0.0077872956798659,0.3716277409417535,0.7269932692283528,605084,-0.0069637257107951,-0.0102848013975724,0.3463618274487509,0.6108284371747116,0.0025058863160131,0.0024975057177065,-0.025265913493002612,0
supplemental_2023_09_legacy,s0_liquidity_matched,40,5m,605657,-4.759853116242239e-05,0.0,0.3566589670390996,0.956370132304968,605657,-0.0025645858960906,-0.0025171071755404,0.1374986172041271,0.1330269341762784,0.0025169873649281776,0.0025171071755404,-0.2191603498349725,0
supplemental_2023_09_legacy,s0_liquidity_matched,40,60m,605568,-5.0923237034564537e-05,0.0,0.4113460420629888,0.9832758700931168,605568,-0.0025679022333268,-0.0025171071755405,0.3022517702388501,0.4449554082503845,0.0025169789962922354,0.0025171071755405,-0.10909427182413872,0
supplemental_2023_09_legacy,s0_liquidity_matched,60,15m,523781,-1.446111614291204e-05,0.0,0.386203394166646,0.99102384729642,523781,-0.0025315318915007,-0.0025171071755404,0.204665690431688,0.2433840262782394,0.002517070775357788,0.0025171071755404,-0.181537703734958,0
supplemental_2023_09_legacy,s0_liquidity_matched,60,1d,523240,-0.0001332453097517,-0.0017540013998167,0.4376634049384603,0.9824222799427064,523240,-0.0026500170925659,-0.0042666935658479,0.3927796040058099,0.7061837204908054,0.0025167717828142,0.0025126921660312,-0.044883800932650375,0
supplemental_2023_09_legacy,s0_liquidity_matched,60,2d,523299,-0.0019587642934103,-0.0038610038610037,0.4062839791400328,0.8179506767034331,523299,-0.0044709410492917,-0.0063683924760208,0.3717492294080439,0.6353256061909909,0.0025121767558814,0.0025073886150170995,-0.03453474973198889,0
supplemental_2023_09_legacy,s0_liquidity_matched,60,30m,523757,9.62440388865917e-05,0.0,0.4044814675507917,1.045985275130794,523757,-0.0024211053932129,-0.0025171071755404,0.2563421586728196,0.3522796261071779,0.0025173494320994915,0.0025171071755404,-0.14813930887797205,0
supplemental_2023_09_legacy,s0_liquidity_matched,60,3d,523417,-0.0034156304325948,-0.0055910543130992,0.3851346058687432,0.7393114404128645,523417,-0.0059241401002642,-0.0080940882057092,0.353878456374172,0.5955385977622802,0.0025085096676694,0.0025030338926100007,-0.03125614949457123,0
supplemental_2023_09_legacy,s0_liquidity_matched,60,5d,523171,-0.0047028039671061,-0.0076400679117146,0.3731571512947009,0.712447685100488,523171,-0.0072080736810359,-0.0101379442174929,0.3479416863702307,0.5976588389896897,0.0025052697139298,0.0024978763057783,-0.025215464924470188,0
supplemental_2023_09_legacy,s0_liquidity_matched,60,5m,523783,-4.919737865277347e-05,0.0,0.357798935818841,0.9551589604855132,523783,-0.0025661807191134,-0.0025171071755404,0.1389640366334913,0.1329530315429151,0.0025169833404606263,0.0025171071755404,-0.21883489918534968,0
supplemental_2023_09_legacy,s0_liquidity_matched,60,60m,523674,-2.2038500072525823e-05,0.0,0.4149241703808094,0.992796370211387,523674,-0.0025390902023444,-0.0025171071755405,0.3054113818902599,0.4519635938216468,0.002517051702271874,0.0025171071755405,-0.10951278849054952,0
supplemental_2023_09_legacy,s0_liquidity_matched,120,15m,391945,-1.420099766850194e-05,0.0,0.3864547321690543,0.9911927077460232,391945,-0.0025312724277771,-0.0025171071755404,0.2044317442498309,0.2434673822953043,0.002517071430108598,0.0025171071755404,-0.1820229879192234,0
supplemental_2023_09_legacy,s0_liquidity_matched,120,1d,391657,2.8145398598689305e-05,-0.0015764582238571,0.4431505117998657,1.003807253852253,391657,-0.0024890326219267,-0.0040895972850902,0.3973604454918462,0.7177763719212055,0.0025171780205253897,0.0025131390612331004,-0.04579006630801952,0
supplemental_2023_09_legacy,s0_liquidity_matched,120,2d,391515,-0.0018569899103126,-0.0037037037037037,0.4072564269568215,0.8226777683039259,391515,-0.0043694228432239,-0.0062114882600756,0.3719602058669527,0.6350118882303485,0.0025124329329113,0.0025077845563719003,-0.035296221089868796,0
supplemental_2023_09_legacy,s0_liquidity_matched,120,30m,391934,8.785224316463319e-05,0.0,0.4032541193160073,1.0419409430412383,391934,-0.0024294760658885,-0.0025171071755404,0.251555108768313,0.3513574093016872,0.002517328309053133,0.0025171071755404,-0.1516990105476943,0
supplemental_2023_09_legacy,s0_liquidity_matched,120,3d,391641,-0.0033467820054673,-0.005599104143337,0.3824803838208972,0.7376514042204618,391641,-0.005855464972005,-0.0081021177736616,0.3512042916854976,0.5907716951686145,0.0025086829665377,0.002503013630324601,-0.031276092135399614,0
supplemental_2023_09_legacy,s0_liquidity_matched,120,5d,391519,-0.0043063011984422,-0.0074534161490684,0.3748374919224865,0.7317808166259576,391519,-0.0068125689523368,-0.0099517622773376,0.3486267588546149,0.6132181972332713,0.0025062677538946,0.0024983461282692,-0.026210733067871583,0
supplemental_2023_09_legacy,s0_liquidity_matched,120,5m,391949,-5.312496121869248e-05,0.0,0.3580159663629707,0.9517486951857376,391949,-0.0025700984155398,-0.0025171071755404,0.1393854812743494,0.1326799443848001,0.0025169734543211073,0.0025171071755404,-0.21863048508862126,0
supplemental_2023_09_legacy,s0_liquidity_matched,120,60m,391871,4.857745588370342e-05,0.0,0.4148405980539514,1.01616622012475,391871,-0.00246865199432,-0.0025171071755405,0.3043552597666069,0.4610071063054116,0.0025172294502037035,0.0025171071755405,-0.11048533828734453,0
supplemental_2023_09_legacy,s0_liquidity_matched,240,15m,305347,-8.35833628863543e-05,0.0,0.3812154696132597,0.9495590274500983,305347,-0.0026004801501456,-0.0025171071755404,0.203083704768673,0.2354645269418655,0.002516896787259246,0.0025171071755404,-0.1781317648445867,0
supplemental_2023_09_legacy,s0_liquidity_matched,240,1d,305099,8.656368613217007e-05,-0.0014903129657227,0.4447572755072944,1.011499229458455,305099,-0.0024307613794839,-0.0040036688638035,0.4003651273848816,0.7283970646517443,0.0025173250656160702,0.0025133558980808,-0.04439214812241277,0
supplemental_2023_09_legacy,s0_liquidity_matched,240,2d,305100,-0.0017410802846618,-0.0037105751391466,0.4075778433300557,0.835775093138229,305100,-0.004253804974524,-0.0062183423993789,0.3725565388397246,0.6484331595011279,0.0025127246898621995,0.0025077672602323,-0.035021304490331084,0
supplemental_2023_09_legacy,s0_liquidity_matched,240,30m,305343,3.77225152366435e-05,0.0,0.4018104230324585,1.0177187405482968,305343,-0.0024794796119184,-0.0025171071755404,0.2523686477174849,0.3444690758196259,0.0025172021271550435,0.0025171071755404,-0.1494417753149736,0
supplemental_2023_09_legacy,s0_liquidity_matched,240,3d,305092,-0.0032930267109607,-0.0055043213879469,0.384582355486214,0.7449394542238715,305092,-0.0058018449853371,-0.0080075735966252,0.3521462378561221,0.5987182551417511,0.0025088182743763995,0.0025032522086782995,-0.03243611763009191,0
supplemental_2023_09_legacy,s0_liquidity_matched,240,5d,305106,-0.0043603574926983,-0.0074572127139364,0.3716347761105976,0.7311002314178382,305106,-0.0068664891811049,-0.0099555492858451,0.3455487601030461,0.6138262068705329,0.0025061316884066,0.0024983365719087004,-0.026086016007551505,0
supplemental_2023_09_legacy,s0_liquidity_matched,240,5m,305350,-0.0001174588085081,0.0,0.3538857049287702,0.8983860438069574,305350,-0.0026342703276405,-0.0025171071755404,0.1376256754543966,0.1303180814154694,0.0025168115191324,0.0025171071755404,-0.2162600294743736,0
supplemental_2023_09_legacy,s0_liquidity_matched,240,60m,305325,1.6583780843167544e-05,0.0,0.4153148284614755,1.0054864424991563,305325,-0.0025005651378515,-0.0025171071755405,0.303129452223041,0.4563094615665869,0.0025171489186946675,0.0025171071755405,-0.1121853762384345,0
supplemental_2023_09_legacy,s0_random_matched,10,15m,242587,-4.257026522856792e-06,0.0,0.3832521940582141,0.9969645912128352,242587,-0.0025213534866724,-0.0025171071755404,0.1849563249473385,0.2037585502319183,0.002517096460149543,0.0025171071755404,-0.1982958691108756,0
supplemental_2023_09_legacy,s0_random_matched,10,1d,242406,-0.0001008763560018,-0.0016949152542374,0.4378480730674983,0.986292246641462,242406,-0.0026177296149429,-0.0042077561464294,0.3917807315000454,0.7025603872961773,0.0025168532589411002,0.0025128408921919997,-0.0460673415674529,0
supplemental_2023_09_legacy,s0_random_matched,10,2d,242392,-0.0015424868755995,-0.0033783783783782,0.4170063368428001,0.8520418513892936,242392,-0.0040557114463574,-0.0058869818134608,0.3814894881019176,0.6591940266443288,0.0025132245707579,0.0025086034350826,-0.03551684874088251,0
supplemental_2023_09_legacy,s0_random_matched,10,30m,242577,-1.7887620706680783e-05,0.0,0.3987805933785973,0.9910734166763236,242577,-0.0025349497711894,-0.0025171071755404,0.2412759659819356,0.3103384790956692,0.002517062150482719,0.0025171071755404,-0.15750462739666168,0
supplemental_2023_09_legacy,s0_random_matched,10,3d,242375,-0.002767317327208,-0.0048387096774192,0.3971449200618875,0.7810776320886934,242375,-0.0052774588684465,-0.0073436373021102,0.3647240845796802,0.6272318237443595,0.0025101415412385002,0.002504927624691,-0.03242083548220731,0
supplemental_2023_09_legacy,s0_random_matched,10,5d,242355,-0.0042840623172354,-0.0074999999999999,0.3749706009779043,0.7366410604299416,242355,-0.0067903860487758,-0.0099982288717238,0.3496482432794867,0.6190227496990283,0.0025063237315404,0.0024982288717239004,-0.02532235769841762,0
supplemental_2023_09_legacy,s0_random_matched,10,5m,242599,7.73984171797252e-06,0.0,0.3517038404939839,1.0092005834620326,242599,-0.0025093868158353,-0.0025171071755404,0.1095181760848148,0.0904480386668553,0.0025171266575532724,0.0025171071755404,-0.2421856644091691,0
supplemental_2023_09_legacy,s0_random_matched,10,60m,242553,-8.52590975785268e-05,0.0,0.4103969029449233,0.9707988156979348,242553,-0.0026021516668333,-0.0025171071755405,0.2909920718358462,0.4238652161779612,0.0025168925692547733,0.0025171071755405,-0.11940483110907713,0
supplemental_2023_09_legacy,s0_random_matched,20,15m,242481,3.3272782090478e-06,0.0,0.3833537473039125,1.0023893485126685,242481,-0.0025137882724484,-0.0025171071755404,0.1839401850041859,0.2039631397904968,0.002517115550657448,0.0025171071755404,-0.19941356229972657,0
supplemental_2023_09_legacy,s0_random_matched,20,1d,242298,-8.469607163015663e-05,-0.0017035775127767,0.4378286242560814,0.9884751362476862,242298,-0.0026015900580811,-0.0042163966011357,0.391930597858835,0.7040300311718457,0.002516893986450943,0.002512819088359,-0.04589802639724638,0
supplemental_2023_09_legacy,s0_random_matched,20,2d,242281,-0.0015224519111565,-0.0033528918692371,0.4176555322125961,0.8537149618937688,242281,-0.0040357269120671,-0.0058615594565947,0.3825846847255872,0.6603114699930691,0.0025132750009105994,0.0025086675873576,-0.035070847487008894,0
supplemental_2023_09_legacy,s0_random_matched,20,30m,242468,-5.184957279564329e-06,0.0,0.3991537027566524,0.9974040815716768,242468,-0.0025222790817276,-0.0025171071755404,0.2410833594536186,0.3123652435432779,0.0025170941244480357,0.0025171071755404,-0.1580703433030338,0
supplemental_2023_09_legacy,s0_random_matched,20,3d,242265,-0.0027465455927719,-0.0048309178743959,0.3971725176975625,0.7824082075775161,242265,-0.0052567394186922,-0.0073358651118902,0.3646667904980084,0.6282188470589832,0.0025101938259202996,0.0025049472374943,-0.032505727199554135,0
supplemental_2023_09_legacy,s0_random_matched,20,5d,242245,-0.0042631410734789,-0.0075062552126771,0.3749385952238436,0.7375903033511526,242245,-0.0067695174660322,-0.0100044683393603,0.3492538545687217,0.6197529167005629,0.0025063763925533,0.0024982131266831995,-0.025684740655121885,0
supplemental_2023_09_legacy,s0_random_matched,20,5m,242491,2.159769036968967e-05,0.0,0.3533615680581959,1.0259234314150747,242491,-0.0024955638488738,-0.0025171071755404,0.1100040826257469,0.0917930664210604,0.0025171615392434897,0.0025171071755404,-0.243357485432449,0
supplemental_2023_09_legacy,s0_random_matched,20,60m,242445,-7.62108204987564e-05,0.0,0.4103899853575037,0.973799535149513,242445,-0.0025931261652367,-0.0025171071755405,0.2907669780775021,0.4245556474310248,0.0025169153447379437,0.0025171071755405,-0.11962300728000158,0
supplemental_2023_09_legacy,s0_random_matched,40,15m,242505,5.252534773880263e-06,0.0,0.3839879590111544,1.0037885342662556,242505,-0.0025118678619607,-0.0025171071755404,0.1843590853796829,0.2027792797096314,0.0025171203967345804,0.0025171071755404,-0.1996288736314715,0
supplemental_2023_09_legacy,s0_random_matched,40,1d,242326,-8.62608146925071e-05,-0.0016694490818029,0.4386074956876274,0.9882464912346977,242326,-0.0026031508625174,-0.0041823540750803,0.3920214917095153,0.7034819632134475,0.0025168900478248933,0.0025129049932773994,-0.046586003978112134,0
supplemental_2023_09_legacy,s0_random_matched,40,2d,242308,-0.0015255802336583,-0.0033388981636061,0.4174769301880252,0.8532889311793468,242308,-0.0040388473602459,-0.0058476009746206,0.3818693563563728,0.659817543880146,0.0025132671265876,0.0025087028110145,-0.03560757383165236,0
supplemental_2023_09_legacy,s0_random_matched,40,30m,242490,-1.5256452250363096e-05,0.0,0.3991628520763743,0.9923408336614216,242490,-0.0025323252256662,-0.0025171071755404,0.2401171182316796,0.308950748047559,0.002517068773415837,0.0025171071755404,-0.1590457338446947,0
supplemental_2023_09_legacy,s0_random_matched,40,3d,242292,-0.0027482194598458,-0.004830917874396,0.3973016030244498,0.7822336480973386,242292,-0.0052584090724632,-0.0073358651118904,0.3652411140277021,0.6280086984450303,0.0025101896126174,0.0025049472374944004,-0.03206048899674768,0
supplemental_2023_09_legacy,s0_random_matched,40,5d,242275,-0.0042717578539818,-0.0075357950263752,0.3747105561861521,0.7369748009689958,242275,-0.0067781125571749,-0.0100339337981815,0.3496233618821587,0.6191608465427985,0.0025063547031931,0.0024981387718063,-0.02508719430399342,0
supplemental_2023_09_legacy,s0_random_matched,40,5m,242515,2.436702952622063e-05,0.0,0.3522874873719151,1.029414996266684,242515,-0.0024928014804408,-0.0025171071755404,0.1089623322268725,0.0922012684850008,0.002517168509967021,0.0025171071755404,-0.2433251551450426,0
supplemental_2023_09_legacy,s0_random_matched,40,60m,242473,-7.295456454075287e-05,0.0,0.4098683152350983,0.9749110971938436,242473,-0.0025898781056239,-0.0025171071755405,0.2911994325141356,0.4251929927999786,0.0025169235410831474,0.0025171071755405,-0.11866888272096271,0
supplemental_2023_09_legacy,s0_random_matched,60,15m,242499,3.006732000105388e-06,0.0,0.3834077666299655,1.0021548142978731,242499,-0.0025141080118082,-0.0025171071755404,0.184099728246302,0.2045337472046091,0.0025171147438083053,0.0025171071755404,-0.1993080383836635,0
supplemental_2023_09_legacy,s0_random_matched,60,1d,242314,-9.150175901638238e-05,-0.0016949152542373,0.4381793870762729,0.9875350530369472,242314,-0.0026083786148228,-0.0042077561464294,0.3915745685350413,0.7029711479132461,0.002516876855806418,0.0025128408921921,-0.04660481854123161,0
supplemental_2023_09_legacy,s0_random_matched,60,2d,242298,-0.0015353436222171,-0.0033632286995514,0.4171433524007627,0.8523259252155468,242298,-0.0040485861733093,-0.0058718702679992,0.3817406664520549,0.6589778175214167,0.0025132425510922,0.0025086415684477995,-0.035402685948707824,0
supplemental_2023_09_legacy,s0_random_matched,60,30m,242487,-2.976832260859528e-05,0.0,0.3998647350167225,0.9851338465944476,242487,-0.0025468005680914,-0.0025171071755404,0.2411716916783167,0.3067516581175047,0.002517032245482805,0.0025171071755404,-0.15869304333840578,0
supplemental_2023_09_legacy,s0_random_matched,60,3d,242281,-0.0027541212387581,-0.0048169556840077,0.3965395553097436,0.7816066732543587,242281,-0.0052642959959655,-0.0073219380658317,0.3649481387314729,0.6273827898831726,0.0025101747572073996,0.0025049823818240006,-0.03159141657827069,0
supplemental_2023_09_legacy,s0_random_matched,60,5d,242264,-0.004263761640385,-0.0075022774986351,0.375227025063567,0.7372806505114878,242264,-0.0067701364709049,-0.0100005006376507,0.350035498464485,0.6193394091750741,0.0025063748305199,0.0024982231390156,-0.02519152659908197,0
supplemental_2023_09_legacy,s0_random_matched,60,5m,242506,1.056626493784454e-05,0.0,0.3521727297468928,1.012570440498638,242506,-0.0025065675070255,-0.0025171071755404,0.108533397111824,0.0914943716541937,0.0025171337719633448,0.0025171071755404,-0.2436393326350688,0
supplemental_2023_09_legacy,s0_random_matched,60,60m,242461,-8.358767534718745e-05,0.0,0.4110475499152441,0.9713572753036442,242461,-0.0026004844517508,-0.0025171071755405,0.2913128296921979,0.4239432242327772,0.0025168967764036126,0.0025171071755405,-0.11973472022304621,0
supplemental_2023_09_legacy,s0_random_matched,120,15m,242341,1.1777651083125752e-05,0.0,0.3825147209923207,1.00848577358367,242341,-0.0025053591700684,-0.0025171071755404,0.1848387189951349,0.2055934367483547,0.002517136821151526,0.0025171071755404,-0.1976760019971858,0
supplemental_2023_09_legacy,s0_random_matched,120,1d,242155,-7.004199781995964e-05,-0.0016906170752324,0.4380087134273502,0.9904477833361248,242155,-0.0025869728701452,-0.0042034687864017,0.3921579153847742,0.7051227218677865,0.0025169308723252404,0.0025128517111693,-0.045850798042576024,0
supplemental_2023_09_legacy,s0_random_matched,120,2d,242139,-0.0015106302969681,-0.0033420455032346,0.4181152148146312,0.8546402483096005,242139,-0.0040239350541487,-0.005850740392058,0.3826686324796914,0.6608471622239096,0.0025133047571805995,0.0025086948888234,-0.0354465823349398,0
supplemental_2023_09_legacy,s0_random_matched,120,30m,242325,-1.3306326479088096e-05,0.0,0.3996203445785618,0.99332063708242,242325,-0.0025303800085704,-0.0025171071755404,0.2412875270813989,0.3090067992067056,0.002517073682091312,0.0025171071755404,-0.15833281749716294,0
supplemental_2023_09_legacy,s0_random_matched,120,3d,242123,-0.0027311932883859,-0.0048030739673391,0.3969511364058763,0.7832697964581351,242123,-0.0052414257577015,-0.0073080912909317,0.3642983111889412,0.6287746978631404,0.0025102324693155997,0.0025050173235925998,-0.03265282521693513,0
supplemental_2023_09_legacy,s0_random_matched,120,5d,242103,-0.0042369924298951,-0.0074738415545592,0.3752245944907746,0.7386809299972226,242103,-0.0067434346413868,-0.0099721362698937,0.3502600133001243,0.6205079184900595,0.0025064422114917002,0.0024982947153345007,-0.024964581190650315,0
supplemental_2023_09_legacy,s0_random_matched,120,5m,242349,9.928275646869624e-06,0.0,0.3508163846353812,1.011882054670189,242349,-0.0025072038904291,-0.0025171071755404,0.1095197421899822,0.0900376159593701,0.00251713216607597,0.0025171071755404,-0.24129664244539897,0
supplemental_2023_09_legacy,s0_random_matched,120,60m,242302,-7.831978968233822e-05,0.0,0.4108096507663989,0.9730681314565912,242302,-0.0025952298259187,-0.0025171071755405,0.2916773282927916,0.4237365144919477,0.002516910036236362,0.0025171071755405,-0.11913232247360733,0
supplemental_2023_09_legacy,s0_random_matched,240,15m,242157,-5.655490807526847e-06,0.0,0.3822396214026437,0.9959449230802612,242157,-0.0025227484308726,-0.0025171071755404,0.1831951998083887,0.2023674736311091,0.0025170929400650734,0.0025171071755404,-0.19904442159425503,0
supplemental_2023_09_legacy,s0_random_matched,240,1d,241973,-9.418068224340452e-05,-0.0016949152542373,0.4378257078269063,0.9871642258555836,241973,-0.0026110507949128,-0.0042077561464293,0.3915354192409897,0.7025621398599698,0.002516870112669395,0.002512840892192,-0.04629028858591655,0
supplemental_2023_09_legacy,s0_random_matched,240,2d,241956,-0.0015334581872933,-0.0033726812816188,0.4173982046322472,0.8525365228881472,241956,-0.0040467054842274,-0.0058812990569044,0.3817016317016317,0.6591822561792958,0.0025132472969341,0.0025086177752856,-0.03569657293061551,0
supplemental_2023_09_legacy,s0_random_matched,240,30m,242145,-3.007930156676876e-05,0.0,0.3970720023126639,0.9849817456879906,242145,-0.0025471107642822,-0.0025171071755404,0.2393400648371843,0.3075653616342038,0.0025170314627154314,0.0025171071755404,-0.15773193747547956,0
supplemental_2023_09_legacy,s0_random_matched,240,3d,241940,-0.0027487006791262,-0.0048465266558966,0.3967057948251632,0.7820899290948797,241940,-0.0052588890804632,-0.007351434604415,0.3644787963958006,0.6278535409782932,0.0025101884013369997,0.0025049079485184,-0.03222699842936261,0
supplemental_2023_09_legacy,s0_random_matched,240,5d,241921,-0.0042588554218372,-0.0075301204819276,0.3746801641858293,0.7376697390378316,241921,-0.006765242601835,-0.0100282735371703,0.3496347981365817,0.6197605456767252,0.0025063871799977993,0.0024981530552427005,-0.025045366049247564,0
supplemental_2023_09_legacy,s0_random_matched,240,5m,242167,2.188327534422493e-05,0.0,0.3530827899755128,1.02633048349293,242167,-0.0024952789827473,-0.0025171071755404,0.1091230431892041,0.0917730328643248,0.0025171622580915246,0.0025171071755404,-0.2439597467863087,0
supplemental_2023_09_legacy,s0_random_matched,240,60m,242120,-6.665878659494446e-05,0.0,0.4111762762266644,0.9770728366607886,242120,-0.0025835981748259,-0.0025171071755405,0.2908268627127044,0.4261741553789425,0.002516939388230956,0.0025171071755405,-0.12034941351396,0
supplemental_2023_09_legacy,s0_strong_no_ma,10,15m,108604,-0.0004944209470247,0.0,0.3350429081801775,0.7721902014448264,108604,-0.0030102836120524,-0.0025171071755405,0.1920647489963537,0.2451536470741482,0.0025158626650277002,0.0025171071755405,-0.1429781591838238,0
supplemental_2023_09_legacy,s0_strong_no_ma,10,1d,108507,-0.0001936638121908,-0.0019392372333548,0.4322762586745555,0.975324640165215,108507,-0.0027102835151599,-0.0044514631409401,0.387735353479499,0.7085796113991054,0.0025166197029691,0.0025122259075853,-0.04454090519505649,0
supplemental_2023_09_legacy,s0_strong_no_ma,10,2d,108490,-0.0023623009574232,-0.0045662100456618,0.3890588994377362,0.7881548033527774,108490,-0.0048734619682729,-0.0070718235811313,0.35596829200848,0.6159990977927898,0.0025111610108497,0.0025056135354694998,-0.03309060742925618,0
supplemental_2023_09_legacy,s0_strong_no_ma,10,30m,108599,-0.000356227342875,-0.0005396654074474,0.3544047366918664,0.8633823028696244,108599,-0.0028724378560152,-0.0030554141873183,0.234615420031492,0.3390749582997682,0.0025162105131402,0.0025157487798709,-0.1197893166603744,0
supplemental_2023_09_legacy,s0_strong_no_ma,10,3d,108501,-0.0045315335945651,-0.0069605568445474,0.3583284946682519,0.6737723748908541,108501,-0.0070372344143788,-0.0094601435525086,0.3282550391240634,0.545957374648655,0.0025057008198137,0.0024995867079612008,-0.0300734555441885,0
supplemental_2023_09_legacy,s0_strong_no_ma,10,5d,108490,-0.0048086286068784,-0.008116883116883,0.3635726795096322,0.7116092457888795,108490,-0.0073136319488481,-0.0106135592276869,0.3390727255968292,0.5994048801600123,0.0025050033419697004,0.0024966761108039005,-0.024499953912802963,0
supplemental_2023_09_legacy,s0_strong_no_ma,10,5m,108608,-0.0004869856515467,0.0,0.3057785798467884,0.7031660586637666,108608,-0.0030028670320103,-0.0025171071755405,0.1390965674720094,0.1587922387506673,0.0025158813804636,0.0025171071755405,-0.166682012374779,0
supplemental_2023_09_legacy,s0_strong_no_ma,10,60m,108584,-0.000248503529759,-0.0008425783061822,0.3883445074780814,0.9298115462715744,108584,-0.0027649851952818,-0.0033575646218222,0.2931555293597583,0.4645128900920163,0.0025164816655228,0.00251498631564,-0.09518897811832311,0
supplemental_2023_09_legacy,s0_strong_no_ma,20,15m,108600,-0.0004948774403581,0.0,0.3350276243093922,0.7719850633899205,108600,-0.0030107389563432,-0.0025171071755405,0.1920534069981583,0.2450566941398027,0.0025158615159851,0.0025171071755405,-0.14297421731123391,0
supplemental_2023_09_legacy,s0_strong_no_ma,20,1d,108503,-0.000191291974985,-0.0019379844961241,0.4322921946858612,0.9756203529125216,108503,-0.0027079176481226,-0.0044502135569832,0.387749647475185,0.7087675204866342,0.0025166256731376,0.0025122290608591,-0.04454254721067624,0
supplemental_2023_09_legacy,s0_strong_no_ma,20,2d,108486,-0.002359402402897,-0.0045662100456618,0.3890640266946887,0.7883616731888022,108486,-0.0048705707097191,-0.0070718235811313,0.3559721991777741,0.6161422026027258,0.0025111683068220997,0.0025056135354694998,-0.033091827516914585,0
supplemental_2023_09_legacy,s0_strong_no_ma,20,30m,108595,-0.0003561290428678,-0.0005393743257818,0.3544085823472535,0.8634177872200607,108595,-0.0028723398034395,-0.0030551238383365,0.2346148533542059,0.3390903062052608,0.0025162107605717,0.0025157495125547,-0.11979372899304758,0
supplemental_2023_09_legacy,s0_strong_no_ma,20,3d,108497,-0.0045275739043449,-0.0069605568445473,0.358332488455902,0.6739674676558478,108497,-0.0070332846911232,-0.0094601435525084,0.3282579241822354,0.5460999748878808,0.0025057107867783,0.002499586707961101,-0.03007456427366656,0
supplemental_2023_09_legacy,s0_strong_no_ma,20,5d,108486,-0.0048037291232166,-0.008116883116883,0.3635860848404402,0.7118259695493782,108486,-0.0073087447977117,-0.0106135592276868,0.3390852275869697,0.599574228472639,0.0025050156744951006,0.0024966761108038,-0.02450085725347051,0
supplemental_2023_09_legacy,s0_strong_no_ma,20,5m,108604,-0.0004872480935008,0.0,0.3057622187028102,0.7030045934162454,108604,-0.0030031288133698,-0.0025171071755405,0.1390740672535081,0.1587282775610783,0.002515880719869,0.0025171071755405,-0.16668815144930207,0
supplemental_2023_09_legacy,s0_strong_no_ma,20,60m,108580,-0.0002478096163591,-0.0008424599831509,0.3883496039786333,0.929996082016446,108580,-0.0027642930285364,-0.0033574465966226,0.2931663289740284,0.4645843298228569,0.0025164834121773,0.0025149866134717,-0.09518327500460488,0
supplemental_2023_09_legacy,s0_strong_no_ma,40,15m,108589,-0.0004952054129688,0.0,0.3350247262614076,0.7718323911321212,108589,-0.0030110661034116,-0.0025171071755405,0.1920452347843704,0.2449733514884944,0.0025158606904428,0.0025171071755405,-0.1429794914770372,0
supplemental_2023_09_legacy,s0_strong_no_ma,40,1d,108492,-0.0001912900192937,-0.001937984496124,0.432299155698116,0.9756143440794623,108492,-0.0027079156973539,-0.0044502135569832,0.387752092320171,0.7087043919191578,0.0025166256780601998,0.0025122290608592,-0.044547063377945006,0
supplemental_2023_09_legacy,s0_strong_no_ma,40,2d,108475,-0.0023571385194716,-0.0045645753154929,0.3890666052085734,0.788515206840009,108475,-0.004868312524731,-0.0070701929657531,0.3559806407006222,0.6162411629228473,0.0025111740052594,0.0025056176502602006,-0.033085964507951204,0
supplemental_2023_09_legacy,s0_strong_no_ma,40,30m,108584,-0.0003571118049119,-0.0005395198666146,0.354389228615634,0.8630412728890869,108584,-0.0028733200917663,-0.0030552690128274,0.2345925734914904,0.3388727595504313,0.0025162082868544,0.0025157491462128,-0.11979665512414359,0
supplemental_2023_09_legacy,s0_strong_no_ma,40,3d,108486,-0.0045244738765765,-0.0069573861180742,0.3583319506664454,0.6741295451818182,108486,-0.007030192466457,-0.009456980807094,0.3282543369651383,0.5462235282964426,0.0025057185898805,0.0024995946890197995,-0.030077613701307127,0
supplemental_2023_09_legacy,s0_strong_no_ma,40,5d,108475,-0.0048000674974728,-0.0081154192966638,0.363586079741876,0.7119806757855962,108475,-0.0073050923886725,-0.01061209909206,0.3390827379580548,0.5996921451227585,0.0025050248911996998,0.0024966797953962,-0.024503341783821186,0
supplemental_2023_09_legacy,s0_strong_no_ma,40,5m,108593,-0.000487872399517,0.0,0.3057379389095061,0.7026244691793762,108593,-0.0030037515479408,-0.0025171071755405,0.1390421113699778,0.1585697775971418,0.0025158791484238,0.0025171071755405,-0.16669582753952833,0
supplemental_2023_09_legacy,s0_strong_no_ma,40,60m,108569,-0.0002473696988828,-0.000841750841751,0.3883613186084426,0.930103542741373,108569,-0.0027638542183795,-0.0033567392402078,0.2931776105518149,0.4645790841725722,0.0025164845194967,0.0025149883984568,-0.09518370805662768,0
supplemental_2023_09_legacy,s0_strong_no_ma,60,15m,108564,-0.000495515776589,0.0,0.3350466084521573,0.7716578996866627,108564,-0.0030113756858134,-0.0025171071755405,0.1920434029696768,0.2448312287478692,0.0025158599092244003,0.0025171071755405,-0.14300320548248047,0
supplemental_2023_09_legacy,s0_strong_no_ma,60,1d,108467,-0.0001929575442748,-0.0019352341633338,0.4323342583458563,0.975388959571704,108467,-0.002709579024996,-0.0044474701470753,0.3877769275447832,0.7083952621388336,0.0025166214807212004,0.0025122359837415004,-0.0445573308010731,0
supplemental_2023_09_legacy,s0_strong_no_ma,60,2d,108450,-0.0023593131846059,-0.0045585778290059,0.3890825265099124,0.7881776377161045,108450,-0.0048704817160001,-0.0070642105755826,0.3559981558321807,0.6158426224372342,0.0025111685313941997,0.0025056327465767005,-0.03308437067773168,0
supplemental_2023_09_legacy,s0_strong_no_ma,60,30m,108559,-0.0003575847177796,-0.0005396654074474,0.3544063596753839,0.8628514167707204,108559,-0.0028737918142616,-0.0030554141873183,0.2345913282178354,0.3387341370596576,0.0025162070964820002,0.0025157487798709,-0.11981503145754852,0
supplemental_2023_09_legacy,s0_strong_no_ma,60,3d,108461,-0.0045216552640003,-0.0069560378408459,0.3583500059929375,0.6741007589773209,108461,-0.0070273809486307,-0.0094556359236238,0.3282746793778409,0.5461152211702487,0.0025057256846303996,0.0024995980827778996,-0.030075326615096598,0
supplemental_2023_09_legacy,s0_strong_no_ma,60,5d,108450,-0.0047860541838823,-0.0081135902636916,0.3636237897648686,0.7125680779689211,108450,-0.0072911143480941,-0.0106102746629597,0.3391147994467496,0.6001349712382131,0.0025050601642118003,0.0024966843992681002,-0.024508990318118984,0
supplemental_2023_09_legacy,s0_strong_no_ma,60,5m,108568,-0.0004887194215573,0.0,0.305734654778572,0.7021168145778017,108568,-0.0030045964379359,-0.0025171071755405,0.1390096529364085,0.1583543335795238,0.0025158770163785996,0.0025171071755405,-0.1667250018421635,0
supplemental_2023_09_legacy,s0_strong_no_ma,60,60m,108544,-0.0002496480435847,-0.0008421054124509,0.3883678508254717,0.9294557540452548,108544,-0.0027661268282436,-0.003357092918415,0.2931714327830189,0.4641163503466087,0.0025164787846589,0.0025149875059641003,-0.09519641804245282,0
supplemental_2023_09_legacy,s0_strong_no_ma,120,15m,108519,-0.0004949671317266,0.0,0.3350196739741428,0.7718333334113456,108519,-0.0030108284219488,-0.0025171071755405,0.1920677485048701,0.2448246441701272,0.0025158612902222,0.0025171071755405,-0.14295192546927268,0
supplemental_2023_09_legacy,s0_strong_no_ma,120,1d,108422,-0.000190909044038,-0.0019372339211836,0.4323292320746711,0.975645253622022,108422,-0.0027075356810538,-0.0044494648713201,0.3877718544206895,0.7085653788797036,0.0025166266370157996,0.0025122309501364997,-0.0445573776539816,0
supplemental_2023_09_legacy,s0_strong_no_ma,120,2d,108405,-0.0023575038487601,-0.0045592705167173,0.3890872192242055,0.7883124642834693,108405,-0.0048686769344465,-0.0070649015197248,0.3560260135602601,0.6159398930516453,0.0025111730856864,0.0025056310030075,-0.03306120566394544,0
supplemental_2023_09_legacy,s0_strong_no_ma,120,30m,108514,-0.0003569116393862,-0.0005369127903724,0.3544243139134121,0.8630676078932754,108514,-0.0028731204300787,-0.0030526684988755,0.2345780267983854,0.3387625342185852,0.0025162087906925,0.0025157557085031,-0.1198462871150267,0
supplemental_2023_09_legacy,s0_strong_no_ma,120,3d,108416,-0.0045168557356918,-0.0069547029229481,0.3583603896103896,0.6743852043685902,108416,-0.0070225935012494,-0.0094543043658574,0.3282910271546635,0.5463469192464547,0.0025057377655576,0.0024996014429093,-0.030069362455726056,0
supplemental_2023_09_legacy,s0_strong_no_ma,120,5d,108405,-0.0047804198989418,-0.0081081081081082,0.3636732623033993,0.7128598104219894,108405,-0.0072854942452526,-0.0106048063065496,0.3391633227249666,0.6003812414763131,0.0025050743463108007,0.002496698198441399,-0.024509939578432727,0
supplemental_2023_09_legacy,s0_strong_no_ma,120,5m,108523,-0.0004887492644372,0.0,0.3057139961114233,0.7020499599105695,108523,-0.0030046262056981,-0.0025171071755405,0.1390120066713968,0.1582898270852219,0.0025158769412608997,0.0025171071755405,-0.1667019894400265,0
supplemental_2023_09_legacy,s0_strong_no_ma,120,60m,108499,-0.0002491607672735,-0.0008417508417509,0.3883538097125319,0.929581385676334,108499,-0.0027656407784591,-0.0033567392402077,0.2931732089696679,0.4641490886961277,0.0025164800111856,0.0025149883984568002,-0.095180600742864,0
supplemental_2023_09_legacy,s0_strong_no_ma,240,15m,108443,-0.0004942300968895,0.0,0.3349962653191077,0.772059434503244,108443,-0.0030100932423074,-0.0025171071755405,0.1920640336397923,0.2448115207317759,0.0025158631454179,0.0025171071755405,-0.1429322316793154,0
supplemental_2023_09_legacy,s0_strong_no_ma,240,1d,108346,-0.0001943584682699,-0.0019417475728156,0.4321802373876285,0.9752006497666628,108346,-0.0027109764227153,-0.0044539671616074,0.3876285234341831,0.7081616632624039,0.0025166179544454,0.0025122195887917996,-0.044551713953445427,0
supplemental_2023_09_legacy,s0_strong_no_ma,240,2d,108329,-0.0023608517700766,-0.0045662100456618,0.3889909442531547,0.7879986661389231,108329,-0.0048720164286862,-0.0070718235811313,0.3559434685079711,0.6156624419983338,0.0025111646586096,0.0025056135354694998,-0.03304747574518363,0
supplemental_2023_09_legacy,s0_strong_no_ma,240,30m,108438,-0.0003560538784541,-0.0005350454788658,0.3543868385621276,0.8633214172324892,108438,-0.0028722648282228,-0.0030508058875922,0.234548774414873,0.338757336417509,0.0025162109497687,0.0025157604087264,-0.11983806414725459,0
supplemental_2023_09_legacy,s0_strong_no_ma,240,3d,108340,-0.0045205971525074,-0.0069605568445473,0.3582333394868008,0.6741826505205277,108340,-0.0070263255005179,-0.0094601435525085,0.3281705741185158,0.5461985061930148,0.0025057283480104994,0.0024995867079612,-0.030062765368285005,0
supplemental_2023_09_legacy,s0_strong_no_ma,240,5d,108329,-0.0047837489635453,-0.0081135902636917,0.3635591577509254,0.7126801213738452,108329,-0.0072888149302438,-0.0106102746629601,0.3390412539578506,0.6002314046372943,0.0025050659666985,0.0024966843992683986,-0.02451790379307478,0
supplemental_2023_09_legacy,s0_strong_no_ma,240,5m,108447,-0.0004878615545214,0.0,0.305697714090754,0.702372613722414,108447,-0.0030037407302433,-0.0025171071755405,0.1389895525002996,0.1582630287845414,0.0025158791757218997,0.0025171071755405,-0.16670816159045443,0
supplemental_2023_09_legacy,s0_strong_no_ma,240,60m,108423,-0.0002493216304651,-0.0008431703204045,0.3882478809846619,0.9295172687852602,108423,-0.0027658012367408,-0.0033581551458812,0.2931112402350055,0.4640469290446786,0.0025164796062757,0.0025149848254767,-0.09513664074965639,0
supplemental_2023_09_legacy,s1_break_reclaim_stable3,10,15m,61984,-1.496550983301163e-05,0.0,0.375,0.9911448998616588,61984,-0.0025320350155811,-0.0025171071755404,0.2079730252968508,0.2629236289183588,0.002517069505748088,0.0025171071755404,-0.1670269747031492,0
supplemental_2023_09_legacy,s1_break_reclaim_stable3,10,1d,61934,-0.0002569290443219,-0.0018645847751578,0.430861885232667,0.964852680997373,61934,-0.0027733895019214,-0.0043769985909815,0.3863951948848774,0.6836620601358255,0.0025164604575995,0.0025124138158237,-0.044466690347789606,0
supplemental_2023_09_legacy,s1_break_reclaim_stable3,10,2d,61928,-0.0026653353266918,-0.004830917874396,0.3791822761917065,0.7476758264708501,61928,-0.0051757335675564,-0.0073358651118904,0.344173879343754,0.5733782893860565,0.0025103982408646005,0.0025049472374944004,-0.03500839684795254,0
supplemental_2023_09_legacy,s1_break_reclaim_stable3,10,30m,61984,0.0003321634911399,0.0,0.4097831698502839,1.1611312019163411,61984,-0.0021857797755072,-0.0025171071755404,0.269101703665462,0.4067373453785077,0.0025179432666470997,0.0025171071755404,-0.1406814661848219,0
supplemental_2023_09_legacy,s1_break_reclaim_stable3,10,3d,61927,-0.0036676276065495,-0.0061728395061728,0.3659954462512313,0.7079613809890121,61927,-0.0061755029703244,-0.0086744089830989,0.3365414116621183,0.5636021055771296,0.0025078753637749,0.0025015694769261005,-0.029454034589113,0
supplemental_2023_09_legacy,s1_break_reclaim_stable3,10,5d,61935,-0.0047335229080624,-0.0079575596816975,0.3618632437232582,0.7009531976408463,61935,-0.0072387152991253,-0.0104546368266632,0.3369823201743763,0.5844211145910154,0.0025051923910628998,0.0024970771449656995,-0.024880923548881884,0
supplemental_2023_09_legacy,s1_break_reclaim_stable3,10,5m,61985,-4.833515239679078e-05,0.0,0.3494716463660563,0.9575410698908094,61985,-0.0025653206631782,-0.0025171071755404,0.144357505848189,0.1469010316232037,0.002516985510781409,0.0025171071755404,-0.20511414051786733,0
supplemental_2023_09_legacy,s1_break_reclaim_stable3,10,60m,61976,0.0001480717267206,0.0,0.4148702723634955,1.0497002961502426,61976,-0.0023694081612254,-0.0025171071755405,0.3078933780818381,0.4793124657445083,0.002517479887946,0.0025171071755405,-0.10697689428165741,0
supplemental_2023_09_legacy,s1_break_reclaim_stable3,20,15m,45602,-2.966739290466841e-05,0.0,0.3771764396298408,0.9824365453310664,45602,-0.0025466998924371,-0.0025171071755404,0.2090478487785623,0.2575233056500912,0.0025170324995324313,0.0025171071755404,-0.16812859085127851,0
supplemental_2023_09_legacy,s1_break_reclaim_stable3,20,1d,45579,-0.0008157815720594,-0.0027100271002709,0.4066126944426161,0.8914071214342025,45579,-0.0033308353379512,-0.0052203128471512,0.3631058162750389,0.6310729756308497,0.0025150537658918,0.0025102857468803003,-0.0435068781675772,0
supplemental_2023_09_legacy,s1_break_reclaim_stable3,20,2d,45575,-0.0024635083984796,-0.0046500244738129,0.3814591332967635,0.7647022705278493,45575,-0.0049744146593533,-0.0071554270393839,0.3470323642347778,0.5866230858975714,0.0025109062608737,0.002505402565570999,-0.03442676906198572,0
supplemental_2023_09_legacy,s1_break_reclaim_stable3,20,30m,45602,0.000152877254388,0.0,0.4035130038156221,1.0723735411909892,45602,-0.0023646147295862,-0.0025171071755404,0.2617648348756633,0.3696636905816078,0.0025174919839742,0.0025171071755404,-0.14174816893995879,0
supplemental_2023_09_legacy,s1_break_reclaim_stable3,20,3d,45570,-0.0034205249355478,-0.0058365758754863,0.3730963353083169,0.7252664871601513,45570,-0.0059290222832288,-0.00833899176401,0.3414746543778801,0.577301232893244,0.0025084973476809996,0.0025024158885237,-0.03162168093043677,0
supplemental_2023_09_legacy,s1_break_reclaim_stable3,20,5d,45564,-0.0044456310285973,-0.0081632653061223,0.3569923623913616,0.7163107175909285,45564,-0.0069515480743759,-0.0106598246679849,0.3308533052409797,0.5975729663466675,0.0025059170457785995,0.0024965593618625995,-0.026139057150381895,0
supplemental_2023_09_legacy,s1_break_reclaim_stable3,20,5m,45605,-6.145829662642228e-05,0.0,0.3503563205788839,0.9457543422911284,45605,-0.0025784107750469,-0.0025171071755404,0.1439096590286152,0.1398362282888602,0.002516952478420478,0.0025171071755404,-0.2064466615502687,0
supplemental_2023_09_legacy,s1_break_reclaim_stable3,20,60m,45601,-0.0001779488548307,0.0,0.3999473695752286,0.9417856756121205,45601,-0.0026946081140316,-0.0025171071755405,0.2925813030415999,0.42219134051827,0.0025166592592009,0.0025171071755405,-0.10736606653362868,0
supplemental_2023_09_legacy,s1_break_reclaim_stable3,40,15m,31942,-4.712011312511179e-05,0.0,0.3760879093356709,0.9727399422890544,31942,-0.0025641086822905,-0.0025171071755404,0.209254273370484,0.260110523633899,0.0025169885691653884,0.0025171071755404,-0.16683363596518688,0
supplemental_2023_09_legacy,s1_break_reclaim_stable3,40,1d,31929,-0.0010817140840084,-0.0027662517289073,0.4101600425945065,0.8614888078653741,31929,-0.0035960984692661,-0.0052763959523713,0.3685990792069905,0.6138763525290781,0.0025143843852577005,0.0025101442234639997,-0.041560963387516026,0
supplemental_2023_09_legacy,s1_break_reclaim_stable3,40,2d,31913,-0.002975171236954,-0.0048543689320388,0.3820073324350578,0.726307766620634,31913,-0.0054847895876254,-0.0073592571407077,0.3475699558173785,0.558772651424547,0.0025096183506714003,0.0025048882086689,-0.034437376617679316,0
supplemental_2023_09_legacy,s1_break_reclaim_stable3,40,30m,31942,5.540765731854943e-05,0.0,0.3951850228539227,1.0249936178374874,31942,-0.0024618389852336,-0.0025171071755404,0.2574666583182017,0.3638678069353376,0.0025172466425521494,0.0025171071755404,-0.137718364535721,0
supplemental_2023_09_legacy,s1_break_reclaim_stable3,40,3d,31908,-0.0040966055832929,-0.0064377682403432,0.3656763194183277,0.683826802042744,31908,-0.0066034011635242,-0.0089386708632513,0.3333960135389244,0.546162543703072,0.0025067955802313005,0.0025009026229080994,-0.03228030587940328,0
supplemental_2023_09_legacy,s1_break_reclaim_stable3,40,5d,31918,-0.0058061481413665,-0.009009009009009,0.3461056457171502,0.6467858708330649,31918,-0.0083086406197581,-0.0115034395433282,0.3214487123253337,0.5400588386296564,0.0025024924783916,0.0024944305343192006,-0.024656933391816516,0
supplemental_2023_09_legacy,s1_break_reclaim_stable3,40,5m,31943,-2.944088099626687e-05,0.0,0.3510628306671258,0.9743444022766676,31943,-0.0025464739506837,-0.0025171071755404,0.1467927245405879,0.1523421598413604,0.002517033069687433,0.0025171071755404,-0.2042701061265379,0
supplemental_2023_09_legacy,s1_break_reclaim_stable3,40,60m,31941,-0.0002656504532517,-0.0003487966515521,0.3982968598353213,0.9173891884233508,31941,-0.00278208895813,-0.0028650258685383,0.2973607588992204,0.4226824037599383,0.0025164385048783,0.0025162292169862,-0.10093610093610089,0
supplemental_2023_09_legacy,s1_break_reclaim_stable3,60,15m,26493,-1.6675839810070063e-05,0.0,0.3836107651077643,0.990481033612997,26493,-0.0025337410404745,-0.0025171071755404,0.2152266636470011,0.2704555777953493,0.00251706520066443,0.0025171071755404,-0.1683841014607632,0
supplemental_2023_09_legacy,s1_break_reclaim_stable3,60,1d,26468,-0.0010265738244286,-0.0025828674609845,0.4138204624452168,0.8695276278756223,26468,-0.0035410970036292,-0.0050934732823053,0.3693138884690947,0.6218592098557605,0.0025145231792006,0.0025106058213208,-0.04450657397612212,0
supplemental_2023_09_legacy,s1_break_reclaim_stable3,60,2d,26467,-0.0031139066234129,-0.0051165434906195,0.3811538897494994,0.7185812887077966,26467,-0.0056231757622475,-0.0076207717778257,0.3484716817168549,0.5546383584348735,0.0025092691388346,0.0025042282872061996,-0.03268220803264449,0
supplemental_2023_09_legacy,s1_break_reclaim_stable3,60,30m,26492,0.0001075386698372,0.0,0.4052921636720519,1.0480987998806597,26492,-0.0024098391920606,-0.0025171071755404,0.2654763702249735,0.3767771542685373,0.0025173778618978,0.0025171071755404,-0.1398157934470784,0
supplemental_2023_09_legacy,s1_break_reclaim_stable3,60,3d,26467,-0.0044515267443238,-0.0069589422407793,0.3598821173536857,0.6659815000442781,26467,-0.0069574289499539,-0.0094585330128712,0.3300336267805191,0.5340922732036602,0.0025059022056300997,0.0024995907720919003,-0.029848490573166575,0
supplemental_2023_09_legacy,s1_break_reclaim_stable3,60,5d,26468,-0.0061351931485783,-0.0096651720180426,0.340751095662687,0.6316335027488715,26468,-0.0086368573854211,-0.0121579509197436,0.3155508538612664,0.5279588593130485,0.0025016642368428004,0.0024927789017009996,-0.02520024180142061,0
supplemental_2023_09_legacy,s1_break_reclaim_stable3,60,5m,26493,3.3762231304716056e-05,0.0,0.3650775676593817,1.0295627543659212,26493,-0.0024834299273904,-0.0025171071755404,0.1541539274525346,0.1642761499393424,0.0025171921586951158,0.0025171071755404,-0.21092364020684712,0
supplemental_2023_09_legacy,s1_break_reclaim_stable3,60,60m,26488,-0.0001818506177603,-0.0003178679639084,0.404371790999698,0.9439136234986024,26488,-0.0026985000558058,-0.002834175031716,0.3019858048927816,0.4417315498111278,0.0025166494380455,0.0025163070678076,-0.1023859861069164,0
supplemental_2023_09_legacy,s1_break_reclaim_stable3,120,15m,18554,7.123622325032535e-05,0.0,0.397111135065215,1.039243535905097,18554,-0.0024460502614988,-0.0025171071755404,0.2239948259135496,0.3029924989806456,0.0025172864847491255,0.0025171071755404,-0.1731163091516654,0
supplemental_2023_09_legacy,s1_break_reclaim_stable3,120,1d,18535,-0.0005352811190016,-0.0021097046413501,0.43247909360669,0.93162551147945,18535,-0.0030510409345964,-0.0046215014641997,0.3886700836255732,0.6712597318597723,0.0025157598155948,0.0025117968228495994,-0.04380900998111681,0
supplemental_2023_09_legacy,s1_break_reclaim_stable3,120,2d,18532,-0.002133426830192,-0.0041436464088397,0.4088603496654435,0.8041908029792763,18532,-0.0046451639417496,-0.0066503235822715,0.3748111374919058,0.6251006081583175,0.0025117371115576,0.0025066771734318,-0.03404921217353768,0
supplemental_2023_09_legacy,s1_break_reclaim_stable3,120,30m,18552,0.0002642610803188,0.0,0.4198469167744718,1.1143141348239547,18552,-0.002253511268683,-0.0025171071755404,0.2789995687796464,0.4233667389204562,0.0025177723490018003,0.0025171071755404,-0.1408473479948254,0
supplemental_2023_09_legacy,s1_break_reclaim_stable3,120,3d,18536,-0.0033492096498636,-0.0057142857142857,0.3873543375053949,0.7439752327249401,18536,-0.005857886505762,-0.0082170094202517,0.3566573154941735,0.5993017998849405,0.0025086768558983995,0.002502723705966,-0.030697022011221375,0
supplemental_2023_09_legacy,s1_break_reclaim_stable3,120,5d,18533,-0.0043246139006242,-0.0080848913592723,0.3755463227755894,0.7374562401597223,18533,-0.0068308355594839,-0.0105816479967587,0.3508876058921923,0.6210841160826654,0.0025062216588596998,0.0024967566374863998,-0.024658716883397103,0
supplemental_2023_09_legacy,s1_break_reclaim_stable3,120,5m,18555,-6.665682244078814e-06,0.0,0.3677714901643761,0.9944778640843994,18555,-0.0025237560795479,-0.0025171071755404,0.1552142279708973,0.1691265025562056,0.0025170903973038214,0.0025171071755404,-0.2125572621934788,0
supplemental_2023_09_legacy,s1_break_reclaim_stable3,120,60m,18550,-4.341900300080037e-05,0.0,0.4154177897574124,0.9867925332835712,18550,-0.0025604168882572,-0.0025171071755405,0.3095956873315363,0.4727001453042007,0.0025169978852563994,0.0025171071755405,-0.10582210242587609,0
supplemental_2023_09_legacy,s1_break_reclaim_stable3,240,15m,12482,-7.033754323999353e-05,0.0,0.3870373337606153,0.96491600248242,12482,-0.0025872676716455,-0.0025171071755404,0.224002563691716,0.3031622356843282,0.0025169301284055064,0.0025171071755404,-0.16303477006889927,0
supplemental_2023_09_legacy,s1_break_reclaim_stable3,240,1d,12462,-0.0003795618187749,-0.0020283975659228,0.4329963087786872,0.9532783572743092,12462,-0.0028957135965377,-0.0045403990473951,0.3907077515647568,0.6974080690160582,0.0025161517777628002,0.0025120014814722998,-0.04228855721393043,0
supplemental_2023_09_legacy,s1_break_reclaim_stable3,240,2d,12466,-0.0019772496833005,-0.0039473684210524,0.4048612225252687,0.8221561597764515,12466,-0.0044893799094752,-0.0064545396472157,0.3725332905502968,0.64426508526946,0.0025121302261747,0.0025071712261632998,-0.03232793197497186,0
supplemental_2023_09_legacy,s1_break_reclaim_stable3,240,30m,12482,0.0001177783279612,0.0,0.4111520589649095,1.0469984611290788,12482,-0.0023996253082535,-0.0025171071755404,0.2753565133792661,0.4171627898750845,0.0025174036362147,0.0025171071755404,-0.13579554558564338,0
supplemental_2023_09_legacy,s1_break_reclaim_stable3,240,3d,12473,-0.0029610086886733,-0.005540166204986,0.3916459552633689,0.7779791690862347,12473,-0.0054706626879967,-0.0080433281884182,0.3612603222961597,0.6319738711386571,0.0025096539993233998,0.0025031619834321997,-0.030385632967209197,0
supplemental_2023_09_legacy,s1_break_reclaim_stable3,240,5d,12468,-0.0036304673211663,-0.0075187969924811,0.3832210458774462,0.7793913157012997,12468,-0.0061384362213622,-0.0100169785501605,0.3613249919794674,0.6587636518180202,0.0025079689001959,0.0024981815576793995,-0.02189605389797883,0
supplemental_2023_09_legacy,s1_break_reclaim_stable3,240,5m,12482,-7.117442379040876e-05,0.0,0.3640442236821022,0.9484644727698904,12482,-0.0025881024456778,-0.0025171071755404,0.1644768466591892,0.1914133906585234,0.002516928021887391,0.0025171071755404,-0.199567377022913,0
supplemental_2023_09_legacy,s1_break_reclaim_stable3,240,60m,12478,-0.0002053055924803,-0.0002284818264221,0.4034300368648822,0.941854939659711,12478,-0.0027218959918407,-0.0027450138887177,0.3056579580060907,0.4686668377542375,0.0025165903993604,0.0025165320622956,-0.09777207885879152,0
supplemental_2023_09_legacy,s1_near_reversal,10,15m,85071,-0.000221884102287,0.0,0.3541277286031667,0.8672615667554417,85071,-0.0027384327717619,-0.0025171071755405,0.1802611935912355,0.2128090145966739,0.0025165486694749,0.0025171071755405,-0.17386653501193122,0
supplemental_2023_09_legacy,s1_near_reversal,10,1d,84999,-0.0005092338302359,-0.0020703933747412,0.4254167696090542,0.929659714788944,84999,-0.0030250592096484,-0.0045822891482617,0.3784868057271262,0.6527990013812228,0.0025158253794125,0.0025118957735204995,-0.04692996388192805,0
supplemental_2023_09_legacy,s1_near_reversal,10,2d,84990,-0.0030471341971483,-0.0052173913043477,0.3716084245205318,0.7115071517864737,84990,-0.0055565714093364,-0.0077213657467984,0.3360983645134722,0.5427233797775664,0.0025094372121880998,0.0025039744424507,-0.035510060007059585,0
supplemental_2023_09_legacy,s1_near_reversal,10,30m,85069,7.6548128111362e-05,0.0,0.3899187718205221,1.0379464326275405,85069,-0.0024407517272718,-0.0025171071755405,0.2407575027330755,0.3404881208098036,0.002517299855383162,0.0025171071755405,-0.1491612690874466,0
supplemental_2023_09_legacy,s1_near_reversal,10,3d,84996,-0.0039351857995409,-0.0063118811881187,0.3634759282789778,0.6834012835509167,84996,-0.0064423876906683,-0.0088131006822294,0.3318862064097134,0.5408370046637216,0.0025072018911274,0.0025012194941107,-0.0315897218692644,0
supplemental_2023_09_legacy,s1_near_reversal,10,5d,85001,-0.0050611920722686,-0.0080609046126287,0.3593957718144492,0.677136738863001,85001,-0.0075655596849272,-0.0105577216273273,0.3335019588004847,0.5620161651430986,0.0025043676126586005,0.0024968170146986,-0.025893813013964484,0
supplemental_2023_09_legacy,s1_near_reversal,10,5m,85073,-0.0002055024637026,0.0,0.3239335629400632,0.8217075800893128,85073,-0.0027220923675177,-0.0025171071755404,0.1244108001363534,0.1160836016019836,0.0025165899038151,0.0025171071755404,-0.19952276280370979,0
supplemental_2023_09_legacy,s1_near_reversal,10,60m,85059,-0.0001261858388018,-0.0004490345756621,0.4007923911637804,0.9577376519644584,85059,-0.0026429753910621,-0.00296501148305,0.2929495996896272,0.4245002621240822,0.0025167895522602997,0.0025159769073879,-0.10784279147415321,0
supplemental_2023_09_legacy,s1_near_reversal,20,15m,64285,-0.0001869441023127,0.0,0.3558061756241736,0.8852897837543777,64285,-0.0027035807195119,-0.0025171071755405,0.1819086878743097,0.2120668572738186,0.0025166366171991998,0.0025171071755405,-0.1738974877498639,0
supplemental_2023_09_legacy,s1_near_reversal,20,1d,64237,-0.0011254603802035,-0.002906976744186,0.4014975792767408,0.8493929301861409,64237,-0.0036397346513453,-0.0054167667477045,0.3554960536762302,0.5957596439317465,0.0025142742711418004,0.0025097900035184998,-0.04600152560051057,0
supplemental_2023_09_legacy,s1_near_reversal,20,2d,64245,-0.0028497348967604,-0.005,0.3750019456767063,0.7268934775703462,64245,-0.005359668984144,-0.0075045216396625,0.3402132461670168,0.5538944295455558,0.0025099340873836005,0.0025045216396625,-0.03478869950968949,0
supplemental_2023_09_legacy,s1_near_reversal,20,30m,64283,-2.316142012164533e-05,0.0,0.3882052797784795,0.988559298446733,64283,-0.0025402102958852,-0.0025171071755404,0.2378078185523388,0.3157296738747405,0.0025170488757635546,0.0025171071755404,-0.15039746122614073,0
supplemental_2023_09_legacy,s1_near_reversal,20,3d,64237,-0.00354875473024,-0.0057937427578216,0.3700826626399116,0.7094006018052312,64237,-0.0060569293097848,-0.008296266461893,0.3377181375219888,0.5609961765579984,0.0025081745795448003,0.0025025237040713997,-0.03236452511792276,0
supplemental_2023_09_legacy,s1_near_reversal,20,5d,64231,-0.0048188387268246,-0.0082135523613963,0.3543304634833647,0.689314596976716,64231,-0.0073238163688281,-0.0107099851453511,0.3285173825722782,0.572229599578698,0.0025049776420035,0.0024964327839547985,-0.025813080911086528,0
supplemental_2023_09_legacy,s1_near_reversal,20,5m,64286,-0.0001698717192572,0.0,0.3271007684410291,0.8486057239330542,64286,-0.0026865513094742,-0.0025171071755404,0.1255794418691472,0.1168842159110317,0.002516679590217,0.0025171071755404,-0.20152132657188188,0
supplemental_2023_09_legacy,s1_near_reversal,20,60m,64278,-0.0003291685213299,-0.0006697923643669,0.3915492081271975,0.8901234542905736,64278,-0.0028454471444235,-0.0031852136007408,0.2826316935810075,0.3850820594996492,0.0025162786230936,0.0025154212363739,-0.10891751454619003,0
supplemental_2023_09_legacy,s1_near_reversal,40,15m,45149,-0.0001484533624875,0.0,0.3605616957186205,0.9088906683376942,45149,-0.0026651868650035,-0.0025171071755404,0.1876232031717203,0.2195194777323315,0.0025167335025160003,0.0025171071755404,-0.17293849254690022,0
supplemental_2023_09_legacy,s1_near_reversal,40,1d,45127,-0.0012960055758092,-0.0027472527472528,0.4079154386509185,0.8303036906002447,45127,-0.0038098505664152,-0.00525744479319,0.3627761650453165,0.5836682543929608,0.002513844990606,0.0025101920459372,-0.04513927360560199,0
supplemental_2023_09_legacy,s1_near_reversal,40,2d,45107,-0.0030612073923925,-0.0047694753577106,0.3805617753342053,0.7095818519095839,45107,-0.0055706091808397,-0.0072745772526046,0.3459995122708227,0.5398541285672156,0.0025094017884472,0.002505101894894,-0.034562263063382614,0
supplemental_2023_09_legacy,s1_near_reversal,40,30m,45148,-4.472193458510698e-05,0.0,0.3828962523256844,0.9783988461052784,45148,-0.0025617165402228,-0.0025171071755405,0.2381057854168512,0.3195438861624879,0.002516994605637693,0.0025171071755405,-0.1447904669088332,0
supplemental_2023_09_legacy,s1_near_reversal,40,3d,45093,-0.0040375590120627,-0.0061022120518688,0.3678397977513139,0.6763297647830698,45093,-0.0065445032188422,-0.0086039593056668,0.3347082695762092,0.5347027698181366,0.0025069442067794994,0.0025017472537980003,-0.03313152817510473,0
supplemental_2023_09_legacy,s1_near_reversal,40,5d,45116,-0.0059983181989382,-0.0088008800880088,0.3474820462806986,0.6259502933503762,45116,-0.008500326964699,-0.0112958345051285,0.3204849720719922,0.5187562294191241,0.0025020087657608003,0.0024949544171196988,-0.026997074208706395,0
supplemental_2023_09_legacy,s1_near_reversal,40,5m,45149,-0.0001155803695202,0.0,0.3302398724224235,0.8972620126894372,45149,-0.0026323966168826,-0.0025171071755404,0.1305676759175175,0.1321802058128346,0.0025168162473624,0.0025171071755404,-0.19967219650490597,0
supplemental_2023_09_legacy,s1_near_reversal,40,60m,45146,-0.0004252518190278,-0.0007590133920495,0.3887609090506357,0.8633158819623332,45146,-0.002941288590163,-0.0032742100495345,0.2821512426350064,0.3802293985613648,0.0025160367711352,0.002515196657485,-0.1066096664156293,0
supplemental_2023_09_legacy,s1_near_reversal,60,15m,37867,-0.0001753606174373,0.0,0.3624263870916629,0.8965539591910844,37867,-0.002692026391509,-0.0025171071755405,0.1931232999709509,0.2250647408245095,0.0025166657740717,0.0025171071755405,-0.16930308712071201,0
supplemental_2023_09_legacy,s1_near_reversal,60,1d,37838,-0.0012996392919995,-0.0027118656532563,0.4088746762513875,0.8323310135700122,37838,-0.0038134751361524,-0.0052221467723018,0.3627834452138062,0.588272076086968,0.0025138358441528998,0.0025102811190455,-0.04609123103758134,0
supplemental_2023_09_legacy,s1_near_reversal,60,2d,37832,-0.0032359771356448,-0.0050020850708923,0.3811588073588496,0.7009679354786847,37832,-0.0057449390099172,-0.0075066014622082,0.3451046732924508,0.5361414004998478,0.0025089618742724,0.0025045163913159007,-0.03605413406639879,0
supplemental_2023_09_legacy,s1_near_reversal,60,30m,37867,-8.037989856080267e-05,0.0,0.384662106847651,0.9624569122914668,37867,-0.0025972847492816,-0.0025171071755405,0.2405524599255288,0.3217213017775302,0.002516904850720797,0.0025171071755405,-0.14410964692212222,0
supplemental_2023_09_legacy,s1_near_reversal,60,3d,37837,-0.004406781003994,-0.0067934782608697,0.3649073658059571,0.6593179763694991,37837,-0.0069127958394482,-0.0092934855235327,0.3336681026508444,0.5242046007387557,0.0025060148354542006,0.002500007262663,-0.031239263155112718,0
supplemental_2023_09_legacy,s1_near_reversal,60,5d,37832,-0.0064137502129536,-0.0096153846153847,0.3392366250792979,0.6092234528853363,37832,-0.0089147132918109,-0.0121082888373141,0.3146013956438993,0.5063310019194223,0.0025009630788572993,0.002492904221929401,-0.024635229435398642,0
supplemental_2023_09_legacy,s1_near_reversal,60,5m,37869,-0.0001326117869561,0.0,0.3333333333333333,0.8855831535243484,37869,-0.0026493851644157,-0.0025171071755404,0.1361535820856109,0.1332258370274343,0.0025167733774596,0.0025171071755404,-0.1971797512477224,0
supplemental_2023_09_legacy,s1_near_reversal,60,60m,37861,-0.0004110770420877,-0.0009057971014493,0.3907715062993582,0.8709589908997493,37861,-0.0029271494926557,-0.0034206242886062,0.2842238715300705,0.3920714317678717,0.002516072450568,0.0025148271871569,-0.10654763476928769,0
supplemental_2023_09_legacy,s1_near_reversal,120,15m,26170,-8.753925042962048e-05,0.0,0.3772258311043179,0.9494896614063132,26170,-0.0026044260802946,-0.0025171071755404,0.2020634314100114,0.2515810127166953,0.0025168868298649795,0.0025171071755404,-0.1751623996943065,0
supplemental_2023_09_legacy,s1_near_reversal,120,1d,26140,-0.0006928270971213,-0.0020063548547681,0.4335118592195868,0.9085300357163024,26140,-0.0032081903526041,-0.0045184118201069,0.3866488140780413,0.6445842709294434,0.0025153632554828003,0.0025120569653387997,-0.04686304514154549,0
supplemental_2023_09_legacy,s1_near_reversal,120,2d,26137,-0.002213618490138,-0.0039840637450199,0.4088456976699697,0.7903653473514651,26137,-0.0047251537506929,-0.0064911426051199,0.3727283161801278,0.6080537262545861,0.0025115352605549,0.0025070788600999993,-0.03611738148984189,0
supplemental_2023_09_legacy,s1_near_reversal,120,30m,26169,9.823599341165698e-05,0.0,0.4041040926286828,1.0451728315104365,26169,-0.0024191184526527,-0.0025171071755405,0.2569834537047651,0.3665266477393067,0.002517354446064357,0.0025171071755405,-0.1471206389239177,0
supplemental_2023_09_legacy,s1_near_reversal,120,3d,26143,-0.0033716441350017,-0.0054844606946982,0.3898557931377424,0.732610023911478,26143,-0.0058802645208965,-0.0079877628948699,0.358069081589718,0.5842613453845196,0.0025086203858948,0.0025033022001716993,-0.03178671154802437,0
supplemental_2023_09_legacy,s1_near_reversal,120,5d,26142,-0.004663569060951,-0.0083798882681564,0.3709739117129523,0.7115961768331137,26142,-0.0071689375333445,-0.0108759023668069,0.3448856246652895,0.5958483942543832,0.0025053684723935,0.0024960140986505005,-0.026088287047662806,0
supplemental_2023_09_legacy,s1_near_reversal,120,5m,26170,-9.124625491774247e-05,0.0,0.3478028276652655,0.9219828212631224,26170,-0.0026081237538552,-0.0025171071755404,0.1398930072602216,0.1436319399915168,0.0025168774989374576,0.0025171071755404,-0.20790982040504388,0
supplemental_2023_09_legacy,s1_near_reversal,120,60m,26164,-0.0002109134576745,-0.0006519004555653,0.4061687815318758,0.9337936186135906,26164,-0.0027274897414371,-0.0031673667277912,0.2976609081180247,0.4294994573503649,0.0025165762837626,0.0025154662722259003,-0.1085078734138511,0
supplemental_2023_09_legacy,s1_near_reversal,240,15m,17417,-0.0001423190614238,0.0,0.3676867428374576,0.9215853563878972,17417,-0.0026590680046335,-0.0025171071755404,0.2031922834012746,0.255988144214936,0.0025167489432096997,0.0025171071755404,-0.16449445943618302,0
supplemental_2023_09_legacy,s1_near_reversal,240,1d,17392,-0.0004367211861225,-0.002091468807749,0.4293928242870285,0.943853367923648,17392,-0.0029527290876317,-0.004603311532146,0.3848896044158233,0.680340467525475,0.0025160079015092,0.0025118427243969997,-0.0445032198712052,0
supplemental_2023_09_legacy,s1_near_reversal,240,2d,17391,-0.0020243287014596,-0.0038992201559689,0.4035995629923524,0.8116435902686926,17391,-0.0045363404246999,-0.0064065125764758,0.3705364843884768,0.6298270105087858,0.0025120117232403,0.0025072924205069,-0.033063078603875584,0
supplemental_2023_09_legacy,s1_near_reversal,240,30m,17417,6.754571223773167e-05,0.0,0.3914566228397542,1.0300477984850531,17417,-0.0024497314830996,-0.0025171071755405,0.2567032209909858,0.37339978069383,0.0025172771953373314,0.0025171071755405,-0.13475340184876838,0
supplemental_2023_09_legacy,s1_near_reversal,240,3d,17400,-0.002998870996964,-0.0053763440860216,0.389367816091954,0.7673913721946831,17400,-0.0055084296927994,-0.0078799184272848,0.3607471264367816,0.6181265459365539,0.0025095586958354,0.002503574341263199,-0.028620689655172393,0
supplemental_2023_09_legacy,s1_near_reversal,240,5d,17399,-0.0037974122592569,-0.0075471698113208,0.381688602793264,0.762764092927277,17399,-0.0063049609411511,-0.0100452799515741,0.3586987757917121,0.6406525350499301,0.0025075486818942,0.0024981101402533,-0.022989827001551888,0
supplemental_2023_09_legacy,s1_near_reversal,240,5m,17417,-0.0001409450541358,0.0,0.3323764138485388,0.8877780534092956,17417,-0.0026576974558691,-0.0025171071755404,0.1438249985646207,0.1544497381107551,0.0025167524017333,0.0025171071755404,-0.18855141528391808,0
supplemental_2023_09_legacy,s1_near_reversal,240,60m,17412,-0.0002218640617525,-0.0007464091854432,0.3962784286698828,0.9325955303308197,17412,-0.0027384127816711,-0.0032616375690671,0.2962324833448196,0.4416221213156866,0.0025165487199186004,0.0025152283836238996,-0.10004594532506317,0
supplemental_2023_09_legacy,s1_touch_immediate,10,15m,81042,-0.0001486377459204,0.0,0.3721897287826065,0.9202377697909848,81042,-0.0026653707843244,-0.0025171071755404,0.207522025616347,0.2621813553429115,0.0025167330384039998,0.0025171071755404,-0.16466770316625948,0
supplemental_2023_09_legacy,s1_touch_immediate,10,1d,80976,-0.0001935405960372,-0.0017482517482516,0.4356352499506026,0.9737645172554484,80976,-0.0027101606091547,-0.0042609583867718,0.3908935981031416,0.6928090724169867,0.0025166200131175,0.0025127066385202002,-0.044741651847460984,0
supplemental_2023_09_legacy,s1_touch_immediate,10,2d,80973,-0.0023421802466983,-0.0044247787610619,0.3900559445741173,0.7757847046952472,80973,-0.0048533919035335,-0.0069307482942326,0.3544267842367208,0.5951765284543726,0.0025112116568352,0.0025059695331706997,-0.03562916033739649,0
supplemental_2023_09_legacy,s1_touch_immediate,10,30m,81040,4.979715123579783e-05,0.0,0.395360315893386,1.0219043439954345,81040,-0.0024674353690715,-0.0025171071755404,0.2582922013820335,0.3718219614626628,0.0025172325203072976,0.0025171071755404,-0.13706811451135248,0
supplemental_2023_09_legacy,s1_touch_immediate,10,3d,80968,-0.0032109587569,-0.0055741360089186,0.3767290781543326,0.7389448169631128,80968,-0.0057199836051131,-0.0080772124867135,0.3457415275170438,0.58752532979831,0.0025090248482131,0.0025030764777949,-0.030987550637288808,0
supplemental_2023_09_legacy,s1_touch_immediate,10,5d,80975,-0.0047119336353887,-0.0078125,0.3635937017598024,0.7039067967666537,80975,-0.0072171803689649,-0.0103099422757315,0.3394010497066996,0.5875462242594063,0.0025052467335762007,0.002497442275731499,-0.02419265205310278,0
supplemental_2023_09_legacy,s1_touch_immediate,10,5m,81044,-7.458521189550934e-05,0.0,0.3597551947090469,0.9432345648096389,81044,-0.0025915046484642,-0.0025171071755404,0.1610359804550614,0.1760053236212665,0.0025169194365686908,0.0025171071755404,-0.19871921425398548,0
supplemental_2023_09_legacy,s1_touch_immediate,10,60m,81032,9.83263433627735e-05,0.0,0.4113806891104749,1.0319134542393904,81032,-0.0024190283301222,-0.0025171071755405,0.3064098134070491,0.4806677919392769,0.002517354673484974,0.0025171071755405,-0.10497087570342578,0
supplemental_2023_09_legacy,s1_touch_immediate,20,15m,59723,-0.0001018686345784,0.0,0.3772415987140632,0.9441063450776392,59723,-0.0026187193958477,-0.0025171071755404,0.2130000167439679,0.2642168050308888,0.0025168507612693,0.0025171071755404,-0.1642415819700953,0
supplemental_2023_09_legacy,s1_touch_immediate,20,1d,59686,-0.0008774408404381,-0.0026881720430108,0.4090071373521429,0.8847336530211163,59686,-0.003392339403343,-0.0051985128014127,0.36490969406561,0.628159153926377,0.0025148985629049,0.0025103407584018997,-0.04409744328653287,0
supplemental_2023_09_legacy,s1_touch_immediate,20,2d,59686,-0.0023462101917899,-0.0043775082444707,0.3887176222229668,0.7745940705055274,59686,-0.0048574117048214,-0.0068835967625981,0.3528968267265355,0.5937113263533138,0.0025112015130315,0.0025060885181273996,-0.0358207954964313,0
supplemental_2023_09_legacy,s1_touch_immediate,20,30m,59721,1.5711293239078574e-05,0.0,0.3978500025116793,1.0069219035742254,59721,-0.0025014354293102,-0.0025171071755404,0.2590043703219973,0.361930440217463,0.0025171467225492787,0.0025171071755404,-0.138845632189682,0
supplemental_2023_09_legacy,s1_touch_immediate,20,3d,59670,-0.0031223563741041,-0.0054794520547944,0.3787665493547846,0.7448387565437364,59670,-0.0056316042440108,-0.0079827668622498,0.3464555052790347,0.5919034040005959,0.0025092478699067005,0.0025033148074554,-0.03231104407574992,0
supplemental_2023_09_legacy,s1_touch_immediate,20,5d,59670,-0.0045974536977186,-0.0081967213114752,0.3572984749455338,0.7090443927656457,59670,-0.0071029885895673,-0.0106931964609865,0.3316574493045081,0.5918528248131807,0.0025055348918486993,0.002496475149511299,-0.025641025641025716,0
supplemental_2023_09_legacy,s1_touch_immediate,20,5m,59725,-5.6709824508935365e-05,0.0,0.3589786521557137,0.955866308029622,59725,-0.002573674255343,-0.0025171071755404,0.1604018417748011,0.1737015508773952,0.0025169644308340646,0.0025171071755404,-0.19857681038091257,0
supplemental_2023_09_legacy,s1_touch_immediate,20,60m,59718,-0.0001526060173089,0.0,0.402424729562276,0.9510654358639736,59718,-0.0026693290671482,-0.0025171071755406,0.296593991761278,0.4342146003852288,0.0025167230498393,0.0025171071755406,-0.105830737800998,0
supplemental_2023_09_legacy,s1_touch_immediate,40,15m,41773,-0.0001464748172249,0.0,0.3765829602853517,0.9231385391013816,41773,-0.0026632132999515,-0.0025171071755404,0.212673257845977,0.2678591041290165,0.0025167384827266,0.0025171071755404,-0.16390970243937472,0
supplemental_2023_09_legacy,s1_touch_immediate,40,1d,41752,-0.0010347281554169,-0.0026666666666665,0.4139921440889059,0.8682733522908039,41752,-0.0035492308092926,-0.0051770615564056,0.3713115539375359,0.6204335459444055,0.0025145026538757,0.0025103948897390997,-0.04268059015136999,0
supplemental_2023_09_legacy,s1_touch_immediate,40,2d,41736,-0.0027615209572386,-0.0046403712296982,0.3871477860839563,0.7440196824709202,41736,-0.0052716770885622,-0.0071457980935192,0.3531723212574276,0.5726326190243789,0.0025101561313236,0.0025054268638210007,-0.03397546482652869,0
supplemental_2023_09_legacy,s1_touch_immediate,40,30m,41773,-7.66457750223488e-05,0.0,0.3910181217532856,0.9679762023365618,41773,-0.0025935600249322,-0.0025171071755405,0.256505398223733,0.3602325908369538,0.002516914249909851,0.0025171071755405,-0.13451272352955257,0
supplemental_2023_09_legacy,s1_touch_immediate,40,3d,41726,-0.003663910299264,-0.0058823529411766,0.3736998514115899,0.7112032026634434,41726,-0.0061717950198997,-0.0083846536039199,0.3405071178641614,0.5672671580113899,0.0025078847206356997,0.002502300662743301,-0.03319273354742852,0
supplemental_2023_09_legacy,s1_touch_immediate,40,5d,41739,-0.0055313529342947,-0.0088383838383839,0.3498167181772443,0.6614090507367111,41739,-0.0080345371016738,-0.0113332438545447,0.3248041400129375,0.552512557414921,0.0025031841673790987,0.0024948600161608,-0.025012578164306798,0
supplemental_2023_09_legacy,s1_touch_immediate,40,5m,41773,-0.0001534556851639,0.0,0.3524286022071673,0.8896762176637844,41773,-0.0026701765962977,-0.0025171071755404,0.1592416153975055,0.173309025070943,0.0025167209111338,0.0025171071755404,-0.19318698680966181,0
supplemental_2023_09_legacy,s1_touch_immediate,40,60m,41771,-0.0002793364612058,-0.0005045408678103,0.3986019008402959,0.9152817204466944,41771,-0.0027957405169351,-0.0030203780599121,0.2970481913289124,0.4295705726385616,0.0025164040557293,0.0025158371921017997,-0.10155370951138348,0
supplemental_2023_09_legacy,s1_touch_immediate,60,15m,35023,-0.0001290874254258,0.0,0.3790937384004796,0.9338319387494612,35023,-0.0026458696740812,-0.0025171071755404,0.2195128915284241,0.2795478570815913,0.0025167822486554,0.0025171071755404,-0.1595808468720555,0
supplemental_2023_09_legacy,s1_touch_immediate,60,1d,34990,-0.0010443682175052,-0.0025884383088868,0.4157187767933695,0.8687963829961945,34990,-0.0035588466063114,-0.0050990301077865,0.3727064875678765,0.6233981221867764,0.0025144783888062,0.0025105917988997003,-0.043012289225492994,0
supplemental_2023_09_legacy,s1_touch_immediate,60,2d,34993,-0.0028985271228761,-0.0047129391602399,0.387877575515103,0.7368376277010573,34993,-0.0054083383949971,-0.0072181833628021,0.3532134998428257,0.5693817304370762,0.0025098112721209996,0.0025052442025622007,-0.034664075672277306,0
supplemental_2023_09_legacy,s1_touch_immediate,60,30m,35022,-0.0001231331485976,0.0,0.3950945120210153,0.9502801980185854,35022,-0.002639930384806,-0.0025171071755405,0.259294157957855,0.360695048068651,0.0025167972362084,0.0025171071755405,-0.13580035406316032,0
supplemental_2023_09_legacy,s1_touch_immediate,60,3d,34989,-0.0040441073515508,-0.0065055762081785,0.3682871759695904,0.6901229855985836,34989,-0.006551035075458,-0.0090063081511643,0.339392380462431,0.552345691209772,0.0025069277239072006,0.0025007319429857988,-0.0288947955071594,0
supplemental_2023_09_legacy,s1_touch_immediate,60,5d,34989,-0.005900688622099,-0.0095419847328244,0.3437937637543228,0.6439149328630416,34989,-0.0084029431319682,-0.0120350737101252,0.31864300208637,0.5384417868264656,0.0025022545098691996,0.0024930889773008003,-0.025150761667952826,0
supplemental_2023_09_legacy,s1_touch_immediate,60,5m,35024,-0.000109450091225,0.0,0.3575833714024669,0.9222984718581178,35024,-0.0026262817691552,-0.0025171071755404,0.1649725902238465,0.1883554264709212,0.0025168316779302,0.0025171071755404,-0.19261078117862038,0
supplemental_2023_09_legacy,s1_touch_immediate,60,60m,35017,-0.000241815128462,-0.0006317119393556,0.4010623411485849,0.928026120199269,35017,-0.0027583136294073,-0.0031472290282406,0.3003683924950738,0.4437154938688239,0.0025164985009453,0.002515517088885,-0.10069394865351111,0
supplemental_2023_09_legacy,s1_touch_immediate,120,15m,24181,-4.931176701037166e-06,0.0,0.3952276580786568,0.9975844325955412,24181,-0.0025220259399413,-0.0025171071755404,0.2298912369215499,0.3241669754136141,0.0025170947632402628,0.0025171071755404,-0.1653364211571069,0
supplemental_2023_09_legacy,s1_touch_immediate,120,1d,24156,-0.0004813810390506,-0.0020335541605669,0.4354611690677265,0.939521007757788,24156,-0.0029972765269234,-0.0045455426623379,0.390875972843186,0.6812964563277366,0.0025158954878728,0.0025119885017710003,-0.04458519622454049,0
supplemental_2023_09_legacy,s1_touch_immediate,120,2d,24157,-0.0019336911492714,-0.003921568627451,0.413006581943122,0.8228842518484357,24157,-0.0044459310169446,-0.0064288047944599,0.3803038456762015,0.6414253231575376,0.0025122398676732005,0.0025072361670089,-0.032702736266920496,0
supplemental_2023_09_legacy,s1_touch_immediate,120,30m,24181,0.0001098311634811,0.0,0.4103635085397626,1.0431426521285052,24181,-0.002407552468869,-0.0025171071755404,0.2740994996071295,0.4216701704616614,0.0025173836323501,0.0025171071755404,-0.13626400893263313,0
supplemental_2023_09_legacy,s1_touch_immediate,120,3d,24159,-0.0030939830320094,-0.0055517002081886,0.391613891303448,0.7616043977566378,24159,-0.0056033023206589,-0.0080548331592985,0.3612732315079267,0.613688545095122,0.0025093192886494996,0.002503132951109901,-0.030340659795521308,0
supplemental_2023_09_legacy,s1_touch_immediate,120,5d,24154,-0.0043155621382516,-0.0081925264694531,0.3778256189451022,0.7390939065053208,24154,-0.0068218065813674,-0.0106890121778314,0.353357621925975,0.6228787721837675,0.0025062444431158005,0.0024964857083783,-0.02446799701912722,0
supplemental_2023_09_legacy,s1_touch_immediate,120,5m,24182,-5.997006571130903e-05,0.0,0.3700272930278719,0.9589082538381972,24182,-0.0025769262901691,-0.0025171071755404,0.1706227772723513,0.2105862005091978,0.0025169562244577908,0.0025171071755404,-0.1994045157555206,0
supplemental_2023_09_legacy,s1_touch_immediate,120,60m,24176,1.9207167757566903e-05,-0.0002988592177953,0.4195069490403706,1.005619406255677,24176,-0.0024979483542826,-0.0028152141326541,0.3135754467240238,0.4977934459196563,0.002517155522040167,0.0025163549148588,-0.10593150231634679,0
supplemental_2023_09_legacy,s1_touch_immediate,240,15m,16335,-7.690842742321439e-05,0.0,0.3871441689623507,0.9642174592884613,16335,-0.0025938220162091,-0.0025171071755404,0.2359963269054178,0.3254088569955005,0.0025169135887858855,0.0025171071755404,-0.1511478420569329,0
supplemental_2023_09_legacy,s1_touch_immediate,240,1d,16311,-0.0001994632777385,-0.0021111893033076,0.4336950524186132,0.9753897269213256,16311,-0.0027160683828312,-0.0046229823891037,0.3913923119367298,0.7155913068008249,0.0025166051050927,0.0025117930857961003,-0.04230274048188343,0
supplemental_2023_09_legacy,s1_touch_immediate,240,2d,16317,-0.0017783879136133,-0.0038986354775828,0.4071826928969786,0.8396027850431177,16317,-0.0042910186961755,-0.0064059293697878,0.374578660292946,0.6589774650941744,0.0025126307825622,0.002507293892205,-0.03260403260403261,0
supplemental_2023_09_legacy,s1_touch_immediate,240,30m,16335,4.5657541231078245e-05,0.0,0.4067340067340067,1.0172689127440042,16335,-0.0024715645592339,-0.0025171071755404,0.2763391490664218,0.4197254134918164,0.0025172221004649783,0.0025171071755404,-0.1303948576675849,0
supplemental_2023_09_legacy,s1_touch_immediate,240,3d,16322,-0.0027732206580946,-0.0053944731203916,0.3934566842298738,0.7895285333493226,16322,-0.0052833473400171,-0.0078980018289324,0.3638647224604828,0.6405379455989453,0.0025101266819225003,0.0025035287085408003,-0.029591961769390995,0
supplemental_2023_09_legacy,s1_touch_immediate,240,5d,16316,-0.0037396561599318,-0.0079522862823061,0.3798112282422162,0.7731719978616614,16316,-0.006247350220118,-0.0104493767009833,0.3592179455748958,0.6534197628770415,0.0025076940601861998,0.002497090418677201,-0.02059328266732041,0
supplemental_2023_09_legacy,s1_touch_immediate,240,5m,16335,-6.645873223254522e-05,0.0,0.3644322007958371,0.9574708650697428,16335,-0.0025833986240211,-0.0025171071755404,0.180838689929599,0.2316157870152363,0.002516939891788555,0.0025171071755404,-0.1835935108662381,0
supplemental_2023_09_legacy,s1_touch_immediate,240,60m,16331,-2.5245585562776964e-05,0.0,0.4128344865593044,0.9928693221804468,16331,-0.0025422892152586,-0.0025171071755405,0.314126507868471,0.502218289420004,0.0025170436296958233,0.0025171071755405,-0.09870797869083336,0
supplemental_2023_09_legacy,s1_touch_reclaim,10,15m,73545,-0.0002526447148346,0.0,0.3543544768509076,0.8660025832770603,73545,-0.0027691159565508,-0.0025171071755405,0.1964103610034672,0.2460232575346264,0.0025164712417161997,0.0025171071755405,-0.1579441158474404,0
supplemental_2023_09_legacy,s1_touch_reclaim,10,1d,73486,-0.0003483402371102,-0.0019120458891014,0.4302588248101679,0.9530483915145086,73486,-0.0028645706029404,-0.0044243402402145,0.3850665432871567,0.677339902712016,0.0025162303658302003,0.0025122943511131,-0.04519228152301119,0
supplemental_2023_09_legacy,s1_touch_reclaim,10,2d,73479,-0.0026286187665591,-0.0047393364928909,0.3823133140080839,0.7514140695989678,73479,-0.0051391094269406,-0.0072445142505377,0.347282897154289,0.5765228946138523,0.0025104906603815,0.0025051777576467994,-0.03503041685379488,0
supplemental_2023_09_legacy,s1_touch_reclaim,10,30m,73543,1.990330623666125e-05,0.0,0.3864269882925635,1.00879040197724,73543,-0.0024972539680588,-0.0025171071755405,0.2500985817820866,0.3662323583641786,0.0025171572742954612,0.0025171071755405,-0.1363284065104769,0
supplemental_2023_09_legacy,s1_touch_reclaim,10,3d,73479,-0.0035834052993014,-0.0059880239520957,0.3692347473427782,0.7133301192780503,73479,-0.0060914926596502,-0.0084900586295789,0.3389675961839437,0.5675284134546582,0.0025080873603488003,0.002502034677483199,-0.03026715115883455,0
supplemental_2023_09_legacy,s1_touch_reclaim,10,5d,73487,-0.0049215865527634,-0.0080645161290322,0.3598323513002299,0.6918486947950114,73487,-0.0074263055674769,-0.010561324053157,0.3354606937281424,0.5772203027996466,0.0025047190147135003,0.0024968079241247994,-0.02437165757208748,0
supplemental_2023_09_legacy,s1_touch_reclaim,10,5m,73547,-0.0002029379240551,0.0,0.3336913810216596,0.8480764153725877,73547,-0.002719534283091,-0.0025171071755404,0.1430241886140835,0.156680361477518,0.0025165963590359,0.0025171071755404,-0.19066719240757612,0
supplemental_2023_09_legacy,s1_touch_reclaim,10,60m,73535,-4.220732873625885e-05,-0.0002744237102085,0.4021486367036105,0.9864587929890994,73535,-0.0025592082639068,-0.002790840131859,0.296647854763038,0.4575922168196347,0.002517000935170541,0.0025164164216505,-0.1055007819405725,0
supplemental_2023_09_legacy,s1_touch_reclaim,20,15m,54347,-0.000214823050407,0.0,0.3616206966345888,0.883714662807092,54347,-0.0027313894933056,-0.0025171071755405,0.2006734502364436,0.245315133636571,0.0025165664428985998,0.0025171071755405,-0.1609472463981452,0
supplemental_2023_09_legacy,s1_touch_reclaim,20,1d,54313,-0.0009851490555838,-0.0028653295128939,0.4040100896654576,0.8711471393081692,54313,-0.0034997765053675,-0.0053752243469571,0.3603741277410565,0.6182604375256703,0.0025146274497837,0.0025098948340632,-0.04363596192440111,0
supplemental_2023_09_legacy,s1_touch_reclaim,20,2d,54313,-0.0025307681983628,-0.0046992481203008,0.38071916484083,0.7593184895202852,54313,-0.0050415051591116,-0.0072045267846779,0.3460313368806731,0.582669282898096,0.0025107369607488,0.0025052786643771,-0.0346878279601569,0
supplemental_2023_09_legacy,s1_touch_reclaim,20,30m,54344,-5.882578560344346e-05,0.0,0.388083321065803,0.9741127927386164,54344,-0.0025757848903367,-0.0025171071755405,0.25046003238628,0.3472489691561761,0.0025169591047332564,0.0025171071755405,-0.137623288679523,0
supplemental_2023_09_legacy,s1_touch_reclaim,20,3d,54301,-0.0034074758503203,-0.0058055152394774,0.3716690300362792,0.7257112979568072,54301,-0.0059160060439474,-0.0083080093109509,0.3400305703394044,0.5775001876435312,0.0025085301936271,0.0025024940714735,-0.03163845969687479,0
supplemental_2023_09_legacy,s1_touch_reclaim,20,5d,54297,-0.0047452164988804,-0.0083449235048679,0.3539974584231173,0.700683251613391,54297,-0.007250379455922,-0.010841025613575,0.328600106819898,0.5848249455559583,0.0025051629570416005,0.0024961021087071007,-0.02539735160321932,0
supplemental_2023_09_legacy,s1_touch_reclaim,20,5m,54348,-0.000180985268761,0.0,0.3351181276219916,0.8612690331606556,54348,-0.0026976368849825,-0.0025171071755404,0.1439611393243541,0.154078345472378,0.0025166516162215,0.0025171071755404,-0.19115698829763753,0
supplemental_2023_09_legacy,s1_touch_reclaim,20,60m,54342,-0.0002907376794746,-0.0006514657980455,0.3918700084649074,0.907927466756274,54342,-0.0028071130371158,-0.0031669331643509,0.2881564903757683,0.4129292782181429,0.0025163753576412,0.0025154673663054,-0.10371351808913909,0
supplemental_2023_09_legacy,s1_touch_reclaim,40,15m,37885,-0.0002083037309559,0.0,0.3598257885706744,0.8895443487438466,37885,-0.0027248865836801,-0.0025171071755405,0.2007918701332981,0.2545940906628546,0.0025165828527242,0.0025171071755405,-0.15903391843737627,0
supplemental_2023_09_legacy,s1_touch_reclaim,40,1d,37867,-0.0011466150447722,-0.0027700831024929,0.4095122402091531,0.8542967005007359,37867,-0.0036608360673559,-0.005280217681979,0.3683418279768664,0.6095163579570981,0.0025142210225837,0.0025101345794861004,-0.041170412232286735,0
supplemental_2023_09_legacy,s1_touch_reclaim,40,2d,37850,-0.0029086675241231,-0.0048367593712212,0.3819550858652576,0.7312093879086741,37850,-0.0054184532717673,-0.007341691905042,0.3474240422721268,0.5623951138997622,0.0025097857476441996,0.0025049325338207997,-0.034531043593130806,0
supplemental_2023_09_legacy,s1_touch_reclaim,40,30m,37885,-0.0001229780797434,0.0,0.3810479081430645,0.94797440139001,37885,-0.0026397757062767,-0.0025171071755405,0.2466939421934802,0.3481303838777021,0.0025167976265333,0.0025171071755405,-0.1343539659495843,0
supplemental_2023_09_legacy,s1_touch_reclaim,40,3d,37842,-0.0039466994316687,-0.0062148940563717,0.3681887849479414,0.6926102128469555,37842,-0.0064538723417499,-0.0087163576774875,0.3354473865017705,0.5526762294261064,0.0025071729100812007,0.002501463621115799,-0.03274139844617091,0
supplemental_2023_09_legacy,s1_touch_reclaim,40,5d,37855,-0.005772022949817,-0.0090171325518484,0.3459252410513803,0.6482073929113684,37855,-0.0082746013249731,-0.0115115426383396,0.3213313961167613,0.5411860450999835,0.0025025783751561,0.0024944100864912003,-0.02459384493461897,0
supplemental_2023_09_legacy,s1_touch_reclaim,40,5m,37885,-0.0002063178100793,0.0,0.3328758083674277,0.8488590103755367,37885,-0.0027229056615792,-0.0025171071755404,0.1456777088557476,0.1620155101917193,0.0025165878514999,0.0025171071755404,-0.1871980995116801,0
supplemental_2023_09_legacy,s1_touch_reclaim,40,60m,37883,-0.0003760725360941,-0.0007225433526012,0.3880896444315392,0.886297697196087,37883,-0.0028922330967552,-0.0032378318090842,0.2889158725549718,0.4139198758526977,0.0025161605606611,0.002515288456483,-0.0991737718765674,0
supplemental_2023_09_legacy,s1_touch_reclaim,60,15m,31749,-0.0001850766086922,0.0,0.3663737440549308,0.9046374332068584,31749,-0.0027017179265728,-0.0025171071755405,0.2100538599640933,0.2682759739914915,0.0025166413178806,0.0025171071755405,-0.1563198840908375,0
supplemental_2023_09_legacy,s1_touch_reclaim,60,1d,31719,-0.0011960244065299,-0.0026954177897575,0.4114253286673602,0.8506896869323445,31719,-0.0037101210604545,-0.0052057403098382,0.3679498092625871,0.6099185931379427,0.0025140966539246,0.0025103225200806996,-0.04347551940477312,0
supplemental_2023_09_legacy,s1_touch_reclaim,60,2d,31720,-0.0031633021700023,-0.0050251256281406,0.3809583858764186,0.7160547914030785,31720,-0.0056724469749521,-0.0075295840239045,0.3469419924337957,0.5534098258077844,0.0025091448049498,0.0025044583957638993,-0.034016393442622916,0
supplemental_2023_09_legacy,s1_touch_reclaim,60,30m,31749,-0.0001400670179822,0.0,0.3867523386563356,0.9427026296443723,31749,-0.0026568216298265,-0.0025171071755405,0.2523544048631453,0.354517791206185,0.0025167546118443,0.0025171071755405,-0.13439793379319032,0
supplemental_2023_09_legacy,s1_touch_reclaim,60,3d,31720,-0.0043818475501713,-0.0068390684893464,0.3627049180327868,0.669680830003139,31720,-0.0068879251458011,-0.0093389609965184,0.3334489281210592,0.5365422902432126,0.0025060775956297996,0.002499892507172,-0.02925598991172762,0
supplemental_2023_09_legacy,s1_touch_reclaim,60,5d,31720,-0.0061844473376876,-0.0097799511002444,0.3388713745271122,0.629907066830752,31720,-0.0086859875964575,-0.0122724410906941,0.3146595208070618,0.5268133253707412,0.0025015402587699005,0.0024924899904497,-0.024211853720050414,0
supplemental_2023_09_legacy,s1_touch_reclaim,60,5m,31751,-0.0001572015580865,0.0,0.3392649050423609,0.8864101419431022,31751,-0.0026739130404569,-0.0025171071755404,0.1542628578627445,0.1770506427557926,0.0025167114823704,0.0025171071755404,-0.1850020471796164,0
supplemental_2023_09_legacy,s1_touch_reclaim,60,60m,31743,-0.0003401912578597,-0.000802419603728,0.396244841382352,0.8994559983629578,31743,-0.0028564421355438,-0.0033175070031261,0.2931669974482563,0.4281918886280614,0.0025162508776841,0.0025150873993981,-0.10307784393409569,0
supplemental_2023_09_legacy,s1_touch_reclaim,120,15m,21893,-4.816411120169937e-05,0.0,0.3844607865527794,0.9759696446426348,21893,-0.0025651500525122,-0.0025171071755404,0.2204814324213218,0.3101710899149807,0.0025169859413105007,0.0025171071755404,-0.1639793541314576,0
supplemental_2023_09_legacy,s1_touch_reclaim,120,1d,21870,-0.0005630011045996,-0.0021598272138229,0.4325102880658436,0.9290292680327528,21870,-0.0030786911460198,-0.0046714978727855,0.3871970736168267,0.6720078651127386,0.0025156900414202003,0.0025116706589626003,-0.04531321444901687,0
supplemental_2023_09_legacy,s1_touch_reclaim,120,2d,21869,-0.002064389380959,-0.0041025641025641,0.4090722026613014,0.8113319641034942,21869,-0.0045763002671755,-0.0066093446845638,0.3758745255841602,0.6319181026136729,0.0025119108862165,0.0025067805819997003,-0.03319767707714122,0
supplemental_2023_09_legacy,s1_touch_reclaim,120,30m,21893,0.0001083016279094,0.0,0.4051523317955511,1.043256101651566,21893,-0.0024090781544357,-0.0025171071755405,0.2695838852601288,0.4169919823086767,0.0025173797823451003,0.0025171071755405,-0.13556844653542233,0
supplemental_2023_09_legacy,s1_touch_reclaim,120,3d,21872,-0.0033106609038603,-0.0057728389137165,0.3878931967812729,0.747151087337423,21872,-0.0058194347910838,-0.008275415235004,0.3577176298463789,0.6022093807955282,0.0025087738872235,0.0025025763212875004,-0.030175566934893983,0
supplemental_2023_09_legacy,s1_touch_reclaim,120,5d,21869,-0.0044242006164208,-0.0084171628002464,0.3748228085417714,0.7325350521350302,21869,-0.0069301716048436,-0.0109130830749045,0.3491700580730715,0.6170901008277129,0.0025059709884228,0.0024959202746581005,-0.025652750468699914,0
supplemental_2023_09_legacy,s1_touch_reclaim,120,5m,21894,-0.0001125765730857,0.0,0.3521969489357815,0.9210429725387588,21894,-0.0026294003813263,-0.0025171071755404,0.158125513839408,0.1960291715358609,0.0025168238082406,0.0025171071755404,-0.1940714350963735,0
supplemental_2023_09_legacy,s1_touch_reclaim,120,60m,21889,-9.282174729197357e-05,-0.0005552470849529,0.4101146694686829,0.9727744699982166,21889,-0.0026096952805462,-0.0030709566440715,0.307231942985061,0.4766403690857269,0.0025168735332542266,0.0025157095591186,-0.1028827264836219,0
supplemental_2023_09_legacy,s1_touch_reclaim,240,15m,14811,-0.0001705524090615,0.0,0.3728985213692525,0.9207476660568296,14811,-0.0026872302859093,-0.0025171071755405,0.2236850989129701,0.3075174583781316,0.0025166778768478,0.0025171071755405,-0.1492134224562824,0
supplemental_2023_09_legacy,s1_touch_reclaim,240,1d,14789,-0.0004189855575753,-0.0021186440677966,0.4311988640205558,0.9487783426467432,14789,-0.0029350381015622,-0.0046304183891514,0.3879234566231658,0.6952920188288698,0.0025160525439869,0.0025117743213548,-0.04327540739739,0
supplemental_2023_09_legacy,s1_touch_reclaim,240,2d,14794,-0.001994183128549,-0.0040671083211341,0.4032715965932135,0.8209645433389802,14794,-0.0045062707314273,-0.0065739781491356,0.3706908206029471,0.6436022236836544,0.0025120876028783003,0.0025068698280015,-0.032580775990266375,0
supplemental_2023_09_legacy,s1_touch_reclaim,240,30m,14811,-2.4074496024695337e-05,0.0,0.3974073323880899,0.9908918091493556,14811,-0.0025411210734784,-0.0025171071755405,0.2674363648639524,0.406468347246502,0.0025170465774537044,0.0025171071755405,-0.1299709675241375,0
supplemental_2023_09_legacy,s1_touch_reclaim,240,3d,14798,-0.0029959231334141,-0.0055933774383626,0.3897148263278821,0.774783052085082,14798,-0.005505489249338,-0.0080964054834175,0.3596431950263549,0.6288657457084041,0.0025095661159239,0.0025030280450549,-0.030071631301527235,0
supplemental_2023_09_legacy,s1_touch_reclaim,240,5d,14794,-0.0038181957072055,-0.0078911185094005,0.3800865215627957,0.7682603808220742,14794,-0.0063256920749337,-0.010388362893918,0.3589292956604029,0.648879469472178,0.0025074963677282,0.0024972443845175003,-0.02115722590239283,0
supplemental_2023_09_legacy,s1_touch_reclaim,240,5m,14811,-0.0001619049832139,0.0,0.3458915670785227,0.8953473432661251,14811,-0.0026786046265593,-0.0025171071755404,0.1646073864019985,0.2098074513132239,0.0025166996433454,0.0025171071755404,-0.1812841806765242,0
supplemental_2023_09_legacy,s1_touch_reclaim,240,60m,14807,-0.000185643013525,-0.0006949270326616,0.4001485783750929,0.9482217672668,14807,-0.002702282905704,-0.0032102850023815,0.3053960964408725,0.4785160800339836,0.002516639892179,0.0025153579697199,-0.09475248193422037,0
supplemental_2023_09_legacy,s2_first_touch_reclaim,10,15m,229,-0.0003259755941873,-0.0007593014426727,0.388646288209607,0.8984372602075478,229,-0.0028422622542205,-0.0032744973751035,0.2358078602620087,0.4199490235373006,0.0025162866600332,0.0025151959324307997,-0.1528384279475983,0
supplemental_2023_09_legacy,s2_first_touch_reclaim,10,1d,229,0.0006695435895395,-0.0009090909090909,0.4716157205240174,1.0696974539578967,229,-0.0018492488989744,-0.0034239098053807,0.445414847161572,0.8311407147924914,0.0025187924885139,0.0025148188962897996,-0.02620087336244542,0
supplemental_2023_09_legacy,s2_first_touch_reclaim,10,2d,228,-0.0058413837878511,-0.0075769787032026,0.3903508771929824,0.5978857073019718,228,-0.008343787574344,-0.0100750138112802,0.3728070175438596,0.4797529590111006,0.0025024037864928997,0.0024980351080776,-0.017543859649122806,0
supplemental_2023_09_legacy,s2_first_touch_reclaim,10,30m,229,0.000745876179084,-0.0007390983000739,0.4148471615720524,1.2208934665830102,229,-0.0017731084467388,-0.0032543450859798,0.2794759825327511,0.6459455103755023,0.0025189846258228,0.0025152467859059003,-0.13537117903930135,0
supplemental_2023_09_legacy,s2_first_touch_reclaim,10,3d,229,-0.0059048580125991,-0.0095155709342561,0.3187772925764192,0.6653983015454703,229,-0.0084071020276655,-0.0120087263979186,0.3013100436681222,0.5651977892500643,0.0025022440150663993,0.0024931554636624994,-0.017467248908296984,0
supplemental_2023_09_legacy,s2_first_touch_reclaim,10,5d,229,-0.0047306012269382,-0.0104463437796769,0.3799126637554585,0.7629066774678668,229,-0.0072358009721857,-0.0129371563883312,0.3668122270742358,0.6631100288282298,0.0025051997452474996,0.002490812608654301,-0.013100436681222738,0
supplemental_2023_09_legacy,s2_first_touch_reclaim,10,5m,229,0.0005092992965435,0.0,0.4017467248908297,1.254390998118315,229,-0.0020090898399106,-0.0025171071755404,0.1877729257641921,0.4646578594420067,0.0025183891364541,0.0025171071755404,-0.21397379912663758,0
supplemental_2023_09_legacy,s2_first_touch_reclaim,10,60m,229,4.698612424306678e-05,-0.0018050541516244,0.3755458515283842,1.0100476290958424,229,-0.0024702393204078,-0.0043176178124075,0.2751091703056768,0.6113759069776665,0.002517225444650867,0.0025125636607831,-0.10043668122270744,0
supplemental_2023_09_legacy,s2_first_touch_reclaim,20,15m,1827,0.0003892187050201,0.0,0.4274767378215654,1.1843470123531072,1827,-0.0021288681757155,-0.0025171071755404,0.2687465790914067,0.4271405800329739,0.0025180868807356,0.0025171071755404,-0.15873015873015872,0
supplemental_2023_09_legacy,s2_first_touch_reclaim,20,1d,1826,-0.0009859012282512,-0.0039227940687871,0.3953997809419496,0.886580226596925,1826,-0.0035005267847356,-0.0064300271512287,0.3559693318729463,0.6578652771110483,0.0025146255564844,0.0025072330824415998,-0.03943044906900328,0
supplemental_2023_09_legacy,s2_first_touch_reclaim,20,2d,1827,-0.0019374136373806,-0.0055401662049862,0.3864258347016968,0.8333278218106069,1827,-0.0044496441351523,-0.0080433281884181,0.3513957307060755,0.6623435242080428,0.0025122304977717,0.0025031619834318996,-0.03503010399562129,0
supplemental_2023_09_legacy,s2_first_touch_reclaim,20,30m,1827,0.0004007207553389,0.0,0.4395183360700602,1.1513121885202355,1827,-0.0021173950772901,-0.0025171071755404,0.3015873015873015,0.4956201734641365,0.002518115832629,0.0025171071755404,-0.13793103448275867,0
supplemental_2023_09_legacy,s2_first_touch_reclaim,20,3d,1825,-0.0030988610531205,-0.0066396163777203,0.3632876712328767,0.7724750742350344,1825,-0.0056081680632681,-0.0091400109272336,0.3342465753424657,0.6314601864231885,0.0025093070101476003,0.0025003945495133,-0.029041095890410984,0
supplemental_2023_09_legacy,s2_first_touch_reclaim,20,5d,1827,-0.0026786617456262,-0.007818052594172,0.3754789272030651,0.8413034285016713,1827,-0.0051890264424658,-0.0103154808934288,0.3508483853311439,0.7185242343778574,0.0025103646968396005,0.0024974282992567993,-0.024630541871921208,0
supplemental_2023_09_legacy,s2_first_touch_reclaim,20,5m,1827,0.0004516444087644,0.0,0.4225506294471812,1.3410426327338243,1827,-0.002066599604158,-0.0025171071755404,0.2058018609742747,0.3176535949348867,0.0025182440129224,0.0025171071755404,-0.2167487684729065,0
supplemental_2023_09_legacy,s2_first_touch_reclaim,20,60m,1827,0.0002993188199133,-0.0006531678641411,0.4203612479474548,1.0861176988214811,1827,-0.0022185417731764,-0.0031686309461638,0.3223864258347017,0.5586773761713726,0.0025178605930897,0.0025154630820227,-0.0979748221127531,0
supplemental_2023_09_legacy,s2_first_touch_reclaim,40,15m,2901,-0.0003949567601669,0.0,0.3971044467425025,0.8462045030542905,2901,-0.0029110697872123,-0.0025171071755405,0.2430196483971044,0.3137268878857192,0.0025161130270454,0.0025171071755405,-0.1540847983453981,0
supplemental_2023_09_legacy,s2_first_touch_reclaim,40,1d,2897,-0.0013079653098252,-0.0027906976744186,0.4100793924749741,0.8485726457179643,2897,-0.0038217801964989,-0.0053007803648179,0.3652053848809113,0.6232089362440525,0.0025138148866737002,0.0025100826903992996,-0.04487400759406279,0
supplemental_2023_09_legacy,s2_first_touch_reclaim,40,2d,2901,-0.0018795415698768,-0.0043620501635768,0.4002068252326783,0.8341110028944093,2901,-0.0043919177378449,-0.0068681775913503,0.3653912443984833,0.6580342323051566,0.0025123761679681,0.0025061274277735,-0.034815580834195003,0
supplemental_2023_09_legacy,s2_first_touch_reclaim,40,30m,2901,-0.0004694923513259,-0.0005787037037037,0.4026197862805929,0.8542346744385358,2901,-0.0029854177643,-0.003094354219999,0.280248190279214,0.3833761427483427,0.0025159254129741,0.0025156505162953003,-0.12237159600137892,0
supplemental_2023_09_legacy,s2_first_touch_reclaim,40,3d,2899,-0.0027816202110422,-0.0058139534883721,0.3918592618144187,0.7942677509210041,2899,-0.0052917257503897,-0.0083164263198686,0.3594342876854087,0.6483823254134308,0.0025101055393474997,0.0025024728314965005,-0.03242497412901002,0
supplemental_2023_09_legacy,s2_first_touch_reclaim,40,5d,2900,-0.0051521529915953,-0.0088029994254308,0.37,0.7117129800216889,2900,-0.0076562916458711,-0.0112979485079512,0.3458620689655172,0.6061159306731992,0.0025041386542757997,0.0024949490825204,-0.024137931034482807,0
supplemental_2023_09_legacy,s2_first_touch_reclaim,40,5m,2901,-6.434964490366685e-05,0.0,0.3929679420889349,0.96190651658275,2901,-0.0025812948454911,-0.0025171071755404,0.196828679765598,0.248959112742084,0.002516945200587433,0.0025171071755404,-0.19613926232333687,0
supplemental_2023_09_legacy,s2_first_touch_reclaim,40,60m,2899,-0.000933326335917,-0.0012674271229404,0.3842704380820972,0.781323456089872,2899,-0.0034480842290402,-0.0037813440485754,0.2966540186271127,0.414777533176396,0.0025147578931232002,0.002513916925635,-0.0876164194549845,0
supplemental_2023_09_legacy,s2_first_touch_reclaim,60,15m,2848,-0.0002538593772513,0.0,0.3985252808988764,0.90141300133569,2848,-0.0027703275615316,-0.0025171071755405,0.2524578651685393,0.3469167582133952,0.0025164681842803,0.0025171071755405,-0.1460674157303371,0
supplemental_2023_09_legacy,s2_first_touch_reclaim,60,1d,2844,-0.0008510533666444,-0.0021778587261384,0.4244022503516174,0.8986722343634779,2844,-0.0033660183496489,-0.0046894839978519,0.3765822784810126,0.658986656425467,0.0025149649830044996,0.0025116252717135006,-0.04781997187060477,0
supplemental_2023_09_legacy,s2_first_touch_reclaim,60,2d,2845,-0.002160777996713,-0.0044943820224719,0.4073813708260105,0.8130886239660562,2845,-0.0046724462624532,-0.007000176356774,0.3753954305799648,0.6420465175387763,0.0025116682657402,0.0025057943343021003,-0.03198594024604573,0
supplemental_2023_09_legacy,s2_first_touch_reclaim,60,30m,2848,-0.0002380912386509,0.0,0.4132724719101123,0.9245790592673112,2848,-0.0027545991130261,-0.0025171071755405,0.2875702247191011,0.4195174927415054,0.0025165078743752,0.0025171071755405,-0.1257022471910112,0
supplemental_2023_09_legacy,s2_first_touch_reclaim,60,3d,2846,-0.0037125187272993,-0.007022485762699,0.3759662684469431,0.7364413873556438,2846,-0.0062202810953119,-0.009521916588936,0.3457484188334505,0.6025651364089079,0.0025077623680126,0.002499430826237001,-0.03021784961349261,0
supplemental_2023_09_legacy,s2_first_touch_reclaim,60,5d,2844,-0.0052205670272415,-0.0091282538412826,0.3677918424753867,0.7112471493095222,2844,-0.0077245334760572,-0.0116223842235789,0.3389592123769339,0.6069519970898531,0.0025039664488157006,0.0024941303822962994,-0.028832630098452827,0
supplemental_2023_09_legacy,s2_first_touch_reclaim,60,5m,2848,-8.481864490261283e-05,0.0,0.3686797752808989,0.9528857576554384,2848,-0.0026017123228233,-0.0025171071755404,0.1927668539325842,0.2736987402336135,0.0025168936779206875,0.0025171071755404,-0.1759129213483147,0
supplemental_2023_09_legacy,s2_first_touch_reclaim,60,60m,2848,-0.0005962909884802,-0.0009528608523542,0.4002808988764045,0.8547285910307508,2848,-0.0031118972356948,-0.0034675695750059,0.3033707865168539,0.4542650458050433,0.0025156062472145996,0.0025147087226517,-0.0969101123595506,0
supplemental_2023_09_legacy,s2_first_touch_reclaim,120,15m,2132,4.629455892901771e-05,0.0,0.4015009380863039,1.0157102281228094,2132,-0.0024709291449778,-0.0025171071755405,0.2762664165103189,0.4595454994078232,0.0025172237039068177,0.0025171071755405,-0.12523452157598497,0
supplemental_2023_09_legacy,s2_first_touch_reclaim,120,1d,2132,-0.0011058201024069,-0.0025542825825983,0.4338649155722326,0.8833615340784013,2132,-0.0036201438102327,-0.0050649603551218,0.3883677298311445,0.6686920431212873,0.0025143237078258003,0.0025106777725235003,-0.04549718574108813,0
supplemental_2023_09_legacy,s2_first_touch_reclaim,120,2d,2130,-0.0024834394187139,-0.0041740659095591,0.4220657276995305,0.804980595266164,2130,-0.0049942955110735,-0.0066806665138475,0.3938967136150235,0.6478657760605973,0.0025108560923595997,0.0025066006042884,-0.028169014084507005,0
supplemental_2023_09_legacy,s2_first_touch_reclaim,120,30m,2132,0.0003149641816317,0.0,0.4263602251407129,1.090485737337809,2132,-0.0022029357925102,-0.0025171071755405,0.3180112570356472,0.5611695348709508,0.0025178999741419,0.0025171071755405,-0.10834896810506572,0
supplemental_2023_09_legacy,s2_first_touch_reclaim,120,3d,2130,-0.0041786514312712,-0.0063653955864429,0.3863849765258216,0.7233999895335728,2130,-0.0066852404933099,-0.0088664803790774,0.3633802816901408,0.5981997399719563,0.0025065890620386997,0.0025010847926344995,-0.023004694835680795,0
supplemental_2023_09_legacy,s2_first_touch_reclaim,120,5d,2129,-0.0036336164095362,-0.0076923076923075,0.3987787693752935,0.7959370177266424,2129,-0.006141577383139,-0.0101900525049591,0.371066228276186,0.6818047676609811,0.0025079609736028,0.0024977448126516,-0.02771254109910748,0
supplemental_2023_09_legacy,s2_first_touch_reclaim,120,5m,2132,-9.6842299820428e-05,0.0,0.374765478424015,0.954497031923297,2132,-0.002613705712913,-0.0025171071755405,0.2223264540337711,0.3228398641318901,0.002516863413092572,0.0025171071755405,-0.15243902439024387,0
supplemental_2023_09_legacy,s2_first_touch_reclaim,120,60m,2132,0.0003360145313466,-0.0004016706854575,0.4324577861163227,1.078989335682517,2132,-0.0021819384287816,-0.0029177668128334,0.3414634146341463,0.6209638046733034,0.0025179529601282,0.0025160961273759,-0.09099437148217637,0
supplemental_2023_09_legacy,s2_first_touch_reclaim,240,15m,1505,-0.0001866910658957,0.0,0.4039867109634552,0.9459085960657996,1505,-0.0027033283200146,-0.0025171071755405,0.2857142857142857,0.4655547931125925,0.0025166372541189,0.0025171071755405,-0.11827242524916948,0
supplemental_2023_09_legacy,s2_first_touch_reclaim,240,1d,1501,-0.0008804593777073,-0.0023474178403755,0.4383744170552964,0.9143679353099756,1501,-0.0033953503426303,-0.0048586163136258,0.3957361758827448,0.7099904098152628,0.002514890964923,0.0025111984732503,-0.042638241172551605,0
supplemental_2023_09_legacy,s2_first_touch_reclaim,240,2d,1502,-0.0017054018462816,-0.0036636846237996,0.4194407456724368,0.8742325507168438,1502,-0.0042182163425976,-0.0061715699124845,0.3861517976031957,0.7192085884108919,0.002512814496316,0.0025078852886849003,-0.0332889480692411,0
supplemental_2023_09_legacy,s2_first_touch_reclaim,240,30m,1505,-6.0314114809080034e-05,0.0,0.4365448504983388,0.9853196419734488,1505,-0.0025772694732583,-0.0025171071755404,0.3176079734219269,0.5429992686622173,0.00251695535844922,0.0025171071755404,-0.11893687707641187,0
supplemental_2023_09_legacy,s2_first_touch_reclaim,240,3d,1503,-0.0030693958530657,-0.0058708414872798,0.4078509647371923,0.8113726359622956,1503,-0.0055787770302798,-0.0083731711255862,0.3739188290086493,0.6858439857170459,0.0025093811772141004,0.0025023296383064,-0.03393213572854298,0
supplemental_2023_09_legacy,s2_first_touch_reclaim,240,5d,1502,-0.0040813899905433,-0.0080385157846992,0.400133155792277,0.7893518908305357,1502,-0.0065882238700524,-0.0105353891544772,0.3768308921438082,0.684159109363059,0.0025068338795091,0.002496873369778,-0.02330226364846877,0
supplemental_2023_09_legacy,s2_first_touch_reclaim,240,5m,1505,-6.932193788892231e-05,0.0,0.3913621262458471,0.971825378295898,1505,-0.002586254622682,-0.0025171071755404,0.2259136212624584,0.378830156500768,0.002516932684793078,0.0025171071755404,-0.1654485049833887,0
supplemental_2023_09_legacy,s2_first_touch_reclaim,240,60m,1504,-0.000227506557886,-0.0009100876466575,0.4122340425531915,0.9538664822499028,1504,-0.0027440410750371,-0.0034249040340521,0.3390957446808511,0.5760744503264553,0.0025165345171510997,0.0025148163873946,-0.07313829787234044,0
supplemental_2023_09_legacy,s2_reclaim_acceleration,10,15m,43469,-0.0002668637870333,0.0,0.3475120200602728,0.8518104347429715,43469,-0.00278329923782,-0.0025171071755405,0.1941843612689502,0.2264533087646968,0.0025164354507867,0.0025171071755405,-0.15332765879132262,0
supplemental_2023_09_legacy,s2_reclaim_acceleration,10,1d,43439,0.0006617202118552,0.0,0.461336586938005,1.0995704447254353,43439,-0.0018570525843786,-0.0025171071755405,0.4158475103018025,0.7686690348876,0.0025187727962338,0.0025171071755405,-0.0454890766362025,0
supplemental_2023_09_legacy,s2_reclaim_acceleration,10,2d,43439,-0.0022643358561045,-0.004149377593361,0.3929878680448445,0.7720931362248984,43439,-0.0047757434556137,-0.0066560403407872,0.3570524183337554,0.5836811576309099,0.0025114075995092003,0.0025066627474261997,-0.035935449711089085,0
supplemental_2023_09_legacy,s2_reclaim_acceleration,10,30m,43468,9.143760573685332e-05,0.0,0.3904711511916812,1.0432822068313774,43468,-0.0024258997280567,-0.0025171071755404,0.2535658415386031,0.3578433264414677,0.0025173373337935533,0.0025171071755404,-0.13690530965307807,0
supplemental_2023_09_legacy,s2_reclaim_acceleration,10,3d,43441,-0.0038684766324813,-0.0059405940594058,0.3655532791602403,0.6796896626365201,43441,-0.0063758464377318,-0.0084427481230123,0.3365254022697451,0.5336170307369494,0.0025073698052504997,0.0025021540636064998,-0.029027876890495186,0
supplemental_2023_09_legacy,s2_reclaim_acceleration,10,5d,43446,-0.0060746606878289,-0.0082191780821917,0.3506651935736316,0.6073558930814186,43446,-0.0085764772913631,-0.0107155967056045,0.3243566726511071,0.4981833563671302,0.0025018166035341996,0.002496418623412799,-0.026308520922524448,0
supplemental_2023_09_legacy,s2_reclaim_acceleration,10,5m,43469,-0.0002227436976586,0.0,0.3280958844233821,0.8285958292855697,43469,-0.0027392902034388,-0.0025171071755404,0.1418712185695553,0.1424148920871201,0.0025165465057802,0.0025171071755404,-0.1862246658538268,0
supplemental_2023_09_legacy,s2_reclaim_acceleration,10,60m,43463,0.0002717609197264,0.0,0.4170673906541196,1.097535611517949,43463,-0.0022460303071748,-0.0025171071755404,0.311230241814877,0.4836384952644851,0.0025177912269011998,0.0025171071755404,-0.10583714883924256,0
supplemental_2023_09_legacy,s2_reclaim_acceleration,20,15m,31828,-0.0001995029054285,0.0,0.3555045871559633,0.8854653839652926,31828,-0.0027161079107739,-0.0025171071755404,0.1988814879979892,0.2287354759731741,0.0025166050053454002,0.0025171071755404,-0.1566230991579741,0
supplemental_2023_09_legacy,s2_reclaim_acceleration,20,1d,31813,6.839368337179049e-05,-0.0017574692442883,0.4340678339043787,1.0099371863348483,31813,-0.0024488856463997,-0.004270152681383,0.3897463301166189,0.7060529522727487,0.0025172793297714904,0.0025126834370946998,-0.044321503787759786,0
supplemental_2023_09_legacy,s2_reclaim_acceleration,20,2d,31811,-0.0023275903447996,-0.0042016806722688,0.3860299896262299,0.7653490198739312,31811,-0.0048388387259814,-0.0067082117672399,0.350979221024174,0.5781971092369481,0.0025112483811818,0.0025065310949710998,-0.035050768602055915,0
supplemental_2023_09_legacy,s2_reclaim_acceleration,20,30m,31828,7.094727377878518e-05,0.0,0.3924531858740731,1.0337678634973235,31828,-0.0024463384836534,-0.0025171071755404,0.2562837752921955,0.3495302606619473,0.0025172857574321853,0.0025171071755404,-0.1361694105818776,0
supplemental_2023_09_legacy,s2_reclaim_acceleration,20,3d,31815,-0.0039647363525983,-0.00592768227623,0.3625019644821625,0.6701518795663743,31815,-0.0064718638618163,-0.0084298688401786,0.3311645450259312,0.5249443770384181,0.002507127509218,0.0025021865639486005,-0.03133741945623131,0
supplemental_2023_09_legacy,s2_reclaim_acceleration,20,5d,31803,-0.0062448732059103,-0.0083720930232559,0.3446215765808257,0.5923022321979832,31803,-0.008746261366294,-0.0108681267433731,0.3183661918686916,0.4840652481971659,0.0025013881603837005,0.0024960337201172,-0.026255384712134122,0
supplemental_2023_09_legacy,s2_reclaim_acceleration,20,5m,31828,-0.0001499481475196,0.0,0.3306836747517909,0.878184134725401,31828,-0.0026666778875017,-0.0025171071755404,0.1445268317204976,0.1445984967165105,0.0025167297399821,0.0025171071755404,-0.1861568430312933,0
supplemental_2023_09_legacy,s2_reclaim_acceleration,20,60m,31827,9.562694165949509e-05,0.0,0.406730134791215,1.033998289965251,31827,-0.0024217209371419,-0.0025171071755405,0.3050554560593207,0.4490576926560776,0.002517347878801395,0.0025171071755405,-0.10167467873189429,0
supplemental_2023_09_legacy,s2_reclaim_acceleration,40,15m,21794,-0.000256268332306,0.0,0.3478021473800128,0.8598858500076078,21794,-0.0027727304529884,-0.0025171071755405,0.1937230430393686,0.2340458978725029,0.0025164621206824,0.0025171071755405,-0.1540791043406442,0
supplemental_2023_09_legacy,s2_reclaim_acceleration,40,1d,21787,-0.0002744067560404,-0.0017921146953405,0.4344333777022995,0.9620874108222722,21787,-0.0027908232203662,-0.0043047109261218,0.3917473722862257,0.6786182229396635,0.0025164164643258,0.0025125962307812996,-0.04268600541607381,0
supplemental_2023_09_legacy,s2_reclaim_acceleration,40,2d,21778,-0.0026012672601644,-0.0041379310344827,0.3907154008632565,0.7449349094364748,21778,-0.0051118267672186,-0.0066446225941244,0.356460648360731,0.5644878793513594,0.0025105595070542,0.0025066915596417003,-0.03425475250252552,0
supplemental_2023_09_legacy,s2_reclaim_acceleration,40,30m,21794,-2.717277643295443e-05,0.0,0.3804258052675048,0.9877138897094372,21794,-0.0025442115551829,-0.0025171071755404,0.2491052583279801,0.3464229054415901,0.0025170387787499453,0.0025171071755404,-0.1313205469395247,0
supplemental_2023_09_legacy,s2_reclaim_acceleration,40,3d,21776,-0.0044567497254781,-0.0062235550680953,0.3628765613519471,0.6454388113920557,21776,-0.0069626387843049,-0.0087249968885164,0.3315117560617193,0.5086337238153765,0.0025058890588268,0.0025014418204211,-0.03136480529022784,0
supplemental_2023_09_legacy,s2_reclaim_acceleration,40,5d,21785,-0.0071738520188127,-0.0090702947845804,0.3372044985081478,0.5545564474144661,21785,-0.0096729018399603,-0.0115645710560341,0.3113151250860684,0.4552336419896021,0.0024990498211476,0.0024942762714537,-0.02588937342207942,0
supplemental_2023_09_legacy,s2_reclaim_acceleration,40,5m,21794,-0.0002167232631138,0.0,0.3223823070569881,0.8359118725530497,21794,-0.0027332849229737,-0.0025171071755404,0.1419197944388363,0.1511975348382018,0.0025165616598599,0.0025171071755404,-0.18046251261815183,0
supplemental_2023_09_legacy,s2_reclaim_acceleration,40,60m,21794,-3.3307224628965613e-05,0.0,0.3995136276039276,0.9888366000947382,21794,-0.0025503305623153,-0.0025171071755405,0.3007708543635863,0.4430632157533197,0.0025170233376863344,0.0025171071755405,-0.09874277324034131,0
supplemental_2023_09_legacy,s2_reclaim_acceleration,60,15m,18409,-0.0002502794236137,0.0,0.3550437286110054,0.8691082458539527,18409,-0.0027667566190211,-0.0025171071755405,0.2027812483024607,0.2492686431146662,0.0025164771954074,0.0025171071755405,-0.15226248030854472,0
supplemental_2023_09_legacy,s2_reclaim_acceleration,60,1d,18394,-0.0002954643924784,-0.0017376207729468,0.4342176796781559,0.9603725665217936,18394,-0.0028118278524764,-0.0042503541707713,0.3907796020441448,0.684060157256983,0.002516363459998,0.0025127333978245004,-0.043438077634011085,0
supplemental_2023_09_legacy,s2_reclaim_acceleration,60,2d,18392,-0.0030252053476792,-0.0045871559633028,0.3836994345367551,0.7182799259838156,18392,-0.0055346977571314,-0.0070927167756528,0.3492822966507177,0.5497941135509619,0.0025094924094522,0.0025055608123499993,-0.0344171378860374,0
supplemental_2023_09_legacy,s2_reclaim_acceleration,60,30m,18409,-9.057724849653669e-05,0.0,0.3851920256396328,0.9610663931849586,18409,-0.0026074564313948,-0.0025171071755405,0.2510185235482644,0.3484102302245337,0.002516879182898263,0.0025171071755405,-0.13417350209136836,0
supplemental_2023_09_legacy,s2_reclaim_acceleration,60,3d,18395,-0.0053568496461984,-0.007269789983845,0.3516716499048654,0.5988291518247479,18395,-0.0078604730570561,-0.0097685983188524,0.3221527589018755,0.475147179264386,0.0025036234108576994,0.0024988083350073994,-0.029518891002989878,0
supplemental_2023_09_legacy,s2_reclaim_acceleration,60,5d,18398,-0.0077622527590592,-0.010016694490818,0.3273181867594303,0.5350806919280949,18398,-0.0102598215124814,-0.0125085885727805,0.301880639199913,0.441537723952563,0.0024975687534222,0.002491894081962499,-0.025437547559517326,0
supplemental_2023_09_legacy,s2_reclaim_acceleration,60,5m,18410,-0.0001927097679498,0.0,0.3294405214557306,0.859272629032005,18410,-0.0027093318723506,-0.0025171071755404,0.1472026072786529,0.1673318951172715,0.0025166221044008,0.0025171071755404,-0.18223791417707771,0
supplemental_2023_09_legacy,s2_reclaim_acceleration,60,60m,18406,-7.640697396127558e-05,0.0,0.4089427360643268,0.9755083154208024,18406,-0.0025933218249592,-0.0025171071755405,0.3012604585461262,0.448536232376844,0.0025169148509979243,0.0025171071755405,-0.10768227751820059,0
supplemental_2023_09_legacy,s2_reclaim_acceleration,120,15m,10452,-0.0001336108948341,0.0,0.3730386528893991,0.9375164240021068,10452,-0.0026503817574323,-0.0025171071755405,0.2190968235744355,0.3153369079728508,0.0025167708625981997,0.0025171071755405,-0.15394182931496359,0
supplemental_2023_09_legacy,s2_reclaim_acceleration,120,1d,10439,0.0001121035318831,-0.0010700909577313,0.460772104607721,1.014344922190056,10439,-0.0024052858202617,-0.0035845045996435,0.4153654564613468,0.738467987411747,0.0025173893521448004,0.0025144136419121997,-0.045406648146374184,0
supplemental_2023_09_legacy,s2_reclaim_acceleration,120,2d,10441,-0.0025068109999414,-0.0038610038610038,0.4084857772244037,0.7784740705555586,10441,-0.0050176082635261,-0.0063683924760209,0.3753471889665741,0.6082114470165562,0.0025107972635847,0.0025073886150171003,-0.033138588257829615,0
supplemental_2023_09_legacy,s2_reclaim_acceleration,120,30m,10452,9.950969471837846e-05,0.0,0.404707233065442,1.0386588903871636,10452,-0.0024178479573885,-0.0025171071755404,0.2691350937619594,0.4246938593466179,0.0025173576521068785,0.0025171071755404,-0.1355721393034826,0
supplemental_2023_09_legacy,s2_reclaim_acceleration,120,3d,10447,-0.0046652947187571,-0.0063694267515924,0.3697712261893366,0.6657438767836199,10447,-0.007170658847485,-0.0088705013973524,0.3418206183593376,0.538414426606536,0.0025053641287278994,0.00250107464576,-0.02795060782999903,0
supplemental_2023_09_legacy,s2_reclaim_acceleration,120,5d,10449,-0.0065905463164396,-0.009009009009009,0.3603215618719494,0.6210647896401211,10449,-0.0090910643805561,-0.0115034395433285,0.3328548186429323,0.5211696238826693,0.0025005180641164996,0.002494430534319499,-0.0274667432290171,0
supplemental_2023_09_legacy,s2_reclaim_acceleration,120,5m,10452,-0.000187081648405,0.0,0.3461538461538461,0.8791421317788248,10452,-0.0027037179193857,-0.0025171071755404,0.1609261385380788,0.2039171602731775,0.0025166362709807,0.0025171071755404,-0.1852277076157673,0
supplemental_2023_09_legacy,s2_reclaim_acceleration,120,60m,10449,0.000109762404138,0.0,0.422145659871758,1.0331068420933471,10449,-0.0024076210551373,-0.0025171071755405,0.3176380514881807,0.5050912503592976,0.0025173834592753003,0.0025171071755405,-0.10450760838357731,0
supplemental_2023_09_legacy,s2_reclaim_acceleration,240,15m,7347,-0.0002758470873421,0.0,0.3593303389138423,0.8744041029710561,7347,-0.0027922599261996,-0.0025171071755405,0.2236286919831223,0.2912357018002116,0.0025164128388575,0.0025171071755405,-0.13570164693072,0
supplemental_2023_09_legacy,s2_reclaim_acceleration,240,1d,7335,0.0001710976552898,0.0,0.4663940013633265,1.0213870312543123,7335,-0.0023464401913864,-0.0025171071755406,0.425494205862304,0.7493187186859845,0.0025175378466762003,0.0025171071755406,-0.04089979550102246,0
supplemental_2023_09_legacy,s2_reclaim_acceleration,240,2d,7341,-0.0020358745381682,-0.0033898305084746,0.4161558370794169,0.8147484054081152,7341,-0.0045478571993,-0.0058984051173183,0.3867320528538346,0.6349565989000238,0.0025119826611317998,0.0025085746088437,-0.029423784225582283,0
supplemental_2023_09_legacy,s2_reclaim_acceleration,240,30m,7347,-0.0001179727514469,0.0,0.3928133932217231,0.9561449216018784,7347,-0.0026347829769281,-0.0025171071755405,0.2690894242547978,0.3912892847510347,0.0025168102254812,0.0025171071755405,-0.12372396896692528,0
supplemental_2023_09_legacy,s2_reclaim_acceleration,240,3d,7347,-0.0041558388379479,-0.0058737151248166,0.3817884850959575,0.6950210294353233,7347,-0.0066624853217289,-0.0083760375298691,0.3542942697699741,0.5609603540261934,0.002506646483781,0.0025023224050524998,-0.027494215325983395,0
supplemental_2023_09_legacy,s2_reclaim_acceleration,240,5d,7347,-0.0065612549940268,-0.008108108108108,0.3691302572478562,0.6111067071757734,7347,-0.0090618467875412,-0.0106048063065491,0.3481693208112155,0.5084730860044896,0.002500591793514401,0.0024966981984411007,-0.02096093643664071,0
supplemental_2023_09_legacy,s2_reclaim_acceleration,240,5m,7347,-0.0002152481640158,0.0,0.3351027630325303,0.8638281711155674,7347,-0.002731813536858,-0.0025171071755404,0.1657819518170682,0.203626364722569,0.0025165653728422,0.0025171071755404,-0.16932081121546208,0
supplemental_2023_09_legacy,s2_reclaim_acceleration,240,60m,7345,-3.387426495282116e-05,0.0,0.4074880871341048,0.9902949951844912,7345,-0.0025508961753378,-0.0025171071755405,0.3213070115724983,0.495656974364718,0.0025170219103849787,0.0025171071755405,-0.08618107556160648,0
supplemental_2023_09_legacy,s2_reclaim_bull_stack,10,15m,2727,-0.0002757036992733,0.0,0.376971030436377,0.8892078782651728,2727,-0.002792116899054,-0.0025171071755404,0.2156215621562156,0.3368243717784426,0.0025164131997807,0.0025171071755404,-0.16134946828016136,0
supplemental_2023_09_legacy,s2_reclaim_bull_stack,10,1d,2721,-0.0033421492025615,-0.0037369207772796,0.3711870635795663,0.6933499439541594,2721,-0.0058508438303625,-0.006244621722717,0.3256155825064314,0.5318108739065349,0.0025086946278009997,0.0025077009454373997,-0.04557148107313491,0
supplemental_2023_09_legacy,s2_reclaim_bull_stack,10,2d,2724,-0.0052082015005267,-0.0055401662049862,0.3314977973568282,0.644011149958688,2724,-0.0077121990746984,-0.0080433281884184,0.2962555066079295,0.5271422066473368,0.0025039975741716998,0.0025031619834321997,-0.03524229074889873,0
supplemental_2023_09_legacy,s2_reclaim_bull_stack,10,30m,2726,-0.0005369419290799,0.0,0.384446074834923,0.8336473540604563,2726,-0.0030526975642378,-0.0025171071755406,0.2534849596478357,0.3772816654970068,0.0025157556351579,0.0025171071755406,-0.1309611151870873,0
supplemental_2023_09_legacy,s2_reclaim_bull_stack,10,3d,2724,-0.0056148449459974,-0.0070312671661795,0.3370044052863436,0.6684641950334985,2724,-0.0081178189550347,-0.0095306758886828,0.3054331864904552,0.5632983498050691,0.0025029740090372994,0.0024994087225033,-0.03157121879588842,0
supplemental_2023_09_legacy,s2_reclaim_bull_stack,10,5d,2726,-0.0058680850058318,-0.0089402275270421,0.3495964783565664,0.7238805025439923,2726,-0.0083704215824973,-0.0114348311917232,0.3319882611885547,0.6336863521573791,0.0025023365766655,0.0024946036646811,-0.017608217168011697,0
supplemental_2023_09_legacy,s2_reclaim_bull_stack,10,5m,2727,-0.0001898153170348,0.0,0.3546021268793546,0.8934317428932466,2727,-0.0027064447070787,-0.0025171071755404,0.1716171617161716,0.2496872213675137,0.0025166293900439,0.0025171071755404,-0.182984965163183,0
supplemental_2023_09_legacy,s2_reclaim_bull_stack,10,60m,2725,-0.001251973309652,-0.0014265335235377,0.3710091743119266,0.7386644791479768,2725,-0.0037659291341911,-0.0039400499613098,0.2708256880733945,0.4166277863443076,0.0025139558245391,0.0025135164377721,-0.10018348623853207,0
supplemental_2023_09_legacy,s2_reclaim_bull_stack,20,15m,2032,-0.0001197479457439,0.0,0.3848425196850393,0.945857441523836,2032,-0.0026365537028709,-0.0025171071755404,0.2101377952755905,0.3276518882404119,0.002516805757127,0.0025171071755404,-0.17470472440944879,0
supplemental_2023_09_legacy,s2_reclaim_bull_stack,20,1d,2030,-0.0018160143512723,-0.0025038226299693,0.4039408866995074,0.7954168109179677,2030,-0.0043285504240583,-0.0050146274156016,0.3571428571428571,0.5837605948094052,0.0025125360727860004,0.0025108047856323,-0.0467980295566503,0
supplemental_2023_09_legacy,s2_reclaim_bull_stack,20,2d,2031,-0.0034120183437317,-0.0043290043290042,0.362383062530773,0.7218747815494209,2031,-0.0059205371034161,-0.0068352149366853,0.326932545544067,0.5733687602869472,0.0025085187596844004,0.0025062106076811,-0.03545051698670604,0
supplemental_2023_09_legacy,s2_reclaim_bull_stack,20,30m,2031,-0.0004526057521931,0.0,0.37863121614968,0.8422092680074831,2031,-0.002968573670547,-0.0025171071755405,0.2466765140324963,0.3485823321403349,0.0025159679183539,0.0025171071755405,-0.1319547021171837,0
supplemental_2023_09_legacy,s2_reclaim_bull_stack,20,3d,2029,-0.0052811780080458,-0.0062761506276151,0.34647609659931,0.6574951235001915,2029,-0.0077849918925268,-0.008777460059376,0.3080335140463282,0.5435832435255865,0.0025038138844809994,0.0025013094317608998,-0.038442582552981774,0
supplemental_2023_09_legacy,s2_reclaim_bull_stack,20,5d,2032,-0.0055655693904615,-0.0082194310429211,0.3464566929133858,0.7073511347284798,2032,-0.0080686674313532,-0.0107158490296044,0.3208661417322834,0.6089523187508666,0.0025030980408916994,0.0024964179866833,-0.025590551181102428,0
supplemental_2023_09_legacy,s2_reclaim_bull_stack,20,5m,2032,-0.0001594575028609,0.0,0.3533464566929133,0.9034089168117472,2032,-0.0026761633067767,-0.0025171071755404,0.1638779527559055,0.2312327191732616,0.0025167058039158,0.0025171071755404,-0.18946850393700782,0
supplemental_2023_09_legacy,s2_reclaim_bull_stack,20,60m,2031,-0.0007567802581007,-0.0009596928982725,0.3899556868537666,0.8079622801325818,2031,-0.0032719825366231,-0.0034743844239325,0.2772033481043821,0.4137078123125783,0.0025152022785224,0.00251469152566,-0.1127523387493845,0
supplemental_2023_09_legacy,s2_reclaim_bull_stack,40,15m,900,0.0001787071096366,0.0,0.4033333333333333,1.0899535577237052,900,-0.0023388498908517,-0.0025171071755404,0.2511111111111111,0.3549375375150758,0.0025175570004883,0.0025171071755404,-0.1522222222222222,0
supplemental_2023_09_legacy,s2_reclaim_bull_stack,40,1d,899,0.0002740915947643,0.0,0.4560622914349277,1.0336517338773257,899,-0.0022437054986959,-0.0025171071755405,0.407119021134594,0.7647361924518802,0.0025177970934602,0.0025171071755405,-0.04894327030033374,0
supplemental_2023_09_legacy,s2_reclaim_bull_stack,40,2d,900,-0.0007844232116304,-0.0021598272138227,0.4122222222222222,0.9256298092151276,900,-0.0032995559098761,-0.0046714978727854,0.3744444444444444,0.7258278626145028,0.0025151326982456998,0.0025116706589626996,-0.0377777777777778,0
supplemental_2023_09_legacy,s2_reclaim_bull_stack,40,30m,900,-0.0001964432150067,0.0,0.3911111111111111,0.9290133750743694,900,-0.002713055921921,-0.0025171071755404,0.2655555555555555,0.3854357171288879,0.0025166127069142998,0.0025171071755404,-0.1255555555555556,0
supplemental_2023_09_legacy,s2_reclaim_bull_stack,40,3d,900,-0.0020897641193807,-0.004376891545033,0.3955555555555555,0.8470443898441252,900,-0.0046016111346611,-0.006882981615459,0.3566666666666667,0.6968709653153713,0.0025118470152804004,0.002506090070426001,-0.038888888888888806,0
supplemental_2023_09_legacy,s2_reclaim_bull_stack,40,5d,900,-0.0019043627793322,-0.0057915057915056,0.4011111111111111,0.8894501687108236,900,-0.0044166764696559,-0.0082940351262611,0.3722222222222222,0.7639284375993373,0.0025123136903236996,0.0025025293347555,-0.02888888888888891,0
supplemental_2023_09_legacy,s2_reclaim_bull_stack,40,5m,900,-6.784442275350417e-05,0.0,0.3777777777777777,0.9535637764173585,900,-0.0025847808266105,-0.0025171071755404,0.1822222222222222,0.1962695958511329,0.002516936403856996,0.0025171071755404,-0.1955555555555555,0
supplemental_2023_09_legacy,s2_reclaim_bull_stack,40,60m,899,-0.0006349145867611,0.0,0.4015572858731924,0.8282776133512126,899,-0.0031504236142393,-0.0025171071755405,0.2981090100111234,0.4044757316956548,0.0025155090274782,0.0025171071755405,-0.103448275862069,0
supplemental_2023_09_legacy,s2_reclaim_bull_stack,60,15m,342,0.0005613704764241,0.0,0.4239766081871345,1.3339285324166843,342,-0.0019571497287706,-0.0025171071755404,0.2456140350877192,0.4041427596635784,0.0025185202051947,0.0025171071755404,-0.1783625730994153,0
supplemental_2023_09_legacy,s2_reclaim_bull_stack,60,1d,342,0.0001614906338737,0.0,0.4736842105263157,1.0205989504403048,342,-0.0023560230308999,-0.0025171071755405,0.4005847953216374,0.7438544123369177,0.0025175136647735998,0.0025171071755405,-0.07309941520467833,0
supplemental_2023_09_legacy,s2_reclaim_bull_stack,60,2d,341,-0.0031291140668103,-0.0032467532467533,0.4046920821114369,0.7237450703315979,341,-0.0056383449268801,-0.0057556879963992,0.3870967741935484,0.560118933442014,0.0025092308600697995,0.0025089347496459,-0.017595307917888547,0
supplemental_2023_09_legacy,s2_reclaim_bull_stack,60,30m,342,0.0009066609937391,0.0,0.435672514619883,1.480576111379959,342,-0.0016127283446943,-0.0025171071755404,0.3099415204678362,0.5282214597528586,0.0025193893384333997,0.0025171071755404,-0.1257309941520468,0
supplemental_2023_09_legacy,s2_reclaim_bull_stack,60,3d,342,-0.0059795837914629,-0.0074080845384573,0.3450292397660818,0.621513229313294,342,-0.0084816397137351,-0.009906544771249,0.3187134502923976,0.513417172856525,0.0025020559222722,0.0024984602327917,-0.02631578947368418,0
supplemental_2023_09_legacy,s2_reclaim_bull_stack,60,5d,342,-0.0057427809971614,-0.0097816317126741,0.3801169590643274,0.7185427551586034,342,-0.0082454329774463,-0.0122741174728422,0.3625730994152046,0.6240467822614456,0.0025026519802849,0.0024924857601681012,-0.017543859649122806,0
supplemental_2023_09_legacy,s2_reclaim_bull_stack,60,5m,342,0.0001419813674875,0.0,0.3538011695906433,1.1084999162001776,342,-0.0023754831903717,-0.0025171071755404,0.195906432748538,0.2273693579753406,0.0025174645578592,0.0025171071755404,-0.15789473684210528,0
supplemental_2023_09_legacy,s2_reclaim_bull_stack,60,60m,342,0.000705049786089,0.0,0.4152046783625731,1.2425893725338464,342,-0.001813832075327,-0.0025171071755404,0.3216374269005848,0.5912672217131574,0.002518881861416,0.0025171071755404,-0.0935672514619883,0
supplemental_2023_09_legacy,s2_reclaim_bull_stack,120,15m,85,0.0009458432020306,0.0,0.4117647058823529,1.7317729193380351,85,-0.0015736447622205,-0.0025171071755404,0.2117647058823529,0.4688988842094168,0.0025194879642511,0.0025171071755404,-0.2,0
supplemental_2023_09_legacy,s2_reclaim_bull_stack,120,1d,85,0.0012021873440827,0.0018726591760298,0.5411764705882353,1.1344230940494344,85,-0.0013179458658477,-0.00064916168336,0.4823529411764706,0.8697909090218449,0.0025201332099304002,0.0025218208593898,-0.05882352941176466,0
supplemental_2023_09_legacy,s2_reclaim_bull_stack,120,2d,84,0.0037476402831581,0.0,0.4761904761904761,1.360477583984197,84,0.0012210998953696,-0.0025171071755404,0.4642857142857143,1.104452599157366,0.0025265403877885,0.0025171071755404,-0.011904761904761807,0
supplemental_2023_09_legacy,s2_reclaim_bull_stack,120,30m,85,0.001107148355945,0.0,0.4588235294117647,1.5305601822579054,85,-0.0014127456306665,-0.0025171071755403,0.3529411764705882,0.6017331358784995,0.0025198939866114996,0.0025171071755403,-0.10588235294117648,0
supplemental_2023_09_legacy,s2_reclaim_bull_stack,120,3d,85,0.0014980070060278,-0.0007215007215005,0.4588235294117647,1.1042252058213553,85,-0.0010228708136964,-0.0032367918023978,0.4470588235294118,0.934869739472752,0.0025208778197242,0.0025152910808973,-0.0117647058823529,0
supplemental_2023_09_legacy,s2_reclaim_bull_stack,120,5d,85,0.0020841963184629,-0.0056179775280897,0.388235294117647,1.1159955406772588,85,-0.0004381570025858,-0.0081209436520821,0.3647058823529411,0.9775096081569304,0.0025223533210487,0.0025029661239924002,-0.02352941176470591,0
supplemental_2023_09_legacy,s2_reclaim_bull_stack,120,5m,85,-8.859383609441222e-05,0.0,0.2823529411764706,0.9331667946547588,85,-0.0026054780114542,-0.0025171071755404,0.1529411764705882,0.2038821824185666,0.002516884175359788,0.0025171071755404,-0.1294117647058824,0
supplemental_2023_09_legacy,s2_reclaim_bull_stack,120,60m,85,0.0001740609030762,0.0,0.4,1.0555892837619814,85,-0.0023434844024122,-0.0025171071755404,0.3176470588235294,0.5007374557973614,0.0025175453054884,0.0025171071755404,-0.08235294117647063,0
supplemental_2023_09_legacy,s2_reclaim_bull_stack,240,15m,23,0.0010408443697575,0.0,0.4782608695652174,1.6436097925866222,23,-0.0014788827226145,-0.0025171071755403,0.217391304347826,0.5243423742579231,0.002519727092372,0.0025171071755403,-0.2608695652173914,0
supplemental_2023_09_legacy,s2_reclaim_bull_stack,240,1d,23,0.0034206439269596,0.0048749999999999,0.6086956521739131,1.3774241465908617,23,0.0008949266240457,0.0023456219269788,0.5652173913043478,1.0892074928873272,0.0025257173029139,0.0025293780730211,-0.0434782608695653,0
supplemental_2023_09_legacy,s2_reclaim_bull_stack,240,2d,23,0.0196213532839448,0.0030395136778114,0.6086956521739131,3.033187206153705,23,0.0170548570592596,0.0005147557205826,0.6086956521739131,2.6072501036753093,0.002566496224685199,0.0025247579572288,0.0,0
supplemental_2023_09_legacy,s2_reclaim_bull_stack,240,30m,23,0.0009189467998683,0.0,0.391304347826087,1.5079228887553375,23,-0.0016004734632559,-0.0025171071755403,0.3043478260869565,0.5311098023588554,0.0025194202631242,0.0025171071755403,-0.08695652173913049,0
supplemental_2023_09_legacy,s2_reclaim_bull_stack,240,3d,23,0.013200072224718,0.0107913669064749,0.5217391304347826,1.7849188280656043,23,0.0106497390526631,0.0082470967038605,0.5217391304347826,1.592355724892331,0.0025503331720549,0.0025442702026144005,0.0,0
supplemental_2023_09_legacy,s2_reclaim_bull_stack,240,5d,23,0.0204056995890894,0.002369077306733,0.6086956521739131,1.974947689169508,23,0.0178372290806914,-0.0001539930902954,0.4782608695652174,1.810574667146025,0.0025684705083980006,0.0025230703970284,-0.13043478260869568,0
supplemental_2023_09_legacy,s2_reclaim_bull_stack,240,5m,23,0.0012476455083268,0.0,0.3478260869565217,2.551597764372936,23,-0.0012726021246751,-0.0025171071755404,0.217391304347826,0.5023788000257885,0.0025202476330019,0.0025171071755404,-0.13043478260869568,0
supplemental_2023_09_legacy,s2_reclaim_bull_stack,240,60m,23,-0.001476516788611,-0.0012468827930173,0.391304347826087,0.6310869057577007,23,-0.003989907413148,-0.0037608514309322,0.3043478260869565,0.2915734359599106,0.002513390624537,0.0025139686379149,-0.08695652173913049,0
supplemental_2023_09_legacy,s2_reclaim_daily_trend,10,15m,21873,-0.0003229532272889,0.0,0.3633703652905408,0.8481646606622761,21873,-0.0028392474949436,-0.0025171071755405,0.1976409271704841,0.2722285880538652,0.0025162942676547,0.0025171071755405,-0.1657294381200567,0
supplemental_2023_09_legacy,s2_reclaim_daily_trend,10,1d,21849,-0.0027865346553263,-0.0041152263374486,0.3715959540482402,0.6989269786787382,21849,-0.0052966278244908,-0.006621975047246,0.3244542084305918,0.5122779501522868,0.0025100931691645002,0.0025067487097974,-0.04714174561764839,0
supplemental_2023_09_legacy,s2_reclaim_daily_trend,10,2d,21850,-0.004880657352144,-0.0069444444444443,0.3366132723112128,0.6164907816816468,21850,-0.007385479390042,-0.0094440717090436,0.3015560640732265,0.4870453581195412,0.002504822037898,0.0024996272645993,-0.035057208237986304,0
supplemental_2023_09_legacy,s2_reclaim_daily_trend,10,30m,21872,-0.0003466077931089,-0.0005424531771837,0.3798463789319678,0.8703219624447986,21872,-0.0028628425196863,-0.0030581949399394,0.2385241404535479,0.34503695459362,0.0025162347265774002,0.0025157417627557,-0.14132223847841993,0
supplemental_2023_09_legacy,s2_reclaim_daily_trend,10,3d,21852,-0.0052241036853777,-0.0073664825046042,0.3431722496796632,0.6405875187083894,21852,-0.0077280612320459,-0.0098650474541737,0.3110012813472451,0.5224969521091881,0.0025039575466682005,0.0024985649495695003,-0.032170968332418115,0
supplemental_2023_09_legacy,s2_reclaim_daily_trend,10,5d,21854,-0.0071161620494209,-0.0102564102564103,0.3373295506543424,0.6245485079962111,21854,-0.0096153570824045,-0.0127477009480989,0.3149080259906653,0.5331302288781614,0.0024991950329835994,0.0024912906916886007,-0.022421524663677084,0
supplemental_2023_09_legacy,s2_reclaim_daily_trend,10,5m,21874,-0.0002109570047409,0.0,0.3455243668281978,0.8575858678783279,21874,-0.002727533178891,-0.0025171071755404,0.1462466855627686,0.187078479139297,0.0025165761741501,0.0025171071755404,-0.19927768126542922,0
supplemental_2023_09_legacy,s2_reclaim_daily_trend,10,60m,21869,-0.0008176003724953,-0.0013458950201884,0.3729937354245736,0.7879941217280185,21869,-0.0033326495602714,-0.0038596144337159,0.2670904019388175,0.3976460017639189,0.0025150491877761,0.0025137194135274998,-0.10590333348575609,0
supplemental_2023_09_legacy,s2_reclaim_daily_trend,20,15m,15940,-0.0002745662889691,0.0,0.3705771643663739,0.863933613384731,15940,-0.0027909823517333,-0.0025171071755405,0.2021329987452948,0.2608277577167736,0.0025164160627642,0.0025171071755405,-0.16844416562107908,0
supplemental_2023_09_legacy,s2_reclaim_daily_trend,20,1d,15922,-0.0025757231895614,-0.0042425186501958,0.3620776284386384,0.7103117327243859,15922,-0.0050863469937792,-0.0067489469515993,0.317548046727798,0.5164721192711876,0.0025106238042178,0.0025064283014035,-0.04452958171084037,0
supplemental_2023_09_legacy,s2_reclaim_daily_trend,20,2d,15928,-0.0037701271857012,-0.0061728395061729,0.3542817679558011,0.6864739075468196,15928,-0.0062777445470497,-0.0086744089830989,0.3183073832245103,0.5402739489340782,0.0025076173613485,0.002501569476926001,-0.035974384731290776,0
supplemental_2023_09_legacy,s2_reclaim_daily_trend,20,30m,15938,-0.0003629443965231,-0.0004320857531868,0.3785293010415359,0.8593221866384743,15938,-0.0028791380021187,-0.0029481053225774,0.238423892583762,0.3277279907789755,0.0025161936055956,0.0025160195693906,-0.14010540845777392,0
supplemental_2023_09_legacy,s2_reclaim_daily_trend,20,3d,15917,-0.0041705743005193,-0.0066592674805772,0.3597411572532512,0.6987115287344201,15917,-0.0066771836935617,-0.0091596125661584,0.3249984293522648,0.5678809010155166,0.0025066093930423998,0.0025003450855812003,-0.03474272790098637,0
supplemental_2023_09_legacy,s2_reclaim_daily_trend,20,5d,15923,-0.006012778059973,-0.0099183197199533,0.3381900395654085,0.6703196931766802,15923,-0.0085147504287137,-0.0124104614217572,0.3111850781887835,0.5717847509127543,0.0025019723687406993,0.0024921417018038995,-0.027004961376625003,0
supplemental_2023_09_legacy,s2_reclaim_daily_trend,20,5m,15941,-0.0001894096198221,0.0,0.3482215670284173,0.8653443342308417,15941,-0.0027060400310493,-0.0025171071755404,0.146979486857788,0.1737311965803955,0.0025166304112272,0.0025171071755404,-0.20124208017062928,0
supplemental_2023_09_legacy,s2_reclaim_daily_trend,20,60m,15937,-0.0009449067791844,-0.0013869625520109,0.3663801217293091,0.7459770642152668,15937,-0.0034596355230908,-0.0039005785941594,0.2560080316245215,0.3614372640671212,0.0025147287439064,0.0025136160421485,-0.1103720901047876,0
supplemental_2023_09_legacy,s2_reclaim_daily_trend,40,15m,11667,-0.0001129679681492,0.0,0.3811605382703351,0.9403167133980974,11667,-0.0026297907912063,-0.0025171071755404,0.210422559355447,0.2746671901508756,0.0025168228230571,0.0025171071755404,-0.1707379789148881,0
supplemental_2023_09_legacy,s2_reclaim_daily_trend,40,1d,11657,-0.0025434481698433,-0.0038986354775827,0.3795144548340053,0.7077739885667788,11657,-0.0050541532137449,-0.0064059293697876,0.33953847473621,0.5083421596683994,0.0025107050439016,0.0025072938922049,-0.039975980097795294,0
supplemental_2023_09_legacy,s2_reclaim_daily_trend,40,2d,11652,-0.0038756448490594,-0.0057388822307811,0.3674905595605904,0.670560071903961,11652,-0.0063829966111404,-0.0082415440246787,0.3303295571575695,0.5223194390763463,0.0025073517620809995,0.0025026617938976,-0.03716100240302089,0
supplemental_2023_09_legacy,s2_reclaim_daily_trend,40,30m,11667,-0.000283109609159,0.0,0.3864746721522242,0.8875994320240401,11667,-0.0027995041674707,-0.0025171071755405,0.2436787520356561,0.3341298137177729,0.0025163945583117,0.0025171071755405,-0.1427959201165681,0
supplemental_2023_09_legacy,s2_reclaim_daily_trend,40,3d,11654,-0.0036386511391285,-0.0062208398133748,0.372833361935816,0.7249276828034965,11654,-0.0061465994397773,-0.008722288468383,0.3358503518105371,0.5849310648205337,0.0025079483006487996,0.0025014486550082003,-0.03698301012527894,0
supplemental_2023_09_legacy,s2_reclaim_daily_trend,40,5d,11659,-0.0051180603794057,-0.0094979647218453,0.3462561111587615,0.7052748172618032,11659,-0.0076222848484403,-0.0119911645022313,0.32284072390428,0.5985989669415213,0.0025042244690345996,0.0024931997803860004,-0.0234153872544815,0
supplemental_2023_09_legacy,s2_reclaim_daily_trend,40,5m,11667,-0.0001690110900643,0.0,0.3497900059998285,0.8768648433774078,11667,-0.0026856928465771,-0.0025171071755404,0.150938544613011,0.1691713796231412,0.0025166817565128,0.0025171071755404,-0.1988514613868175,0
supplemental_2023_09_legacy,s2_reclaim_daily_trend,40,60m,11665,-0.0008717040414066,-0.0012615643397813,0.3754822117445349,0.761416684308498,11665,-0.0033866170444494,-0.0037754960226697,0.2729532790398628,0.3633426217168344,0.0025149130030428,0.0025139316828884,-0.10252893270467212,0
supplemental_2023_09_legacy,s2_reclaim_daily_trend,60,15m,9553,-5.590939693615109e-05,0.0,0.3878362817962943,0.9699934915320646,9553,-0.0025728758425323,-0.0025171071755404,0.2186747618549147,0.2806954269357561,0.0025169664455961488,0.0025171071755404,-0.16916151994137962,0
supplemental_2023_09_legacy,s2_reclaim_daily_trend,60,1d,9542,-0.0023248599095788,-0.0035203522056226,0.3858729826032278,0.7268410071375897,9542,-0.0048361151635587,-0.0060285982773658,0.338293858729826,0.5202307622646503,0.0025112552539798996,0.0025082460717432,-0.047579123873401796,0
supplemental_2023_09_legacy,s2_reclaim_daily_trend,60,2d,9546,-0.0026782411305313,-0.0047225567598911,0.3913681122983448,0.7601378304292863,9546,-0.0051886068861042,-0.0072277767539244,0.3569034150429499,0.5915048136598265,0.0025103657555729,0.0025052199940333005,-0.03446469725539486,0
supplemental_2023_09_legacy,s2_reclaim_daily_trend,60,30m,9553,-0.0002029461354628,0.0,0.3928608813985135,0.9190781927478588,9553,-0.0027195424738294,-0.0025171071755405,0.2562545797131791,0.3471447988660064,0.0025165963383665998,0.0025171071755405,-0.13660630168533439,0
supplemental_2023_09_legacy,s2_reclaim_daily_trend,60,3d,9544,-0.0016127786213406,-0.004883910421406,0.4016135792120704,0.8679679599378975,9544,-0.0041258262602408,-0.00738872427098,0.3668273260687343,0.6993389389998956,0.0025130476389002,0.0025048138495739995,-0.03478625314333611,0
supplemental_2023_09_legacy,s2_reclaim_daily_trend,60,5d,9543,-0.0037150657273128,-0.0088731144631765,0.3615215341087708,0.7773549513218302,9543,-0.0062228216842534,-0.0113678870586321,0.3364769988473226,0.6595224169727998,0.0025077559569406005,0.002494772595455599,-0.02504453526144823,0
supplemental_2023_09_legacy,s2_reclaim_daily_trend,60,5m,9554,-4.614218270223566e-05,0.0,0.3581745865606029,0.964278562303173,9554,-0.0025631332134233,-0.0025171071755404,0.161084362570651,0.1801329376890346,0.0025169910307210643,0.0025171071755404,-0.1970902239899519,0
supplemental_2023_09_legacy,s2_reclaim_daily_trend,60,60m,9551,-0.000694482794117,-0.0012706480304955,0.3805884200607266,0.8072686399182375,9551,-0.003209841882033,-0.0037845568487606,0.2823788085017276,0.3889330044910219,0.002515359087916,0.0025139088182651002,-0.09820961155899899,0
supplemental_2023_09_legacy,s2_reclaim_daily_trend,120,15m,7357,-5.95624482116535e-05,0.0,0.3918716868288704,0.9648174861830032,7357,-0.0025765196986862,-0.0025171071755404,0.2078292782384124,0.2439045705413302,0.0025169572504745463,0.0025171071755404,-0.184042408590458,0
supplemental_2023_09_legacy,s2_reclaim_daily_trend,120,1d,7346,-0.0024438008761507,-0.0034684601706034,0.384563027497958,0.6955270691676816,7346,-0.0049547567429701,-0.0059768368601603,0.337598693166349,0.4839897277222015,0.0025109558668193997,0.0025083766895569,-0.046964334331609014,0
supplemental_2023_09_legacy,s2_reclaim_daily_trend,120,2d,7349,-0.0030725186348055,-0.0048,0.3906653966526058,0.7111914696261112,7349,-0.0055818919516433,-0.0073050250610976,0.3590964757109811,0.5414886711625805,0.0025093733168378,0.0025050250610976,-0.03156892094162472,0
supplemental_2023_09_legacy,s2_reclaim_daily_trend,120,30m,7357,-0.0001117394698443,0.0,0.3964931357890444,0.9509457568772296,7357,-0.0026285653851633,-0.0025171071755405,0.2541796928095691,0.3314088330585426,0.0025168259153189997,0.0025171071755405,-0.1423134429794753,0
supplemental_2023_09_legacy,s2_reclaim_daily_trend,120,3d,7351,-0.0028434520819122,-0.0051635111876076,0.3954564004897293,0.759081560023239,7351,-0.005353401983814,-0.0076676212520866,0.3599510270711468,0.598338801079341,0.0025099499019018,0.0025041100644789998,-0.03550537341858251,0
supplemental_2023_09_legacy,s2_reclaim_daily_trend,120,5d,7351,-0.0065939661922741,-0.0107865168539325,0.332743844374915,0.6122625931577705,7351,-0.0090944756481967,-0.013276473210501,0.308801523602231,0.5128037438660723,0.0025005094559226006,0.0024899563565685,-0.02394232077268399,0
supplemental_2023_09_legacy,s2_reclaim_daily_trend,120,5m,7357,-7.738390702945641e-05,0.0,0.3451134973494631,0.9345240383081788,7357,-0.0025942962989821,-0.0025171071755404,0.1443523175207285,0.1501979639263194,0.0025169123919526436,0.0025171071755404,-0.20076117982873462,0
supplemental_2023_09_legacy,s2_reclaim_daily_trend,120,60m,7354,-0.0005660732859251,-0.0008932575214757,0.3893119390807724,0.8272070615733105,7354,-0.0030817555943356,-0.0034081162720993,0.2794397606744628,0.3721909986256895,0.0025156823084105003,0.0025148587506235998,-0.10987217840630958,0
supplemental_2023_09_legacy,s2_reclaim_daily_trend,240,15m,5629,-0.0002813855146416,0.0,0.3782199324924498,0.8684689817373945,5629,-0.002797784412684,-0.0025171071755405,0.2138923432225972,0.2783322940939851,0.0025163988980424,0.0025171071755405,-0.16432758926985258,0
supplemental_2023_09_legacy,s2_reclaim_daily_trend,240,1d,5622,-0.0020911813804168,-0.0035971223021581,0.3769121309142654,0.7648710294411105,5622,-0.0046030248282992,-0.0061051751353403,0.3351120597652081,0.5608350642288072,0.0025118434478823997,0.0025080528331821996,-0.041800071149057316,0
supplemental_2023_09_legacy,s2_reclaim_daily_trend,240,2d,5620,-0.0034917877482652,-0.0055021484467525,0.3697508896797153,0.7173744540417119,5620,-0.0060001057198089,-0.0080054061249567,0.3359430604982206,0.569725792808784,0.0025083179715437004,0.0025032576782041994,-0.03380782918149472,0
supplemental_2023_09_legacy,s2_reclaim_daily_trend,240,30m,5629,-0.0003824517768775,-0.0005230125523013,0.3929650026647717,0.8587536268540983,5629,-0.0028985962803061,-0.0030388032491933,0.2508438443773316,0.3378654948026139,0.0025161445034286,0.0025157906968920002,-0.1421211582874401,0
supplemental_2023_09_legacy,s2_reclaim_daily_trend,240,3d,5618,-0.0039552643991108,-0.0063174523987694,0.3675685297258811,0.7205422360652901,5618,-0.006462415750251,-0.0088186578695457,0.3332146671413314,0.5894907219062788,0.0025071513511402002,0.0025012054707763,-0.0343538625845497,0
supplemental_2023_09_legacy,s2_reclaim_daily_trend,240,5d,5615,-0.0056675566190285,-0.0109529025191678,0.3435440783615316,0.6947173328027881,5615,-0.0081703979471354,-0.0134424400651843,0.3219946571682992,0.5954073339579056,0.0025028413281069006,0.002489537546016501,-0.021549421193232388,0
supplemental_2023_09_legacy,s2_reclaim_daily_trend,240,5m,5629,-0.0001743218381358,0.0,0.3569017587493338,0.8831376478257864,5629,-0.0026909902269266,-0.0025171071755404,0.1558003197726061,0.1944522795172227,0.0025166683887908,0.0025171071755404,-0.20110143897672766,0
supplemental_2023_09_legacy,s2_reclaim_daily_trend,240,60m,5628,-0.0007457965016434,-0.0013431839503499,0.380774697938877,0.803129903058251,5628,-0.003261026427458,-0.0038569101879309,0.2770078180525941,0.4012404487256647,0.0025152299258146002,0.002513726237581,-0.10376687988628291,0
supplemental_2023_09_legacy,s2_reclaim_positive_slope,10,15m,32793,-0.0004583556895092,0.0,0.3474522001646692,0.7628944893206546,32793,-0.0029743091346543,-0.0025171071755405,0.1825389564846156,0.2062712279397856,0.0025159534451451,0.0025171071755405,-0.1649132436800536,0
supplemental_2023_09_legacy,s2_reclaim_positive_slope,10,1d,32756,-0.0026731556154,-0.0038240917782027,0.3766332885578214,0.6881407610541549,32756,-0.0051835341717597,-0.0063315733048883,0.3317560141653437,0.4899249278715755,0.0025103785563597002,0.0025074815266856003,-0.044877274392477684,0
supplemental_2023_09_legacy,s2_reclaim_positive_slope,10,2d,32751,-0.0037718943993911,-0.0057061340941512,0.3686299654972367,0.6685662498571854,32751,-0.0062795073124734,-0.0082088783186188,0.3341272022228329,0.5160067890023167,0.0025076129130822996,0.002502744224467601,-0.034502763274403825,0
supplemental_2023_09_legacy,s2_reclaim_positive_slope,10,30m,32793,-0.0003630488106692,0.0,0.3762083371451224,0.8471292697888949,32793,-0.002879242153443,-0.0025171071755405,0.2312688683560516,0.2954971857849158,0.0025161933427737997,0.0025171071755405,-0.14493946878907082,0
supplemental_2023_09_legacy,s2_reclaim_positive_slope,10,3d,32754,-0.00302802861493,-0.0051724137931035,0.3811748183427978,0.7514612705764171,32754,-0.0055375139179161,-0.0076765014487704,0.3476216645295231,0.59705597005588,0.0025094853029861,0.0025040876556668996,-0.03355315381327473,0
supplemental_2023_09_legacy,s2_reclaim_positive_slope,10,5d,32758,-0.0068440299130141,-0.0096385542168674,0.3371084925819647,0.6049255963382335,32758,-0.009343909931751,-0.0121314001184268,0.3134196226875878,0.5074554574162575,0.0024998800187369004,0.0024928459015594005,-0.023688869894376907,0
supplemental_2023_09_legacy,s2_reclaim_positive_slope,10,5m,32793,-0.0002273879115416,0.0,0.3381819290702284,0.8266067402321231,32793,-0.002743922727338,-0.0025171071755404,0.138535663098832,0.1433077320891415,0.0025165348157964,0.0025171071755404,-0.19964626597139642,0
supplemental_2023_09_legacy,s2_reclaim_positive_slope,10,60m,32788,-0.0007369411755909,-0.0011086474501108,0.3731243137733317,0.7827045358886241,32788,-0.0032521933912101,-0.0036229640411993,0.2637245333658655,0.3585099166644982,0.0025152522156192,0.0025143165910885,-0.10939978040746623,0
supplemental_2023_09_legacy,s2_reclaim_positive_slope,20,15m,23763,-0.0003062756147267,0.0,0.36396919580861,0.8365210374287556,23763,-0.0028226118617196,-0.0025171071755405,0.196776501283508,0.2260348572890312,0.0025163362469928998,0.0025171071755405,-0.167192694525102,0
supplemental_2023_09_legacy,s2_reclaim_positive_slope,20,1d,23747,0.0003783155224209,-0.0015600624024959,0.4424137785825578,1.052237949677556,23747,-0.0021397439138355,-0.0040732427337687,0.3975238977555059,0.7532249752284702,0.0025180594362564,0.0025131803312728,-0.04488988082705192,0
supplemental_2023_09_legacy,s2_reclaim_positive_slope,20,2d,23750,-0.0008644885608261,-0.002906976744186,0.4169684210526316,0.9127078629248696,23750,-0.0033794197260068,-0.0054167667477045,0.3792842105263158,0.7030851583216088,0.0025149311651807,0.0025097900035184998,-0.03768421052631582,0
supplemental_2023_09_legacy,s2_reclaim_positive_slope,20,30m,23762,-0.0001939723123174,0.0,0.3875515528995876,0.9164701439235112,23762,-0.0027105912387587,-0.0025171071755405,0.2465280700277754,0.3226846099518791,0.0025166189264413,0.0025171071755405,-0.14102348287181218,0
supplemental_2023_09_legacy,s2_reclaim_positive_slope,20,3d,23742,-0.0024067325048216,-0.0051426641262088,0.3845505854603656,0.8034111402767422,23742,-0.0049177816767044,-0.0076468266649757,0.3523713250779209,0.6433984466921802,0.0025110491718828005,0.0025041625387669,-0.032179260382444674,0
supplemental_2023_09_legacy,s2_reclaim_positive_slope,20,5d,23741,-0.0048625825257073,-0.0081632653061224,0.3594625331704646,0.7029041988226316,23741,-0.0073674500598807,-0.0106598246679849,0.3338949496651363,0.5898261050913557,0.0025048675341734,0.0024965593618625007,-0.02556758350532834,0
supplemental_2023_09_legacy,s2_reclaim_positive_slope,20,5m,23763,-0.0001863464796569,0.0,0.3446534528468628,0.8572441681793839,23763,-0.0027029846011364,-0.0025171071755404,0.1434162353238227,0.1502311389671819,0.0025166381214795,0.0025171071755404,-0.20123721752304008,0
supplemental_2023_09_legacy,s2_reclaim_positive_slope,20,60m,23760,-0.0002363121296439,-0.0005492996843903,0.4027356902356902,0.9262132532766304,23760,-0.0027528244822271,-0.0030650242137535,0.2971380471380471,0.426918380130875,0.0025165123525832,0.0025157245293632,-0.10559764309764313,0
supplemental_2023_09_legacy,s2_reclaim_positive_slope,40,15m,17429,-0.0002240662860661,0.0,0.3646795570600722,0.8793646204619922,17429,-0.0027406094627501,-0.0025171071755405,0.1993229674680131,0.2435111042862247,0.0025165431766840003,0.0025171071755405,-0.16535658959205912,0
supplemental_2023_09_legacy,s2_reclaim_positive_slope,40,1d,17418,-0.0019146970348696,-0.0030753467843631,0.4020553450453554,0.7666617113640907,17418,-0.0044269847127646,-0.0055847129824453,0.360202089792169,0.5450079493019485,0.002512287677895,0.0025093661980822,-0.041853255253186394,0
supplemental_2023_09_legacy,s2_reclaim_positive_slope,40,2d,17409,-0.004021094192553,-0.0054102795311091,0.3680854730311907,0.6474643352316097,17409,-0.0065280798430477,-0.00791376845322,0.3326440346946981,0.4978826426143779,0.0025069856504947004,0.0025034889221108997,-0.0354414383364926,0
supplemental_2023_09_legacy,s2_reclaim_positive_slope,40,30m,17429,-0.0002593515680872,0.0,0.3816053703597452,0.8910473762934329,17429,-0.0027758059279346,-0.0025171071755405,0.2394859142807963,0.3188551309008063,0.0025164543598473997,0.0025171071755405,-0.14211945607894888,0
supplemental_2023_09_legacy,s2_reclaim_positive_slope,40,3d,17412,-0.0054288505486563,-0.0070298793897277,0.3500459453250631,0.6037991571650168,17412,-0.0079322927255256,-0.0095292916054131,0.3163335630599586,0.4826975364570989,0.0025034421768693003,0.0024994122156854004,-0.033712382265104535,0
supplemental_2023_09_legacy,s2_reclaim_positive_slope,40,5d,17416,-0.0078722445857961,-0.0108254419859826,0.3252181901699587,0.5608854490481758,17416,-0.010369536478002,-0.0133153003638217,0.3005856683509416,0.4710308503649777,0.0024972918922059,0.0024898583778391013,-0.024632521819017095,0
supplemental_2023_09_legacy,s2_reclaim_positive_slope,40,5m,17429,-0.0001533779664823,0.0,0.3423604337598255,0.8806205533690422,17429,-0.0026700990732427,-0.0025171071755404,0.1463652533134431,0.1541406906143181,0.0025167211067604,0.0025171071755404,-0.1959951804463824,0
supplemental_2023_09_legacy,s2_reclaim_positive_slope,40,60m,17427,-0.0006128742588985,-0.001031991744066,0.3833132495552878,0.8201400961733444,17427,-0.0031284387642442,-0.0035465012857823,0.2828943593274803,0.380163069879603,0.0025155645053457,0.0025145095417163,-0.10041889022780748,0
supplemental_2023_09_legacy,s2_reclaim_positive_slope,60,15m,13734,-6.11751956940297e-05,0.0,0.3810251929517984,0.9670954501526916,13734,-0.0025781283867103,-0.0025171071755404,0.2204747342362021,0.2801195542509432,0.0025169531910162702,0.0025171071755404,-0.16055045871559628,0
supplemental_2023_09_legacy,s2_reclaim_positive_slope,60,1d,13722,-0.0023137913167148,-0.0035377358490568,0.3864596997522227,0.7302526444603156,13722,-0.0048250744315292,-0.0060459381643063,0.3422970412476315,0.5242017537093255,0.0025112831148143997,0.0025082023152495003,-0.04416265850459122,0
supplemental_2023_09_legacy,s2_reclaim_positive_slope,60,2d,13730,-0.004058938243637,-0.0057611062268035,0.3672978878368536,0.6569813964385407,13730,-0.0065658286365992,-0.0082637120805215,0.3311726147123088,0.5110689176173951,0.0025068903929621996,0.0025026058537180006,-0.03612527312454478,0
supplemental_2023_09_legacy,s2_reclaim_positive_slope,60,30m,13734,-0.0001020887423944,0.0,0.3955875928352992,0.9582644834699976,13734,-0.0026189389496287,-0.0025171071755405,0.2596475899228193,0.3607422473251391,0.0025168502072342998,0.0025171071755405,-0.13594000291247993,0
supplemental_2023_09_legacy,s2_reclaim_positive_slope,60,3d,13729,-0.004698488579186,-0.0071428571428572,0.3563988637191346,0.6572132147646016,13729,-0.0072037691554095,-0.0096419849814295,0.326607910262947,0.5297531054406648,0.0025052805762235,0.0024991278385722996,-0.029790953456187597,0
supplemental_2023_09_legacy,s2_reclaim_positive_slope,60,5d,13724,-0.0058981514738186,-0.0100671140939597,0.3305887496356747,0.6506606872498929,13724,-0.0084004123699618,-0.0125588812643772,0.3053774409793063,0.5471848813644151,0.0025022608961432005,0.0024917671704175,-0.025211308656368392,0
supplemental_2023_09_legacy,s2_reclaim_positive_slope,60,5m,13735,-2.7787675943546676e-05,0.0,0.3617764834364761,0.9782841278900346,13735,-0.0025448249069253,-0.0025171071755404,0.1625773571168547,0.1791100287277766,0.002517037230981753,0.0025171071755404,-0.19919912631962142,0
supplemental_2023_09_legacy,s2_reclaim_positive_slope,60,60m,13732,-0.0005199639005454,-0.0011495359130038,0.3848674628604719,0.8525309174582001,13732,-0.0030357622712207,-0.003663749583449,0.2877221089426158,0.4117524388082721,0.0025157983706753,0.0025142136704451997,-0.09714535391785611,0
supplemental_2023_09_legacy,s2_reclaim_positive_slope,120,15m,6136,9.32325616683168e-05,0.0,0.401238591916558,1.0463316437307608,6136,-0.002424109290222,-0.0025171071755404,0.2351694915254237,0.3424051676229464,0.0025173418518903167,0.0025171071755404,-0.16606910039113426,0
supplemental_2023_09_legacy,s2_reclaim_positive_slope,120,1d,6127,0.000886566146473,-0.0006480881399871,0.4710298677982699,1.1120729630885156,6127,-0.0016327726110762,-0.0031635640082199,0.4300636526848376,0.8237620538128636,0.0025193387575492,0.0025154758682327995,-0.04096621511343229,0
supplemental_2023_09_legacy,s2_reclaim_positive_slope,120,2d,6127,0.0006604587952982,-0.001763668430335,0.4599314509547902,1.063362583203833,6127,-0.0018583108258149,-0.0042763362634141,0.42777868451118,0.8423451053270966,0.0025187696211131,0.0025126678330791,-0.0321527664436102,0
supplemental_2023_09_legacy,s2_reclaim_positive_slope,120,30m,6136,0.0003308807212119,0.0,0.4229139504563233,1.130693264844831,6136,-0.002187059316566,-0.0025171071755404,0.291883963494133,0.4685234456977088,0.0025179400377779,0.0025171071755404,-0.13102998696219031,0
supplemental_2023_09_legacy,s2_reclaim_positive_slope,120,3d,6129,0.0001190797557129,-0.0031847133757961,0.4433023331701746,1.0095106000439549,6129,-0.002398327156335,-0.0056938042864463,0.4158916625876978,0.8276614876009173,0.0025174069120479,0.0025090909106502,-0.027410670582476815,0
supplemental_2023_09_legacy,s2_reclaim_positive_slope,120,5d,6130,-6.84738673475201e-05,-0.0054794520547944,0.4220228384991843,0.9957634097084463,6130,-0.002585408686825,-0.0079827668622497,0.398205546492659,0.8531005159375301,0.00251693481947748,0.002503314807455299,-0.023817292006525326,0
supplemental_2023_09_legacy,s2_reclaim_positive_slope,120,5m,6137,-8.300715922416367e-05,0.0,0.3726576503177448,0.9441993768627605,6137,-0.0025999053968484,-0.0025171071755404,0.1723969366139807,0.2095408267970632,0.0025168982376242363,0.0025171071755404,-0.20026071370376408,0
supplemental_2023_09_legacy,s2_reclaim_positive_slope,120,60m,6134,0.000203570814263,0.0,0.4341375937398108,1.0572779953248534,6134,-0.0023140487708346,-0.0025171071755405,0.3386044995109227,0.5429971998468588,0.0025176195850976,0.0025171071755405,-0.09553309422888812,0
supplemental_2023_09_legacy,s2_reclaim_positive_slope,240,15m,10263,-0.000155307750237,0.0,0.3689954204423658,0.9190733592854554,10263,-0.0026720239995247,-0.0025171071755404,0.2205982656143428,0.2687510074097275,0.0025167162492877,0.0025171071755404,-0.148397154828023,0
supplemental_2023_09_legacy,s2_reclaim_positive_slope,240,1d,10250,-0.0005210915389432,-0.0020394299023958,0.4308292682926829,0.93177473703393,10250,-0.0030368870712318,-0.0045514036142949,0.3858536585365854,0.66599391740796,0.0025157955322886,0.0025119737118991002,-0.044975609756097545,0
supplemental_2023_09_legacy,s2_reclaim_positive_slope,240,2d,10254,-0.0020389161682313,-0.0037593984962406,0.4019894675248683,0.8013707457892072,10254,-0.0045508911732543,-0.0062670428628504,0.3702945192120148,0.6134948875408239,0.0025119750050230003,0.0025076443666098,-0.03169494831285352,0
supplemental_2023_09_legacy,s2_reclaim_positive_slope,240,30m,10263,-2.042214533479208e-05,0.0,0.3944265809217577,0.9914618273167968,10263,-0.0025374779161465,-0.0025171071755404,0.2653220305953425,0.3707056428634442,0.002517055770811708,0.0025171071755404,-0.1291045503264152,0
supplemental_2023_09_legacy,s2_reclaim_positive_slope,240,3d,10255,-0.0031335193631322,-0.0053763440860216,0.3849829351535836,0.7426126044188344,10255,-0.005642739134599,-0.0078799184272848,0.3542662116040955,0.5887293172739312,0.0025092197714668,0.002503574341263199,-0.030716723549488123,0
supplemental_2023_09_legacy,s2_reclaim_positive_slope,240,5d,10256,-0.0047100151343241,-0.0079920159680638,0.3659321372854914,0.6927693407294324,10256,-0.007215266696973,-0.010489006382864,0.3437012480499219,0.573294517895994,0.0025052515626488997,0.0024969904148002004,-0.022230889235569484,0
supplemental_2023_09_legacy,s2_reclaim_positive_slope,240,5m,10263,-0.0001450441236995,0.0,0.3436616973594465,0.8956991925333752,10263,-0.0026617862076353,-0.0025171071755404,0.1627204521095196,0.1762490610627466,0.0025167420839358003,0.0025171071755404,-0.1809412452499269,0
supplemental_2023_09_legacy,s2_reclaim_positive_slope,240,60m,10260,-0.0001129834052872,0.0,0.3989278752436647,0.9656219161854656,10260,-0.0026298061894875,-0.0025171071755405,0.3063352826510721,0.461154826250963,0.0025168227842003,0.0025171071755405,-0.09259259259259256,0
supplemental_2023_09_legacy,s2_reclaim_recent_high,10,15m,41961,-3.520500601067677e-05,0.0,0.3722742546650461,0.9804479156882552,41961,-0.0025522235667776,-0.0025171071755405,0.2084078072495889,0.2821412342329343,0.002517018560766923,0.0025171071755405,-0.1638664474154572,0
supplemental_2023_09_legacy,s2_reclaim_recent_high,10,1d,41925,-0.0002578851132826,-0.0019083969465648,0.4350149075730471,0.9657484362603346,41925,-0.0027743431643539,-0.0044207004824573,0.3881693500298151,0.6910418028626768,0.0025164580510713,0.0025123035358925,-0.046845557543232,0
supplemental_2023_09_legacy,s2_reclaim_recent_high,10,2d,41918,-0.0028747800745348,-0.0052539404553416,0.3786678753757336,0.7403050548380576,41918,-0.0053846511205215,-0.007757822899662,0.3435039839687008,0.5740126479222027,0.0025098710459866996,0.0025038824443203997,-0.0351638914070328,0
supplemental_2023_09_legacy,s2_reclaim_recent_high,10,30m,41958,-0.0001540560053755,-0.0006915629322269,0.3758758758758759,0.9362952949403972,41958,-0.0026707754054392,-0.0032069293697484,0.2416225749559082,0.3524635257881695,0.0025167194000636998,0.0025153664375215,-0.1342533009199677,0
supplemental_2023_09_legacy,s2_reclaim_recent_high,10,3d,41923,-0.0044645112125426,-0.0070844686648503,0.3582520334899697,0.6711479739550901,41923,-0.0069703807348747,-0.0095837434734796,0.3281015194523293,0.5410314049143948,0.0025058695223321003,0.0024992748086293,-0.030150514037640408,0
supplemental_2023_09_legacy,s2_reclaim_recent_high,10,5d,41922,-0.0047347345743976,-0.0082325706503667,0.3643194504079003,0.7115880053667196,41922,-0.0072399239155666,-0.0107289555632499,0.3383903439721387,0.5978137060045535,0.002505189341169,0.0024963849128832004,-0.02592910643576163,0
supplemental_2023_09_legacy,s2_reclaim_recent_high,10,5m,41963,-0.0001296546612116,0.0,0.338035888759145,0.894463437845455,41963,-0.0026464354820736,-0.0025171071755405,0.1350237113647737,0.1549643109215823,0.002516780820862,0.0025171071755405,-0.20301217739437127,0
supplemental_2023_09_legacy,s2_reclaim_recent_high,10,60m,41955,-0.00030267210837,-0.0008903133903133,0.3963532356095817,0.9056470252265512,41955,-0.0028190174257745,-0.0034051795516305,0.284209271838875,0.4167934397092349,0.0025163453174045,0.0025148661613171998,-0.11214396377070668,0
supplemental_2023_09_legacy,s2_reclaim_recent_high,20,15m,30522,-8.578227625625412e-05,0.0,0.3724198938470611,0.952369190298782,30522,-0.0026026735286135,-0.0025171071755405,0.2041150645436079,0.2688671468215063,0.002516891252357246,0.0025171071755405,-0.1683048293034532,0
supplemental_2023_09_legacy,s2_reclaim_recent_high,20,1d,30499,-0.0009424985626034,-0.0027816411682893,0.4084068330109184,0.8792483014116775,30499,-0.0034572333682489,-0.0052917466548852,0.3623397488442244,0.629068272415882,0.0025147348056454998,0.0025101054865958997,-0.04606708416669403,0
supplemental_2023_09_legacy,s2_reclaim_recent_high,20,2d,30497,-0.0028852300632656,-0.0053866008304344,0.3757746663606256,0.7407442380710166,30497,-0.0053950748055107,-0.0078901493543728,0.3409843591172902,0.5753629756422052,0.0025098447422451002,0.002503548523938399,-0.03479030724333543,0
supplemental_2023_09_legacy,s2_reclaim_recent_high,20,30m,30519,-0.0003337317405959,-0.0007683442182098,0.3726203348733576,0.8642738997063601,30519,-0.0028499988775773,-0.0032835173890051,0.2365739375471018,0.3175385965719063,0.0025162671369814,0.0025151731707953,-0.1360463973262558,0
supplemental_2023_09_legacy,s2_reclaim_recent_high,20,3d,30500,-0.0044191336896722,-0.007163323782235,0.3596393442622951,0.6762903517585107,30500,-0.0069251174320926,-0.0096624001040825,0.3308852459016393,0.5461142749192115,0.0025059837424204,0.0024990763218474994,-0.02875409836065579,0
supplemental_2023_09_legacy,s2_reclaim_recent_high,20,5d,30490,-0.0043411438606847,-0.0085729597305159,0.3577238438832404,0.7324194009355909,30490,-0.0068473239118634,-0.011068487847603,0.3316825188586422,0.6158658189266394,0.0025061800511786995,0.0024955281170871008,-0.026041325024598216,0
supplemental_2023_09_legacy,s2_reclaim_recent_high,20,5m,30524,-0.0001645555453516,0.0,0.3314768706591534,0.8662453235940685,30524,-0.0026812485169479,-0.0025171071755405,0.1310444240597562,0.1466334560198302,0.0025166929715963,0.0025171071755405,-0.20043244659939718,0
supplemental_2023_09_legacy,s2_reclaim_recent_high,20,60m,30518,-0.0004620991054573,-0.0010210593657076,0.3868864276820237,0.8563409315056304,30518,-0.0029780431280234,-0.0035355964253921,0.274657579133626,0.3881519480488467,0.0025159440225661,0.0025145370596845,-0.11222884854839771,0
supplemental_2023_09_legacy,s2_reclaim_recent_high,40,15m,21124,-0.0001240747142826,0.0,0.3676387047907593,0.9330907150894292,21124,-0.0026408695804695,-0.0025171071755405,0.205642870668434,0.2694978321851632,0.0025167948661868997,0.0025171071755405,-0.16199583412232527,0
supplemental_2023_09_legacy,s2_reclaim_recent_high,40,1d,21111,-0.0011265484223046,-0.0026455026455025,0.4173179858841362,0.8606293417532986,21111,-0.0036408199547276,-0.0051559508073509,0.3685282554118705,0.6198499652952533,0.002514271532423,0.0025104481618484,-0.0487897304722657,0
supplemental_2023_09_legacy,s2_reclaim_recent_high,40,2d,21099,-0.0034517412322149,-0.0056338028169014,0.3738565808806104,0.7015843169314484,21099,-0.0059601600051315,-0.0081367291069458,0.3402530925636286,0.5466544541729589,0.0025084187729166,0.0025029262900444,-0.03360348831698179,0
supplemental_2023_09_legacy,s2_reclaim_recent_high,40,30m,21123,-0.0003715613745652,-0.0008333333333333,0.3656677555271505,0.8540052715056995,21123,-0.0028877332903035,-0.0033483429195608,0.2340103205037163,0.3240256833663105,0.0025161719157383,0.0025150095862275,-0.13165743502343416,0
supplemental_2023_09_legacy,s2_reclaim_recent_high,40,3d,21099,-0.005244029459567,-0.0078482668410725,0.3507749182425707,0.6325164164220075,21099,-0.007747936850926,-0.0103456190878316,0.3212000568747334,0.5126346231878527,0.0025039073913590004,0.0024973522467591006,-0.02957486136783727,0
supplemental_2023_09_legacy,s2_reclaim_recent_high,40,5d,21102,-0.0055729150005477,-0.0093972346974819,0.348687328215335,0.6699078605752514,21102,-0.0080759945517516,-0.0118906880261351,0.3221021704103876,0.563598838363849,0.0025030795512039003,0.0024934533286531998,-0.026585157804947412,0
supplemental_2023_09_legacy,s2_reclaim_recent_high,40,5m,21124,-0.0001416820053991,0.0,0.3291516758189737,0.8876159239738064,21124,-0.0026584325521472,-0.0025171071755405,0.1367638704790759,0.161527209197127,0.0025167505467481,0.0025171071755405,-0.1923878053398978,0
supplemental_2023_09_legacy,s2_reclaim_recent_high,40,60m,21122,-0.0005218845147115,-0.001089522461929,0.3856642363412556,0.8455519675057793,21122,-0.0030376780509952,-0.0036038871926625,0.2761575608370419,0.3955956630227671,0.0025157935362837003,0.0025143647307335005,-0.10950667550421367,0
supplemental_2023_09_legacy,s2_reclaim_recent_high,60,15m,17953,-3.412936438696017e-05,0.0,0.3800479028574611,0.981848042276802,17953,-0.0025511506326594,-0.0025171071755405,0.2174009914777474,0.293961963035795,0.0025170212682724398,0.0025171071755405,-0.16264691137971368,0
supplemental_2023_09_legacy,s2_reclaim_recent_high,60,1d,17936,-0.001211444338,-0.0026766083793007,0.4177631578947368,0.8519093355967162,17936,-0.0037255021783045,-0.0051869782446833,0.3711529884032114,0.6147954431242708,0.0025140578403044997,0.0025103698653826,-0.046610169491525355,0
supplemental_2023_09_legacy,s2_reclaim_recent_high,60,2d,17934,-0.0036675910206892,-0.0058696930441094,0.373815099810416,0.6889388972551584,17934,-0.0061754664765545,-0.0083720255731702,0.3407494145199063,0.5379865082005044,0.0025078754558653,0.0025023325290608007,-0.03306568529050968,0
supplemental_2023_09_legacy,s2_reclaim_recent_high,60,30m,17953,-0.0002964699859444,-0.0007621951219511,0.3787110789283128,0.8843831598745795,17953,-0.0028128309147559,-0.003277383770681,0.2461984069514844,0.3395597210418255,0.0025163609288115,0.0025151886487299,-0.1325126719768284,0
supplemental_2023_09_legacy,s2_reclaim_recent_high,60,3d,17939,-0.0056424480043628,-0.0085287846481876,0.3505212107698311,0.6136911139706002,17939,-0.0081453525335438,-0.0110244239586914,0.3209208986008138,0.4982213958684022,0.0025029045291809996,0.0024956393105038006,-0.029600312169017318,0
supplemental_2023_09_legacy,s2_reclaim_recent_high,60,5d,17936,-0.0062300350913942,-0.0100861529983998,0.3411016949152542,0.6382715209089282,17936,-0.0087314606009023,-0.0125778722458544,0.3177966101694915,0.5370721762590697,0.0025014255095081005,0.0024917192474546,-0.023305084745762705,0
supplemental_2023_09_legacy,s2_reclaim_recent_high,60,5m,17955,-0.0001290161566306,0.0,0.3383458646616541,0.8997083835160323,17955,-0.0026457985846774,-0.0025171071755405,0.1424115845168476,0.166922996366563,0.0025167824280468,0.0025171071755405,-0.19593428014480652,0
supplemental_2023_09_legacy,s2_reclaim_recent_high,60,60m,17950,-0.0004846549234599,-0.0010487702934576,0.3935933147632312,0.8580815741124211,17950,-0.0030005421706149,-0.003563237601767,0.2833983286908078,0.4052316287423758,0.002515887247155,0.0025144673083094,-0.1101949860724234,0
supplemental_2023_09_legacy,s2_reclaim_recent_high,120,15m,12831,-5.430808187301895e-05,0.0,0.3775231860338243,0.97290705646577,12831,-0.0025712785581508,-0.0025171071755405,0.2221962434728392,0.3119500549441591,0.002516970476277781,0.0025171071755405,-0.1553269425609851,0
supplemental_2023_09_legacy,s2_reclaim_recent_high,120,1d,12815,-0.0007920377790162,-0.002415458937198,0.4291845493562232,0.9036066574814876,12815,-0.0033071513105798,-0.0049264861437153,0.3838470542333203,0.6583789570891744,0.0025151135315636002,0.0025110272065173,-0.045337495122902916,0
supplemental_2023_09_legacy,s2_reclaim_recent_high,120,2d,12815,-0.0027852768581502,-0.0051493305870238,0.3994537651190011,0.7618825434769408,12815,-0.0052953731933251,-0.0076534763455944,0.3648849005072181,0.5992644440523827,0.0025100963351749,0.0025041457585705997,-0.03456886461178299,0
supplemental_2023_09_legacy,s2_reclaim_recent_high,120,30m,12831,-0.0002634906143209,-0.0008598452278592,0.3792377834931026,0.9023259821998584,12831,-0.0027799345557453,-0.0033747880808066,0.2537604239731899,0.3663005157000745,0.0025164439414244,0.0025149428529474,-0.12547735951991273,0
supplemental_2023_09_legacy,s2_reclaim_recent_high,120,3d,12818,-0.0046693746448859,-0.0071373990248163,0.3719769074738648,0.6749370567882531,12818,-0.0071747285040023,-0.0096365406020565,0.3427991886409736,0.5498438729114966,0.0025053538591163996,0.002499141577240199,-0.02917771883289122,0
supplemental_2023_09_legacy,s2_reclaim_recent_high,120,5d,12814,-0.0046578339419415,-0.0085202026245463,0.3706883096613079,0.726686430850776,12814,-0.0071632168502442,-0.0110158635369235,0.3457156235367566,0.6150735274500522,0.0025053829083027,0.0024956609123772,-0.02497268612455128,0
supplemental_2023_09_legacy,s2_reclaim_recent_high,120,5m,12832,-8.312843494455214e-05,0.0,0.3464775561097257,0.9374810324560834,12832,-0.0026000263673048,-0.0025171071755405,0.1463528678304239,0.1888772750495714,0.0025168979323602477,0.0025171071755405,-0.2001246882793018,0
supplemental_2023_09_legacy,s2_reclaim_recent_high,120,60m,12828,-0.0005167129879435,-0.0011017266318036,0.3902400997817274,0.8540202118275512,12828,-0.0030325195415143,-0.0036160606433336,0.2872622388525101,0.4135385457727698,0.0025158065535708,0.00251433401153,-0.10297786092921729,0
supplemental_2023_09_legacy,s2_reclaim_recent_high,240,15m,8361,-0.0001768050974004,0.0,0.3686161942351393,0.9190337199288666,8361,-0.0026934672355614,-0.0025171071755406,0.2215046047123549,0.314177498463016,0.002516662138161,0.0025171071755406,-0.14711158952278441,0
supplemental_2023_09_legacy,s2_reclaim_recent_high,240,1d,8347,-0.000567660196642,-0.0023724792408065,0.42650053911585,0.9332562892928424,8347,-0.0030833385106282,-0.004883614631826,0.3800167724931113,0.6909132061944708,0.0025156783139862002,0.0025111353910195,-0.04648376662273873,0
supplemental_2023_09_legacy,s2_reclaim_recent_high,240,2d,8348,-0.0025721100068975,-0.0051925583067451,0.3885960709151893,0.7835675083087134,8348,-0.0050827429058833,-0.0076965952565122,0.3580498322951605,0.6213692338456822,0.0025106328989858,0.0025040369497671003,-0.030546238620028754,0
supplemental_2023_09_legacy,s2_reclaim_recent_high,240,30m,8361,-0.0003225555570273,-0.0008244023083266,0.3761511780887454,0.8869020908295812,8361,-0.0028388508256606,-0.0033394343749011,0.2515249372084679,0.3761088384002928,0.0025162952686333,0.0025150320665744998,-0.12462624088027746,0
supplemental_2023_09_legacy,s2_reclaim_recent_high,240,3d,8353,-0.004125731188701,-0.007132667617689,0.3754339758170717,0.7175978235796066,8353,-0.006632453456662,-0.0096318211043882,0.3457440440560277,0.5899202311337802,0.002506722267961,0.0024991534866991997,-0.02968993176104401,0
supplemental_2023_09_legacy,s2_reclaim_recent_high,240,5d,8350,-0.004287048810892,-0.0087376077389103,0.3718562874251497,0.7525904239948951,8350,-0.0067933650251087,-0.011232721419314,0.3501796407185629,0.6403293505745883,0.0025063162142166997,0.002495113680403699,-0.02167664670658681,0
supplemental_2023_09_legacy,s2_reclaim_recent_high,240,5m,8361,-0.0001670811082459,0.0,0.333692142088267,0.8863544764125428,8361,-0.0026837677227297,-0.0025171071755405,0.149264442052386,0.2008238305548711,0.0025166866144838,0.0025171071755405,-0.18442770003588096,0
supplemental_2023_09_legacy,s2_reclaim_recent_high,240,60m,8357,-0.0005798154983797,-0.0010976948408341,0.3844681105659925,0.8445203580244157,8357,-0.0030954632161686,-0.0036120390008141,0.2870647361493358,0.42321512083431,0.0025156477177889,0.00251434415998,-0.0974033744166567,0
supplemental_2023_09_legacy,s4_auction_confirmed_reclaim,10,15m,43293,-0.0001156446830142,0.0,0.3598503222229922,0.9362359666434428,43293,-0.0026324607684929,-0.0025171071755405,0.1989698103619522,0.2670036006359232,0.0025168160854787,0.0025171071755405,-0.16088051186104,0
supplemental_2023_09_legacy,s4_auction_confirmed_reclaim,10,1d,43264,-0.0005541995668318,-0.0021459227467811,0.4206499630177515,0.9257420375644688,43264,-0.0030699117626658,-0.0046576284047775,0.3762481508875739,0.6568490688627009,0.002515712195834,0.0025117056579964003,-0.044401812130177576,0
supplemental_2023_09_legacy,s4_auction_confirmed_reclaim,10,2d,43256,-0.0020301972902785,-0.0042219556974758,0.3905816534122434,0.7995174856121373,43256,-0.0045421942416518,-0.0067284357580352,0.3540549287960052,0.6107808099722739,0.0025119969513733003,0.0025064800605594005,-0.03652672461623818,0
supplemental_2023_09_legacy,s4_auction_confirmed_reclaim,10,30m,43293,0.0002436490807654,0.0,0.3913796687686231,1.1114322161587578,43293,-0.0022740713856243,-0.0025171071755405,0.2546601067147114,0.4097137085286658,0.0025177204663897,0.0025171071755405,-0.13671956205391173,0
supplemental_2023_09_legacy,s4_auction_confirmed_reclaim,10,3d,43269,-0.0033924234686079,-0.005736137667304,0.3694099701865077,0.7228974691640644,43269,-0.005900991550693,-0.0082388063695622,0.3386489172386697,0.5732988307360927,0.0025085680820851,0.0025026687022582,-0.030761052947837986,0
supplemental_2023_09_legacy,s4_auction_confirmed_reclaim,10,5d,43263,-0.004858343463557,-0.0083310937919914,0.3581813558930263,0.6948237101548491,43263,-0.007363221667904,-0.0108272307115677,0.3347664285879388,0.5796723149419291,0.0025048782043469997,0.0024961369195763,-0.023414927305087485,0
supplemental_2023_09_legacy,s4_auction_confirmed_reclaim,10,5m,43294,-0.0001812726638558,0.0,0.3269506167136323,0.8574804150255291,43294,-0.0026979235566728,-0.0025171071755404,0.1368549914537811,0.151649882856411,0.002516650892817,0.0025171071755404,-0.1900956252598512,0
supplemental_2023_09_legacy,s4_auction_confirmed_reclaim,10,60m,43289,5.084973698239838e-05,-0.0005786478927573,0.3993855251911571,1.0164112459756265,43289,-0.0024663854327957,-0.0030942985495346,0.2951096121416526,0.4759597611529787,0.0025172351697780983,0.0025156506567772996,-0.10427591304950451,0
supplemental_2023_09_legacy,s4_auction_confirmed_reclaim,20,15m,31704,-0.0001693181687956,0.0,0.3603961645218269,0.9084710174758044,31704,-0.0026859991523582,-0.0025171071755405,0.1998170577845066,0.2594428058720701,0.0025166809835625997,0.0025171071755405,-0.1605791067373203,0
supplemental_2023_09_legacy,s4_auction_confirmed_reclaim,20,1d,31693,-0.0013076249517457,-0.003184713375796,0.3952607831382324,0.829018224855408,31693,-0.0038214406951371,-0.0056938042864461,0.3503297258069605,0.5843237038245455,0.0025138157433914,0.0025090909106501,-0.044931057331271895,0
supplemental_2023_09_legacy,s4_auction_confirmed_reclaim,20,2d,31686,-0.0024711495021248,-0.0046065265905335,0.3788108312819542,0.7593529908811734,31686,-0.0049820365295216,-0.0071120386449385,0.3434955500852111,0.579226608434945,0.0025108870273968,0.002505512054405,-0.0353152811967431,0
supplemental_2023_09_legacy,s4_auction_confirmed_reclaim,20,30m,31704,8.232734886102369e-05,0.0,0.3907077971233914,1.036935566621166,31704,-0.0024349870534398,-0.0025171071755405,0.253816553116326,0.374940617670059,0.0025173144023008234,0.0025171071755405,-0.13689124400706537,0
supplemental_2023_09_legacy,s4_auction_confirmed_reclaim,20,3d,31685,-0.0038154323678289,-0.006055240793201,0.3651254536847088,0.6939763626129444,31685,-0.0063229356911785,-0.0085571062786912,0.3325232759981064,0.5504347874505378,0.0025075033233496,0.002501865485490201,-0.032602177686602396,0
supplemental_2023_09_legacy,s4_auction_confirmed_reclaim,20,5d,31683,-0.0049658834950597,-0.0085616438356166,0.3493987311807594,0.6837903765291016,31683,-0.0074704910096219,-0.0110572004360238,0.3254426664141653,0.5688279087803967,0.0025046075145622,0.002495556600407201,-0.02395606476659412,0
supplemental_2023_09_legacy,s4_auction_confirmed_reclaim,20,5m,31704,-0.0001638360220673,0.0,0.3278450668685339,0.8707256989528167,31704,-0.0026805308047807,-0.0025171071755404,0.1378059550845319,0.1543815357249689,0.0025166947827134,0.0025171071755404,-0.19003911178400199,0
supplemental_2023_09_legacy,s4_auction_confirmed_reclaim,20,60m,31702,-0.0002631933938331,-0.000780640600624,0.3885243833196644,0.916302441119896,31702,-0.0027796380833932,-0.003295782820107,0.2856602107122579,0.4181156365990521,0.0025164446895601,0.002515142219483,-0.10286417260740649,0
supplemental_2023_09_legacy,s4_auction_confirmed_reclaim,40,15m,21228,-0.0001254618518248,0.0,0.3601846617674769,0.9327078002515482,21228,-0.0026422532264379,-0.0025171071755405,0.1998775202562653,0.2732865085553708,0.0025167913746131,0.0025171071755405,-0.1603071415112116,0
supplemental_2023_09_legacy,s4_auction_confirmed_reclaim,40,1d,21224,-0.0015116821258326,-0.0030410550133479,0.4008669430833019,0.8088521821121658,21224,-0.0040249842354469,-0.005550507527493,0.3557293629852996,0.5736360489747278,0.0025133021096143005,0.0025094525141451003,-0.04513758009800228,0
supplemental_2023_09_legacy,s4_auction_confirmed_reclaim,40,2d,21207,-0.0029960002734781,-0.0048780487804876,0.376007921912576,0.7196340533742361,21207,-0.0055055661952322,-0.0073828773844401,0.3399349271466968,0.5511054415170173,0.0025095659217541,0.0025048286039524997,-0.03607299476587916,0
supplemental_2023_09_legacy,s4_auction_confirmed_reclaim,40,30m,21228,3.967550118788707e-05,0.0,0.3839739966082532,1.01712739026353,21228,-0.0024775315418412,-0.0025171071755405,0.2499057848125117,0.3801214176370842,0.0025172070430290873,0.0025171071755405,-0.13406821179574152,0
supplemental_2023_09_legacy,s4_auction_confirmed_reclaim,40,3d,21205,-0.0047971931257831,-0.0066666666666668,0.3577929733553407,0.632831028549299,21205,-0.007302225252084,-0.0091669931277036,0.3248762084414053,0.5025872150246171,0.0025050321263009,0.0025003264610367996,-0.032916764913935415,0
supplemental_2023_09_legacy,s4_auction_confirmed_reclaim,40,5d,21218,-0.0062993759181175,-0.0095685973152367,0.3412668489018757,0.6186403160415375,21218,-0.0088006268893331,-0.012061619305815,0.315722499764351,0.5153653952398476,0.002501250971215601,0.0024930219905782997,-0.02554434913752468,0
supplemental_2023_09_legacy,s4_auction_confirmed_reclaim,40,5m,21228,-0.0001083188480326,0.0,0.3299415865837573,0.9148499359313071,21228,-0.0026251533734235,-0.0025171071755404,0.1422178255134727,0.1712306133310508,0.0025168345253909,0.0025171071755404,-0.18772376107028457,0
supplemental_2023_09_legacy,s4_auction_confirmed_reclaim,40,60m,21228,-0.0003661473283826,-0.000936329588015,0.3824194460146976,0.8902727422808697,21228,-0.0028823328718555,-0.0034510799216306,0.2835877143395515,0.4211599250616235,0.0025161855434729,0.0025147503336156,-0.09883173167514608,0
supplemental_2023_09_legacy,s4_auction_confirmed_reclaim,60,15m,17547,-0.0001067521556676,0.0,0.3626260899299025,0.9436803963338208,17547,-0.002623590624591,-0.0025171071755405,0.207841796318459,0.2826433775868279,0.0025168384689234,0.0025171071755405,-0.15478429361144347,0
supplemental_2023_09_legacy,s4_auction_confirmed_reclaim,60,1d,17534,-0.0014464223312712,-0.0029239766081869,0.4036158320976388,0.8210494113110451,17534,-0.0039598887067826,-0.0054337238212258,0.3612410174518079,0.587573557717626,0.0025134663755114004,0.0025097472130388996,-0.04237481464583087,0
supplemental_2023_09_legacy,s4_auction_confirmed_reclaim,60,2d,17524,-0.0031674443226698,-0.005123279423791,0.3725747546222324,0.7120839774146582,17524,-0.0056765787013774,-0.0076274907559315,0.3380506733622461,0.5489304406312887,0.0025091343787075997,0.0025042113321405,-0.034524081259986295,0
supplemental_2023_09_legacy,s4_auction_confirmed_reclaim,60,30m,17547,3.679382408075036e-05,0.0,0.3867327748333048,1.015388817726896,17547,-0.0024804059654582,-0.0025171071755405,0.2544594517581353,0.3894671476024133,0.0025171997895389506,0.0025171071755405,-0.13227332307516954,0
supplemental_2023_09_legacy,s4_auction_confirmed_reclaim,60,3d,17528,-0.0049615480739741,-0.0071770334928228,0.3556024646280237,0.6299379144875297,17528,-0.0074661665012557,-0.0096760753058592,0.3254792332268371,0.5030176370832394,0.0025046184272816,0.0024990418130364,-0.030123231401186612,0
supplemental_2023_09_legacy,s4_auction_confirmed_reclaim,60,5d,17535,-0.0062960327272547,-0.0100000000000001,0.3381807812945537,0.621138844784248,17535,-0.0087972921136399,-0.012491936103785,0.313601368691189,0.5183805742228629,0.0025012593863851995,0.0024919361037848992,-0.024579412603364714,0
supplemental_2023_09_legacy,s4_auction_confirmed_reclaim,60,5m,17548,-6.07811295216592e-05,0.0,0.3388990198313198,0.9529306714712756,17548,-0.0025777353124448,-0.0025171071755404,0.1511853202644176,0.1845650694802956,0.0025169541829231407,0.0025171071755404,-0.1877136995669022,0
supplemental_2023_09_legacy,s4_auction_confirmed_reclaim,60,60m,17545,-0.0002738189988954,-0.0008861320336729,0.3919635223710458,0.9186865267686976,17545,-0.0027902369426689,-0.003401008719913,0.2903391279566828,0.4409309912397487,0.0025164179437735003,0.0025148766862401,-0.101624394414363,0
supplemental_2023_09_legacy,s4_auction_confirmed_reclaim,120,15m,12373,5.368880728498995e-05,0.0,0.3861634203507638,1.0267267569705092,12373,-0.0024635535087373,-0.0025171071755404,0.2241978501576012,0.3373214973289458,0.0025172423160222898,0.0025171071755404,-0.1619655701931626,0
supplemental_2023_09_legacy,s4_auction_confirmed_reclaim,120,1d,12365,-0.0008492028551685,-0.0023076923076922,0.4284674484431864,0.8943946164491193,12365,-0.0033641724961087,-0.0048189907743659,0.3809947432268499,0.6461748723102423,0.0025149696409402,0.0025112984666737,-0.04747270521633651,0
supplemental_2023_09_legacy,s4_auction_confirmed_reclaim,120,2d,12359,-0.0022939043989422,-0.0042674253200568,0.4033497855813577,0.7907692578776991,12359,-0.0048052375712601,-0.0067737909287032,0.3699328424629824,0.6146455818822232,0.0025113331723179005,0.0025063656086464006,-0.033416943118375286,0
supplemental_2023_09_legacy,s4_auction_confirmed_reclaim,120,30m,12373,0.000271733090003,0.0,0.4038632506263638,1.1100525803685757,12373,-0.002246058066848,-0.0025171071755405,0.270265901559848,0.4521195995231569,0.0025177911568509998,0.0025171071755405,-0.13359734906651582,0
supplemental_2023_09_legacy,s4_auction_confirmed_reclaim,120,3d,12361,-0.0042783730403783,-0.0061728395061728,0.3745651646306933,0.6802917046818443,12361,-0.0067847110924391,-0.0086744089830989,0.3427716204190599,0.5462450749115165,0.0025063380520608004,0.0025015694769261005,-0.031793544211633384,0
supplemental_2023_09_legacy,s4_auction_confirmed_reclaim,120,5d,12362,-0.0049571508787101,-0.0082079343365252,0.3763145122148519,0.6998037991632758,12362,-0.0074617803742035,-0.0107043812616507,0.3506714123928167,0.5869840246905283,0.0025046294954934,0.0024964469251255,-0.02564309982203522,0
supplemental_2023_09_legacy,s4_auction_confirmed_reclaim,120,5m,12373,-1.8069332574248532e-05,0.0,0.3540774266548129,0.986724373777454,12373,-0.0025351310256678,-0.0025171071755404,0.157035480481694,0.2092038162229405,0.0025170616930935514,0.0025171071755404,-0.1970419461731189,0
supplemental_2023_09_legacy,s4_auction_confirmed_reclaim,120,60m,12372,-2.6381521071068635e-05,-0.0005986257945544,0.4072906563207242,0.9922569646272356,12372,-0.0025434222914954,-0.0031142261648118,0.3056094406724862,0.4905864901768246,0.0025170407704243314,0.0025156003702574,-0.10168121564823801,0
supplemental_2023_09_legacy,s4_auction_confirmed_reclaim,240,15m,8036,-0.0001267120407973,0.0,0.3700846192135391,0.941849243447852,8036,-0.0026435002685505,-0.0025171071755405,0.2232453957192633,0.3246834266202338,0.0025167882277532,0.0025171071755405,-0.14683922349427578,0
supplemental_2023_09_legacy,s4_auction_confirmed_reclaim,240,1d,8021,-0.0006805074646153,-0.0022900763358778,0.4272534596683705,0.9171439594612348,8021,-0.0031959017299335,-0.0048014191438405,0.3831193118065079,0.6697977853442325,0.0025153942653182,0.0025113428079627,-0.04413414786186265,0
supplemental_2023_09_legacy,s4_auction_confirmed_reclaim,240,2d,8023,-0.0017480970277651,-0.0040816326530612,0.4010968465661224,0.8396999651436056,8023,-0.0042608040557334,-0.0065884659217628,0.368565374548174,0.6568405155423266,0.0025127070279683,0.0025068332687016,-0.03253147201794837,0
supplemental_2023_09_legacy,s4_auction_confirmed_reclaim,240,30m,8036,0.0001632934386568,0.0,0.3982080637132902,1.0623602387298652,8036,-0.0023542247639696,-0.0025171071755405,0.2727725236436037,0.4464910346003802,0.0025175182026264,0.0025171071755405,-0.1254355400696865,0
supplemental_2023_09_legacy,s4_auction_confirmed_reclaim,240,3d,8030,-0.0033638082602793,-0.0054832077795253,0.3861768368617683,0.7513236571252572,8030,-0.0058724483699106,-0.007986513133419,0.3569115815691158,0.6102124085487903,0.0025086401096313,0.0025033053538937007,-0.029265255292652503,0
supplemental_2023_09_legacy,s4_auction_confirmed_reclaim,240,5d,8030,-0.003885727017582,-0.0082157629668914,0.3833125778331258,0.7649299494994379,8030,-0.0063930534017643,-0.0107121901865152,0.3620174346201743,0.6460402153081903,0.0025073263841823,0.0024964272196238008,-0.02129514321295145,0
supplemental_2023_09_legacy,s4_auction_confirmed_reclaim,240,5m,8036,-9.980150523154676e-05,0.0,0.3442010950721752,0.932339401611933,8036,-0.0026166574696869,-0.0025171071755404,0.1622697859631657,0.2129748600585119,0.0025168559644553534,0.0025171071755404,-0.1819313091090095,0
supplemental_2023_09_legacy,s4_auction_confirmed_reclaim,240,60m,8033,-0.0001204131189346,-0.0008613264427218,0.3925059131084277,0.9665351629512838,8033,-0.0026372172017493,-0.0033762655672928,0.3005103946221835,0.4938430717829201,0.0025168040828146996,0.0025149391245709997,-0.09199551848624421,0
supplemental_2023_09_legacy,s4_reclaim_amount_acceleration,10,15m,71736,-0.0002390666682211,0.0,0.3562646370023419,0.8740448990874712,71736,-0.0027555720873357,-0.0025171071755405,0.1987007917921266,0.2510695723784492,0.0025165054191146,0.0025171071755405,-0.1575638452102153,0
supplemental_2023_09_legacy,s4_reclaim_amount_acceleration,10,1d,71677,-0.0003441586357131,-0.0019193857965449,0.4297333872790435,0.9537490964672316,71677,-0.0028603995270821,-0.0044316616723242,0.3846282629016281,0.6786405249388108,0.002516240891369,0.0025122758757793,-0.04510512437741537,0
supplemental_2023_09_legacy,s4_reclaim_amount_acceleration,10,2d,71672,-0.0026554633658149,-0.0047961630695443,0.3820180823752651,0.7499814166048937,71672,-0.005165886455463,-0.0073011977886073,0.3469834802991405,0.575974919057052,0.0025104230896481005,0.002505034719063,-0.03503460207612458,0
supplemental_2023_09_legacy,s4_reclaim_amount_acceleration,10,30m,71734,3.7498464783729576e-05,0.0,0.3889229653999498,1.016395163407928,71734,-0.0024797030984115,-0.0025171071755405,0.2536593526082471,0.3731067841087148,0.0025172015631952298,0.0025171071755405,-0.13526361279170268,0
supplemental_2023_09_legacy,s4_reclaim_amount_acceleration,10,3d,71673,-0.0036131959161895,-0.0060483870967741,0.3685767304284738,0.712171881202333,71673,-0.0061212082903627,-0.0085502698337527,0.3384538110585576,0.5670947094863033,0.0025080123741732002,0.0025018827369786,-0.03012291936991618,0
supplemental_2023_09_legacy,s4_reclaim_amount_acceleration,10,5d,71680,-0.0049091144368671,-0.0080645161290323,0.3598493303571428,0.6934892147019797,71680,-0.0074138648452329,-0.0105613240531571,0.3356026785714285,0.5789945075548852,0.0025047504083658004,0.002496807924124801,-0.02424665178571428,0
supplemental_2023_09_legacy,s4_reclaim_amount_acceleration,10,5m,71738,-0.0001866118156531,0.0,0.3365859098385793,0.860659209569639,71738,-0.0027032492692536,-0.0025171071755404,0.14562714321559,0.1608856284093754,0.0025166374536005,0.0025171071755404,-0.19095876662298927,0
supplemental_2023_09_legacy,s4_reclaim_amount_acceleration,10,60m,71726,-5.781634318526971e-06,0.0,0.4039818197027577,0.9981493576887436,71726,-0.0025228742568658,-0.0025171071755405,0.2989850263502774,0.4654988899804849,0.002517092622547273,0.0025171071755405,-0.1049967933524803,0
supplemental_2023_09_legacy,s4_reclaim_amount_acceleration,20,15m,53029,-0.0002076571843596,0.0,0.363536932621773,0.8884182356962987,53029,-0.0027242416645111,-0.0025171071755405,0.2025306907541156,0.2491832091589748,0.0025165844801515,0.0025171071755405,-0.1610062418676574,0
supplemental_2023_09_legacy,s4_reclaim_amount_acceleration,20,1d,52997,-0.0009913723484142,-0.0028653295128939,0.4037964413079986,0.870917809015814,52997,-0.0035059841335029,-0.0053752243469572,0.360360020378512,0.6190242879674782,0.0025146117850886997,0.0025098948340632997,-0.043436420929486574,0
supplemental_2023_09_legacy,s4_reclaim_amount_acceleration,20,2d,52998,-0.0025827900443217,-0.0047996509598604,0.3792595947016868,0.7558254649105155,52998,-0.0050933960605087,-0.0073046768995297,0.3445790407185177,0.5806708307417174,0.0025106060161869995,0.0025050259396693,-0.034680553983169105,0
supplemental_2023_09_legacy,s4_reclaim_amount_acceleration,20,30m,53027,-4.955002110022453e-05,0.0,0.3895939804250665,0.97841867363456,53027,-0.0025665324739267,-0.0025171071755405,0.2519471212778396,0.3527996367865793,0.002516982452826475,0.0025171071755405,-0.1376468591472269,0
supplemental_2023_09_legacy,s4_reclaim_amount_acceleration,20,3d,52985,-0.0034872834040076,-0.0058931860036832,0.3695008021138058,0.721106788531552,52985,-0.0059956127134688,-0.0083954593984471,0.3382278003208455,0.5744308548699205,0.0025083293094612,0.002502273394763899,-0.03127300179296033,0
supplemental_2023_09_legacy,s4_reclaim_amount_acceleration,20,5d,52982,-0.0047762300848416,-0.0084085136845485,0.3534974142161489,0.6997618865183812,52982,-0.0072813149773635,-0.010904455729958,0.3276773243743158,0.5843900963275352,0.0025050848925218996,0.0024959420454095,-0.025820089841833094,0
supplemental_2023_09_legacy,s4_reclaim_amount_acceleration,20,5m,53031,-0.0001733712452079,0.0,0.3371424261281137,0.8677622364049519,53031,-0.0026900420267426,-0.0025171071755404,0.1457826554279572,0.1569226091885265,0.0025166707815347,0.0025171071755404,-0.19135977070015647,0
supplemental_2023_09_legacy,s4_reclaim_amount_acceleration,20,60m,53025,-0.0002694216612682,-0.0006009615384616,0.3932296086751532,0.9152031338293416,53025,-0.0027858506736118,-0.0031165560294014,0.2902215935879302,0.4192385683592131,0.0025164290123436,0.0025155944909398,-0.10300801508722301,0
supplemental_2023_09_legacy,s4_reclaim_amount_acceleration,40,15m,37043,-0.0002020153268285,0.0,0.3614448073860108,0.8936430859058241,37043,-0.0027186140081399,-0.0025171071755405,0.2027103636314553,0.2582222823646795,0.0025165986813114,0.0025171071755405,-0.1587344437545555,0
supplemental_2023_09_legacy,s4_reclaim_amount_acceleration,40,1d,37025,-0.0011414167214615,-0.0027624309392266,0.4095070898041864,0.8554409364203995,37025,-0.003655650828782,-0.0052725847800279,0.3686158001350439,0.61112985143943,0.0025142341073205,0.0025101538408013003,-0.04089128966914246,0
supplemental_2023_09_legacy,s4_reclaim_amount_acceleration,40,2d,37012,-0.0029501187849442,-0.0049162194355119,0.3808224359667135,0.728820085998604,37012,-0.0054598001953224,-0.0074209519598346,0.346374148924673,0.5611799298378046,0.0025096814103781995,0.0025047325243227,-0.034448287042040504,0
supplemental_2023_09_legacy,s4_reclaim_amount_acceleration,40,30m,37043,-0.0001175768888595,0.0,0.3822854520422212,0.9508523921095344,37043,-0.0026343881107691,-0.0025171071755405,0.2498177793375266,0.3531433966232547,0.0025168112219096,0.0025171071755405,-0.1324676727046946,0
supplemental_2023_09_legacy,s4_reclaim_amount_acceleration,40,3d,37000,-0.00401563985711,-0.0062764802861594,0.3661621621621622,0.6888459626073693,37000,-0.0065226392367517,-0.0087777888881344,0.334,0.550111364399992,0.0025069993796417002,0.002501308601974999,-0.03216216216216217,0
supplemental_2023_09_legacy,s4_reclaim_amount_acceleration,40,5d,37015,-0.0057888654229622,-0.0090664052928205,0.3454815615291098,0.6478700228829991,37015,-0.0082914014038082,-0.0115606913545418,0.3210320140483588,0.5410987428157522,0.002502535980846001,0.0024942860617213,-0.02444954748075101,0
supplemental_2023_09_legacy,s4_reclaim_amount_acceleration,40,5m,37043,-0.0001916989229818,0.0,0.3367437842507356,0.8599301874755317,37043,-0.0027083235717873,-0.0025171071755404,0.1477202170450557,0.1652030297159835,0.0025166246488055,0.0025171071755404,-0.1890235672056799,0
supplemental_2023_09_legacy,s4_reclaim_amount_acceleration,40,60m,37041,-0.0003653975303187,-0.0007220216606497,0.3883264490699495,0.8904210915184616,37041,-0.0028815849611135,-0.0032373114302873,0.2905159147971167,0.4190656059443134,0.0025161874307948,0.0025152897696375997,-0.09781053427283282,0
supplemental_2023_09_legacy,s4_reclaim_amount_acceleration,60,15m,31074,-0.0001871117977096,0.0,0.3657076655725043,0.9045183804937024,31074,-0.0027037479928013,-0.0025171071755405,0.2115916843663512,0.2713745432471731,0.0025166361950917002,0.0025171071755405,-0.15411598120615308,0
supplemental_2023_09_legacy,s4_reclaim_amount_acceleration,60,1d,31046,-0.0011976898798972,-0.0027027027027027,0.411228499645687,0.8509259951003532,31046,-0.0037117823416468,-0.0052130068858768,0.367519165109837,0.6107497466815879,0.0025140924617496003,0.0025103041831741,-0.043709334535849964,0
supplemental_2023_09_legacy,s4_reclaim_amount_acceleration,60,2d,31046,-0.0032108623480381,-0.0051435928867176,0.3800811698769568,0.7131432251990104,31046,-0.0057198874389226,-0.0076477530876947,0.3461315467370998,0.5516148927961575,0.0025090250908845002,0.0025041602009770996,-0.033949623139857,0
supplemental_2023_09_legacy,s4_reclaim_amount_acceleration,60,30m,31073,-0.0001455580141796,0.0,0.3866700994432465,0.9412056007868064,31073,-0.002662298804598,-0.0025171071755405,0.2542078331670582,0.3577369119338219,0.0025167407904184004,0.0025171071755405,-0.1324622662761883,0
supplemental_2023_09_legacy,s4_reclaim_amount_acceleration,60,3d,31046,-0.0044249322237748,-0.0069232153050242,0.3612059524576435,0.6678546573820792,31046,-0.0069309013706635,-0.0094228960056425,0.3325066031050699,0.5355271062978744,0.0025059691468886994,0.0024996807006183,-0.028699349352573567,0
supplemental_2023_09_legacy,s4_reclaim_amount_acceleration,60,5d,31047,-0.0061810419530662,-0.0098360655737703,0.3389699487873224,0.6307906286108631,31047,-0.0086825907835542,-0.0123284143180759,0.3152317454182368,0.527767388184048,0.0025015488304879997,0.0024923487443056,-0.02373820336908561,0
supplemental_2023_09_legacy,s4_reclaim_amount_acceleration,60,5m,31076,-0.0001507321185813,0.0,0.3409705238769468,0.8916803444833157,31076,-0.0026674598852243,-0.0025171071755404,0.1559080962800875,0.1798701483299302,0.0025167277666430002,0.0025171071755404,-0.1850624275968593,0
supplemental_2023_09_legacy,s4_reclaim_amount_acceleration,60,60m,31070,-0.000339123772684,-0.0008012820512819,0.3959768265207595,0.900424379976846,31070,-0.0028553773373428,-0.0033163723140213,0.2934663662697135,0.4308531252872989,0.0025162535646588,0.0025150902627394,-0.10251046025104599,0
supplemental_2023_09_legacy,s4_reclaim_amount_acceleration,120,15m,21501,-5.396313231610754e-05,0.0,0.3852844053764941,0.973357295815088,21501,-0.002570934476869,-0.0025171071755405,0.2213850518580531,0.3119561550397067,0.0025169713445528925,0.0025171071755405,-0.163899353518441,0
supplemental_2023_09_legacy,s4_reclaim_amount_acceleration,120,1d,21478,-0.0005543207019676,-0.0021428571428571,0.4324424993016109,0.9303510352012055,21478,-0.0030700325928916,-0.0046545705173071,0.3875128037992364,0.6738407278929233,0.002515711890924,0.00251171337445,-0.04492969550237447,0
supplemental_2023_09_legacy,s4_reclaim_amount_acceleration,120,2d,21478,-0.0020617783365473,-0.0041046701416311,0.409069745786386,0.8120894956709558,21478,-0.0045736957950424,-0.0066114454225047,0.3765248160908837,0.6329975505144252,0.0025119174584951,0.0025067752808736006,-0.03254492969550232,0
supplemental_2023_09_legacy,s4_reclaim_amount_acceleration,120,30m,21500,0.0001091496033362,0.0,0.4052093023255814,1.0431208678316757,21500,-0.0024082323134539,-0.0025171071755405,0.2718604651162791,0.4206955916195158,0.0025173819167901,0.0025171071755405,-0.1333488372093023,0
supplemental_2023_09_legacy,s4_reclaim_amount_acceleration,120,3d,21480,-0.0033276291295783,-0.0058092626976653,0.3875232774674115,0.7465538614730715,21480,-0.0058363603059591,-0.0083117473363847,0.3573556797020484,0.6020638728915626,0.0025087311763808,0.0025024846387193996,-0.030167597765363097,0
supplemental_2023_09_legacy,s4_reclaim_amount_acceleration,120,5d,21478,-0.0044329508229542,-0.0084260560559831,0.3741968525933513,0.7324153367023546,21478,-0.0069388997861693,-0.0109219539453634,0.348775491200298,0.6171683104052081,0.0025059489632150997,0.0024958978893803007,-0.025421361393053288,0
supplemental_2023_09_legacy,s4_reclaim_amount_acceleration,120,5m,21502,-0.00010164334374,0.0,0.3558273648962887,0.9291578393993336,21502,-0.0026184946720907,-0.0025171071755404,0.160357176076644,0.1993418435520436,0.0025168513283507,0.0025171071755404,-0.1954701888196447,0
supplemental_2023_09_legacy,s4_reclaim_amount_acceleration,120,60m,21497,-7.364629306299537e-05,-0.000560538116592,0.4107549890682421,0.978509945814129,21497,-0.0025905680929907,-0.003076234357617,0.3085546820486579,0.4821466036003547,0.0025169217999277045,0.002515696241025,-0.10220030701958421,0
supplemental_2023_09_legacy,s4_reclaim_amount_acceleration,240,15m,14559,-0.0001835104677833,0.0,0.3719348856377498,0.9156666987737148,14559,-0.0027001557278085,-0.0025171071755405,0.2242599079607115,0.3086512714917444,0.0025166452600252002,0.0025171071755405,-0.1476749776770383,0
supplemental_2023_09_legacy,s4_reclaim_amount_acceleration,240,1d,14537,-0.0004447119896009,-0.0021474588403723,0.4302813510352892,0.9458403280418898,14537,-0.0029606997774012,-0.0046591606318565,0.3872876109238495,0.6936861771574239,0.0025159877878003,0.0025117017914842,-0.04299374011143969,0
supplemental_2023_09_legacy,s4_reclaim_amount_acceleration,240,2d,14542,-0.0020483293102914,-0.004089979550102,0.4024893412185394,0.8171264720613616,14542,-0.0045602806214271,-0.0065967918087691,0.3701691651767295,0.6411440360972512,0.0025119513111357,0.0025068122586670996,-0.03232017604180992,0
supplemental_2023_09_legacy,s4_reclaim_amount_acceleration,240,30m,14559,-4.69530878657286e-05,0.0,0.3963184284634933,0.98249535056017,14559,-0.0025639420774517,-0.0025171071755405,0.2682189710831787,0.4068649743918816,0.0025169889895859713,0.0025171071755405,-0.12809945738031459,0
supplemental_2023_09_legacy,s4_reclaim_amount_acceleration,240,3d,14546,-0.0030339014181969,-0.0056936802202693,0.3886291764058848,0.7729805461038372,14546,-0.0055433719387076,-0.008196455792472,0.3587927952701774,0.6279196147209541,0.0025094705205107003,0.0025027755722026998,-0.029836381135707413,0
supplemental_2023_09_legacy,s4_reclaim_amount_acceleration,240,5d,14542,-0.0038132692116633,-0.0078824885052927,0.379590152661257,0.7688701796806106,14542,-0.0063207779799087,-0.0103797546124552,0.3584788887360748,0.6496044571409737,0.0025075087682454,0.002497266107162501,-0.0211112639251822,0
supplemental_2023_09_legacy,s4_reclaim_amount_acceleration,240,5m,14559,-0.0001584909975133,0.0,0.347688714884264,0.8983015659662755,14559,-0.0026751992342266,-0.0025171071755404,0.165808091215056,0.2127169478072505,0.0025167082367133,0.0025171071755404,-0.181880623669208,0
supplemental_2023_09_legacy,s4_reclaim_amount_acceleration,240,60m,14555,-0.0001681796020529,-0.0007012622720895,0.4010992785984197,0.953304566003751,14555,-0.0026848634515102,-0.0032166042953332,0.3064926142219168,0.483197769214283,0.0025166838494573,0.0025153420232436998,-0.09460666437650289,0
supplemental_2023_09_legacy,s4_reclaim_volume_normal,10,15m,66030,0.0001270786714361,0.0,0.3787520823867938,1.0895378772676965,66030,-0.0023903483747399,-0.0025171071755404,0.2014387399666818,0.245640637316663,0.002517427046176,0.0025171071755404,-0.177313342420112,0
supplemental_2023_09_legacy,s4_reclaim_volume_normal,10,1d,65976,-0.000244076621059,-0.0017391304347824,0.4322935612950164,0.96542625822763,65976,-0.0027605694295853,-0.0042518600326262,0.3854431914635625,0.6758394953374169,0.0025164928085263,0.0025127295978438,-0.04685036983145391,0
supplemental_2023_09_legacy,s4_reclaim_volume_normal,10,2d,65970,-0.0026199849268391,-0.0046838407494144,0.3809307260876156,0.7459817708218283,65970,-0.0051304973195204,-0.0071891581957954,0.3449295134151887,0.5681609877770114,0.0025105123926813,0.002505317446381,-0.0360012126724269,0
supplemental_2023_09_legacy,s4_reclaim_volume_normal,10,30m,66028,5.223211495963603e-05,0.0,0.3871842248742957,1.0269065178853578,66028,-0.002465006534412,-0.0025171071755404,0.2412461380020597,0.3202120733075093,0.002517238649371636,0.0025171071755404,-0.145938086872236,0
supplemental_2023_09_legacy,s4_reclaim_volume_normal,10,3d,65973,-0.0037733151806664,-0.0060553633217994,0.3656041107725888,0.6973650979442264,65973,-0.0062809245174901,-0.0085572284988719,0.3356979370348475,0.5533412101935247,0.0025076093368236996,0.0025018651770725006,-0.029906173737741293,0
supplemental_2023_09_legacy,s4_reclaim_volume_normal,10,5d,65978,-0.0047491360435347,-0.0077519379844961,0.362029767498257,0.6958712688567569,65978,-0.0072542891346624,-0.0102495327013115,0.3366879869047258,0.5783722336012829,0.0025051530911276996,0.002497594716815401,-0.025341780593531205,0
supplemental_2023_09_legacy,s4_reclaim_volume_normal,10,5m,66031,-2.581103756521731e-05,0.0,0.3419757386682013,0.9730597202719958,66031,-0.0025428532439578,-0.0025171071755404,0.1249110266390028,0.110596389936369,0.002517042206392583,0.0025171071755404,-0.2170647120291985,0
supplemental_2023_09_legacy,s4_reclaim_volume_normal,10,60m,66020,-0.0001540079326272,0.0,0.4020448348985156,0.9453933573996266,66020,-0.0026707274536954,-0.0025171071755405,0.2877915783096031,0.3972251183071977,0.0025167195210682,0.0025171071755405,-0.1142532565889125,0
supplemental_2023_09_legacy,s4_reclaim_volume_normal,20,15m,48529,5.095256160894088e-05,0.0,0.3785159389231181,1.0352936893154283,48529,-0.0024662828669895,-0.0025171071755404,0.2005192771332605,0.2274776931940521,0.0025172354285984406,0.0025171071755404,-0.17799666178985757,0
supplemental_2023_09_legacy,s4_reclaim_volume_normal,20,1d,48501,-0.0008245256571645,-0.0026178010471203,0.4074967526442754,0.8865606868266089,48501,-0.003339557413257,-0.005128318936861,0.3616214098678377,0.6198945868522535,0.0025150317560925003,0.0025105178897407,-0.04587534277643768,0
supplemental_2023_09_legacy,s4_reclaim_volume_normal,20,2d,48497,-0.0024753833499023,-0.0044943820224719,0.3808070602305297,0.7584179545038562,48497,-0.0049862597202505,-0.0070001763567741,0.344949172113739,0.5779116564059226,0.0025108763703481996,0.0025057943343022,-0.03585788811679069,0
supplemental_2023_09_legacy,s4_reclaim_volume_normal,20,30m,48527,-0.0001018146901779,0.0,0.3839512024233931,0.9487812556121304,48527,-0.0026186655872308,-0.0025171071755404,0.2362396191810744,0.2888404444289319,0.0025168508970529,0.0025171071755404,-0.1477115832423187,0
supplemental_2023_09_legacy,s4_reclaim_volume_normal,20,3d,48488,-0.0034993863781518,-0.005774227750524,0.3712052466589671,0.7166623552133696,48488,-0.0060076852231298,-0.0082768005759604,0.339857284276522,0.568757139218734,0.002508298844978,0.0025025728254363996,-0.03134796238244508,0
supplemental_2023_09_legacy,s4_reclaim_volume_normal,20,5d,48484,-0.0044417533825522,-0.008,0.3571487501031268,0.7124600098308174,48484,-0.0069476801887814,-0.0104969703181361,0.3313464235624123,0.592533432418655,0.0025059268062292,0.0024969703181361,-0.025802326540714515,0
supplemental_2023_09_legacy,s4_reclaim_volume_normal,20,5m,48530,-4.6694457435418405e-05,0.0,0.3375231815371934,0.9516672791715264,48530,-0.0025636840980214,-0.0025171071755404,0.1259839274675458,0.1064276414969712,0.0025169896405859817,0.0025171071755404,-0.2115392540696476,0
supplemental_2023_09_legacy,s4_reclaim_volume_normal,20,60m,48525,-0.000306828358665,-0.0004340277777776,0.3892220504894384,0.8915821475233,48525,-0.0028231632143421,-0.0029500424588841,0.2785986604842864,0.368164194250337,0.0025163348556771,0.0025160146811064998,-0.11062339000515203,0
supplemental_2023_09_legacy,s4_reclaim_volume_normal,40,15m,33757,5.850280915421501e-05,0.0,0.3777883105726219,1.0401410932431667,33757,-0.0024587516242267,-0.0025171071755404,0.2015878188227627,0.2323199552939023,0.0025172544333809154,0.0025171071755404,-0.17620049174985922,0
supplemental_2023_09_legacy,s4_reclaim_volume_normal,40,1d,33743,-0.0010341839594323,-0.00258064516129,0.412530006223513,0.8631073329158487,33743,-0.0035486879831075,-0.0050912565763773,0.3685801499570281,0.6081747518938225,0.0025145040236751997,0.0025106114150873,-0.0439498562664849,0
supplemental_2023_09_legacy,s4_reclaim_volume_normal,40,2d,33725,-0.0029346970385286,-0.0047505938242278,0.3803113417346182,0.7235827977824562,33725,-0.0054444172670953,-0.007255743245965,0.3462416604892513,0.5530881402814952,0.0025097202285667,0.0025051494217372006,-0.03406968124536691,0
supplemental_2023_09_legacy,s4_reclaim_volume_normal,40,30m,33757,-8.696982664428499e-05,0.0,0.3832686553899931,0.9569263303011224,33757,-0.0026038580898099,-0.0025171071755404,0.2366620256539384,0.298706324612698,0.0025168882631656153,0.0025171071755404,-0.1466066297360547,0
supplemental_2023_09_legacy,s4_reclaim_volume_normal,40,3d,33716,-0.0041653288078997,-0.0064027939464492,0.3646933206786095,0.6760075100986974,33716,-0.0066719514044092,-0.0089037846034036,0.3334321983627951,0.5383163265091636,0.0025066225965095007,0.0025009906569543995,-0.031261122315814405,0
supplemental_2023_09_legacy,s4_reclaim_volume_normal,40,5d,33727,-0.0056976532646762,-0.0089285714285715,0.345509532422095,0.6477778129208777,33727,-0.0082004188363004,-0.0114232044329017,0.3193880273964479,0.5394647029154799,0.0025027655716242,0.0024946330043302007,-0.026121505025647085,0
supplemental_2023_09_legacy,s4_reclaim_volume_normal,40,5m,33757,-4.316320383313548e-05,0.0,0.3362265604170987,0.9561470720905744,33757,-0.0025601617329632,-0.0025171071755404,0.1261960482270344,0.1136421396189221,0.0025169985291300647,0.0025171071755404,-0.2100305121900643,0
supplemental_2023_09_legacy,s4_reclaim_volume_normal,40,60m,33755,-0.0003514566030396,-0.0003883796799752,0.3887720337727744,0.8802503885683718,33755,-0.0028676791246425,-0.0029045092622363,0.2788327655162198,0.3729009397724853,0.0025162225216029,0.0025161295822610998,-0.10993926825655459,0
supplemental_2023_09_legacy,s4_reclaim_volume_normal,60,15m,28185,0.0001203434974871,0.0,0.3832180237715096,1.0814428255942488,28185,-0.0023970665955343,-0.0025171071755404,0.211566436047543,0.2518969430323988,0.0025174100930214,0.0025171071755404,-0.1716515877239666,0
supplemental_2023_09_legacy,s4_reclaim_volume_normal,60,1d,28159,-0.0010539766538477,-0.0024615384615384,0.4156042473099187,0.8617685957482405,28159,-0.0035684308571898,-0.0049724496809543,0.3691537341524912,0.6086948000450794,0.0025144542033421003,0.0025109112194159,-0.04645051315742749,0
supplemental_2023_09_legacy,s4_reclaim_volume_normal,60,2d,28159,-0.0030539596711587,-0.0049099836333879,0.3809084129408004,0.7177877125842633,28159,-0.005563379702897,-0.0074147318538928,0.3476685961859441,0.5507448967128998,0.0025094200317383004,0.0025047482205049,-0.03323981675485632,0
supplemental_2023_09_legacy,s4_reclaim_volume_normal,60,30m,28185,-5.0444649132547865e-05,0.0,0.3904913961326947,0.975446224915676,28185,-0.0025674248500846,-0.0025171071755404,0.2457335462125243,0.311173452780679,0.002516980200952052,0.0025171071755404,-0.14475784992017038,0
supplemental_2023_09_legacy,s4_reclaim_volume_normal,60,3d,28161,-0.0044804245355676,-0.0069762371920645,0.3618479457405631,0.6608041166157205,28161,-0.00698625400236,-0.0094757844309105,0.3318774191257412,0.5282628750622596,0.0025058294667924,0.002499547238845999,-0.029970526614821913,0
supplemental_2023_09_legacy,s4_reclaim_volume_normal,60,5d,28162,-0.0061368666228464,-0.0096463022508038,0.3385412967828989,0.6272436000520843,28162,-0.0086385266473751,-0.0121391286497312,0.3143597755841204,0.5230165785813701,0.0025016600245287004,0.0024928263989274,-0.024181521198778477,0
supplemental_2023_09_legacy,s4_reclaim_volume_normal,60,5m,28187,-1.899146468365816e-05,0.0,0.34398836342995,0.9808003587096614,28187,-0.002536050836672,-0.0025171071755404,0.1312661865398942,0.1186659590522725,0.002517059371988342,0.0025171071755404,-0.2127221768900558,0
supplemental_2023_09_legacy,s4_reclaim_volume_normal,60,60m,28179,-0.0002794554548574,-0.0004894762604013,0.396288015898364,0.9061194525651016,28179,-0.002795859211067,-0.0030053513717345,0.2874835870683843,0.3914752241293205,0.0025164037562096,0.0025158751113332,-0.1088044288299797,0
supplemental_2023_09_legacy,s4_reclaim_volume_normal,120,15m,19516,0.0001933951036977,0.0,0.3940356630457061,1.128056903437769,19516,-0.0023241988680459,-0.0025171071755404,0.2160791145726583,0.2781575680484948,0.0025175939717436,0.0025171071755404,-0.1779565484730478,0
supplemental_2023_09_legacy,s4_reclaim_volume_normal,120,1d,19496,-0.0005609764972629,-0.0020523350708155,0.4315757078375051,0.926112793496055,19496,-0.0030766716348367,-0.0045642762990226,0.3868998768978252,0.6599664051439251,0.0025156951375738,0.0025119412282071,-0.04467583093967992,0
supplemental_2023_09_legacy,s4_reclaim_volume_normal,120,2d,19494,-0.0020660097478519,-0.004089979550102,0.4066892377141685,0.8064210350495423,19494,-0.0045779165554312,-0.006596791808769,0.3741664101774905,0.6238478442549558,0.0025119068075793,0.002506812258667,-0.032522827536677956,0
supplemental_2023_09_legacy,s4_reclaim_volume_normal,120,30m,19516,4.384135177606471e-05,0.0,0.4001332240213158,1.0208246058485648,19516,-0.0024733761771455,-0.0025171071755404,0.2536380405820865,0.3419798952649636,0.0025172175289215645,0.0025171071755404,-0.1464951834392293,0
supplemental_2023_09_legacy,s4_reclaim_volume_normal,120,3d,19497,-0.0035304436006424,-0.0056872037914693,0.3871364825357747,0.7296275853455665,19497,-0.0060386642712628,-0.0081899956655375,0.3552341385854234,0.5863160449468714,0.0025082206706204006,0.0025027918740682005,-0.0319023439503513,0
supplemental_2023_09_legacy,s4_reclaim_volume_normal,120,5d,19495,-0.0043848306761949,-0.0080385852090031,0.3758399589638369,0.730644536537282,19495,-0.0068909007629767,-0.0105354584040326,0.3493716337522441,0.6136306397703032,0.0025060700867818005,0.0024968731950294996,-0.026468325211592758,0
supplemental_2023_09_legacy,s4_reclaim_volume_normal,120,5m,19518,-4.230257008178917e-05,0.0,0.3481401782969566,0.9586372052268108,19518,-0.0025593032655195,-0.0025171071755404,0.1323906137923967,0.1192697060922971,0.0025170006954377106,0.0025171071755404,-0.2157495645045599,0
supplemental_2023_09_legacy,s4_reclaim_volume_normal,120,60m,19513,-0.0002025347415853,0.0,0.4089068825910931,0.9325260238020712,19513,-0.0027191321154744,-0.0025171071755405,0.2976989699174909,0.4078472140397873,0.0025165973738891,0.0025171071755405,-0.1112079126736022,0
supplemental_2023_09_legacy,s4_reclaim_volume_normal,240,15m,13186,0.0001057529370882,0.0,0.3834369786136812,1.0662665481726084,13186,-0.0024116204299288,-0.0025171071755404,0.2170483846503867,0.2735719304496133,0.0025173733670170004,0.0025171071755404,-0.1663885939632945,0
supplemental_2023_09_legacy,s4_reclaim_volume_normal,240,1d,13166,-0.0003964783047448,-0.0020470829068577,0.4320218745252924,0.9494953613697718,13166,-0.0029125875018994,-0.0045590373553242,0.3885006835789154,0.6868778294248814,0.0025161091971546,0.0025119544484665,-0.04352119094637702,0
supplemental_2023_09_legacy,s4_reclaim_volume_normal,240,2d,13169,-0.0019363679586674,-0.0040609137055837,0.4034474903181714,0.8215189610351377,13169,-0.0044486010885246,-0.0065677991260963,0.3729212544612347,0.6398533698976634,0.0025122331298571996,0.0025068854205126,-0.0305262358569367,0
supplemental_2023_09_legacy,s4_reclaim_volume_normal,240,30m,13186,-1.2915282262003977e-07,0.0,0.3946610040952525,0.9999406459430338,13186,-0.0025172360032714,-0.0025171071755404,0.2548915516456848,0.343147758080092,0.00251710685044878,0.0025171071755404,-0.13976945244956773,0
supplemental_2023_09_legacy,s4_reclaim_volume_normal,240,3d,13175,-0.0030930723022453,-0.0055401662049859,0.3900569259962049,0.7647226989157757,13175,-0.0056023938832993,-0.0080433281884182,0.359392789373814,0.6183318315494287,0.0025093215810539997,0.0025031619834323003,-0.03066413662239087,0
supplemental_2023_09_legacy,s4_reclaim_volume_normal,240,5d,13169,-0.0036930892494987,-0.0076923076923077,0.3812742045713418,0.7721083815727807,13169,-0.0062009005235893,-0.0101900525049593,0.3600121497456147,0.6505158790067977,0.0025078112740906,0.0024977448126516,-0.021262054825727128,0
supplemental_2023_09_legacy,s4_reclaim_volume_normal,240,5m,13186,-6.291972296148626e-05,0.0,0.3420294251478841,0.9417954889068954,13186,-0.0025798685228156,-0.0025171071755404,0.137721826179281,0.1296137586226238,0.002516948799854114,0.0025171071755404,-0.2043075989686031,0
supplemental_2023_09_legacy,s4_reclaim_volume_normal,240,60m,13182,-0.0003007150024966,-0.0005146681754417,0.3938704293733879,0.9039007996992688,13182,-0.0028170652461464,-0.0030304798760247,0.2901684114701866,0.407030061041733,0.0025163502436497997,0.0025158117005829998,-0.10370201790320127,0
supplemental_2023_09_legacy,s4_reclaim_volume_proxy,10,15m,54265,-6.065458905996633e-05,0.0,0.363088546945545,0.966621484485066,54265,-0.0025776090904987,-0.0025171071755405,0.2088454805123007,0.2795325913965786,0.0025169545014387335,0.0025171071755405,-0.15424306643324429,0
supplemental_2023_09_legacy,s4_reclaim_volume_proxy,10,1d,54229,0.0002462996397376,-0.0014563106796117,0.4409264415718527,1.0345547936869113,54229,-0.0022714274983932,-0.0039697521650904,0.3965774769957034,0.7346592852015312,0.0025177271381307998,0.0025134414854786997,-0.044348964576149286,0
supplemental_2023_09_legacy,s4_reclaim_volume_proxy,10,2d,54215,-0.0021139738008865,-0.0044444444444443,0.3874204555934704,0.7941909768983647,54215,-0.0046257598778039,-0.0069503644769823,0.3528543760951766,0.6086638789835356,0.0025117860769174,0.002505920032538,-0.03456607949829377,0
supplemental_2023_09_legacy,s4_reclaim_volume_proxy,10,30m,54263,0.0002955755766864,0.0,0.3964579916333413,1.1355416064678594,54263,-0.0022222755942587,-0.0025171071755404,0.2660376315353003,0.4189181358558577,0.0025178511709451,0.0025171071755404,-0.13042036009804098,0
supplemental_2023_09_legacy,s4_reclaim_volume_proxy,10,3d,54220,-0.0036885992633582,-0.0063211125158028,0.3655293249723349,0.706728383476845,54220,-0.0061964218392253,-0.0088223087736724,0.3347104389524161,0.5627848978157043,0.0025078225758671,0.0025011962578695996,-0.030818886019918834,0
supplemental_2023_09_legacy,s4_reclaim_volume_proxy,10,5d,54229,-0.0044808474151496,-0.0077864293659623,0.3641040771542901,0.7141436053662512,54229,-0.0069866758175089,-0.0102839372642737,0.3399472606907743,0.595196652948332,0.0025058284023593003,0.0024975078983114005,-0.024156816463515807,0
supplemental_2023_09_legacy,s4_reclaim_volume_proxy,10,5m,54267,-0.0001127333515644,0.0,0.3375716365378591,0.9111586054556328,54267,-0.0026295567651765,-0.0025171071755404,0.1478430722170011,0.1643251293924699,0.0025168234136121004,0.0025171071755404,-0.189728564320858,0
supplemental_2023_09_legacy,s4_reclaim_volume_proxy,10,60m,54260,0.0001878448851133,0.0,0.4111868779948396,1.0619108326830506,54260,-0.002329735116135,-0.0025171071755405,0.3070401769259123,0.4948047026851143,0.0025175800012483,0.0025171071755405,-0.10414670106892732,0
supplemental_2023_09_legacy,s4_reclaim_volume_proxy,20,15m,39205,-9.235132998026304e-05,0.0,0.3644943247034817,0.9493586126055542,39205,-0.002609226047325,-0.0025171071755405,0.208621349317689,0.2712696227155466,0.0025168747173447367,0.0025171071755405,-0.1558729753857927,0
supplemental_2023_09_legacy,s4_reclaim_volume_proxy,20,1d,39188,-0.0005824273114437,-0.0026178010471202,0.4117587016433602,0.9213219958264056,39188,-0.0030980684550192,-0.0051283189368608,0.3682760028580177,0.6521536129310139,0.0025156411435755003,0.0025105178897405996,-0.0434826987853425,0
supplemental_2023_09_legacy,s4_reclaim_volume_proxy,20,2d,39175,-0.0024258838372144,-0.0046885465505693,0.3802935545628589,0.7664357066189624,39175,-0.0049368848031412,-0.0071938521519444,0.3461646458200383,0.5869780141283522,0.0025110009659268,0.0025053056013751,-0.034128908742820596,0
supplemental_2023_09_legacy,s4_reclaim_volume_proxy,20,30m,39204,0.0001481648835207,0.0,0.3950107131925314,1.066477973090303,39204,-0.0023693152389109,-0.0025171071755405,0.2627027854300581,0.3890109522009047,0.0025174801224316,0.0025171071755405,-0.1323079277624733,0
supplemental_2023_09_legacy,s4_reclaim_volume_proxy,20,3d,39175,-0.003957628282923,-0.0064516129032259,0.3616336949585195,0.6881937229736178,39175,-0.0064647736839144,-0.0089524806776339,0.331282705807275,0.5477892212413688,0.0025071454009914004,0.002500867774407999,-0.030350989151244512,0
supplemental_2023_09_legacy,s4_reclaim_volume_proxy,20,5d,39171,-0.00456200841575,-0.0082241851964665,0.3557989328840213,0.7073231970487754,39171,-0.0070676325271724,-0.0107205912164357,0.3301932552143167,0.588937309618827,0.0025056241114224005,0.0024964060199692013,-0.02560567766970462,0
supplemental_2023_09_legacy,s4_reclaim_volume_proxy,20,5m,39205,-0.0001347611717547,0.0,0.3349062619563831,0.8943882178480549,39205,-0.0026515291389823,-0.0025171071755404,0.1444968753985461,0.1603779990311653,0.0025167679672276,0.0025171071755404,-0.190409386557837,0
supplemental_2023_09_legacy,s4_reclaim_volume_proxy,20,60m,39202,-8.804992582318295e-05,-0.0004337455750614,0.3995714504362022,0.9717132377874512,39202,-0.0026049354702633,-0.0029497609665024,0.2959797969491352,0.4478021930891641,0.002516885544440117,0.0025160153914409998,-0.103591653487067,0
supplemental_2023_09_legacy,s4_reclaim_volume_proxy,40,15m,27294,-0.0001105907240774,0.0,0.3621308712537554,0.9411718888402014,27294,-0.0026274195309127,-0.0025171071755405,0.207811240565692,0.2781563325363616,0.0025168288068353,0.0025171071755405,-0.15431963068806342,0
supplemental_2023_09_legacy,s4_reclaim_volume_proxy,40,1d,27282,-0.0007897818960083,-0.0023738880764602,0.4185543581848838,0.8971097887456496,27282,-0.0033049011058711,-0.0048850199212895,0.3753023971849571,0.6392415951225985,0.0025151192098628,0.0025111318448293005,-0.043251960999926675,0
supplemental_2023_09_legacy,s4_reclaim_volume_proxy,40,2d,27267,-0.0029606289148954,-0.0050968399592253,0.3790662705834892,0.7261952515540703,27267,-0.00547028387015,-0.0076011178423318,0.3440422488722632,0.5581994097517724,0.0025096549552546,0.0025042778831065003,-0.03502402171122598,0
supplemental_2023_09_legacy,s4_reclaim_volume_proxy,40,30m,27292,3.9897316281477606e-05,0.0,0.382786164443793,1.01689409991757,27292,-0.00247731028508,-0.0025171071755405,0.2574747178660413,0.3860237144742546,0.0025172076013614776,0.0025171071755405,-0.12531144657775167,0
supplemental_2023_09_legacy,s4_reclaim_volume_proxy,40,3d,27263,-0.0046686183297993,-0.0070422535211266,0.3555734878773429,0.647055686517795,27263,-0.0071739740926418,-0.009541634589797,0.3244323808825147,0.5167886442777729,0.0025053557628425,0.0024993810686703994,-0.031141106994828194,0
supplemental_2023_09_legacy,s4_reclaim_volume_proxy,40,5d,27271,-0.0056055951047515,-0.0088785046728969,0.3471819881925855,0.6543326586350204,27271,-0.0081085923966306,-0.0113732637006169,0.3209269920428294,0.5455758722464643,0.0025029972918790997,0.002494759027719999,-0.026254996149756127,0
supplemental_2023_09_legacy,s4_reclaim_volume_proxy,40,5m,27294,-0.0001198254374556,0.0,0.3302557338609218,0.908428062545878,27294,-0.0026366309995275,-0.0025171071755404,0.1476881365867956,0.1743484643348133,0.0025168055620719,0.0025171071755404,-0.18256759727412616,0
supplemental_2023_09_legacy,s4_reclaim_volume_proxy,40,60m,27292,-0.0001934226578917,-0.0005884952426866,0.3935951927304704,0.9414487921281384,27292,-0.002710042967872,-0.0031041211126289,0.2925399384434999,0.449037224662956,0.0025166203099803003,0.0025156258699423,-0.10105525428697049,0
supplemental_2023_09_legacy,s4_reclaim_volume_proxy,60,15m,22661,-7.120701463089907e-05,0.0,0.3677242840121795,0.9628197401092145,22661,-0.0025881349544839,-0.0025171071755405,0.2155244693526322,0.2927479785672219,0.002516927939853001,0.0025171071755405,-0.1521998146595473,0
supplemental_2023_09_legacy,s4_reclaim_volume_proxy,60,1d,22640,-0.0007868904652849,-0.0024481469001347,0.4200530035335689,0.8993732739748853,22640,-0.0033020169531888,-0.0049590918275461,0.3757067137809187,0.644926220830114,0.0025151264879039,0.0025109449274114,-0.0443462897526502,0
supplemental_2023_09_legacy,s4_reclaim_volume_proxy,60,2d,22638,-0.0031662399637844,-0.0051216389244558,0.3785228377065112,0.7150931048920893,22638,-0.0056753773739924,-0.0076258543859087,0.3444208852372117,0.5524368429423262,0.002509137410208,0.0025042154614529,-0.03410195246929948,0
supplemental_2023_09_legacy,s4_reclaim_volume_proxy,60,30m,22660,5.975356643643679e-05,0.0,0.3909090909090909,1.024655221713352,22660,-0.0024575040152348,-0.0025171071755405,0.2631950573698146,0.3972403746863325,0.002517257581671237,0.0025171071755405,-0.1277140335392763,0
supplemental_2023_09_legacy,s4_reclaim_volume_proxy,60,3d,22644,-0.0049518091127096,-0.0076059623504164,0.3536477654124713,0.6361825378954873,22644,-0.0074564520540005,-0.0101039245035476,0.3236177353824412,0.5104285558563604,0.0025046429412909,0.0024979621531312,-0.030030030030030075,0
supplemental_2023_09_legacy,s4_reclaim_volume_proxy,60,5d,22644,-0.0058128010064207,-0.0094204258459346,0.3439321674615792,0.6447546256581836,22644,-0.0083152767388379,-0.0119138207999815,0.3188040982158629,0.537980878255358,0.0025024757324172003,0.0024933949540469,-0.025128069245716256,0
supplemental_2023_09_legacy,s4_reclaim_volume_proxy,60,5m,22663,-9.01333293913634e-05,0.0,0.3373339804968451,0.93277813837826,22663,-0.0026070136296817,-0.0025171071755404,0.154127873626616,0.1874178886767553,0.002516880300290337,0.0025171071755404,-0.1832061068702291,0
supplemental_2023_09_legacy,s4_reclaim_volume_proxy,60,60m,22657,-0.0001367226672052,-0.0007251631617114,0.4009356931632608,0.9594677054871236,22657,-0.002653485697139,-0.003240445023854,0.3005252239925851,0.4659284252179765,0.0025167630299337998,0.0025152818621426002,-0.1004104691706757,0
supplemental_2023_09_legacy,s4_reclaim_volume_proxy,120,15m,15819,7.2998507164656e-05,0.0,0.3801125229154813,1.0367871882386552,15819,-0.0024442924134419,-0.0025171071755405,0.2259308426575637,0.3395714246696621,0.002517290920606556,0.0025171071755405,-0.15418168025791762,0
supplemental_2023_09_legacy,s4_reclaim_volume_proxy,120,1d,15802,-0.0004029064607046,-0.002031694768613,0.4370965700544235,0.9490248202395,15802,-0.0029189994775017,-0.0045436879506727,0.3930515124667763,0.6875760141725292,0.0025160930167971,0.0025119931820596995,-0.04404505758764721,0
supplemental_2023_09_legacy,s4_reclaim_volume_proxy,120,2d,15800,-0.0023787450366959,-0.0046056434378198,0.400126582278481,0.7867588238626484,15800,-0.0048898646560356,-0.007111157715215,0.3681645569620253,0.6140012874414912,0.0025111196193396998,0.0025055142773952,-0.0319620253164557,0
supplemental_2023_09_legacy,s4_reclaim_volume_proxy,120,30m,15819,0.0002551997347042,0.0,0.4066628737594032,1.102509898126263,15819,-0.0022625498059195,-0.0025171071755405,0.2756179278083318,0.4489835008659127,0.0025177495406237,0.0025171071755405,-0.1310449459510714,0
supplemental_2023_09_legacy,s4_reclaim_volume_proxy,120,3d,15803,-0.0041694560325846,-0.0066624365482234,0.3761311143453774,0.6947123336936945,15803,-0.0066760682404273,-0.0091627736569218,0.3466430424602923,0.5614024017815821,0.0025066122078426997,0.002500337108698401,-0.029488071885085065,0
supplemental_2023_09_legacy,s4_reclaim_volume_proxy,120,5d,15802,-0.0045056220224962,-0.0082130715326441,0.3726743450196177,0.7269202210289285,15802,-0.0070113880645136,-0.0107095055268965,0.3492595873940007,0.6117679071589499,0.0025057660420173995,0.0024964339942524,-0.02341475762561701,0
supplemental_2023_09_legacy,s4_reclaim_volume_proxy,120,5m,15820,-2.488551395718737e-05,0.0,0.3513906447534766,0.9817716998748164,15820,-0.0025419300499918,-0.0025171071755404,0.1589127686472819,0.2079971009049734,0.002517044536034613,0.0025171071755404,-0.19247787610619468,0
supplemental_2023_09_legacy,s4_reclaim_volume_proxy,120,60m,15815,-1.915130767801726e-05,-0.0006211180124223,0.41036990199178,0.9944389295107674,15815,-0.0025362102773244,-0.0031366617673569,0.3118558330698703,0.4944331034431176,0.0025170589696463827,0.0025155437549346,-0.09851406892190967,0
supplemental_2023_09_legacy,s4_reclaim_volume_proxy,240,15m,10705,-0.0001177128684638,0.0,0.3743110695936478,0.9458775293748348,10705,-0.0026345237480983,-0.0025171071755405,0.2280242877160205,0.3244754972943765,0.0025168108796345,0.0025171071755405,-0.14628678187762728,0
supplemental_2023_09_legacy,s4_reclaim_volume_proxy,240,1d,10687,-0.000226243695607,-0.0020348837209303,0.435575933377,0.9723017513813318,10687,-0.0027427813915178,-0.0045468688760553,0.3916908393375128,0.7146033713908002,0.0025165376959108,0.002511985155125,-0.043885094039487205,0
supplemental_2023_09_legacy,s4_reclaim_volume_proxy,240,2d,10691,-0.0020312644090704,-0.0042075736325386,0.3984659994387803,0.8183103997876274,10691,-0.0045432586743914,-0.006714089894297,0.3675989149752128,0.6421612256485751,0.002511994265321,0.0025065162617584,-0.030867084463567507,0
supplemental_2023_09_legacy,s4_reclaim_volume_proxy,240,30m,10705,9.326119260844325e-05,0.0,0.3970107426436244,1.034927993668568,10705,-0.002424080731349,-0.0025171071755405,0.2746380196170014,0.4367782286469002,0.0025173419239574433,0.0025171071755405,-0.122372723026623,0
supplemental_2023_09_legacy,s4_reclaim_volume_proxy,240,3d,10697,-0.0035071624565658,-0.0062111801242236,0.3824436757969524,0.7436531902325133,10697,-0.006015441728321,-0.0087126530937048,0.3515939048331308,0.6050762730514755,0.0025082792717552,0.0025014729694811996,-0.030849770963821577,0
supplemental_2023_09_legacy,s4_reclaim_volume_proxy,240,5d,10695,-0.0038287583420796,-0.0078380143696931,0.3798971482000935,0.7678770418107431,10695,-0.0063362281225238,-0.0103353924230216,0.358765778401122,0.6486643641832037,0.0025074697804442,0.0024973780533284994,-0.02113136979897151,0
supplemental_2023_09_legacy,s4_reclaim_volume_proxy,240,5m,10705,-0.0001720508179914,0.0,0.3404016814572629,0.887506713456048,10705,-0.0026887249231832,-0.0025171071755404,0.1595516113965436,0.2062281696485455,0.0025166741051918,0.0025171071755404,-0.1808500700607193,0
supplemental_2023_09_legacy,s4_reclaim_volume_proxy,240,60m,10701,-8.010496656823688e-05,-0.000677048070413,0.4029529950471918,0.9779205906415148,10701,-0.0025970105093224,-0.0031924510433971,0.3088496402205401,0.502062459325668,0.002516905542754163,0.0025154029729841,-0.09410335482665166,0
supplemental_2023_09_legacy,s4_reclaim_vwap_support,10,15m,72962,-0.0002512295961344,0.0,0.3545681313560483,0.8670171119214095,72962,-0.002767704399856,-0.0025171071755405,0.1966503111208574,0.2470857990704978,0.0025164748037216,0.0025171071755405,-0.1579178202351909,0
supplemental_2023_09_legacy,s4_reclaim_vwap_support,10,1d,72910,-0.0003332177323728,-0.0019011406844105,0.4305445069263475,0.9549757866671844,72910,-0.0028494861631681,-0.0044134624850925,0.3854889589905362,0.6783468287696626,0.0025162684307953,0.002512321800682,-0.04505554793581129,0
supplemental_2023_09_legacy,s4_reclaim_vwap_support,10,2d,72897,-0.0026199352212236,-0.004739336492891,0.3826494917486316,0.7519534547681789,72897,-0.0051304477390194,-0.0072445142505378,0.3475314484821049,0.5767925187080718,0.0025105125177958,0.0025051777576468003,-0.03511804326652673,0
supplemental_2023_09_legacy,s4_reclaim_vwap_support,10,30m,72961,2.1504323319961024e-05,0.0,0.3863022710763285,1.009490857756324,72961,-0.0024956569809071,-0.0025171071755405,0.250147338989323,0.366914063244958,0.002517161304227061,0.0025171071755405,-0.13615493208700546,0
supplemental_2023_09_legacy,s4_reclaim_vwap_support,10,3d,72901,-0.0036105352740522,-0.0060060060060058,0.36910330448142,0.7109448178708307,72901,-0.0061185543453469,-0.0085079954207322,0.3387882196403342,0.5653336591510073,0.0025080190712947004,0.0025019894147263995,-0.030315084841085804,0
supplemental_2023_09_legacy,s4_reclaim_vwap_support,10,5d,72906,-0.0048943920186431,-0.0080449263485257,0.360134968315365,0.6928193190829868,72906,-0.0073991794849135,-0.0105417835822276,0.335719968178202,0.5778328921141285,0.0025047874662703995,0.0024968572337018997,-0.024415000137163023,0
supplemental_2023_09_legacy,s4_reclaim_vwap_support,10,5m,72965,-0.0002065960607566,0.0,0.3335571849516892,0.8458436708435159,72965,-0.0027231832118703,-0.0025171071755404,0.1430822997327485,0.1567386359326094,0.0025165871511137,0.0025171071755404,-0.19047488521894068,0
supplemental_2023_09_legacy,s4_reclaim_vwap_support,10,60m,72954,-4.132083083657987e-05,-0.0002988729648768,0.4021164021164021,0.9867233634781264,72954,-0.0025583239974173,-0.0028152278451328,0.2966389779861282,0.457273556450988,0.0025170031665807204,0.002516354880256,-0.10547742413027389,0
supplemental_2023_09_legacy,s4_reclaim_vwap_support,20,15m,53883,-0.0002160831115077,0.0,0.3614312491880556,0.8831998510603433,53883,-0.0027326463826975,-0.0025171071755405,0.2006384202809791,0.2455674392892383,0.0025165632711898,0.0025171071755405,-0.16079282890707647,0
supplemental_2023_09_legacy,s4_reclaim_vwap_support,20,1d,53851,-0.0009745837518985,-0.0028473804100226,0.4043378953037084,0.8723500662540916,53851,-0.0034892377956839,-0.0053573204239014,0.3606803959072255,0.6189339482053563,0.0025146540437854,0.0025099400138787996,-0.04365749939648289,0
supplemental_2023_09_legacy,s4_reclaim_vwap_support,20,2d,53850,-0.0025376224391467,-0.004694835680751,0.3809285051067781,0.7584985415538081,53850,-0.0050483421470369,-0.0072001254517114,0.3460724233983286,0.5818362572785656,0.0025107197078902,0.0025052897709603996,-0.034856081708449504,0
supplemental_2023_09_legacy,s4_reclaim_vwap_support,20,30m,53881,-6.065676811083112e-05,0.0,0.3877804792041721,0.9733379080658217,53881,-0.0025776112640648,-0.0025171071755405,0.2502180731612257,0.3473304452542728,0.002516954495953969,0.0025171071755405,-0.1375624060429464,0
supplemental_2023_09_legacy,s4_reclaim_vwap_support,20,3d,53841,-0.0034638410272308,-0.0058284762697753,0.3713341134079976,0.7211762702035334,53841,-0.0059722293436667,-0.0083309125458747,0.3396110770602329,0.5735153067634767,0.0025083883164359,0.0025024362760994005,-0.03172303634776469,0
supplemental_2023_09_legacy,s4_reclaim_vwap_support,20,5d,53837,-0.004740812294793,-0.0083251714005876,0.354180210635808,0.700196547228867,53837,-0.0072459863376883,-0.0108213232274579,0.3286215799543065,0.5841079347720715,0.0025051740428953,0.0024961518268703,-0.025558630681501493,0
supplemental_2023_09_legacy,s4_reclaim_vwap_support,20,5m,53885,-0.0001838047534838,0.0,0.3349911849308713,0.8594966365688154,53885,-0.00270044927276,-0.0025171071755404,0.143917602301197,0.1541849561782345,0.0025166445192762,0.0025171071755404,-0.19107358262967433,0
supplemental_2023_09_legacy,s4_reclaim_vwap_support,20,60m,53879,-0.0002859799354527,-0.0006657789613848,0.3920451381799959,0.9094573999130244,53879,-0.0028023672688455,-0.0031812102999242,0.2883498208949683,0.4139855075764573,0.0025163873333928,0.0025154313385394,-0.10369531728502762,0
supplemental_2023_09_legacy,s4_reclaim_vwap_support,40,15m,37542,-0.0002159916817696,0.0,0.359623887912205,0.8859510044938019,37542,-0.0027325551830977,-0.0025171071755405,0.2006552661019658,0.2542489380505128,0.0025165635013281,0.0025171071755405,-0.1589686218102392,0
supplemental_2023_09_legacy,s4_reclaim_vwap_support,40,1d,37525,-0.0011648751755929,-0.0027624309392264,0.4097001998667555,0.851747806483207,37525,-0.0036790502354703,-0.0052725847800277,0.3685276482345103,0.6070490938129943,0.0025141750598774004,0.0025101538408013,-0.0411725516322452,0
supplemental_2023_09_legacy,s4_reclaim_vwap_support,40,2d,37508,-0.0029467374588556,-0.0048387096774193,0.381731897195265,0.7276310017531199,37508,-0.0054564273803939,-0.0073436373021104,0.3471259464647542,0.559263380566252,0.0025096899215383004,0.0025049276246910997,-0.034605950730510815,0
supplemental_2023_09_legacy,s4_reclaim_vwap_support,40,30m,37542,-0.0001267564164333,0.0,0.3812796334771722,0.9464377331168377,37542,-0.0026435445324881,-0.0025171071755405,0.2468168984071173,0.3476048761582677,0.0025167881160547997,0.0025171071755405,-0.1344627350700549,0
supplemental_2023_09_legacy,s4_reclaim_vwap_support,40,3d,37500,-0.0040272111417321,-0.0062499999999999,0.3675733333333333,0.6864720322801313,37500,-0.0065341813952102,-0.0087513752556933,0.3349333333333333,0.5473236068279681,0.0025069702534780995,0.0025013752556934006,-0.03264,0
supplemental_2023_09_legacy,s4_reclaim_vwap_support,40,5d,37513,-0.0058010958428331,-0.0090171325518485,0.3459867246021379,0.645971148176307,37513,-0.0083036010384016,-0.0115115426383398,0.3213819209340762,0.5390267434946946,0.0025025051955685,0.002494410086491301,-0.024604803668061725,0
supplemental_2023_09_legacy,s4_reclaim_vwap_support,40,5m,37543,-0.0002063113569515,0.0,0.3328982766427829,0.8492087556379813,37543,-0.0027228992246946,-0.0025171071755404,0.1458061422901739,0.1628400856203174,0.0025165878677431003,0.0025171071755404,-0.18709213435260896,0
supplemental_2023_09_legacy,s4_reclaim_vwap_support,40,60m,37541,-0.0003846489203989,-0.0007230657989877,0.3881889134546229,0.8837205294239006,37541,-0.0029007878933816,-0.0032383529404171,0.2892837164699928,0.4121614743410788,0.0025161389729827003,0.0025152871414294,-0.09890519698463013,0
supplemental_2023_09_legacy,s4_reclaim_vwap_support,60,15m,31435,-0.000186889779089,0.0,0.3663750596468904,0.9038455776445492,31435,-0.0027035265330253,-0.0025171071755405,0.2101797359630984,0.2683230180000289,0.0025166367539363,0.0025171071755405,-0.15619532368379196,0
supplemental_2023_09_legacy,s4_reclaim_vwap_support,60,1d,31405,-0.0011877244565511,-0.0026737967914438,0.4120999840789683,0.8514539319802735,31405,-0.0037018420023393,-0.0051841737338947,0.3684763572679509,0.6101240327412303,0.0025141175457882,0.0025103769424509,-0.04362362681101739,0
supplemental_2023_09_legacy,s4_reclaim_vwap_support,60,2d,31406,-0.0031741502125021,-0.0050083472454091,0.3812965675348659,0.7145456493153287,31406,-0.0056832677117663,-0.0075128478741604,0.3469400751448768,0.5518016057225826,0.0025091174992642002,0.0025045006287513,-0.03435649238998911,0
supplemental_2023_09_legacy,s4_reclaim_vwap_support,60,30m,31435,-0.0001413846825524,0.0,0.3859710513758549,0.9422271902121538,31435,-0.0026581359776938,-0.0025171071755405,0.2523938285350723,0.354782692403801,0.0025167512951414,0.0025171071755405,-0.1335772228407826,0
supplemental_2023_09_legacy,s4_reclaim_vwap_support,60,3d,31407,-0.0044677059772862,-0.0068649885583526,0.3622122456777151,0.6631314647431075,31407,-0.006973567458053,-0.0093648158219328,0.3329512529054032,0.5307281139830999,0.0025058614807668004,0.0024998272635802,-0.029260992772311867,0
supplemental_2023_09_legacy,s4_reclaim_vwap_support,60,5d,31406,-0.0062089779410455,-0.0097213784258133,0.3394255874673629,0.6275212153027362,31406,-0.0087104564536577,-0.012214015849962,0.3152263898618098,0.5243816608736223,0.0025014785126121998,0.0024926374241486995,-0.024199197605553113,0
supplemental_2023_09_legacy,s4_reclaim_vwap_support,60,5m,31437,-0.000160944099718,0.0,0.3388045933136113,0.8841430123221473,31437,-0.00267764616171,-0.0025171071755404,0.1543086172344689,0.1773581676584022,0.002516702061992,0.0025171071755404,-0.1844959760791424,0
supplemental_2023_09_legacy,s4_reclaim_vwap_support,60,60m,31429,-0.0003380089657612,-0.0008038585209003,0.3966718635654968,0.9001053299338271,31429,-0.0028542653365085,-0.0033189422983895,0.2935187247446625,0.4285354033059889,0.0025162563707472997,0.0025150837774891997,-0.10315313882083427,0
supplemental_2023_09_legacy,s4_reclaim_vwap_support,120,15m,21668,-5.604496269768324e-05,0.0,0.3834687096178696,0.9721626986625808,21668,-0.0025730110670604,-0.0025171071755404,0.219771091009784,0.3101855936303876,0.0025169661043627166,0.0025171071755404,-0.1636976186080856,0
supplemental_2023_09_legacy,s4_reclaim_vwap_support,120,1d,21645,-0.0005768466987194,-0.0021528525296017,0.4326634326634326,0.9271971973051976,21645,-0.0030925018892953,-0.0046645407445918,0.3871563871563871,0.6701964742974232,0.0025156551905759,0.0025116882149900997,-0.045507045507045485,0
supplemental_2023_09_legacy,s4_reclaim_vwap_support,120,2d,21644,-0.0021316441220644,-0.0041402320430839,0.4083810755867677,0.8051765372627256,21644,-0.0046433857208894,-0.0066469178108403,0.3751617076326002,0.6265595648594795,0.002511741598825,0.0025066857677564,-0.03321936795416747,0
supplemental_2023_09_legacy,s4_reclaim_vwap_support,120,30m,21668,0.0001031105695944,0.0,0.4046058704079749,1.0411080715154697,21668,-0.0024142561463005,-0.0025171071755405,0.2698449326195311,0.4164837886888753,0.0025173667158949,0.0025171071755405,-0.13476093778844384,0
supplemental_2023_09_legacy,s4_reclaim_vwap_support,120,3d,21647,-0.0034252942766281,-0.0057613168724279,0.3865662678431191,0.7384954197365723,21647,-0.0059337796193665,-0.0082639221959283,0.3566314038896845,0.5946219276697461,0.0025084853427384,0.0025026053235004,-0.029934863953434587,0
supplemental_2023_09_legacy,s4_reclaim_vwap_support,120,5d,21644,-0.0044740982702935,-0.0083798882681565,0.3752541119940861,0.7290193224178819,21644,-0.0069799436609737,-0.0108759023668069,0.3493346885973017,0.6136708858460624,0.0025058453906801996,0.0024960140986504,-0.02591942339678438,0
supplemental_2023_09_legacy,s4_reclaim_vwap_support,120,5m,21669,-0.0001138341221522,0.0,0.3523005214823019,0.9204464842732396,21669,-0.002630654765007,-0.0025171071755404,0.1581983478702293,0.1967460520479772,0.0025168206428548,0.0025171071755404,-0.1941021736120726,0
supplemental_2023_09_legacy,s4_reclaim_vwap_support,120,60m,21664,-8.821374016531323e-05,-0.0005554013202542,0.410450516986706,0.9741035226518908,21664,-0.0026050988722674,-0.0030711104911461,0.3080686853766617,0.4771086425619402,0.0025168851321020866,0.0025157091708919,-0.10238183161004427,0
supplemental_2023_09_legacy,s4_reclaim_vwap_support,240,15m,14647,-0.0001770234694168,0.0,0.3725677613163105,0.9179744839881584,14647,-0.0026936850579121,-0.0025171071755405,0.2236635488495937,0.3071276566663162,0.0025166615884953,0.0025171071755405,-0.14890421246671678,0
supplemental_2023_09_legacy,s4_reclaim_vwap_support,240,1d,14625,-0.0004079965046383,-0.0020876826722338,0.4322735042735042,0.9499980623592406,14625,-0.0029240767092493,-0.0045995349267398,0.3886495726495726,0.6957188435111564,0.0025160802046110004,0.0025118522545060002,-0.04362393162393158,0
supplemental_2023_09_legacy,s4_reclaim_vwap_support,240,2d,14630,-0.0020036324109301,-0.0040650406504064,0.4034176349965823,0.8201100227544874,14630,-0.0045156962289519,-0.0065719156829568,0.3706083390293916,0.6428464075481737,0.0025120638180217997,0.0025068750325503994,-0.03280929596719068,0
supplemental_2023_09_legacy,s4_reclaim_vwap_support,240,30m,14647,-2.557548058581912e-05,0.0,0.3969413531781252,0.9903471839414232,14647,-0.0025426182799005,-0.0025171071755405,0.2678364170137229,0.407059676861115,0.0025170427993146806,0.0025171071755405,-0.12910493616440227,0
supplemental_2023_09_legacy,s4_reclaim_vwap_support,240,3d,14634,-0.0030425134716071,-0.0056153498491711,0.3888888888888889,0.7711836174228514,14634,-0.0055519623146565,-0.008118322587313,0.3589585895858959,0.6256374798373772,0.0025094488430494003,0.002502972738141899,-0.029930299302993013,0
supplemental_2023_09_legacy,s4_reclaim_vwap_support,240,5d,14630,-0.0037770799382112,-0.0078320506631074,0.3803144224196856,0.7699649820837533,14630,-0.0062846797987365,-0.0103294437277245,0.3593301435406698,0.6500467784996666,0.0025075998605253,0.0024973930646170987,-0.020984278879015827,0
supplemental_2023_09_legacy,s4_reclaim_vwap_support,240,5m,14647,-0.0001649458962945,0.0,0.3456680548917867,0.8938257360158063,14647,-0.0026816378853357,-0.0025171071755404,0.1646753601420086,0.2104447952922302,0.0025166919890412,0.0025171071755404,-0.1809926947497781,0
supplemental_2023_09_legacy,s4_reclaim_vwap_support,240,60m,14643,-0.0001783241336849,-0.0006706908115359,0.4001229256299938,0.9501841576662594,14643,-0.0026949824482688,-0.003186109786422,0.3053336065014,0.4793792537655835,0.0025166583145839,0.0025154189748861,-0.09478931912859379,0
