sample_group,strategy_id,ma_period,signal_count,recent_high_breakout_true_count,recent_high_breakout_true_fraction,prior_acceleration_true_count,prior_acceleration_true_fraction,breakout_recent_true_count,breakout_recent_true_fraction,daily_trend_positive_true_count,daily_trend_positive_true_fraction,market_supportive_true_count,market_supportive_true_fraction,sector_strong_true_count,sector_strong_true_fraction,leader_sync_true_count,leader_sync_true_fraction,auction_confirmed_true_count,auction_confirmed_true_fraction,volume_normal_true_count,volume_normal_true_fraction,not_repeated_cross_true_count,not_repeated_cross_true_fraction,sector_strength_rank_finite_count,sector_strength_rank_invalid_count,sector_strength_rank_finite_mean,sector_strength_rank_finite_median,sector_breadth_finite_count,sector_breadth_invalid_count,sector_breadth_finite_mean,sector_breadth_finite_median,leader_relative_return_finite_count,leader_relative_return_invalid_count,leader_relative_return_finite_mean,leader_relative_return_finite_median,vwap_deviation_finite_count,vwap_deviation_invalid_count,vwap_deviation_finite_mean,vwap_deviation_finite_median,volume_acceleration_5_20_finite_count,volume_acceleration_5_20_invalid_count,volume_acceleration_5_20_finite_mean,volume_acceleration_5_20_finite_median,amount_curve_surprise_finite_count,amount_curve_surprise_invalid_count,amount_curve_surprise_finite_mean,amount_curve_surprise_finite_median
primary_development_2022_2023_partial,cs_r3_leader_confirmation,10,163598,40442.0,0.2472035110453673,77028.0,0.47083705179769925,25622.0,0.1566156065477573,60905.0,0.3722845022555288,58233.0,0.3559517842516412,163598.0,1.0,163598.0,1.0,109044.0,0.6665362657245198,54901.0,0.3355847871000868,127917.0,0.7818983117153021,163598,0,0.8165339235257351,0.8024691358024691,163598,0,0.7011992900089761,0.6861924686192469,163598,0,0.009138713414638578,0.0062292499899546825,163598,0,0.008718061101091742,0.0070366011435974984,83228,80370,1.3314117167404982,0.4364954744862971,163337,261,2.5722642195130523,0.9518669642885791
primary_development_2022_2023_partial,cs_r3_leader_confirmation,20,125647,35161.0,0.27983955048668097,57691.0,0.4591514321870001,15645.0,0.12451550773197928,43172.0,0.3435975391374247,49255.0,0.39201095131598845,125647.0,1.0,125647.0,1.0,87274.0,0.694596767133318,44933.0,0.35761299513717,101976.0,0.8116071215389146,125647,0,0.8214246308021886,0.8148148148148148,125647,0,0.7174643431497352,0.7105263157894737,125647,0,0.011193612224707904,0.0073929506346925265,125647,0,0.009613747187710901,0.007890792037662964,68968,56679,1.392852837612874,0.4810655991639874,125492,155,2.3684751226177916,0.9158367952997769
primary_development_2022_2023_partial,cs_r3_leader_confirmation,40,89709,26245.0,0.29255704555841666,42555.0,0.47436712035581713,6074.0,0.06770781081050954,26122.0,0.2911859456687735,36608.0,0.4080749980492481,89709.0,1.0,89709.0,1.0,63380.0,0.7065065935413393,32264.0,0.3596517629223378,73970.0,0.8245549498935447,89709,0,0.8252329393845231,0.8148148148148148,89709,0,0.7258133412683947,0.7246376811594203,89709,0,0.012934857393448511,0.008233312927283666,89709,0,0.0102696314109651,0.008409782843102453,50267,39442,1.533564388753248,0.5070700927474532,89606,103,2.399234259511626,1.0001096837239505
primary_development_2022_2023_partial,cs_r3_leader_confirmation,60,73339,21819.0,0.2975088288632242,37058.0,0.5052973179345233,3291.0,0.044873805205961355,15516.0,0.2115654699409591,30023.0,0.40937291209315646,73339.0,1.0,73339.0,1.0,51935.0,0.7081498247862665,26647.0,0.3633401055372994,61066.0,0.8326538403850612,73339,0,0.8265371476344496,0.825,73339,0,0.7275739501933305,0.7272727272727273,73339,0,0.013844270500227596,0.00867860065595162,73339,0,0.010498240167366507,0.008600222773631927,41568,31771,1.5774234261135491,0.5143170693331138,73312,27,2.542610892772067,1.0823386707713973
primary_development_2022_2023_partial,cs_r3_leader_confirmation,120,50899,15328.0,0.30114540560718284,28915.0,0.5680858170101574,1188.0,0.023340340674669443,3974.0,0.07807619010196663,21327.0,0.41900626731369967,50899.0,1.0,50899.0,1.0,36019.0,0.7076563390243423,18546.0,0.3643686516434508,42779.0,0.8404683785536061,50899,0,0.8290208744308356,0.825,50899,0,0.7320080107683292,0.7326732673267327,50899,0,0.015337847538193552,0.00948431622714527,50899,0,0.010955901974258175,0.008944243930191442,29261,21638,1.6753078905374903,0.5150022616474845,50899,0,3.1777815439950485,1.316048094164337
primary_development_2022_2023_partial,cs_r3_leader_confirmation,240,38397,11784.0,0.3068989764825377,20411.0,0.5315779878636352,3478.0,0.09057999322863765,11571.0,0.3013516680990702,15653.0,0.4076620569315311,38397.0,1.0,38397.0,1.0,27202.0,0.708440763601323,14106.0,0.36737245097273225,32063.0,0.8350391957705029,38397,0,0.8303673255080792,0.825,38397,0,0.7360950221966377,0.7391304347826086,38397,0,0.015173395319094521,0.009110792708446919,38397,0,0.01095008332166709,0.008821497939487388,22419,15978,1.7781757786895336,0.5345038791343406,38397,0,3.9174423626519403,1.4680289948977947
primary_development_2022_2023_partial,fu_r3_core_pullback,10,57886,11944.0,0.20633659261306705,28671.0,0.49530110907646063,8042.0,0.13892823826141035,18047.0,0.31176795770998167,57886.0,1.0,57886.0,1.0,57886.0,1.0,37618.0,0.6498635248592061,16200.0,0.27986041529903605,57886.0,1.0,57886,0,0.8060189743953817,0.7875,57886,0,0.8081994045416192,0.8125,57886,0,0.01054616098780531,0.007094949376123365,57886,0,0.0092728493100472,0.007324031469449599,24582,33304,1.244036095896366,0.3728742141914867,57797,89,3.245634527540244,1.4326598856112693
primary_development_2022_2023_partial,fu_r3_core_pullback,20,49238,13157.0,0.26721231569113285,24097.0,0.48939843210528455,5421.0,0.11009789187213129,13937.0,0.283053738982087,49238.0,1.0,49238.0,1.0,49238.0,1.0,34317.0,0.6969616962508631,16227.0,0.3295625330029652,49238.0,1.0,49238,0,0.8131954567861555,0.8,49238,0,0.8172367803829946,0.8235294117647058,49238,0,0.012988318612033556,0.008703329693101239,49238,0,0.010493856147947718,0.00854478195063979,25037,24201,1.378889157026468,0.46937051119560635,49194,44,2.8576632861741387,1.2413241639091301
primary_development_2022_2023_partial,fu_r3_core_pullback,40,36871,10441.0,0.2831764801605598,18458.0,0.5006102356865829,2300.0,0.062379647961812806,8848.0,0.23997179355048684,36871.0,1.0,36871.0,1.0,36871.0,1.0,26429.0,0.7167963982533698,12554.0,0.3404843915272165,36871.0,1.0,36871,0,0.8167038081721155,0.8024691358024691,36871,0,0.8214631741532965,0.8273809523809523,36871,0,0.014904161920112268,0.00978428507122732,36871,0,0.011318111525896131,0.009209742523907938,19830,17041,1.5423153951442272,0.4959550387725158,36839,32,2.8226074290640817,1.282684631157581
primary_development_2022_2023_partial,fu_r3_core_pullback,60,30428,8874.0,0.2916392796108847,15976.0,0.5250427238070199,1351.0,0.044399894833705794,4940.0,0.16235046667543052,30428.0,1.0,30428.0,1.0,30428.0,1.0,21984.0,0.7224924411726041,10538.0,0.3463257525962929,30428.0,1.0,30428,0,0.8194226615918113,0.8125,30428,0,0.8231440510480071,0.8285714285714286,30428,0,0.0158858186129427,0.010328607811761748,30428,0,0.011650128075489225,0.009472418027750562,16636,13792,1.5428544200908167,0.5013087327196889,30418,10,2.997609912977947,1.399353193439193
primary_development_2022_2023_partial,fu_r3_core_pullback,120,21678,6395.0,0.29499953870283235,12318.0,0.5682258510932743,579.0,0.026709106006089122,1259.0,0.05807731340529569,21678.0,1.0,21678.0,1.0,21678.0,1.0,15583.0,0.7188393763262294,7470.0,0.3445889842236369,21678.0,1.0,21678,0,0.8227030818067986,0.8125,21678,0,0.8257652190756751,0.8333333333333334,21678,0,0.017493333761217856,0.01138815032011736,21678,0,0.012085673495062019,0.00995149160637454,11892,9786,1.6415420084702077,0.5073675283570336,21678,0,3.669141411243748,1.6619529302927305
primary_development_2022_2023_partial,fu_r3_core_pullback,240,15915,4818.0,0.30273327049952875,8484.0,0.5330819981149859,1293.0,0.08124410933081998,4227.0,0.2655984919886899,15915.0,1.0,15915.0,1.0,15915.0,1.0,11401.0,0.7163682060948791,5544.0,0.3483506126295947,15915.0,1.0,15915,0,0.8237118488265313,0.8148148148148148,15915,0,0.8299099273428637,0.84,15915,0,0.017694548872746792,0.011152616161887563,15915,0,0.012334488315097503,0.0099204184609345,8978,6937,1.8393636876801134,0.5384544638207113,15915,0,4.444986718619539,1.7886886812465677
primary_development_2022_2023_partial,ht_r3_core_pullback,10,116070,32093.0,0.2764969415008185,54191.0,0.4668820539329715,18602.0,0.16026535711208753,42938.0,0.3699319376238477,42150.0,0.3631429309899199,116070.0,1.0,116070.0,1.0,95030.0,0.8187300766778668,116070.0,1.0,74912.0,0.6454036357370552,116070,0,0.8226972242696082,0.8148148148148148,116070,0,0.7121969326169406,0.7,116070,0,0.011313973450380758,0.007391331454067262,116070,0,0.00863121253040299,0.007198758897920876,116070,0,0.22062745036109796,0.09610104645604889,115881,189,1.5799862267576437,0.6338014081284404
primary_development_2022_2023_partial,ht_r3_core_pullback,20,91775,26149.0,0.2849250885317352,41927.0,0.456845546172705,11541.0,0.12575320076273494,30935.0,0.3370743666575865,37312.0,0.4065595205666031,91775.0,1.0,91775.0,1.0,76094.0,0.8291364750749115,91775.0,1.0,61453.0,0.6696050122582402,91775,0,0.8273065182224298,0.825,91775,0,0.730741387865075,0.7301587301587301,91775,0,0.013431346678641078,0.00875827339516794,91775,0,0.009453904688833965,0.007992069403521151,91775,0,0.24032978705988725,0.12144236960721178,91652,123,1.452045168123681,0.6413855592090079
primary_development_2022_2023_partial,ht_r3_core_pullback,40,66342,18980.0,0.28609327424557596,31336.0,0.4723402972475958,4538.0,0.06840312321003286,18677.0,0.281526031774743,28459.0,0.42897410388592444,66342.0,1.0,66342.0,1.0,55511.0,0.8367399234270899,66342.0,1.0,44969.0,0.6778360616200898,66342,0,0.8311430765047495,0.8271604938271605,66342,0,0.7399313118701321,0.7441860465116279,66342,0,0.015382814463354625,0.009867643600278243,66342,0,0.010029076952171713,0.008488116745789864,66342,0,0.24185150207536346,0.12170796090419056,66261,81,1.489757188120744,0.740954963512725
primary_development_2022_2023_partial,ht_r3_core_pullback,60,54528,15703.0,0.2879804870892019,27655.0,0.5071706279342723,2445.0,0.0448393485915493,10857.0,0.1991087147887324,23405.0,0.4292290199530516,54528.0,1.0,54528.0,1.0,45714.0,0.8383582746478874,54528.0,1.0,37345.0,0.6848774941314554,54528,0,0.8329766981195312,0.8271604938271605,54528,0,0.74201787018321,0.7478632478632479,54528,0,0.016344055532386437,0.010504288156344596,54528,0,0.010203036437114173,0.008672251895604388,54528,0,0.24525770648452214,0.12842582221878918,54505,23,1.5880750074357586,0.8255350357047064
primary_development_2022_2023_partial,ht_r3_core_pullback,120,38088,10885.0,0.28578554925435834,21916.0,0.5754043268220962,845.0,0.022185465238395295,2671.0,0.07012707414408738,16586.0,0.4354652383952951,38088.0,1.0,38088.0,1.0,31850.0,0.8362213820625919,38088.0,1.0,26227.0,0.688589582020584,38088,0,0.8353352437889816,0.8375,38088,0,0.7452566515125202,0.75,38088,0,0.017918467643247758,0.01146137022348586,38088,0,0.01062656479316374,0.009121468095062424,38088,0,0.2427042367019774,0.12374734100017948,38088,0,1.9654520576809456,1.032974376986308
primary_development_2022_2023_partial,ht_r3_core_pullback,240,28805,8186.0,0.284186773129665,15469.0,0.5370248220795001,2547.0,0.088422148932477,8484.0,0.2945321992709599,12331.0,0.42808540183995836,28805.0,1.0,28805.0,1.0,23893.0,0.829474049644159,28805.0,1.0,19777.0,0.6865821905919112,28805,0,0.8365902481779763,0.8375,28805,0,0.7499623125800361,0.7578947368421053,28805,0,0.01748408277949734,0.01085631912423508,28805,0,0.010493440420028064,0.008828750603805613,28805,0,0.24488869637533262,0.12396694214876036,28805,0,2.4200504830428358,1.169848535340945
primary_development_2022_2023_partial,ng_r1_auction_reclaim,10,323179,74401.0,0.23021607220766202,170178.0,0.5265750559287578,40353.0,0.12486269219225259,106935.0,0.330884741892264,323179.0,1.0,103396.0,0.3199341541374904,86987.0,0.26916043431039766,323179.0,1.0,156887.0,0.48544924020434493,274195.0,0.8484307458095978,323179,0,0.5422817359289839,0.55,323179,0,0.6738800715436525,0.6909090909090909,323179,0,0.0015921960957413482,0.0008281678893427014,323179,0,0.0043610844639620045,0.0034673281597501493,219909,103270,0.7813265568733938,0.23651554244993234,322809,370,1.155131578042299,0.2332339760262745
primary_development_2022_2023_partial,ng_r1_auction_reclaim,20,222984,56875.0,0.2550631435439314,118406.0,0.5310067090015427,22939.0,0.10287285186381086,69854.0,0.313269113478994,222984.0,1.0,77550.0,0.3477828005596814,76510.0,0.34311878879202096,222984.0,1.0,104648.0,0.46930721486743443,191897.0,0.8605864097872493,222984,0,0.5587138199972789,0.575,222984,0,0.6877027665130323,0.7058823529411765,222984,0,0.0037061201332952843,0.0021444444583289587,222984,0,0.005410935380686651,0.004404478200313866,151142,71842,0.9293659939910355,0.2943213606865107,222772,212,1.1652127095692728,0.29343758884942783
primary_development_2022_2023_partial,ng_r1_auction_reclaim,40,149097,39288.0,0.2635063079740035,79174.0,0.5310234277014293,10546.0,0.0707324761732295,44478.0,0.2983158614861466,149097.0,1.0,54070.0,0.3626498185744851,56611.0,0.37969241500499673,149097.0,1.0,68911.0,0.46218904471585615,128989.0,0.8651347780304097,149097,0,0.56697373124482,0.5875,149097,0,0.6935750134875946,0.7142857142857143,149097,0,0.005209232691608002,0.002874269486403982,149097,0,0.005930555101381864,0.00479896927414547,100855,48242,1.0288287784770678,0.30631499946392204,148990,107,1.241631367899368,0.3817054744877104
primary_development_2022_2023_partial,ng_r1_auction_reclaim,60,117566,30918.0,0.26298419611112056,63004.0,0.5359032373305207,5986.0,0.05091608117993297,30087.0,0.25591582600411683,117566.0,1.0,43567.0,0.370574826055152,46729.0,0.3974703570760254,117566.0,1.0,53756.0,0.4572410390759233,101652.0,0.8646377353996904,117566,0,0.5727786584231266,0.5925925925925926,117566,0,0.695648768255834,0.7151162790697675,117566,0,0.0060154021663672815,0.003237227007444438,117566,0,0.006127058368229105,0.004850289822346365,79042,38524,1.0500128175588832,0.31406261279847514,117537,29,1.3646158865391713,0.4592905914322991
primary_development_2022_2023_partial,ng_r1_auction_reclaim,120,74680,20070.0,0.2687466523835029,39346.0,0.5268612747723621,2374.0,0.03178896625602571,9387.0,0.12569630423138725,74680.0,1.0,28543.0,0.3822040707016604,31814.0,0.42600428494911624,74680.0,1.0,33554.0,0.44930369576861273,65152.0,0.8724156400642742,74680,0,0.5781008248361784,0.6,74680,0,0.698975942847294,0.72,74680,0,0.007370972729304532,0.003980179854798618,74680,0,0.006620489620274593,0.005217684017442381,49579,25101,1.1090454775228946,0.3257491675915649,74680,0,1.7740502550905042,0.6273200932229974
primary_development_2022_2023_partial,ng_r1_auction_reclaim,240,56405,15091.0,0.26754720326212217,28103.0,0.4982359719882989,5675.0,0.10061164790355465,17746.0,0.3146174984487191,56405.0,1.0,21543.0,0.3819342256892119,23383.0,0.41455544721212656,56405.0,1.0,25704.0,0.4557042815353249,48772.0,0.8646751174541264,56405,0,0.5791599471853163,0.6,56405,0,0.702082794305068,0.7241379310344828,56405,0,0.007103408307865822,0.003551014597326858,56405,0,0.006583035422755844,0.005040039190958856,37957,18448,1.1479667863579501,0.3220030349013656,56405,0,2.0707798129158954,0.6540117858032561
primary_development_2022_2023_partial,ng_r3_volume_quality,10,792897,188872.0,0.23820496230910193,394763.0,0.4978742510061206,125135.0,0.1578199942741617,329295.0,0.41530614947464806,273134.0,0.3444760164308857,189264.0,0.2386993518704195,97214.0,0.12260608881103094,455674.0,0.5746950738872767,792897.0,1.0,792897.0,1.0,792897,0,0.5385810081087429,0.55,792897,0,0.48449610168563284,0.4782608695652174,792897,0,0.0010856763136258907,0.0005877919902203474,792897,0,0.0017514848305499604,0.0013135655390643652,792897,0,0.2236400673913966,0.10788381742738595,791907,990,0.6914840945785032,0.102092715291483
primary_development_2022_2023_partial,ng_r3_volume_quality,20,531552,123983.0,0.23324717054963578,262603.0,0.4940306874962374,76262.0,0.14347044127385467,226297.0,0.42572880922280415,182381.0,0.34311036361447234,129092.0,0.24285864788393233,84669.0,0.15928639154776955,303538.0,0.5710410270302811,531552.0,1.0,531552.0,1.0,531552,0,0.5348255279113255,0.5432098765432098,531552,0,0.47861789764597035,0.46938775510204084,531552,0,0.0014210523162615605,0.0006904138049659973,531552,0,0.0017512205131418102,0.0012640942790417276,531552,0,0.23724940932858174,0.12460421788178655,531007,545,0.667836450794721,0.1516758998035801
primary_development_2022_2023_partial,ng_r3_volume_quality,40,356776,81731.0,0.22908211314662422,172230.0,0.4827398703948696,40023.0,0.11217963091687781,153233.0,0.42949357580106284,120573.0,0.3379515438258179,86559.0,0.24261441352557347,62236.0,0.1744399847523376,202870.0,0.5686200865529072,356776.0,1.0,356776.0,1.0,356776,0,0.5323384924821776,0.5375,356776,0,0.4711405238657895,0.4594594594594595,356776,0,0.0019540414727674473,0.0007379233791159692,356776,0,0.0016576079206724226,0.0011410906120592479,356776,0,0.2395981580394247,0.1284983433136827,356481,295,0.6817041061409338,0.20260252421892955
primary_development_2022_2023_partial,ng_r3_volume_quality,60,285699,64311.0,0.22510054287904402,135023.0,0.4726057844094659,24388.0,0.085362566897329,120795.0,0.42280512007392396,93607.0,0.3276420288485434,68624.0,0.24019685053150344,51404.0,0.1799236259139864,161037.0,0.5636596557915848,285699.0,1.0,285699.0,1.0,285699,0,0.5300079963614562,0.5375,285699,0,0.4644061286896133,0.4506172839506173,285699,0,0.0021781149960929573,0.00078004142535959,285699,0,0.0014820854253204195,0.0009502829686718339,285699,0,0.2397270034640896,0.12808539026017352,285587,112,0.714251599604108,0.2277344670721042
primary_development_2022_2023_partial,ng_r3_volume_quality,120,186990,42603.0,0.2278357131397401,87124.0,0.4659286592865929,10869.0,0.05812610300016044,53747.0,0.28743248302048235,60444.0,0.32324723247232473,45533.0,0.24350500026739397,35511.0,0.18990855125942563,103943.0,0.5558746457029787,186990.0,1.0,186990.0,1.0,186990,0,0.5324040641573982,0.5432098765432098,186990,0,0.46163271611581974,0.44715447154471544,186990,0,0.0028184150595662485,0.0010163448756458579,186990,0,0.0016019085955365619,0.0010046059515377292,186990,0,0.24384820480053412,0.13261229183344547,186990,0,0.9076045676606204,0.31042292693876605
primary_development_2022_2023_partial,ng_r3_volume_quality,240,141107,31580.0,0.2238017958003501,64071.0,0.4540596852034272,18748.0,0.13286371335227876,54387.0,0.38543091412899433,45592.0,0.323102326603216,34574.0,0.24501973679548145,26613.0,0.1886015576831766,78156.0,0.553877553912988,141107.0,1.0,141107.0,1.0,141107,0,0.5319272058626189,0.5375,141107,0,0.4607307805541824,0.4444444444444444,141107,0,0.002957653067674639,0.0010163633780634514,141107,0,0.0016344346467478017,0.001007845443927069,141107,0,0.24467377314642455,0.13293757870120526,141107,0,1.0983333998760145,0.3354897293770569
primary_development_2022_2023_partial,s0_distance_only,10,1534685,221657.0,0.14443159345403128,779733.0,0.5080736437770618,225745.0,0.14709533226688212,615145.0,0.4008281829821755,482137.0,0.3141602348364648,317347.0,0.2067831509397694,132407.0,0.08627633683785271,683835.0,0.44558655359243104,822700.0,0.5360709200910936,1523904.0,0.9929751056405712,1534685,0,0.5218648044535933,0.525,1534685,0,0.4570467890854042,0.4418604651162791,1534685,0,-0.0008632652767309746,-0.0005487909850708794,1534630,55,0.00016061149132485353,-3.992759809456903e-05,1111016,423669,0.5366176981035362,0.12317846627197504,1532898,1787,1.20066837322808,0.2054092254956118
primary_development_2022_2023_partial,s0_distance_only,20,1048526,158076.0,0.15076021004724727,529028.0,0.5045444748151214,139886.0,0.13341204700694118,430421.0,0.4105010271562174,331243.0,0.31591300549533347,222310.0,0.21202144725071195,126270.0,0.1204261983012343,478699.0,0.45654471133763014,548243.0,0.5228702006435701,1040486.0,0.9923320928617888,1048526,0,0.5190782466570187,0.525,1048526,0,0.4538351070036876,0.43478260869565216,1048526,0,-0.0006305780514864332,-0.0004598465688405662,1048499,27,0.000164578828275852,-0.00010109829860105446,758868,289658,0.660501799293211,0.16814159292035402,1047550,976,1.1566937692123165,0.24455362210705012
primary_development_2022_2023_partial,s0_distance_only,40,705367,106394.0,0.15083495542036982,349171.0,0.4950203227539706,72057.0,0.10215533190523515,291667.0,0.41349680379150144,218300.0,0.30948428265002476,150104.0,0.2128026970357275,95678.0,0.13564286392757247,324487.0,0.46002577381703424,365838.0,0.5186491571054501,699528.0,0.991722039732508,705367,0,0.5166617429973386,0.5185185185185185,705367,0,0.4474155784854507,0.42424242424242425,705367,0,-0.0002675335336129507,-0.00043721146631939235,705351,16,6.0401021512258175e-05,-0.0002590382935289126,510407,194960,0.7253902080712632,0.1915227629513343,704885,482,1.1399808062570917,0.2858317626853146
primary_development_2022_2023_partial,s0_distance_only,60,562790,84077.0,0.14939320172710957,275388.0,0.4893263917269319,43036.0,0.07646902041614101,226186.0,0.4019012420263331,170329.0,0.3026510776666252,119953.0,0.21313989232218056,79684.0,0.1415874482489028,257135.0,0.4568933349917376,291107.0,0.5172568808969598,557804.0,0.9911405675296292,562790,0,0.5154637429449141,0.5185185185185185,562790,0,0.44356804910684844,0.4186046511627907,562790,0,-0.00014791957687852563,-0.00043868181653400665,562781,9,-0.00011204827454260268,-0.00041752760981317305,406761,156029,0.7574406699043158,0.1971674814777482,562614,176,1.1815290048597702,0.3145116029037911
primary_development_2022_2023_partial,s0_distance_only,120,365879,56366.0,0.15405639569365828,173944.0,0.47541400299005954,19241.0,0.052588424041828036,101233.0,0.2766843683294204,110331.0,0.3015505126011605,79444.0,0.21713189333085528,55850.0,0.1526460933805985,166299.0,0.4545191169758308,189160.0,0.5170015223612178,362271.0,0.9901388163846517,365879,0,0.51768717751222,0.525,365879,0,0.44238097496118234,0.41702127659574467,365879,0,0.0002650287574455395,-0.00027258762426065177,365874,5,-0.0001019626295186536,-0.0004077944123715982,263875,102004,0.78503440140511,0.20796665122742009,365879,0,1.4517115413240884,0.41628086456521984
primary_development_2022_2023_partial,s0_distance_only,240,279823,41893.0,0.14971249682835222,128866.0,0.4605268330337392,35244.0,0.12595104762653533,105861.0,0.3783141485867852,84008.0,0.3002183523155709,61355.0,0.21926360592231517,42198.0,0.1508024715623805,127326.0,0.45502335404880945,143895.0,0.51423578476394,277049.0,0.9900865904518213,279823,0,0.5185492128004483,0.525,279823,0,0.4425272758871309,0.4146341463414634,279823,0,0.00039987618137861907,-0.00028108580888078173,279819,4,-9.972077166776815e-05,-0.00047747758997629397,202105,77718,0.8107706701822815,0.2107232270949957,279823,0,1.7446616236361323,0.4525152828171053
primary_development_2022_2023_partial,s0_liquidity_matched,10,16239010,647184.0,0.03985366102982879,8251785.0,0.5081458167708499,2619061.0,0.16128206091381186,6520962.0,0.40156154839488367,5770889.0,0.3553719715672322,3765374.0,0.23187213998882936,2364732.0,0.145620453463604,7426061.0,0.45729764314450205,8576592.0,0.5281474671177615,14758960.0,0.9088583602079191,16239010,0,0.5187468505088526,0.525,16239010,0,0.4733515254358934,0.4634146341463415,16239010,0,8.382936911080872e-05,-0.0008503236552434741,16238716,294,0.00038368450904625715,0.0,11892902,4346108,0.22451882759468145,-0.10618892508143318,16239010,0,2.1715814313535247,0.3888886936397191
primary_development_2022_2023_partial,s0_liquidity_matched,20,11604391,461091.0,0.03973418337937769,5883134.0,0.5069748166879244,1869945.0,0.16114115768763737,4693190.0,0.4044322532737823,4194226.0,0.361434391516108,2674384.0,0.23046310659473643,1706209.0,0.14703132633155847,5339701.0,0.4601448710233911,6102974.0,0.5259193696592953,10868598.0,0.9365935704855171,11604391,0,0.5182906914303554,0.525,11604391,0,0.47379672548405655,0.46511627906976744,11604391,0,0.0001173600070920536,-0.0008254663122107926,11604250,141,0.0003499259823553099,2.0385855834526012e-06,8466402,3137989,0.2270113514384438,-0.10749849199521389,11604391,0,2.180623410615927,0.406980411769178
primary_development_2022_2023_partial,s0_liquidity_matched,40,8353238,331413.0,0.039674794373152064,4220517.0,0.5052552076212841,1325097.0,0.1586327361916421,3366584.0,0.40302742481418585,3023326.0,0.36193461745014327,1909160.0,0.22855328676137326,1226300.0,0.14680534662127429,3811382.0,0.45627599740364155,4372933.0,0.5235015451493181,8005174.0,0.9583318468838072,8353238,0,0.5175424987907722,0.5185185185185185,8353238,0,0.47222498743467667,0.4634146341463415,8353238,0,8.999126229479932e-05,-0.0008423536883872085,8353131,107,0.0002984097597615304,4.0825874791927674e-07,6056560,2296678,0.2205799793123095,-0.10892065056678168,8353238,0,2.2084477062462105,0.42372580819342853
primary_development_2022_2023_partial,s0_liquidity_matched,60,7003515,279369.0,0.03988982675128132,3524984.0,0.5033164061189275,1109457.0,0.1584143105283561,2810433.0,0.40128892420448875,2520770.0,0.35992926409096004,1591667.0,0.2272668795597639,1023283.0,0.14610991766277362,3161226.0,0.45137705851990034,3645618.0,0.5205411853904789,6771533.0,0.9668763470914248,7003515,0,0.5167917896394999,0.5185185185185185,7003515,0,0.4712673969118472,0.46153846153846156,7003515,0,9.149522413576117e-05,-0.0008204167867572288,7003427,88,0.00023065391882772933,0.0,5051315,1952200,0.22537033346019777,-0.10424710424710426,7003515,0,2.2814530524776386,0.4316356236260497
primary_development_2022_2023_partial,s0_liquidity_matched,120,5117908,211706.0,0.04136572990370284,2616207.0,0.5111867974180075,788753.0,0.15411629126588441,1987020.0,0.3882484796522329,1874280.0,0.3662199476817481,1158888.0,0.22643783358356578,751911.0,0.14691764681975525,2267679.0,0.44308709730616497,2646658.0,0.5171366894442025,5014470.0,0.9797890075397995,5117908,0,0.5164580624765146,0.5185185185185185,5117908,0,0.47337062729995594,0.46551724137931033,5117908,0,6.360473888125223e-05,-0.0008123651001888503,5117809,99,0.00029738687054957954,3.45424113874504e-05,3661398,1456510,0.23570482043585303,-0.09983888015648712,5117908,0,2.3314157914836153,0.43513280590950854
primary_development_2022_2023_partial,s0_liquidity_matched,240,4317956,181431.0,0.04201779730965299,2157960.0,0.4997642403025876,693374.0,0.1605792185006054,1725348.0,0.399575169362541,1602094.0,0.37103064505520666,985120.0,0.2281449834134484,640486.0,0.14833083060596264,1908852.0,0.44207305493617816,2217562.0,0.5135675305630719,4253687.0,0.9851158742701408,4317956,0,0.5178476269740215,0.525,4317956,0,0.47727009259897535,0.47058823529411764,4317956,0,6.541298128883761e-05,-0.0008018573532689497,4317862,94,0.00036664279105210504,8.392636161858036e-05,3074361,1243595,0.24672602149899758,-0.09599308157970599,4317956,0,2.389125831626278,0.4438945642940999
primary_development_2022_2023_partial,s0_random_matched,10,3905499,118697.0,0.030392275097241093,2003943.0,0.513108056102434,604280.0,0.15472542689167249,1503917.0,0.38507678532243894,1295836.0,0.3317978061190132,859984.0,0.2201982384325281,537588.0,0.13764899184457607,1978406.0,0.5065693269925303,2543866.0,0.6513549228920555,3371522.0,0.8632756019141216,3905499,0,0.5149577342622792,0.5185185185185185,3905499,0,0.4545371125140897,0.4375,3905499,0,-5.0087262643055455e-06,-0.0011554227777642156,3905494,5,-0.00042722892498865266,-0.0006358823714234796,3512184,393315,0.13753725196691147,-0.1442070591676891,3897812,7687,1.055496200515087,0.1928961854812058
primary_development_2022_2023_partial,s0_random_matched,20,3904539,118135.0,0.030255812529981132,2004051.0,0.5132618729125257,604194.0,0.15474144322799696,1503930.0,0.38517479272200894,1294934.0,0.3316483712930003,859515.0,0.22013226145263243,537386.0,0.137631100624171,1977548.0,0.5064741317733028,2546145.0,0.6520987496859424,3548507.0,0.9088158678911902,3904539,0,0.5148979815937819,0.5185185185185185,3904539,0,0.4544806591613837,0.4375,3904539,0,-1.4895245727136215e-05,-0.001155470665895681,3904532,7,-0.0004280287532889668,-0.0006383765582350098,3512549,391990,0.13933714295125604,-0.14372061786433843,3897912,6627,1.0528702130471828,0.19295438684190602
primary_development_2022_2023_partial,s0_random_matched,40,3902386,117793.0,0.030184866386872032,2004008.0,0.5135340276436006,604247.0,0.15484039764390298,1503970.0,0.38539754908919827,1295513.0,0.3319797170244051,859269.0,0.22019067309077062,537523.0,0.1377421403213316,1977094.0,0.5066372214332462,2543863.0,0.6518737510845929,3667199.0,0.9397325123655118,3902386,0,0.5149883751596287,0.5185185185185185,3902386,0,0.4545379810624588,0.4375,3902386,0,-1.8781552189434228e-05,-0.0011533166180460724,3902379,7,-0.0004282903048202248,-0.0006365918566870743,3510615,391771,0.1386061393965522,-0.14439710487141322,3897919,4467,1.051743990547869,0.19272189405858664
primary_development_2022_2023_partial,s0_random_matched,60,3900109,117666.0,0.030169926020016363,2004093.0,0.5138556383936962,604239.0,0.1549287468632287,1503909.0,0.3856069150887834,1293422.0,0.3316373978265736,858569.0,0.22013974481226037,536096.0,0.13745667108278256,1975522.0,0.5065299457015175,2542179.0,0.6518225516261212,3713104.0,0.9520513401035715,3900109,0,0.5149571907619779,0.5185185185185185,3900109,0,0.45455737046933836,0.4375,3900109,0,-1.989494829549542e-05,-0.0011525770992838946,3900101,8,-0.0004318055687191367,-0.0006389159091586549,3508033,392076,0.13682271660854947,-0.14461912620515938,3897835,2274,1.0515316228514875,0.19287938842347785
primary_development_2022_2023_partial,s0_random_matched,120,3893840,117761.0,0.030242896472376882,2001859.0,0.5141092083906889,603984.0,0.15511269081420911,1503124.0,0.3860261335853553,1292072.0,0.3318246255624268,857426.0,0.22020062457625378,535454.0,0.13751309761058492,1972983.0,0.5066933926406837,2537086.0,0.6515640087933762,3772603.0,0.9688644114806977,3893840,0,0.5149636602537873,0.5185185185185185,3893840,0,0.4546027326408517,0.4375,3893840,0,-1.8473106074797025e-05,-0.0011522252420639867,3893834,6,-0.00043227180284700933,-0.0006377456578650076,3502758,391082,0.13688386148267426,-0.1437557441440349,3893840,0,1.053147929357013,0.19316093128891632
primary_development_2022_2023_partial,s0_random_matched,240,3877727,117132.0,0.03020635542419567,1991721.0,0.5136310524180789,602443.0,0.15535982806422421,1498821.0,0.38652050544042943,1286951.0,0.331882827233583,853113.0,0.2200033679524113,532913.0,0.1374292207780486,1965310.0,0.5068201036328757,2525116.0,0.6511845728180452,3785506.0,0.9762177688114713,3877727,0,0.5149286634481932,0.5185185185185185,3877727,0,0.45453114155727753,0.4375,3877727,0,-1.532477385838371e-05,-0.0011493830589380935,3877721,6,-0.00043089808489438957,-0.0006380310574889414,3487793,389934,0.1393842378180955,-0.1446862996158771,3877727,0,1.054627501814856,0.1939890334125851
primary_development_2022_2023_partial,s0_strong_no_ma,10,1702966,682642.0,0.40085474401720295,881754.0,0.5177754576427245,256441.0,0.15058492066195098,652087.0,0.38291251851181995,712429.0,0.41834599164046726,513420.0,0.30148576072569855,422931.0,0.2483496440915438,841757.0,0.4942887879147323,777269.0,0.4564207388755853,1613974.0,0.9477429379095061,1702966,0,0.5705229970556255,0.5875,1702966,0,0.5484201371972167,0.5606060606060606,1702966,0,0.006875683680751241,0.0036044043858160365,1702929,37,0.006994398105406883,0.005228039407621843,1140896,562070,1.229318176316641,0.5562949790017563,1699526,3440,3.5069326981600453,0.4094469985753849
primary_development_2022_2023_partial,s0_strong_no_ma,20,1702247,682534.0,0.40096061264904564,881754.0,0.5179941571346579,256441.0,0.15064852515528004,652087.0,0.38307425420635194,712202.0,0.4183893406773518,513206.0,0.30148738696558136,422653.0,0.24829122918119403,841272.0,0.49421264951561084,776968.0,0.4564366980820057,1648773.0,0.9685862274981245,1702247,0,0.5705062138746653,0.5875,1702247,0,0.548454732975254,0.5606060606060606,1702247,0,0.0068489497543245586,0.003601376532493039,1702210,37,0.006995064036107709,0.005229801307756743,1140313,561934,1.2292137544376929,0.5563636363636364,1699526,2721,3.5069326981600453,0.4094469985753849
primary_development_2022_2023_partial,s0_strong_no_ma,40,1701255,682211.0,0.4010045525215209,881754.0,0.5182961989825159,256441.0,0.1507363681517468,652087.0,0.38329762440081,711851.0,0.4184269847847618,512936.0,0.3015044775768477,422308.0,0.24823321606696233,840719.0,0.49417577024020504,776498.0,0.45642657920182456,1667377.0,0.9800864655798219,1701255,0,0.5705017537707384,0.5875,1701255,0,0.5484889556417538,0.5606060606060606,1701255,0,0.006829243001076516,0.0035985561878539045,1701218,37,0.006992908804169204,0.005230313796277697,1139552,561703,1.2288974891687252,0.5563738621075114,1699526,1729,3.5069326981600453,0.4094469985753849
primary_development_2022_2023_partial,s0_strong_no_ma,60,1700405,681784.0,0.4009538903966996,881754.0,0.5185552853584882,256441.0,0.15081171838473775,652087.0,0.3834892275663739,711536.0,0.4184508984624251,512690.0,0.30151052249317073,422017.0,0.2481861674130575,840240.0,0.4941411016787177,776089.0,0.45641420720357795,1673580.0,0.984224346552733,1700405,0,0.5704975066579819,0.5875,1700405,0,0.5485010976623442,0.5606060606060606,1700405,0,0.006820586687972794,0.0035967729339030866,1700368,37,0.006990087471869047,0.005229417522940261,1138939,561466,1.2282709168277377,0.5562958027981346,1699526,879,3.5069326981600453,0.4094469985753849
primary_development_2022_2023_partial,s0_strong_no_ma,120,1697940,680430.0,0.40073854199795045,880871.0,0.5187880608266487,256363.0,0.15098472266393395,651759.0,0.3838527863175377,710619.0,0.418518322202198,511968.0,0.3015230220149122,421313.0,0.2481318538935416,838924.0,0.49408341873093276,774979.0,0.4564230773761146,1681383.0,0.9902487720414149,1697940,0,0.570490103694351,0.5875,1697940,0,0.5485369577434296,0.5606060606060606,1697940,0,0.006808242671607363,0.00359412614610117,1697903,37,0.006982694022568026,0.005226305316978541,1137236,560704,1.2274086561591366,0.5560081466395113,1697940,0,3.5021022228290986,0.4097848884608436
primary_development_2022_2023_partial,s0_strong_no_ma,240,1691522,677076.0,0.4002762009598456,876841.0,0.5183739850856212,255717.0,0.151175686748384,650011.0,0.3842758178728979,707886.0,0.41849056648391214,510071.0,0.3015455903026978,419558.0,0.24803579261753617,835608.0,0.49399771330198483,772072.0,0.45643627455037533,1678604.0,0.9923630907549532,1691522,0,0.5704803119015132,0.5875,1691522,0,0.5485582197222273,0.5606060606060606,1691522,0,0.006790811491220443,0.0035901042005626067,1691485,37,0.006971763840556177,0.005220470767458574,1132886,558636,1.2261754216165548,0.5553664956200981,1691522,0,3.504651400437775,0.4104013346632167
primary_development_2022_2023_partial,s1_break_reclaim_stable3,10,952519,70798.0,0.07432712628304528,476559.0,0.500314429423455,146840.0,0.15415965455807182,392664.0,0.4122374461821759,327205.0,0.3435154574344449,233375.0,0.24500823605618366,128122.0,0.13450860297799833,485951.0,0.5101746001917022,474625.0,0.49828402373076025,689372.0,0.7237356945110807,952519,0,0.5427802221086245,0.5555555555555556,952519,0,0.48811787177184157,0.484375,952519,0,0.0010967046409411203,0.0008024481067197325,952519,0,0.0024528644028824877,0.002043694205455804,673722,278797,0.8975549549703593,0.24678505817513785,951330,1189,1.3220773770828553,0.24808157288216326
primary_development_2022_2023_partial,s1_break_reclaim_stable3,20,644150,48375.0,0.07509896763176278,319184.0,0.49551191492664753,90081.0,0.13984475665605836,271694.0,0.42178685088876816,219891.0,0.3413661414266863,159992.0,0.24837693083909027,108346.0,0.1681999534269968,329267.0,0.5111651012962819,314947.0,0.4889342544438407,467002.0,0.7249895210742839,644150,0,0.5393777930624764,0.55,644150,0,0.4817126504396979,0.47368421052631576,644150,0,0.001499528881529624,0.0009196290502300647,644150,0,0.002532538570400091,0.0021166043597737882,456152,187998,1.0122413634240994,0.27075337208027195,643514,636,1.2641248067698283,0.30152675822137553
primary_development_2022_2023_partial,s1_break_reclaim_stable3,40,432563,32216.0,0.07447701259700899,209653.0,0.48467622057365056,46178.0,0.10675439184581205,183281.0,0.42370937874945386,144502.0,0.33406000975580435,107221.0,0.24787372012862866,79283.0,0.18328659640329847,220126.0,0.5088877227132232,210398.0,0.48639851304896625,315448.0,0.7292533110783863,432563,0,0.5371231566554188,0.55,432563,0,0.47468225157936145,0.46511627906976744,432563,0,0.0020376666593498486,0.0009803244654797323,432563,0,0.0024941081305770193,0.002060623384047666,306097,126466,1.075370671547423,0.27212020033388984,432223,340,1.2693393189349873,0.3542986627517315
primary_development_2022_2023_partial,s1_break_reclaim_stable3,60,347734,25751.0,0.0740537307252095,165786.0,0.47676097246746074,28096.0,0.08079739110929618,144151.0,0.4145438754910363,112835.0,0.32448653280956136,84911.0,0.24418377265381008,64728.0,0.18614228116893947,174691.0,0.5023696273588433,168293.0,0.4839705061915142,254549.0,0.7320221778715915,347734,0,0.5343369474197943,0.5432098765432098,347734,0,0.46848419864074087,0.45643153526970953,347734,0,0.002190497523621018,0.0009918627656884432,347734,0,0.0023183834735241355,0.0019267954923717356,245058,102676,1.08567761841776,0.27059120355597766,347604,130,1.326988339365227,0.3901154975938721
primary_development_2022_2023_partial,s1_break_reclaim_stable3,120,226979,17426.0,0.07677362222936923,107125.0,0.4719599610536658,12345.0,0.054388291427841344,62686.0,0.27617532899519337,73298.0,0.3229285528617185,57020.0,0.2512126672511554,45025.0,0.1983663686949013,113117.0,0.4983588790152393,109838.0,0.4839126086554263,167153.0,0.7364249556126338,226979,0,0.537670567663884,0.55,226979,0,0.4672508254044494,0.4556213017751479,226979,0,0.002915864920204038,0.0012986895904760765,226979,0,0.0025052032043487655,0.002039298291807823,160064,66915,1.1283235733471113,0.28698640317198676,226979,0,1.6524095775830678,0.5025260099393905
primary_development_2022_2023_partial,s1_break_reclaim_stable3,240,171376,12852.0,0.07499299785267483,78225.0,0.4564524787601531,22450.0,0.13099850620857062,65750.0,0.38365932219213894,55061.0,0.32128769489310055,42776.0,0.24960321165157315,33449.0,0.19517902156661376,85341.0,0.49797521239846887,82989.0,0.4842510036411166,125581.0,0.7327805527028288,171376,0,0.5366143445255424,0.55,171376,0,0.4660683225827016,0.45320197044334976,171376,0,0.003078713904828664,0.0012148419297458503,171376,0,0.002507436504840339,0.001953131289380905,121327,50049,1.1640258675003319,0.28862360141773524,171376,0,2.011080375063227,0.5381762660287219
primary_development_2022_2023_partial,s1_near_reversal,10,1262374,246248.0,0.19506738890376385,639605.0,0.5066683882906333,190345.0,0.15078336531012204,518932.0,0.41107627375088523,429511.0,0.34024068936781016,295812.0,0.23432992124362512,153707.0,0.1217602707280093,635866.0,0.5037065085307524,668673.0,0.5296948447924308,1183563.0,0.937569214828569,1262374,0,0.5370846412257431,0.55,1262374,0,0.48344833254258723,0.4772727272727273,1262374,0,0.0006550387095744695,0.0007316428541410142,1262374,0,0.0019157739091757414,0.0017923926404315171,914899,347475,0.6291461638515895,0.17741686001546797,1260903,1471,1.0667082488322386,0.22165463132972718
primary_development_2022_2023_partial,s1_near_reversal,20,867875,167756.0,0.19329511738441596,435881.0,0.5022393777905805,120042.0,0.13831715396802535,368015.0,0.4240414806279706,288188.0,0.332061644822123,201221.0,0.23185481780210285,129568.0,0.14929338902491718,432030.0,0.4978021028373902,451247.0,0.5199446924960391,814242.0,0.9382019300014403,867875,0,0.5303579893061815,0.5375,867875,0,0.47130965364655636,0.46,867875,0,0.0007230530459482862,0.0006832629648718998,867875,0,0.001780039532229255,0.0016368943679896386,629468,238407,0.7275491445292749,0.21435957619091783,867097,778,1.0330071908312832,0.2652707310691347
primary_development_2022_2023_partial,s1_near_reversal,40,587382,111116.0,0.18917161234086166,287804.0,0.4899775614506403,63596.0,0.10827025683456422,253442.0,0.43147730097279113,187984.0,0.32003704573854835,134152.0,0.22838970210186896,93896.0,0.15985508578744326,289737.0,0.4932684351920896,303648.0,0.516951489831149,551186.0,0.9383774102713396,587382,0,0.5260043044211178,0.5308641975308642,587382,0,0.4606019014121719,0.4444444444444444,587382,0,0.001000767226102214,0.0006235587618455966,587382,0,0.0016133865395706062,0.0014519156232255526,426274,161108,0.7723722886884687,0.23282664030090428,586988,394,1.0189592087119963,0.30385118899653096
primary_development_2022_2023_partial,s1_near_reversal,60,470627,87188.0,0.18525923927016513,224972.0,0.47802612259815097,38839.0,0.08252607691441417,201935.0,0.42907652982085603,146545.0,0.3113824748686327,106339.0,0.22595176222358684,76633.0,0.1628317117377456,229049.0,0.486689033990825,242646.0,0.5155802790745112,441543.0,0.9382015906439707,470627,0,0.5232769502502492,0.5308641975308642,470627,0,0.4541719203439133,0.43478260869565216,470627,0,0.0010401966555603655,0.0005955030856607187,470627,0,0.0014001092456623113,0.0012836260108435305,340923,129704,0.7872136608674507,0.2367430893493203,470487,140,1.060495319370315,0.3357629860443694
primary_development_2022_2023_partial,s1_near_reversal,120,305639,57607.0,0.18848052768134957,141725.0,0.4637006402978677,17416.0,0.0569822568454942,91876.0,0.3006029989628287,94264.0,0.3084161379928609,69902.0,0.22870772381796825,52987.0,0.1733646556885738,147177.0,0.48153867798284905,158113.0,0.5173194520332811,286266.0,0.9366147644770465,305639,0,0.5242201049014555,0.5308641975308642,305639,0,0.45127113377331646,0.43147208121827413,305639,0,0.0014684723411453955,0.0007654624291512888,305639,0,0.001432440924866462,0.0012893738221393392,221418,84221,0.8095702653189686,0.24699517494438183,305639,0,1.300451846024419,0.4271119841200677
primary_development_2022_2023_partial,s1_near_reversal,240,232989,42930.0,0.18425762589650155,105135.0,0.4512444793531025,30873.0,0.1325084016841997,90665.0,0.3891385430213444,71450.0,0.30666683834859154,53279.0,0.22867603191566985,39658.0,0.17021404443986626,111995.0,0.48068792947306527,120324.0,0.5164363982848976,217992.0,0.9356321543077141,232989,0,0.523776776220423,0.5308641975308642,232989,0,0.44984347411874964,0.4274193548387097,232989,0,0.001576587509750568,0.0007738524566030542,232989,0,0.0014074656922302754,0.0012323222567416359,169191,63798,0.8133338567124542,0.24402085955763342,232989,0,1.5319070252586415,0.4562581796232683
primary_development_2022_2023_partial,s1_touch_immediate,10,1229846,216632.0,0.17614563124163513,614085.0,0.4993186138752332,189762.0,0.1542973673126554,504842.0,0.4104920453455148,376635.0,0.3062456600257268,256679.0,0.20870824477210967,124444.0,0.10118665263780993,504822.0,0.41047578314683303,594654.0,0.4835190747459438,1216477.0,0.98912953329116,1229846,0,0.5240662838409855,0.5308641975308642,1229846,0,0.45363363695989084,0.4368932038834951,1229846,0,-0.000613119580830381,-0.0003915549217361389,1229846,0,0.0004320089118720931,8.803560715753278e-05,814368,415478,0.8699148431142452,0.32867132867132876,1228248,1598,1.9356642100802786,0.32380134151425466
primary_development_2022_2023_partial,s1_touch_immediate,20,832155,152391.0,0.18312814319447698,412065.0,0.49517818194927626,116060.0,0.13946920946217953,348565.0,0.4188702825795675,256159.0,0.30782606605740515,180206.0,0.2165534065168148,114006.0,0.13700091929989006,352109.0,0.4231291045538391,393197.0,0.47250452139325005,823363.0,0.9894346606101027,832155,0,0.5223034398417051,0.525,832155,0,0.45125076036224165,0.4297520661157025,832155,0,-0.0002525539122658369,-0.00024960840702530594,832155,0,0.0005196256426298347,6.53747291561313e-05,552823,279332,1.0091791152987752,0.38189765070114734,831302,853,1.7883000634270556,0.36866499118782126
primary_development_2022_2023_partial,s1_touch_immediate,40,559033,102275.0,0.1829498437480435,270923.0,0.4846279199975672,59255.0,0.10599553156969267,235124.0,0.420590555477047,168812.0,0.30197143996866016,122301.0,0.21877241593966726,85642.0,0.15319668069684617,238858.0,0.4272699464968973,261092.0,0.4670421960778702,553543.0,0.9901794706215912,559033,0,0.5204996668850599,0.525,559033,0,0.445507687824547,0.42,559033,0,0.0002301533911259306,-0.00017720133797062033,559033,0,0.00048448958347056397,-2.766634389261835e-05,371154,187879,1.0953512353646113,0.40404527434421356,558567,466,1.74767378769675,0.4181451008592041
primary_development_2022_2023_partial,s1_touch_immediate,60,447796,81558.0,0.1821320422692476,215282.0,0.4807590956596307,35482.0,0.07923697397922268,181956.0,0.4063368140849851,132734.0,0.29641622524542427,97608.0,0.2179742561344898,71511.0,0.1596954863375287,190050.0,0.4244120090398306,207913.0,0.46430294151801266,443421.0,0.9902299261270757,447796,0,0.5191190363675777,0.525,447796,0,0.44129330665360433,0.41379310344827586,447796,0,0.000447065603176379,-0.00013911453987709493,447796,0,0.0003635150351566937,-0.0001777980451324046,296678,151118,1.1443889020883982,0.4129799434919993,447622,174,1.808165145414944,0.45310131409737575
primary_development_2022_2023_partial,s1_touch_immediate,120,294388,54668.0,0.18570050409663438,139466.0,0.4737489299835591,15903.0,0.05402054431566504,79598.0,0.2703846624183051,86873.0,0.295096946886422,65648.0,0.22299822003614278,50148.0,0.17034661738929577,123895.0,0.42085614902781365,136038.0,0.4621044336046306,291730.0,0.9909710993654632,294388,0,0.5217407703900553,0.525,294388,0,0.4407060591270777,0.41379310344827586,294388,0,0.0009588514226425641,3.607080582455717e-05,294388,0,0.0004232667490550796,-0.00015785438889132086,194446,99942,1.1878458662196871,0.4220593292473238,294388,0,2.2315276157894792,0.5818862868700526
primary_development_2022_2023_partial,s1_touch_immediate,240,223115,41093.0,0.18417856262465546,102788.0,0.4606951572059252,28639.0,0.12835981444546535,84137.0,0.37710149474486254,65365.0,0.2929655110593192,49990.0,0.22405485960155078,37484.0,0.1680030477556417,93914.0,0.4209219460816171,102960.0,0.461466060103534,221112.0,0.9910225668377294,223115,0,0.5223158281050502,0.525,223115,0,0.44026934767489334,0.41040462427745666,223115,0,0.0011691448041275447,1.4540515657756464e-05,223115,0,0.00046944125277722116,-0.00019476934080642216,148004,75111,1.2412360856216078,0.4327454285410285,223115,0,2.7602983303944852,0.6308947289127838
primary_development_2022_2023_partial,s1_touch_reclaim,10,1123765,251391.0,0.2237042442147602,561464.0,0.4996275911778708,173457.0,0.15435344578270369,461774.0,0.41091687318967934,359975.0,0.32032942830574007,250706.0,0.22309468616659178,135835.0,0.12087491601891855,507766.0,0.4518435793960481,560697.0,0.4989450641370749,1123765.0,1.0,1123765,0,0.5332812808552065,0.5432098765432098,1123765,0,0.46833010009224896,0.456,1123765,0,0.0006168678407747701,0.0007046997026487426,1123765,0,0.002113043799141904,0.0018484254283894774,771727,352038,0.8134586351611888,0.28237976332645753,1122315,1450,1.6303612799494855,0.27307484817628036
primary_development_2022_2023_partial,s1_touch_reclaim,20,760523,174267.0,0.22914099902304072,376683.0,0.4952946853678324,105999.0,0.1393764554129198,318855.0,0.41925753724739423,244316.0,0.3212473521510855,174737.0,0.22975899479700154,119395.0,0.15699064985542843,349364.0,0.45937335228520376,370556.0,0.4872383872677092,760523.0,1.0,760523,0,0.5310629196155718,0.5375,760523,0,0.464741447345119,0.45081967213114754,760523,0,0.0010156355072931812,0.0008698600261692058,760523,0,0.002245871813729721,0.001935567343770206,522830,237693,0.9485212714207346,0.32826555102260946,759740,783,1.5132940754122262,0.322220365200629
primary_development_2022_2023_partial,s1_touch_reclaim,40,510072,116908.0,0.2291990150410138,247414.0,0.48505701155915243,53873.0,0.10561842249721608,214241.0,0.4200210950610894,160602.0,0.314861431327342,118039.0,0.2314163490644458,88024.0,0.17257171536567387,235110.0,0.4609349268338587,245860.0,0.48201038284791164,510072.0,1.0,510072,0,0.5295525901547584,0.5375,510072,0,0.45903066809459286,0.4418604651162791,510072,0,0.0015388520221332506,0.000948003820421415,510072,0,0.00225455429786167,0.0018929180801732226,350360,159712,1.030428279044746,0.34584061175750913,509651,421,1.4938372020510158,0.3731234088594706
primary_development_2022_2023_partial,s1_touch_reclaim,60,409107,92502.0,0.22610710645381282,196379.0,0.48001867482101257,32448.0,0.07931421364093012,166421.0,0.4067908884472766,126090.0,0.30820787715683184,94049.0,0.22988851327403345,72808.0,0.1779681110320772,186701.0,0.45636227197285795,196218.0,0.47962513474470003,409107.0,1.0,409107,0,0.5275124533887633,0.5375,409107,0,0.4539629358808667,0.4342105263157895,409107,0,0.0017524090423884464,0.0009705191745371291,409107,0,0.002114938619308481,0.0017464557222108823,280211,128896,1.0612525088984426,0.3556825015033074,408953,154,1.5555940988503283,0.4091354879877269
primary_development_2022_2023_partial,s1_touch_reclaim,120,267789,61726.0,0.2305023731370594,127187.0,0.4749522945303952,14408.0,0.05380355429087827,72271.0,0.2698803909047795,82126.0,0.3066817531713401,63018.0,0.2353270672058972,50828.0,0.18980615335207943,121241.0,0.45274824582040335,127963.0,0.4778500983983659,267789.0,1.0,267789,0,0.530508819962339,0.5375,267789,0,0.4533826438458445,0.4342105263157895,267789,0,0.0023730289911816217,0.001228411018097701,267789,0,0.002285273659557247,0.0018637960387954955,183132,84657,1.1071137505949626,0.36614862439215423,267789,0,1.930733337277918,0.5289045850387655
primary_development_2022_2023_partial,s1_touch_reclaim,240,202958,46354.0,0.22839208112023177,93362.0,0.46000650380866975,26235.0,0.1292631973117591,77085.0,0.37980764493146363,61904.0,0.30500891810128206,48023.0,0.23661545738527184,38179.0,0.1881128115176539,91977.0,0.4531824318331872,96704.0,0.4764729648498704,202958.0,1.0,202958,0,0.5309647580798681,0.5375,202958,0,0.4529099075376751,0.42995169082125606,202958,0,0.0026003377255601774,0.001218901065662683,202958,0,0.002329244303381565,0.0017788413034995898,139412,63546,1.1589426907096823,0.3757161055527125,202958,0,2.3804910059747235,0.5736735039036356
primary_development_2022_2023_partial,s2_first_touch_reclaim,10,6401,2067.0,0.3229182940165599,3622.0,0.5658490860802999,1487.0,0.23230745196063116,1903.0,0.2972972972972973,2824.0,0.4411810654585221,1674.0,0.2615216372441806,1390.0,0.21715356975472583,3010.0,0.47023902515231997,2821.0,0.4407123886892673,6401.0,1.0,6401,0,0.5484102117531799,0.5625,6401,0,0.5273168079912007,0.5378787878787878,6401,0,0.001640852897105218,0.0019227597189115692,6401,0,0.005346424806045681,0.00510989292254993,3913,2488,1.5882305259169502,0.5463331438317225,6294,107,8.258026012004159,0.6305429172161479
primary_development_2022_2023_partial,s2_first_touch_reclaim,20,36433,11003.0,0.302006422748607,21073.0,0.5784041939999451,8775.0,0.24085307276370324,12753.0,0.3500397990832487,14717.0,0.40394697115252653,9514.0,0.2611368813987319,9203.0,0.2526006642329756,17577.0,0.48244723190514094,14821.0,0.4068015260889853,36433.0,1.0,36433,0,0.5400977076812411,0.55,36433,0,0.5098357834903227,0.5098039215686274,36433,0,0.0023232858196858587,0.002038046661108319,36433,0,0.004447154551930417,0.004925498806771511,22520,13913,1.6298240550305831,0.7218009694946292,36313,120,2.916062590528582,0.612519690487614
primary_development_2022_2023_partial,s2_first_touch_reclaim,40,53867,14236.0,0.26428054281842317,28800.0,0.5346501568678411,10434.0,0.19369929641524494,21435.0,0.39792451779382554,18144.0,0.3368295988267399,13361.0,0.2480368314552509,13979.0,0.25950953273804,25385.0,0.4712532719475746,20493.0,0.38043700224627325,53867.0,1.0,53867,0,0.5313741841760615,0.5432098765432098,53867,0,0.4621419346535262,0.4393063583815029,53867,0,0.002987124035459297,0.001602877952828088,53867,0,0.0034085171371676837,0.003845477275890019,32302,21565,1.92006389236926,0.7938046720725266,53776,91,2.6375504243722765,0.7607100780188478
primary_development_2022_2023_partial,s2_first_touch_reclaim,60,49268,12953.0,0.262908987578144,25067.0,0.5087886660712836,7491.0,0.15204595274823415,21455.0,0.43547535925955994,15103.0,0.3065478606803605,12498.0,0.25367378420069825,13251.0,0.268957538361614,22733.0,0.4614151173175286,18743.0,0.3804294876999269,49268.0,1.0,49268,0,0.5281895311558722,0.5375,49268,0,0.44386600491814787,0.4070059600327217,49268,0,0.0038163050579190427,0.0017016771317122357,49268,0,0.0031135167360089645,0.0034759226913905206,29504,19764,2.029863651208726,0.8300585395265543,49223,45,2.8626860928508413,0.8973253222783133
primary_development_2022_2023_partial,s2_first_touch_reclaim,120,37290,9645.0,0.2586484312148029,18033.0,0.4835880933226066,3020.0,0.08098685974792169,11931.0,0.31995172968624297,10453.0,0.28031643872351836,9487.0,0.2544113703405739,10385.0,0.27849289353714135,16656.0,0.4466613032984714,13455.0,0.3608205953338697,37290.0,1.0,37290,0,0.5287497682495156,0.5375,37290,0,0.4293930136504051,0.38596491228070173,37290,0,0.00580675187851435,0.002334320882099635,37290,0,0.0035664157867645483,0.003415709929477928,21878,15412,2.3424386435927063,0.8751736160188457,37290,0,3.957178310326338,1.2452930988457613
primary_development_2022_2023_partial,s2_first_touch_reclaim,240,28255,7287.0,0.25790125641479383,13149.0,0.4653689612457972,2811.0,0.09948681649265617,9727.0,0.34425765351265264,7418.0,0.2625376039639002,7275.0,0.2574765528225093,7783.0,0.2754556715625553,12394.0,0.43864802689789417,10147.0,0.3591222792426119,28255.0,1.0,28255,0,0.5305313819688916,0.5375,28255,0,0.4204047250616227,0.36363636363636365,28255,0,0.007040301205126164,0.0023729964319565353,28255,0,0.0038432034866214978,0.003011795983850263,16726,11529,2.51998160688626,0.9015475449187934,28255,0,5.438358613517403,1.3882330670686822
primary_development_2022_2023_partial,s2_reclaim_acceleration,10,561464,125066.0,0.22274981120784235,561464.0,1.0,27051.0,0.04817940241938931,75213.0,0.1339587221976832,184600.0,0.32878332359688245,120616.0,0.21482410270293376,67042.0,0.11940569653619823,255303.0,0.4547094738041976,276307.0,0.49211881794736617,561464.0,1.0,561464,0,0.5312903681763338,0.5375,561464,0,0.4681975080535456,0.45588235294117646,561464,0,0.0006850307190822239,0.000757667205629531,561464,0,0.002103839709655848,0.0018405902174101207,385576,175888,0.8410049323649467,0.2887000799594315,561464,0,1.2133424394113805,0.1666393079475984
primary_development_2022_2023_partial,s2_reclaim_acceleration,20,376683,86568.0,0.2298165831747119,376683.0,1.0,13619.0,0.03615506938194715,40991.0,0.10882094493247638,126121.0,0.3348199945312106,83007.0,0.22036301080749596,58325.0,0.1548384185110557,174859.0,0.4642073042850354,181524.0,0.48190122729191387,376683.0,1.0,376683,0,0.5284844854973793,0.5375,376683,0,0.46663574866216473,0.453125,376683,0,0.0010535653551794523,0.0008915987649158116,376683,0,0.0022014480172737063,0.0019542392714644308,259765,116918,0.9769661894067653,0.33544571187156746,376683,0,1.1174606285857644,0.2022871718312953
primary_development_2022_2023_partial,s2_reclaim_acceleration,40,247414,58188.0,0.23518475106501652,247414.0,1.0,4714.0,0.019053085112402692,15540.0,0.06280970357376704,82149.0,0.3320305237375411,56420.0,0.22803883369574882,44444.0,0.17963413549758703,118763.0,0.4800172989402378,117755.0,0.4759431560057232,247414.0,1.0,247414,0,0.5314980890729043,0.5375,247414,0,0.46630719320092967,0.453125,247414,0,0.002080504765726436,0.0012091109063878827,247414,0,0.002499882138738888,0.0021159394788508035,170546,76868,1.095127053980997,0.35962355463216156,247414,0,1.2180637795510867,0.2677240318081433
primary_development_2022_2023_partial,s2_reclaim_acceleration,60,196379,47724.0,0.24301987483386717,196379.0,1.0,3012.0,0.015337688856751486,13900.0,0.0707814990401214,65519.0,0.3336354701877492,47906.0,0.24394665417381695,39238.0,0.19980751506016428,96227.0,0.49000656893048644,92538.0,0.4712214646168888,196379.0,1.0,196379,0,0.541013626161546,0.55,196379,0,0.47497141583740654,0.46511627906976744,196379,0,0.0030614679733321597,0.0016006304782512238,196379,0,0.0028937060885727848,0.002404744030265249,135176,61203,1.1720860827345714,0.38436146931333015,196379,0,1.4870109069531703,0.38114011766525757
primary_development_2022_2023_partial,s2_reclaim_acceleration,120,127187,32588.0,0.25622115467775797,127187.0,1.0,3280.0,0.025788799169726467,19597.0,0.15408021260034438,42396.0,0.3333359541462571,34644.0,0.2723863287914645,29645.0,0.23308199737394544,63569.0,0.4998073702501042,59017.0,0.46401754896333747,127187.0,1.0,127187,0,0.5580271969037062,0.575,127187,0,0.48638038440788556,0.4826086956521739,127187,0,0.005136738348625694,0.0026356080827388065,127187,0,0.0037765115702091275,0.002909585819907745,86543,40644,1.2846901305089655,0.40677466863033884,127187,0,2.485014248183777,0.722789949273317
primary_development_2022_2023_partial,s2_reclaim_acceleration,240,93362,23208.0,0.24858079304213707,93362.0,1.0,6208.0,0.06649386259934449,17842.0,0.191105588997665,30132.0,0.3227437287118956,24249.0,0.259730939782781,20682.0,0.22152481737751975,45349.0,0.4857329534500118,43616.0,0.46717079754075536,93362.0,1.0,93362,0,0.5483876777529384,0.5625,93362,0,0.4753735634419394,0.4626865671641791,93362,0,0.00454652882114075,0.002179794262674418,93362,0,0.0034537460689273805,0.0025832877840534785,63796,29566,1.3026979378218246,0.406003138442956,93362,0,2.8343880281991276,0.6246847122567873
primary_development_2022_2023_partial,s2_reclaim_breakout_recent,10,173457,39302.0,0.22658065111237943,27051.0,0.15595219564503018,173457.0,1.0,167236.0,0.9641352035374762,50107.0,0.2888727465596661,39732.0,0.22905965167159584,18757.0,0.10813631044005143,70998.0,0.40931181791452637,92071.0,0.5308001406688689,173457.0,1.0,173457,0,0.5299690936317109,0.5432098765432098,173457,0,0.449421439279935,0.43209876543209874,173457,0,-0.001388729806009831,-0.0004544968561017563,173457,0,0.001580371501923464,0.0014486121398646912,121407,52050,0.7766302395284517,0.2642595499738356,173457,0,4.973094840835609,1.1370421442139618
primary_development_2022_2023_partial,s2_reclaim_breakout_recent,20,105999,22609.0,0.21329446504212304,13619.0,0.12848234417305823,105999.0,1.0,103442.0,0.9758771309163294,28942.0,0.2730403117010538,22432.0,0.2116246379682827,12419.0,0.11716148265549675,40768.0,0.38460740195662224,55394.0,0.5225898357531675,105999.0,1.0,105999,0,0.5104819472440827,0.5185185185185185,105999,0,0.42472396154684516,0.4,105999,0,-0.0027426211565304793,-0.00130536754157538,105999,0,0.0009555242533817356,0.0007212932453515286,74286,31713,0.8273499226625777,0.2920481754538621,105999,0,3.8886216525923447,1.030802842382284
primary_development_2022_2023_partial,s2_reclaim_breakout_recent,40,53873,10149.0,0.18838750394446196,4714.0,0.0875020882445752,53873.0,1.0,50428.0,0.9360533105637332,13392.0,0.2485846342323613,8994.0,0.1669481929723609,4716.0,0.08753921259257884,18089.0,0.33577116551890557,28979.0,0.5379132403987155,53873.0,1.0,53873,0,0.47306646312440137,0.4625,53873,0,0.38110194572268485,0.3333333333333333,53873,0,-0.005412067576126582,-0.0030320570219703434,53873,0,-0.0008663200778896398,-0.0009628992143050352,38573,15300,0.7534588293236694,0.2832764505119454,53873,0,2.8810451942430784,0.762356246184696
primary_development_2022_2023_partial,s2_reclaim_breakout_recent,60,32448,5550.0,0.17104289940828402,3012.0,0.09282544378698225,32448.0,1.0,28302.0,0.8722263313609467,7741.0,0.2385663214990138,4918.0,0.1515655818540434,2630.0,0.08105276134122288,9885.0,0.3046412721893491,17496.0,0.5392011834319527,32448.0,1.0,32448,0,0.45249581666849603,0.4375,32448,0,0.36108493685873444,0.3026315789473684,32448,0,-0.006807629772836433,-0.0038038969613222434,32448,0,-0.0021815776016332975,-0.0021294903671276733,23174,9274,0.7676244704653428,0.2819324875748044,32448,0,2.7884975999300354,0.733298799419042
primary_development_2022_2023_partial,s2_reclaim_breakout_recent,120,14408,2402.0,0.1667129372570794,3280.0,0.22765130483064963,14408.0,1.0,9158.0,0.6356191004997224,3285.0,0.22799833425874513,1811.0,0.125694058856191,1001.0,0.0694752915047196,3892.0,0.2701277068295391,7781.0,0.540047196002221,14408.0,1.0,14408,0,0.4361452785146804,0.4125,14408,0,0.3376968736425842,0.26359832635983266,14408,0,-0.008004766208643512,-0.00509047344048463,14408,0,-0.0028502916703658514,-0.00297893738656424,10340,4068,0.7735093386509656,0.2988667372518331,14408,0,3.350577760690374,0.9951063372791773
primary_development_2022_2023_partial,s2_reclaim_breakout_recent,240,26235,5195.0,0.19801791499904708,6208.0,0.23663045549838002,26235.0,1.0,23531.0,0.8969315799504479,7043.0,0.2684581665713741,4995.0,0.19039451114922812,2933.0,0.11179721745759481,9496.0,0.36195921478940346,13193.0,0.5028778349533066,26235.0,1.0,26235,0,0.499026939556292,0.5,26235,0,0.4070251598685692,0.36548223350253806,26235,0,-0.002422272874969473,-0.0012784407696250707,26235,0,0.0003756750708954523,0.00021528868618081454,18071,8164,0.876499954554465,0.3143459915611815,26235,0,4.528883269468474,1.236715456000995
primary_development_2022_2023_partial,s2_reclaim_bull_stack,10,100611,21539.0,0.21408195922911014,11922.0,0.11849598950412976,55596.0,0.5525837135104511,98377.0,0.9777956684656747,27416.0,0.2724950552126507,22625.0,0.22487600759360307,10083.0,0.10021767003607955,39541.0,0.39300871674071425,51768.0,0.5145361839162715,99807.0,0.9920088260726958,100611,0,0.5246749198814972,0.5375,100611,0,0.438198021063447,0.4186046511627907,100611,0,-0.0016128343850738691,-0.0006633371044303862,100611,0,0.001256690649423829,0.0012122799041860421,67943,32668,0.7940330889526761,0.25395569620253156,100334,277,4.7268939165299075,1.0735788652150582
primary_development_2022_2023_partial,s2_reclaim_bull_stack,20,71246,12940.0,0.1816242315358055,7872.0,0.11049041349689807,35548.0,0.49894730932262865,69278.0,0.9723773966257755,17507.0,0.24572607584987227,12471.0,0.17504140583330993,4977.0,0.06985655335036353,23270.0,0.32661482749908766,36749.0,0.5158043960362687,70483.0,0.9892906268422087,71246,0,0.4820552347231623,0.475,71246,0,0.3944528942225959,0.3620689655172414,71246,0,-0.005531491340384928,-0.00338634994062579,71246,0,-0.0004581841389800039,-0.00047875175968592476,48230,23016,0.7760931422360511,0.2633100768131683,71086,160,3.374089342084953,0.8764678235357694
primary_development_2022_2023_partial,s2_reclaim_bull_stack,40,29835,4234.0,0.14191385956091837,2888.0,0.09679906150494386,9522.0,0.3191553544494721,28336.0,0.9497569968158204,6307.0,0.21139601139601139,3703.0,0.1241159711747947,1388.0,0.046522540640187696,8049.0,0.26978381096028153,15104.0,0.506251047427518,29338.0,0.9833417127534775,29835,0,0.4399677702673336,0.41975308641975306,29835,0,0.3414262609429291,0.29133858267716534,29835,0,-0.009027490972805885,-0.005807908717736723,29835,0,-0.0027785804237952455,-0.002710490832129153,20280,9555,0.7772174840654525,0.2877258141352166,29804,31,2.555310453835031,0.7483565554178455
primary_development_2022_2023_partial,s2_reclaim_bull_stack,60,13079,1561.0,0.11935163238779724,1719.0,0.1314320666717639,3839.0,0.29352396972245587,11961.0,0.9145194586742106,2471.0,0.1889288171878584,1217.0,0.09304992736447741,478.0,0.03654713663124092,3090.0,0.23625659454086703,6530.0,0.4992736447740653,12817.0,0.9799678874531692,13079,0,0.4051865137686573,0.37037037037037035,13079,0,0.3025366241040876,0.2413793103448276,13079,0,-0.011103854895605616,-0.007271277963691779,13079,0,-0.004555076110265159,-0.004316942193340223,8788,4291,0.7915697704020737,0.318872920643813,13071,8,2.658872337170251,0.8341221375001715
primary_development_2022_2023_partial,s2_reclaim_bull_stack,120,2467,305.0,0.12363194162950952,756.0,0.30644507498986623,694.0,0.2813133360356709,1849.0,0.7494933117146332,392.0,0.15889744629104174,161.0,0.06526145115524928,61.0,0.024726388325901905,425.0,0.1722740170247264,1196.0,0.4847993514389947,2429.0,0.984596676124848,2467,0,0.3950116225535089,0.3625,2467,0,0.2636672601545557,0.2,2467,0,-0.015080578440446293,-0.010945438365204698,2467,0,-0.006106919118239333,-0.006062626480761835,1602,865,0.8175580587374162,0.33438485804416396,2467,0,4.061623506949548,1.4430732672911324
primary_development_2022_2023_partial,s2_reclaim_bull_stack,240,361,39.0,0.10803324099722991,75.0,0.2077562326869806,140.0,0.3878116343490305,270.0,0.7479224376731302,62.0,0.17174515235457063,15.0,0.04155124653739612,4.0,0.0110803324099723,47.0,0.13019390581717452,164.0,0.45429362880886426,353.0,0.9778393351800554,361,0,0.38992596012448283,0.3625,361,0,0.23473141042882775,0.15736040609137056,361,0,-0.01797828049528619,-0.012844570839333411,361,0,-0.007572541983675571,-0.007026132286795939,220,141,0.8291287118030415,0.32220142353251646,361,0,6.16887956671427,2.3097542948149923
primary_development_2022_2023_partial,s2_reclaim_daily_trend,10,461774,96018.0,0.20793288491773032,75213.0,0.1628783777345628,167236.0,0.36215984442606125,461774.0,1.0,127109.0,0.27526235777674796,98158.0,0.21256718654579945,39767.0,0.08611788450627363,187958.0,0.40703461000402796,236036.0,0.5111504762069757,461774.0,1.0,461774,0,0.5230937467700155,0.5308641975308642,461774,0,0.4398556198262786,0.42028985507246375,461774,0,-0.0011348676534660774,-0.0004313056773656049,461774,0,0.0012230621641397725,0.001130739875225717,316577,145197,0.7494640591979274,0.2598222336725493,461774,0,2.8174172257452197,0.6343577726573295
primary_development_2022_2023_partial,s2_reclaim_daily_trend,20,318855,63820.0,0.20015367486788666,40991.0,0.12855686754167256,103442.0,0.32441705477411364,318855.0,1.0,83695.0,0.26248608301579085,64080.0,0.20096909253422401,32013.0,0.10039986827868466,125148.0,0.39249188502610904,160422.0,0.5031189725737404,318855.0,1.0,318855,0,0.5085569624027177,0.5125,318855,0,0.4204332071080277,0.3939393939393939,318855,0,-0.001877895625004415,-0.0008871408980091668,318855,0,0.0007874415746034604,0.0006545806796498521,218926,99929,0.8224994840866566,0.2930005704539661,318855,0,2.275810321109013,0.5845482157805568
primary_development_2022_2023_partial,s2_reclaim_daily_trend,40,214241,40382.0,0.1884886646346871,15540.0,0.07253513566497542,50428.0,0.23537978258129863,214241.0,1.0,53056.0,0.24764634220340645,38731.0,0.18078238992536444,19371.0,0.09041686698624446,79510.0,0.3711241078971812,107640.0,0.5024248393164708,214241.0,1.0,214241,0,0.49343855347858245,0.49382716049382713,214241,0,0.3979922968970685,0.3611111111111111,214241,0,-0.002772707495941237,-0.0014913121968868483,214241,0,3.130925059049361e-05,2.317304665688802e-05,147489,66752,0.8186865580518292,0.29698987376890007,214241,0,1.8117859228388662,0.4962180618608991
primary_development_2022_2023_partial,s2_reclaim_daily_trend,60,166421,27345.0,0.16431219617716514,13900.0,0.08352311306866321,28302.0,0.17006267237908676,166421.0,1.0,36013.0,0.2163969691325013,24047.0,0.14449498560878735,9496.0,0.05706010659712416,54852.0,0.3295978271972888,83922.0,0.5042753017948456,166421.0,1.0,166421,0,0.46867942513932964,0.4567901234567901,166421,0,0.3632114847226162,0.3181818181818182,166421,0,-0.004443302078661403,-0.002501946964350292,166421,0,-0.0012345108225822858,-0.001031415633521493,114195,52226,0.7846892853677709,0.28395061728395055,166421,0,1.5854602243603082,0.4079236856570194
primary_development_2022_2023_partial,s2_reclaim_daily_trend,120,72271,10681.0,0.14779095349448604,19597.0,0.27115993967151414,9158.0,0.12671749387721215,72271.0,1.0,12612.0,0.17450983105256604,7593.0,0.10506288829544354,2280.0,0.0315479237868578,19613.0,0.2713813286103693,38064.0,0.5266842855363839,72271.0,1.0,72271,0,0.43795373201790694,0.41975308641975306,72271,0,0.30931829133127975,0.24719101123595505,72271,0,-0.0077304438811020134,-0.004891050668343215,72271,0,-0.003259117823622117,-0.0027284464300908473,52364,19907,0.8223484161143775,0.2984612602474086,72271,0,1.9636279464234676,0.5515987740569979
primary_development_2022_2023_partial,s2_reclaim_daily_trend,240,77085,15868.0,0.20585068430952844,17842.0,0.23145877926963743,23531.0,0.30526042680158266,77085.0,1.0,20588.0,0.26708179282610106,16084.0,0.20865278588571057,10369.0,0.1345138483492249,30809.0,0.3996756826879419,37679.0,0.4887980800415126,77085.0,1.0,77085,0,0.5126248001044167,0.5185185185185185,77085,0,0.41736853901426846,0.38333333333333336,77085,0,-0.0006033469409827608,-0.0003424169849089616,77085,0,0.0008134613084363126,0.0006986860523081617,53400,23685,1.0273150463041436,0.3574761951683535,77085,0,3.1997699926235614,0.8973775396582806
primary_development_2022_2023_partial,s2_reclaim_positive_slope,10,536283,78311.0,0.14602551264910504,269376.0,0.5023019562432521,103844.0,0.19363656875194626,277642.0,0.5177154599344003,136268.0,0.25409718376305046,94034.0,0.17534398815550745,28805.0,0.05371231234255048,203948.0,0.3802992076944449,269586.0,0.5026935405373655,536283.0,1.0,536283,0,0.5075214453981683,0.5125,536283,0,0.4120522886043916,0.38461538461538464,536283,0,-0.0022819565742056326,-0.0012672897531997578,536283,0,-0.00027791985798468884,-6.44715935648188e-05,362592,173691,0.7157861557506344,0.2362249631760358,535654,629,2.2486378076934854,0.44957328796867313
primary_development_2022_2023_partial,s2_reclaim_positive_slope,20,373443,61034.0,0.16343591927014298,185233.0,0.4960141172816199,88860.0,0.2379479599296278,211302.0,0.5658212899960636,96022.0,0.2571262548769156,67792.0,0.18153238914640252,31810.0,0.08518033541932772,144586.0,0.3871701973259641,186476.0,0.4993426038244123,373443.0,1.0,373443,0,0.5003855567989157,0.5,373443,0,0.4080379046518921,0.375,373443,0,-0.0022691274430504085,-0.0011732068892344608,373443,0,-4.4174396804714555e-05,2.6764036781479206e-05,255978,117465,0.8072514513531834,0.27947770983968767,373116,327,1.917470000820046,0.4487158820069955
primary_development_2022_2023_partial,s2_reclaim_positive_slope,40,260789,45993.0,0.17636096614504446,87338.0,0.334899094670404,49268.0,0.18891901115461157,164354.0,0.6302182990847006,67941.0,0.26052095755572513,49917.0,0.19140761305116397,28555.0,0.10949464893074477,104075.0,0.3990774150750223,129476.0,0.49647799562098094,260789.0,1.0,260789,0,0.5039266217251912,0.5061728395061729,260789,0,0.41129220633880664,0.37662337662337664,260789,0,-0.0015775683088734697,-0.000792844320148841,260789,0,0.00016293098692519712,0.00016564862446299955,179824,80965,0.8699940898941426,0.3050816183464822,260627,162,1.6631761684167818,0.44170389156146883
primary_development_2022_2023_partial,s2_reclaim_positive_slope,60,208487,37026.0,0.17759380680809836,45347.0,0.21750516818794458,29561.0,0.1417882170111326,141404.0,0.6782389309645206,56149.0,0.2693165521111628,39582.0,0.18985356401118536,25845.0,0.12396456373778701,83058.0,0.3983845515547732,103076.0,0.4944001304637699,208487.0,1.0,208487,0,0.5004861206966433,0.5,208487,0,0.4111123413526874,0.37339055793991416,208487,0,-0.0011963172447122822,-0.0005785127108184247,208487,0,2.3184328807413477e-05,7.418967171202162e-05,142719,65768,0.8669393283414017,0.3115942028985508,208423,64,1.6001115948153495,0.44293903193887085
primary_development_2022_2023_partial,s2_reclaim_positive_slope,120,133850,26130.0,0.19521852820321256,44968.0,0.3359581621217781,8014.0,0.05987299215539783,31151.0,0.2327306686589466,35890.0,0.26813597310422116,26813.0,0.20032125513634666,19404.0,0.14496824803884945,54856.0,0.4098319013821442,65653.0,0.49049682480388496,133850.0,1.0,133850,0,0.5042396396832598,0.5,133850,0,0.41658925545012815,0.3815789473684211,133850,0,-0.0004662838913745143,-0.0002090619814769882,133850,0,0.0006106698917322977,0.00047679167392411514,91635,42215,0.9104546916973477,0.3280668612971549,133850,0,1.427206717020171,0.34622580491788835
primary_development_2022_2023_partial,s2_reclaim_positive_slope,240,102833,21499.0,0.20906712825649354,57176.0,0.5560082852780722,7453.0,0.07247673412231483,24126.0,0.23461340231248723,30729.0,0.29882430737214705,22504.0,0.2188402555599856,17501.0,0.17018855814767633,44493.0,0.4326723911584803,49641.0,0.48273414176383067,102833.0,1.0,102833,0,0.517719659455039,0.5185185185185185,102833,0,0.4376560871475833,0.4090909090909091,102833,0,0.0009527506020739516,0.000429220765746995,102833,0,0.0013375158557162128,0.001121702149665449,70655,32178,1.0435858057298424,0.35448444173276394,102833,0,1.8240496737541052,0.44998467116561347
primary_development_2022_2023_partial,s2_reclaim_recent_high,10,658158,658158.0,1.0,327862.0,0.49815089993588163,103654.0,0.15749105837807942,266983.0,0.4056518343619617,248250.0,0.3771890640241401,176465.0,0.26811950929715966,114443.0,0.17388377866712856,395462.0,0.6008617991424552,455595.0,0.6922273982843026,426147.0,0.647484342665439,658158,0,0.5527159223445862,0.5679012345679012,658158,0,0.5132362439055237,0.5142857142857142,658158,0,0.003007367854453462,0.0023337538571003473,658158,0,0.006038993495892724,0.005164273949172293,614685,43473,0.8729959436353711,0.3064609770257942,657175,983,0.668680667274614,0.09978882778826881
primary_development_2022_2023_partial,s2_reclaim_recent_high,20,442601,442601.0,1.0,218834.0,0.49442726067044585,61542.0,0.1390462289963195,180551.0,0.4079317489115479,171111.0,0.3866032837702581,124354.0,0.28096185955296077,96715.0,0.21851509598938998,267576.0,0.6045535369328131,297315.0,0.671744980241798,288779.0,0.6524589867623435,442601,0,0.5550415039535073,0.575,442601,0,0.5173661571933208,0.5217391304347826,442601,0,0.003856093145791434,0.002884620453797954,442601,0,0.006458768771334049,0.005523475410217138,411981,30620,0.9704727138508656,0.31967783057132926,442064,537,0.6365721749115515,0.15031797017515436
primary_development_2022_2023_partial,s2_reclaim_recent_high,40,296324,296324.0,1.0,144351.0,0.4871390774962541,30232.0,0.1020234608064146,118961.0,0.40145583887906483,114300.0,0.3857264345783669,84195.0,0.2841315586992616,70603.0,0.23826284742376588,179404.0,0.605431892118087,196511.0,0.6631626192950959,194287.0,0.6556573210404827,296324,0,0.5559568560548114,0.575,296324,0,0.5155258105422019,0.5196850393700787,296324,0,0.004728493093121972,0.0031898398850675773,296324,0,0.006696301080400377,0.005694624576603191,275428,20896,1.0251220415976352,0.3095112783059807,296031,293,0.6359733686209461,0.20397410153799722
primary_development_2022_2023_partial,s2_reclaim_recent_high,60,236267,236267.0,1.0,114873.0,0.4861999348195051,17816.0,0.0754062141560184,90219.0,0.38185188790647867,89066.0,0.37697181578468425,67143.0,0.2841827254758388,58091.0,0.24587013844506428,142143.0,0.6016202008744345,156012.0,0.6603207388251428,155073.0,0.6563464216331524,236267,0,0.5559662334311638,0.575,236267,0,0.5116953589062443,0.5145228215767634,236267,0,0.005162507701532382,0.003366340701276527,236267,0,0.006721086703921374,0.00565539284793215,219595,16672,1.0492717262586992,0.29895745280360675,236157,110,0.6717701304427859,0.2383912599928808
primary_development_2022_2023_partial,s2_reclaim_recent_high,120,154551,154551.0,1.0,75686.0,0.4897153690367581,7718.0,0.04993820809959172,37359.0,0.24172603218355107,57681.0,0.3732166081099443,44853.0,0.29021488052487526,40045.0,0.25910540857063363,92442.0,0.5981326552400179,101805.0,0.6587145990643866,102663.0,0.6642661645670361,154551,0,0.559562273622419,0.5802469135802469,154551,0,0.5111430936949789,0.5151515151515151,154551,0,0.006149286347020811,0.003980826944332143,154551,0,0.0071642662964601705,0.005976842542805061,143618,10933,1.0993842452121292,0.30354622936779707,154551,0,0.8760677398042783,0.33511066806119905
primary_development_2022_2023_partial,s2_reclaim_recent_high,240,115816,115816.0,1.0,54862.0,0.47369966153208537,14774.0,0.12756441251640532,42985.0,0.37114906403260345,43622.0,0.3766491676452304,33783.0,0.29169544795192376,30213.0,0.260870691441597,69551.0,0.6005301512744353,75856.0,0.6549699523381917,76549.0,0.6609535815431374,115816,0,0.5603679396842264,0.5802469135802469,115816,0,0.5136277228633,0.5189873417721519,115816,0,0.006303972035544098,0.003863178975397697,115816,0,0.007204210760526916,0.005905399179886417,107846,7970,1.1576913562034117,0.31547392516277906,115816,0,1.1008707967441644,0.37633947009446156
primary_development_2022_2023_partial,s4_auction_confirmed_reclaim,10,696383,176802.0,0.25388615172972345,348918.0,0.5010432477530324,98782.0,0.14185010260158562,267411.0,0.3839998966086191,248656.0,0.3570678778775473,193098.0,0.2772870676050392,113143.0,0.16247237511541782,696383.0,1.0,341869.0,0.49092094436538514,644298.0,0.9252063878641494,696383,0,0.5657540194506679,0.5802469135802469,696383,0,0.5171892719451386,0.5185185185185185,696383,0,0.0034453584975508173,0.0025061043024951443,696383,0,0.0034328706116740207,0.0028543590432719146,476562,219821,0.8981232849534407,0.3209817395562111,695504,879,1.1412550280649343,0.23359170886180303
primary_development_2022_2023_partial,s4_auction_confirmed_reclaim,20,463273,124171.0,0.26802986575949816,230948.0,0.4985138352548066,55962.0,0.12079702464853337,173935.0,0.3754481698696017,173605.0,0.37473584689804934,137435.0,0.2966609321069866,99965.0,0.21577989651889923,463273.0,1.0,219955.0,0.4747848460842743,432724.0,0.93405831982438,463273,0,0.5733425266433447,0.5925925925925926,463273,0,0.5286510541259024,0.5357142857142857,463273,0,0.0047690548362696,0.003212639959658762,463273,0,0.004146643368571227,0.0035137260854969377,315547,147726,1.0518484132281343,0.3741785032859868,462808,465,1.12420289618384,0.2817571055598521
primary_development_2022_2023_partial,s4_auction_confirmed_reclaim,40,308491,83627.0,0.2710840834902801,153757.0,0.49841648540800215,25121.0,0.0814318732151019,111335.0,0.3609019387923797,116026.0,0.37610821709547443,94262.0,0.3055583469209799,74408.0,0.2411999053456989,308491.0,1.0,143936.0,0.4665808726996898,289337.0,0.937910668382546,308491,0,0.5775902595513693,0.6,308491,0,0.5309601077413678,0.5396039603960396,308491,0,0.005881221762799535,0.0036432036062621037,308491,0,0.004464620404318416,0.0037410207776604754,209171,99320,1.1599651013609151,0.39365720811736793,308235,256,1.1583059440210073,0.3467656584744252
primary_development_2022_2023_partial,s4_auction_confirmed_reclaim,60,244714,66383.0,0.27126768390856265,123323.0,0.5039474652042792,13877.0,0.0567070130846621,79870.0,0.3263809998610623,91143.0,0.37244701978636285,75163.0,0.3071463013967325,61556.0,0.25154261709587517,244714.0,1.0,113514.0,0.46386393912894236,229942.0,0.9396356563171703,244714,0,0.579055416554816,0.6,244714,0,0.5300291996274394,0.5396825396825397,244714,0,0.006462585702829733,0.003906025495270476,244714,0,0.004540718078602853,0.0037771088335702974,165471,79243,1.1925787902349083,0.406131588012401,244628,86,1.2395046345828598,0.39443961932681304
primary_development_2022_2023_partial,s4_auction_confirmed_reclaim,120,158021,43839.0,0.2774251523531682,81016.0,0.5126913511495308,5430.0,0.034362521437024195,27519.0,0.17414773985736073,58684.0,0.3713683624328412,49887.0,0.3156985463957322,42670.0,0.2700274014213301,158021.0,1.0,72925.0,0.46148929572651737,148615.0,0.9404762658127718,158021,0,0.5851465836975439,0.6125,158021,0,0.5320375339919274,0.5432098765432098,158021,0,0.007646284725720429,0.004504128865386606,158021,0,0.004972292658583339,0.004082447775366926,106708,51313,1.262865210537226,0.4164711536521343,158021,0,1.6082046111783097,0.5287539140764907
primary_development_2022_2023_partial,s4_auction_confirmed_reclaim,240,119526,33066.0,0.2766427388183324,58054.0,0.485701855663203,13089.0,0.10950755484162442,41221.0,0.34487057209310107,43865.0,0.36699128223148103,37931.0,0.317345180128173,31611.0,0.2644696551377943,119526.0,1.0,55167.0,0.46154811505446514,112395.0,0.9403393403945585,119526,0,0.5857038852851392,0.6125,119526,0,0.5325331192878945,0.5432098765432098,119526,0,0.007589669439751005,0.0042481831001866584,119526,0,0.005013713341583074,0.00402142016823781,81189,38337,1.317415208486024,0.42346823423016056,119526,0,1.96559466692266,0.5746508839405039
primary_development_2022_2023_partial,s4_reclaim_amount_acceleration,10,1093792,244256.0,0.22331119627863433,544593.0,0.4978944808519353,171916.0,0.15717430736374008,454564.0,0.4155854129487142,354029.0,0.3236712281676955,246571.0,0.22542768643398378,135249.0,0.12365148035458295,496490.0,0.4539162839004125,567849.0,0.5191562929697785,1032664.0,0.9441136888914894,1093792,0,0.5343342758495279,0.5432098765432098,1093792,0,0.47059083313709893,0.4594594594594595,1093792,0,0.000674189213093802,0.0007517444950194433,1093792,0,0.0022180778778859017,0.001955381017459512,752954,340838,0.9819984576755985,0.4317328853386846,1092589,1203,1.681859878557221,0.3087521637830497
primary_development_2022_2023_partial,s4_reclaim_amount_acceleration,20,742529,169878.0,0.22878298356023805,366143.0,0.49310262629473056,105097.0,0.14153925301234027,313859.0,0.42268921483201327,240512.0,0.32390923452147996,172216.0,0.23193168212958687,118590.0,0.15971093384904833,342056.0,0.46066348923745737,373795.0,0.5034079477030526,706941.0,0.9520719056090738,742529,0,0.5320270165612799,0.5432098765432098,742529,0,0.4666596133675214,0.45454545454545453,742529,0,0.0010846749066712794,0.0009250864768265226,742529,0,0.0023446908285553224,0.0020436752693306914,510623,231906,1.0979607785278334,0.46065428824049515,741885,644,1.5555534137080378,0.3530440135923121
primary_development_2022_2023_partial,s4_reclaim_amount_acceleration,40,499377,114542.0,0.2293697947642763,241396.0,0.48339430930939953,53200.0,0.10653273979378305,210425.0,0.4213750332914812,158659.0,0.3177138714838689,116639.0,0.23356902700765153,87617.0,0.1754526139569904,230688.0,0.4619515916832373,247473.0,0.4955634720862194,477677.0,0.9565458561367464,499377,0,0.5305963134386097,0.5375,499377,0,0.46097257034588446,0.4444444444444444,499377,0,0.0016238200382712794,0.0010129824687884854,499377,0,0.002356500690940934,0.0020047824305329254,342698,156679,1.1671353979603631,0.4659285152728422,499033,344,1.5305005906284048,0.401461966485001
primary_development_2022_2023_partial,s4_reclaim_amount_acceleration,60,401147,90659.0,0.22599944658691204,192483.0,0.4798315829359312,32032.0,0.0798510271795626,162969.0,0.40625755645685996,124718.0,0.31090348425888764,92906.0,0.23160088446380006,72570.0,0.1809062513243275,183437.0,0.45728124602701753,196897.0,0.4908350305498982,385224.0,0.9603063216227468,401147,0,0.5283623751715966,0.5375,401147,0,0.45572034232153846,0.4375,401147,0,0.001843228765144227,0.0010378276688322334,401147,0,0.0022173501742442747,0.0018594731672332276,274177,126970,1.1910560622163437,0.4676258992805755,401024,123,1.5907633131255416,0.4353905324121953
primary_development_2022_2023_partial,s4_reclaim_amount_acceleration,120,262942,60618.0,0.2305375329920667,125502.0,0.4772991762441907,14264.0,0.054247704817031894,71174.0,0.2706832685535213,81306.0,0.30921648120117745,62433.0,0.2374401959367465,50678.0,0.19273451939971553,119367.0,0.45396703455514903,128335.0,0.4880734154300188,253849.0,0.9654182291151661,262942,0,0.5315849665503974,0.5432098765432098,262942,0,0.45522164723517583,0.4375,262942,0,0.0024792514791837374,0.0013088892833414923,262942,0,0.0023982931761570426,0.0019808546359464385,179534,83408,1.219720283635561,0.4650636420062749,262942,0,1.9703150994943373,0.5572128334306601
primary_development_2022_2023_partial,s4_reclaim_amount_acceleration,240,199064,45406.0,0.2280974962826026,91602.0,0.4601635654864767,26041.0,0.1308172246111803,76296.0,0.38327372101434715,61277.0,0.30782562391994533,47635.0,0.23929490013262067,38095.0,0.1913706144757465,90628.0,0.4552706667202508,96946.0,0.4870092030703693,191828.0,0.9636498814451634,199064,0,0.5322261400949193,0.5375,199064,0,0.4551599820397138,0.4342105263157895,199064,0,0.0027125854057753027,0.001302481003825599,199064,0,0.0024539518839434985,0.0019073866867249656,136721,62343,1.2754669082273242,0.47632933104631214,199064,0,2.4315212720246624,0.6043892996072254
primary_development_2022_2023_partial,s4_reclaim_volume_normal,10,1004259,219962.0,0.21902915482958082,502275.0,0.5001448829435434,155326.0,0.15466727208817646,413323.0,0.4115701228467955,347653.0,0.3461786252351236,242768.0,0.24173843600107145,128118.0,0.12757465952508268,579730.0,0.5772714011027036,1004259.0,1.0,792897.0,0.789534373104946,1004259,0,0.5401975368079984,0.55,1004259,0,0.48722750271158194,0.4827586206896552,1004259,0,0.0012107553162760824,0.0007380560684000237,1004259,0,0.0021167323083692313,0.0017571708213652837,1004259,0,0.17240804118157307,0.03457978109788695,1002984,1275,0.7533473828252717,0.14630677170604434
primary_development_2022_2023_partial,s4_reclaim_volume_normal,20,677308,144983.0,0.21405771081989286,335925.0,0.49597081386902264,95055.0,0.1403423553243133,285006.0,0.42079231309832454,234819.0,0.34669456141076144,166880.0,0.2463871680240009,110327.0,0.1628904427527801,389296.0,0.5747695287815883,677308.0,1.0,531552.0,0.7848010063368512,677308,0,0.5369532663148973,0.55,677308,0,0.4826421006947302,0.47530864197530864,677308,0,0.001598886704349947,0.0008771045913608987,677308,0,0.002163345970430077,0.001797982957566946,677308,0,0.18307442750206057,0.046009406741592374,676620,688,0.7305213443607333,0.19857539041212802
primary_development_2022_2023_partial,s4_reclaim_volume_normal,40,453881,95657.0,0.2107534794362399,220193.0,0.48513376854285595,48739.0,0.10738277213630885,191951.0,0.4229104104379782,155154.0,0.3418384995185963,112237.0,0.247282878111223,80835.0,0.17809734269555236,260265.0,0.5734212271498477,453881.0,1.0,356776.0,0.786056257036536,453881,0,0.5353188856593548,0.5432098765432098,453881,0,0.47671362150576196,0.4666666666666667,453881,0,0.0021462557810506618,0.0009484377237126244,453881,0,0.002113007789090958,0.0017480368291593607,453881,0,0.1851676941487999,0.04802259887005644,453510,371,0.7334253551522688,0.24877345434029485
primary_development_2022_2023_partial,s4_reclaim_volume_normal,60,363834,75516.0,0.2075561932089909,173843.0,0.4778085610470709,29548.0,0.08121286081014968,150216.0,0.4128696053694817,121233.0,0.3332096505549234,89026.0,0.24468851179384005,66823.0,0.18366342892637852,206644.0,0.5679623124831654,363834.0,1.0,285699.0,0.7852454690875509,363834,0,0.533271643578509,0.5432098765432098,363834,0,0.4707767714937946,0.45962732919254656,363834,0,0.002390449735533612,0.0010130284346149022,363834,0,0.001974188390449355,0.0016109952032193897,363834,0,0.18451354917123478,0.047724980463855315,363695,139,0.7667590820573764,0.2791869899032904
primary_development_2022_2023_partial,s4_reclaim_volume_normal,120,237130,50052.0,0.21107409437861088,111923.0,0.47199004765318603,12974.0,0.05471260490026568,65509.0,0.27625774891409777,78235.0,0.3299245139796736,59343.0,0.250255134314511,46236.0,0.19498165563193184,133331.0,0.5622696411251212,237130.0,1.0,186990.0,0.7885548011639185,237130,0,0.5365024791058673,0.55,237130,0,0.46927852438223255,0.4580152671755725,237130,0,0.003061075591026394,0.001307336983398754,237130,0,0.0021218897590833874,0.0017148438246308295,237130,0,0.1890832205028316,0.051947049997011385,237130,0,0.9748869178357192,0.3642888618217005
primary_development_2022_2023_partial,s4_reclaim_volume_normal,240,179659,37060.0,0.20627967427181493,82219.0,0.4576391942513317,23492.0,0.13075882644342893,68758.0,0.3827139191468282,58974.0,0.3282551945630333,45060.0,0.2508084760574199,34595.0,0.1925592372216254,100819.0,0.5611686584028632,179659.0,1.0,141107.0,0.7854157041951697,179659,0,0.5359832836438868,0.5432098765432098,179659,0,0.4681839588827249,0.45588235294117646,179659,0,0.0032015794011291056,0.001265468106277921,179659,0,0.0021350956029091185,0.0016937851613085808,179659,0,0.18911264231632002,0.050734945471787585,179659,0,1.1853294983050027,0.3895446655565342
primary_development_2022_2023_partial,s4_reclaim_volume_proxy,10,804909,242867.0,0.3017322455084985,401535.0,0.49885763483822393,120812.0,0.15009398577975896,320217.0,0.39783006526203585,293501.0,0.36463873555892656,211029.0,0.2621774635393566,130951.0,0.16269044078274686,435694.0,0.5412959725882056,396105.0,0.4921115306202316,675510.0,0.8392377274946609,804909,0,0.5542613153347565,0.5679012345679012,804909,0,0.5081459565364078,0.5064935064935064,804909,0,0.002549483966251467,0.002051664107515236,804909,0,0.004524737198838588,0.003578294696368056,557622,247287,0.9631905344630247,0.372907485474002,803935,974,1.198913829838506,0.21811102271869176
primary_development_2022_2023_partial,s4_reclaim_volume_proxy,20,533876,167318.0,0.31340236309555025,264369.0,0.49518802118844074,69997.0,0.13111096958844376,210440.0,0.39417392802823126,201360.0,0.37716623335755867,149727.0,0.2804527643123122,113178.0,0.2119930470746016,299477.0,0.5609486097895392,255892.0,0.47930980227618397,451013.0,0.8447898013770988,533876,0,0.5598582932605889,0.575,533876,0,0.5164545240394329,0.52,533876,0,0.003696242272089242,0.00269230868292666,533876,0,0.005101488526515744,0.004057156544811535,369433,164443,1.1060687143207486,0.405909797822706,533365,511,1.1721544728692554,0.26580113041497233
primary_development_2022_2023_partial,s4_reclaim_volume_proxy,40,352866,112484.0,0.3187725652230592,172746.0,0.48955127442145174,32445.0,0.0919470847290473,134733.0,0.38182482868851064,133479.0,0.37827107173828023,101829.0,0.2885769668939484,83647.0,0.23705032505256954,200662.0,0.5686634586500258,166607.0,0.4721537354123095,299551.0,0.8489086508759699,352866,0,0.5635693922352552,0.5802469135802469,352866,0,0.519118862016203,0.5255102040816326,352866,0,0.00474956866170424,0.00312509680735298,352866,0,0.005444517497148628,0.0042999144754028995,243022,109844,1.200456529824111,0.4174141291373308,352588,278,1.2174055836641866,0.3250586208271359
primary_development_2022_2023_partial,s4_reclaim_volume_proxy,60,280895,88667.0,0.3156588760924901,139245.0,0.49571904092276475,18366.0,0.0653838622972997,98112.0,0.34928354011285356,104792.0,0.3730646682924224,81092.0,0.2886915039427544,68918.0,0.24535146585022874,159624.0,0.5682692821160932,131812.0,0.46925719574930136,238783.0,0.8500792110931131,280895,0,0.5635154053984034,0.5802469135802469,280895,0,0.5169387645268783,0.5229885057471264,280895,0,0.005240752217332238,0.0033269947877211242,280895,0,0.005497710459767953,0.004266954337891038,193083,87812,1.2434819809995754,0.41989646005316916,280796,99,1.297071994932363,0.3660162921111342
primary_development_2022_2023_partial,s4_reclaim_volume_proxy,120,183081,59165.0,0.323162971580885,92302.0,0.5041593611570835,7620.0,0.04162092188703361,37458.0,0.20459796483523687,67891.0,0.3708249354111022,54535.0,0.29787361878075824,47811.0,0.26114670555655695,103772.0,0.5668092265172247,85609.0,0.467601771893315,156673.0,0.8557578339642017,183081,0,0.568582746228984,0.5925925925925926,183081,0,0.5181321245560084,0.5255102040816326,183081,0,0.006274232479494994,0.003888674222396171,183081,0,0.005863615121295867,0.00453720508166966,125536,57545,1.3058939168422241,0.4346666039877052,183081,0,1.6729068909462426,0.4975105194859777
primary_development_2022_2023_partial,s4_reclaim_volume_proxy,240,138636,44482.0,0.320854612077671,66210.0,0.4775815805418506,16622.0,0.11989670792579128,50396.0,0.3635130846244843,51249.0,0.3696658876482299,41664.0,0.30052800138492164,35749.0,0.25786231570443463,78747.0,0.5680126374101965,64883.0,0.46800975215672697,118085.0,0.851762889869875,138636,0,0.5700354616797482,0.5925925925925926,138636,0,0.5205383324049553,0.5283785856726492,138636,0,0.006305025299795869,0.0036622664185690457,138636,0,0.005855947521929808,0.004438870986202548,95794,42842,1.3742907300858367,0.441254598771635,138636,0,2.059428066503314,0.5513506658994751
primary_development_2022_2023_partial,s4_reclaim_vwap_support,10,902304,283165.0,0.3138243873461716,453691.0,0.5028139075078909,133636.0,0.14810529488952726,355559.0,0.39405677022378266,315200.0,0.3493279426889385,219113.0,0.24283722559137497,134621.0,0.14919694471043018,404996.0,0.4488465084938114,415360.0,0.46033265950278396,821649.0,0.9106121661878923,902304,0,0.5438570587485293,0.5555555555555556,902304,0,0.4912423968722387,0.4880952380952381,902304,0,0.002006450683610085,0.0016935061549407412,902304,0,0.005396503765882135,0.003513417498748228,581565,320739,0.8500751616260255,0.27866362946089596,901095,1209,1.5968848862932936,0.2712921592575033
primary_development_2022_2023_partial,s4_reclaim_vwap_support,20,597544,194845.0,0.326076406088924,297734.0,0.49826288942738944,77295.0,0.12935449105003147,234915.0,0.39313422944586507,217144.0,0.36339416009532355,156086.0,0.2612125634262916,117140.0,0.19603577309788064,280712.0,0.46977628425689155,265623.0,0.44452458731072525,544053.0,0.9104819059349605,597544,0,0.5499198703048364,0.5625,597544,0,0.5012684702233667,0.5,597544,0,0.0031747149523627606,0.002274362981524123,597544,0,0.005952982305097893,0.0038975298742278675,382300,215244,0.9888243922928918,0.3135936026508729,596908,636,1.5558138924720126,0.33754210430817333
primary_development_2022_2023_partial,s4_reclaim_vwap_support,40,394558,130654.0,0.331140161902686,194384.0,0.4926626757029385,35811.0,0.09076232138240765,151185.0,0.3831756040936947,143485.0,0.3636600956006468,106132.0,0.2689896035563846,86233.0,0.21855595375077935,187969.0,0.4764039760947693,171936.0,0.43576863224164764,358610.0,0.9088904546353135,394558,0,0.5539433033488265,0.5679012345679012,394558,0,0.5038698572907391,0.5,394558,0,0.004172841045489805,0.0026214766225115945,394558,0,0.006325657606237787,0.004095083621998286,250613,143945,1.0865968950823077,0.3238434163701067,394210,348,1.5804230956883336,0.41170280246822333
primary_development_2022_2023_partial,s4_reclaim_vwap_support,60,313373,103611.0,0.33063154770832204,155438.0,0.4960159298982363,20313.0,0.06482051740258414,111341.0,0.3552986377256496,112603.0,0.3593257874800956,84858.0,0.2707891235045776,71201.0,0.22720847041704295,148595.0,0.4741793326164028,134623.0,0.4295934876329486,284628.0,0.9082722506406103,313373,0,0.5544342881750312,0.5679012345679012,313373,0,0.502559924459697,0.5,313373,0,0.004659667912775855,0.002788621739627298,313373,0,0.006436686046283515,0.004086646119746407,197713,115660,1.1347135851285568,0.3281603621079858,313242,131,1.668680384654789,0.4667410204905633
primary_development_2022_2023_partial,s4_reclaim_vwap_support,120,203928,68899.0,0.3378594405868738,102207.0,0.5011915970342474,8598.0,0.04216193950806167,42543.0,0.20861774744027303,73265.0,0.359268957671335,57306.0,0.2810109450394257,49564.0,0.24304656545447412,96862.0,0.47498136597230395,87402.0,0.4285924443921384,185601.0,0.9101300458985524,203928,0,0.5604410905313597,0.5802469135802469,203928,0,0.5058945393255055,0.5052631578947369,203928,0,0.005676665867736601,0.003289542683825933,203928,0,0.006901310696162488,0.004373531209859394,128688,75240,1.2089157391959602,0.336965696031004,203928,0,2.1003659061855418,0.6201463882757086
primary_development_2022_2023_partial,s4_reclaim_vwap_support,240,154744,51923.0,0.33554128108359615,73741.0,0.4765354391769632,18731.0,0.12104508090782196,56163.0,0.36294137414051597,55580.0,0.35917386134518947,43705.0,0.282434213927519,37372.0,0.2415085560667942,73946.0,0.4778602078271209,66311.0,0.42852065346637025,140646.0,0.9088946905857416,154744,0,0.5617788567402212,0.5802469135802469,154744,0,0.5076180711190653,0.5057805399625769,154744,0,0.005798535363002092,0.0031653104019643647,154744,0,0.00685788294148476,0.004265781626314968,98122,56622,1.2562924075098592,0.3397101461329829,154744,0,2.5948279766982436,0.6858692741532292
supplemental_2023_09_legacy,cs_r3_leader_confirmation,10,11475,2516.0,0.21925925925925926,6803.0,0.5928540305010893,0.0,0.0,2803.0,0.24427015250544662,3170.0,0.2762527233115468,11475.0,1.0,11475.0,1.0,7307.0,0.6367755991285403,3607.0,0.3143355119825708,8892.0,0.7749019607843137,11475,0,0.8359105159678769,0.8414634146341463,11475,0,0.6896173195328179,0.6693877551020408,11475,0,0.006339510478854521,0.004511981107623957,11475,0,1.6730572863482496,0.8030664944605526,5526,5949,1.346437922043669,0.43555704575099985,11471,4,2.82662152077984,0.9080909246069746
supplemental_2023_09_legacy,cs_r3_leader_confirmation,20,9403,2416.0,0.25693927469956396,5568.0,0.5921514410294587,0.0,0.0,1956.0,0.20801871743060726,3345.0,0.3557375305753483,9403.0,1.0,9403.0,1.0,6122.0,0.6510688078272892,3413.0,0.3629692651281506,7609.0,0.8092098266510688,9403,0,0.835306842912082,0.8292682926829268,9403,0,0.7169787090539355,0.7142857142857143,9403,0,0.0076435458069627,0.005234314198261095,9403,0,1.6496459041925762,0.8109836015610841,5221,4182,1.4534404885324739,0.46808510638297873,9401,2,2.46667478968705,0.8524322020925366
supplemental_2023_09_legacy,cs_r3_leader_confirmation,40,6966,1934.0,0.27763422337065746,4124.0,0.5920183749641114,0.0,0.0,1218.0,0.1748492678725237,2943.0,0.42248062015503873,6966.0,1.0,6966.0,1.0,4525.0,0.6495836922193511,2553.0,0.3664944013781223,5746.0,0.8248636233132357,6966,0,0.837871053129144,0.8414634146341463,6966,0,0.7352846828114444,0.7435897435897436,6966,0,0.009013335045904727,0.005918851942844449,6966,0,1.6020208821890072,0.764110355611701,4044,2922,1.527948366218394,0.47438891111814485,6965,1,2.521520778457251,0.9165739680598675
supplemental_2023_09_legacy,cs_r3_leader_confirmation,60,5834,1707.0,0.292595131984916,3627.0,0.62170037709976,0.0,0.0,758.0,0.12992800822763112,2471.0,0.42355159410353105,5834.0,1.0,5834.0,1.0,3824.0,0.6554679465203976,2129.0,0.3649297223174494,4803.0,0.823277339732602,5834,0,0.8403137202438334,0.8414634146341463,5834,0,0.7357389150122764,0.743801652892562,5834,0,0.009958896409285278,0.006351319133042382,5834,0,1.591611495226495,0.7486894954484056,3418,2416,1.6653595930816625,0.5678002878849031,5834,0,2.7771737443508764,1.057607712697665
supplemental_2023_09_legacy,cs_r3_leader_confirmation,120,4477,1329.0,0.2968505695778423,2605.0,0.5818628545901273,0.0,0.0,470.0,0.10498101407192316,1842.0,0.4114362296180478,4477.0,1.0,4477.0,1.0,2920.0,0.6522224704042886,1689.0,0.3772615590797409,3768.0,0.8416350234532053,4477,0,0.8475841291806009,0.8536585365853658,4477,0,0.7365482537338945,0.7444444444444445,4477,0,0.011484777307101644,0.006975506661258932,4477,0,1.65536642366231,0.748912348323939,2653,1824,1.6693517048750905,0.4788418708240534,4477,0,3.3269299842773057,1.329255445804845
supplemental_2023_09_legacy,cs_r3_leader_confirmation,240,2980,863.0,0.2895973154362416,1700.0,0.5704697986577181,0.0,0.0,673.0,0.22583892617449663,1120.0,0.37583892617449666,2980.0,1.0,2980.0,1.0,1924.0,0.6456375838926175,1074.0,0.3604026845637584,2496.0,0.8375838926174497,2980,0,0.8474341136028922,0.8536585365853658,2980,0,0.7306469908926884,0.7333333333333333,2980,0,0.012538020583244913,0.0071512000537646055,2980,0,1.6274200856538263,0.7968288148556306,1756,1224,1.8883304748809797,0.5457010309258911,2980,0,4.1566538544688,1.3632125765451517
supplemental_2023_09_legacy,fu_r3_core_pullback,10,3486,794.0,0.22776821572002295,2215.0,0.6353987378083764,0.0,0.0,571.0,0.16379804934021802,3486.0,1.0,3486.0,1.0,3486.0,1.0,2002.0,0.5742971887550201,1029.0,0.29518072289156627,3486.0,1.0,3486,0,0.8160236765878814,0.7926829268292683,3486,0,0.8184384434241415,0.8214285714285714,3486,0,0.008296967570184298,0.005280470684062376,3486,0,1.750444562638575,0.8973367023207691,1503,1983,1.2638778472367698,0.49789983844911156,3485,1,3.8971974751782685,1.5601671915861246
supplemental_2023_09_legacy,fu_r3_core_pullback,20,3488,1047.0,0.30017201834862384,2237.0,0.6413417431192661,0.0,0.0,476.0,0.13646788990825687,3488.0,1.0,3488.0,1.0,3488.0,1.0,2203.0,0.6315940366972477,1405.0,0.40280963302752293,3488.0,1.0,3488,0,0.8211568583575768,0.8048780487804879,3488,0,0.8327729995937003,0.8421052631578947,3488,0,0.009381687830762766,0.006621507633415834,3488,0,1.7218592307275462,0.876033191182074,2100,1388,1.391257606382073,0.4827027571057132,3487,1,2.8503818477566587,1.078207800923753
supplemental_2023_09_legacy,fu_r3_core_pullback,40,3025,1002.0,0.3312396694214876,1915.0,0.6330578512396694,0.0,0.0,341.0,0.11272727272727273,3025.0,1.0,3025.0,1.0,3025.0,1.0,1973.0,0.6522314049586777,1287.0,0.4254545454545455,3025.0,1.0,3025,0,0.8296915944366143,0.8170731707317073,3025,0,0.8411322417839495,0.8524590163934426,3025,0,0.010839616507720747,0.007726140389122838,3025,0,1.5868018925491232,0.7574202218900683,1973,1052,1.4570481717321753,0.4946619217081851,3025,0,2.7708990716567423,1.0743752405785818
supplemental_2023_09_legacy,fu_r3_core_pullback,60,2491,897.0,0.36009634684865516,1654.0,0.6639903653151344,0.0,0.0,191.0,0.07667603372139703,2491.0,1.0,2491.0,1.0,2491.0,1.0,1614.0,0.6479325572059413,1051.0,0.4219189080690486,2491.0,1.0,2491,0,0.8309279258991005,0.8170731707317073,2491,0,0.844860135314513,0.8555555555555555,2491,0,0.012104190259569667,0.008232699501127497,2491,0,1.6421000769347198,0.777784288152255,1648,843,1.6283860930583922,0.6134892445766759,2491,0,3.069046946518006,1.204667832100633
supplemental_2023_09_legacy,fu_r3_core_pullback,120,1897,668.0,0.35213494992092775,1156.0,0.6093832366895098,0.0,0.0,108.0,0.05693199789140749,1897.0,1.0,1897.0,1.0,1897.0,1.0,1276.0,0.672641012124407,836.0,0.44069583552978386,1897.0,1.0,1897,0,0.8365455083122355,0.8292682926829268,1897,0,0.8435078843975342,0.8524590163934426,1897,0,0.014131242086517335,0.009359539314063497,1897,0,1.6154860150929935,0.7515351650444726,1267,630,1.6235231629274252,0.5118110236220472,1897,0,3.593033389992642,1.4703947218369393
supplemental_2023_09_legacy,fu_r3_core_pullback,240,1165,378.0,0.3244635193133047,689.0,0.5914163090128756,0.0,0.0,176.0,0.15107296137339055,1165.0,1.0,1165.0,1.0,1165.0,1.0,722.0,0.6197424892703862,493.0,0.4231759656652361,1165.0,1.0,1165,0,0.834795352245372,0.8292682926829268,1165,0,0.8459173044952173,0.8547008547008547,1165,0,0.014361306285872915,0.009036703312131446,1165,0,1.6232466942928916,0.7215920226736237,776,389,1.6481367100546078,0.5296543359611885,1165,0,4.125917567093109,1.4713286784417794
supplemental_2023_09_legacy,ht_r3_core_pullback,10,8226,2096.0,0.25480184779965964,4887.0,0.5940919037199125,0.0,0.0,1907.0,0.23182591782154147,2620.0,0.3185023097495745,8226.0,1.0,8226.0,1.0,6575.0,0.799294918550936,8226.0,1.0,5029.0,0.611354242645271,8226,0,0.8408585508174446,0.8414634146341463,8226,0,0.7100668080251873,0.7049180327868853,8226,0,0.007931682233129893,0.0053234313157097795,8226,0,1.6563235924619621,0.8175576833217415,8226,0,0.21454161895679683,0.09198621115695926,8223,3,1.3824171295631598,0.5759186009283828
supplemental_2023_09_legacy,ht_r3_core_pullback,20,7019,1870.0,0.26641971790853397,4167.0,0.5936743125801396,0.0,0.0,1330.0,0.18948568172104288,2886.0,0.41116968229092465,7019.0,1.0,7019.0,1.0,5509.0,0.7848696395497934,7019.0,1.0,4595.0,0.6546516597805955,7019,0,0.8390935405293696,0.8414634146341463,7019,0,0.7382042500734359,0.7518796992481203,7019,0,0.009167073989479307,0.0062253307720223265,7019,0,1.6437370990488027,0.8095334735961606,7019,0,0.24479351895359372,0.1299804049640758,7017,2,1.2841562116671386,0.5743932682035098
supplemental_2023_09_legacy,ht_r3_core_pullback,40,5278,1437.0,0.27226222053808263,3119.0,0.5909435392194012,0.0,0.0,863.0,0.16350890488821523,2560.0,0.4850322091701402,5278.0,1.0,5278.0,1.0,4114.0,0.7794619173929519,5278.0,1.0,3512.0,0.665403561955286,5278,0,0.8406269928557745,0.8414634146341463,5278,0,0.7584469197120011,0.7844036697247706,5278,0,0.010700317250713715,0.007145437803575994,5278,0,1.5672281511401387,0.7704482298791747,5278,0,0.23383312622176436,0.11784511784511786,5277,1,1.4256074362441316,0.645306562079738
supplemental_2023_09_legacy,ht_r3_core_pullback,60,4412,1223.0,0.2771985494106981,2760.0,0.6255666364460563,0.0,0.0,506.0,0.11468721668177698,2100.0,0.4759746146872167,4412.0,1.0,4412.0,1.0,3433.0,0.778105167724388,4412.0,1.0,2942.0,0.6668177697189483,4412,0,0.8441335161311936,0.8414634146341463,4412,0,0.7557745324853492,0.7777777777777778,4412,0,0.011613109928885028,0.00752829601234788,4412,0,1.5734270063880917,0.7524088894359118,4412,0,0.25770290011889696,0.13616398679332997,4412,0,1.569965197353359,0.7969241478359778
supplemental_2023_09_legacy,ht_r3_core_pullback,120,3450,979.0,0.283768115942029,2037.0,0.5904347826086956,0.0,0.0,300.0,0.08695652173913043,1596.0,0.46260869565217394,3450.0,1.0,3450.0,1.0,2731.0,0.7915942028985508,3450.0,1.0,2346.0,0.68,3450,0,0.851905266878771,0.8536585365853658,3450,0,0.7595034578174926,0.7798165137614679,3450,0,0.01325592068780746,0.008324489754440834,3450,0,1.6341083307602744,0.7474874644356493,3450,0,0.23381175480637387,0.1243974032497217,3450,0,1.96346220703773,0.9712759154146279
supplemental_2023_09_legacy,ht_r3_core_pullback,240,2253,605.0,0.2685308477585442,1309.0,0.5810031069684864,0.0,0.0,461.0,0.20461606746560143,985.0,0.4371948513093653,2253.0,1.0,2253.0,1.0,1761.0,0.7816245006657789,2253.0,1.0,1493.0,0.6626719928983578,2253,0,0.8507680815822873,0.8536585365853658,2253,0,0.7557778247014496,0.7714285714285715,2253,0,0.014378705401256086,0.008518838200748238,2253,0,1.6600708461049465,0.7870695469097082,2253,0,0.23919542422740564,0.12371995073171216,2253,0,2.406209885213356,1.0712223985318445
supplemental_2023_09_legacy,ng_r1_auction_reclaim,10,18296,4683.0,0.2559575863576738,11587.0,0.6333078268473984,0.0,0.0,3832.0,0.2094446873633581,18296.0,1.0,6018.0,0.3289243550502842,5022.0,0.2744862264975951,18296.0,1.0,9822.0,0.5368386532575427,14862.0,0.8123087013554875,18296,0,0.5531430300638792,0.5609756097560976,18296,0,0.6840700977841848,0.7058823529411765,18296,0,0.001680247357112987,0.0011660969033474404,18296,0,1.9016995467511464,1.0188934826059024,13630,4666,0.8278408823338127,0.29767810141768547,18290,6,1.0034220947617847,0.23226451476158427
supplemental_2023_09_legacy,ng_r1_auction_reclaim,20,14037,4119.0,0.29343876896772814,8895.0,0.6336824107715324,0.0,0.0,2741.0,0.1952696445109354,14037.0,1.0,5494.0,0.3913941725439909,5200.0,0.37044952625204813,14037.0,1.0,7469.0,0.5320937522262592,11862.0,0.8450523616157298,14037,0,0.5890521044556302,0.6097560975609756,14037,0,0.7101733111053171,0.7413793103448276,14037,0,0.0033439257504038083,0.0025512573886085025,14037,0,1.8853442067908375,1.0229278962174595,10814,3223,1.0346576163586747,0.37182928407375915,14032,5,0.9625734695024974,0.2822887105629278
supplemental_2023_09_legacy,ng_r1_auction_reclaim,40,9872,2990.0,0.30287682333873583,6345.0,0.642726904376013,0.0,0.0,1920.0,0.19448946515397084,9872.0,1.0,4059.0,0.41116288492706643,4096.0,0.41491085899513774,9872.0,1.0,5221.0,0.5288695299837926,8465.0,0.8574756888168558,9872,0,0.6043700834090939,0.6341463414634146,9872,0,0.7168925529000906,0.7486338797814208,9872,0,0.00482324376318399,0.0033359581963137964,9872,0,1.7298717159274248,0.9205620887918715,7635,2237,1.1130333661813696,0.35966386554621854,9870,2,1.0791589126937584,0.37736109074089075
supplemental_2023_09_legacy,ng_r1_auction_reclaim,60,8263,2556.0,0.30933075154302314,5324.0,0.64431804429384,0.0,0.0,1455.0,0.17608616725160353,8263.0,1.0,3355.0,0.4060268667554157,3380.0,0.40905240227520273,8263.0,1.0,4464.0,0.5402396224131671,7043.0,0.8523538666343943,8263,0,0.5975668790936962,0.6219512195121951,8263,0,0.7136365093895732,0.743801652892562,8263,0,0.005358008985505944,0.0034784127906944398,8263,0,1.7468216575785669,0.8829701774123608,6441,1822,1.1091490642773412,0.37186897880539505,8262,1,1.2299541698183996,0.4339751958897101
supplemental_2023_09_legacy,ng_r1_auction_reclaim,120,5639,1805.0,0.32009221493172546,3092.0,0.5483241709522965,0.0,0.0,839.0,0.14878524561092393,5639.0,1.0,2487.0,0.44103564461784006,2480.0,0.4397942897676893,5639.0,1.0,2985.0,0.5293491753857067,4787.0,0.8489093810959389,5639,0,0.619708562753303,0.6585365853658537,5639,0,0.7245954815020487,0.75,5639,0,0.00621946735745595,0.0038694741355622233,5639,0,1.7758924141757189,0.9711854222108802,4286,1353,1.044691956088299,0.35398560846004024,5639,0,1.5968773975144888,0.6068454177888771
supplemental_2023_09_legacy,ng_r1_auction_reclaim,240,3444,1074.0,0.3118466898954704,1958.0,0.5685249709639953,0.0,0.0,882.0,0.25609756097560976,3444.0,1.0,1439.0,0.4178281068524971,1534.0,0.4454123112659698,3444.0,1.0,1776.0,0.5156794425087108,2863.0,0.8313008130081301,3444,0,0.6100712444406726,0.6341463414634146,3444,0,0.7230654778017352,0.75,3444,0,0.00686117331415625,0.004185975566165588,3444,0,1.7222716267209262,0.8233352028308816,2601,843,1.1092850134730572,0.3975903614457832,3444,0,1.9962198591820477,0.642222259098385
supplemental_2023_09_legacy,ng_r3_volume_quality,10,50551,11180.0,0.22116278609720877,29800.0,0.589503669561433,0.0,0.0,15155.0,0.29979624537595695,18386.0,0.3637118949180036,11388.0,0.2252774425827382,6360.0,0.1258135348459971,27906.0,0.5520365571403137,50551.0,1.0,50551.0,1.0,50551,0,0.5471330330007084,0.5487804878048781,50551,0,0.48261013955591,0.4782608695652174,50551,0,0.0013902597207795277,0.0012298094440968761,50551,0,1.7571325228567631,0.8962229807347004,50551,0,0.22645219822460766,0.1115321151378108,50538,13,0.5517603801813017,0.039032182911997615
supplemental_2023_09_legacy,ng_r3_volume_quality,20,37408,8230.0,0.22000641573994867,21977.0,0.5874946535500428,0.0,0.0,11109.0,0.2969685628742515,13734.0,0.3671407185628742,9210.0,0.24620402053036783,6510.0,0.17402694610778444,20636.0,0.5516467065868264,37408.0,1.0,37408.0,1.0,37408,0,0.5528124934799178,0.5609756097560976,37408,0,0.48270777341568966,0.4725274725274725,37408,0,0.0015781129496648665,0.0014423252352628228,37408,0,1.7237171788513077,0.8918951137758264,37408,0,0.24194194382951426,0.12700537308121262,37397,11,0.5327640810725894,0.0716526808203124
supplemental_2023_09_legacy,ng_r3_volume_quality,40,25938,5656.0,0.21805844706608066,14762.0,0.5691263782866837,0.0,0.0,8291.0,0.3196468501812013,9865.0,0.3803300177345979,6323.0,0.24377361400262162,4946.0,0.19068548076181663,13731.0,0.5293777469349988,25938.0,1.0,25938.0,1.0,25938,0,0.5425164886624463,0.5487804878048781,25938,0,0.47985592366256113,0.46788990825688076,25938,0,0.0020225397279847175,0.001517197013651762,25938,0,1.7166192162521998,0.8539082175386818,25938,0,0.2465707377846732,0.13974875632906725,25931,7,0.5704882462283787,0.10947227895160938
supplemental_2023_09_legacy,ng_r3_volume_quality,60,21799,4830.0,0.2215697967796688,12565.0,0.5764025872746457,0.0,0.0,6826.0,0.31313362998302674,8260.0,0.3789164640579843,5314.0,0.2437726501215652,4141.0,0.18996284233221708,11347.0,0.5205284646084682,21799.0,1.0,21799.0,1.0,21799,0,0.5357736257760717,0.5487804878048781,21799,0,0.47386328065228595,0.4642857142857143,21799,0,0.0020341387270617394,0.0013976316688670727,21799,0,1.7231862261678605,0.8220578054607903,21799,0,0.24831188072277502,0.13637756665645107,21797,2,0.6117311937988584,0.1455996687299541
supplemental_2023_09_legacy,ng_r3_volume_quality,120,15179,3410.0,0.22465248040055338,7185.0,0.4733513406680282,0.0,0.0,5308.0,0.3496936557085447,5514.0,0.36326503722247844,3882.0,0.255748072995586,3090.0,0.20357072270900586,8069.0,0.5315896962909282,15179.0,1.0,15179.0,1.0,15179,0,0.5439768357759899,0.5487804878048781,15179,0,0.4744835954768413,0.46153846153846156,15179,0,0.0028094763659481403,0.0017714335670893531,15179,0,1.695974112647844,0.8541541575070459,15179,0,0.24288060241631493,0.13385826771653542,15179,0,0.8337196180464899,0.23756865117546622
supplemental_2023_09_legacy,ng_r3_volume_quality,240,10209,2201.0,0.2155940836516799,5028.0,0.49250661181310607,0.0,0.0,3970.0,0.38887256342442944,3440.0,0.3369575864433343,2479.0,0.24282495837006562,1997.0,0.19561171515329612,5233.0,0.5125869330982467,10209.0,1.0,10209.0,1.0,10209,0,0.5391835037950701,0.5487804878048781,10209,0,0.4628956556599189,0.4444444444444444,10209,0,0.0032396593077911326,0.0018314704705914859,10209,0,1.6907398165939573,0.9216945745302845,10209,0,0.24791931924818916,0.13273287508888365,10209,0,1.0771057830437043,0.2481908781617126
supplemental_2023_09_legacy,s0_distance_only,10,107398,13712.0,0.12767463081249186,63423.0,0.5905417233095588,0.0,0.0,31355.0,0.2919514329875789,34528.0,0.32149574479971693,19977.0,0.1860090504478668,8861.0,0.08250619192163727,44699.0,0.416199556788767,55741.0,0.5190133894485931,107069.0,0.9969366282426116,107398,0,0.5286045659205048,0.524390243902439,107398,0,0.44435533149494555,0.4222222222222222,107398,0,-0.000144655845633433,0.00020435025830292924,107398,0,1.7592110787582111,0.8945155660545429,76918,30480,0.5691467684567699,0.110190953074502,107371,27,1.183206763174589,0.13503387951024903
supplemental_2023_09_legacy,s0_distance_only,20,80921,11403.0,0.14091521360339096,47696.0,0.5894143670987754,0.0,0.0,23265.0,0.28750262601796817,26474.0,0.3271585867698125,16724.0,0.20667070352566083,10343.0,0.12781601809171908,35104.0,0.4338058106054053,41637.0,0.5145388712447944,80660.0,0.9967746320485412,80921,0,0.5346485174791029,0.5365853658536586,80921,0,0.4491087005647257,0.4230769230769231,80921,0,4.52545805598039e-05,0.000366601766193529,80921,0,1.748531149352617,0.9136591363487305,58941,21980,0.6895919882571048,0.144213649851632,80898,23,1.1006890297950898,0.14922927436725308
supplemental_2023_09_legacy,s0_distance_only,40,56678,8396.0,0.14813507886657962,32910.0,0.5806485761671195,0.0,0.0,17051.0,0.30083983203359327,19291.0,0.3403613394968065,12122.0,0.21387487208440664,8240.0,0.1453826881682487,24163.0,0.42632061822929535,29043.0,0.5124210452027241,56460.0,0.9961537104343837,56678,0,0.5304331529676828,0.5365853658536586,56678,0,0.4518618408954034,0.4262295081967213,56678,0,0.0003695972635953246,0.00042200804310192527,56678,0,1.7395183514064667,0.8882609428487306,41452,15226,0.7694416832016135,0.17552581672643575,56668,10,1.1374388260456194,0.1952245839079203
supplemental_2023_09_legacy,s0_distance_only,60,47562,7056.0,0.1483537277658635,27766.0,0.5837853748791052,0.0,0.0,14096.0,0.29637105252092005,16140.0,0.33934653715150753,10019.0,0.21065136032967496,7150.0,0.15033009545435433,19964.0,0.4197468567343678,24561.0,0.5163996467768387,47374.0,0.9960472646230184,47562,0,0.5260061065351398,0.524390243902439,47562,0,0.44688631657684375,0.42105263157894735,47562,0,0.00039261776523779853,0.0003491288997741498,47562,0,1.7186205643543004,0.8264750023688304,34717,12845,0.7740150498450503,0.1717171717171717,47558,4,1.2062255512741962,0.23135200776842957
supplemental_2023_09_legacy,s0_distance_only,120,32107,4950.0,0.15417198741707416,15249.0,0.47494315881272,0.0,0.0,10994.0,0.3424175413461239,10493.0,0.3268134674681534,7109.0,0.22141589061575356,5157.0,0.1606191796181518,13682.0,0.42613760239200177,16480.0,0.5132837076027035,31951.0,0.9951412464571588,32107,0,0.5311431972512649,0.5365853658536586,32107,0,0.4461817561709798,0.4117647058823529,32107,0,0.0007379959600235887,0.0004839372786850952,32107,0,1.695030003819462,0.8656467302268491,23323,8784,0.7693023412084236,0.18657453109575517,32107,0,1.5266919694164265,0.3453735508918634
supplemental_2023_09_legacy,s0_distance_only,240,21536,3233.0,0.1501207280832095,10587.0,0.4915954680534918,0.0,0.0,8261.0,0.3835902674591382,6665.0,0.30948179791976227,4629.0,0.2149424219910847,3411.0,0.15838595839524516,8823.0,0.40968610698365526,10964.0,0.5091010401188707,21429.0,0.9950315750371471,21536,0,0.5297459953611433,0.5365853658536586,21536,0,0.44065489730860885,0.40518204154567794,21536,0,0.0009542516854390183,0.0003932521347702896,21536,0,1.6630934020445984,0.8439008635919149,15622,5914,0.8397224925647049,0.1962622982252208,21536,0,1.870508940089791,0.37851674035990535
supplemental_2023_09_legacy,s0_liquidity_matched,10,1060771,43788.0,0.041279409033618,619635.0,0.5841364441524136,0.0,0.0,310612.0,0.29281720559856933,378436.0,0.3567556051211807,229660.0,0.21650290213439094,146862.0,0.1384483550172469,445887.0,0.42034237361315496,550017.0,0.5185068219248076,961279.0,0.9062078431631332,1060771,0,0.5211352713515341,0.524390243902439,1060771,0,0.45856217980843034,0.43636363636363634,1060771,0,5.1570858843620844e-05,-0.00026276462054208426,1060771,0,1.7316442160628274,0.8735303235342711,775201,285570,0.2982105432067685,-0.07692307692307687,1060771,0,1.9878754012104374,0.3099414448827167
supplemental_2023_09_legacy,s0_liquidity_matched,20,816888,34415.0,0.04212939839978063,470197.0,0.5755954304629276,0.0,0.0,241624.0,0.29578595841780025,300427.0,0.36777012270960036,177117.0,0.2168191967564709,115976.0,0.14197295100429924,349169.0,0.4274380331208195,427809.0,0.5237058201369098,759728.0,0.9300271273418143,816888,0,0.5211119935001217,0.524390243902439,816888,0,0.4622952204736917,0.4444444444444444,816888,0,8.717508976866027e-05,-0.00018038141115602358,816888,0,1.708403504666848,0.8576655817422912,605151,211737,0.3043970456838074,-0.07596153846153841,816888,0,2.006679250725161,0.30086324823721466
supplemental_2023_09_legacy,s0_liquidity_matched,40,605657,26192.0,0.043245599406925045,348160.0,0.5748468192392724,0.0,0.0,175166.0,0.28921650373065944,232029.0,0.38310297742781807,134481.0,0.2220415185492779,89459.0,0.14770571462065163,259227.0,0.4280095829817867,315304.0,0.5205982924328456,575505.0,0.9502160463760841,605657,0,0.5231669704219081,0.524390243902439,605657,0,0.47010945623099387,0.45714285714285713,605657,0,0.00011649807429351984,-0.00019371638647275877,605657,0,1.709104920994096,0.8334773170721048,447637,158020,0.30240521024613914,-0.07543520309477758,605657,0,1.9617115679262136,0.30339894396953193
supplemental_2023_09_legacy,s0_liquidity_matched,60,523784,23402.0,0.04467872252684313,305597.0,0.5834408840285309,0.0,0.0,152489.0,0.2911295495853253,201437.0,0.3845802850029783,115303.0,0.2201346356513372,76285.0,0.14564209674216852,221262.0,0.4224298565821025,271683.0,0.5186928199410444,502003.0,0.9584160646373314,523784,0,0.520676648314838,0.524390243902439,523784,0,0.4688780287937899,0.45714285714285713,523784,0,8.940620660285913e-05,-0.00025195086153897723,523784,0,1.7047289182078318,0.8251267719637194,386374,137410,0.305906066203373,-0.07305577376276517,523784,0,2.0578923167286294,0.3122998884754886
supplemental_2023_09_legacy,s0_liquidity_matched,120,391950,17173.0,0.04381426202321725,229968.0,0.586727898966705,0.0,0.0,113340.0,0.28916953693073094,149146.0,0.3805230258961602,84851.0,0.2164842454394693,57315.0,0.146230386528894,165157.0,0.42137262405919124,201301.0,0.5135884679168261,381098.0,0.9723127949993622,391950,0,0.5223064010777544,0.524390243902439,391950,0,0.46871691461163223,0.45454545454545453,391950,0,0.00017992927390770718,-0.00017291779311893497,391950,0,1.6700327512323463,0.7931592496212223,286254,105696,0.31536945804870536,-0.07069797479522827,391950,0,2.095722049054039,0.31476641547250606
supplemental_2023_09_legacy,s0_liquidity_matched,240,305350,13896.0,0.045508432945799905,181469.0,0.5942983461601441,0.0,0.0,88760.0,0.29068282299001147,113148.0,0.3705518257737023,65496.0,0.21449484198460783,45361.0,0.1485541182249877,127688.0,0.41816931390207956,155423.0,0.5089995087604389,300220.0,0.9831996070083511,305350,0,0.5195665909172454,0.524390243902439,305350,0,0.46572244695136195,0.45054945054945056,305350,0,0.00020208197903398805,-0.00011300761765090106,305350,0,1.6868818195837305,0.8304289463836128,220965,84385,0.32538305911947973,-0.060380365122804536,305350,0,2.256553693401712,0.3188039215897961
supplemental_2023_09_legacy,s0_random_matched,10,242602,5982.0,0.024657669763645806,142152.0,0.5859473541026042,0.0,0.0,70971.0,0.29254086940750695,77684.0,0.32021170476747923,49054.0,0.20219948722599154,31263.0,0.128865384456847,116279.0,0.4792994286939102,154945.0,0.6386798130270979,206162.0,0.8497951377152703,242602,0,0.5179109475903876,0.5121951219512195,242602,0,0.43478501569084255,0.39705882352941174,242602,0,3.247092635867636e-06,-0.00040666866451588915,242602,0,1.7521227098182006,0.9063821542506254,218174,24428,0.15538144026318373,-0.14297381268996168,242418,184,0.8597487228834609,0.08403627425441174
supplemental_2023_09_legacy,s0_random_matched,20,242493,6133.0,0.02529145171200818,142133.0,0.5861323832028141,0.0,0.0,70936.0,0.2925280317369986,77336.0,0.31892054616009535,48872.0,0.20153983826337254,31022.0,0.12792946600520427,116210.0,0.47923032829813644,154908.0,0.6388143162895423,216282.0,0.891910281946283,242493,0,0.5179185961918447,0.5121951219512195,242493,0,0.4345300167072823,0.39669421487603307,242493,0,-3.4729188706359874e-06,-0.0003932102971065665,242493,0,1.752741547261842,0.9070187686653066,217870,24623,0.15071130672654648,-0.1447882268266661,242336,157,0.8520200096958146,0.08395172855426725
supplemental_2023_09_legacy,s0_random_matched,40,242520,6080.0,0.025070097311561932,142175.0,0.5862403100775194,0.0,0.0,70984.0,0.2926933861124856,77581.0,0.31989526636978394,48963.0,0.2018926274121722,31171.0,0.12852960580570674,116058.0,0.4785502226620485,155030.0,0.6392462477321458,224295.0,0.9248515586343394,242520,0,0.5178664419932362,0.5121951219512195,242520,0,0.4346236169787424,0.3987730061349693,242520,0,1.369866581228386e-05,-0.00039354846080920554,242520,0,1.7533580566079043,0.909879209134681,218060,24460,0.16304344429304202,-0.1449874454260482,242413,107,0.8615117646322816,0.0832508987823295
supplemental_2023_09_legacy,s0_random_matched,60,242509,6108.0,0.025186694102074563,142187.0,0.5863163841341971,0.0,0.0,70978.0,0.29268192108334123,77572.0,0.31987266451966734,49038.0,0.20221105196095815,31137.0,0.12839523481602744,116292.0,0.47953684193163965,155252.0,0.6401906733358349,227453.0,0.9379157062212125,242509,0,0.5179753700868736,0.5121951219512195,242509,0,0.4349125188888664,0.39908256880733944,242509,0,1.5542544031938017e-05,-0.00040026065234196055,242509,0,1.75304806406064,0.908963191773495,217981,24528,0.15919156616599156,-0.13886025622146958,242459,50,0.8632313325289832,0.08301803450716716
supplemental_2023_09_legacy,s0_random_matched,120,242351,6100.0,0.02517010451782745,142107.0,0.5863685315926074,0.0,0.0,70974.0,0.2928562291882435,77422.0,0.3194622675375798,48939.0,0.20193438442589468,31126.0,0.12843355298719625,116254.0,0.47969267715008396,155162.0,0.6402366815074004,232080.0,0.9576193207372777,242351,0,0.5180051288239617,0.5121951219512195,242351,0,0.43479695704952626,0.39705882352941174,242351,0,4.5554123678272455e-06,-0.0003962679655447627,242351,0,1.75382194064864,0.9121111678242557,218058,24293,0.15001172673295185,-0.1441809950179644,242351,0,0.8506216502430589,0.0826491359890662
supplemental_2023_09_legacy,s0_random_matched,240,242168,6093.0,0.02516021935185491,141933.0,0.5860931254335833,0.0,0.0,70970.0,0.2930610154933765,77494.0,0.32000099104753726,49014.0,0.202396683294242,31279.0,0.12916239965643686,115931.0,0.478721383502362,155060.0,0.6402992963562486,235148.0,0.971011859535529,242168,0,0.5177606495309759,0.5121951219512195,242168,0,0.43478971099938285,0.39849624060150374,242168,0,1.735601305865963e-05,-0.0003993273535626658,242168,0,1.7547978817172754,0.9127946842045426,217968,24200,0.15353218032717753,-0.143739837331192,242168,0,0.8602775693362651,0.0827112247937718
supplemental_2023_09_legacy,s0_strong_no_ma,10,108608,39617.0,0.36477055097230404,66801.0,0.6150651885680612,0.0,0.0,28853.0,0.26566182969946966,46886.0,0.43169932233352976,32060.0,0.2951900412492634,26488.0,0.24388626988803772,51691.0,0.47594099882144963,49922.0,0.4596530642309959,102678.0,0.9453999705362405,108608,0,0.5807510249435699,0.5975609756097561,108608,0,0.547351896111756,0.5714285714285714,108608,0,0.004626166319127178,0.0030968266974430282,108608,0,1.7902044834829802,0.9610843784420069,74571,34037,1.263934919504282,0.5763747454175152,108556,52,3.0715537961830113,0.2655284546900718
supplemental_2023_09_legacy,s0_strong_no_ma,20,108604,39613.0,0.3647471548009281,66801.0,0.6150878420684321,0.0,0.0,28853.0,0.2656716143051821,46883.0,0.4316875989834629,32060.0,0.29520091341018745,26487.0,0.24388604471290193,51689.0,0.4759401127030312,49919.0,0.4596423704467607,104776.0,0.9647526794593201,108604,0,0.5807510795541647,0.5975609756097561,108604,0,0.5473504887853333,0.5714285714285714,108604,0,0.004626833652028768,0.003096975642740523,108604,0,1.7902697113765935,0.9612383227278608,74567,34037,1.263958096030708,0.5763747454175152,108556,48,3.0715537961830113,0.2655284546900718
supplemental_2023_09_legacy,s0_strong_no_ma,40,108593,39603.0,0.3646920151390974,66801.0,0.6151501477995819,0.0,0.0,28853.0,0.26569852568765945,46880.0,0.431703700975201,32057.0,0.2952031898925345,26486.0,0.24390154061495675,51683.0,0.4759330711924341,49911.0,0.4596152606521599,106050.0,0.9765822843093017,108593,0,0.5807591469871773,0.5975609756097561,108593,0,0.5473606280396777,0.5714285714285714,108593,0,0.004626941424810292,0.003096727138283063,108593,0,1.7904495026485059,0.9614374957600027,74557,34036,1.2639997086342236,0.5762946552201607,108556,37,3.0715537961830113,0.2655284546900718
supplemental_2023_09_legacy,s0_strong_no_ma,60,108568,39591.0,0.364665463119888,66801.0,0.6152917986883797,0.0,0.0,28853.0,0.2657597082013116,46872.0,0.4317294230344116,32046.0,0.29516984746886743,26478.0,0.24388401739002286,51669.0,0.4759137130646231,49901.0,0.4596289882838405,106425.0,0.9802612187753298,108568,0,0.5807400015456021,0.5975609756097561,108568,0,0.5473681997733225,0.5714285714285714,108568,0,0.004620051073003408,0.003095159404127686,108568,0,1.7908590628027834,0.9622738895709633,74537,34031,1.2639535153261263,0.5762859633827375,108556,12,3.0715537961830113,0.2655284546900718
supplemental_2023_09_legacy,s0_strong_no_ma,120,108523,39565.0,0.3645770942565171,66772.0,0.6152797102918275,0.0,0.0,28853.0,0.26586990776148833,46852.0,0.431724150640878,32029.0,0.2951355933765193,26469.0,0.24390221427715783,51649.0,0.4759267620688702,49879.0,0.45961685541313824,106978.0,0.985763386563217,108523,0,0.5807254975510237,0.5975609756097561,108523,0,0.5473477365748559,0.5714285714285714,108523,0,0.0046211508249620024,0.003096221147704212,108523,0,1.7915994237896504,0.9641112911413092,74507,34016,1.2640007236588164,0.5762240752619201,108523,0,3.0722019843733577,0.26568694755009203
supplemental_2023_09_legacy,s0_strong_no_ma,240,108447,39532.0,0.36452829492747607,66703.0,0.6150746447573469,0.0,0.0,28848.0,0.2660101247614042,46810.0,0.43163941833337943,32008.0,0.2951487823545142,26447.0,0.2438702776471456,51622.0,0.47601132350364694,49842.0,0.459597775872085,107442.0,0.9907328003540901,108447,0,0.5807422620963143,0.5975609756097561,108447,0,0.5473032993312358,0.5714285714285714,108447,0,0.0046216738211100295,0.0030968945302161798,108447,0,1.7919840308646824,0.9650131596707197,74455,33992,1.2638715572707355,0.5760517799352751,108447,0,3.073093660365417,0.26569978570428887
supplemental_2023_09_legacy,s1_break_reclaim_stable3,10,61986,4068.0,0.06562772238892653,36840.0,0.5943277514277417,0.0,0.0,18375.0,0.29643790533346237,21230.0,0.3424966928016004,14772.0,0.2383118768754235,8348.0,0.134675571903333,30445.0,0.4911592940341367,30027.0,0.48441583583389797,43833.0,0.7071435485432195,61986,0,0.5534161726526573,0.5609756097560976,61986,0,0.48264150454120647,0.4777777777777778,61986,0,0.001342468982638445,0.0012886449633728264,61986,0,1.7510815963918787,0.8843063839618664,43913,18073,1.0010668025807274,0.2677459526774595,61970,16,1.2371258062111163,0.1700071304761367
supplemental_2023_09_legacy,s1_break_reclaim_stable3,20,45606,2910.0,0.06380739376397843,26799.0,0.5876200499934219,0.0,0.0,13432.0,0.29452265052843923,15726.0,0.344823049598737,11754.0,0.25772924615182213,8080.0,0.17716967065736963,22478.0,0.49287374468271716,22152.0,0.48572556242599657,32321.0,0.7087006095689163,45606,0,0.5598041229063571,0.573170731707317,45606,0,0.48434939760660917,0.47706422018348627,45606,0,0.0015081606450897105,0.001396835521918027,45606,0,1.7419112073511753,0.8987167166063744,32856,12750,1.1036327064320859,0.293804927449967,45594,12,1.165319276460942,0.20229193227997044
supplemental_2023_09_legacy,s1_break_reclaim_stable3,40,31943,2044.0,0.06398898037128635,18448.0,0.5775287230379113,0.0,0.0,9911.0,0.31027142096860033,11372.0,0.35600914128291017,8237.0,0.25786557305199886,6209.0,0.19437748489496917,15054.0,0.47127696208872055,15369.0,0.4811382775568982,22813.0,0.7141783802398022,31943,0,0.5492955057904064,0.5609756097560976,31943,0,0.47983846182779133,0.4700854700854701,31943,0,0.001966788991932986,0.001470342544449622,31943,0,1.7345190306656764,0.873293859631209,23020,8923,1.1637167778083088,0.2926267188682169,31937,6,1.177283421648663,0.2484405784627337
supplemental_2023_09_legacy,s1_break_reclaim_stable3,60,26494,1807.0,0.06820412168792934,15306.0,0.5777157092171813,0.0,0.0,8102.0,0.3058050879444402,9406.0,0.35502377896882314,6787.0,0.25617120857552655,5157.0,0.19464784479504793,12459.0,0.4702574167736091,12919.0,0.4876198384539896,18798.0,0.7095191364082434,26494,0,0.5450686487690632,0.5609756097560976,26494,0,0.47619995349481203,0.4666666666666667,26494,0,0.002052480406013949,0.0013828966049066176,26494,0,1.7266845182691974,0.826006201221387,19078,7416,1.166720035052472,0.30813835026901937,26491,3,1.250748165258303,0.29891015483536654
supplemental_2023_09_legacy,s1_break_reclaim_stable3,120,18555,1278.0,0.06887631366208569,8821.0,0.47539746699002966,0.0,0.0,6354.0,0.34244139046079225,6292.0,0.3390999730530854,4932.0,0.26580436540016167,3875.0,0.2088385879816761,8832.0,0.4759902991107518,9005.0,0.485313931554837,13281.0,0.7157639450282942,18555,0,0.550762729130924,0.5609756097560976,18555,0,0.4742013016854787,0.46122448979591835,18555,0,0.0027566591688871806,0.001732358109113655,18555,0,1.70551638512581,0.8464963007218997,13253,5302,1.1731727316471814,0.315820895522388,18555,0,1.601752462137145,0.4155092420301518
supplemental_2023_09_legacy,s1_break_reclaim_stable3,240,12483,812.0,0.06504846591364255,6191.0,0.4959544981174397,0.0,0.0,4757.0,0.3810782664423616,4011.0,0.32131699110790674,3191.0,0.2556276536089081,2475.0,0.19826964671953856,5655.0,0.45301610189858205,5978.0,0.47889129215733395,8981.0,0.7194584635103741,12483,0,0.5461906241268573,0.5609756097560976,12483,0,0.4659303979068985,0.44594594594594594,12483,0,0.0032261169980754086,0.0016825673666981513,12483,0,1.6830274408017873,0.8833976968221489,8879,3604,1.2813143370636875,0.34828930969324157,12483,0,2.077236419613706,0.4531214020896184
supplemental_2023_09_legacy,s1_near_reversal,10,85074,16272.0,0.19126877776994147,50808.0,0.5972212426828408,0.0,0.0,25342.0,0.29788184404165785,29137.0,0.34249006747067257,19199.0,0.22567411900228038,11048.0,0.1298634130286574,41576.0,0.4887039518536803,43413.0,0.5102969179772904,80082.0,0.9413216728965371,85074,0,0.5495938399682933,0.5609756097560976,85074,0,0.47939582296809763,0.47058823529411764,85074,0,0.0012062127326041042,0.0014084022615868269,85074,0,1.7370691775939038,0.8693353851128077,61338,23736,0.7374507384799271,0.20238255059233357,85057,17,0.9684124141351118,0.15733356115282393
supplemental_2023_09_legacy,s1_near_reversal,20,64287,12515.0,0.19467388430009178,38240.0,0.5948325477934886,0.0,0.0,19210.0,0.29881624589730427,21691.0,0.337408807379408,15347.0,0.23872633658437942,10510.0,0.16348561917650536,31237.0,0.4858991709054708,32612.0,0.5072876320251373,60763.0,0.9451833185558511,64287,0,0.5511272430377756,0.5609756097560976,64287,0,0.4727631369450044,0.45555555555555555,64287,0,0.0011977749470027657,0.0014445884801846942,64287,0,1.7274699785610708,0.8960286611948911,46892,17395,0.84116074701177,0.23601728854029713,64273,14,0.9225395931039422,0.18326854061744746
supplemental_2023_09_legacy,s1_near_reversal,40,45149,8631.0,0.19116702474030434,26221.0,0.5807659084365102,0.0,0.0,14451.0,0.32007353429754815,15509.0,0.34350705441980994,10724.0,0.23752464063434406,7869.0,0.1742895745199229,21023.0,0.46563600522713683,22819.0,0.5054154023344924,42639.0,0.9444062991428381,45149,0,0.5410813193604346,0.5487804878048781,45149,0,0.46703311691285293,0.4462809917355372,45149,0,0.0014627672038109362,0.0014170680244325372,45149,0,1.7118567596093173,0.8509989791466208,32891,12258,0.8601197986578217,0.24665856622114224,45139,10,0.9363950704525977,0.21666564118267795
supplemental_2023_09_legacy,s1_near_reversal,60,37870,7359.0,0.19432268286242407,21936.0,0.5792447847900712,0.0,0.0,12132.0,0.32035912331660943,12973.0,0.3425666754687087,8781.0,0.23187219434908898,6623.0,0.17488777396355953,17394.0,0.45930815949300235,19281.0,0.509136519672564,35849.0,0.9466332189067864,37870,0,0.5339016017569621,0.5487804878048781,37870,0,0.4592939433380397,0.4342105263157895,37870,0,0.0014189340454806689,0.0012550590553364704,37870,0,1.7004902065839775,0.8126225254248551,27648,10222,0.867031782853311,0.25777724942279157,37867,3,0.9990954835053061,0.2537777495357729
supplemental_2023_09_legacy,s1_near_reversal,120,26170,5086.0,0.19434466946885748,12120.0,0.4631257164692396,0.0,0.0,9784.0,0.3738632021398548,8522.0,0.32564004585403133,6285.0,0.24016048910966756,4722.0,0.18043561329766908,12073.0,0.46132976690867405,13267.0,0.5069545280855942,24839.0,0.9491402369124953,26170,0,0.5372433525634375,0.5487804878048781,26170,0,0.45544250398528874,0.4243661100803958,26170,0,0.0017457571035789897,0.0013873429669393903,26170,0,1.6987942504057763,0.8593777027328726,18904,7266,0.8319185326795614,0.2597259093139447,26170,0,1.2540470219239228,0.3663894013304757
supplemental_2023_09_legacy,s1_near_reversal,240,17418,3292.0,0.18899988517625446,8483.0,0.4870249167527845,0.0,0.0,6939.0,0.39838098518773685,5427.0,0.31157423355149844,4010.0,0.23022160982891263,3146.0,0.18061775175106212,7713.0,0.44281777471581124,8817.0,0.5062004822597314,16398.0,0.9414398897692042,17418,0,0.5339990309996051,0.5365853658536586,17418,0,0.44913200574483547,0.42105263157894735,17418,0,0.002043188219753912,0.001409655298857524,17418,0,1.6655865944831019,0.8341908144467123,12633,4785,0.8780047250843164,0.27437149574968345,17418,0,1.554862222690638,0.3919784662308702
supplemental_2023_09_legacy,s1_touch_immediate,10,81045,12995.0,0.16034301931025974,47455.0,0.585538898143007,0.0,0.0,24394.0,0.30099327534086,26187.0,0.32311678697020174,15871.0,0.19582947745079893,8394.0,0.10357208957986304,30864.0,0.3808254673329632,36980.0,0.4562897155901043,80299.0,0.9907952372138935,81045,0,0.5289808131285025,0.524390243902439,81045,0,0.44788504562805803,0.4262295081967213,81045,0,-2.5868176728666346e-05,0.0002394220621306552,81045,0,1.757803183993604,0.8917122453350463,52226,28819,0.953592091807154,0.3401734907110211,81021,24,2.0491202247748923,0.26403232190527737
supplemental_2023_09_legacy,s1_touch_immediate,20,59726,10459.0,0.1751163647322774,34651.0,0.5801660918193082,0.0,0.0,17660.0,0.29568362187322106,19288.0,0.3229414325419415,13040.0,0.21833037538090613,8646.0,0.14476107557847503,23913.0,0.4003783946689884,27229.0,0.45589860362321266,59143.0,0.9902387569902555,59726,0,0.5379664696422485,0.5365853658536586,59726,0,0.4510795134638376,0.4222222222222222,59726,0,0.00024658983162046923,0.00042255830565714474,59726,0,1.7431165074629245,0.8996310387556776,39604,20122,1.156407102114333,0.41187735745735365,59709,17,1.8741992129653153,0.28405752514361193
supplemental_2023_09_legacy,s1_touch_immediate,40,41774,7354.0,0.1760425144826926,23839.0,0.5706659644755111,0.0,0.0,12933.0,0.3095944846076507,13988.0,0.3348494278737971,9302.0,0.2226743907693781,6913.0,0.16548570881409488,16253.0,0.38906975630775126,18884.0,0.452051515296596,41392.0,0.9908555560875185,41774,0,0.5311706312830701,0.5365853658536586,41774,0,0.4519373251191305,0.4253731343283582,41774,0,0.0006717849919609781,0.0004942695728210416,41774,0,1.7226918909366393,0.8598753248916043,27695,14079,1.2185420156062343,0.4195867026055706,41766,8,1.8898308271416409,0.3477799157014524
supplemental_2023_09_legacy,s1_touch_immediate,60,35025,6355.0,0.1814418272662384,20191.0,0.5764739471805853,0.0,0.0,10553.0,0.3012990720913633,11881.0,0.339214846538187,7700.0,0.21984296930763741,5876.0,0.16776588151320485,13461.0,0.38432548179871523,15923.0,0.4546181299072091,34700.0,0.9907209136331192,35025,0,0.527460176528957,0.5365853658536586,35025,0,0.4486128675415992,0.4230769230769231,35025,0,0.0007575258363173938,0.0004902280639048004,35025,0,1.7210831005347806,0.820935951802517,23186,11839,1.2324357678736628,0.436663038480422,35021,4,1.9906081694772622,0.3969533526271003
supplemental_2023_09_legacy,s1_touch_immediate,120,24182,4491.0,0.1857166487470019,11465.0,0.47411297659416096,0.0,0.0,8125.0,0.3359937143329749,7830.0,0.3237945579356546,5574.0,0.23050202630055414,4349.0,0.17984451244727484,9493.0,0.3925647175585146,11063.0,0.4574890414357787,23943.0,0.9901166156645439,24182,0,0.5323159132674723,0.5365853658536586,24182,0,0.4482704760822472,0.41386376483889203,24182,0,0.0012721781543298966,0.0006678039641797601,24182,0,1.6913506575115353,0.843844708054906,15883,8299,1.1598339808739,0.41734417344173447,24182,0,2.479695652767019,0.5476632757704245
supplemental_2023_09_legacy,s1_touch_immediate,240,16336,3010.0,0.18425563173359452,8060.0,0.4933888344760039,0.0,0.0,6249.0,0.3825293829578844,4982.0,0.3049706170421156,3634.0,0.22245347698334966,2871.0,0.1757468168462292,6100.0,0.37340842311459355,7251.0,0.44386630754162587,16208.0,0.9921645445641528,16336,0,0.5296658882969785,0.5365853658536586,16336,0,0.4393708116800505,0.4,16336,0,0.0017113640492119944,0.0006276607749500344,16336,0,1.6656721516058748,0.8551688096436268,10728,5608,1.3671117479781674,0.4525451181889856,16336,0,3.108422735404766,0.599750248320882
supplemental_2023_09_legacy,s1_touch_reclaim,10,73548,15292.0,0.20791863816827105,43469.0,0.591028987871866,0.0,0.0,21875.0,0.29742481100777723,24665.0,0.33535922118888345,15762.0,0.21430902267906674,9291.0,0.12632566487192037,31990.0,0.4349540436177734,35201.0,0.4786126067330179,73548.0,1.0,73548,0,0.542607150863474,0.5487804878048781,73548,0,0.467139408649725,0.45454545454545453,73548,0,0.0009921841084609164,0.0012014238351540725,73548,0,1.7605510459875617,0.8894538042408964,49790,23758,0.9160540427215387,0.3019286571168762,73529,19,1.658055581264366,0.20404289917292817
supplemental_2023_09_legacy,s1_touch_reclaim,20,54349,11998.0,0.22075843161787706,31828.0,0.585622550552908,0.0,0.0,15942.0,0.2933264641483744,18220.0,0.3352407587996099,12764.0,0.2348525271854128,9137.0,0.16811716866915674,24153.0,0.44440560083902186,25914.0,0.47680730096229923,54349.0,1.0,54349,0,0.5493118324253857,0.5609756097560976,54349,0,0.46813372103387296,0.4489795918367347,54349,0,0.001252354734094576,0.001383326798595097,54349,0,1.7551371290861766,0.9066704799315628,37665,16684,1.082981068922904,0.3600764087870105,54332,17,1.5141957046296592,0.23101264142824307
supplemental_2023_09_legacy,s1_touch_reclaim,40,37885,8367.0,0.220852580176851,21794.0,0.5752672561699881,0.0,0.0,11667.0,0.3079582948396463,13198.0,0.3483700673089613,9059.0,0.23911838458492807,7059.0,0.18632704236505213,16257.0,0.4291144252342616,17989.0,0.47483172759667414,37885.0,1.0,37885,0,0.5424606559646037,0.5487804878048781,37885,0,0.46845946208632344,0.45098039215686275,37885,0,0.001676706857616745,0.0014669279808121856,37885,0,1.729662797932975,0.871894733132144,26280,11605,1.1445858868395045,0.3764702558749763,37878,7,1.5222709673570791,0.27889054946279535
supplemental_2023_09_legacy,s1_touch_reclaim,60,31752,7172.0,0.22587553539934493,18410.0,0.5798059964726632,0.0,0.0,9555.0,0.30092592592592593,11069.0,0.3486079617031998,7496.0,0.23607961703199798,5934.0,0.18688586545729402,13543.0,0.4265243134290753,15163.0,0.4775447215923406,31752.0,1.0,31752,0,0.5377637053014452,0.5487804878048781,31752,0,0.4639874590784029,0.4448979591836735,31752,0,0.001765056206473963,0.0013808667120753016,31752,0,1.7351433380913197,0.8245105974217339,22011,9741,1.1739699343674088,0.381116020291278,31748,4,1.6114530705178802,0.33159375371858035
supplemental_2023_09_legacy,s1_touch_reclaim,120,21894,5051.0,0.2307024755640815,10452.0,0.4773910660454919,0.0,0.0,7357.0,0.3360281355622545,7312.0,0.3339727779300265,5414.0,0.24728236046405408,4376.0,0.19987211108066136,9453.0,0.43176212661003016,10439.0,0.47679729606284826,21894.0,1.0,21894,0,0.5431452430446368,0.5487804878048781,21894,0,0.46319310929697194,0.4426229508196721,21894,0,0.0023955526421361078,0.0016533296436718088,21894,0,1.710124082005044,0.8636367974750947,15046,6848,1.13230420668436,0.37773955876033005,21894,0,2.0505783014998116,0.46547688614255534
supplemental_2023_09_legacy,s1_touch_reclaim,240,14812,3366.0,0.2272481771536592,7347.0,0.4960167431812044,0.0,0.0,5630.0,0.38009721847150957,4639.0,0.3131920064812314,3545.0,0.23933297326492034,2934.0,0.19808263570078316,6089.0,0.41108560626519036,6949.0,0.46914663786119365,14812.0,1.0,14812,0,0.5403430310295511,0.5487804878048781,14812,0,0.4541218232038451,0.4262295081967213,14812,0,0.002882572300825776,0.0016673826265862538,14812,0,1.6813706176442833,0.8660786903207789,10165,4647,1.256340579806351,0.40502732240437167,14812,0,2.5568745896046208,0.5121031656184957
supplemental_2023_09_legacy,s2_first_touch_reclaim,10,229,73.0,0.31877729257641924,132.0,0.5764192139737991,0.0,0.0,70.0,0.3056768558951965,96.0,0.4192139737991266,63.0,0.27510917030567683,65.0,0.2838427947598253,113.0,0.49344978165938863,90.0,0.3930131004366812,229.0,1.0,229,0,0.6061348386409628,0.6219512195121951,229,0,0.5407545349105143,0.5825688073394495,229,0,0.0023052310491582283,0.002580742053587954,229,0,1.6967888181207746,0.7182370799469313,130,99,1.2153004061746282,0.5662481291792355,226,3,6.100072268986496,0.9570239306024374
supplemental_2023_09_legacy,s2_first_touch_reclaim,20,1827,550.0,0.30103995621237,1114.0,0.6097427476737821,0.0,0.0,625.0,0.34209085933223865,613.0,0.3355227148330597,580.0,0.31746031746031744,464.0,0.25396825396825395,891.0,0.4876847290640394,780.0,0.4269293924466338,1827.0,1.0,1827,0,0.5865806933931411,0.6341463414634146,1827,0,0.4802469976059345,0.4523809523809524,1827,0,0.0018012220680942344,0.0017212331681102882,1827,0,1.8354748490788635,0.9597710933907746,1141,686,1.6390064466543128,0.7131474103585658,1823,4,3.1428271529822545,0.6128876675218515
supplemental_2023_09_legacy,s2_first_touch_reclaim,40,2901,759.0,0.26163391933815927,1574.0,0.5425715270596346,0.0,0.0,1075.0,0.3705618752154429,1032.0,0.3557394002068252,819.0,0.2823164426059979,797.0,0.27473285074112375,1244.0,0.42881764908652187,1183.0,0.4077904170975526,2901.0,1.0,2901,0,0.5347020791821175,0.5487804878048781,2901,0,0.4642507519578505,0.4371584699453552,2901,0,0.002736736621833811,0.0017837830342815942,2901,0,1.7869550968192143,0.9639188575844937,1777,1124,1.729101965202373,0.7286333078125165,2900,1,2.7463877277349646,0.7001313354648787
supplemental_2023_09_legacy,s2_first_touch_reclaim,60,2848,795.0,0.2791432584269663,1534.0,0.538623595505618,0.0,0.0,1116.0,0.39185393258426965,1047.0,0.367626404494382,750.0,0.2633426966292135,883.0,0.31004213483146065,1207.0,0.4238061797752809,1121.0,0.39360955056179775,2848.0,1.0,2848,0,0.5276274321732005,0.5487804878048781,2848,0,0.46905995798135225,0.4477279263733103,2848,0,0.0039199856153461455,0.002231137992421455,2848,0,1.8471070651893209,0.943907035397047,1778,1070,2.0813213173985594,0.8057165083963732,2847,1,3.177094110515931,0.7349361822268954
supplemental_2023_09_legacy,s2_first_touch_reclaim,120,2132,744.0,0.34896810506566606,1228.0,0.575984990619137,0.0,0.0,591.0,0.2772045028142589,763.0,0.3578799249530957,719.0,0.33724202626641653,808.0,0.3789868667917448,1030.0,0.4831144465290807,798.0,0.37429643527204504,2132.0,1.0,2132,0,0.5830721182446358,0.6219512195121951,2132,0,0.512200856952927,0.5370879120879121,2132,0,0.00815786039840305,0.005181470056059689,2132,0,1.7058506751005567,0.907156098936427,1332,800,2.4130927546265393,0.9602329314319169,2132,0,4.551143274462326,1.297561734317212
supplemental_2023_09_legacy,s2_first_touch_reclaim,240,1505,430.0,0.2857142857142857,739.0,0.49102990033222593,0.0,0.0,531.0,0.35282392026578074,400.0,0.26578073089701,392.0,0.26046511627906976,436.0,0.28970099667774085,622.0,0.4132890365448505,487.0,0.32358803986710966,1505.0,1.0,1505,0,0.5374686005996272,0.5487804878048781,1505,0,0.4263568630590424,0.37606837606837606,1505,0,0.008761038947177988,0.0027656944917042554,1505,0,1.698143574603084,0.8417531077176512,878,627,3.1467049021231857,1.0971818583749766,1505,0,6.313405771666908,1.5161507731376824
supplemental_2023_09_legacy,s2_reclaim_acceleration,10,43469,8693.0,0.19998159607996505,43469.0,1.0,0.0,0.0,5052.0,0.11622075502081944,16024.0,0.368630518300398,9431.0,0.2169592123122225,5910.0,0.13595895925832202,18824.0,0.43304423842278406,20520.0,0.47206054889691507,43469.0,1.0,43469,0,0.5409885598315318,0.5487804878048781,43469,0,0.48539813813263827,0.4857142857142857,43469,0,0.0008132253511000697,0.0010199613199888009,43469,0,1.7972583257469852,0.8959286956735897,29378,14091,0.9530153269855429,0.3108204817412832,43469,0,1.4300691988531875,0.17858972612364798
supplemental_2023_09_legacy,s2_reclaim_acceleration,20,31828,6964.0,0.2188010556742491,31828.0,1.0,0.0,0.0,2794.0,0.08778434083197185,11715.0,0.3680721377403544,7587.0,0.23837501570943823,5744.0,0.18047002639185622,14248.0,0.44765615181601104,15082.0,0.4738594947844665,31828.0,1.0,31828,0,0.5487176500519434,0.5609756097560976,31828,0,0.48443694852446445,0.4827586206896552,31828,0,0.0011101040477127502,0.0012424977191458455,31828,0,1.8130773555474262,0.8984780652804955,22244,9584,1.1452222776494227,0.3839088352072031,31828,0,1.2427977490263942,0.18588682694369385
supplemental_2023_09_legacy,s2_reclaim_acceleration,40,21794,4786.0,0.2196017252454804,21794.0,1.0,0.0,0.0,1107.0,0.05079379645774066,8498.0,0.38992383224740756,5498.0,0.2522712673212811,4573.0,0.20982839313572543,9560.0,0.43865284023125634,10167.0,0.4665045425346426,21794.0,1.0,21794,0,0.5491850520505572,0.5609756097560976,21794,0,0.49540480481621285,0.5,21794,0,0.001743216503210692,0.0014183812790632532,21794,0,1.7398154434733841,0.8468586909617538,15219,6575,1.247005862355595,0.4021215043394406,21794,0,1.3208187317362403,0.23525280825716188
supplemental_2023_09_legacy,s2_reclaim_acceleration,60,18410,4262.0,0.23150461705594785,18410.0,1.0,0.0,0.0,958.0,0.05203693644758284,7271.0,0.39494839760999456,4742.0,0.25757740358500814,4054.0,0.22020640956002172,8162.0,0.4433460076045627,8699.0,0.47251493753394896,18410.0,1.0,18410,0,0.5513480213563613,0.573170731707317,18410,0,0.49952257186433824,0.5081967213114754,18410,0,0.0022152296100532765,0.001590353401910043,18410,0,1.777129748047527,0.8332843214915733,12874,5536,1.2758100742198477,0.4081183996718669,18410,0,1.5179985514511023,0.3358479994131365
supplemental_2023_09_legacy,s2_reclaim_acceleration,120,10452,2644.0,0.2529659395331037,10452.0,1.0,0.0,0.0,1644.0,0.15729047072330654,4186.0,0.40049751243781095,3142.0,0.3006123230003827,2803.0,0.26817833907386146,4919.0,0.4706276310753923,4948.0,0.47340221967087637,10452.0,1.0,10452,0,0.5772882771881606,0.6097560975609756,10452,0,0.523315772753588,0.5454545454545454,10452,0,0.00422103652663605,0.002777526572673791,10452,0,1.7185106187500077,0.8880039813004658,7226,3226,1.2323707022695094,0.39771733452358504,10452,0,2.5750625885886365,0.6968525390481146
supplemental_2023_09_legacy,s2_reclaim_acceleration,240,7347,1741.0,0.23696746971553015,7347.0,1.0,0.0,0.0,1288.0,0.17530965019735947,2657.0,0.36164420852048457,1959.0,0.2666394446712944,1843.0,0.25085068735538313,3205.0,0.4362324758404791,3407.0,0.4637266911664625,7347.0,1.0,7347,0,0.561488511985983,0.5853658536585366,7347,0,0.49732152326588963,0.5020408163265306,7347,0,0.004374603272085656,0.002606662902439407,7347,0,1.6154560546806158,0.8221229773636001,5091,2256,1.3029781751703013,0.4386411889596602,7347,0,2.853083993434871,0.602832935656819
supplemental_2023_09_legacy,s2_reclaim_bull_stack,10,2727,506.0,0.18555188852218554,341.0,0.12504583791712504,0.0,0.0,2664.0,0.976897689768977,702.0,0.25742574257425743,563.0,0.20645397873120647,218.0,0.07994132746607994,1066.0,0.3909057572423909,1344.0,0.49284928492849284,2706.0,0.9922992299229924,2727,0,0.5438165767796298,0.5365853658536586,2727,0,0.41771942115461086,0.37254901960784315,2727,0,-0.0006215381108222928,0.0007250503445993539,2727,0,1.5438187737707414,0.6947277734980704,1804,923,0.8279356477678724,0.32101369032477856,2725,2,5.5635582841361595,0.7306605124614269
supplemental_2023_09_legacy,s2_reclaim_bull_stack,20,2032,305.0,0.1500984251968504,195.0,0.09596456692913385,0.0,0.0,1980.0,0.9744094488188977,514.0,0.2529527559055118,292.0,0.1437007874015748,105.0,0.05167322834645669,671.0,0.3302165354330709,989.0,0.4867125984251969,2018.0,0.9931102362204725,2032,0,0.49118974457461134,0.47560975609756095,2032,0,0.35811435892546123,0.2993422348261058,2032,0,-0.00320809224829956,-0.0008502313999279049,2032,0,1.4696872735274646,0.7846837572720847,1348,684,0.784655723566485,0.2686208556349552,2031,1,3.9235803488152743,0.5396861398321426
supplemental_2023_09_legacy,s2_reclaim_bull_stack,40,900,114.0,0.12666666666666668,83.0,0.09222222222222222,0.0,0.0,859.0,0.9544444444444444,236.0,0.26222222222222225,99.0,0.11,26.0,0.028888888888888888,237.0,0.2633333333333333,426.0,0.47333333333333333,882.0,0.98,900,0,0.4484417344173438,0.43902439024390244,900,0,0.3178386535510007,0.2551020408163265,900,0,-0.008426196308881851,-0.0035956396742346415,900,0,1.4307925985284085,0.7758252641159112,614,286,0.9482698747406536,0.35701684836345204,900,0,3.147963623179153,0.5182504697574902
supplemental_2023_09_legacy,s2_reclaim_bull_stack,60,342,38.0,0.1111111111111111,37.0,0.10818713450292397,0.0,0.0,313.0,0.9152046783625731,96.0,0.2807017543859649,35.0,0.1023391812865497,10.0,0.029239766081871343,74.0,0.21637426900584794,173.0,0.5058479532163743,335.0,0.97953216374269,342,0,0.4361360718870353,0.4146341463414634,342,0,0.30445629554263304,0.21748310810810811,342,0,-0.011535015851593219,-0.006187384944876013,342,0,1.766843552586977,1.003629611819409,237,105,0.9379916944144066,0.3879148403256105,342,0,3.2366381490470504,0.5812284784075539
supplemental_2023_09_legacy,s2_reclaim_bull_stack,120,85,12.0,0.1411764705882353,22.0,0.25882352941176473,0.0,0.0,62.0,0.7294117647058823,25.0,0.29411764705882354,13.0,0.15294117647058825,0.0,0.0,22.0,0.25882352941176473,39.0,0.4588235294117647,83.0,0.9764705882352941,85,0,0.4424677187948351,0.4146341463414634,85,0,0.34398126814908625,0.2459016393442623,85,0,-0.013875780298952483,-0.007582144886202416,85,0,2.075097582866373,1.003569790010101,58,27,0.7585732136080442,0.12130695103787292,85,0,3.8943616951520137,1.0280051997279376
supplemental_2023_09_legacy,s2_reclaim_bull_stack,240,23,2.0,0.08695652173913043,6.0,0.2608695652173913,0.0,0.0,17.0,0.7391304347826086,5.0,0.21739130434782608,4.0,0.17391304347826086,0.0,0.0,2.0,0.08695652173913043,12.0,0.5217391304347826,23.0,1.0,23,0,0.49151643690349944,0.4878048780487805,23,0,0.3365344000971314,0.25229357798165136,23,0,-0.01828861581904647,-0.011122526711631558,23,0,1.679491065478177,0.6986158807897076,15,8,0.7720180335358363,0.5287277701778386,23,0,5.5163646848504815,2.418273730953469
supplemental_2023_09_legacy,s2_reclaim_daily_trend,10,21875,4220.0,0.1929142857142857,5052.0,0.23094857142857142,0.0,0.0,21875.0,1.0,5345.0,0.24434285714285714,3940.0,0.18011428571428573,1522.0,0.06957714285714285,8201.0,0.37490285714285715,10672.0,0.48786285714285715,21875.0,1.0,21875,0,0.5262528222996451,0.524390243902439,21875,0,0.40895426987873007,0.36363636363636365,21875,0,-0.0002870065800584435,0.00047659543632903043,21875,0,1.6065750794354594,0.8265412334935489,14550,7325,0.7636207707025299,0.2671844205009849,21875,0,3.2240209447975796,0.5071642108744729
supplemental_2023_09_legacy,s2_reclaim_daily_trend,20,15942,2929.0,0.18372851587002886,2794.0,0.1752603186551248,0.0,0.0,15942.0,1.0,3623.0,0.22726132229331325,2820.0,0.17689123071132856,1340.0,0.0840546982812696,5723.0,0.3589888345251537,7736.0,0.4852590641073893,15942.0,1.0,15942,0,0.5130954894419039,0.5,15942,0,0.38974008957270184,0.33401360544217684,15942,0,-0.001204293133102989,0.0,15942,0,1.5909541601963408,0.8370792069659765,10715,5227,0.8462068304273398,0.2830255057167985,15942,0,2.6037405363710944,0.46659900722496395
supplemental_2023_09_legacy,s2_reclaim_daily_trend,40,11667,2078.0,0.17810919688008914,1107.0,0.09488300334276163,0.0,0.0,11667.0,1.0,2684.0,0.23005056998371476,1739.0,0.14905288420330848,772.0,0.06616953801319962,3910.0,0.33513328190623126,5818.0,0.4986714665295277,11667.0,1.0,11667,0,0.47769401710473863,0.4634146341463415,11667,0,0.36246400984833493,0.3076923076923077,11667,0,-0.0018180747685174997,-0.0004853186944380459,11667,0,1.6726995747102604,0.8951528657946906,7999,3668,0.8312932606235527,0.29625801116394457,11667,0,2.0081221979509967,0.380828564994077
supplemental_2023_09_legacy,s2_reclaim_daily_trend,60,9555,1622.0,0.1697540554683412,958.0,0.10026164311878598,0.0,0.0,9555.0,1.0,2032.0,0.21266352694924123,1189.0,0.12443746729461015,366.0,0.038304552590266876,2900.0,0.3035060177917321,4784.0,0.5006802721088436,9555.0,1.0,9555,0,0.45959464461206717,0.45121951219512196,9555,0,0.33421458101553186,0.27450980392156865,9555,0,-0.0030697337209213164,-0.0012838241853874524,9555,0,1.6356014222551878,0.8046447720108025,6486,3069,0.7693826547856678,0.2967396524073731,9555,0,1.8818071656385211,0.32650344962060784
supplemental_2023_09_legacy,s2_reclaim_daily_trend,120,7357,1089.0,0.14802229169498438,1644.0,0.22346064972135382,0.0,0.0,7357.0,1.0,1190.0,0.16175071360608945,739.0,0.10044855239907571,188.0,0.025553894250373795,2043.0,0.27769471251868966,3716.0,0.505097186353133,7357.0,1.0,7357,0,0.43682141116639844,0.4146341463414634,7357,0,0.2983691428762383,0.23076923076923078,7357,0,-0.003908031272194335,-0.0019538386845719385,7357,0,1.6473898859662293,0.8289001270261693,5137,2220,0.8599537539708885,0.3085004775549187,7357,0,1.91298968012788,0.31703972693820837
supplemental_2023_09_legacy,s2_reclaim_daily_trend,240,5630,1102.0,0.19573712255772646,1288.0,0.22877442273534637,0.0,0.0,5630.0,1.0,1195.0,0.21225577264653642,951.0,0.1689165186500888,474.0,0.08419182948490231,1908.0,0.338898756660746,2722.0,0.4834813499111901,5630.0,1.0,5630,0,0.49660139496599237,0.4878048780487805,5630,0,0.37212182300173735,0.3157894736842105,5630,0,-0.0009270565086461627,-0.0005670319582534032,5630,0,1.6545426017077711,0.9521767290657035,3809,1821,1.023967261156113,0.33638902814581395,5630,0,3.29253669969813,0.6521198944792739
supplemental_2023_09_legacy,s2_reclaim_positive_slope,10,32793,4315.0,0.1315829597780014,19685.0,0.6002805476778581,0.0,0.0,12840.0,0.3915469764888848,6566.0,0.20022565791479888,5417.0,0.16518769249534962,1727.0,0.052663678224011225,12092.0,0.3687372305065105,15637.0,0.4768395694203031,32793.0,1.0,32793,0,0.5223794786662479,0.524390243902439,32793,0,0.38000790644761806,0.3333333333333333,32793,0,-0.0007869976454438017,-0.00011221772083877275,32793,0,1.6994243430099816,0.8206386722052701,21566,11227,0.7722468331084207,0.23788169086549404,32786,7,2.241247705043076,0.32796689128970447
supplemental_2023_09_legacy,s2_reclaim_positive_slope,20,23763,3518.0,0.14804528047805413,15363.0,0.6465092791314228,0.0,0.0,9520.0,0.4006228169843875,7004.0,0.29474392963851365,4408.0,0.18549846399865336,2361.0,0.09935614190127509,8715.0,0.36674662290114884,11498.0,0.48386146530320245,23763.0,1.0,23763,0,0.5119210742669098,0.5,23763,0,0.42404195663213157,0.38990825688073394,23763,0,-0.0012342508266394321,-0.00020302199966233843,23763,0,1.6913750561088623,0.8648179646857128,16044,7719,0.8781719104050175,0.29125617399171266,23755,8,2.0777940414036147,0.32111104652269096
supplemental_2023_09_legacy,s2_reclaim_positive_slope,40,17429,2930.0,0.16811062023065007,8332.0,0.4780538183487291,0.0,0.0,8190.0,0.4699064777095645,4878.0,0.2798783636467956,3373.0,0.19352802799931149,1978.0,0.1134890125652648,6501.0,0.37299902461414886,8428.0,0.48356187962591085,17429.0,1.0,17429,0,0.508548970107294,0.5121951219512195,17429,0,0.410494727834976,0.37423312883435583,17429,0,-0.0004648009464756943,0.00016223843160283332,17429,0,1.725746617921119,0.8750165420662275,11987,5442,0.938558640673135,0.3305785123966942,17427,2,1.6786195575886331,0.273153732429841
supplemental_2023_09_legacy,s2_reclaim_positive_slope,60,13736,2598.0,0.18913803145020383,4542.0,0.33066394874781596,0.0,0.0,7660.0,0.5576587070471754,3846.0,0.27999417588817704,2543.0,0.18513395457192777,1617.0,0.11771986022131625,5415.0,0.3942195690157251,6874.0,0.500436808386721,13736.0,1.0,13736,0,0.4982039362472856,0.5,13736,0,0.399777932001085,0.34600925390399073,13736,0,-0.0002914883353078218,0.0002428256328058636,13736,0,1.658053162971133,0.8077454323944587,9569,4167,0.9556560069587168,0.3238353400996028,13736,0,1.6597335929990868,0.3268769354915264
supplemental_2023_09_legacy,s2_reclaim_positive_slope,120,6137,1111.0,0.18103307805116506,2444.0,0.39824018249959264,0.0,0.0,1572.0,0.25615121394818313,2248.0,0.366302753788496,1329.0,0.21655532018901744,1059.0,0.1725598826788333,2403.0,0.39155939384063876,2926.0,0.47678018575851394,6137.0,1.0,6137,0,0.5187586689293664,0.524390243902439,6137,0,0.45531737689822727,0.4155844155844156,6137,0,-7.880115316542944e-05,9.020650755200976e-05,6137,0,1.7412156260662344,0.7121357913253148,4079,2058,0.8986926941521297,0.3172583165885243,6137,0,1.9400967621891207,0.4059122128353967
supplemental_2023_09_legacy,s2_reclaim_positive_slope,240,10263,2017.0,0.19653122868556952,5462.0,0.5322030595342493,0.0,0.0,3298.0,0.32134853356718307,3084.0,0.3004969307220111,2201.0,0.2144597096365585,1805.0,0.1758745006333431,4018.0,0.3915034590275748,4788.0,0.4665302543116048,10263.0,1.0,10263,0,0.5244555982537368,0.524390243902439,10263,0,0.43762061441358474,0.4,10263,0,0.001560725966623682,0.00118801516529346,10263,0,1.6430359731248596,0.81996437062576,7048,3215,1.12129099534378,0.39562252098013295,10263,0,2.0030051234060955,0.39832170161733593
supplemental_2023_09_legacy,s2_reclaim_recent_high,10,41964,41964.0,1.0,24727.0,0.5892431608044991,0.0,0.0,12066.0,0.2875321704317987,17431.0,0.4153798493947193,11406.0,0.27180440377466397,8215.0,0.19576303498236583,24366.0,0.580640549042036,28217.0,0.6724096844914689,26304.0,0.6268229911352587,41964,0,0.5625780285540696,0.573170731707317,41964,0,0.5280978662523431,0.5446102819237147,41964,0,0.002718980754537856,0.0025814967862908653,41964,0,1.69472027369469,0.7994574648938959,38808,3156,1.125249752669138,0.4249246531328911,41950,14,0.5449940849953533,0.07195267665075566
supplemental_2023_09_legacy,s2_reclaim_recent_high,20,30525,30525.0,1.0,17957.0,0.5882719082719082,0.0,0.0,8411.0,0.27554463554463554,13211.0,0.4327927927927928,9097.0,0.298018018018018,7570.0,0.247993447993448,18001.0,0.5897133497133498,20051.0,0.6568714168714169,19701.0,0.6454054054054054,30525,0,0.5754459559337408,0.5975609756097561,30525,0,0.5394985791984953,0.5652173913043478,30525,0,0.003249348100682462,0.0030116712140920154,30525,0,1.6745246972486403,0.8299361512788916,28382,2143,1.2649420367236315,0.4633605987126058,30513,12,0.5230135115860751,0.09847349732146005
supplemental_2023_09_legacy,s2_reclaim_recent_high,40,21124,21124.0,1.0,12184.0,0.5767846998674494,0.0,0.0,6101.0,0.28881840560499905,9620.0,0.4554061730732816,6461.0,0.3058606324559742,5678.0,0.2687937890551032,11982.0,0.5672221170232911,13867.0,0.6564571103957584,13641.0,0.6457583790948684,21124,0,0.5721396538903678,0.5853658536585366,21124,0,0.5431609615856735,0.5714285714285714,21124,0,0.0039733030751427,0.0033551630215735897,21124,0,1.6640103274366518,0.7858049061741726,19689,1435,1.2746196178189941,0.46405228758169925,21119,5,0.56639504866637,0.14394826438494257
supplemental_2023_09_legacy,s2_reclaim_recent_high,60,17956,17956.0,1.0,10541.0,0.5870461127199822,0.0,0.0,4972.0,0.2768990866562709,8028.0,0.44709289374025396,5367.0,0.2988973045221653,4826.0,0.26876809979950994,10124.0,0.5638226776564936,11838.0,0.6592782356872354,11737.0,0.6536533749164625,17956,0,0.5649480573108094,0.5853658536585366,17956,0,0.5347977722054164,0.5666666666666667,17956,0,0.004136972697525547,0.0033128692983253214,17956,0,1.6750229328350685,0.7589781512434679,16738,1218,1.2726854215344492,0.4310039890686296,17953,3,0.6157343804282197,0.17976895216723254
supplemental_2023_09_legacy,s2_reclaim_recent_high,120,12832,12832.0,1.0,6278.0,0.48924563591022446,0.0,0.0,3763.0,0.293251246882793,5549.0,0.43243453865336656,3990.0,0.3109413965087282,3543.0,0.276106608478803,7370.0,0.5743453865336658,8461.0,0.6593672069825436,8369.0,0.6521976309226932,12832,0,0.5743891034608503,0.5975609756097561,12832,0,0.5336362125501023,0.5597014925373134,12832,0,0.005080986489360238,0.0037863977240862423,12832,0,1.6459800086514287,0.7833317955513283,11855,977,1.1882392159953308,0.4089208633093526,12832,0,0.8362318043904633,0.2774552942475158
supplemental_2023_09_legacy,s2_reclaim_recent_high,240,8362,8362.0,1.0,4163.0,0.49784740492705093,0.0,0.0,3082.0,0.36857211193494377,3408.0,0.40755800047835444,2504.0,0.29944989237024633,2370.0,0.2834250179382923,4637.0,0.5545324085147094,5431.0,0.6494857689547955,5439.0,0.6504424778761062,8362,0,0.5718056714171531,0.5853658536585366,8362,0,0.5270571216898449,0.5522388059701493,8362,0,0.005902367852573899,0.004072680634203336,8362,0,1.6310532885094327,0.7979610099348918,7757,605,1.3833539388066554,0.457680250783699,8362,0,1.0901203212064319,0.3190186906349546
supplemental_2023_09_legacy,s4_auction_confirmed_reclaim,10,43294,10126.0,0.2338892225250612,25394.0,0.5865477895320368,0.0,0.0,11894.0,0.2747262900170924,12268.0,0.28336490044809903,12003.0,0.27724395990206496,6467.0,0.1493740472120848,43294.0,1.0,20497.0,0.4734374278190973,40262.0,0.9299672009978288,43294,0,0.5907890689522461,0.6097560975609756,43294,0,0.4905031687933831,0.48333333333333334,43294,0,0.002963406819085545,0.0025920774194528994,43294,0,1.803399626803138,0.9590817507178409,29054,14240,0.9834657723899388,0.33763367115374054,43284,10,1.055649390746024,0.16961954252706413
supplemental_2023_09_legacy,s4_auction_confirmed_reclaim,20,31704,7980.0,0.2517032551097653,18492.0,0.5832702498107495,0.0,0.0,8190.0,0.25832702498107496,9956.0,0.3140297754226596,9792.0,0.30885692657077973,6501.0,0.20505299015897047,31704.0,1.0,14830.0,0.46776431995962653,29769.0,0.9389666919000756,31704,0,0.6023172424191876,0.6341463414634146,31704,0,0.5085052040306199,0.5,31704,0,0.0037336591955219934,0.003019047054749464,31704,0,1.809516571968321,0.9825798685527841,21699,10005,1.1449169719594638,0.39834840739284316,31695,9,0.999634350200145,0.2094005834872803
supplemental_2023_09_legacy,s4_auction_confirmed_reclaim,40,21228,5497.0,0.2589504428113812,12277.0,0.5783399283964575,0.0,0.0,5549.0,0.261400037686075,7140.0,0.3363482193329565,6754.0,0.3181646881477294,4985.0,0.23483135481439607,21228.0,1.0,9866.0,0.46476351987940456,19945.0,0.9395609572263048,21228,0,0.6050642961206184,0.6341463414634146,21228,0,0.5177607990605654,0.5164835164835165,21228,0,0.004735209949841909,0.003485653947118348,21228,0,1.754523583641714,0.9531657730503718,14620,6608,1.2395807003052735,0.4103846991474206,21223,5,1.0450922025499085,0.26647749619313554
supplemental_2023_09_legacy,s4_auction_confirmed_reclaim,60,17548,4737.0,0.26994529291087305,10369.0,0.5908935491224071,0.0,0.0,4290.0,0.24447230453612948,5941.0,0.3385571005242763,5601.0,0.31918167312514245,4201.0,0.23940050148165032,17548.0,1.0,8216.0,0.468201504444951,16495.0,0.9399931616138592,17548,0,0.6042937281435641,0.6341463414634146,17548,0,0.5175125860616325,0.5191256830601093,17548,0,0.005117243080611843,0.0036041267237993976,17548,0,1.7318390168002662,0.8313738027849896,12074,5474,1.2589703826275056,0.4113129573203831,17547,1,1.1501750605496588,0.32732905244897026
supplemental_2023_09_legacy,s4_auction_confirmed_reclaim,120,12373,3406.0,0.27527681241412755,6252.0,0.5052937848541178,0.0,0.0,2994.0,0.24197850157601228,3994.0,0.3227996443869716,4097.0,0.33112422209650044,3203.0,0.25887012042350277,12373.0,1.0,5749.0,0.4646407500202053,11622.0,0.9393033217489696,12373,0,0.612579909440885,0.6463414634146342,12373,0,0.5160809192191265,0.5128205128205128,12373,0,0.006094493746874479,0.004063943889279694,12373,0,1.7370193934507678,0.8996013161943923,8419,3954,1.2673532278466213,0.41233766233766245,12373,0,1.5420862642390083,0.4664322658652458
supplemental_2023_09_legacy,s4_auction_confirmed_reclaim,240,8036,2199.0,0.2736436037829766,4169.0,0.5187904430064709,0.0,0.0,2673.0,0.3326281732205077,2332.0,0.29019412643106024,2643.0,0.3288949726231956,2108.0,0.26231956197112993,8036.0,1.0,3616.0,0.4499751119960179,7559.0,0.9406421105027377,8036,0,0.6130006434459565,0.6463414634146342,8036,0,0.5100331199412723,0.5098039215686274,8036,0,0.007225102453058419,0.004484610991225605,8036,0,1.6890244320904484,0.897652088636296,5415,2621,1.4421796708050625,0.4842067480258434,8036,0,2.1106821310852144,0.5251785825070664
supplemental_2023_09_legacy,s4_reclaim_amount_acceleration,10,71739,14927.0,0.20807371164917268,42401.0,0.5910453170520916,0.0,0.0,21484.0,0.299474483893001,24275.0,0.3383794031140663,15588.0,0.21728766779575964,9259.0,0.12906508314863602,31229.0,0.43531412481356024,35778.0,0.498724543135533,67381.0,0.9392520107612317,71739,0,0.5435280466215662,0.5487804878048781,71739,0,0.46968071492391983,0.45652173913043476,71739,0,0.001018029779366305,0.0012325717741260584,71739,0,1.7631815319553743,0.895426826308984,48635,23104,1.111234362616728,0.4738186462324394,71723,16,1.7053856128807234,0.23470604239441273
supplemental_2023_09_legacy,s4_reclaim_amount_acceleration,20,53032,11730.0,0.22118720772363856,31021.0,0.5849487102127018,0.0,0.0,15653.0,0.29516141197767387,17906.0,0.3376451953537487,12621.0,0.2379883843717001,9068.0,0.1709910997133806,23612.0,0.445240609443355,26127.0,0.4926648061547745,50161.0,0.945862875245135,53032,0,0.5504147978762863,0.5609756097560976,53032,0,0.4706164502735675,0.4530612244897959,53032,0,0.001285165028432084,0.0014255222194300356,53032,0,1.7585799400725388,0.9144383919885123,36743,16289,1.26475060938156,0.5178378378378379,53017,15,1.557198682679942,0.26142654427789
supplemental_2023_09_legacy,s4_reclaim_amount_acceleration,40,37043,8172.0,0.22060848203439246,21293.0,0.5748184542288691,0.0,0.0,11423.0,0.30837135221229384,12995.0,0.35080851982830763,8976.0,0.24231298760899495,7009.0,0.18921253678157818,15925.0,0.42990578516858785,18165.0,0.4903760494560376,35126.0,0.9482493318575709,37043,0,0.5436848935613932,0.5487804878048781,37043,0,0.47091080514129807,0.45454545454545453,37043,0,0.0017219946755232375,0.0014992767784224557,37043,0,1.732521659254935,0.8751380285771073,25686,11357,1.3093434534052693,0.5221778647532072,37036,7,1.561262702502503,0.3100056252608351
supplemental_2023_09_legacy,s4_reclaim_amount_acceleration,60,31077,7029.0,0.22618013321749203,18027.0,0.5800752968433246,0.0,0.0,9343.0,0.3006403449496412,10908.0,0.3509991311902693,7424.0,0.23889049779579755,5920.0,0.19049457798371786,13259.0,0.42664993403481677,15237.0,0.490298291340863,29591.0,0.9521832866750329,31077,0,0.5391498064995023,0.5487804878048781,31077,0,0.4667263183802898,0.4523809523809524,31077,0,0.0018159985735687518,0.001424881963513062,31077,0,1.7380200280051803,0.8289752464688394,21532,9545,1.3290326253950182,0.5106858652658568,31074,3,1.6506396646191868,0.36013684232045773
supplemental_2023_09_legacy,s4_reclaim_amount_acceleration,120,21502,4963.0,0.23081573807087713,10310.0,0.47949027997395594,0.0,0.0,7213.0,0.3354571667751837,7230.0,0.3362477909031718,5369.0,0.24969770253929868,4371.0,0.2032834154962329,9279.0,0.43154125197656035,10491.0,0.4879081015719468,20676.0,0.9615849688401079,21502,0,0.5442760854917535,0.5487804878048781,21502,0,0.4654279619910764,0.4444444444444444,21502,0,0.002462728035130659,0.0017113017484686145,21502,0,1.7002035812400962,0.8613649747703978,14749,6753,1.2523062750016742,0.4803149606299213,21502,0,2.0910688934748642,0.4979748347588232
supplemental_2023_09_legacy,s4_reclaim_amount_acceleration,240,14560,3322.0,0.22815934065934065,7222.0,0.49601648351648353,0.0,0.0,5547.0,0.3809752747252747,4589.0,0.3151785714285714,3529.0,0.24237637362637363,2933.0,0.2014423076923077,6007.0,0.4125686813186813,6995.0,0.4804258241758242,13965.0,0.9591346153846154,14560,0,0.5416434937014163,0.5487804878048781,14560,0,0.4563097156542512,0.42857142857142855,14560,0,0.002957891084198435,0.0017195779353277045,14560,0,1.6816321997543384,0.8660786903207789,10004,4556,1.3873951936116713,0.5194122365348878,14560,0,2.6044841080578633,0.5478620013659251
supplemental_2023_09_legacy,s4_reclaim_volume_normal,10,66032,13286.0,0.2012054761327841,39238.0,0.594227041434456,0.0,0.0,19452.0,0.294584443905985,23443.0,0.35502483644293675,15375.0,0.23284165253210565,8584.0,0.1299975769323964,36637.0,0.5548370487036588,66032.0,1.0,50551.0,0.7655530651805186,66032,0,0.548534487343884,0.5487804878048781,66032,0,0.4846848767775252,0.4816326530612245,66032,0,0.0014754405457439608,0.0013577144062605702,66032,0,1.7640518179899347,0.8924256869565849,66032,0,0.1755799006735854,0.03715625964822589,66017,15,0.5971702155456348,0.08292820073439588
supplemental_2023_09_legacy,s4_reclaim_volume_normal,20,48531,9666.0,0.1991716634728318,28659.0,0.5905297644804351,0.0,0.0,14134.0,0.2912365292287404,17419.0,0.35892522305330615,12120.0,0.24973728132533846,8479.0,0.17471306999649708,26987.0,0.5560775586738373,48531.0,1.0,37408.0,0.7708062887638829,48531,0,0.5545434625391386,0.5609756097560976,48531,0,0.48543615340954765,0.47761194029850745,48531,0,0.0016810476027633212,0.0015772481203505558,48531,0,1.7477406914293832,0.9040665887317947,48531,0,0.18976712288535708,0.05331179321486279,48516,15,0.5688833071463979,0.10926474274196252
supplemental_2023_09_legacy,s4_reclaim_volume_normal,40,33757,6647.0,0.19690730811387266,19505.0,0.5778060846639216,0.0,0.0,10445.0,0.3094173060402287,12625.0,0.3739965044287111,8403.0,0.24892614865065024,6443.0,0.1908641170720147,18017.0,0.5337263382409574,33757.0,1.0,25938.0,0.7683739668809432,33757,0,0.5449977132114064,0.5487804878048781,33757,0,0.48362092458191364,0.47368421052631576,33757,0,0.0021046633799159248,0.0016380802965256253,33757,0,1.7356433567060616,0.891349085231139,33757,0,0.19368300004497854,0.058486387911944826,33750,7,0.6119830100526986,0.14989375315936826
supplemental_2023_09_legacy,s4_reclaim_volume_normal,60,28188,5630.0,0.1997303817227189,16358.0,0.5803178657584788,0.0,0.0,8560.0,0.30367532283241094,10422.0,0.36973180076628354,6986.0,0.2478359585639279,5359.0,0.19011636157230027,14833.0,0.5262168298566766,28188.0,1.0,21799.0,0.7733432666382858,28188,0,0.5389869240327074,0.5487804878048781,28188,0,0.4768920628835077,0.4666666666666667,28188,0,0.00216230912716489,0.001549919988781184,28188,0,1.7444559731528875,0.8307299438314346,28188,0,0.19517787026591168,0.06370971608396725,28186,2,0.655898070127732,0.18755687683700806
supplemental_2023_09_legacy,s4_reclaim_volume_normal,120,19518,4015.0,0.20570755200327903,9308.0,0.4768931242955221,0.0,0.0,6620.0,0.3391740957065273,7009.0,0.35910441643611024,5076.0,0.2600676298801107,3974.0,0.20360692693923557,10491.0,0.5375038426068245,19518.0,1.0,15179.0,0.7776923865150118,19518,0,0.5479244924634833,0.5609756097560976,19518,0,0.4790756479686491,0.4666666666666667,19518,0,0.002933746204945738,0.001941062763602836,19518,0,1.7121333771551692,0.865741534673193,19518,0,0.1913485185775935,0.05727687821349092,19518,0,0.8889319210426858,0.2887293151063758
supplemental_2023_09_legacy,s4_reclaim_volume_normal,240,13187,2573.0,0.195116402517631,6541.0,0.49601880640024265,0.0,0.0,5015.0,0.3802987791006294,4435.0,0.3363160688556912,3294.0,0.24979146128763177,2630.0,0.1994388412830818,6783.0,0.5143702130886479,13187.0,1.0,10209.0,0.7741715325699553,13187,0,0.5442777162282839,0.5609756097560976,13187,0,0.4701969564682564,0.45871559633027525,13187,0,0.003303983526257552,0.0018768518011478483,13187,0,1.6932282005726993,0.8876368207950698,13187,0,0.1918416173237759,0.05160662122687443,13187,0,1.1416424333605295,0.3016150734294598
supplemental_2023_09_legacy,s4_reclaim_volume_proxy,10,54268,14758.0,0.27194663521780793,32228.0,0.5938674725436721,0.0,0.0,15403.0,0.28383209257757797,19219.0,0.3541497751897988,13989.0,0.2577762217144542,8688.0,0.16009434657625118,28226.0,0.5201223557160758,26056.0,0.4801356232033611,44395.0,0.8180695805999852,54268,0,0.5663664253470003,0.5853658536585366,54268,0,0.5020302408769489,0.5,54268,0,0.0022312680924970753,0.0021790869262884524,54268,0,1.7698301009964934,0.8950774193219455,37982,16286,1.1206837490355304,0.42435273923673944,54256,12,1.1088750434035455,0.14674307104219497
supplemental_2023_09_legacy,s4_reclaim_volume_proxy,20,39206,11314.0,0.2885782788348722,22982.0,0.5861857878896087,0.0,0.0,10781.0,0.2749834209049635,14606.0,0.37254501861959904,11261.0,0.2872264449318982,8498.0,0.21675253787685558,21042.0,0.5367035657807478,18880.0,0.4815589450594297,32326.0,0.8245166556139366,39206,0,0.5803519993828503,0.5975609756097561,39206,0,0.5170459680483076,0.5229357798165137,39206,0,0.002900154355181912,0.0026102556985911083,39206,0,1.7588912262365004,0.9109410315094655,28135,11071,1.2762961023011703,0.470952018278751,39197,9,1.037478584795085,0.17014330099629404
supplemental_2023_09_legacy,s4_reclaim_volume_proxy,40,27294,7975.0,0.2921887594343079,15750.0,0.5770499010771598,0.0,0.0,7661.0,0.28068439950172197,10702.0,0.3921008280208104,8029.0,0.294167216238001,6492.0,0.2378544735106617,14245.0,0.5219095771964535,13209.0,0.4839525170367114,22690.0,0.831318238440683,27294,0,0.5775847278147241,0.5975609756097561,27294,0,0.5209253394839527,0.5324675324675324,27294,0,0.0036078455374106396,0.0028722367929636186,27294,0,1.7321427133842104,0.8792674639353844,19649,7645,1.2960066900039475,0.4756536339649795,27290,4,1.0944382495925422,0.2294296812616251
supplemental_2023_09_legacy,s4_reclaim_volume_proxy,60,22664,6902.0,0.30453582774444055,13332.0,0.5882456759618778,0.0,0.0,5990.0,0.2642957995058242,8902.0,0.39278150370631837,6685.0,0.29496117190257676,5511.0,0.24316096011295446,11900.0,0.5250617719731733,10935.0,0.48248323332156723,18894.0,0.8336569008118602,22664,0,0.5733972648145023,0.5975609756097561,22664,0,0.5175433398060472,0.5299145299145299,22664,0,0.003831012676408594,0.0029438913258187423,22664,0,1.7389005025510167,0.8090809981267261,16288,6376,1.3240506486813288,0.47727492717493536,22661,3,1.1817703156441945,0.2743632085095964
supplemental_2023_09_legacy,s4_reclaim_volume_proxy,120,15820,4860.0,0.30720606826801516,7926.0,0.5010113780025285,0.0,0.0,4377.0,0.2766750948166877,5888.0,0.37218710493046775,4870.0,0.30783817951959547,4058.0,0.25651074589127687,8425.0,0.5325537294563844,7664.0,0.48445006321112516,13275.0,0.8391276864728192,15820,0,0.583174277697253,0.6097560975609756,15820,0,0.5155753955241763,0.5245901639344263,15820,0,0.004787315295969645,0.0033550902462026935,15820,0,1.6908121876049365,0.8322767695844249,11289,4531,1.3098878922393051,0.48020384163073304,15820,0,1.528892169454808,0.41231808011595017
supplemental_2023_09_legacy,s4_reclaim_volume_proxy,240,10706,3169.0,0.29600224173360734,5487.0,0.51251634597422,0.0,0.0,3740.0,0.34933682047450026,3731.0,0.3484961703717542,3177.0,0.29674948626938163,2744.0,0.2563048757705959,5500.0,0.5137306183448533,5106.0,0.4769288249579675,8995.0,0.8401830749112648,10706,0,0.5792329808222377,0.5975609756097561,10706,0,0.5070193183823847,0.5142857142857142,10706,0,0.005478554813573043,0.003492448735584518,10706,0,1.674755480527085,0.8825403038592193,7663,3043,1.439212189308889,0.4854261577247998,10706,0,2.0078730383521615,0.44774602837596744
supplemental_2023_09_legacy,s4_reclaim_vwap_support,10,72966,15331.0,0.21011155880821206,43128.0,0.5910698133377189,0.0,0.0,21670.0,0.29698763807800893,24573.0,0.3367732916700929,15710.0,0.2153057588465861,9287.0,0.12727845846010472,31753.0,0.4351752871200285,34903.0,0.47834607899569664,72756.0,0.9971219472082888,72966,0,0.542843208631075,0.5487804878048781,72966,0,0.468159856470636,0.45454545454545453,72966,0,0.0010408463938741928,0.001231199802960759,72966,0,1.7749189308915634,0.921459965305421,49305,23661,0.9143293940381758,0.30055865921787706,72949,17,1.6375870594744477,0.20363721125859935
supplemental_2023_09_legacy,s4_reclaim_vwap_support,20,53886,12041.0,0.2234532160486954,31565.0,0.5857736703410904,0.0,0.0,15769.0,0.29263630627621273,18177.0,0.33732323794677654,12716.0,0.23597966076531937,9125.0,0.16933897487287977,23967.0,0.4447722970715956,25646.0,0.4759306684482055,53729.0,0.9970864417473927,53886,0,0.5497891664697633,0.5609756097560976,53886,0,0.46970979631823095,0.452991452991453,53886,0,0.001322212601049686,0.0014290319973285013,53886,0,1.770552406504398,0.9504411503076275,37276,16610,1.0851960877601183,0.3608305827619407,53875,11,1.5117350822988747,0.2318400088561019
supplemental_2023_09_legacy,s4_reclaim_vwap_support,40,37543,8397.0,0.2236635324827531,21599.0,0.575313640359055,0.0,0.0,11524.0,0.30695469195322694,13157.0,0.35045148230029566,9032.0,0.24057747116639586,7051.0,0.18781130969821272,16139.0,0.4298804038036385,17802.0,0.4741762778680446,37438.0,0.997203206989319,37543,0,0.5433226810492934,0.5487804878048781,37543,0,0.47033948527111236,0.4541284403669725,37543,0,0.0017554268379571735,0.0014934576454741343,37543,0,1.7458816728671034,0.9175811924942665,25989,11554,1.1456362818882773,0.3727810650887573,37539,4,1.519530406574214,0.27980395946616343
supplemental_2023_09_legacy,s4_reclaim_vwap_support,60,31438,7187.0,0.22860869012023666,18255.0,0.5806667090781856,0.0,0.0,9412.0,0.29938291239900755,11049.0,0.3514536548126471,7470.0,0.2376105350213118,5922.0,0.1883707614988231,13437.0,0.4274126852853235,15001.0,0.4771613970354348,31354.0,0.9973280743049813,31438,0,0.5384884534639512,0.5487804878048781,31438,0,0.46607855145551125,0.45,31438,0,0.0018487910580685552,0.0014266228167654025,31438,0,1.7530121918918686,0.8528884421587113,21752,9686,1.1722343221085245,0.38090690231355884,31436,2,1.60690390516423,0.33266574908904845
supplemental_2023_09_legacy,s4_reclaim_vwap_support,120,21669,5066.0,0.23379020720845448,10379.0,0.4789791868568,0.0,0.0,7224.0,0.33337948220960817,7275.0,0.33573307489962617,5400.0,0.24920393188425863,4365.0,0.2014398449397757,9369.0,0.4323688218191887,10303.0,0.47547187225991044,21594.0,0.9965388342793853,21669,0,0.5441346466628068,0.5487804878048781,21669,0,0.46528909511371247,0.4444444444444444,21669,0,0.0024826662444264974,0.001731906680142203,21669,0,1.728011715759636,0.908375557904328,14841,6828,1.1388210772501801,0.37943107221006556,21669,0,2.050731560888231,0.46946582597764674
supplemental_2023_09_legacy,s4_reclaim_vwap_support,240,14648,3381.0,0.2308164937192791,7279.0,0.4969279082468596,0.0,0.0,5541.0,0.3782768978700164,4624.0,0.3156744948115784,3535.0,0.24132987438558165,2928.0,0.19989077007099945,6041.0,0.4124112506826871,6850.0,0.4676406335335882,14599.0,0.9966548334243582,14648,0,0.5413408639820934,0.5487804878048781,14648,0,0.456470122003828,0.42857142857142855,14648,0,0.0030151452084409493,0.0017356794682276855,14648,0,1.7005422204730243,0.9113965283568278,10021,4627,1.2619788791764883,0.40502732240437167,14648,0,2.5605826771463693,0.513885437024766
