sample_group,strategy_id,ma_period,recent_high_breakout_true_fraction,prior_acceleration_true_fraction,breakout_recent_true_fraction,daily_trend_positive_true_fraction,market_supportive_true_fraction,sector_strong_true_fraction,leader_sync_true_fraction,auction_confirmed_true_fraction,volume_normal_true_fraction,not_repeated_cross_true_fraction,sector_strength_rank_mean,sector_breadth_mean,leader_relative_return_mean,vwap_deviation_mean,volume_acceleration_5_20_mean,amount_curve_surprise_mean
primary_development_2022_2023_partial,cs_r3_leader_confirmation,10,0.2472035110453673,0.47083705179769925,0.1566156065477573,0.3722845022555288,0.3559517842516412,1.0,1.0,0.6665362657245198,0.3355847871000868,0.7818983117153021,0.8165339235257351,0.7011992900089761,0.009138713414638578,0.008718061101091742,1.3314117167404982,2.5722642195130523
primary_development_2022_2023_partial,cs_r3_leader_confirmation,20,0.27983955048668097,0.4591514321870001,0.12451550773197928,0.3435975391374247,0.39201095131598845,1.0,1.0,0.694596767133318,0.35761299513717,0.8116071215389146,0.8214246308021886,0.7174643431497352,0.011193612224707904,0.009613747187710901,1.392852837612874,2.3684751226177916
primary_development_2022_2023_partial,cs_r3_leader_confirmation,40,0.29255704555841666,0.47436712035581713,0.06770781081050954,0.2911859456687735,0.4080749980492481,1.0,1.0,0.7065065935413393,0.3596517629223378,0.8245549498935447,0.8252329393845231,0.7258133412683947,0.012934857393448511,0.0102696314109651,1.533564388753248,2.399234259511626
primary_development_2022_2023_partial,cs_r3_leader_confirmation,60,0.2975088288632242,0.5052973179345233,0.044873805205961355,0.2115654699409591,0.40937291209315646,1.0,1.0,0.7081498247862665,0.3633401055372994,0.8326538403850612,0.8265371476344496,0.7275739501933305,0.013844270500227596,0.010498240167366507,1.5774234261135491,2.542610892772067
primary_development_2022_2023_partial,cs_r3_leader_confirmation,120,0.30114540560718284,0.5680858170101574,0.023340340674669443,0.07807619010196663,0.41900626731369967,1.0,1.0,0.7076563390243423,0.3643686516434508,0.8404683785536061,0.8290208744308356,0.7320080107683292,0.015337847538193552,0.010955901974258175,1.6753078905374903,3.1777815439950485
primary_development_2022_2023_partial,cs_r3_leader_confirmation,240,0.3068989764825377,0.5315779878636352,0.09057999322863765,0.3013516680990702,0.4076620569315311,1.0,1.0,0.708440763601323,0.36737245097273225,0.8350391957705029,0.8303673255080792,0.7360950221966377,0.015173395319094521,0.01095008332166709,1.7781757786895336,3.9174423626519403
primary_development_2022_2023_partial,fu_r3_core_pullback,10,0.20633659261306705,0.49530110907646063,0.13892823826141035,0.31176795770998167,1.0,1.0,1.0,0.6498635248592061,0.27986041529903605,1.0,0.8060189743953817,0.8081994045416192,0.01054616098780531,0.0092728493100472,1.244036095896366,3.245634527540244
primary_development_2022_2023_partial,fu_r3_core_pullback,20,0.26721231569113285,0.48939843210528455,0.11009789187213129,0.283053738982087,1.0,1.0,1.0,0.6969616962508631,0.3295625330029652,1.0,0.8131954567861555,0.8172367803829946,0.012988318612033556,0.010493856147947718,1.378889157026468,2.8576632861741387
primary_development_2022_2023_partial,fu_r3_core_pullback,40,0.2831764801605598,0.5006102356865829,0.062379647961812806,0.23997179355048684,1.0,1.0,1.0,0.7167963982533698,0.3404843915272165,1.0,0.8167038081721155,0.8214631741532965,0.014904161920112268,0.011318111525896131,1.5423153951442272,2.8226074290640817
primary_development_2022_2023_partial,fu_r3_core_pullback,60,0.2916392796108847,0.5250427238070199,0.044399894833705794,0.16235046667543052,1.0,1.0,1.0,0.7224924411726041,0.3463257525962929,1.0,0.8194226615918113,0.8231440510480071,0.0158858186129427,0.011650128075489225,1.5428544200908167,2.997609912977947
primary_development_2022_2023_partial,fu_r3_core_pullback,120,0.29499953870283235,0.5682258510932743,0.026709106006089122,0.05807731340529569,1.0,1.0,1.0,0.7188393763262294,0.3445889842236369,1.0,0.8227030818067986,0.8257652190756751,0.017493333761217856,0.012085673495062019,1.6415420084702077,3.669141411243748
primary_development_2022_2023_partial,fu_r3_core_pullback,240,0.30273327049952875,0.5330819981149859,0.08124410933081998,0.2655984919886899,1.0,1.0,1.0,0.7163682060948791,0.3483506126295947,1.0,0.8237118488265313,0.8299099273428637,0.017694548872746792,0.012334488315097503,1.8393636876801134,4.444986718619539
primary_development_2022_2023_partial,ht_r3_core_pullback,10,0.2764969415008185,0.4668820539329715,0.16026535711208753,0.3699319376238477,0.3631429309899199,1.0,1.0,0.8187300766778668,1.0,0.6454036357370552,0.8226972242696082,0.7121969326169406,0.011313973450380758,0.00863121253040299,0.22062745036109796,1.5799862267576437
primary_development_2022_2023_partial,ht_r3_core_pullback,20,0.2849250885317352,0.456845546172705,0.12575320076273494,0.3370743666575865,0.4065595205666031,1.0,1.0,0.8291364750749115,1.0,0.6696050122582402,0.8273065182224298,0.730741387865075,0.013431346678641078,0.009453904688833965,0.24032978705988725,1.452045168123681
primary_development_2022_2023_partial,ht_r3_core_pullback,40,0.28609327424557596,0.4723402972475958,0.06840312321003286,0.281526031774743,0.42897410388592444,1.0,1.0,0.8367399234270899,1.0,0.6778360616200898,0.8311430765047495,0.7399313118701321,0.015382814463354625,0.010029076952171713,0.24185150207536346,1.489757188120744
primary_development_2022_2023_partial,ht_r3_core_pullback,60,0.2879804870892019,0.5071706279342723,0.0448393485915493,0.1991087147887324,0.4292290199530516,1.0,1.0,0.8383582746478874,1.0,0.6848774941314554,0.8329766981195312,0.74201787018321,0.016344055532386437,0.010203036437114173,0.24525770648452214,1.5880750074357586
primary_development_2022_2023_partial,ht_r3_core_pullback,120,0.28578554925435834,0.5754043268220962,0.022185465238395295,0.07012707414408738,0.4354652383952951,1.0,1.0,0.8362213820625919,1.0,0.688589582020584,0.8353352437889816,0.7452566515125202,0.017918467643247758,0.01062656479316374,0.2427042367019774,1.9654520576809456
primary_development_2022_2023_partial,ht_r3_core_pullback,240,0.284186773129665,0.5370248220795001,0.088422148932477,0.2945321992709599,0.42808540183995836,1.0,1.0,0.829474049644159,1.0,0.6865821905919112,0.8365902481779763,0.7499623125800361,0.01748408277949734,0.010493440420028064,0.24488869637533262,2.4200504830428358
primary_development_2022_2023_partial,ng_r1_auction_reclaim,10,0.23021607220766202,0.5265750559287578,0.12486269219225259,0.330884741892264,1.0,0.3199341541374904,0.26916043431039766,1.0,0.48544924020434493,0.8484307458095978,0.5422817359289839,0.6738800715436525,0.0015921960957413482,0.0043610844639620045,0.7813265568733938,1.155131578042299
primary_development_2022_2023_partial,ng_r1_auction_reclaim,20,0.2550631435439314,0.5310067090015427,0.10287285186381086,0.313269113478994,1.0,0.3477828005596814,0.34311878879202096,1.0,0.46930721486743443,0.8605864097872493,0.5587138199972789,0.6877027665130323,0.0037061201332952843,0.005410935380686651,0.9293659939910355,1.1652127095692728
primary_development_2022_2023_partial,ng_r1_auction_reclaim,40,0.2635063079740035,0.5310234277014293,0.0707324761732295,0.2983158614861466,1.0,0.3626498185744851,0.37969241500499673,1.0,0.46218904471585615,0.8651347780304097,0.56697373124482,0.6935750134875946,0.005209232691608002,0.005930555101381864,1.0288287784770678,1.241631367899368
primary_development_2022_2023_partial,ng_r1_auction_reclaim,60,0.26298419611112056,0.5359032373305207,0.05091608117993297,0.25591582600411683,1.0,0.370574826055152,0.3974703570760254,1.0,0.4572410390759233,0.8646377353996904,0.5727786584231266,0.695648768255834,0.0060154021663672815,0.006127058368229105,1.0500128175588832,1.3646158865391713
primary_development_2022_2023_partial,ng_r1_auction_reclaim,120,0.2687466523835029,0.5268612747723621,0.03178896625602571,0.12569630423138725,1.0,0.3822040707016604,0.42600428494911624,1.0,0.44930369576861273,0.8724156400642742,0.5781008248361784,0.698975942847294,0.007370972729304532,0.006620489620274593,1.1090454775228946,1.7740502550905042
primary_development_2022_2023_partial,ng_r1_auction_reclaim,240,0.26754720326212217,0.4982359719882989,0.10061164790355465,0.3146174984487191,1.0,0.3819342256892119,0.41455544721212656,1.0,0.4557042815353249,0.8646751174541264,0.5791599471853163,0.702082794305068,0.007103408307865822,0.006583035422755844,1.1479667863579501,2.0707798129158954
primary_development_2022_2023_partial,ng_r3_volume_quality,10,0.23820496230910193,0.4978742510061206,0.1578199942741617,0.41530614947464806,0.3444760164308857,0.2386993518704195,0.12260608881103094,0.5746950738872767,1.0,1.0,0.5385810081087429,0.48449610168563284,0.0010856763136258907,0.0017514848305499604,0.2236400673913966,0.6914840945785032
primary_development_2022_2023_partial,ng_r3_volume_quality,20,0.23324717054963578,0.4940306874962374,0.14347044127385467,0.42572880922280415,0.34311036361447234,0.24285864788393233,0.15928639154776955,0.5710410270302811,1.0,1.0,0.5348255279113255,0.47861789764597035,0.0014210523162615605,0.0017512205131418102,0.23724940932858174,0.667836450794721
primary_development_2022_2023_partial,ng_r3_volume_quality,40,0.22908211314662422,0.4827398703948696,0.11217963091687781,0.42949357580106284,0.3379515438258179,0.24261441352557347,0.1744399847523376,0.5686200865529072,1.0,1.0,0.5323384924821776,0.4711405238657895,0.0019540414727674473,0.0016576079206724226,0.2395981580394247,0.6817041061409338
primary_development_2022_2023_partial,ng_r3_volume_quality,60,0.22510054287904402,0.4726057844094659,0.085362566897329,0.42280512007392396,0.3276420288485434,0.24019685053150344,0.1799236259139864,0.5636596557915848,1.0,1.0,0.5300079963614562,0.4644061286896133,0.0021781149960929573,0.0014820854253204195,0.2397270034640896,0.714251599604108
primary_development_2022_2023_partial,ng_r3_volume_quality,120,0.2278357131397401,0.4659286592865929,0.05812610300016044,0.28743248302048235,0.32324723247232473,0.24350500026739397,0.18990855125942563,0.5558746457029787,1.0,1.0,0.5324040641573982,0.46163271611581974,0.0028184150595662485,0.0016019085955365619,0.24384820480053412,0.9076045676606204
primary_development_2022_2023_partial,ng_r3_volume_quality,240,0.2238017958003501,0.4540596852034272,0.13286371335227876,0.38543091412899433,0.323102326603216,0.24501973679548145,0.1886015576831766,0.553877553912988,1.0,1.0,0.5319272058626189,0.4607307805541824,0.002957653067674639,0.0016344346467478017,0.24467377314642455,1.0983333998760145
primary_development_2022_2023_partial,s0_distance_only,10,0.14443159345403128,0.5080736437770618,0.14709533226688212,0.4008281829821755,0.3141602348364648,0.2067831509397694,0.08627633683785271,0.44558655359243104,0.5360709200910936,0.9929751056405712,0.5218648044535933,0.4570467890854042,-0.0008632652767309746,0.00016061149132485353,0.5366176981035362,1.20066837322808
primary_development_2022_2023_partial,s0_distance_only,20,0.15076021004724727,0.5045444748151214,0.13341204700694118,0.4105010271562174,0.31591300549533347,0.21202144725071195,0.1204261983012343,0.45654471133763014,0.5228702006435701,0.9923320928617888,0.5190782466570187,0.4538351070036876,-0.0006305780514864332,0.000164578828275852,0.660501799293211,1.1566937692123165
primary_development_2022_2023_partial,s0_distance_only,40,0.15083495542036982,0.4950203227539706,0.10215533190523515,0.41349680379150144,0.30948428265002476,0.2128026970357275,0.13564286392757247,0.46002577381703424,0.5186491571054501,0.991722039732508,0.5166617429973386,0.4474155784854507,-0.0002675335336129507,6.0401021512258175e-05,0.7253902080712632,1.1399808062570917
primary_development_2022_2023_partial,s0_distance_only,60,0.14939320172710957,0.4893263917269319,0.07646902041614101,0.4019012420263331,0.3026510776666252,0.21313989232218056,0.1415874482489028,0.4568933349917376,0.5172568808969598,0.9911405675296292,0.5154637429449141,0.44356804910684844,-0.00014791957687852563,-0.00011204827454260268,0.7574406699043158,1.1815290048597702
primary_development_2022_2023_partial,s0_distance_only,120,0.15405639569365828,0.47541400299005954,0.052588424041828036,0.2766843683294204,0.3015505126011605,0.21713189333085528,0.1526460933805985,0.4545191169758308,0.5170015223612178,0.9901388163846517,0.51768717751222,0.44238097496118234,0.0002650287574455395,-0.0001019626295186536,0.78503440140511,1.4517115413240884
primary_development_2022_2023_partial,s0_distance_only,240,0.14971249682835222,0.4605268330337392,0.12595104762653533,0.3783141485867852,0.3002183523155709,0.21926360592231517,0.1508024715623805,0.45502335404880945,0.51423578476394,0.9900865904518213,0.5185492128004483,0.4425272758871309,0.00039987618137861907,-9.972077166776815e-05,0.8107706701822815,1.7446616236361323
primary_development_2022_2023_partial,s0_liquidity_matched,10,0.03985366102982879,0.5081458167708499,0.16128206091381186,0.40156154839488367,0.3553719715672322,0.23187213998882936,0.145620453463604,0.45729764314450205,0.5281474671177615,0.9088583602079191,0.5187468505088526,0.4733515254358934,8.382936911080872e-05,0.00038368450904625715,inf,2.1715814313535247
primary_development_2022_2023_partial,s0_liquidity_matched,20,0.03973418337937769,0.5069748166879244,0.16114115768763737,0.4044322532737823,0.361434391516108,0.23046310659473643,0.14703132633155847,0.4601448710233911,0.5259193696592953,0.9365935704855171,0.5182906914303554,0.47379672548405655,0.0001173600070920536,0.0003499259823553099,inf,2.180623410615927
primary_development_2022_2023_partial,s0_liquidity_matched,40,0.039674794373152064,0.5052552076212841,0.1586327361916421,0.40302742481418585,0.36193461745014327,0.22855328676137326,0.14680534662127429,0.45627599740364155,0.5235015451493181,0.9583318468838072,0.5175424987907722,0.47222498743467667,8.999126229479932e-05,0.0002984097597615304,inf,2.2084477062462105
primary_development_2022_2023_partial,s0_liquidity_matched,60,0.03988982675128132,0.5033164061189275,0.1584143105283561,0.40128892420448875,0.35992926409096004,0.2272668795597639,0.14610991766277362,0.45137705851990034,0.5205411853904789,0.9668763470914248,0.5167917896394999,0.4712673969118472,9.149522413576117e-05,0.00023065391882772933,inf,2.2814530524776386
primary_development_2022_2023_partial,s0_liquidity_matched,120,0.04136572990370284,0.5111867974180075,0.15411629126588441,0.3882484796522329,0.3662199476817481,0.22643783358356578,0.14691764681975525,0.44308709730616497,0.5171366894442025,0.9797890075397995,0.5164580624765146,0.47337062729995594,6.360473888125223e-05,0.00029738687054957954,inf,2.3314157914836153
primary_development_2022_2023_partial,s0_liquidity_matched,240,0.04201779730965299,0.4997642403025876,0.1605792185006054,0.399575169362541,0.37103064505520666,0.2281449834134484,0.14833083060596264,0.44207305493617816,0.5135675305630719,0.9851158742701408,0.5178476269740215,0.47727009259897535,6.541298128883761e-05,0.00036664279105210504,0.24672602149899758,2.389125831626278
primary_development_2022_2023_partial,s0_random_matched,10,0.030392275097241093,0.513108056102434,0.15472542689167249,0.38507678532243894,0.3317978061190132,0.2201982384325281,0.13764899184457607,0.5065693269925303,0.6513549228920555,0.8632756019141216,0.5149577342622792,0.4545371125140897,-5.0087262643055455e-06,-0.00042722892498865266,inf,1.055496200515087
primary_development_2022_2023_partial,s0_random_matched,20,0.030255812529981132,0.5132618729125257,0.15474144322799696,0.38517479272200894,0.3316483712930003,0.22013226145263243,0.137631100624171,0.5064741317733028,0.6520987496859424,0.9088158678911902,0.5148979815937819,0.4544806591613837,-1.4895245727136215e-05,-0.0004280287532889668,inf,1.0528702130471828
primary_development_2022_2023_partial,s0_random_matched,40,0.030184866386872032,0.5135340276436006,0.15484039764390298,0.38539754908919827,0.3319797170244051,0.22019067309077062,0.1377421403213316,0.5066372214332462,0.6518737510845929,0.9397325123655118,0.5149883751596287,0.4545379810624588,-1.8781552189434228e-05,-0.0004282903048202248,inf,1.051743990547869
primary_development_2022_2023_partial,s0_random_matched,60,0.030169926020016363,0.5138556383936962,0.1549287468632287,0.3856069150887834,0.3316373978265736,0.22013974481226037,0.13745667108278256,0.5065299457015175,0.6518225516261212,0.9520513401035715,0.5149571907619779,0.45455737046933836,-1.989494829549542e-05,-0.0004318055687191367,inf,1.0515316228514875
primary_development_2022_2023_partial,s0_random_matched,120,0.030242896472376882,0.5141092083906889,0.15511269081420911,0.3860261335853553,0.3318246255624268,0.22020062457625378,0.13751309761058492,0.5066933926406837,0.6515640087933762,0.9688644114806977,0.5149636602537873,0.4546027326408517,-1.8473106074797025e-05,-0.00043227180284700933,inf,1.053147929357013
primary_development_2022_2023_partial,s0_random_matched,240,0.03020635542419567,0.5136310524180789,0.15535982806422421,0.38652050544042943,0.331882827233583,0.2200033679524113,0.1374292207780486,0.5068201036328757,0.6511845728180452,0.9762177688114713,0.5149286634481932,0.45453114155727753,-1.532477385838371e-05,-0.00043089808489438957,inf,1.054627501814856
primary_development_2022_2023_partial,s0_strong_no_ma,10,0.40085474401720295,0.5177754576427245,0.15058492066195098,0.38291251851181995,0.41834599164046726,0.30148576072569855,0.2483496440915438,0.4942887879147323,0.4564207388755853,0.9477429379095061,0.5705229970556255,0.5484201371972167,0.006875683680751241,0.006994398105406883,inf,3.5069326981600453
primary_development_2022_2023_partial,s0_strong_no_ma,20,0.40096061264904564,0.5179941571346579,0.15064852515528004,0.38307425420635194,0.4183893406773518,0.30148738696558136,0.24829122918119403,0.49421264951561084,0.4564366980820057,0.9685862274981245,0.5705062138746653,0.548454732975254,0.0068489497543245586,0.006995064036107709,inf,3.5069326981600453
primary_development_2022_2023_partial,s0_strong_no_ma,40,0.4010045525215209,0.5182961989825159,0.1507363681517468,0.38329762440081,0.4184269847847618,0.3015044775768477,0.24823321606696233,0.49417577024020504,0.45642657920182456,0.9800864655798219,0.5705017537707384,0.5484889556417538,0.006829243001076516,0.006992908804169204,inf,3.5069326981600453
primary_development_2022_2023_partial,s0_strong_no_ma,60,0.4009538903966996,0.5185552853584882,0.15081171838473775,0.3834892275663739,0.4184508984624251,0.30151052249317073,0.2481861674130575,0.4941411016787177,0.45641420720357795,0.984224346552733,0.5704975066579819,0.5485010976623442,0.006820586687972794,0.006990087471869047,inf,3.5069326981600453
primary_development_2022_2023_partial,s0_strong_no_ma,120,0.40073854199795045,0.5187880608266487,0.15098472266393395,0.3838527863175377,0.418518322202198,0.3015230220149122,0.2481318538935416,0.49408341873093276,0.4564230773761146,0.9902487720414149,0.570490103694351,0.5485369577434296,0.006808242671607363,0.006982694022568026,inf,3.5021022228290986
primary_development_2022_2023_partial,s0_strong_no_ma,240,0.4002762009598456,0.5183739850856212,0.151175686748384,0.3842758178728979,0.41849056648391214,0.3015455903026978,0.24803579261753617,0.49399771330198483,0.45643627455037533,0.9923630907549532,0.5704803119015132,0.5485582197222273,0.006790811491220443,0.006971763840556177,inf,3.504651400437775
primary_development_2022_2023_partial,s1_break_reclaim_stable3,10,0.07432712628304528,0.500314429423455,0.15415965455807182,0.4122374461821759,0.3435154574344449,0.24500823605618366,0.13450860297799833,0.5101746001917022,0.49828402373076025,0.7237356945110807,0.5427802221086245,0.48811787177184157,0.0010967046409411203,0.0024528644028824877,0.8975549549703593,1.3220773770828553
primary_development_2022_2023_partial,s1_break_reclaim_stable3,20,0.07509896763176278,0.49551191492664753,0.13984475665605836,0.42178685088876816,0.3413661414266863,0.24837693083909027,0.1681999534269968,0.5111651012962819,0.4889342544438407,0.7249895210742839,0.5393777930624764,0.4817126504396979,0.001499528881529624,0.002532538570400091,1.0122413634240994,1.2641248067698283
primary_development_2022_2023_partial,s1_break_reclaim_stable3,40,0.07447701259700899,0.48467622057365056,0.10675439184581205,0.42370937874945386,0.33406000975580435,0.24787372012862866,0.18328659640329847,0.5088877227132232,0.48639851304896625,0.7292533110783863,0.5371231566554188,0.47468225157936145,0.0020376666593498486,0.0024941081305770193,1.075370671547423,1.2693393189349873
primary_development_2022_2023_partial,s1_break_reclaim_stable3,60,0.0740537307252095,0.47676097246746074,0.08079739110929618,0.4145438754910363,0.32448653280956136,0.24418377265381008,0.18614228116893947,0.5023696273588433,0.4839705061915142,0.7320221778715915,0.5343369474197943,0.46848419864074087,0.002190497523621018,0.0023183834735241355,inf,1.326988339365227
primary_development_2022_2023_partial,s1_break_reclaim_stable3,120,0.07677362222936923,0.4719599610536658,0.054388291427841344,0.27617532899519337,0.3229285528617185,0.2512126672511554,0.1983663686949013,0.4983588790152393,0.4839126086554263,0.7364249556126338,0.537670567663884,0.4672508254044494,0.002915864920204038,0.0025052032043487655,1.1283235733471113,1.6524095775830678
primary_development_2022_2023_partial,s1_break_reclaim_stable3,240,0.07499299785267483,0.4564524787601531,0.13099850620857062,0.38365932219213894,0.32128769489310055,0.24960321165157315,0.19517902156661376,0.49797521239846887,0.4842510036411166,0.7327805527028288,0.5366143445255424,0.4660683225827016,0.003078713904828664,0.002507436504840339,1.1640258675003319,2.011080375063227
primary_development_2022_2023_partial,s1_near_reversal,10,0.19506738890376385,0.5066683882906333,0.15078336531012204,0.41107627375088523,0.34024068936781016,0.23432992124362512,0.1217602707280093,0.5037065085307524,0.5296948447924308,0.937569214828569,0.5370846412257431,0.48344833254258723,0.0006550387095744695,0.0019157739091757414,inf,1.0667082488322386
primary_development_2022_2023_partial,s1_near_reversal,20,0.19329511738441596,0.5022393777905805,0.13831715396802535,0.4240414806279706,0.332061644822123,0.23185481780210285,0.14929338902491718,0.4978021028373902,0.5199446924960391,0.9382019300014403,0.5303579893061815,0.47130965364655636,0.0007230530459482862,0.001780039532229255,inf,1.0330071908312832
primary_development_2022_2023_partial,s1_near_reversal,40,0.18917161234086166,0.4899775614506403,0.10827025683456422,0.43147730097279113,0.32003704573854835,0.22838970210186896,0.15985508578744326,0.4932684351920896,0.516951489831149,0.9383774102713396,0.5260043044211178,0.4606019014121719,0.001000767226102214,0.0016133865395706062,inf,1.0189592087119963
primary_development_2022_2023_partial,s1_near_reversal,60,0.18525923927016513,0.47802612259815097,0.08252607691441417,0.42907652982085603,0.3113824748686327,0.22595176222358684,0.1628317117377456,0.486689033990825,0.5155802790745112,0.9382015906439707,0.5232769502502492,0.4541719203439133,0.0010401966555603655,0.0014001092456623113,0.7872136608674507,1.060495319370315
primary_development_2022_2023_partial,s1_near_reversal,120,0.18848052768134957,0.4637006402978677,0.0569822568454942,0.3006029989628287,0.3084161379928609,0.22870772381796825,0.1733646556885738,0.48153867798284905,0.5173194520332811,0.9366147644770465,0.5242201049014555,0.45127113377331646,0.0014684723411453955,0.001432440924866462,0.8095702653189686,1.300451846024419
primary_development_2022_2023_partial,s1_near_reversal,240,0.18425762589650155,0.4512444793531025,0.1325084016841997,0.3891385430213444,0.30666683834859154,0.22867603191566985,0.17021404443986626,0.48068792947306527,0.5164363982848976,0.9356321543077141,0.523776776220423,0.44984347411874964,0.001576587509750568,0.0014074656922302754,0.8133338567124542,1.5319070252586415
primary_development_2022_2023_partial,s1_touch_immediate,10,0.17614563124163513,0.4993186138752332,0.1542973673126554,0.4104920453455148,0.3062456600257268,0.20870824477210967,0.10118665263780993,0.41047578314683303,0.4835190747459438,0.98912953329116,0.5240662838409855,0.45363363695989084,-0.000613119580830381,0.0004320089118720931,0.8699148431142452,1.9356642100802786
primary_development_2022_2023_partial,s1_touch_immediate,20,0.18312814319447698,0.49517818194927626,0.13946920946217953,0.4188702825795675,0.30782606605740515,0.2165534065168148,0.13700091929989006,0.4231291045538391,0.47250452139325005,0.9894346606101027,0.5223034398417051,0.45125076036224165,-0.0002525539122658369,0.0005196256426298347,1.0091791152987752,1.7883000634270556
primary_development_2022_2023_partial,s1_touch_immediate,40,0.1829498437480435,0.4846279199975672,0.10599553156969267,0.420590555477047,0.30197143996866016,0.21877241593966726,0.15319668069684617,0.4272699464968973,0.4670421960778702,0.9901794706215912,0.5204996668850599,0.445507687824547,0.0002301533911259306,0.00048448958347056397,1.0953512353646113,1.74767378769675
primary_development_2022_2023_partial,s1_touch_immediate,60,0.1821320422692476,0.4807590956596307,0.07923697397922268,0.4063368140849851,0.29641622524542427,0.2179742561344898,0.1596954863375287,0.4244120090398306,0.46430294151801266,0.9902299261270757,0.5191190363675777,0.44129330665360433,0.000447065603176379,0.0003635150351566937,1.1443889020883982,1.808165145414944
primary_development_2022_2023_partial,s1_touch_immediate,120,0.18570050409663438,0.4737489299835591,0.05402054431566504,0.2703846624183051,0.295096946886422,0.22299822003614278,0.17034661738929577,0.42085614902781365,0.4621044336046306,0.9909710993654632,0.5217407703900553,0.4407060591270777,0.0009588514226425641,0.0004232667490550796,1.1878458662196871,2.2315276157894792
primary_development_2022_2023_partial,s1_touch_immediate,240,0.18417856262465546,0.4606951572059252,0.12835981444546535,0.37710149474486254,0.2929655110593192,0.22405485960155078,0.1680030477556417,0.4209219460816171,0.461466060103534,0.9910225668377294,0.5223158281050502,0.44026934767489334,0.0011691448041275447,0.00046944125277722116,1.2412360856216078,2.7602983303944852
primary_development_2022_2023_partial,s1_touch_reclaim,10,0.2237042442147602,0.4996275911778708,0.15435344578270369,0.41091687318967934,0.32032942830574007,0.22309468616659178,0.12087491601891855,0.4518435793960481,0.4989450641370749,1.0,0.5332812808552065,0.46833010009224896,0.0006168678407747701,0.002113043799141904,0.8134586351611888,1.6303612799494855
primary_development_2022_2023_partial,s1_touch_reclaim,20,0.22914099902304072,0.4952946853678324,0.1393764554129198,0.41925753724739423,0.3212473521510855,0.22975899479700154,0.15699064985542843,0.45937335228520376,0.4872383872677092,1.0,0.5310629196155718,0.464741447345119,0.0010156355072931812,0.002245871813729721,0.9485212714207346,1.5132940754122262
primary_development_2022_2023_partial,s1_touch_reclaim,40,0.2291990150410138,0.48505701155915243,0.10561842249721608,0.4200210950610894,0.314861431327342,0.2314163490644458,0.17257171536567387,0.4609349268338587,0.48201038284791164,1.0,0.5295525901547584,0.45903066809459286,0.0015388520221332506,0.00225455429786167,1.030428279044746,1.4938372020510158
primary_development_2022_2023_partial,s1_touch_reclaim,60,0.22610710645381282,0.48001867482101257,0.07931421364093012,0.4067908884472766,0.30820787715683184,0.22988851327403345,0.1779681110320772,0.45636227197285795,0.47962513474470003,1.0,0.5275124533887633,0.4539629358808667,0.0017524090423884464,0.002114938619308481,1.0612525088984426,1.5555940988503283
primary_development_2022_2023_partial,s1_touch_reclaim,120,0.2305023731370594,0.4749522945303952,0.05380355429087827,0.2698803909047795,0.3066817531713401,0.2353270672058972,0.18980615335207943,0.45274824582040335,0.4778500983983659,1.0,0.530508819962339,0.4533826438458445,0.0023730289911816217,0.002285273659557247,1.1071137505949626,1.930733337277918
primary_development_2022_2023_partial,s1_touch_reclaim,240,0.22839208112023177,0.46000650380866975,0.1292631973117591,0.37980764493146363,0.30500891810128206,0.23661545738527184,0.1881128115176539,0.4531824318331872,0.4764729648498704,1.0,0.5309647580798681,0.4529099075376751,0.0026003377255601774,0.002329244303381565,1.1589426907096823,2.3804910059747235
primary_development_2022_2023_partial,s2_first_touch_reclaim,10,0.3229182940165599,0.5658490860802999,0.23230745196063116,0.2972972972972973,0.4411810654585221,0.2615216372441806,0.21715356975472583,0.47023902515231997,0.4407123886892673,1.0,0.5484102117531799,0.5273168079912007,0.001640852897105218,0.005346424806045681,1.5882305259169502,8.258026012004159
primary_development_2022_2023_partial,s2_first_touch_reclaim,20,0.302006422748607,0.5784041939999451,0.24085307276370324,0.3500397990832487,0.40394697115252653,0.2611368813987319,0.2526006642329756,0.48244723190514094,0.4068015260889853,1.0,0.5400977076812411,0.5098357834903227,0.0023232858196858587,0.004447154551930417,1.6298240550305831,2.916062590528582
primary_development_2022_2023_partial,s2_first_touch_reclaim,40,0.26428054281842317,0.5346501568678411,0.19369929641524494,0.39792451779382554,0.3368295988267399,0.2480368314552509,0.25950953273804,0.4712532719475746,0.38043700224627325,1.0,0.5313741841760615,0.4621419346535262,0.002987124035459297,0.0034085171371676837,1.92006389236926,2.6375504243722765
primary_development_2022_2023_partial,s2_first_touch_reclaim,60,0.262908987578144,0.5087886660712836,0.15204595274823415,0.43547535925955994,0.3065478606803605,0.25367378420069825,0.268957538361614,0.4614151173175286,0.3804294876999269,1.0,0.5281895311558722,0.44386600491814787,0.0038163050579190427,0.0031135167360089645,2.029863651208726,2.8626860928508413
primary_development_2022_2023_partial,s2_first_touch_reclaim,120,0.2586484312148029,0.4835880933226066,0.08098685974792169,0.31995172968624297,0.28031643872351836,0.2544113703405739,0.27849289353714135,0.4466613032984714,0.3608205953338697,1.0,0.5287497682495156,0.4293930136504051,0.00580675187851435,0.0035664157867645483,2.3424386435927063,3.957178310326338
primary_development_2022_2023_partial,s2_first_touch_reclaim,240,0.25790125641479383,0.4653689612457972,0.09948681649265617,0.34425765351265264,0.2625376039639002,0.2574765528225093,0.2754556715625553,0.43864802689789417,0.3591222792426119,1.0,0.5305313819688916,0.4204047250616227,0.007040301205126164,0.0038432034866214978,2.51998160688626,5.438358613517403
primary_development_2022_2023_partial,s2_reclaim_acceleration,10,0.22274981120784235,1.0,0.04817940241938931,0.1339587221976832,0.32878332359688245,0.21482410270293376,0.11940569653619823,0.4547094738041976,0.49211881794736617,1.0,0.5312903681763338,0.4681975080535456,0.0006850307190822239,0.002103839709655848,0.8410049323649467,1.2133424394113805
primary_development_2022_2023_partial,s2_reclaim_acceleration,20,0.2298165831747119,1.0,0.03615506938194715,0.10882094493247638,0.3348199945312106,0.22036301080749596,0.1548384185110557,0.4642073042850354,0.48190122729191387,1.0,0.5284844854973793,0.46663574866216473,0.0010535653551794523,0.0022014480172737063,0.9769661894067653,1.1174606285857644
primary_development_2022_2023_partial,s2_reclaim_acceleration,40,0.23518475106501652,1.0,0.019053085112402692,0.06280970357376704,0.3320305237375411,0.22803883369574882,0.17963413549758703,0.4800172989402378,0.4759431560057232,1.0,0.5314980890729043,0.46630719320092967,0.002080504765726436,0.002499882138738888,1.095127053980997,1.2180637795510867
primary_development_2022_2023_partial,s2_reclaim_acceleration,60,0.24301987483386717,1.0,0.015337688856751486,0.0707814990401214,0.3336354701877492,0.24394665417381695,0.19980751506016428,0.49000656893048644,0.4712214646168888,1.0,0.541013626161546,0.47497141583740654,0.0030614679733321597,0.0028937060885727848,1.1720860827345714,1.4870109069531703
primary_development_2022_2023_partial,s2_reclaim_acceleration,120,0.25622115467775797,1.0,0.025788799169726467,0.15408021260034438,0.3333359541462571,0.2723863287914645,0.23308199737394544,0.4998073702501042,0.46401754896333747,1.0,0.5580271969037062,0.48638038440788556,0.005136738348625694,0.0037765115702091275,1.2846901305089655,2.485014248183777
primary_development_2022_2023_partial,s2_reclaim_acceleration,240,0.24858079304213707,1.0,0.06649386259934449,0.191105588997665,0.3227437287118956,0.259730939782781,0.22152481737751975,0.4857329534500118,0.46717079754075536,1.0,0.5483876777529384,0.4753735634419394,0.00454652882114075,0.0034537460689273805,1.3026979378218246,2.8343880281991276
primary_development_2022_2023_partial,s2_reclaim_breakout_recent,10,0.22658065111237943,0.15595219564503018,1.0,0.9641352035374762,0.2888727465596661,0.22905965167159584,0.10813631044005143,0.40931181791452637,0.5308001406688689,1.0,0.5299690936317109,0.449421439279935,-0.001388729806009831,0.001580371501923464,0.7766302395284517,4.973094840835609
primary_development_2022_2023_partial,s2_reclaim_breakout_recent,20,0.21329446504212304,0.12848234417305823,1.0,0.9758771309163294,0.2730403117010538,0.2116246379682827,0.11716148265549675,0.38460740195662224,0.5225898357531675,1.0,0.5104819472440827,0.42472396154684516,-0.0027426211565304793,0.0009555242533817356,0.8273499226625777,3.8886216525923447
primary_development_2022_2023_partial,s2_reclaim_breakout_recent,40,0.18838750394446196,0.0875020882445752,1.0,0.9360533105637332,0.2485846342323613,0.1669481929723609,0.08753921259257884,0.33577116551890557,0.5379132403987155,1.0,0.47306646312440137,0.38110194572268485,-0.005412067576126582,-0.0008663200778896398,0.7534588293236694,2.8810451942430784
primary_development_2022_2023_partial,s2_reclaim_breakout_recent,60,0.17104289940828402,0.09282544378698225,1.0,0.8722263313609467,0.2385663214990138,0.1515655818540434,0.08105276134122288,0.3046412721893491,0.5392011834319527,1.0,0.45249581666849603,0.36108493685873444,-0.006807629772836433,-0.0021815776016332975,0.7676244704653428,2.7884975999300354
primary_development_2022_2023_partial,s2_reclaim_breakout_recent,120,0.1667129372570794,0.22765130483064963,1.0,0.6356191004997224,0.22799833425874513,0.125694058856191,0.0694752915047196,0.2701277068295391,0.540047196002221,1.0,0.4361452785146804,0.3376968736425842,-0.008004766208643512,-0.0028502916703658514,0.7735093386509656,3.350577760690374
primary_development_2022_2023_partial,s2_reclaim_breakout_recent,240,0.19801791499904708,0.23663045549838002,1.0,0.8969315799504479,0.2684581665713741,0.19039451114922812,0.11179721745759481,0.36195921478940346,0.5028778349533066,1.0,0.499026939556292,0.4070251598685692,-0.002422272874969473,0.0003756750708954523,0.876499954554465,4.528883269468474
primary_development_2022_2023_partial,s2_reclaim_bull_stack,10,0.21408195922911014,0.11849598950412976,0.5525837135104511,0.9777956684656747,0.2724950552126507,0.22487600759360307,0.10021767003607955,0.39300871674071425,0.5145361839162715,0.9920088260726958,0.5246749198814972,0.438198021063447,-0.0016128343850738691,0.001256690649423829,0.7940330889526761,4.7268939165299075
primary_development_2022_2023_partial,s2_reclaim_bull_stack,20,0.1816242315358055,0.11049041349689807,0.49894730932262865,0.9723773966257755,0.24572607584987227,0.17504140583330993,0.06985655335036353,0.32661482749908766,0.5158043960362687,0.9892906268422087,0.4820552347231623,0.3944528942225959,-0.005531491340384928,-0.0004581841389800039,0.7760931422360511,3.374089342084953
primary_development_2022_2023_partial,s2_reclaim_bull_stack,40,0.14191385956091837,0.09679906150494386,0.3191553544494721,0.9497569968158204,0.21139601139601139,0.1241159711747947,0.046522540640187696,0.26978381096028153,0.506251047427518,0.9833417127534775,0.4399677702673336,0.3414262609429291,-0.009027490972805885,-0.0027785804237952455,0.7772174840654525,2.555310453835031
primary_development_2022_2023_partial,s2_reclaim_bull_stack,60,0.11935163238779724,0.1314320666717639,0.29352396972245587,0.9145194586742106,0.1889288171878584,0.09304992736447741,0.03654713663124092,0.23625659454086703,0.4992736447740653,0.9799678874531692,0.4051865137686573,0.3025366241040876,-0.011103854895605616,-0.004555076110265159,0.7915697704020737,2.658872337170251
primary_development_2022_2023_partial,s2_reclaim_bull_stack,120,0.12363194162950952,0.30644507498986623,0.2813133360356709,0.7494933117146332,0.15889744629104174,0.06526145115524928,0.024726388325901905,0.1722740170247264,0.4847993514389947,0.984596676124848,0.3950116225535089,0.2636672601545557,-0.015080578440446293,-0.006106919118239333,0.8175580587374162,4.061623506949548
primary_development_2022_2023_partial,s2_reclaim_bull_stack,240,0.10803324099722991,0.2077562326869806,0.3878116343490305,0.7479224376731302,0.17174515235457063,0.04155124653739612,0.0110803324099723,0.13019390581717452,0.45429362880886426,0.9778393351800554,0.38992596012448283,0.23473141042882775,-0.01797828049528619,-0.007572541983675571,0.8291287118030415,6.16887956671427
primary_development_2022_2023_partial,s2_reclaim_daily_trend,10,0.20793288491773032,0.1628783777345628,0.36215984442606125,1.0,0.27526235777674796,0.21256718654579945,0.08611788450627363,0.40703461000402796,0.5111504762069757,1.0,0.5230937467700155,0.4398556198262786,-0.0011348676534660774,0.0012230621641397725,0.7494640591979274,2.8174172257452197
primary_development_2022_2023_partial,s2_reclaim_daily_trend,20,0.20015367486788666,0.12855686754167256,0.32441705477411364,1.0,0.26248608301579085,0.20096909253422401,0.10039986827868466,0.39249188502610904,0.5031189725737404,1.0,0.5085569624027177,0.4204332071080277,-0.001877895625004415,0.0007874415746034604,0.8224994840866566,2.275810321109013
primary_development_2022_2023_partial,s2_reclaim_daily_trend,40,0.1884886646346871,0.07253513566497542,0.23537978258129863,1.0,0.24764634220340645,0.18078238992536444,0.09041686698624446,0.3711241078971812,0.5024248393164708,1.0,0.49343855347858245,0.3979922968970685,-0.002772707495941237,3.130925059049361e-05,0.8186865580518292,1.8117859228388662
primary_development_2022_2023_partial,s2_reclaim_daily_trend,60,0.16431219617716514,0.08352311306866321,0.17006267237908676,1.0,0.2163969691325013,0.14449498560878735,0.05706010659712416,0.3295978271972888,0.5042753017948456,1.0,0.46867942513932964,0.3632114847226162,-0.004443302078661403,-0.0012345108225822858,0.7846892853677709,1.5854602243603082
primary_development_2022_2023_partial,s2_reclaim_daily_trend,120,0.14779095349448604,0.27115993967151414,0.12671749387721215,1.0,0.17450983105256604,0.10506288829544354,0.0315479237868578,0.2713813286103693,0.5266842855363839,1.0,0.43795373201790694,0.30931829133127975,-0.0077304438811020134,-0.003259117823622117,0.8223484161143775,1.9636279464234676
primary_development_2022_2023_partial,s2_reclaim_daily_trend,240,0.20585068430952844,0.23145877926963743,0.30526042680158266,1.0,0.26708179282610106,0.20865278588571057,0.1345138483492249,0.3996756826879419,0.4887980800415126,1.0,0.5126248001044167,0.41736853901426846,-0.0006033469409827608,0.0008134613084363126,1.0273150463041436,3.1997699926235614
primary_development_2022_2023_partial,s2_reclaim_positive_slope,10,0.14602551264910504,0.5023019562432521,0.19363656875194626,0.5177154599344003,0.25409718376305046,0.17534398815550745,0.05371231234255048,0.3802992076944449,0.5026935405373655,1.0,0.5075214453981683,0.4120522886043916,-0.0022819565742056326,-0.00027791985798468884,0.7157861557506344,2.2486378076934854
primary_development_2022_2023_partial,s2_reclaim_positive_slope,20,0.16343591927014298,0.4960141172816199,0.2379479599296278,0.5658212899960636,0.2571262548769156,0.18153238914640252,0.08518033541932772,0.3871701973259641,0.4993426038244123,1.0,0.5003855567989157,0.4080379046518921,-0.0022691274430504085,-4.4174396804714555e-05,0.8072514513531834,1.917470000820046
primary_development_2022_2023_partial,s2_reclaim_positive_slope,40,0.17636096614504446,0.334899094670404,0.18891901115461157,0.6302182990847006,0.26052095755572513,0.19140761305116397,0.10949464893074477,0.3990774150750223,0.49647799562098094,1.0,0.5039266217251912,0.41129220633880664,-0.0015775683088734697,0.00016293098692519712,0.8699940898941426,1.6631761684167818
primary_development_2022_2023_partial,s2_reclaim_positive_slope,60,0.17759380680809836,0.21750516818794458,0.1417882170111326,0.6782389309645206,0.2693165521111628,0.18985356401118536,0.12396456373778701,0.3983845515547732,0.4944001304637699,1.0,0.5004861206966433,0.4111123413526874,-0.0011963172447122822,2.3184328807413477e-05,0.8669393283414017,1.6001115948153495
primary_development_2022_2023_partial,s2_reclaim_positive_slope,120,0.19521852820321256,0.3359581621217781,0.05987299215539783,0.2327306686589466,0.26813597310422116,0.20032125513634666,0.14496824803884945,0.4098319013821442,0.49049682480388496,1.0,0.5042396396832598,0.41658925545012815,-0.0004662838913745143,0.0006106698917322977,0.9104546916973477,1.427206717020171
primary_development_2022_2023_partial,s2_reclaim_positive_slope,240,0.20906712825649354,0.5560082852780722,0.07247673412231483,0.23461340231248723,0.29882430737214705,0.2188402555599856,0.17018855814767633,0.4326723911584803,0.48273414176383067,1.0,0.517719659455039,0.4376560871475833,0.0009527506020739516,0.0013375158557162128,1.0435858057298424,1.8240496737541052
primary_development_2022_2023_partial,s2_reclaim_recent_high,10,1.0,0.49815089993588163,0.15749105837807942,0.4056518343619617,0.3771890640241401,0.26811950929715966,0.17388377866712856,0.6008617991424552,0.6922273982843026,0.647484342665439,0.5527159223445862,0.5132362439055237,0.003007367854453462,0.006038993495892724,inf,0.668680667274614
primary_development_2022_2023_partial,s2_reclaim_recent_high,20,1.0,0.49442726067044585,0.1390462289963195,0.4079317489115479,0.3866032837702581,0.28096185955296077,0.21851509598938998,0.6045535369328131,0.671744980241798,0.6524589867623435,0.5550415039535073,0.5173661571933208,0.003856093145791434,0.006458768771334049,0.9704727138508656,0.6365721749115515
primary_development_2022_2023_partial,s2_reclaim_recent_high,40,1.0,0.4871390774962541,0.1020234608064146,0.40145583887906483,0.3857264345783669,0.2841315586992616,0.23826284742376588,0.605431892118087,0.6631626192950959,0.6556573210404827,0.5559568560548114,0.5155258105422019,0.004728493093121972,0.006696301080400377,1.0251220415976352,0.6359733686209461
primary_development_2022_2023_partial,s2_reclaim_recent_high,60,1.0,0.4861999348195051,0.0754062141560184,0.38185188790647867,0.37697181578468425,0.2841827254758388,0.24587013844506428,0.6016202008744345,0.6603207388251428,0.6563464216331524,0.5559662334311638,0.5116953589062443,0.005162507701532382,0.006721086703921374,1.0492717262586992,0.6717701304427859
primary_development_2022_2023_partial,s2_reclaim_recent_high,120,1.0,0.4897153690367581,0.04993820809959172,0.24172603218355107,0.3732166081099443,0.29021488052487526,0.25910540857063363,0.5981326552400179,0.6587145990643866,0.6642661645670361,0.559562273622419,0.5111430936949789,0.006149286347020811,0.0071642662964601705,1.0993842452121292,0.8760677398042783
primary_development_2022_2023_partial,s2_reclaim_recent_high,240,1.0,0.47369966153208537,0.12756441251640532,0.37114906403260345,0.3766491676452304,0.29169544795192376,0.260870691441597,0.6005301512744353,0.6549699523381917,0.6609535815431374,0.5603679396842264,0.5136277228633,0.006303972035544098,0.007204210760526916,1.1576913562034117,1.1008707967441644
primary_development_2022_2023_partial,s4_auction_confirmed_reclaim,10,0.25388615172972345,0.5010432477530324,0.14185010260158562,0.3839998966086191,0.3570678778775473,0.2772870676050392,0.16247237511541782,1.0,0.49092094436538514,0.9252063878641494,0.5657540194506679,0.5171892719451386,0.0034453584975508173,0.0034328706116740207,0.8981232849534407,1.1412550280649343
primary_development_2022_2023_partial,s4_auction_confirmed_reclaim,20,0.26802986575949816,0.4985138352548066,0.12079702464853337,0.3754481698696017,0.37473584689804934,0.2966609321069866,0.21577989651889923,1.0,0.4747848460842743,0.93405831982438,0.5733425266433447,0.5286510541259024,0.0047690548362696,0.004146643368571227,1.0518484132281343,1.12420289618384
primary_development_2022_2023_partial,s4_auction_confirmed_reclaim,40,0.2710840834902801,0.49841648540800215,0.0814318732151019,0.3609019387923797,0.37610821709547443,0.3055583469209799,0.2411999053456989,1.0,0.4665808726996898,0.937910668382546,0.5775902595513693,0.5309601077413678,0.005881221762799535,0.004464620404318416,1.1599651013609151,1.1583059440210073
primary_development_2022_2023_partial,s4_auction_confirmed_reclaim,60,0.27126768390856265,0.5039474652042792,0.0567070130846621,0.3263809998610623,0.37244701978636285,0.3071463013967325,0.25154261709587517,1.0,0.46386393912894236,0.9396356563171703,0.579055416554816,0.5300291996274394,0.006462585702829733,0.004540718078602853,1.1925787902349083,1.2395046345828598
primary_development_2022_2023_partial,s4_auction_confirmed_reclaim,120,0.2774251523531682,0.5126913511495308,0.034362521437024195,0.17414773985736073,0.3713683624328412,0.3156985463957322,0.2700274014213301,1.0,0.46148929572651737,0.9404762658127718,0.5851465836975439,0.5320375339919274,0.007646284725720429,0.004972292658583339,1.262865210537226,1.6082046111783097
primary_development_2022_2023_partial,s4_auction_confirmed_reclaim,240,0.2766427388183324,0.485701855663203,0.10950755484162442,0.34487057209310107,0.36699128223148103,0.317345180128173,0.2644696551377943,1.0,0.46154811505446514,0.9403393403945585,0.5857038852851392,0.5325331192878945,0.007589669439751005,0.005013713341583074,1.317415208486024,1.96559466692266
primary_development_2022_2023_partial,s4_reclaim_amount_acceleration,10,0.22331119627863433,0.4978944808519353,0.15717430736374008,0.4155854129487142,0.3236712281676955,0.22542768643398378,0.12365148035458295,0.4539162839004125,0.5191562929697785,0.9441136888914894,0.5343342758495279,0.47059083313709893,0.000674189213093802,0.0022180778778859017,inf,1.681859878557221
primary_development_2022_2023_partial,s4_reclaim_amount_acceleration,20,0.22878298356023805,0.49310262629473056,0.14153925301234027,0.42268921483201327,0.32390923452147996,0.23193168212958687,0.15971093384904833,0.46066348923745737,0.5034079477030526,0.9520719056090738,0.5320270165612799,0.4666596133675214,0.0010846749066712794,0.0023446908285553224,1.0979607785278334,1.5555534137080378
primary_development_2022_2023_partial,s4_reclaim_amount_acceleration,40,0.2293697947642763,0.48339430930939953,0.10653273979378305,0.4213750332914812,0.3177138714838689,0.23356902700765153,0.1754526139569904,0.4619515916832373,0.4955634720862194,0.9565458561367464,0.5305963134386097,0.46097257034588446,0.0016238200382712794,0.002356500690940934,1.1671353979603631,1.5305005906284048
primary_development_2022_2023_partial,s4_reclaim_amount_acceleration,60,0.22599944658691204,0.4798315829359312,0.0798510271795626,0.40625755645685996,0.31090348425888764,0.23160088446380006,0.1809062513243275,0.45728124602701753,0.4908350305498982,0.9603063216227468,0.5283623751715966,0.45572034232153846,0.001843228765144227,0.0022173501742442747,1.1910560622163437,1.5907633131255416
primary_development_2022_2023_partial,s4_reclaim_amount_acceleration,120,0.2305375329920667,0.4772991762441907,0.054247704817031894,0.2706832685535213,0.30921648120117745,0.2374401959367465,0.19273451939971553,0.45396703455514903,0.4880734154300188,0.9654182291151661,0.5315849665503974,0.45522164723517583,0.0024792514791837374,0.0023982931761570426,1.219720283635561,1.9703150994943373
primary_development_2022_2023_partial,s4_reclaim_amount_acceleration,240,0.2280974962826026,0.4601635654864767,0.1308172246111803,0.38327372101434715,0.30782562391994533,0.23929490013262067,0.1913706144757465,0.4552706667202508,0.4870092030703693,0.9636498814451634,0.5322261400949193,0.4551599820397138,0.0027125854057753027,0.0024539518839434985,1.2754669082273242,2.4315212720246624
primary_development_2022_2023_partial,s4_reclaim_volume_normal,10,0.21902915482958082,0.5001448829435434,0.15466727208817646,0.4115701228467955,0.3461786252351236,0.24173843600107145,0.12757465952508268,0.5772714011027036,1.0,0.789534373104946,0.5401975368079984,0.48722750271158194,0.0012107553162760824,0.0021167323083692313,0.17240804118157307,0.7533473828252717
primary_development_2022_2023_partial,s4_reclaim_volume_normal,20,0.21405771081989286,0.49597081386902264,0.1403423553243133,0.42079231309832454,0.34669456141076144,0.2463871680240009,0.1628904427527801,0.5747695287815883,1.0,0.7848010063368512,0.5369532663148973,0.4826421006947302,0.001598886704349947,0.002163345970430077,0.18307442750206057,0.7305213443607333
primary_development_2022_2023_partial,s4_reclaim_volume_normal,40,0.2107534794362399,0.48513376854285595,0.10738277213630885,0.4229104104379782,0.3418384995185963,0.247282878111223,0.17809734269555236,0.5734212271498477,1.0,0.786056257036536,0.5353188856593548,0.47671362150576196,0.0021462557810506618,0.002113007789090958,0.1851676941487999,0.7334253551522688
primary_development_2022_2023_partial,s4_reclaim_volume_normal,60,0.2075561932089909,0.4778085610470709,0.08121286081014968,0.4128696053694817,0.3332096505549234,0.24468851179384005,0.18366342892637852,0.5679623124831654,1.0,0.7852454690875509,0.533271643578509,0.4707767714937946,0.002390449735533612,0.001974188390449355,0.18451354917123478,0.7667590820573764
primary_development_2022_2023_partial,s4_reclaim_volume_normal,120,0.21107409437861088,0.47199004765318603,0.05471260490026568,0.27625774891409777,0.3299245139796736,0.250255134314511,0.19498165563193184,0.5622696411251212,1.0,0.7885548011639185,0.5365024791058673,0.46927852438223255,0.003061075591026394,0.0021218897590833874,0.1890832205028316,0.9748869178357192
primary_development_2022_2023_partial,s4_reclaim_volume_normal,240,0.20627967427181493,0.4576391942513317,0.13075882644342893,0.3827139191468282,0.3282551945630333,0.2508084760574199,0.1925592372216254,0.5611686584028632,1.0,0.7854157041951697,0.5359832836438868,0.4681839588827249,0.0032015794011291056,0.0021350956029091185,0.18911264231632002,1.1853294983050027
primary_development_2022_2023_partial,s4_reclaim_volume_proxy,10,0.3017322455084985,0.49885763483822393,0.15009398577975896,0.39783006526203585,0.36463873555892656,0.2621774635393566,0.16269044078274686,0.5412959725882056,0.4921115306202316,0.8392377274946609,0.5542613153347565,0.5081459565364078,0.002549483966251467,0.004524737198838588,inf,1.198913829838506
primary_development_2022_2023_partial,s4_reclaim_volume_proxy,20,0.31340236309555025,0.49518802118844074,0.13111096958844376,0.39417392802823126,0.37716623335755867,0.2804527643123122,0.2119930470746016,0.5609486097895392,0.47930980227618397,0.8447898013770988,0.5598582932605889,0.5164545240394329,0.003696242272089242,0.005101488526515744,1.1060687143207486,1.1721544728692554
primary_development_2022_2023_partial,s4_reclaim_volume_proxy,40,0.3187725652230592,0.48955127442145174,0.0919470847290473,0.38182482868851064,0.37827107173828023,0.2885769668939484,0.23705032505256954,0.5686634586500258,0.4721537354123095,0.8489086508759699,0.5635693922352552,0.519118862016203,0.00474956866170424,0.005444517497148628,1.200456529824111,1.2174055836641866
primary_development_2022_2023_partial,s4_reclaim_volume_proxy,60,0.3156588760924901,0.49571904092276475,0.0653838622972997,0.34928354011285356,0.3730646682924224,0.2886915039427544,0.24535146585022874,0.5682692821160932,0.46925719574930136,0.8500792110931131,0.5635154053984034,0.5169387645268783,0.005240752217332238,0.005497710459767953,1.2434819809995754,1.297071994932363
primary_development_2022_2023_partial,s4_reclaim_volume_proxy,120,0.323162971580885,0.5041593611570835,0.04162092188703361,0.20459796483523687,0.3708249354111022,0.29787361878075824,0.26114670555655695,0.5668092265172247,0.467601771893315,0.8557578339642017,0.568582746228984,0.5181321245560084,0.006274232479494994,0.005863615121295867,1.3058939168422241,1.6729068909462426
primary_development_2022_2023_partial,s4_reclaim_volume_proxy,240,0.320854612077671,0.4775815805418506,0.11989670792579128,0.3635130846244843,0.3696658876482299,0.30052800138492164,0.25786231570443463,0.5680126374101965,0.46800975215672697,0.851762889869875,0.5700354616797482,0.5205383324049553,0.006305025299795869,0.005855947521929808,1.3742907300858367,2.059428066503314
primary_development_2022_2023_partial,s4_reclaim_vwap_support,10,0.3138243873461716,0.5028139075078909,0.14810529488952726,0.39405677022378266,0.3493279426889385,0.24283722559137497,0.14919694471043018,0.4488465084938114,0.46033265950278396,0.9106121661878923,0.5438570587485293,0.4912423968722387,0.002006450683610085,0.005396503765882135,0.8500751616260255,1.5968848862932936
primary_development_2022_2023_partial,s4_reclaim_vwap_support,20,0.326076406088924,0.49826288942738944,0.12935449105003147,0.39313422944586507,0.36339416009532355,0.2612125634262916,0.19603577309788064,0.46977628425689155,0.44452458731072525,0.9104819059349605,0.5499198703048364,0.5012684702233667,0.0031747149523627606,0.005952982305097893,0.9888243922928918,1.5558138924720126
primary_development_2022_2023_partial,s4_reclaim_vwap_support,40,0.331140161902686,0.4926626757029385,0.09076232138240765,0.3831756040936947,0.3636600956006468,0.2689896035563846,0.21855595375077935,0.4764039760947693,0.43576863224164764,0.9088904546353135,0.5539433033488265,0.5038698572907391,0.004172841045489805,0.006325657606237787,1.0865968950823077,1.5804230956883336
primary_development_2022_2023_partial,s4_reclaim_vwap_support,60,0.33063154770832204,0.4960159298982363,0.06482051740258414,0.3552986377256496,0.3593257874800956,0.2707891235045776,0.22720847041704295,0.4741793326164028,0.4295934876329486,0.9082722506406103,0.5544342881750312,0.502559924459697,0.004659667912775855,0.006436686046283515,1.1347135851285568,1.668680384654789
primary_development_2022_2023_partial,s4_reclaim_vwap_support,120,0.3378594405868738,0.5011915970342474,0.04216193950806167,0.20861774744027303,0.359268957671335,0.2810109450394257,0.24304656545447412,0.47498136597230395,0.4285924443921384,0.9101300458985524,0.5604410905313597,0.5058945393255055,0.005676665867736601,0.006901310696162488,1.2089157391959602,2.1003659061855418
primary_development_2022_2023_partial,s4_reclaim_vwap_support,240,0.33554128108359615,0.4765354391769632,0.12104508090782196,0.36294137414051597,0.35917386134518947,0.282434213927519,0.2415085560667942,0.4778602078271209,0.42852065346637025,0.9088946905857416,0.5617788567402212,0.5076180711190653,0.005798535363002092,0.00685788294148476,1.2562924075098592,2.5948279766982436
supplemental_2023_09_legacy,cs_r3_leader_confirmation,10,0.21925925925925926,0.5928540305010893,0.0,0.24427015250544662,0.2762527233115468,1.0,1.0,0.6367755991285403,0.3143355119825708,0.7749019607843137,0.8359105159678769,0.6896173195328179,0.006339510478854521,1.6730572863482496,1.346437922043669,2.82662152077984
supplemental_2023_09_legacy,cs_r3_leader_confirmation,20,0.25693927469956396,0.5921514410294587,0.0,0.20801871743060726,0.3557375305753483,1.0,1.0,0.6510688078272892,0.3629692651281506,0.8092098266510688,0.835306842912082,0.7169787090539355,0.0076435458069627,1.6496459041925762,1.4534404885324739,2.46667478968705
supplemental_2023_09_legacy,cs_r3_leader_confirmation,40,0.27763422337065746,0.5920183749641114,0.0,0.1748492678725237,0.42248062015503873,1.0,1.0,0.6495836922193511,0.3664944013781223,0.8248636233132357,0.837871053129144,0.7352846828114444,0.009013335045904727,1.6020208821890072,1.527948366218394,2.521520778457251
supplemental_2023_09_legacy,cs_r3_leader_confirmation,60,0.292595131984916,0.62170037709976,0.0,0.12992800822763112,0.42355159410353105,1.0,1.0,0.6554679465203976,0.3649297223174494,0.823277339732602,0.8403137202438334,0.7357389150122764,0.009958896409285278,1.591611495226495,1.6653595930816625,2.7771737443508764
supplemental_2023_09_legacy,cs_r3_leader_confirmation,120,0.2968505695778423,0.5818628545901273,0.0,0.10498101407192316,0.4114362296180478,1.0,1.0,0.6522224704042886,0.3772615590797409,0.8416350234532053,0.8475841291806009,0.7365482537338945,0.011484777307101644,1.65536642366231,1.6693517048750905,3.3269299842773057
supplemental_2023_09_legacy,cs_r3_leader_confirmation,240,0.2895973154362416,0.5704697986577181,0.0,0.22583892617449663,0.37583892617449666,1.0,1.0,0.6456375838926175,0.3604026845637584,0.8375838926174497,0.8474341136028922,0.7306469908926884,0.012538020583244913,1.6274200856538263,1.8883304748809797,4.1566538544688
supplemental_2023_09_legacy,fu_r3_core_pullback,10,0.22776821572002295,0.6353987378083764,0.0,0.16379804934021802,1.0,1.0,1.0,0.5742971887550201,0.29518072289156627,1.0,0.8160236765878814,0.8184384434241415,0.008296967570184298,1.750444562638575,1.2638778472367698,3.8971974751782685
supplemental_2023_09_legacy,fu_r3_core_pullback,20,0.30017201834862384,0.6413417431192661,0.0,0.13646788990825687,1.0,1.0,1.0,0.6315940366972477,0.40280963302752293,1.0,0.8211568583575768,0.8327729995937003,0.009381687830762766,1.7218592307275462,1.391257606382073,2.8503818477566587
supplemental_2023_09_legacy,fu_r3_core_pullback,40,0.3312396694214876,0.6330578512396694,0.0,0.11272727272727273,1.0,1.0,1.0,0.6522314049586777,0.4254545454545455,1.0,0.8296915944366143,0.8411322417839495,0.010839616507720747,1.5868018925491232,1.4570481717321753,2.7708990716567423
supplemental_2023_09_legacy,fu_r3_core_pullback,60,0.36009634684865516,0.6639903653151344,0.0,0.07667603372139703,1.0,1.0,1.0,0.6479325572059413,0.4219189080690486,1.0,0.8309279258991005,0.844860135314513,0.012104190259569667,1.6421000769347198,1.6283860930583922,3.069046946518006
supplemental_2023_09_legacy,fu_r3_core_pullback,120,0.35213494992092775,0.6093832366895098,0.0,0.05693199789140749,1.0,1.0,1.0,0.672641012124407,0.44069583552978386,1.0,0.8365455083122355,0.8435078843975342,0.014131242086517335,1.6154860150929935,1.6235231629274252,3.593033389992642
supplemental_2023_09_legacy,fu_r3_core_pullback,240,0.3244635193133047,0.5914163090128756,0.0,0.15107296137339055,1.0,1.0,1.0,0.6197424892703862,0.4231759656652361,1.0,0.834795352245372,0.8459173044952173,0.014361306285872915,1.6232466942928916,1.6481367100546078,4.125917567093109
supplemental_2023_09_legacy,ht_r3_core_pullback,10,0.25480184779965964,0.5940919037199125,0.0,0.23182591782154147,0.3185023097495745,1.0,1.0,0.799294918550936,1.0,0.611354242645271,0.8408585508174446,0.7100668080251873,0.007931682233129893,1.6563235924619621,0.21454161895679683,1.3824171295631598
supplemental_2023_09_legacy,ht_r3_core_pullback,20,0.26641971790853397,0.5936743125801396,0.0,0.18948568172104288,0.41116968229092465,1.0,1.0,0.7848696395497934,1.0,0.6546516597805955,0.8390935405293696,0.7382042500734359,0.009167073989479307,1.6437370990488027,0.24479351895359372,1.2841562116671386
supplemental_2023_09_legacy,ht_r3_core_pullback,40,0.27226222053808263,0.5909435392194012,0.0,0.16350890488821523,0.4850322091701402,1.0,1.0,0.7794619173929519,1.0,0.665403561955286,0.8406269928557745,0.7584469197120011,0.010700317250713715,1.5672281511401387,0.23383312622176436,1.4256074362441316
supplemental_2023_09_legacy,ht_r3_core_pullback,60,0.2771985494106981,0.6255666364460563,0.0,0.11468721668177698,0.4759746146872167,1.0,1.0,0.778105167724388,1.0,0.6668177697189483,0.8441335161311936,0.7557745324853492,0.011613109928885028,1.5734270063880917,0.25770290011889696,1.569965197353359
supplemental_2023_09_legacy,ht_r3_core_pullback,120,0.283768115942029,0.5904347826086956,0.0,0.08695652173913043,0.46260869565217394,1.0,1.0,0.7915942028985508,1.0,0.68,0.851905266878771,0.7595034578174926,0.01325592068780746,1.6341083307602744,0.23381175480637387,1.96346220703773
supplemental_2023_09_legacy,ht_r3_core_pullback,240,0.2685308477585442,0.5810031069684864,0.0,0.20461606746560143,0.4371948513093653,1.0,1.0,0.7816245006657789,1.0,0.6626719928983578,0.8507680815822873,0.7557778247014496,0.014378705401256086,1.6600708461049465,0.23919542422740564,2.406209885213356
supplemental_2023_09_legacy,ng_r1_auction_reclaim,10,0.2559575863576738,0.6333078268473984,0.0,0.2094446873633581,1.0,0.3289243550502842,0.2744862264975951,1.0,0.5368386532575427,0.8123087013554875,0.5531430300638792,0.6840700977841848,0.001680247357112987,1.9016995467511464,0.8278408823338127,1.0034220947617847
supplemental_2023_09_legacy,ng_r1_auction_reclaim,20,0.29343876896772814,0.6336824107715324,0.0,0.1952696445109354,1.0,0.3913941725439909,0.37044952625204813,1.0,0.5320937522262592,0.8450523616157298,0.5890521044556302,0.7101733111053171,0.0033439257504038083,1.8853442067908375,1.0346576163586747,0.9625734695024974
supplemental_2023_09_legacy,ng_r1_auction_reclaim,40,0.30287682333873583,0.642726904376013,0.0,0.19448946515397084,1.0,0.41116288492706643,0.41491085899513774,1.0,0.5288695299837926,0.8574756888168558,0.6043700834090939,0.7168925529000906,0.00482324376318399,1.7298717159274248,1.1130333661813696,1.0791589126937584
supplemental_2023_09_legacy,ng_r1_auction_reclaim,60,0.30933075154302314,0.64431804429384,0.0,0.17608616725160353,1.0,0.4060268667554157,0.40905240227520273,1.0,0.5402396224131671,0.8523538666343943,0.5975668790936962,0.7136365093895732,0.005358008985505944,1.7468216575785669,1.1091490642773412,1.2299541698183996
supplemental_2023_09_legacy,ng_r1_auction_reclaim,120,0.32009221493172546,0.5483241709522965,0.0,0.14878524561092393,1.0,0.44103564461784006,0.4397942897676893,1.0,0.5293491753857067,0.8489093810959389,0.619708562753303,0.7245954815020487,0.00621946735745595,1.7758924141757189,1.044691956088299,1.5968773975144888
supplemental_2023_09_legacy,ng_r1_auction_reclaim,240,0.3118466898954704,0.5685249709639953,0.0,0.25609756097560976,1.0,0.4178281068524971,0.4454123112659698,1.0,0.5156794425087108,0.8313008130081301,0.6100712444406726,0.7230654778017352,0.00686117331415625,1.7222716267209262,1.1092850134730572,1.9962198591820477
supplemental_2023_09_legacy,ng_r3_volume_quality,10,0.22116278609720877,0.589503669561433,0.0,0.29979624537595695,0.3637118949180036,0.2252774425827382,0.1258135348459971,0.5520365571403137,1.0,1.0,0.5471330330007084,0.48261013955591,0.0013902597207795277,1.7571325228567631,0.22645219822460766,0.5517603801813017
supplemental_2023_09_legacy,ng_r3_volume_quality,20,0.22000641573994867,0.5874946535500428,0.0,0.2969685628742515,0.3671407185628742,0.24620402053036783,0.17402694610778444,0.5516467065868264,1.0,1.0,0.5528124934799178,0.48270777341568966,0.0015781129496648665,1.7237171788513077,0.24194194382951426,0.5327640810725894
supplemental_2023_09_legacy,ng_r3_volume_quality,40,0.21805844706608066,0.5691263782866837,0.0,0.3196468501812013,0.3803300177345979,0.24377361400262162,0.19068548076181663,0.5293777469349988,1.0,1.0,0.5425164886624463,0.47985592366256113,0.0020225397279847175,1.7166192162521998,0.2465707377846732,0.5704882462283787
supplemental_2023_09_legacy,ng_r3_volume_quality,60,0.2215697967796688,0.5764025872746457,0.0,0.31313362998302674,0.3789164640579843,0.2437726501215652,0.18996284233221708,0.5205284646084682,1.0,1.0,0.5357736257760717,0.47386328065228595,0.0020341387270617394,1.7231862261678605,0.24831188072277502,0.6117311937988584
supplemental_2023_09_legacy,ng_r3_volume_quality,120,0.22465248040055338,0.4733513406680282,0.0,0.3496936557085447,0.36326503722247844,0.255748072995586,0.20357072270900586,0.5315896962909282,1.0,1.0,0.5439768357759899,0.4744835954768413,0.0028094763659481403,1.695974112647844,0.24288060241631493,0.8337196180464899
supplemental_2023_09_legacy,ng_r3_volume_quality,240,0.2155940836516799,0.49250661181310607,0.0,0.38887256342442944,0.3369575864433343,0.24282495837006562,0.19561171515329612,0.5125869330982467,1.0,1.0,0.5391835037950701,0.4628956556599189,0.0032396593077911326,1.6907398165939573,0.24791931924818916,1.0771057830437043
supplemental_2023_09_legacy,s0_distance_only,10,0.12767463081249186,0.5905417233095588,0.0,0.2919514329875789,0.32149574479971693,0.1860090504478668,0.08250619192163727,0.416199556788767,0.5190133894485931,0.9969366282426116,0.5286045659205048,0.44435533149494555,-0.000144655845633433,1.7592110787582111,0.5691467684567699,1.183206763174589
supplemental_2023_09_legacy,s0_distance_only,20,0.14091521360339096,0.5894143670987754,0.0,0.28750262601796817,0.3271585867698125,0.20667070352566083,0.12781601809171908,0.4338058106054053,0.5145388712447944,0.9967746320485412,0.5346485174791029,0.4491087005647257,4.52545805598039e-05,1.748531149352617,0.6895919882571048,1.1006890297950898
supplemental_2023_09_legacy,s0_distance_only,40,0.14813507886657962,0.5806485761671195,0.0,0.30083983203359327,0.3403613394968065,0.21387487208440664,0.1453826881682487,0.42632061822929535,0.5124210452027241,0.9961537104343837,0.5304331529676828,0.4518618408954034,0.0003695972635953246,1.7395183514064667,0.7694416832016135,1.1374388260456194
supplemental_2023_09_legacy,s0_distance_only,60,0.1483537277658635,0.5837853748791052,0.0,0.29637105252092005,0.33934653715150753,0.21065136032967496,0.15033009545435433,0.4197468567343678,0.5163996467768387,0.9960472646230184,0.5260061065351398,0.44688631657684375,0.00039261776523779853,1.7186205643543004,0.7740150498450503,1.2062255512741962
supplemental_2023_09_legacy,s0_distance_only,120,0.15417198741707416,0.47494315881272,0.0,0.3424175413461239,0.3268134674681534,0.22141589061575356,0.1606191796181518,0.42613760239200177,0.5132837076027035,0.9951412464571588,0.5311431972512649,0.4461817561709798,0.0007379959600235887,1.695030003819462,0.7693023412084236,1.5266919694164265
supplemental_2023_09_legacy,s0_distance_only,240,0.1501207280832095,0.4915954680534918,0.0,0.3835902674591382,0.30948179791976227,0.2149424219910847,0.15838595839524516,0.40968610698365526,0.5091010401188707,0.9950315750371471,0.5297459953611433,0.44065489730860885,0.0009542516854390183,1.6630934020445984,0.8397224925647049,1.870508940089791
supplemental_2023_09_legacy,s0_liquidity_matched,10,0.041279409033618,0.5841364441524136,0.0,0.29281720559856933,0.3567556051211807,0.21650290213439094,0.1384483550172469,0.42034237361315496,0.5185068219248076,0.9062078431631332,0.5211352713515341,0.45856217980843034,5.1570858843620844e-05,1.7316442160628274,0.2982105432067685,1.9878754012104374
supplemental_2023_09_legacy,s0_liquidity_matched,20,0.04212939839978063,0.5755954304629276,0.0,0.29578595841780025,0.36777012270960036,0.2168191967564709,0.14197295100429924,0.4274380331208195,0.5237058201369098,0.9300271273418143,0.5211119935001217,0.4622952204736917,8.717508976866027e-05,1.708403504666848,0.3043970456838074,2.006679250725161
supplemental_2023_09_legacy,s0_liquidity_matched,40,0.043245599406925045,0.5748468192392724,0.0,0.28921650373065944,0.38310297742781807,0.2220415185492779,0.14770571462065163,0.4280095829817867,0.5205982924328456,0.9502160463760841,0.5231669704219081,0.47010945623099387,0.00011649807429351984,1.709104920994096,0.30240521024613914,1.9617115679262136
supplemental_2023_09_legacy,s0_liquidity_matched,60,0.04467872252684313,0.5834408840285309,0.0,0.2911295495853253,0.3845802850029783,0.2201346356513372,0.14564209674216852,0.4224298565821025,0.5186928199410444,0.9584160646373314,0.520676648314838,0.4688780287937899,8.940620660285913e-05,1.7047289182078318,0.305906066203373,2.0578923167286294
supplemental_2023_09_legacy,s0_liquidity_matched,120,0.04381426202321725,0.586727898966705,0.0,0.28916953693073094,0.3805230258961602,0.2164842454394693,0.146230386528894,0.42137262405919124,0.5135884679168261,0.9723127949993622,0.5223064010777544,0.46871691461163223,0.00017992927390770718,1.6700327512323463,0.31536945804870536,2.095722049054039
supplemental_2023_09_legacy,s0_liquidity_matched,240,0.045508432945799905,0.5942983461601441,0.0,0.29068282299001147,0.3705518257737023,0.21449484198460783,0.1485541182249877,0.41816931390207956,0.5089995087604389,0.9831996070083511,0.5195665909172454,0.46572244695136195,0.00020208197903398805,1.6868818195837305,0.32538305911947973,2.256553693401712
supplemental_2023_09_legacy,s0_random_matched,10,0.024657669763645806,0.5859473541026042,0.0,0.29254086940750695,0.32021170476747923,0.20219948722599154,0.128865384456847,0.4792994286939102,0.6386798130270979,0.8497951377152703,0.5179109475903876,0.43478501569084255,3.247092635867636e-06,1.7521227098182006,0.15538144026318373,0.8597487228834609
supplemental_2023_09_legacy,s0_random_matched,20,0.02529145171200818,0.5861323832028141,0.0,0.2925280317369986,0.31892054616009535,0.20153983826337254,0.12792946600520427,0.47923032829813644,0.6388143162895423,0.891910281946283,0.5179185961918447,0.4345300167072823,-3.4729188706359874e-06,1.752741547261842,0.15071130672654648,0.8520200096958146
supplemental_2023_09_legacy,s0_random_matched,40,0.025070097311561932,0.5862403100775194,0.0,0.2926933861124856,0.31989526636978394,0.2018926274121722,0.12852960580570674,0.4785502226620485,0.6392462477321458,0.9248515586343394,0.5178664419932362,0.4346236169787424,1.369866581228386e-05,1.7533580566079043,0.16304344429304202,0.8615117646322816
supplemental_2023_09_legacy,s0_random_matched,60,0.025186694102074563,0.5863163841341971,0.0,0.29268192108334123,0.31987266451966734,0.20221105196095815,0.12839523481602744,0.47953684193163965,0.6401906733358349,0.9379157062212125,0.5179753700868736,0.4349125188888664,1.5542544031938017e-05,1.75304806406064,0.15919156616599156,0.8632313325289832
supplemental_2023_09_legacy,s0_random_matched,120,0.02517010451782745,0.5863685315926074,0.0,0.2928562291882435,0.3194622675375798,0.20193438442589468,0.12843355298719625,0.47969267715008396,0.6402366815074004,0.9576193207372777,0.5180051288239617,0.43479695704952626,4.5554123678272455e-06,1.75382194064864,0.15001172673295185,0.8506216502430589
supplemental_2023_09_legacy,s0_random_matched,240,0.02516021935185491,0.5860931254335833,0.0,0.2930610154933765,0.32000099104753726,0.202396683294242,0.12916239965643686,0.478721383502362,0.6402992963562486,0.971011859535529,0.5177606495309759,0.43478971099938285,1.735601305865963e-05,1.7547978817172754,0.15353218032717753,0.8602775693362651
supplemental_2023_09_legacy,s0_strong_no_ma,10,0.36477055097230404,0.6150651885680612,0.0,0.26566182969946966,0.43169932233352976,0.2951900412492634,0.24388626988803772,0.47594099882144963,0.4596530642309959,0.9453999705362405,0.5807510249435699,0.547351896111756,0.004626166319127178,1.7902044834829802,1.263934919504282,3.0715537961830113
supplemental_2023_09_legacy,s0_strong_no_ma,20,0.3647471548009281,0.6150878420684321,0.0,0.2656716143051821,0.4316875989834629,0.29520091341018745,0.24388604471290193,0.4759401127030312,0.4596423704467607,0.9647526794593201,0.5807510795541647,0.5473504887853333,0.004626833652028768,1.7902697113765935,1.263958096030708,3.0715537961830113
supplemental_2023_09_legacy,s0_strong_no_ma,40,0.3646920151390974,0.6151501477995819,0.0,0.26569852568765945,0.431703700975201,0.2952031898925345,0.24390154061495675,0.4759330711924341,0.4596152606521599,0.9765822843093017,0.5807591469871773,0.5473606280396777,0.004626941424810292,1.7904495026485059,1.2639997086342236,3.0715537961830113
supplemental_2023_09_legacy,s0_strong_no_ma,60,0.364665463119888,0.6152917986883797,0.0,0.2657597082013116,0.4317294230344116,0.29516984746886743,0.24388401739002286,0.4759137130646231,0.4596289882838405,0.9802612187753298,0.5807400015456021,0.5473681997733225,0.004620051073003408,1.7908590628027834,1.2639535153261263,3.0715537961830113
supplemental_2023_09_legacy,s0_strong_no_ma,120,0.3645770942565171,0.6152797102918275,0.0,0.26586990776148833,0.431724150640878,0.2951355933765193,0.24390221427715783,0.4759267620688702,0.45961685541313824,0.985763386563217,0.5807254975510237,0.5473477365748559,0.0046211508249620024,1.7915994237896504,1.2640007236588164,3.0722019843733577
supplemental_2023_09_legacy,s0_strong_no_ma,240,0.36452829492747607,0.6150746447573469,0.0,0.2660101247614042,0.43163941833337943,0.2951487823545142,0.2438702776471456,0.47601132350364694,0.459597775872085,0.9907328003540901,0.5807422620963143,0.5473032993312358,0.0046216738211100295,1.7919840308646824,1.2638715572707355,3.073093660365417
supplemental_2023_09_legacy,s1_break_reclaim_stable3,10,0.06562772238892653,0.5943277514277417,0.0,0.29643790533346237,0.3424966928016004,0.2383118768754235,0.134675571903333,0.4911592940341367,0.48441583583389797,0.7071435485432195,0.5534161726526573,0.48264150454120647,0.001342468982638445,1.7510815963918787,1.0010668025807274,1.2371258062111163
supplemental_2023_09_legacy,s1_break_reclaim_stable3,20,0.06380739376397843,0.5876200499934219,0.0,0.29452265052843923,0.344823049598737,0.25772924615182213,0.17716967065736963,0.49287374468271716,0.48572556242599657,0.7087006095689163,0.5598041229063571,0.48434939760660917,0.0015081606450897105,1.7419112073511753,1.1036327064320859,1.165319276460942
supplemental_2023_09_legacy,s1_break_reclaim_stable3,40,0.06398898037128635,0.5775287230379113,0.0,0.31027142096860033,0.35600914128291017,0.25786557305199886,0.19437748489496917,0.47127696208872055,0.4811382775568982,0.7141783802398022,0.5492955057904064,0.47983846182779133,0.001966788991932986,1.7345190306656764,1.1637167778083088,1.177283421648663
supplemental_2023_09_legacy,s1_break_reclaim_stable3,60,0.06820412168792934,0.5777157092171813,0.0,0.3058050879444402,0.35502377896882314,0.25617120857552655,0.19464784479504793,0.4702574167736091,0.4876198384539896,0.7095191364082434,0.5450686487690632,0.47619995349481203,0.002052480406013949,1.7266845182691974,1.166720035052472,1.250748165258303
supplemental_2023_09_legacy,s1_break_reclaim_stable3,120,0.06887631366208569,0.47539746699002966,0.0,0.34244139046079225,0.3390999730530854,0.26580436540016167,0.2088385879816761,0.4759902991107518,0.485313931554837,0.7157639450282942,0.550762729130924,0.4742013016854787,0.0027566591688871806,1.70551638512581,1.1731727316471814,1.601752462137145
supplemental_2023_09_legacy,s1_break_reclaim_stable3,240,0.06504846591364255,0.4959544981174397,0.0,0.3810782664423616,0.32131699110790674,0.2556276536089081,0.19826964671953856,0.45301610189858205,0.47889129215733395,0.7194584635103741,0.5461906241268573,0.4659303979068985,0.0032261169980754086,1.6830274408017873,1.2813143370636875,2.077236419613706
supplemental_2023_09_legacy,s1_near_reversal,10,0.19126877776994147,0.5972212426828408,0.0,0.29788184404165785,0.34249006747067257,0.22567411900228038,0.1298634130286574,0.4887039518536803,0.5102969179772904,0.9413216728965371,0.5495938399682933,0.47939582296809763,0.0012062127326041042,1.7370691775939038,0.7374507384799271,0.9684124141351118
supplemental_2023_09_legacy,s1_near_reversal,20,0.19467388430009178,0.5948325477934886,0.0,0.29881624589730427,0.337408807379408,0.23872633658437942,0.16348561917650536,0.4858991709054708,0.5072876320251373,0.9451833185558511,0.5511272430377756,0.4727631369450044,0.0011977749470027657,1.7274699785610708,0.84116074701177,0.9225395931039422
supplemental_2023_09_legacy,s1_near_reversal,40,0.19116702474030434,0.5807659084365102,0.0,0.32007353429754815,0.34350705441980994,0.23752464063434406,0.1742895745199229,0.46563600522713683,0.5054154023344924,0.9444062991428381,0.5410813193604346,0.46703311691285293,0.0014627672038109362,1.7118567596093173,0.8601197986578217,0.9363950704525977
supplemental_2023_09_legacy,s1_near_reversal,60,0.19432268286242407,0.5792447847900712,0.0,0.32035912331660943,0.3425666754687087,0.23187219434908898,0.17488777396355953,0.45930815949300235,0.509136519672564,0.9466332189067864,0.5339016017569621,0.4592939433380397,0.0014189340454806689,1.7004902065839775,0.867031782853311,0.9990954835053061
supplemental_2023_09_legacy,s1_near_reversal,120,0.19434466946885748,0.4631257164692396,0.0,0.3738632021398548,0.32564004585403133,0.24016048910966756,0.18043561329766908,0.46132976690867405,0.5069545280855942,0.9491402369124953,0.5372433525634375,0.45544250398528874,0.0017457571035789897,1.6987942504057763,0.8319185326795614,1.2540470219239228
supplemental_2023_09_legacy,s1_near_reversal,240,0.18899988517625446,0.4870249167527845,0.0,0.39838098518773685,0.31157423355149844,0.23022160982891263,0.18061775175106212,0.44281777471581124,0.5062004822597314,0.9414398897692042,0.5339990309996051,0.44913200574483547,0.002043188219753912,1.6655865944831019,0.8780047250843164,1.554862222690638
supplemental_2023_09_legacy,s1_touch_immediate,10,0.16034301931025974,0.585538898143007,0.0,0.30099327534086,0.32311678697020174,0.19582947745079893,0.10357208957986304,0.3808254673329632,0.4562897155901043,0.9907952372138935,0.5289808131285025,0.44788504562805803,-2.5868176728666346e-05,1.757803183993604,0.953592091807154,2.0491202247748923
supplemental_2023_09_legacy,s1_touch_immediate,20,0.1751163647322774,0.5801660918193082,0.0,0.29568362187322106,0.3229414325419415,0.21833037538090613,0.14476107557847503,0.4003783946689884,0.45589860362321266,0.9902387569902555,0.5379664696422485,0.4510795134638376,0.00024658983162046923,1.7431165074629245,1.156407102114333,1.8741992129653153
supplemental_2023_09_legacy,s1_touch_immediate,40,0.1760425144826926,0.5706659644755111,0.0,0.3095944846076507,0.3348494278737971,0.2226743907693781,0.16548570881409488,0.38906975630775126,0.452051515296596,0.9908555560875185,0.5311706312830701,0.4519373251191305,0.0006717849919609781,1.7226918909366393,1.2185420156062343,1.8898308271416409
supplemental_2023_09_legacy,s1_touch_immediate,60,0.1814418272662384,0.5764739471805853,0.0,0.3012990720913633,0.339214846538187,0.21984296930763741,0.16776588151320485,0.38432548179871523,0.4546181299072091,0.9907209136331192,0.527460176528957,0.4486128675415992,0.0007575258363173938,1.7210831005347806,1.2324357678736628,1.9906081694772622
supplemental_2023_09_legacy,s1_touch_immediate,120,0.1857166487470019,0.47411297659416096,0.0,0.3359937143329749,0.3237945579356546,0.23050202630055414,0.17984451244727484,0.3925647175585146,0.4574890414357787,0.9901166156645439,0.5323159132674723,0.4482704760822472,0.0012721781543298966,1.6913506575115353,1.1598339808739,2.479695652767019
supplemental_2023_09_legacy,s1_touch_immediate,240,0.18425563173359452,0.4933888344760039,0.0,0.3825293829578844,0.3049706170421156,0.22245347698334966,0.1757468168462292,0.37340842311459355,0.44386630754162587,0.9921645445641528,0.5296658882969785,0.4393708116800505,0.0017113640492119944,1.6656721516058748,1.3671117479781674,3.108422735404766
supplemental_2023_09_legacy,s1_touch_reclaim,10,0.20791863816827105,0.591028987871866,0.0,0.29742481100777723,0.33535922118888345,0.21430902267906674,0.12632566487192037,0.4349540436177734,0.4786126067330179,1.0,0.542607150863474,0.467139408649725,0.0009921841084609164,1.7605510459875617,0.9160540427215387,1.658055581264366
supplemental_2023_09_legacy,s1_touch_reclaim,20,0.22075843161787706,0.585622550552908,0.0,0.2933264641483744,0.3352407587996099,0.2348525271854128,0.16811716866915674,0.44440560083902186,0.47680730096229923,1.0,0.5493118324253857,0.46813372103387296,0.001252354734094576,1.7551371290861766,1.082981068922904,1.5141957046296592
supplemental_2023_09_legacy,s1_touch_reclaim,40,0.220852580176851,0.5752672561699881,0.0,0.3079582948396463,0.3483700673089613,0.23911838458492807,0.18632704236505213,0.4291144252342616,0.47483172759667414,1.0,0.5424606559646037,0.46845946208632344,0.001676706857616745,1.729662797932975,1.1445858868395045,1.5222709673570791
supplemental_2023_09_legacy,s1_touch_reclaim,60,0.22587553539934493,0.5798059964726632,0.0,0.30092592592592593,0.3486079617031998,0.23607961703199798,0.18688586545729402,0.4265243134290753,0.4775447215923406,1.0,0.5377637053014452,0.4639874590784029,0.001765056206473963,1.7351433380913197,1.1739699343674088,1.6114530705178802
supplemental_2023_09_legacy,s1_touch_reclaim,120,0.2307024755640815,0.4773910660454919,0.0,0.3360281355622545,0.3339727779300265,0.24728236046405408,0.19987211108066136,0.43176212661003016,0.47679729606284826,1.0,0.5431452430446368,0.46319310929697194,0.0023955526421361078,1.710124082005044,1.13230420668436,2.0505783014998116
supplemental_2023_09_legacy,s1_touch_reclaim,240,0.2272481771536592,0.4960167431812044,0.0,0.38009721847150957,0.3131920064812314,0.23933297326492034,0.19808263570078316,0.41108560626519036,0.46914663786119365,1.0,0.5403430310295511,0.4541218232038451,0.002882572300825776,1.6813706176442833,1.256340579806351,2.5568745896046208
supplemental_2023_09_legacy,s2_first_touch_reclaim,10,0.31877729257641924,0.5764192139737991,0.0,0.3056768558951965,0.4192139737991266,0.27510917030567683,0.2838427947598253,0.49344978165938863,0.3930131004366812,1.0,0.6061348386409628,0.5407545349105143,0.0023052310491582283,1.6967888181207746,1.2153004061746282,6.100072268986496
supplemental_2023_09_legacy,s2_first_touch_reclaim,20,0.30103995621237,0.6097427476737821,0.0,0.34209085933223865,0.3355227148330597,0.31746031746031744,0.25396825396825395,0.4876847290640394,0.4269293924466338,1.0,0.5865806933931411,0.4802469976059345,0.0018012220680942344,1.8354748490788635,1.6390064466543128,3.1428271529822545
supplemental_2023_09_legacy,s2_first_touch_reclaim,40,0.26163391933815927,0.5425715270596346,0.0,0.3705618752154429,0.3557394002068252,0.2823164426059979,0.27473285074112375,0.42881764908652187,0.4077904170975526,1.0,0.5347020791821175,0.4642507519578505,0.002736736621833811,1.7869550968192143,1.729101965202373,2.7463877277349646
supplemental_2023_09_legacy,s2_first_touch_reclaim,60,0.2791432584269663,0.538623595505618,0.0,0.39185393258426965,0.367626404494382,0.2633426966292135,0.31004213483146065,0.4238061797752809,0.39360955056179775,1.0,0.5276274321732005,0.46905995798135225,0.0039199856153461455,1.8471070651893209,2.0813213173985594,3.177094110515931
supplemental_2023_09_legacy,s2_first_touch_reclaim,120,0.34896810506566606,0.575984990619137,0.0,0.2772045028142589,0.3578799249530957,0.33724202626641653,0.3789868667917448,0.4831144465290807,0.37429643527204504,1.0,0.5830721182446358,0.512200856952927,0.00815786039840305,1.7058506751005567,2.4130927546265393,4.551143274462326
supplemental_2023_09_legacy,s2_first_touch_reclaim,240,0.2857142857142857,0.49102990033222593,0.0,0.35282392026578074,0.26578073089701,0.26046511627906976,0.28970099667774085,0.4132890365448505,0.32358803986710966,1.0,0.5374686005996272,0.4263568630590424,0.008761038947177988,1.698143574603084,3.1467049021231857,6.313405771666908
supplemental_2023_09_legacy,s2_reclaim_acceleration,10,0.19998159607996505,1.0,0.0,0.11622075502081944,0.368630518300398,0.2169592123122225,0.13595895925832202,0.43304423842278406,0.47206054889691507,1.0,0.5409885598315318,0.48539813813263827,0.0008132253511000697,1.7972583257469852,0.9530153269855429,1.4300691988531875
supplemental_2023_09_legacy,s2_reclaim_acceleration,20,0.2188010556742491,1.0,0.0,0.08778434083197185,0.3680721377403544,0.23837501570943823,0.18047002639185622,0.44765615181601104,0.4738594947844665,1.0,0.5487176500519434,0.48443694852446445,0.0011101040477127502,1.8130773555474262,1.1452222776494227,1.2427977490263942
supplemental_2023_09_legacy,s2_reclaim_acceleration,40,0.2196017252454804,1.0,0.0,0.05079379645774066,0.38992383224740756,0.2522712673212811,0.20982839313572543,0.43865284023125634,0.4665045425346426,1.0,0.5491850520505572,0.49540480481621285,0.001743216503210692,1.7398154434733841,1.247005862355595,1.3208187317362403
supplemental_2023_09_legacy,s2_reclaim_acceleration,60,0.23150461705594785,1.0,0.0,0.05203693644758284,0.39494839760999456,0.25757740358500814,0.22020640956002172,0.4433460076045627,0.47251493753394896,1.0,0.5513480213563613,0.49952257186433824,0.0022152296100532765,1.777129748047527,1.2758100742198477,1.5179985514511023
supplemental_2023_09_legacy,s2_reclaim_acceleration,120,0.2529659395331037,1.0,0.0,0.15729047072330654,0.40049751243781095,0.3006123230003827,0.26817833907386146,0.4706276310753923,0.47340221967087637,1.0,0.5772882771881606,0.523315772753588,0.00422103652663605,1.7185106187500077,1.2323707022695094,2.5750625885886365
supplemental_2023_09_legacy,s2_reclaim_acceleration,240,0.23696746971553015,1.0,0.0,0.17530965019735947,0.36164420852048457,0.2666394446712944,0.25085068735538313,0.4362324758404791,0.4637266911664625,1.0,0.561488511985983,0.49732152326588963,0.004374603272085656,1.6154560546806158,1.3029781751703013,2.853083993434871
supplemental_2023_09_legacy,s2_reclaim_bull_stack,10,0.18555188852218554,0.12504583791712504,0.0,0.976897689768977,0.25742574257425743,0.20645397873120647,0.07994132746607994,0.3909057572423909,0.49284928492849284,0.9922992299229924,0.5438165767796298,0.41771942115461086,-0.0006215381108222928,1.5438187737707414,0.8279356477678724,5.5635582841361595
supplemental_2023_09_legacy,s2_reclaim_bull_stack,20,0.1500984251968504,0.09596456692913385,0.0,0.9744094488188977,0.2529527559055118,0.1437007874015748,0.05167322834645669,0.3302165354330709,0.4867125984251969,0.9931102362204725,0.49118974457461134,0.35811435892546123,-0.00320809224829956,1.4696872735274646,0.784655723566485,3.9235803488152743
supplemental_2023_09_legacy,s2_reclaim_bull_stack,40,0.12666666666666668,0.09222222222222222,0.0,0.9544444444444444,0.26222222222222225,0.11,0.028888888888888888,0.2633333333333333,0.47333333333333333,0.98,0.4484417344173438,0.3178386535510007,-0.008426196308881851,1.4307925985284085,0.9482698747406536,3.147963623179153
supplemental_2023_09_legacy,s2_reclaim_bull_stack,60,0.1111111111111111,0.10818713450292397,0.0,0.9152046783625731,0.2807017543859649,0.1023391812865497,0.029239766081871343,0.21637426900584794,0.5058479532163743,0.97953216374269,0.4361360718870353,0.30445629554263304,-0.011535015851593219,1.766843552586977,0.9379916944144066,3.2366381490470504
supplemental_2023_09_legacy,s2_reclaim_bull_stack,120,0.1411764705882353,0.25882352941176473,0.0,0.7294117647058823,0.29411764705882354,0.15294117647058825,0.0,0.25882352941176473,0.4588235294117647,0.9764705882352941,0.4424677187948351,0.34398126814908625,-0.013875780298952483,2.075097582866373,0.7585732136080442,3.8943616951520137
supplemental_2023_09_legacy,s2_reclaim_bull_stack,240,0.08695652173913043,0.2608695652173913,0.0,0.7391304347826086,0.21739130434782608,0.17391304347826086,0.0,0.08695652173913043,0.5217391304347826,1.0,0.49151643690349944,0.3365344000971314,-0.01828861581904647,1.679491065478177,0.7720180335358363,5.5163646848504815
supplemental_2023_09_legacy,s2_reclaim_daily_trend,10,0.1929142857142857,0.23094857142857142,0.0,1.0,0.24434285714285714,0.18011428571428573,0.06957714285714285,0.37490285714285715,0.48786285714285715,1.0,0.5262528222996451,0.40895426987873007,-0.0002870065800584435,1.6065750794354594,0.7636207707025299,3.2240209447975796
supplemental_2023_09_legacy,s2_reclaim_daily_trend,20,0.18372851587002886,0.1752603186551248,0.0,1.0,0.22726132229331325,0.17689123071132856,0.0840546982812696,0.3589888345251537,0.4852590641073893,1.0,0.5130954894419039,0.38974008957270184,-0.001204293133102989,1.5909541601963408,0.8462068304273398,2.6037405363710944
supplemental_2023_09_legacy,s2_reclaim_daily_trend,40,0.17810919688008914,0.09488300334276163,0.0,1.0,0.23005056998371476,0.14905288420330848,0.06616953801319962,0.33513328190623126,0.4986714665295277,1.0,0.47769401710473863,0.36246400984833493,-0.0018180747685174997,1.6726995747102604,0.8312932606235527,2.0081221979509967
supplemental_2023_09_legacy,s2_reclaim_daily_trend,60,0.1697540554683412,0.10026164311878598,0.0,1.0,0.21266352694924123,0.12443746729461015,0.038304552590266876,0.3035060177917321,0.5006802721088436,1.0,0.45959464461206717,0.33421458101553186,-0.0030697337209213164,1.6356014222551878,0.7693826547856678,1.8818071656385211
supplemental_2023_09_legacy,s2_reclaim_daily_trend,120,0.14802229169498438,0.22346064972135382,0.0,1.0,0.16175071360608945,0.10044855239907571,0.025553894250373795,0.27769471251868966,0.505097186353133,1.0,0.43682141116639844,0.2983691428762383,-0.003908031272194335,1.6473898859662293,0.8599537539708885,1.91298968012788
supplemental_2023_09_legacy,s2_reclaim_daily_trend,240,0.19573712255772646,0.22877442273534637,0.0,1.0,0.21225577264653642,0.1689165186500888,0.08419182948490231,0.338898756660746,0.4834813499111901,1.0,0.49660139496599237,0.37212182300173735,-0.0009270565086461627,1.6545426017077711,1.023967261156113,3.29253669969813
supplemental_2023_09_legacy,s2_reclaim_positive_slope,10,0.1315829597780014,0.6002805476778581,0.0,0.3915469764888848,0.20022565791479888,0.16518769249534962,0.052663678224011225,0.3687372305065105,0.4768395694203031,1.0,0.5223794786662479,0.38000790644761806,-0.0007869976454438017,1.6994243430099816,0.7722468331084207,2.241247705043076
supplemental_2023_09_legacy,s2_reclaim_positive_slope,20,0.14804528047805413,0.6465092791314228,0.0,0.4006228169843875,0.29474392963851365,0.18549846399865336,0.09935614190127509,0.36674662290114884,0.48386146530320245,1.0,0.5119210742669098,0.42404195663213157,-0.0012342508266394321,1.6913750561088623,0.8781719104050175,2.0777940414036147
supplemental_2023_09_legacy,s2_reclaim_positive_slope,40,0.16811062023065007,0.4780538183487291,0.0,0.4699064777095645,0.2798783636467956,0.19352802799931149,0.1134890125652648,0.37299902461414886,0.48356187962591085,1.0,0.508548970107294,0.410494727834976,-0.0004648009464756943,1.725746617921119,0.938558640673135,1.6786195575886331
supplemental_2023_09_legacy,s2_reclaim_positive_slope,60,0.18913803145020383,0.33066394874781596,0.0,0.5576587070471754,0.27999417588817704,0.18513395457192777,0.11771986022131625,0.3942195690157251,0.500436808386721,1.0,0.4982039362472856,0.399777932001085,-0.0002914883353078218,1.658053162971133,0.9556560069587168,1.6597335929990868
supplemental_2023_09_legacy,s2_reclaim_positive_slope,120,0.18103307805116506,0.39824018249959264,0.0,0.25615121394818313,0.366302753788496,0.21655532018901744,0.1725598826788333,0.39155939384063876,0.47678018575851394,1.0,0.5187586689293664,0.45531737689822727,-7.880115316542944e-05,1.7412156260662344,0.8986926941521297,1.9400967621891207
supplemental_2023_09_legacy,s2_reclaim_positive_slope,240,0.19653122868556952,0.5322030595342493,0.0,0.32134853356718307,0.3004969307220111,0.2144597096365585,0.1758745006333431,0.3915034590275748,0.4665302543116048,1.0,0.5244555982537368,0.43762061441358474,0.001560725966623682,1.6430359731248596,1.12129099534378,2.0030051234060955
supplemental_2023_09_legacy,s2_reclaim_recent_high,10,1.0,0.5892431608044991,0.0,0.2875321704317987,0.4153798493947193,0.27180440377466397,0.19576303498236583,0.580640549042036,0.6724096844914689,0.6268229911352587,0.5625780285540696,0.5280978662523431,0.002718980754537856,1.69472027369469,1.125249752669138,0.5449940849953533
supplemental_2023_09_legacy,s2_reclaim_recent_high,20,1.0,0.5882719082719082,0.0,0.27554463554463554,0.4327927927927928,0.298018018018018,0.247993447993448,0.5897133497133498,0.6568714168714169,0.6454054054054054,0.5754459559337408,0.5394985791984953,0.003249348100682462,1.6745246972486403,1.2649420367236315,0.5230135115860751
supplemental_2023_09_legacy,s2_reclaim_recent_high,40,1.0,0.5767846998674494,0.0,0.28881840560499905,0.4554061730732816,0.3058606324559742,0.2687937890551032,0.5672221170232911,0.6564571103957584,0.6457583790948684,0.5721396538903678,0.5431609615856735,0.0039733030751427,1.6640103274366518,1.2746196178189941,0.56639504866637
supplemental_2023_09_legacy,s2_reclaim_recent_high,60,1.0,0.5870461127199822,0.0,0.2768990866562709,0.44709289374025396,0.2988973045221653,0.26876809979950994,0.5638226776564936,0.6592782356872354,0.6536533749164625,0.5649480573108094,0.5347977722054164,0.004136972697525547,1.6750229328350685,1.2726854215344492,0.6157343804282197
supplemental_2023_09_legacy,s2_reclaim_recent_high,120,1.0,0.48924563591022446,0.0,0.293251246882793,0.43243453865336656,0.3109413965087282,0.276106608478803,0.5743453865336658,0.6593672069825436,0.6521976309226932,0.5743891034608503,0.5336362125501023,0.005080986489360238,1.6459800086514287,1.1882392159953308,0.8362318043904633
supplemental_2023_09_legacy,s2_reclaim_recent_high,240,1.0,0.49784740492705093,0.0,0.36857211193494377,0.40755800047835444,0.29944989237024633,0.2834250179382923,0.5545324085147094,0.6494857689547955,0.6504424778761062,0.5718056714171531,0.5270571216898449,0.005902367852573899,1.6310532885094327,1.3833539388066554,1.0901203212064319
supplemental_2023_09_legacy,s4_auction_confirmed_reclaim,10,0.2338892225250612,0.5865477895320368,0.0,0.2747262900170924,0.28336490044809903,0.27724395990206496,0.1493740472120848,1.0,0.4734374278190973,0.9299672009978288,0.5907890689522461,0.4905031687933831,0.002963406819085545,1.803399626803138,0.9834657723899388,1.055649390746024
supplemental_2023_09_legacy,s4_auction_confirmed_reclaim,20,0.2517032551097653,0.5832702498107495,0.0,0.25832702498107496,0.3140297754226596,0.30885692657077973,0.20505299015897047,1.0,0.46776431995962653,0.9389666919000756,0.6023172424191876,0.5085052040306199,0.0037336591955219934,1.809516571968321,1.1449169719594638,0.999634350200145
supplemental_2023_09_legacy,s4_auction_confirmed_reclaim,40,0.2589504428113812,0.5783399283964575,0.0,0.261400037686075,0.3363482193329565,0.3181646881477294,0.23483135481439607,1.0,0.46476351987940456,0.9395609572263048,0.6050642961206184,0.5177607990605654,0.004735209949841909,1.754523583641714,1.2395807003052735,1.0450922025499085
supplemental_2023_09_legacy,s4_auction_confirmed_reclaim,60,0.26994529291087305,0.5908935491224071,0.0,0.24447230453612948,0.3385571005242763,0.31918167312514245,0.23940050148165032,1.0,0.468201504444951,0.9399931616138592,0.6042937281435641,0.5175125860616325,0.005117243080611843,1.7318390168002662,1.2589703826275056,1.1501750605496588
supplemental_2023_09_legacy,s4_auction_confirmed_reclaim,120,0.27527681241412755,0.5052937848541178,0.0,0.24197850157601228,0.3227996443869716,0.33112422209650044,0.25887012042350277,1.0,0.4646407500202053,0.9393033217489696,0.612579909440885,0.5160809192191265,0.006094493746874479,1.7370193934507678,1.2673532278466213,1.5420862642390083
supplemental_2023_09_legacy,s4_auction_confirmed_reclaim,240,0.2736436037829766,0.5187904430064709,0.0,0.3326281732205077,0.29019412643106024,0.3288949726231956,0.26231956197112993,1.0,0.4499751119960179,0.9406421105027377,0.6130006434459565,0.5100331199412723,0.007225102453058419,1.6890244320904484,1.4421796708050625,2.1106821310852144
supplemental_2023_09_legacy,s4_reclaim_amount_acceleration,10,0.20807371164917268,0.5910453170520916,0.0,0.299474483893001,0.3383794031140663,0.21728766779575964,0.12906508314863602,0.43531412481356024,0.498724543135533,0.9392520107612317,0.5435280466215662,0.46968071492391983,0.001018029779366305,1.7631815319553743,1.111234362616728,1.7053856128807234
supplemental_2023_09_legacy,s4_reclaim_amount_acceleration,20,0.22118720772363856,0.5849487102127018,0.0,0.29516141197767387,0.3376451953537487,0.2379883843717001,0.1709910997133806,0.445240609443355,0.4926648061547745,0.945862875245135,0.5504147978762863,0.4706164502735675,0.001285165028432084,1.7585799400725388,1.26475060938156,1.557198682679942
supplemental_2023_09_legacy,s4_reclaim_amount_acceleration,40,0.22060848203439246,0.5748184542288691,0.0,0.30837135221229384,0.35080851982830763,0.24231298760899495,0.18921253678157818,0.42990578516858785,0.4903760494560376,0.9482493318575709,0.5436848935613932,0.47091080514129807,0.0017219946755232375,1.732521659254935,1.3093434534052693,1.561262702502503
supplemental_2023_09_legacy,s4_reclaim_amount_acceleration,60,0.22618013321749203,0.5800752968433246,0.0,0.3006403449496412,0.3509991311902693,0.23889049779579755,0.19049457798371786,0.42664993403481677,0.490298291340863,0.9521832866750329,0.5391498064995023,0.4667263183802898,0.0018159985735687518,1.7380200280051803,1.3290326253950182,1.6506396646191868
supplemental_2023_09_legacy,s4_reclaim_amount_acceleration,120,0.23081573807087713,0.47949027997395594,0.0,0.3354571667751837,0.3362477909031718,0.24969770253929868,0.2032834154962329,0.43154125197656035,0.4879081015719468,0.9615849688401079,0.5442760854917535,0.4654279619910764,0.002462728035130659,1.7002035812400962,1.2523062750016742,2.0910688934748642
supplemental_2023_09_legacy,s4_reclaim_amount_acceleration,240,0.22815934065934065,0.49601648351648353,0.0,0.3809752747252747,0.3151785714285714,0.24237637362637363,0.2014423076923077,0.4125686813186813,0.4804258241758242,0.9591346153846154,0.5416434937014163,0.4563097156542512,0.002957891084198435,1.6816321997543384,1.3873951936116713,2.6044841080578633
supplemental_2023_09_legacy,s4_reclaim_volume_normal,10,0.2012054761327841,0.594227041434456,0.0,0.294584443905985,0.35502483644293675,0.23284165253210565,0.1299975769323964,0.5548370487036588,1.0,0.7655530651805186,0.548534487343884,0.4846848767775252,0.0014754405457439608,1.7640518179899347,0.1755799006735854,0.5971702155456348
supplemental_2023_09_legacy,s4_reclaim_volume_normal,20,0.1991716634728318,0.5905297644804351,0.0,0.2912365292287404,0.35892522305330615,0.24973728132533846,0.17471306999649708,0.5560775586738373,1.0,0.7708062887638829,0.5545434625391386,0.48543615340954765,0.0016810476027633212,1.7477406914293832,0.18976712288535708,0.5688833071463979
supplemental_2023_09_legacy,s4_reclaim_volume_normal,40,0.19690730811387266,0.5778060846639216,0.0,0.3094173060402287,0.3739965044287111,0.24892614865065024,0.1908641170720147,0.5337263382409574,1.0,0.7683739668809432,0.5449977132114064,0.48362092458191364,0.0021046633799159248,1.7356433567060616,0.19368300004497854,0.6119830100526986
supplemental_2023_09_legacy,s4_reclaim_volume_normal,60,0.1997303817227189,0.5803178657584788,0.0,0.30367532283241094,0.36973180076628354,0.2478359585639279,0.19011636157230027,0.5262168298566766,1.0,0.7733432666382858,0.5389869240327074,0.4768920628835077,0.00216230912716489,1.7444559731528875,0.19517787026591168,0.655898070127732
supplemental_2023_09_legacy,s4_reclaim_volume_normal,120,0.20570755200327903,0.4768931242955221,0.0,0.3391740957065273,0.35910441643611024,0.2600676298801107,0.20360692693923557,0.5375038426068245,1.0,0.7776923865150118,0.5479244924634833,0.4790756479686491,0.002933746204945738,1.7121333771551692,0.1913485185775935,0.8889319210426858
supplemental_2023_09_legacy,s4_reclaim_volume_normal,240,0.195116402517631,0.49601880640024265,0.0,0.3802987791006294,0.3363160688556912,0.24979146128763177,0.1994388412830818,0.5143702130886479,1.0,0.7741715325699553,0.5442777162282839,0.4701969564682564,0.003303983526257552,1.6932282005726993,0.1918416173237759,1.1416424333605295
supplemental_2023_09_legacy,s4_reclaim_volume_proxy,10,0.27194663521780793,0.5938674725436721,0.0,0.28383209257757797,0.3541497751897988,0.2577762217144542,0.16009434657625118,0.5201223557160758,0.4801356232033611,0.8180695805999852,0.5663664253470003,0.5020302408769489,0.0022312680924970753,1.7698301009964934,1.1206837490355304,1.1088750434035455
supplemental_2023_09_legacy,s4_reclaim_volume_proxy,20,0.2885782788348722,0.5861857878896087,0.0,0.2749834209049635,0.37254501861959904,0.2872264449318982,0.21675253787685558,0.5367035657807478,0.4815589450594297,0.8245166556139366,0.5803519993828503,0.5170459680483076,0.002900154355181912,1.7588912262365004,1.2762961023011703,1.037478584795085
supplemental_2023_09_legacy,s4_reclaim_volume_proxy,40,0.2921887594343079,0.5770499010771598,0.0,0.28068439950172197,0.3921008280208104,0.294167216238001,0.2378544735106617,0.5219095771964535,0.4839525170367114,0.831318238440683,0.5775847278147241,0.5209253394839527,0.0036078455374106396,1.7321427133842104,1.2960066900039475,1.0944382495925422
supplemental_2023_09_legacy,s4_reclaim_volume_proxy,60,0.30453582774444055,0.5882456759618778,0.0,0.2642957995058242,0.39278150370631837,0.29496117190257676,0.24316096011295446,0.5250617719731733,0.48248323332156723,0.8336569008118602,0.5733972648145023,0.5175433398060472,0.003831012676408594,1.7389005025510167,1.3240506486813288,1.1817703156441945
supplemental_2023_09_legacy,s4_reclaim_volume_proxy,120,0.30720606826801516,0.5010113780025285,0.0,0.2766750948166877,0.37218710493046775,0.30783817951959547,0.25651074589127687,0.5325537294563844,0.48445006321112516,0.8391276864728192,0.583174277697253,0.5155753955241763,0.004787315295969645,1.6908121876049365,1.3098878922393051,1.528892169454808
supplemental_2023_09_legacy,s4_reclaim_volume_proxy,240,0.29600224173360734,0.51251634597422,0.0,0.34933682047450026,0.3484961703717542,0.29674948626938163,0.2563048757705959,0.5137306183448533,0.4769288249579675,0.8401830749112648,0.5792329808222377,0.5070193183823847,0.005478554813573043,1.674755480527085,1.439212189308889,2.0078730383521615
supplemental_2023_09_legacy,s4_reclaim_vwap_support,10,0.21011155880821206,0.5910698133377189,0.0,0.29698763807800893,0.3367732916700929,0.2153057588465861,0.12727845846010472,0.4351752871200285,0.47834607899569664,0.9971219472082888,0.542843208631075,0.468159856470636,0.0010408463938741928,1.7749189308915634,0.9143293940381758,1.6375870594744477
supplemental_2023_09_legacy,s4_reclaim_vwap_support,20,0.2234532160486954,0.5857736703410904,0.0,0.29263630627621273,0.33732323794677654,0.23597966076531937,0.16933897487287977,0.4447722970715956,0.4759306684482055,0.9970864417473927,0.5497891664697633,0.46970979631823095,0.001322212601049686,1.770552406504398,1.0851960877601183,1.5117350822988747
supplemental_2023_09_legacy,s4_reclaim_vwap_support,40,0.2236635324827531,0.575313640359055,0.0,0.30695469195322694,0.35045148230029566,0.24057747116639586,0.18781130969821272,0.4298804038036385,0.4741762778680446,0.997203206989319,0.5433226810492934,0.47033948527111236,0.0017554268379571735,1.7458816728671034,1.1456362818882773,1.519530406574214
supplemental_2023_09_legacy,s4_reclaim_vwap_support,60,0.22860869012023666,0.5806667090781856,0.0,0.29938291239900755,0.3514536548126471,0.2376105350213118,0.1883707614988231,0.4274126852853235,0.4771613970354348,0.9973280743049813,0.5384884534639512,0.46607855145551125,0.0018487910580685552,1.7530121918918686,1.1722343221085245,1.60690390516423
supplemental_2023_09_legacy,s4_reclaim_vwap_support,120,0.23379020720845448,0.4789791868568,0.0,0.33337948220960817,0.33573307489962617,0.24920393188425863,0.2014398449397757,0.4323688218191887,0.47547187225991044,0.9965388342793853,0.5441346466628068,0.46528909511371247,0.0024826662444264974,1.728011715759636,1.1388210772501801,2.050731560888231
supplemental_2023_09_legacy,s4_reclaim_vwap_support,240,0.2308164937192791,0.4969279082468596,0.0,0.3782768978700164,0.3156744948115784,0.24132987438558165,0.19989077007099945,0.4124112506826871,0.4676406335335882,0.9966548334243582,0.5413408639820934,0.456470122003828,0.0030151452084409493,1.7005422204730243,1.2619788791764883,2.5605826771463693
