sample_group,signal_year,strategy_id,ma_period,signal_count,net_return_5m_mean,net_return_5m_median,net_return_5m_win_rate,net_return_15m_mean,net_return_15m_median,net_return_15m_win_rate,net_return_30m_mean,net_return_30m_median,net_return_30m_win_rate,net_return_60m_mean,net_return_60m_median,net_return_60m_win_rate,net_return_1d_mean,net_return_1d_median,net_return_1d_win_rate,net_return_2d_mean,net_return_2d_median,net_return_2d_win_rate,net_return_3d_mean,net_return_3d_median,net_return_3d_win_rate,net_return_5d_mean,net_return_5d_median,net_return_5d_win_rate
primary_development_2022_2023_partial,2022,cs_r3_leader_confirmation,10,117155,-0.0028998941083975983,-0.0030162529300139518,0.23744814517643445,-0.0029041650006305505,-0.003846519208386856,0.28632278000187794,-0.0028615677229185212,-0.004139614898543309,0.3158478808314482,-0.0028833668663452608,-0.004543027427823976,0.34186195415546167,-0.0023998358241697766,-0.0049344520213725485,0.43092915811088295,-0.0032864491860279178,-0.006446046234345693,0.42793448122411254,-0.0035810113344003566,-0.007735702620285778,0.4271327977275255,-0.0038248682926373774,-0.00815534440975596,0.44046701932788934
primary_development_2022_2023_partial,2022,cs_r3_leader_confirmation,20,89871,-0.0027931038678602835,-0.0030162529300139518,0.23815246297470818,-0.0027891607139201393,-0.0037299134504646947,0.28505775265395145,-0.002767671514146561,-0.004130408728564738,0.31468313581483337,-0.0026655930145517382,-0.0044759655904383355,0.3429194675688911,-0.0019398782575645803,-0.0045619641657812515,0.43636181151096787,-0.0024148920872734342,-0.0057991803468177006,0.43577475156422524,-0.002480151256724448,-0.006466023681121036,0.4398960436349035,-0.0034129027464049207,-0.007293101277981551,0.44687594156967336
primary_development_2022_2023_partial,2022,cs_r3_leader_confirmation,40,64593,-0.0026161988130506708,-0.0030162529300139518,0.24685337420463518,-0.002526133753357124,-0.003483224342562763,0.29373606638593014,-0.0024701978050224974,-0.0039217785858447485,0.3225886360117665,-0.0024217654244895956,-0.0043043456264865165,0.35015406531130483,-0.0015870465813134626,-0.003999148507145223,0.44095795008608524,-0.0022314979903734823,-0.00521710005378867,0.44243421052631576,-0.0022409741594190892,-0.0055961338555207685,0.4488937847146802,-0.0030290352125145565,-0.0060576920607947615,0.45731451725583344
primary_development_2022_2023_partial,2022,cs_r3_leader_confirmation,60,52961,-0.002650800385888657,-0.0030162529300139518,0.24480277940371217,-0.002516467313313063,-0.003579202533102621,0.2925548988878609,-0.0023797867337572655,-0.003895427310146138,0.3238920674484035,-0.0023341004672812215,-0.004250398326556104,0.34906337336656845,-0.0014283756173350025,-0.004038407646332731,0.44281824370319944,-0.0018210230679758153,-0.004729283423261288,0.4510341956361297,-0.0019166706714387081,-0.004845580906289171,0.45678007796238124,-0.0028201649953297154,-0.005722996134728819,0.45935659780735805
primary_development_2022_2023_partial,2022,cs_r3_leader_confirmation,120,36782,-0.002682081589715045,-0.0030162529300139518,0.2469686259583492,-0.0025319857482164155,-0.003441405913839124,0.29439112585302196,-0.0024549885934055534,-0.0038869810933936932,0.32203159411620763,-0.0024370825193240553,-0.004229128534721849,0.35034809093875774,-0.0013349689868541955,-0.003919457751034583,0.44333968945791336,-0.0015822015152752837,-0.0046144955511585595,0.4481724767641527,-0.0016585065652080806,-0.005271872267276212,0.4509910843307795,-0.002874618097045327,-0.005948558068454846,0.45640200676191517
primary_development_2022_2023_partial,2022,cs_r3_leader_confirmation,240,27630,-0.002759718972492977,-0.0030162529300139518,0.24212812160694897,-0.002703501378028015,-0.0036664950781148398,0.28606587043069126,-0.002572427520519146,-0.0039488858762298795,0.320376402461093,-0.0024619038960793736,-0.0043093576603250305,0.34784811959315165,-0.0008189969016719182,-0.003764179405190471,0.440572878897752,-0.000934954499313235,-0.004652003193384824,0.4474199869366427,-0.0005879416679892267,-0.004576493170752538,0.454100145137881,-0.0010209826373356308,-0.0054491598808762975,0.45785231975604446
primary_development_2022_2023_partial,2022,fu_r3_core_pullback,10,42833,-0.002845174688732247,-0.0030162529300139518,0.25267900917516867,-0.002841615645404996,-0.0038168826097790265,0.29865521105715354,-0.00278540205683472,-0.004101700989361079,0.32150361895867385,-0.0023599945261878015,-0.00415047789823908,0.35667585111847944,7.163383220427767e-05,-0.0030162529300137297,0.4655741542783565,0.0012230148238132163,-0.0030162529300137297,0.4730384696434007,0.0022699469885396613,-0.0017331250630654993,0.4833528447670335,0.002482998150168569,-0.0018011595512208989,0.4873308041777903
primary_development_2022_2023_partial,2022,fu_r3_core_pullback,20,36312,-0.002769511390451324,-0.0030162529300139518,0.24714273911486878,-0.002778528405849723,-0.003737398591840968,0.2928118975488846,-0.0027114964457098214,-0.004038800362905937,0.3209947946790052,-0.002168422197402305,-0.0040132366770838646,0.35678281228480924,0.0005332721214443389,-0.0023116704247077013,0.4680945020975933,0.0018554594234684695,-0.0020704947363086035,0.47681095406360424,0.003100943151151912,-0.0007982690655646829,0.4925554542692191,0.0024435769719229764,-0.001080362159004089,0.49244579477972655
primary_development_2022_2023_partial,2022,fu_r3_core_pullback,40,27324,-0.002637821793593768,-0.0030162529300139518,0.25010979358805446,-0.002538764369718935,-0.0034887575000673854,0.29827258088127656,-0.0023582478240770774,-0.0036528964466613356,0.32811184716173186,-0.0017863984484757262,-0.00331342504496418,0.3662884333821376,0.0013471495279884034,-0.001728160233540943,0.4744911058133138,0.002260918427932043,-0.0012133654293853824,0.4866471019809244,0.003545881880526375,3.122910290653813e-05,0.500275178866263,0.004056447278192615,0.0009492115311108273,0.5080017618558215
primary_development_2022_2023_partial,2022,fu_r3_core_pullback,60,22695,-0.002680900125234032,-0.0030162529300139518,0.24697069839171623,-0.0025161319449052825,-0.003467748245689961,0.2952632738488654,-0.0022641188486045745,-0.0037248412363891648,0.3293526638170361,-0.0016897381826299145,-0.0033371618370935385,0.3661363536203781,0.001380571267789422,-0.0017668998635100852,0.47273851044104015,0.0029218552803524263,-0.0007606335927513586,0.49180762266484124,0.0038051339339621186,0.0005444033095218792,0.5057217337516017,0.004699749306243152,0.0012598961574283862,0.5104756011315418
primary_development_2022_2023_partial,2022,fu_r3_core_pullback,120,16199,-0.0026953521334721663,-0.0030162529300139518,0.2524229890733996,-0.0025587759066751934,-0.0033623076842901334,0.2994011976047904,-0.002426919683066892,-0.0037641794051905264,0.3257192245956291,-0.0019801316845171205,-0.003657885332624067,0.3638216403162055,0.0011088763138348058,-0.0021311622451797296,0.4714727722772277,0.002400644533621667,-0.0014987738629360647,0.4825386996904025,0.00364927067073068,2.963394684762921e-05,0.5004954787563484,0.0032270013293176896,-0.00019991466145474757,0.49866815337917364
primary_development_2022_2023_partial,2022,fu_r3_core_pullback,240,11712,-0.002818091158849607,-0.0030162529300139518,0.2505122950819672,-0.0027300456095147407,-0.0031684649880294735,0.2936304644808743,-0.0024653876578047303,-0.0035769890340995314,0.327698087431694,-0.002015805507904195,-0.0030162529300139518,0.36194380391152103,0.0020051089615195743,-0.001614014342257608,0.4746705459524217,0.0032320324542913616,-0.0012763161986524274,0.48479136320795135,0.004596556771021005,-2.005665701115822e-05,0.49974301867397636,0.004793003359155836,-0.0007808380771279211,0.4948586118251928
primary_development_2022_2023_partial,2022,ht_r3_core_pullback,10,83082,-0.0030213576343180695,-0.0030162529300139518,0.1952070870596165,-0.003013611246972529,-0.0033723185539674683,0.26010809249250694,-0.0028838591966417627,-0.0036747626704826675,0.3025808936825886,-0.0029186155422289317,-0.004115463235493333,0.33287183068069637,-0.0025146793272453954,-0.004843904162039336,0.43039135260338757,-0.0034872512493298894,-0.006445259798698366,0.427840586879668,-0.003733890226044141,-0.007879588281574645,0.4260085899044494,-0.00390503769425815,-0.008045174731123428,0.441391212000531
primary_development_2022_2023_partial,2022,ht_r3_core_pullback,20,65292,-0.002988620420214165,-0.0030162529300139518,0.19405133860197268,-0.0029393451792392817,-0.003016252930014063,0.26020095576522484,-0.00278740829561163,-0.003576986196082488,0.30232665002220965,-0.0027218018868418927,-0.0039840104379204044,0.333920583369079,-0.0019376827872206869,-0.004448700842470621,0.43593522142911967,-0.0025244776838288193,-0.0058325911985731005,0.4350535719767906,-0.0025611040631976136,-0.006697423688425963,0.43676220008289457,-0.0035443119733670745,-0.007590447143296264,0.4464529802951882
primary_development_2022_2023_partial,2022,ht_r3_core_pullback,40,47467,-0.002953131119081926,-0.0030162529300139518,0.19704215560283986,-0.002846112137354057,-0.0030162529300139518,0.26151350440315174,-0.0027317792646073054,-0.0033647295264562227,0.3026504297994269,-0.0026220697028685644,-0.0038307821351362126,0.33609372695282047,-0.0017776343240108274,-0.004083687348718279,0.4385605740818911,-0.002467314808630311,-0.00545386600353448,0.43953051444976887,-0.0024602099200101315,-0.005819065423629088,0.4451106232055396,-0.003170636581427185,-0.006187032679895621,0.4555595461939873
primary_development_2022_2023_partial,2022,ht_r3_core_pullback,60,39190,-0.002971345940047599,-0.0030162529300138408,0.1945649400357234,-0.002856212631730077,-0.0030162529300139518,0.26139321255422304,-0.0027231301886179535,-0.003414568450217481,0.3009416388087886,-0.0027122668490772747,-0.0038720329704171608,0.32987112415465103,-0.001811971035426835,-0.004261704692700208,0.4379056574845403,-0.0022237556648181506,-0.005097638623270506,0.4467970847717683,-0.002489694276930405,-0.005309928543636322,0.45151639134659644,-0.0032035913296871695,-0.005732829897507119,0.459257553662343
primary_development_2022_2023_partial,2022,ht_r3_core_pullback,120,27402,-0.00293723082891439,-0.0030162529300138408,0.19870812349463543,-0.0027946514863893823,-0.0030162529300139518,0.26725301996277506,-0.002680233390504274,-0.0030162529300139518,0.3017628380597832,-0.0026925850231687386,-0.003831450324365604,0.3312404176096956,-0.001559819287629388,-0.003959473125917323,0.4374405850091408,-0.0018342484402376895,-0.004796581049781534,0.4471961078391923,-0.0018858921683681436,-0.005309927194745434,0.4496504264431348,-0.003233101806299322,-0.006216851054470673,0.4531650201244054
primary_development_2022_2023_partial,2022,ht_r3_core_pullback,240,20696,-0.00295957157641687,-0.0030162529300138408,0.19491689215307306,-0.0027961901067395855,-0.0030162529300139518,0.2609683030537302,-0.00259719204470983,-0.0030162529300139518,0.3015558562040974,-0.002524538122851473,-0.0036533032476301353,0.3322862803846711,-0.000888969719453896,-0.0035465634337744634,0.4404917477372828,-0.0010806684970266326,-0.004601282734576717,0.44639829482148913,-0.0006963136620591992,-0.004569190883248142,0.45297365362262687,-0.0011254293652350946,-0.0055143331346312885,0.4578488372093023
primary_development_2022_2023_partial,2022,ng_r1_auction_reclaim,10,232545,-0.002980379498514006,-0.0030162529300138408,0.1682943086284375,-0.0029004304612691395,-0.0030162529300138408,0.23590528696878735,-0.002822973798506956,-0.0030162529300139518,0.2810481408530659,-0.0024802808047963503,-0.0030162529300139518,0.3381137756748037,-0.0006116247803653153,-0.002161939522070555,0.46075339692058487,-0.0001776902511299944,-0.0030162529300137297,0.46467997828316343,0.00037669586461007735,-0.0030162529300137297,0.47241040492320424,0.0006873867107477154,-0.002026690898182415,0.482438706840433
primary_development_2022_2023_partial,2022,ng_r1_auction_reclaim,20,160818,-0.0029757997208270685,-0.0030162529300138408,0.17260205826570904,-0.0028877222776957697,-0.0030162529300138408,0.23960872593403312,-0.0028147969216576097,-0.0030162529300139518,0.2842670215677007,-0.002337544866793384,-0.0030162529300138408,0.3420476457050445,-3.0353780027546934e-05,-0.0016634934360247322,0.46672978932811743,0.0005134105220054991,-0.0016883060759306234,0.47590121241573524,0.001620819945908156,-0.0007606335927515806,0.4917487224230338,0.0016488370629363113,-0.0006704088192610591,0.4936858770584789
primary_development_2022_2023_partial,2022,ng_r1_auction_reclaim,40,107742,-0.0029001305017523475,-0.0030162529300138408,0.17987581329298966,-0.0027686877475540735,-0.0030162529300138408,0.2442893342120163,-0.0026124329684626326,-0.0030162529300138408,0.29105017914493103,-0.002202988198818634,-0.0030162529300138408,0.3460306555383287,0.00017325302966083596,-0.0014387470011056336,0.47239885467797116,0.001169887839242609,-0.000956369155075687,0.4864070536370316,0.002291367467861178,0.00023125113210342718,0.5026834463450252,0.002893990875526456,0.00029323668681580095,0.5026930984120487
primary_development_2022_2023_partial,2022,ng_r1_auction_reclaim,60,84997,-0.002912786242646935,-0.0030162529300138408,0.18141816770003646,-0.0027438545247074884,-0.0030162529300138408,0.24615565621507146,-0.0025686309537152285,-0.0030162529300138408,0.2915887190709823,-0.002093760602217142,-0.0030162529300138408,0.3439482200647249,0.00042245733173749484,-0.0015010800621263476,0.47068807015062586,0.0014581616702076092,-0.0009732534483131161,0.486094573405798,0.002264075974641377,0.00011497743138710881,0.5014564881535032,0.00270341882091408,-0.00017997986624551654,0.4982959704713499
primary_development_2022_2023_partial,2022,ng_r1_auction_reclaim,120,54344,-0.0028463946333050463,-0.0030162529300138408,0.19065582216988075,-0.002705502769812353,-0.0030162529300138408,0.2543152625961503,-0.002564631438875396,-0.0030162529300138408,0.2967904597151165,-0.002080824757962049,-0.0030162529300138408,0.34780207643030703,0.00017641608009887584,-0.001890353723836502,0.46672321906061554,0.0007226703328782764,-0.0019296221430165073,0.47510377271469423,0.0017087118650647715,-0.0009173397782876735,0.4900289630490527,0.0020449796566784843,-0.00036587470373439235,0.4968645099413479
primary_development_2022_2023_partial,2022,ng_r1_auction_reclaim,240,40081,-0.003001527898443724,-0.0030162529300138408,0.1817070432374442,-0.0028717611183518487,-0.0030162529300139518,0.2437874251497006,-0.002643686963123252,-0.0030162529300139518,0.2909431137724551,-0.0021909010736390257,-0.0030162529300139518,0.34417188630748885,0.0005711570602738868,-0.0018085192984836351,0.46746789265903754,0.0014682118415067517,-0.0020378586738116766,0.47366184154603863,0.0023598564109960983,-0.0013683459100634066,0.4833804366855914,0.002862232192744352,-0.0012406793990804577,0.48832091231931174
primary_development_2022_2023_partial,2022,ng_r3_volume_quality,10,573580,-0.0030376196474073687,-0.0030162529300138408,0.1373119235664348,-0.0030317405978388264,-0.0030162529300138408,0.21205036065299376,-0.003010630649720548,-0.0030162529300139518,0.26474044883084275,-0.0030698386026239005,-0.003493278646314879,0.3208050389942943,-0.0028419769420526962,-0.0039827907361891235,0.4250230151506946,-0.003098988308099296,-0.0048526159292660576,0.4342324144486692,-0.0033181278769114303,-0.005424426232115143,0.43833373523871433,-0.0034680316930510487,-0.00568436286864904,0.4512425123272395
primary_development_2022_2023_partial,2022,ng_r3_volume_quality,20,384865,-0.0030338383405508584,-0.0030162529300138408,0.13930072910008368,-0.003007746992782465,-0.0030162529300138408,0.2171104430141279,-0.0029850296500675624,-0.0030162529300139518,0.267566872227463,-0.0030028691170988944,-0.003380248456509083,0.32093781357068957,-0.002544769759067691,-0.003585307580167729,0.42899056296778393,-0.002678534917435244,-0.004247097062199223,0.44268202505806264,-0.00274653684258912,-0.004592636443811471,0.4490287975837109,-0.002940081583580025,-0.004852318762554986,0.45835623217471705
primary_development_2022_2023_partial,2022,ng_r3_volume_quality,40,259026,-0.00299920046652568,-0.0030162529300138408,0.14604824263388722,-0.0029443688747309827,-0.0030162529300138408,0.22341008771929824,-0.002918411740989517,-0.0030162529300139518,0.27318359608783455,-0.0029309706953910193,-0.0030162529300139518,0.3265705744675921,-0.0024203739099897346,-0.0030162529300139518,0.43455592556923445,-0.002473041180156685,-0.003536192338023436,0.4490611436485033,-0.002540232115044088,-0.004248156122940494,0.45432811339440454,-0.0028971912312189107,-0.004963486811009776,0.459245556118875
primary_development_2022_2023_partial,2022,ng_r3_volume_quality,60,208486,-0.0029844497206361403,-0.0030162529300138408,0.14726042181301893,-0.002920227437940064,-0.0030162529300138408,0.22551060543558554,-0.0028474705881436496,-0.0030162529300138408,0.27576331758328737,-0.0028023472453695356,-0.0030162529300139518,0.3287048143634427,-0.0022661470202879736,-0.0030162529300138408,0.43879482645962253,-0.0022092617773815542,-0.0030162529300139518,0.4551453025955989,-0.002372448797335877,-0.0037533944333967284,0.458231985771283,-0.0028494211556007658,-0.004982690300960546,0.46073051674802223
primary_development_2022_2023_partial,2022,ng_r3_volume_quality,120,137744,-0.0029827565231452286,-0.0030162529300138408,0.15317656795626639,-0.0029473729798629505,-0.0030162529300138408,0.23149022056367888,-0.0029134263379079657,-0.0030162529300139518,0.2792843814212173,-0.0029331478537165975,-0.003246025630421534,0.3294841347655257,-0.0028294748435877173,-0.003990107686081157,0.42989192884467137,-0.0029981287250662103,-0.004467466535647002,0.4432229101941924,-0.0031499954316525592,-0.0049455881606274565,0.44707997321610526,-0.0037974973952021674,-0.0059032715026103855,0.4533518678903356
primary_development_2022_2023_partial,2022,ng_r3_volume_quality,240,103316,-0.0030159194660857457,-0.0030162529300138408,0.15176739324015642,-0.0029771675961208083,-0.0030162529300138408,0.22740076080959434,-0.0029587452457370727,-0.0030162529300139518,0.27607403535265534,-0.0029932234277707135,-0.003016252930014063,0.3264325967813777,-0.002964301292091139,-0.004329513691974707,0.4218350011636025,-0.0030148238662972087,-0.004850629649553739,0.43667012599051436,-0.0028184562116542796,-0.005122556621006691,0.44375345628826174,-0.002683336248109408,-0.005999003280954485,0.45156219677857556
primary_development_2022_2023_partial,2022,s0_distance_only,10,1082491,-0.0028750708193029397,-0.0030162529300138408,0.16700816453977235,-0.002851336054501015,-0.0030162529300138408,0.2326639925059448,-0.0028305115469203987,-0.0030162529300138408,0.2760748779104251,-0.002875524846185554,-0.0030162529300139518,0.32922497950598095,-0.002794781124690383,-0.003813202368119162,0.42644418199118106,-0.0030277148495738665,-0.004700347097361779,0.434802492108016,-0.0032496357211841153,-0.005164924798699011,0.43954751835035666,-0.0033348444884660137,-0.005531771215303849,0.4514027675649244
primary_development_2022_2023_partial,2022,s0_distance_only,20,740333,-0.0028285495864851895,-0.0030162529300138408,0.17215072238251153,-0.0027624206236539096,-0.0030162529300138408,0.2400647290282406,-0.0027279359118523466,-0.0030162529300138408,0.2820029286374271,-0.0027527331762877165,-0.0030162529300139518,0.3327112932038625,-0.002518589026793571,-0.003016252930014063,0.4299085655055014,-0.0026201598172938675,-0.004060032840073058,0.44314004666598095,-0.0027034576203578326,-0.00428791587270505,0.4504409758316008,-0.0030065265975258563,-0.004650652515374443,0.4590226525912176
primary_development_2022_2023_partial,2022,s0_distance_only,40,499139,-0.0027973799303405516,-0.0030162529300138408,0.17683557186818824,-0.0027142618668894746,-0.0030162529300138408,0.24523319622782888,-0.0026495375557741407,-0.0030162529300138408,0.28876604628703895,-0.002649848607361274,-0.0030162529300138408,0.33919434328696235,-0.0023730763223085644,-0.0030162529300138408,0.43594560313408154,-0.002455202185424756,-0.0030162529300139518,0.4491207505283927,-0.00256777743021947,-0.0038301172133363703,0.4552814519350636,-0.0030203808703697446,-0.004819116848766125,0.45918785395830825
primary_development_2022_2023_partial,2022,s0_distance_only,60,401099,-0.0027809677142799295,-0.0030162529300138408,0.17867997018177648,-0.002690721438229614,-0.0030162529300138408,0.2465624664972936,-0.0025853624639432023,-0.0030162529300138408,0.29019864016136554,-0.002519618240870991,-0.0030162529300138408,0.3421676771253925,-0.002247600289200347,-0.0030162529300138408,0.43844759393539884,-0.0022741366445944897,-0.0030162529300139518,0.4527495035531854,-0.0024088384935433294,-0.0037070680882410056,0.4570397797398652,-0.003153308984429008,-0.005178907478972761,0.4580386197657621
primary_development_2022_2023_partial,2022,s0_distance_only,120,263812,-0.002826377165358878,-0.0030162529300138408,0.1852758782769548,-0.002779707557932433,-0.0030162529300138408,0.24974413403585913,-0.0027180041108021244,-0.0030162529300138408,0.2917134192570129,-0.0026891148877149617,-0.0030162529300139518,0.3413530812516115,-0.0027976902103799043,-0.0037168739750382818,0.43066244954835575,-0.002953749561646578,-0.004362500454605511,0.4431825088124468,-0.003175550287506299,-0.004869382571407621,0.4466143359751974,-0.003740077123577182,-0.005789262938468043,0.4536749954404523
primary_development_2022_2023_partial,2022,s0_distance_only,240,198988,-0.0028713689251323106,-0.0030162529300138408,0.18137274609524193,-0.0028509261897559706,-0.0030162529300138408,0.24598336558032013,-0.002808886718590729,-0.0030162529300138408,0.2870884574599074,-0.0028057776061592944,-0.0030162529300139518,0.3356743196979675,-0.003094289140540029,-0.00441258871022393,0.418476345807283,-0.0032184572694246754,-0.004925726340044789,0.43336320702468106,-0.003020491228414198,-0.005151121767422717,0.4409182712405627,-0.002869486478851791,-0.0059834664629601075,0.4483069545330902
primary_development_2022_2023_partial,2022,s0_liquidity_matched,10,11654032,-0.0028922427652720776,-0.0030162529300138408,0.16760506577632017,-0.0028182531554799507,-0.0030162529300138408,0.24043279285998875,-0.0027553391570016663,-0.0030162529300138408,0.286671098323042,-0.0026769457644647983,-0.0030162529300139518,0.33651058408744894,-0.0025457624484786067,-0.0036576062571737067,0.431449375133389,-0.0026242721405499744,-0.004685000135450035,0.43852336359864846,-0.002688982383455584,-0.005146560081872864,0.4438276166103955,-0.002785509681551779,-0.005622746386405919,0.45275243818749866
primary_development_2022_2023_partial,2022,s0_liquidity_matched,20,8345755,-0.002889439276853641,-0.0030162529300138408,0.16947712225643577,-0.002802276105838795,-0.0030162529300138408,0.24257982646498805,-0.0027529784011551886,-0.0030162529300138408,0.28842549335338896,-0.0026443401638854168,-0.0030162529300139518,0.3376171954787502,-0.0023863183168475913,-0.0030162529300139518,0.4341726974600546,-0.002359107905447671,-0.004286295919912142,0.44338931554392014,-0.0023454851309033854,-0.00468101393534881,0.44876046805610187,-0.0026459368912448047,-0.005256665844777686,0.4557105661644954
primary_development_2022_2023_partial,2022,s0_liquidity_matched,40,6025766,-0.002886018969384837,-0.0030162529300138408,0.171266361196809,-0.0027953157172596896,-0.0030162529300138408,0.24396368376897487,-0.0027085306540994766,-0.0030162529300138408,0.2900340815880088,-0.002606157712644265,-0.0030162529300139518,0.3385456581189543,-0.0023541800367108236,-0.0030162529300139518,0.4360814728128216,-0.002410339708874273,-0.004099930915959504,0.44553119595556795,-0.002604954722096458,-0.004726345120528164,0.44832596281425624,-0.0031610922632289316,-0.005667805448816732,0.45158044662155306
primary_development_2022_2023_partial,2022,s0_liquidity_matched,60,5072558,-0.0028966284939424157,-0.0030162529300138408,0.17212968513953963,-0.002819599568346755,-0.0030162529300138408,0.24448298853284894,-0.00273840181525767,-0.0030162529300138408,0.2903749607657887,-0.002628961860784851,-0.0030162529300139518,0.3393532419253847,-0.002405575225043454,-0.0030162529300139518,0.43521967976721837,-0.002419864162460326,-0.004121965033973329,0.44482649753770687,-0.0026048560615051105,-0.004787094399054559,0.44708511965533476,-0.003147094977999116,-0.0057279041006487175,0.4513776385169513
primary_development_2022_2023_partial,2022,s0_liquidity_matched,120,3722165,-0.002888880720410415,-0.0030162529300138408,0.17416046996594972,-0.0028242732317365184,-0.0030162529300138408,0.24545304332757029,-0.0027544032825254907,-0.0030162529300138408,0.29073334517380367,-0.0026602274229633764,-0.0030162529300139518,0.33895021113013685,-0.002789757913363486,-0.003693091862172815,0.43157536544091163,-0.0029341500011853057,-0.0046479775569697734,0.43966286465420823,-0.003053746194440631,-0.005160303998981708,0.44395217034969986,-0.003476177109123067,-0.005975759414822535,0.4495449220607142
primary_development_2022_2023_partial,2022,s0_liquidity_matched,240,3112961,-0.0028928971518234797,-0.0030162529300138408,0.17430755595303835,-0.002815302453113563,-0.0030162529300138408,0.2459026873590713,-0.002753249898941683,-0.0030162529300138408,0.2909317139743603,-0.0026671104968727087,-0.0030162529300139518,0.33904209408994956,-0.0027143122295269955,-0.0036516791550424976,0.43091496357237,-0.0026471557633592343,-0.004374541413760258,0.4421062357383112,-0.0025646690057524305,-0.004750137707526747,0.4475770576148583,-0.0025282567262754005,-0.00504676972649043,0.45660905038609273
primary_development_2022_2023_partial,2022,s0_random_matched,10,2837495,-0.003001068280230533,-0.0030162529300138408,0.13547246562939555,-0.0030093192403896586,-0.0030162529300138408,0.21847822485649251,-0.003014139584069872,-0.0030162529300138408,0.2738619651063266,-0.003023403281013422,-0.0030162529300139518,0.32382852774537696,-0.0030542056668337657,-0.003920136653558504,0.42720443926925256,-0.0030173059651862517,-0.004703196664480713,0.4382771999677852,-0.002991780924218276,-0.005119594168558228,0.4445675863684363,-0.002910027959868582,-0.005740252238948251,0.4523277756967071
primary_development_2022_2023_partial,2022,s0_random_matched,20,2836937,-0.0030020367624130134,-0.0030162529300138408,0.1349440680869784,-0.003004971195811329,-0.0030162529300138408,0.21895169535144435,-0.0030106893077145543,-0.0030162529300138408,0.27392775230368643,-0.0030333977361860385,-0.0030162529300139518,0.32382723834432986,-0.0030632924729479013,-0.0039217785858448595,0.427055305635477,-0.003029138463186861,-0.004720498651500926,0.4384364947437408,-0.0030066951164368053,-0.005104177007647592,0.4447655702843913,-0.0029302987204607774,-0.005729133874421866,0.4523476767119802
primary_development_2022_2023_partial,2022,s0_random_matched,40,2835503,-0.0029998521546963667,-0.0030162529300138408,0.13509163100436836,-0.003007351398182256,-0.0030162529300138408,0.21880194825464447,-0.0030189355307343947,-0.0030162529300138408,0.2738203795767516,-0.0030369257072934783,-0.0030162529300139518,0.3234959423320326,-0.003065501855694051,-0.003930078546026505,0.42707009475932717,-0.0030334407469783703,-0.004714692022126266,0.4382979174656814,-0.0030146396296771975,-0.005119594168558117,0.44462816695957386,-0.0029436255440350636,-0.005732829897506897,0.4524069364129143
primary_development_2022_2023_partial,2022,s0_random_matched,60,2834000,-0.0029947208906821103,-0.0030162529300138408,0.13539279652494257,-0.0029994037083245204,-0.0030162529300138408,0.2191058877336148,-0.003006119645564853,-0.0030162529300138408,0.2742112925854356,-0.003029270797943278,-0.0030162529300139518,0.32392905787313425,-0.003057891049775568,-0.003906947165037811,0.42714815067580064,-0.0030280685258752987,-0.004707011121766191,0.43847559267652975,-0.0030063476632141285,-0.00510417700764737,0.4446676457812471,-0.0029376929563688695,-0.005710803597770653,0.4524344052465188
primary_development_2022_2023_partial,2022,s0_random_matched,120,2829632,-0.002998595031512847,-0.0030162529300138408,0.1351039485425999,-0.0030031755628753087,-0.0030162529300138408,0.21867586474052836,-0.0030136121783144692,-0.0030162529300138408,0.27377080820606503,-0.00302883784618645,-0.0030162529300139518,0.3239090402496047,-0.0030508391606990613,-0.003904038991518588,0.4271949393035876,-0.003015247862903108,-0.004697507140924317,0.4385969013665441,-0.002989724332069786,-0.0051119573477032,0.444743645018771,-0.0029094445953656086,-0.005705957283619778,0.45268787902090396
primary_development_2022_2023_partial,2022,s0_random_matched,240,2817447,-0.0029986910902412233,-0.0030162529300138408,0.1351030653758974,-0.003005960190119428,-0.0030162529300138408,0.2186773082713226,-0.0030142804704681313,-0.0030162529300138408,0.2738624389717431,-0.00303013780466659,-0.0030162529300139518,0.32353605451163464,-0.0030517190852322198,-0.003914436485932815,0.42699622517222896,-0.003015708170860997,-0.00470689166732291,0.4384765944609903,-0.0029913840245387835,-0.005086115380678158,0.4447910321585326,-0.0029143082479437723,-0.005671336144580819,0.4527936854910148
primary_development_2022_2023_partial,2022,s0_strong_no_ma,10,1221187,-0.0030382625139753878,-0.0030162529300138408,0.19187371486267712,-0.003023902954168281,-0.0030162529300139518,0.24600303820688468,-0.003043118606644535,-0.0030162529300139518,0.2790341707587933,-0.0027956353870161998,-0.003748252744309011,0.3301065525823804,-0.002352917122867471,-0.0040859779805179075,0.42878772709293145,-0.0022763541591449524,-0.004764324958774657,0.4377227295335053,-0.0020630277994963695,-0.005124040978787825,0.44428947979763567,-0.002285499982092689,-0.0054071012443301925,0.4540440316076357
primary_development_2022_2023_partial,2022,s0_strong_no_ma,20,1220654,-0.0030388296566169603,-0.0030162529300138408,0.1919271857386289,-0.0030244765920608473,-0.0030162529300139518,0.24607605224392953,-0.003043456435405818,-0.0030162529300139518,0.27912652978957175,-0.0028009324185750946,-0.003755306856677909,0.33015186621937614,-0.002374985013780697,-0.0040917478027969745,0.42865657770615034,-0.0023117388943053254,-0.00476996224763937,0.4376233184961117,-0.002108492631284097,-0.005128506631433161,0.4442333861389716,-0.002349534927657618,-0.005409013922981654,0.4540029607138574
primary_development_2022_2023_partial,2022,s0_strong_no_ma,40,1219925,-0.0030387306119173943,-0.0030162529300138408,0.19195416714825916,-0.0030238108163832223,-0.0030162529300139518,0.24614031362795352,-0.0030427848336065026,-0.0030162529300139518,0.2792015294536237,-0.0028041358076950147,-0.003760270651707809,0.3301800372162751,-0.002387094887275734,-0.004095239669266948,0.4285803475710689,-0.0023351009183169573,-0.004771506005841419,0.43757779411825115,-0.0021426152459945672,-0.005128506631433272,0.444200390486333,-0.002399803418969517,-0.0054071012443305255,0.4539877653619345
primary_development_2022_2023_partial,2022,s0_strong_no_ma,60,1219315,-0.0030391194728930137,-0.0030162529300138408,0.1919378397950957,-0.00302471572038125,-0.0030162529300139518,0.24613387159081496,-0.003043902144425787,-0.0030162529300139518,0.2792009659014479,-0.002805611505422977,-0.00376082630347907,0.3301877658457176,-0.0023909732203028066,-0.004097580204492968,0.4285389051075693,-0.002343816586708099,-0.004771506005841419,0.43755764270319414,-0.0021519535385411243,-0.005128506631433161,0.44419643224169597,-0.0024094858534347004,-0.0054071012443301925,0.45400274026228227
primary_development_2022_2023_partial,2022,s0_strong_no_ma,120,1217648,-0.0030398757388327017,-0.0030162529300138408,0.19186537837693562,-0.003025595073127091,-0.0030162529300139518,0.2461043531538457,-0.0030447146822655765,-0.0030162529300139518,0.27918301839990933,-0.002806019184610628,-0.003760826303478959,0.3301755253724255,-0.0023856535167491697,-0.004092909244344134,0.42854908970899164,-0.002333247493464586,-0.004765347223119054,0.43760242654715015,-0.0021379075954771447,-0.00511664003760498,0.44425774689630193,-0.002382978253553349,-0.005387201198907787,0.45413383865210993
primary_development_2022_2023_partial,2022,s0_strong_no_ma,240,1212761,-0.0030399139644290167,-0.0030162529300138408,0.19179664695386017,-0.003026139093028479,-0.0030162529300139518,0.2460519621239046,-0.003046172913217064,-0.0030162529300139518,0.2791127648292418,-0.002807063981413584,-0.003760270651707809,0.3301245907265166,-0.0023884719379727247,-0.004092909244344245,0.4284747493777826,-0.002337427270026336,-0.004763814274571065,0.43753414174371025,-0.0021386698398971,-0.005110756600328781,0.44425626109159017,-0.002387821170237426,-0.0053787736576679235,0.45416405522638087
primary_development_2022_2023_partial,2022,s1_break_reclaim_stable3,10,686409,-0.0029540197141304757,-0.0030162529300138408,0.17163178843452975,-0.0028953734176478826,-0.0030162529300138408,0.23963628469566306,-0.0028588648474468345,-0.0030162529300139518,0.286491952522359,-0.0028247503592628617,-0.0033618278856706874,0.3330724429830698,-0.0026837693038964877,-0.003930916918151395,0.42736643567146027,-0.0029961990111518517,-0.00485231876255543,0.4349129403175762,-0.0032219042725834548,-0.005395689080539223,0.43908279949709633,-0.0033733279505662296,-0.005714449809769984,0.45154137403152866
primary_development_2022_2023_partial,2022,s1_break_reclaim_stable3,20,465711,-0.002942521063385901,-0.0030162529300138408,0.17450467145228377,-0.0028629227522282003,-0.0030162529300138408,0.244186421060091,-0.0028324176588227228,-0.0030162529300139518,0.28855805802473644,-0.0027611238203991213,-0.003016252930014063,0.3339434051026918,-0.0024335401848283498,-0.003618842134077205,0.43082119575740624,-0.002552355632194782,-0.004248618501175971,0.4428103274282776,-0.0025846061382321004,-0.0044664111075702895,0.4506061792844631,-0.0028378899249636314,-0.004744127708297796,0.4595030328599288
primary_development_2022_2023_partial,2022,s1_break_reclaim_stable3,40,313922,-0.0028751017898359993,-0.0030162529300138408,0.1810212188494484,-0.002768093297501133,-0.0030162529300138408,0.2509421640305188,-0.002692278452675587,-0.0030162529300138408,0.297016675268735,-0.0026646444561028277,-0.0030162529300139518,0.34022389272523906,-0.002225240000336567,-0.0030162529300139518,0.437665553931487,-0.00233206628754044,-0.003602369183435261,0.449330460458064,-0.0024110264586682875,-0.004084831437055569,0.4554856832764069,-0.0027077227578117154,-0.004723416880476061,0.46153551354113437
primary_development_2022_2023_partial,2022,s1_break_reclaim_stable3,60,253921,-0.0028567714650769103,-0.0030162529300138408,0.18373254357706031,-0.0027375159490657403,-0.0030162529300138408,0.2520902828921717,-0.0026114492581449933,-0.0030162529300138408,0.2983209329988066,-0.0025210726400363517,-0.0030162529300139518,0.3435744506511822,-0.002096133820866001,-0.0030162529300138408,0.4412898288302149,-0.0021465357567906967,-0.0030162529300139518,0.45545624938344675,-0.0022984587614892802,-0.0037834585837807078,0.45831409003888135,-0.002908842687799386,-0.005063447482518801,0.46049171135453604
primary_development_2022_2023_partial,2022,s1_break_reclaim_stable3,120,167218,-0.0028678212760917545,-0.0030162529300138408,0.1894865891217893,-0.002797797484502689,-0.0030162529300138408,0.2570929620592316,-0.0026997313678416637,-0.0030162529300139518,0.30134634823228246,-0.0026315811653069704,-0.0030162529300139518,0.34443892721040004,-0.0025907841277989277,-0.00380453819273352,0.43246902633660045,-0.0028140941317556607,-0.004380115785102667,0.444323896637915,-0.0029987434465876934,-0.004912861199646068,0.4485404763760409,-0.003534613017857312,-0.005732829897506897,0.45544471355602983
primary_development_2022_2023_partial,2022,s1_break_reclaim_stable3,240,125016,-0.0029330738665834894,-0.0030162529300138408,0.18619216740257247,-0.002874769483187943,-0.0030162529300138408,0.25450356765750487,-0.002804971027543958,-0.0030162529300139518,0.2986728318520355,-0.0027849574047201582,-0.0030162529300139518,0.33976107986141674,-0.002862268324816476,-0.0043791835480180286,0.42418924441666467,-0.0029369562860237265,-0.004822382906589928,0.4369870479610156,-0.002738291779328915,-0.00511516608174023,0.4443402051109347,-0.0026789449268173372,-0.005910255098576955,0.4517104229146954
primary_development_2022_2023_partial,2022,s1_near_reversal,10,896209,-0.0030740448000675965,-0.0030162529300138408,0.15347647166468048,-0.003031937118931132,-0.0030162529300139518,0.22221180745020716,-0.003008572872342976,-0.0030162529300139518,0.2691566883529924,-0.0029841988971333134,-0.0036594682507041787,0.32381016169633237,-0.002828454002116931,-0.004099930915959393,0.42420702045854236,-0.0030631135541232184,-0.004918893668696911,0.4324220060382422,-0.0032635436249213693,-0.005356590364450242,0.4377568651133142,-0.003450477781910315,-0.005678425819386268,0.4503837630368124
primary_development_2022_2023_partial,2022,s1_near_reversal,20,617233,-0.003058615061990882,-0.0030162529300138408,0.1562515695147182,-0.0029975616350764274,-0.0030162529300139518,0.22563434546694727,-0.002978491121812711,-0.0030162529300139518,0.27158451440209863,-0.0029469691886264927,-0.0035802375245606033,0.3245584178571313,-0.002626862313725047,-0.0038138399276698154,0.4263602883293486,-0.0027063391657346086,-0.00425474205680898,0.4411222781929133,-0.0027434053971010872,-0.004441897521104576,0.4493989635286783,-0.0030166097263762993,-0.004708924826567151,0.4583256191636216
primary_development_2022_2023_partial,2022,s1_near_reversal,40,419124,-0.0029974354768940894,-0.0030162529300138408,0.16226978715078866,-0.0029115740524309677,-0.0030162529300138408,0.23233390915945293,-0.0028609838271170516,-0.0030162529300139518,0.27950443947590087,-0.0028323822401359446,-0.0030162529300139518,0.331039585645579,-0.0024759426733545207,-0.0030162529300139518,0.4327700764818356,-0.002551698685556503,-0.0037630572349350855,0.4470400925635956,-0.002636439599343078,-0.004108239509499234,0.45409035379845036,-0.003028539733233636,-0.004857192360547713,0.4589509937576236
primary_development_2022_2023_partial,2022,s1_near_reversal,60,338251,-0.0029957440421114175,-0.0030162529300138408,0.16376940133037693,-0.002889295209637154,-0.0030162529300138408,0.23431813411147673,-0.0027879947764107207,-0.0030162529300139518,0.28172037288346063,-0.002689023446070037,-0.0030162529300139518,0.3339326799666416,-0.0023503895340404365,-0.0030162529300138408,0.43746502311065577,-0.0023551558250613724,-0.0030162529300139518,0.45273668682871343,-0.0024726616143871173,-0.0036328644510214003,0.45761732638065894,-0.0031241339883342893,-0.005046769726490208,0.45887844927235544
primary_development_2022_2023_partial,2022,s1_near_reversal,120,221440,-0.003022596320830129,-0.0030162529300138408,0.17022746670640673,-0.002965778522698156,-0.0030162529300139518,0.23900575340733582,-0.002904048465522674,-0.0030162529300139518,0.2843097405881928,-0.0028195347243973705,-0.003470459648497015,0.33598814595295423,-0.002879543945769759,-0.003968936873702367,0.4296765087737552,-0.003033485525990187,-0.004422577625296076,0.4430971584788493,-0.0032030073833073398,-0.004865944483019358,0.4477324786556935,-0.0038334727963593718,-0.005790790259522005,0.45362850287473405
primary_development_2022_2023_partial,2022,s1_near_reversal,240,166636,-0.0030428279464391147,-0.0030162529300138408,0.1660275452335944,-0.0030041082607315858,-0.0030162529300139518,0.23527293677084835,-0.002956774788241753,-0.0030162529300139518,0.281863848328262,-0.002921690189561562,-0.00353069242798576,0.33077597281753895,-0.0032662326987912904,-0.004529126597798472,0.41648580893006365,-0.0033835846067630407,-0.005042642659830787,0.4314103951704067,-0.00315164206920061,-0.005395689080539001,0.43956043956043955,-0.0030664534896879246,-0.006274369750503994,0.4475713787253498
primary_development_2022_2023_partial,2022,s1_touch_immediate,10,885806,-0.002789733748486033,-0.0030162529300138408,0.19143099378299994,-0.0027483983362323037,-0.0030162529300138408,0.2538193017553208,-0.0027160459231490184,-0.0030162529300138408,0.29485478668212717,-0.0027597820510478523,-0.0030162529300139518,0.33956602318172113,-0.0027053338555638995,-0.00392095687472338,0.4291176686859774,-0.0029333999811884874,-0.00475618966137481,0.4369433381607531,-0.003165821662526411,-0.005266780575770125,0.44111753184372837,-0.0032118061150260267,-0.00557919315384392,0.45283475894729813
primary_development_2022_2023_partial,2022,s1_touch_immediate,20,600746,-0.002736678820135058,-0.0030162529300138408,0.19661884239630723,-0.0026601333671268323,-0.0030162529300138408,0.26093231610786405,-0.002603878427385118,-0.0030162529300138408,0.3014260789654185,-0.002604906787975756,-0.0030162529300139518,0.34358071708927895,-0.0023916494334802903,-0.003468604902368555,0.4330881089816824,-0.0024586306954392126,-0.004142788237437578,0.4455073778886861,-0.002530126866095426,-0.004376394467626388,0.45229130835867554,-0.0027897901948371402,-0.004698925920849306,0.46027428804082116
primary_development_2022_2023_partial,2022,s1_touch_immediate,40,405072,-0.002703763460962728,-0.0030162529300138408,0.2028795165256204,-0.0026000906252921043,-0.0030162529300138408,0.2678599202577428,-0.0025141686110291685,-0.0030162529300138408,0.30803853598799086,-0.0025060783917994546,-0.0030162529300139518,0.3503074605487368,-0.002237433436598158,-0.0030162529300139518,0.43894591051863574,-0.002298847153624648,-0.003445240867186783,0.4515058192027507,-0.0024063348546261975,-0.00408140650594313,0.4566192423489015,-0.0027842985574273336,-0.004847260729958669,0.46087537587704647
primary_development_2022_2023_partial,2022,s1_touch_immediate,60,325964,-0.002687415101027513,-0.0030162529300138408,0.20549760706835193,-0.002573168722354787,-0.0030162529300138408,0.2697499616505599,-0.0024426851811274837,-0.0030162529300138408,0.31162559520887534,-0.0023901177217392337,-0.0030162529300138408,0.3541322073115719,-0.0021328110648998447,-0.0030162529300138408,0.4422264356195282,-0.0021067937282348037,-0.0030162529300139518,0.4562081939799331,-0.0022837707495076435,-0.003842254377462051,0.4589610980604376,-0.002958579816891722,-0.0052375315439218695,0.46013422901364437
primary_development_2022_2023_partial,2022,s1_touch_immediate,120,216741,-0.002739405450526511,-0.0030162529300138408,0.21012734151517948,-0.002670629772083588,-0.0030162529300138408,0.2719936511744866,-0.002580997292910699,-0.0030162529300138408,0.311609449981543,-0.002582480700487448,-0.0030162529300139518,0.351353222441708,-0.002713060029513049,-0.004004343858725334,0.4334254705469068,-0.002807426508167915,-0.004450761918603607,0.4451720007953794,-0.003002409015689767,-0.004980107980053217,0.4488087363956355,-0.0035688006235089402,-0.005881148754927623,0.4550786308973173
primary_development_2022_2023_partial,2022,s1_touch_immediate,240,163098,-0.0028185159270633464,-0.0030162529300138408,0.20749488037866803,-0.0027843825862067417,-0.0030162529300138408,0.26796816559775344,-0.002728356172743664,-0.0030162529300138408,0.3074017524818651,-0.0027566329381177018,-0.0030162529300139518,0.3469223786860311,-0.002962260046221053,-0.004513225523211928,0.4229205311843544,-0.002988732524109276,-0.004974963631526608,0.437063431116572,-0.0027167096490343435,-0.00520262079639533,0.44429764457909066,-0.0024904601239557254,-0.005965908986433899,0.45193211921547416
primary_development_2022_2023_partial,2022,s1_touch_reclaim,10,810567,-0.0029816890238673634,-0.0030162529300138408,0.1754480549842763,-0.0029364563112293436,-0.0030162529300139518,0.23957405437950172,-0.0029017992181468253,-0.0030162529300139518,0.283769360894602,-0.0029237618679618226,-0.0036787006024856517,0.3308751653863623,-0.002820908181680889,-0.004113447075725696,0.4262394995642203,-0.0030878511803468633,-0.004918893668697022,0.43423383990692005,-0.0033259804873112973,-0.005471877922797019,0.43860030938811145,-0.003414553586525111,-0.0057678180093234666,0.45119134940435623
primary_development_2022_2023_partial,2022,s1_touch_reclaim,20,549757,-0.002937039503524906,-0.0030162529300138408,0.18013908064166997,-0.0028637932024040314,-0.0030162529300138408,0.24629954031895715,-0.0028203396385280033,-0.0030162529300139518,0.2884173873811594,-0.0027992492414494487,-0.003526741279768153,0.333991461918921,-0.002512696997299054,-0.0037569540793971345,0.43016116304203217,-0.0026275020045870875,-0.0043093576603249195,0.44310407996981444,-0.002675671870193877,-0.004529126597798305,0.45036748621926675,-0.0029497015390132515,-0.004826756102659091,0.45873203996790896
primary_development_2022_2023_partial,2022,s1_touch_reclaim,40,369993,-0.0028683918135303387,-0.0030162529300138408,0.18802838980302278,-0.002764856028905112,-0.0030162529300138408,0.2537515946980345,-0.002686867863650489,-0.0030162529300139518,0.2968238951209623,-0.0026752840043905604,-0.0030162529300139518,0.3413659504632746,-0.0022932729658582123,-0.0030162529300139518,0.4366139216514497,-0.0024067642541937104,-0.003783753890036934,0.4490926177186668,-0.0025032205903380835,-0.004260926771549212,0.45479930664644386,-0.0028853264917748766,-0.004973041442418058,0.4597997642691667
primary_development_2022_2023_partial,2022,s1_touch_reclaim,60,298288,-0.002846704158956607,-0.0030162529300138408,0.19019058953685233,-0.0027263463295142793,-0.0030162529300138408,0.255851065613067,-0.0025937773509945358,-0.0030162529300139518,0.2996452830694749,-0.002520358958184209,-0.0030162529300139518,0.3447304529784979,-0.0021705987149774953,-0.0030162529300139518,0.4401182021189073,-0.002191938573135524,-0.0030162529300139518,0.45494608847536194,-0.00238231178972963,-0.0039080101256364075,0.45780804795441105,-0.0030179650319086125,-0.005238356378163944,0.45952060020773317
primary_development_2022_2023_partial,2022,s1_touch_reclaim,120,197337,-0.0028929269691005998,-0.0030162529300138408,0.19536222483479954,-0.0028214827433501806,-0.0030162529300139518,0.2590381594283687,-0.0027366683601967603,-0.0030162529300139518,0.30062792359502727,-0.0026974549852994117,-0.0034651425054619267,0.3437911876229292,-0.0027430356257391025,-0.004078003459375146,0.43179083640055843,-0.0028926977848748995,-0.004533731997091395,0.44358836316356176,-0.0030837112886823326,-0.005030361509953063,0.4477555831013391,-0.003693309862673431,-0.005872939884369155,0.4542073926561135
primary_development_2022_2023_partial,2022,s1_touch_reclaim,240,148341,-0.0029799701069144068,-0.0030162529300138408,0.19112720016718238,-0.002935043549154085,-0.0030162529300139518,0.25391678351849856,-0.0028672489567561016,-0.0030162529300139518,0.2968441349181201,-0.0028749197840841406,-0.003593044221347319,0.339863110691527,-0.0030137049573099946,-0.004557186078499087,0.421378211188849,-0.003093392108275605,-0.005016220326343079,0.43589656989232783,-0.0028318420570389745,-0.005256665844777797,0.44334529335846967,-0.0026459217914774984,-0.006022234076958455,0.4514698925457863
primary_development_2022_2023_partial,2022,s2_first_touch_reclaim,10,4716,-0.002806506370727671,-0.0030162529300139518,0.23197625106022052,-0.002283987835017301,-0.0030162529300138408,0.3114927905004241,-0.001848777452252078,-0.0030162529300138408,0.3610521849809079,-0.001442748989088395,-0.0030162529300137297,0.40140097643812356,0.00025544640676895537,-0.0013399456629772377,0.4805360561582642,0.0028303580310485065,0.0022915617923505716,0.5246703530412591,0.003462920868280697,0.00040980805648094254,0.5028766247602813,0.0055721191488974624,0.00257170016424757,0.5202472293265132
primary_development_2022_2023_partial,2022,s2_first_touch_reclaim,20,26540,-0.003018860131482722,-0.0030162529300138408,0.21401657874905802,-0.0028979202437855564,-0.0030162529300138408,0.2871999698556841,-0.0026612411296043905,-0.0030162529300138408,0.3272658752590918,-0.002194623088367065,-0.0030162529300138408,0.3748916116870877,-7.729269839525953e-05,-0.0017637607854535942,0.466696890702331,-0.0007864857122968185,-0.0030162529300138408,0.46406982016019344,0.000504332444856508,-0.0024203218766987167,0.47906748280813116,0.001058875518350623,-0.0007610548536454709,0.4925598610166931
primary_development_2022_2023_partial,2022,s2_first_touch_reclaim,40,39067,-0.0028209744533274467,-0.0030162529300138408,0.23318913661146237,-0.0025678824747279055,-0.0030162529300138408,0.3008550509446521,-0.0023001442116156122,-0.0030162529300138408,0.3407665326813282,-0.002175808562612653,-0.0030162529300138408,0.3710891494700189,-0.0004104939269174564,-0.0018596592559186886,0.46771835321277416,-6.23629130523937e-05,-0.0017613956085192894,0.476702416995946,-0.0002442491497998703,-0.0021015889418762868,0.47794061032261376,-0.0011297107532826003,-0.0030162529300138408,0.4718700272059956
primary_development_2022_2023_partial,2022,s2_first_touch_reclaim,60,35971,-0.002799381392642395,-0.0030162529300138408,0.23877568040921854,-0.002473179900311586,-0.0030162529300138408,0.31083372716910845,-0.0021866865194099024,-0.0030162529300138408,0.34729906308209846,-0.0020050328317142412,-0.0030162529300138408,0.37488183284212867,-0.0008306262279497889,-0.0030162529300137297,0.4576823460606567,-0.000664632851509231,-0.0030162529300137297,0.46902852049910876,-0.0006771762224335446,-0.0030162529300138408,0.47153089378779856,-0.000980482302723885,-0.0035304271162284184,0.47155400696864114
primary_development_2022_2023_partial,2022,s2_first_touch_reclaim,120,27231,-0.003008644125508076,-0.0030162529300138408,0.2457860526605707,-0.002943158019113121,-0.0030162529300138408,0.3060115309757262,-0.002770615738990966,-0.0030162529300138408,0.33949098387748355,-0.002694261225547837,-0.0030162529300139518,0.36584380280655354,-0.0019027826913116034,-0.0033823814832875665,0.4435899322931999,-0.0015948435283297028,-0.004156314763047841,0.4497091524924527,-0.002141011750257114,-0.005154178129394782,0.4471086556169429,-0.0033482758757329653,-0.006925993114602014,0.4463470319634703
primary_development_2022_2023_partial,2022,s2_first_touch_reclaim,240,20670,-0.0030327079759596247,-0.0030162529300138408,0.2522496371552975,-0.0031328458499999836,-0.0030162529300139518,0.30523973099811313,-0.0030969285095755216,-0.0030162529300139518,0.3382360056122696,-0.0033165053094810883,-0.0039036482870465905,0.3607993032707567,-0.0039966205273794155,-0.0058405694939515085,0.4133650162455749,-0.004814304024729861,-0.007442379345929395,0.41349044709533506,-0.004687184611920064,-0.008034627495802305,0.4218287654620422,-0.00456580029051527,-0.009311335784441543,0.4313430664015133
primary_development_2022_2023_partial,2022,s2_reclaim_acceleration,10,403578,-0.0030038234179197553,-0.0030162529300138408,0.1656383495386201,-0.0029034548029910293,-0.0030162529300138408,0.2338003459230148,-0.0028552001695653566,-0.0030162529300139518,0.27991177636796194,-0.0028386898792197557,-0.003016252930014063,0.33007853169527324,-0.002546660813396678,-0.0030162529300139518,0.43138428228423586,-0.0026487963356775796,-0.004406746301101605,0.4390189393280971,-0.002691328281873406,-0.004726345120528386,0.44519775694992875,-0.001960706672439865,-0.0035835290045838075,0.4666784255661662
primary_development_2022_2023_partial,2022,s2_reclaim_acceleration,20,271833,-0.002952604538047633,-0.0030162529300138408,0.17030434350754697,-0.0028078125504467652,-0.0030162529300138408,0.2400797592506751,-0.0027753176383344103,-0.0030162529300139518,0.2837627026350839,-0.0027365055567333827,-0.0030162529300139518,0.3324905695096145,-0.002350229378039838,-0.0030162529300139518,0.4345574630881388,-0.002372801575244872,-0.0030162529300139518,0.44955356155394494,-0.002372420707130061,-0.0030162529300139518,0.459794901284263,-0.002065661039368981,-0.0030162529300137297,0.47522186213024514
primary_development_2022_2023_partial,2022,s2_reclaim_acceleration,40,177149,-0.0028850943566023734,-0.0030162529300138408,0.17696966960016708,-0.0027519571381475517,-0.0030162529300138408,0.2452877054131408,-0.002681702579189421,-0.0030162529300138408,0.2902258780224805,-0.0026770625986776006,-0.0030162529300139518,0.33683800403168884,-0.002246600814284014,-0.0030162529300138408,0.4366287979461544,-0.0023289198318054982,-0.0030162529300139518,0.449425937446977,-0.002731872050651145,-0.0040613092686617724,0.45373265999739865,-0.0026802189627255276,-0.00426404235062694,0.46275852312915544
primary_development_2022_2023_partial,2022,s2_reclaim_acceleration,60,140638,-0.0029279852891786664,-0.0030162529300138408,0.17828878602359266,-0.002832244340524604,-0.0030162529300138408,0.2431719439960749,-0.002738953912527515,-0.0030162529300139518,0.2858504117304055,-0.0026949676446233715,-0.0030162529300139518,0.3318278483893682,-0.002092673722479486,-0.0030162529300139518,0.43195173548538746,-0.0019354003884112605,-0.0030162529300139518,0.4498204565533358,-0.002045321601118467,-0.0035902216963179523,0.45699196784286333,-0.0021026814739092117,-0.00393007931376671,0.4645362765229295
primary_development_2022_2023_partial,2022,s2_reclaim_acceleration,120,90217,-0.00294652161160635,-0.0030162529300138408,0.19264875410126805,-0.0028671216994694488,-0.0030162529300139518,0.2540321239732633,-0.0028641769599660905,-0.0030162529300139518,0.2908421741106566,-0.0028309985233796343,-0.0037718299593625937,0.3358169238956892,-0.00274996735876042,-0.004316101361656444,0.42492782589384853,-0.002812233809661323,-0.004645311340258806,0.4374576515934109,-0.0028857976040997163,-0.0045256908513915395,0.4485912753542651,-0.003025317364798691,-0.004471703655663295,0.46127343654489483
primary_development_2022_2023_partial,2022,s2_reclaim_acceleration,240,63530,-0.003057046271648874,-0.0030162529300138408,0.19329450653234692,-0.003054808479021741,-0.0030162529300139518,0.2519676363178441,-0.00302563284922212,-0.0030162529300139518,0.2919054215729488,-0.0031539847865714454,-0.003984198315518883,0.3309609661622762,-0.0037482066868179892,-0.00539568908053889,0.40708676317532405,-0.004441691978527035,-0.006384441264709606,0.4190097510177033,-0.004577842741811446,-0.006822987914438083,0.4269031687918192,-0.004577492203894468,-0.007922016711395974,0.4351004041424602
primary_development_2022_2023_partial,2022,s2_reclaim_breakout_recent,10,121655,-0.003100357335096628,-0.0030162529300139518,0.20052115443104568,-0.003241364079201676,-0.003515681615427535,0.25519146347478666,-0.003349338544665681,-0.003996330400926618,0.29132751220956044,-0.0037282513497906536,-0.004533731997091395,0.32694854059922196,-0.005001521207792675,-0.006249713731321771,0.3944282853917586,-0.006621952485982968,-0.008041540284889293,0.3967700450116239,-0.0076197223069028605,-0.008963217090370346,0.4014513070009071,-0.009310161534973018,-0.011429617884191057,0.4020117074779454
primary_development_2022_2023_partial,2022,s2_reclaim_breakout_recent,20,75292,-0.0030269848705957105,-0.0030162529300138408,0.20113690697550868,-0.0030875895137253374,-0.0030162529300139518,0.26328861734626113,-0.0031080449440705313,-0.00372388924726913,0.2988762253925241,-0.003230711869008013,-0.004279857172181156,0.3355038471249551,-0.00388544922721669,-0.005550688893331102,0.404063536021942,-0.0050525690308347295,-0.006853757730129417,0.41051187447553844,-0.005634910556855047,-0.007903428160749015,0.4156342418671569,-0.00686942657335177,-0.00979136464559649,0.41431025985961456
primary_development_2022_2023_partial,2022,s2_reclaim_breakout_recent,40,40241,-0.0028836237947107634,-0.0030162529300138408,0.2112522054620909,-0.0028149362290299657,-0.0030162529300138408,0.2735157434329879,-0.0027667217475446167,-0.0030162529300139518,0.3154624313374593,-0.003021746942907454,-0.0037124706304817456,0.35361396354956615,-0.0037660876657617383,-0.004726101590019516,0.42000796931812523,-0.004107016144899953,-0.005421521318602296,0.43240415514535535,-0.004195347301774295,-0.0058405694939513975,0.43905903461337187,-0.00553619466271417,-0.007939629458754038,0.4383858512890771
primary_development_2022_2023_partial,2022,s2_reclaim_breakout_recent,60,24482,-0.0027514053063730066,-0.0030162529300138408,0.21697573727636632,-0.002555323877963144,-0.0030162529300138408,0.2918470713177028,-0.002319106076079606,-0.0030162529300138408,0.3329520852906335,-0.0023221552805113687,-0.0030162529300138408,0.3770377936670071,-0.0035038311461838526,-0.0037764111005342826,0.4408034691539846,-0.0037702074675070784,-0.004328505453898013,0.44903389552972,-0.004573505414445106,-0.0053787736576678125,0.44749457122956526,-0.007147941112498701,-0.008193149167551983,0.44354772634166323
primary_development_2022_2023_partial,2022,s2_reclaim_breakout_recent,120,11309,-0.002703837930551936,-0.0030162529300138408,0.2237156247236714,-0.00251110959934023,-0.0030162529300138408,0.2991422760633124,-0.002239214625343716,-0.0030162529300138408,0.3429152662303202,-0.002254777814737935,-0.0030162529300139518,0.3754423213021939,-0.002922554981183214,-0.0038794423214166818,0.4435590969455511,-0.0024979850163276513,-0.0030162529300139518,0.4605496453900709,-0.003781558207768952,-0.004967297444827934,0.4557714488510336,-0.006719233484287407,-0.010138493443267171,0.4445232187167671
primary_development_2022_2023_partial,2022,s2_reclaim_breakout_recent,240,20551,-0.0029351354306025677,-0.0030162529300138408,0.20290983407133473,-0.002891514424399394,-0.0030162529300139518,0.2648661800486618,-0.002866779619376846,-0.0030162529300139518,0.3029683698296837,-0.002829765640869417,-0.003016252930014063,0.35046478804691683,-0.0023684036694840284,-0.0038735680313894405,0.4270894213909994,-0.0021921734884268445,-0.003483120663364092,0.4468603744149766,-0.002547155553321223,-0.004192496404656854,0.44991229779770026,-0.0027345079405432155,-0.003933441289783901,0.46016878872140105
primary_development_2022_2023_partial,2022,s2_reclaim_bull_stack,10,70332,-0.00308964528138304,-0.0030162529300139518,0.2146391400784849,-0.003274532697942132,-0.003623059836325382,0.2654599229314488,-0.003372948299326406,-0.004108239509499234,0.3007295325587679,-0.003867483295838239,-0.004744127708298018,0.32950213371266,-0.006463818076980001,-0.008094268619673994,0.3802612067982206,-0.009001557702729784,-0.01126715290576541,0.3712822561088684,-0.010690889120125517,-0.013196359473228503,0.3723464962337366,-0.014317932942600685,-0.017435076059381327,0.3659504037896299
primary_development_2022_2023_partial,2022,s2_reclaim_bull_stack,20,49906,-0.003030300404911219,-0.0030162529300138408,0.20941369775177332,-0.0030769894111946634,-0.0030162529300139518,0.2697926059513075,-0.0030494586243827184,-0.0037994294791653394,0.3054648203442817,-0.003326253880501689,-0.0044729796206477435,0.33327319742618317,-0.005201832953932095,-0.007041398668055865,0.38902507635428385,-0.006717780954244393,-0.00963706567424183,0.38892684887459805,-0.007675336464627544,-0.011761724395540019,0.3900130613885261,-0.01077757977430437,-0.015598694997419671,0.38025336818821637
primary_development_2022_2023_partial,2022,s2_reclaim_bull_stack,40,21241,-0.0028517795356481773,-0.0030162529300138408,0.21948119203427333,-0.002801923802910344,-0.0030162529300139518,0.2825800376647834,-0.002587377601736355,-0.0030162529300139518,0.3224241853456395,-0.0028105242978245923,-0.0037090868982495584,0.3546062547098719,-0.005673383780881441,-0.006644516566502889,0.3879582881139999,-0.007256008997973872,-0.010012630102434694,0.3876799622374321,-0.007672084517269649,-0.01141485344864901,0.39746978851963743,-0.01032881429533345,-0.014869428258454831,0.395720156833105
primary_development_2022_2023_partial,2022,s2_reclaim_bull_stack,60,9193,-0.0025652666723096685,-0.0030162529300138408,0.24127053192646578,-0.002255923521620837,-0.0030162529300138408,0.31654519743282933,-0.0018955582073835828,-0.0030162529300137297,0.3652779288589144,-0.0019537592776648896,-0.0030162529300138408,0.3907083015993907,-0.005173543987174356,-0.005848593120553747,0.4132519616390584,-0.00613439991761422,-0.007558320114842809,0.4219073569482289,-0.006504339566283057,-0.009412770639054435,0.4222803575321561,-0.009247563500070338,-0.011501220990183914,0.4238287648793273
primary_development_2022_2023_partial,2022,s2_reclaim_bull_stack,120,1762,-0.002648446260392176,-0.0030162529300137297,0.27298524404086266,-0.0020710421959373193,-0.0030162529300137297,0.3518728717366629,-0.0018284603047080744,-0.0030162529300137297,0.40068104426787743,-0.002219390158317535,-0.0030162529300138408,0.3986371379897785,-0.004813303518935566,-0.004894991146854211,0.43611584327086883,-0.004962766415128879,-0.005384385345857057,0.4606613454960091,-0.005887295928275719,-0.00447407437509062,0.4613196814562002,-0.0065018493679776645,-0.006873763760991247,0.46473265073947667
primary_development_2022_2023_partial,2022,s2_reclaim_bull_stack,240,274,-0.003258333649783028,-0.0030162529300138408,0.2846715328467153,-0.0032360032907785153,-0.0030162529300138408,0.3284671532846715,-0.0019317656353644607,-0.0030162529300139518,0.3613138686131387,-0.0033881825367321236,-0.0030162529300138963,0.354014598540146,-0.006473900167825247,-0.004947976013680133,0.4175824175824176,-0.00591749997236439,-0.0010344023689699555,0.49264705882352944,-0.002566527805436455,-0.0020357701537985773,0.49264705882352944,-0.009209423368996043,-0.009084849651309512,0.4835164835164835
primary_development_2022_2023_partial,2022,s2_reclaim_daily_trend,10,329361,-0.003016172358437968,-0.0030162529300138408,0.18686600335803788,-0.0030742080835353936,-0.0030162529300139518,0.24453452359263983,-0.00308484110901004,-0.0034599484115759305,0.2857203589268633,-0.0031695844271316565,-0.004059122958329886,0.32809984630618483,-0.003313927573598383,-0.004828950651959318,0.41489468512022293,-0.003850346779742722,-0.005461838572867306,0.4255661017568098,-0.004275904886184112,-0.005939958933151579,0.43160422582795366,-0.005030243666648942,-0.007313596667384348,0.4363806867658432
primary_development_2022_2023_partial,2022,s2_reclaim_daily_trend,20,229080,-0.002973072329590354,-0.0030162529300138408,0.18802601711192596,-0.0030057624276137716,-0.0030162529300139518,0.25077268282461407,-0.0029563952462682893,-0.0030162529300139518,0.29210142586464327,-0.0029740551999607816,-0.0038712990252711688,0.3342795131686398,-0.002857733908614099,-0.004582606028316727,0.4199685954100311,-0.0030946058380931837,-0.005047286923840488,0.4339989150027125,-0.0031492702459301352,-0.005518094202460411,0.4399389216788663,-0.0037516958094953464,-0.006766326132318867,0.44288058819667825
primary_development_2022_2023_partial,2022,s2_reclaim_daily_trend,40,157126,-0.002907080858465979,-0.0030162529300138408,0.1939538583929992,-0.00287830544974596,-0.0030162529300138408,0.2595454342941884,-0.002805453612493505,-0.0030162529300139518,0.302445482667753,-0.002842777696345985,-0.003595894643426356,0.34407171370544154,-0.002775814862296822,-0.004068399203116524,0.43015716152889794,-0.0028955253779877513,-0.004459065878016588,0.444130533216839,-0.002742139331500287,-0.004761519883309306,0.4522638391803352,-0.0032745270606183694,-0.005914461497077528,0.45546658159196046
primary_development_2022_2023_partial,2022,s2_reclaim_daily_trend,60,123326,-0.0028248792176960797,-0.0030162529300138408,0.1966689371087542,-0.0027173075061502306,-0.0030162529300138408,0.2663758291302444,-0.0025344192078046125,-0.0030162529300138408,0.31442287419517023,-0.0024558820316633507,-0.0030162529300138408,0.358854779188126,-0.0027919439832229396,-0.0030162529300138408,0.4428951941660847,-0.002871904380683622,-0.0030162529300139518,0.4571456422670447,-0.0031422876077287555,-0.004321718297194133,0.45672490857375053,-0.004061943002408429,-0.006235791402790847,0.4561531894133431
primary_development_2022_2023_partial,2022,s2_reclaim_daily_trend,120,55186,-0.0029288275410367767,-0.0030162529300138408,0.18935962019352734,-0.002854484315097118,-0.0030162529300138408,0.26214120034792693,-0.00272786112435767,-0.0030162529300138408,0.31098223994200797,-0.002666347431368111,-0.0030162529300138408,0.35820327369623145,-0.0030097522645952156,-0.0030162529300138408,0.44987113869831935,-0.0024504938487123528,-0.0020594547082575243,0.4749945521900196,-0.002808315311995908,-0.0030162529300137297,0.4734948951785779,-0.0032939938548996656,-0.0030162529300138408,0.4763115364361074
primary_development_2022_2023_partial,2022,s2_reclaim_daily_trend,240,59715,-0.002963253620070356,-0.0030162529300138408,0.1890814703173407,-0.0029085384167387277,-0.0030162529300138408,0.25429150407797557,-0.0028898862152697056,-0.0030162529300139518,0.29614308921304283,-0.0027624414683610596,-0.0030162529300139518,0.3443331434888941,-0.0020138158163637383,-0.0030162529300139518,0.43458429754837846,-0.001514423763623484,-0.0030162529300138408,0.4584913257944364,-0.0009755711213346384,-0.0030162529300137297,0.4685768959613254,-0.000584900511129696,-0.0030162529300137297,0.4769210111114841
primary_development_2022_2023_partial,2022,s2_reclaim_positive_slope,10,386463,-0.0029808289809836867,-0.0030162529300138408,0.17580862184960927,-0.002907248291082429,-0.0030162529300138408,0.2417963746458099,-0.002844542094495242,-0.0030162529300139518,0.28733654062643144,-0.002929636037821716,-0.0033931844033860403,0.3304720141236649,-0.003072433714802968,-0.004215511647419512,0.4233534626484094,-0.0032171907220566376,-0.00471469202212621,0.43520160997520724,-0.0038524891682071064,-0.005302912900358003,0.4377405766577093,-0.0037567121921013424,-0.005436116393775947,0.4521045463389325
primary_development_2022_2023_partial,2022,s2_reclaim_positive_slope,20,271660,-0.0029861864475665403,-0.0030162529300138408,0.17577854671280277,-0.002928708270934702,-0.0030162529300138408,0.24323020968311934,-0.0029008155955237047,-0.0030162529300139518,0.2854465797805758,-0.0028466585932071056,-0.0033404752867847165,0.33249367494172105,-0.0025785404504246353,-0.004204552986116328,0.4219323999350851,-0.0027272471194151053,-0.004417987721219929,0.4386389458617993,-0.0026354533288688283,-0.004432087916411087,0.4488281336451425,-0.002364507312403692,-0.004454901915684872,0.4604884924925368
primary_development_2022_2023_partial,2022,s2_reclaim_positive_slope,40,191087,-0.002895313837442567,-0.0030162529300138408,0.18595292172110986,-0.0028422991049803456,-0.0030162529300138408,0.2530341171360237,-0.002751671314888308,-0.0030162529300138408,0.2970747868504106,-0.0027791756588571074,-0.0030162529300139518,0.34142319430847917,-0.002441401635423262,-0.0030162529300139518,0.43603227616146467,-0.0026580806750568387,-0.003976738235476507,0.4465878404949794,-0.002588217582035418,-0.004664159949964275,0.45057872737666316,-0.0033469319525972372,-0.006392044398648156,0.44927984888632366
primary_development_2022_2023_partial,2022,s2_reclaim_positive_slope,60,155653,-0.002844403463102141,-0.0030162529300138408,0.1953781512605042,-0.0027449603394697967,-0.0030162529300138408,0.2636590254934211,-0.002620594353452556,-0.0030162529300138408,0.3089481563341279,-0.0025704323382414692,-0.0030162529300139518,0.35297897909477083,-0.002707580350805266,-0.0030162529300138408,0.4436757939444641,-0.0024650588957568186,-0.0030162529300138408,0.46258560321301684,-0.002355485890049337,-0.0030162529300138408,0.46653360803502447,-0.0026527792438335073,-0.004463254014295259,0.46869705812253204
primary_development_2022_2023_partial,2022,s2_reclaim_positive_slope,120,98885,-0.0028780991424927926,-0.0030162529300138408,0.1978257571926986,-0.002838067537197335,-0.0030162529300138408,0.26276028761845044,-0.002735713447905047,-0.0030162529300139518,0.3034032869785082,-0.002807520392407362,-0.003780811018257668,0.34316988538073223,-0.0035843763789132513,-0.00537765503989901,0.4142098757927583,-0.004058708605659828,-0.006602525401488535,0.4209571308376162,-0.004348952407708391,-0.007752517761700273,0.4229884125262315,-0.0051751953256923425,-0.009613939491506351,0.4294231568701013
primary_development_2022_2023_partial,2022,s2_reclaim_positive_slope,240,68963,-0.0030141670683455275,-0.0030162529300138408,0.19678668271391905,-0.002942281167666706,-0.0030162529300139518,0.2609445918707675,-0.002842289046749906,-0.0030162529300139518,0.30486107082777425,-0.002980277253764146,-0.0038764632380983155,0.34449746885017624,-0.0037889701612747084,-0.005096191206237832,0.42010372931588047,-0.004064786509183315,-0.006007952096015456,0.4329618274023162,-0.0036128658182885405,-0.00623232953346553,0.4393455010462683,-0.0029326448864163295,-0.007364017214965934,0.44719702256338684
primary_development_2022_2023_partial,2022,s2_reclaim_recent_high,10,482863,-0.0031747065165823323,-0.0030162529300139518,0.15073449463496869,-0.0032305234293338184,-0.0036619677921058136,0.2200879440438933,-0.0031536092256675636,-0.003849154974349789,0.27167421714299916,-0.003254823408269559,-0.0043491189020328225,0.3161011593332021,-0.002988542251597634,-0.004453864677771535,0.4225965480379031,-0.0034693920839298847,-0.005433183225941107,0.4295812806347743,-0.003587234796240264,-0.006061551029616696,0.43381078236172216,-0.0036830993700002054,-0.0062072392455659875,0.4489059280919785
primary_development_2022_2023_partial,2022,s2_reclaim_recent_high,20,325239,-0.0031481092190769507,-0.0030162529300139518,0.15551455892752822,-0.0031904033557095092,-0.003672163289928254,0.22470096245502905,-0.0031169133902460297,-0.003851247693053894,0.27486660618455244,-0.0031957130147995203,-0.004325632935283152,0.31609449981543003,-0.0026880155666686983,-0.004314408850677964,0.4249924511791566,-0.0029697173348201085,-0.004852318762555208,0.4372902561763682,-0.002911217065381014,-0.005225839238419239,0.44492107809601295,-0.0031779049025472458,-0.005302039462630359,0.4563866385528798
primary_development_2022_2023_partial,2022,s2_reclaim_recent_high,40,218593,-0.0031244939774801024,-0.0030162529300139518,0.1606851213922018,-0.003136918167157003,-0.003648856830438918,0.22850802946424487,-0.0030528003829369006,-0.0038151181119608912,0.2788525775365834,-0.0031512974273890503,-0.004240547544157758,0.3211350114416476,-0.002642701857779144,-0.004022291019892932,0.42946000082505603,-0.002782824144656734,-0.004438483667631332,0.44298074674565435,-0.0028537637882186753,-0.004877909818450932,0.45068407732091115,-0.00297927964330336,-0.005042642659830843,0.46040825688073395
primary_development_2022_2023_partial,2022,s2_reclaim_recent_high,60,175078,-0.0031290637764148136,-0.0030162529300139518,0.16272069365350453,-0.003101832860088414,-0.0035895615827279403,0.23078592767340503,-0.0030027006663786893,-0.003768693493840236,0.2807131798888299,-0.00304904172836985,-0.0042017270644608695,0.32279334460849296,-0.002561061935088602,-0.0039105691724520275,0.4319270317748239,-0.0026559994460801832,-0.004106448714705557,0.4485300851726349,-0.0027776931683219327,-0.004596885109276583,0.4531499602068101,-0.0031413221294940195,-0.00521225237289924,0.46089865499621935
primary_development_2022_2023_partial,2022,s2_reclaim_recent_high,120,115221,-0.003112379102855101,-0.0030162529300139518,0.16896665451578746,-0.0030966893199665525,-0.0036190244605474597,0.23838208488846455,-0.0029715016512508467,-0.0038276884865384164,0.28574156698668424,-0.0030449098343977602,-0.004296078022529848,0.32776764782495443,-0.0030096624624098324,-0.004536045227376717,0.42521218867399474,-0.003364601486353801,-0.004988915666598759,0.43951167303324834,-0.0035408553804392212,-0.005540262416267039,0.4436242720728406,-0.003944778039258214,-0.0060012342086665504,0.45358267922098267
primary_development_2022_2023_partial,2022,s2_reclaim_recent_high,240,86076,-0.003161549041421209,-0.0030162529300139518,0.16617872577722012,-0.0032062323757019243,-0.003705253446302681,0.23343789938422216,-0.003108844597634888,-0.0038101881103481117,0.28258191959098306,-0.0032383951165238477,-0.004359896793989404,0.32160582075153715,-0.0030711856305483585,-0.004882215987063343,0.41605932894032177,-0.0032870276961207033,-0.005345654208214312,0.43210638471301976,-0.0030808640773456034,-0.005730364764142459,0.4394819895885497,-0.0028623259055884395,-0.006221988451139304,0.45084583838195547
primary_development_2022_2023_partial,2022,s4_auction_confirmed_reclaim,10,493382,-0.002990955897361958,-0.0030162529300138408,0.17146789195368287,-0.0030151355769234356,-0.0030162529300139518,0.23372122013065588,-0.003008361935664442,-0.0030162529300139518,0.2769353017609224,-0.003006086775745698,-0.003761940100597161,0.3256406669140323,-0.0027271735258969374,-0.00404779327876692,0.426308339950085,-0.003336844383785666,-0.005115166081740119,0.42988403030241484,-0.0036390838970873614,-0.005785652227430327,0.43361223001562066,-0.0036745105508666433,-0.00584323898030692,0.44944121591417074
primary_development_2022_2023_partial,2022,s4_auction_confirmed_reclaim,20,328439,-0.0029348214203878172,-0.0030162529300138408,0.17836601844493769,-0.002920353956586574,-0.0030162529300139518,0.24144010279488826,-0.0029138301144686547,-0.0030162529300139518,0.28276141377661795,-0.0028489444745618524,-0.0036496606473390703,0.32924485488287375,-0.002327050069743314,-0.003016252930014063,0.43205485636198365,-0.002788257152400743,-0.0044759655904383355,0.43972139679905303,-0.002847720755630872,-0.004848943641539538,0.44660220834337633,-0.003139562961710368,-0.00494857923378933,0.45653739578374286
primary_development_2022_2023_partial,2022,s4_auction_confirmed_reclaim,40,219362,-0.002859470673916281,-0.0030162529300138408,0.1862682974639977,-0.0027902097216062705,-0.0030162529300139518,0.24884773718834197,-0.0027491905540456257,-0.0030162529300139518,0.29046876567187313,-0.0027125797593614332,-0.003381560345566581,0.33451895628699374,-0.0021109155933832727,-0.0030162529300139518,0.43726141988274186,-0.0024705455703736747,-0.003836140879906802,0.4476881754812304,-0.0025240759317423224,-0.004281460730863995,0.45391058900906167,-0.0029001076347801255,-0.004738159228925509,0.4604354680253147
primary_development_2022_2023_partial,2022,s4_auction_confirmed_reclaim,60,174301,-0.0028627918306241584,-0.0030162529300138408,0.18635004962679502,-0.0027775773822708363,-0.0030162529300139518,0.24979202166417092,-0.00267487237068446,-0.0030162529300139518,0.29264276411289164,-0.0025783039915954556,-0.003016252930014063,0.33645905665899584,-0.0019954985226954013,-0.0030162529300138408,0.4391040007355561,-0.0023451790177985514,-0.0030162529300139518,0.452020855249165,-0.0025408836015195766,-0.003916870587710175,0.45678536722806495,-0.0032033291593627955,-0.005261711819811166,0.4574756276421361
primary_development_2022_2023_partial,2022,s4_auction_confirmed_reclaim,120,113241,-0.0028712387401881134,-0.0030162529300138408,0.19200812433768985,-0.0028320589860777365,-0.0030162529300139518,0.25301140979900383,-0.0027569078081562987,-0.0030162529300139518,0.29294249604776246,-0.0026754768817110414,-0.0036423585757822674,0.33580678786593876,-0.002303808895435686,-0.003276596526717468,0.43547302676975885,-0.0029855105451740346,-0.004666727533206738,0.441198594677829,-0.0031407628404490195,-0.005072596412072916,0.4464364763169544,-0.0037234498535915006,-0.005674876255533756,0.45586608004390816
primary_development_2022_2023_partial,2022,s4_auction_confirmed_reclaim,240,84604,-0.0029549502473997457,-0.0030162529300138408,0.18811167320694058,-0.00292278120941428,-0.0030162529300139518,0.24918738106213728,-0.002839024965886302,-0.0030162529300139518,0.29009113367454287,-0.0027862180812266613,-0.0036791410597145635,0.3319264645031625,-0.0022760912052046697,-0.004176211143467501,0.42600923404759083,-0.0026738230544637686,-0.004918893668696911,0.4347099998815601,-0.002455686085638666,-0.004998891063391686,0.4432436275729674,-0.002220650399605147,-0.00533481978366479,0.4547048855920655
primary_development_2022_2023_partial,2022,s4_reclaim_amount_acceleration,10,788594,-0.002967034763961635,-0.0030162529300138408,0.17771555670529277,-0.0029217327680058245,-0.0030162529300139518,0.24181787284984554,-0.0028819722644197457,-0.0030162529300139518,0.2864580294794301,-0.0028884499740699896,-0.0036642060022801792,0.3324787127155369,-0.002786215816794451,-0.004096408668984641,0.42661056986707296,-0.003075221408172915,-0.004922531605100033,0.43417186459461243,-0.003315187057545812,-0.005477941194384273,0.43850656159639034,-0.0033945947112446963,-0.005762764629931194,0.45114405115015377
primary_development_2022_2023_partial,2022,s4_reclaim_amount_acceleration,20,536691,-0.0029213401693088904,-0.0030162529300138408,0.18288872284963117,-0.0028500668450928968,-0.0030162529300138408,0.24838911642709938,-0.0028018785227661956,-0.0030162529300139518,0.29103997823401045,-0.002769272718127716,-0.003492367530988305,0.33537690128243364,-0.0024903644298360102,-0.0037498686379385804,0.430237724535248,-0.0026136295580074737,-0.004312720741548426,0.44307808360111806,-0.002644567247317209,-0.0045325780206146304,0.4503667271654455,-0.0029118568094880447,-0.004830049922863844,0.45881280619801756
primary_development_2022_2023_partial,2022,s4_reclaim_amount_acceleration,40,362266,-0.002851737860155145,-0.0030162529300138408,0.19045174112873173,-0.0027491544134999237,-0.0030162529300138408,0.25565705168020714,-0.002665169314187,-0.0030162529300139518,0.29913118859032795,-0.002649880375127587,-0.0030162529300139518,0.3425597892568487,-0.002278215371299881,-0.0030162529300139518,0.43684305131147766,-0.002387740166347205,-0.0037608263034790146,0.449204250634774,-0.002470640825051368,-0.0042425552019328405,0.4551643250928746,-0.0028400057968704607,-0.0049470731080928365,0.4601254157926488
primary_development_2022_2023_partial,2022,s4_reclaim_amount_acceleration,60,292588,-0.0028325729368784696,-0.0030162529300138408,0.19241929695644,-0.0027092437426965562,-0.0030162529300138408,0.2580218473148857,-0.002572727420035863,-0.0030162529300139518,0.30202280526653996,-0.0024935192232099874,-0.0030162529300139518,0.3459337308207751,-0.0021512636177709395,-0.0030162529300138408,0.44056295981841775,-0.002160103398571525,-0.0030162529300139518,0.4552530648585713,-0.0023438066495780506,-0.0038669216561828534,0.4581867508880584,-0.0029816579126416202,-0.005214875564554244,0.4597328545091938
primary_development_2022_2023_partial,2022,s4_reclaim_amount_acceleration,120,193758,-0.002889720875088886,-0.0030162529300138408,0.1966948290900458,-0.002815510288674878,-0.0030162529300139518,0.2602773663103674,-0.002725689194837805,-0.0030162529300139518,0.30218801777667664,-0.002683291858670743,-0.0034478476257151502,0.3449344051546551,-0.0027125714817309377,-0.004026368175272188,0.4322092614423693,-0.002866668357116123,-0.004519999154855403,0.4438766009393557,-0.003063424050784939,-0.005002276330551669,0.4480753311258278,-0.0036748548319524067,-0.0058405694939513975,0.45463482274053685
primary_development_2022_2023_partial,2022,s4_reclaim_amount_acceleration,240,145426,-0.002967144926220942,-0.0030162529300138408,0.19280596317027215,-0.0029180460997612254,-0.0030162529300139518,0.2560547922597681,-0.0028400850387229008,-0.0030162529300139518,0.2994250818364372,-0.0028530026318558843,-0.0035790436872775166,0.34044323997138615,-0.0029621108555584795,-0.004544783238234706,0.42182376766869645,-0.0030542339010614507,-0.005001288259208148,0.4359626276406631,-0.002804460710265214,-0.005239182131953735,0.44356372859860493,-0.00264094328162523,-0.006010198116410015,0.4516427005638813
primary_development_2022_2023_partial,2022,s4_reclaim_volume_normal,10,723023,-0.0030273002759140994,-0.0030162529300138408,0.14331574026433863,-0.0030148157666731712,-0.0030162529300138408,0.2168999824338885,-0.002969349607208641,-0.0030162529300139518,0.2685468375862656,-0.0029965983713222664,-0.003355478430888459,0.32169864188904035,-0.0027882779161356305,-0.003851247693054005,0.4262988236859319,-0.0030679351482792096,-0.004793407559372187,0.43477483421677127,-0.003311931792705347,-0.005369664889828041,0.4384201216570646,-0.0034243756068025556,-0.005626158027055461,0.4516145582723318
primary_development_2022_2023_partial,2022,s4_reclaim_volume_normal,20,488671,-0.0030235950172842543,-0.0030162529300138408,0.14543151415187971,-0.0029936783427250585,-0.0030162529300138408,0.22120853056321282,-0.002945901665978638,-0.0030162529300139518,0.2707472021874923,-0.002955914488656678,-0.0030891585056678217,0.321586281867818,-0.002519819483602157,-0.003436389359457559,0.4294448465265234,-0.0026419615414356914,-0.004154362230322062,0.44304664415148737,-0.002678678241042337,-0.00447596559043828,0.44999897467445915,-0.002904030377069669,-0.004703196664480713,0.45910153846153845
primary_development_2022_2023_partial,2022,s4_reclaim_volume_normal,40,328667,-0.002992033733166766,-0.0030162529300138408,0.1508557345625485,-0.0029245087771914455,-0.0030162529300138408,0.2275153204359706,-0.002878368139852413,-0.0030162529300139518,0.2764696216321488,-0.002865214595718693,-0.0030162529300139518,0.32742751395542785,-0.002378504051521335,-0.0030162529300139518,0.4352734976300428,-0.002457644901229021,-0.0034663585509066563,0.4488012779864397,-0.0025099706300796857,-0.0041302012507623,0.45477966060354763,-0.002814331223279027,-0.004771506005841197,0.4600929086256173
primary_development_2022_2023_partial,2022,s4_reclaim_volume_normal,60,264893,-0.002971106196765242,-0.0030162529300138408,0.15262677055963275,-0.0028911074772648357,-0.0030162529300138408,0.2298050822822324,-0.002790349267801408,-0.0030162529300138408,0.27936012927291537,-0.0027328192919929047,-0.0030162529300139518,0.32995608188481595,-0.0022529426993758107,-0.0030162529300138408,0.43887645208131654,-0.002290725180662153,-0.0030162529300139518,0.45386291255966654,-0.002464334379628627,-0.0038222220060608603,0.4570662166968076,-0.0029666248232442204,-0.005016889211759579,0.4600607898133533
primary_development_2022_2023_partial,2022,s4_reclaim_volume_normal,120,174361,-0.002972908926280009,-0.0030162529300138408,0.15818421656343198,-0.002918205305251444,-0.0030162529300138408,0.235410513033753,-0.0028536397562287305,-0.0030162529300139518,0.282576774385977,-0.002859689798444311,-0.0030162529300139518,0.3299636255149227,-0.0027486518744030295,-0.003848691349498945,0.43049116094153067,-0.0029173765384503205,-0.004385736099066118,0.44389010231061043,-0.0031251935828619697,-0.004900020468090627,0.4475082216038452,-0.003699744639721662,-0.005777980761232593,0.45413622016913974
primary_development_2022_2023_partial,2022,s4_reclaim_volume_normal,240,130962,-0.0030025474165643424,-0.0030162529300138408,0.1572746292817764,-0.0029685730494660658,-0.0030162529300138408,0.23128202387043076,-0.0029347162210897437,-0.0030162529300139518,0.27963221761476015,-0.002959035417209668,-0.0030162529300139518,0.32718439927587706,-0.002971739059823163,-0.004336761204278505,0.42101357812201184,-0.0030489353712002992,-0.0047949928891040106,0.43586035942986984,-0.0028837521404492046,-0.005151121767422606,0.44309571553215266,-0.0027728000442949225,-0.005955042284421785,0.45088793631353336
primary_development_2022_2023_partial,2022,s4_reclaim_volume_proxy,10,580069,-0.0029926178782871404,-0.0030162529300138408,0.17744401862569154,-0.002984242612543648,-0.0030162529300139518,0.24036929761042722,-0.0029448190297419654,-0.003016252930014063,0.2837378356196506,-0.0029396109547223793,-0.003930078546026561,0.32972009941136193,-0.002661862386926532,-0.004070146954400888,0.4269008979749783,-0.00298011743245425,-0.004908062696750148,0.43414318936532675,-0.0031168840186200993,-0.005490158009592072,0.4380573559319691,-0.003083846150830652,-0.005603377539065479,0.45234979837141487
primary_development_2022_2023_partial,2022,s4_reclaim_volume_proxy,20,385550,-0.0029337970872837264,-0.0030162529300138408,0.18389340775631316,-0.0029030957765268047,-0.0030162529300139518,0.2466195097024546,-0.0028797642274769994,-0.0030162529300139518,0.2870132093679634,-0.0028279872953509565,-0.0038540543981397946,0.33125493004525264,-0.002355158664800656,-0.003701072914080228,0.4305794487726538,-0.0025617817626957516,-0.004388563662388156,0.44187255365710393,-0.0024576001215659547,-0.004586306075005875,0.4499124097456504,-0.002730423659110344,-0.004764357916392181,0.4592347430900946
primary_development_2022_2023_partial,2022,s4_reclaim_volume_proxy,40,255277,-0.002858792961051651,-0.0030162529300138408,0.19274824111941585,-0.0027893262056293572,-0.0030162529300139518,0.25355809498438864,-0.0027260533650979865,-0.0030162529300139518,0.29534439999843287,-0.00270134816457931,-0.0037213333734862353,0.3371984576077245,-0.002108311153283611,-0.0030162529300139518,0.43687038148946106,-0.002251062289999425,-0.0037355774228494676,0.4488552734352002,-0.0023381065644954282,-0.004280925985385986,0.4543074072329266,-0.002558337036400724,-0.004606338651018671,0.46266675568157273
primary_development_2022_2023_partial,2022,s4_reclaim_volume_proxy,60,204039,-0.002874201787235835,-0.0030162529300138408,0.19165547594075613,-0.0027793176161058186,-0.0030162529300139518,0.2535680677540778,-0.002675364217059779,-0.0030162529300139518,0.29612402340878125,-0.0025854139068238803,-0.0035872630944298045,0.3385494031423879,-0.0020829657675156344,-0.0030162529300139518,0.4380405863121828,-0.0021781485871856195,-0.0030162529300139518,0.4532459241799254,-0.00236224150055395,-0.004041956373501465,0.45626608767413984,-0.002852147215374969,-0.004935121701967526,0.4612814465408805
primary_development_2022_2023_partial,2022,s4_reclaim_volume_proxy,120,134258,-0.0028831479919836154,-0.0030162529300138408,0.19733794141087616,-0.002815341731615682,-0.0030162529300139518,0.2567001862197393,-0.0027076603736378283,-0.0030162529300139518,0.29806095008231465,-0.0026141177413673508,-0.0038000451839995675,0.34213055756320365,-0.0023837819691700122,-0.004021757001054227,0.4326046883046129,-0.0026254039939099176,-0.004404004365556546,0.44430011198208286,-0.0027834439380627516,-0.0049183752379779455,0.4482936300500336,-0.0033755687614465645,-0.005430257160207508,0.45705773423732865
primary_development_2022_2023_partial,2022,s4_reclaim_volume_proxy,240,100850,-0.002989793849571522,-0.0030162529300138408,0.19243430837878037,-0.0029440687488355597,-0.0030162529300139518,0.25148988071038303,-0.0028578459230958423,-0.0030162529300139518,0.29307985243365464,-0.002801260915981315,-0.003859724797247388,0.3368910755557319,-0.0024987832684373475,-0.004303929844467036,0.42384717779587944,-0.00256996760548948,-0.004689044451943403,0.4394196850002484,-0.0023596686813411945,-0.004926183479956436,0.44500541647203806,-0.0022274495117337876,-0.005480984072337547,0.45471718748446494
primary_development_2022_2023_partial,2022,s4_reclaim_vwap_support,10,651984,-0.0030246594876057907,-0.0030162529300138408,0.18456774217297675,-0.002979729389255147,-0.0030162529300139518,0.24552679169919792,-0.0029176356950078187,-0.0032213725180439967,0.28713828142257564,-0.0028582389912582954,-0.0038809396143762442,0.33146600136252324,-0.0026279502121744113,-0.003974123648316841,0.42828181915989116,-0.002932406523629148,-0.004820952574463855,0.43552106102948634,-0.0029889501440096755,-0.0053721674240072015,0.4393879765963923,-0.0029993463442367255,-0.005442004139429857,0.4541157221524253
primary_development_2022_2023_partial,2022,s4_reclaim_vwap_support,20,433365,-0.0029509001341228923,-0.0030162529300138408,0.19166282074949234,-0.0028735864492323076,-0.0030162529300139518,0.25266077741777665,-0.0028163833781411547,-0.003016252930014063,0.291370202238167,-0.0027208412476341258,-0.0038125658270345975,0.3338450174280372,-0.0022287392974207738,-0.0035501130738088693,0.43254896702239815,-0.002426181979617588,-0.004324630550840647,0.4427047925598087,-0.00231209397789339,-0.004504288373401999,0.45103725132445815,-0.002533279593011457,-0.004550959998383564,0.4610728164322724
primary_development_2022_2023_partial,2022,s4_reclaim_vwap_support,40,287110,-0.002863744592956036,-0.0030162529300138408,0.201404344691389,-0.002751445320745214,-0.0030162529300139518,0.26060530064751636,-0.002650513556712309,-0.0030162529300139518,0.299884350376558,-0.002584246189260242,-0.0035420882396499653,0.34056274431925077,-0.002036351252945723,-0.0030162529300139518,0.4390657492568143,-0.0022645607221847687,-0.0038755368461171336,0.4482225495054688,-0.0023567880497594802,-0.0043833888425809375,0.4536887734802002,-0.0024325700452448563,-0.004558179101372017,0.4628106099758356
primary_development_2022_2023_partial,2022,s4_reclaim_vwap_support,60,228963,-0.002851352139555541,-0.0030162529300138408,0.2028179717766063,-0.0027366078226738447,-0.0030162529300139518,0.26138115683131474,-0.0025848436487620387,-0.0030162529300139518,0.30189000659558574,-0.0024530914932458787,-0.003235998080348912,0.34258454306770875,-0.0018904246708928965,-0.0030162529300138408,0.4408086128378881,-0.0020286983169133534,-0.0030162529300139518,0.4534919849984027,-0.0022945433830676913,-0.0041427882374377445,0.45561037107724905,-0.0027283676288727896,-0.004829500287411415,0.4617789766855261
primary_development_2022_2023_partial,2022,s4_reclaim_vwap_support,120,150236,-0.002880923983352256,-0.0030162529300138408,0.20746302434868272,-0.002782248628287801,-0.0030162529300139518,0.2648055328128016,-0.0026540905642854296,-0.0030162529300139518,0.30409197116248726,-0.0025684485550441613,-0.003741859732830477,0.34336715670608287,-0.002360165652430319,-0.0039189091066273996,0.43342691197161964,-0.0026602276169373387,-0.00448025255860407,0.4435594158811482,-0.002797167225021053,-0.004963486811009776,0.448133666075027,-0.003143200759168266,-0.005207043302598191,0.4590045780334477
primary_development_2022_2023_partial,2022,s4_reclaim_vwap_support,240,113097,-0.0030203191152553955,-0.0030162529300139518,0.2006507688090754,-0.0029672355286606855,-0.0030162529300139518,0.2575622264467925,-0.002867923366958086,-0.003248948784834893,0.2968714076012946,-0.002808058814004527,-0.003916464171799805,0.33657621962005163,-0.002492359088239488,-0.004421940446320993,0.42393268379096544,-0.002550837545588099,-0.004729283423261399,0.43871447938541697,-0.002295146397830464,-0.005022256445245121,0.4458358813467691,-0.0021090719322083055,-0.005498885318479307,0.4552917604922073
primary_development_2022_2023_partial,2023,cs_r3_leader_confirmation,10,46443,-0.0028846278361573784,-0.0030162529300139518,0.20074501528788596,-0.0027329568514467563,-0.0030162529300139518,0.26308083200551224,-0.002675649512702255,-0.003614682550103887,0.2964557943241032,-0.002789244432354919,-0.004191594908994567,0.3184539190353144,-0.0016450860317360348,-0.003824181412242278,0.4252581208371953,-0.0009091603227561389,-0.003565555269997245,0.4405785854405139,-0.0002426245334248159,-0.0030162529300139518,0.45405533630933126,0.00017991692922251717,-0.003332354308285712,0.46222203049845784
primary_development_2022_2023_partial,2023,cs_r3_leader_confirmation,20,35776,-0.0028470782600942945,-0.0030162529300139518,0.19923971377459748,-0.0026386244561418396,-0.0030162529300139518,0.26140429338103754,-0.0025195833096095075,-0.0033565204204815124,0.2960167714884696,-0.0025492882832388025,-0.004001220077879841,0.32223619846261353,-0.0010608939413490526,-0.0031324379605546238,0.42899515907882585,0.00023945482412469435,-0.0030162529300138408,0.449960819433561,0.0009333265016035694,-0.0030162529300137297,0.46122837467107103,0.0009348276795814093,-0.0030162529300139518,0.46482777933352004
primary_development_2022_2023_partial,2023,cs_r3_leader_confirmation,40,25116,-0.002667949113706213,-0.0030162529300138408,0.213139558033048,-0.0024423438326516326,-0.0030162529300139518,0.2733824407724467,-0.0023384565901488296,-0.0030162529300139518,0.306402803217329,-0.0023887250413924415,-0.0038732590163205183,0.32998845219607376,-0.0007598662519319795,-0.0030162529300138408,0.43780400287058446,0.00010625104865127058,-0.0030162529300138408,0.45508194106623073,0.0005189850790186533,-0.0030162529300138408,0.46182064675625023,-7.832607318384811e-05,-0.004061284297718848,0.4611456837402266
primary_development_2022_2023_partial,2023,cs_r3_leader_confirmation,60,20378,-0.002648507522525335,-0.0030162529300138408,0.21377042744270502,-0.0024129240689268632,-0.0030162529300139518,0.27177700348432055,-0.0022894096743034022,-0.0030162529300139518,0.30452493129171576,-0.0022843809123890527,-0.0040142346588124544,0.33207361963190185,-0.0006920093298956012,-0.0030162529300138408,0.4416605256693687,-7.06290354269563e-05,-0.0030162529300138408,0.4563807839669909,-0.0001468184696288918,-0.0030162529300139518,0.459822086794122,-0.0004090114018529905,-0.004236619174015299,0.45860373647984265
primary_development_2022_2023_partial,2023,cs_r3_leader_confirmation,120,14117,-0.0025816152749538472,-0.0030162529300138408,0.21789332011050505,-0.0023844920205783856,-0.0030162529300139518,0.2764751717787065,-0.002148569183365392,-0.003016252930014063,0.30934334490330806,-0.002201468371380427,-0.0039285141826009284,0.3345140266364409,-0.00029773806871059676,-0.0030162529300138408,0.444586258242927,0.0007116969989689448,-0.0030162529300137297,0.4673520028358738,0.000740792996944321,-0.0030162529300138408,0.462885501595179,0.001049560014316099,-0.0030162529300138408,0.47290780141843974
primary_development_2022_2023_partial,2023,cs_r3_leader_confirmation,240,10767,-0.002741099366352253,-0.0030162529300138408,0.2106436333240457,-0.0025111620923889046,-0.0030162529300139518,0.2663013189671187,-0.0022526467560003284,-0.0030162529300139518,0.3021549321939439,-0.0022305523140493085,-0.0038786957791351884,0.32862715957644434,0.00017488838893864938,-0.0030162529300138408,0.44306033280654455,0.001341560239561755,-0.0030162529300137297,0.46456473214285715,0.0018702919820091522,-0.0030162529300137297,0.46591648842183575,0.0030021425815474185,-0.002649591219117342,0.4793972653706632
primary_development_2022_2023_partial,2023,fu_r3_core_pullback,10,15053,-0.002768513417621004,-0.0030162529300138408,0.21842822028831463,-0.0024850042183727264,-0.0030162529300138408,0.28346509001527936,-0.0023186429119701818,-0.0030162529300139518,0.3171460838371089,-0.00227707924381576,-0.003796976781574979,0.3391575870316237,0.0010085004133053564,-0.0017380665380002935,0.46720766263136887,0.003024485527615622,-0.0007794351119924658,0.48868778280542985,0.003951376822665524,-0.0007115321808665587,0.489354624085163,0.0025420498936768853,-0.0030162529300138408,0.46962943250615397
primary_development_2022_2023_partial,2023,fu_r3_core_pullback,20,12926,-0.002860130030754762,-0.0030162529300139518,0.20199597710041775,-0.0025674091820754954,-0.0030162529300139518,0.270694723812471,-0.002456246894757544,-0.0030637736043262476,0.3015627417607922,-0.002282644000139419,-0.003942818551008531,0.331966578988086,0.0013661017145763458,-0.002096667591999002,0.46189000774593336,0.0041903239793926435,-0.0002621541812015682,0.49577617608308144,0.0053652224433096765,0.00010419698256836085,0.5018981947780274,0.004288652217893057,-0.0018433308746371724,0.48244866330879504
primary_development_2022_2023_partial,2023,fu_r3_core_pullback,40,9547,-0.0026024406069703947,-0.0030162529300138408,0.21682203833665026,-0.0022578907823744532,-0.0030162529300138408,0.2801927307007437,-0.0021039827561727445,-0.0030162529300139518,0.3193673405258196,-0.001982631968340991,-0.003468604902368777,0.3450298523096261,0.0019546344609554013,-0.001225263520637565,0.4750367107195301,0.004715181041017981,0.00011952396717307412,0.5022040302267002,0.00541908808330403,0.00042905306170903934,0.5055637203443208,0.004472731079876213,-0.0016932914822034295,0.48556430446194226
primary_development_2022_2023_partial,2023,fu_r3_core_pullback,60,7733,-0.0026192668621932286,-0.0030162529300138408,0.21802663907927067,-0.0023976919315042877,-0.0030162529300139518,0.27259795680848314,-0.0022008987831859165,-0.0030162529300139518,0.3108754687702056,-0.0019684372539575854,-0.0037796401789188527,0.3411353937669727,0.0023597378355657505,-0.0005947865538227237,0.48944710604687297,0.005012504890687925,0.00040309358125023564,0.5066666666666667,0.005419561261979061,0.000649128493037554,0.5088060088060088,0.004979317720303927,-0.0008764201693556295,0.49176928062216463
primary_development_2022_2023_partial,2023,fu_r3_core_pullback,120,5479,-0.0025762079845175344,-0.0030162529300138408,0.22467603577295125,-0.002065862826555138,-0.0030162529300138408,0.2907464865851433,-0.0016549503832704072,-0.0030162529300138408,0.3336375250958204,-0.0012991817852505622,-0.0030162529300139518,0.3615623288921336,0.002846886256345212,-0.00023764363095046814,0.4961622807017544,0.005748638873438499,0.0015649490274372013,0.5276051188299817,0.007033503188195649,0.0016725320190777992,0.5189179309084262,0.008580416456583221,0.0032279041497564886,0.5298957761930884
primary_development_2022_2023_partial,2023,fu_r3_core_pullback,240,4203,-0.0025210199245075567,-0.0030162529300138408,0.22055674518201285,-0.0020678918225020683,-0.0030162529300138408,0.2862241256245539,-0.0017312632388247413,-0.0030162529300138408,0.3338091839162503,-0.0015497046683732416,-0.0030162529300139518,0.35427075898167976,0.0026485527391262435,-0.0008056459520313641,0.484393614486538,0.0055564935319699065,0.0010483339648802437,0.515490943755958,0.006720337779459246,0.0006754255441869805,0.5085795996186845,0.007818975062178053,0.0009368943620955417,0.5094114843936145
primary_development_2022_2023_partial,2023,ht_r3_core_pullback,10,32988,-0.0030257118091292492,-0.0030162529300138408,0.16433746627459303,-0.003010092602533376,-0.0030162529300139518,0.22742292418225363,-0.0030394215405906443,-0.003777890628310243,0.26431624579379753,-0.0029693893610076775,-0.004194025044492067,0.3019159643485115,-0.0019270671694616747,-0.004179594525194563,0.42004309690734165,-0.0010740843344396382,-0.0039471434501540115,0.43717190107722653,-0.0002966157136511095,-0.0030162529300139518,0.45185185185185184,7.144455527457395e-05,-0.003707643821093287,0.461344588849751
primary_development_2022_2023_partial,2023,ht_r3_core_pullback,20,26483,-0.003008545006083922,-0.0030162529300138408,0.1627081523996526,-0.0028743238396559873,-0.0030162529300139518,0.2320356455084394,-0.0028385112306500548,-0.0035833654141262383,0.2693905294162072,-0.0027996269236727424,-0.004022291019892599,0.30567932935578884,-0.0013529854169695805,-0.0038669216561826314,0.42415422415422416,-3.1651380845870044e-05,-0.0030162529300139518,0.44504497694459144,0.0006942898119398107,-0.0030162529300138408,0.45697217180883243,0.0006397677945193741,-0.0030162529300139518,0.4640438812180821
primary_development_2022_2023_partial,2023,ht_r3_core_pullback,40,18875,-0.0029319457471013847,-0.0030162529300138408,0.16996026490066224,-0.0027886957532543715,-0.0030162529300139518,0.23671523178807946,-0.0026889221180873657,-0.0030162529300139518,0.27959097170711034,-0.00267479346389195,-0.003817043088302996,0.3135166640173793,-0.0010927704637716112,-0.0030162529300139518,0.43537775891341257,-0.00028366441605209977,-0.0030162529300138408,0.4507983661344226,0.00039621878902320283,-0.0030162529300138408,0.4589920424403183,1.111725891874518e-05,-0.004094073197116521,0.46080772700737677
primary_development_2022_2023_partial,2023,ht_r3_core_pullback,60,15338,-0.0029550241201868866,-0.0030162529300138408,0.16886165080192986,-0.002801164101034391,-0.0030162529300139518,0.2358195331855522,-0.0026796180134037984,-0.0030162529300139518,0.2760644193779748,-0.002544819410544986,-0.003916194124019834,0.319509650495566,-0.0009150771879662034,-0.0030162529300138408,0.43825065274151437,-0.0002680616071573051,-0.0030162529300138408,0.45232656790445736,-0.00016459381801723814,-0.0030162529300139518,0.45814287579992163,-0.00034313937765747155,-0.0038289562424045354,0.46158369266954136
primary_development_2022_2023_partial,2023,ht_r3_core_pullback,120,10686,-0.003001893392691201,-0.0030162529300138408,0.17097136440202135,-0.002847095322494473,-0.0030162529300139518,0.23825566161332584,-0.0027447352569651357,-0.0036190350367736324,0.2737226277372263,-0.002677370428690999,-0.003975813803036021,0.31268132896583994,-0.0006256984830110579,-0.0030162529300138408,0.4408954664668415,0.0006007424138734133,-0.0024787953844235266,0.4688582935281446,0.0008835241606385323,-0.0030162529300138408,0.4633323967406575,0.0013622496157072587,-0.0030162529300138408,0.47185011709601876
primary_development_2022_2023_partial,2023,ht_r3_core_pullback,240,8109,-0.0029685537214976586,-0.0030162529300138408,0.16339869281045752,-0.0028618189802105333,-0.0030162529300139518,0.22372964972866305,-0.0027356452522096673,-0.0035195414146491633,0.2685002466699556,-0.0026245574145590264,-0.003764833467198081,0.3059940799210656,-0.0002340560434108594,-0.0030162529300138408,0.4350937808489635,0.001146105587803698,-0.0030162529300137297,0.4633814993207361,0.0017736334437037963,-0.0030162529300137297,0.4640740740740741,0.0028933730306888654,-0.0030162529300137297,0.47801383399209485
primary_development_2022_2023_partial,2023,ng_r1_auction_reclaim,10,90634,-0.002944459961235216,-0.0030162529300138408,0.13205860935189884,-0.0028450935739657885,-0.0030162529300138408,0.1982390520009268,-0.0026817527407284733,-0.0030162529300138408,0.25627841285254005,-0.0024814104698453934,-0.0030162529300138408,0.31314624968273763,-0.0004454964243624695,-0.0017518474169256892,0.4574925168715553,0.0017523540284163429,-0.0008582794515075154,0.4846392629497476,0.0028007244363481335,-0.0006311243485064288,0.4903557224922669,0.0018365397674224096,-0.0030162529300137297,0.46894334452890224
primary_development_2022_2023_partial,2023,ng_r1_auction_reclaim,20,62166,-0.0029408229339717147,-0.0030162529300138408,0.13747285450012064,-0.002838887096515803,-0.0030162529300138408,0.20391551244309317,-0.0026879366570992614,-0.0030162529300138408,0.25763742539534434,-0.002545492787432289,-0.0030162529300138408,0.30923307109416476,-0.0005149598433498797,-0.0026113381574457972,0.44643029658970146,0.001781762263057551,-0.00106138283771956,0.48120167525773194,0.0027790417464278825,-0.0005963894662517344,0.4913351586406829,0.001568654441510742,-0.0030162529300138408,0.4643156334579198
primary_development_2022_2023_partial,2023,ng_r1_auction_reclaim,40,41355,-0.0028511208076247487,-0.0030162529300138408,0.14508523757707653,-0.0027403663412766894,-0.0030162529300138408,0.21144266576389226,-0.002612398084891802,-0.0030162529300138408,0.2621511824732795,-0.002398714974183714,-0.0030162529300138408,0.31450130598819775,0.00043800719914504217,-0.0013149154776759264,0.46685062813158085,0.0025197990522419947,-0.00034873788768596814,0.4935970369653102,0.0031331541994201106,-0.00010109577483835563,0.49849828028871773,0.001808487380039694,-0.0030162529300138408,0.4683860031480809
primary_development_2022_2023_partial,2023,ng_r1_auction_reclaim,60,32569,-0.0028371726021982663,-0.0030162529300138408,0.1510331910712641,-0.002767433821828194,-0.0030162529300138408,0.20992354693113083,-0.002619585180014071,-0.0030162529300138408,0.2620670596904937,-0.002406150191621042,-0.0030162529300138408,0.31416200945771666,0.0004295153215974092,-0.001365617587182788,0.46799422267293567,0.0022380898624885406,-0.00041251459103835986,0.4925928202606344,0.0026253029269429754,-0.0007269676324939134,0.4898718224571973,0.0015604471199739346,-0.0030162529300137297,0.47188316679477327
primary_development_2022_2023_partial,2023,ng_r1_auction_reclaim,120,20336,-0.0028189199870044114,-0.0030162529300138408,0.1587332808811959,-0.0027132022828505868,-0.0030162529300138408,0.221932628473076,-0.0025392242425026166,-0.0030162529300138408,0.27150233587410866,-0.002242958402476713,-0.0030162529300138408,0.3229899188591099,0.0009529511812451873,-0.0006100170159270002,0.48521234191230744,0.002886807826783111,0.00023654885488011423,0.5039621991435743,0.003797942913336875,7.996988697356322e-05,0.5011076650420913,0.0038564854123478705,-3.1271651361297614e-05,0.49972915743339735
primary_development_2022_2023_partial,2023,ng_r1_auction_reclaim,240,16324,-0.0028050287661324337,-0.0030162529300138408,0.1529037000735114,-0.002627621810182371,-0.0030162529300138408,0.21379563832394022,-0.002526424321878012,-0.0030162529300138408,0.26602132091655434,-0.0022965095868206103,-0.0030162529300138408,0.31380599301427786,0.0010073829154933162,-0.001028249446324625,0.4761700300558179,0.0031875411517355845,0.0006223738841100168,0.5108902386649488,0.004340005232620475,0.0009876978614318244,0.514508312373474,0.004697952864233202,0.0005317319350035543,0.5058599742283856
primary_development_2022_2023_partial,2023,ng_r3_volume_quality,10,219317,-0.003076827725497897,-0.0030162529300138408,0.10006565868427292,-0.0030565050660398517,-0.0030162529300138408,0.16781724499566822,-0.0030689735636046274,-0.0030162529300139518,0.21837052034455556,-0.0029779463479578504,-0.0030162529300139518,0.286144949216238,-0.0023808929488622703,-0.0030162529300139518,0.4138005011890688,-0.0018485629174720413,-0.0035682941803495405,0.4302345754540391,-0.0015554121968677224,-0.0038062558991659445,0.4412403794359588,-0.001232280589948176,-0.004493265888636022,0.4479646066184528
primary_development_2022_2023_partial,2023,ng_r3_volume_quality,20,146687,-0.0030598026675926777,-0.0030162529300138408,0.1055799843201418,-0.0030626491968172476,-0.0030162529300138408,0.17295355226648304,-0.0030923678541416645,-0.0030162529300139518,0.21998895487178788,-0.003020489840662143,-0.0030162529300139518,0.2838634891411817,-0.002315135418223035,-0.0030162529300139518,0.4090223614267095,-0.001695748666735999,-0.003016252930014063,0.43265824340097886,-0.00126367633073061,-0.0030162529300139518,0.44661261039900624,-0.0014255423910839679,-0.004399427131912881,0.4495500539389057
primary_development_2022_2023_partial,2023,ng_r3_volume_quality,40,97750,-0.0030476918727729073,-0.0030162529300138408,0.10919693094629156,-0.003049039020039853,-0.0030162529300138408,0.17825428653271677,-0.0030714197517207635,-0.0030162529300139518,0.2255744480592556,-0.0029877565933782682,-0.0030162529300139518,0.28780313107541183,-0.0022112683523348767,-0.0030162529300139518,0.4122285948381811,-0.001641617719008685,-0.0033530191142238652,0.4340469118098945,-0.0014202888794687563,-0.003893879467927519,0.44392997264876716,-0.0016983887191283126,-0.0050761367049516615,0.44571130028581085
primary_development_2022_2023_partial,2023,ng_r3_volume_quality,60,77213,-0.0030689647092403145,-0.0030162529300138408,0.11101757476072682,-0.0030625695067980903,-0.0030162529300138408,0.17957518456158528,-0.003030829757193189,-0.0030162529300139518,0.2286569174773001,-0.0028675733480417603,-0.0030162529300139518,0.29405896984143437,-0.0023307178440420662,-0.0030162529300139518,0.4143479501076161,-0.0017906163803883203,-0.003341958172440984,0.4358136579926615,-0.0018793665770583197,-0.004204552986116328,0.4423740242226199,-0.0020726645322484104,-0.005125813565397208,0.44635861245881225
primary_development_2022_2023_partial,2023,ng_r3_volume_quality,120,49246,-0.003029590884508944,-0.0030162529300138408,0.12072291603208447,-0.0030359645802366646,-0.0030162529300138408,0.19005361059215337,-0.0030426039715964795,-0.0030162529300139518,0.23775485338315328,-0.002911406279929243,-0.0030162529300139518,0.3007230188066128,-0.0020826064870495,-0.0030162529300138408,0.42214814212537605,-0.0016928163700451226,-0.0030162529300139518,0.4423639912173701,-0.0016811919439735966,-0.0038661964484024702,0.44659957304056114,-0.001832615802267082,-0.004930768488052517,0.44970317963730994
primary_development_2022_2023_partial,2023,ng_r3_volume_quality,240,37791,-0.003033921846101268,-0.0030162529300138408,0.1125135614299701,-0.003040649365092827,-0.0030162529300138408,0.18218623481781376,-0.0030159945434768526,-0.0030162529300138408,0.2297290145019583,-0.0028893453552824525,-0.0030162529300139518,0.29421417606267536,-0.0016658240782126386,-0.0030162529300138408,0.42364936440677964,-0.0008397468073213473,-0.0030162529300138408,0.4514676274239695,-0.00033508184125304497,-0.0030162529300138408,0.4586203242555897,0.0006038601772555554,-0.0030162529300138408,0.468050144443561
primary_development_2022_2023_partial,2023,s0_distance_only,10,452194,-0.002964723729861011,-0.0030162529300138408,0.12537124634835126,-0.002812124213979232,-0.0030162529300138408,0.19416880994451435,-0.0028128084765744964,-0.0030162529300138408,0.23813314933743784,-0.0028700401218099704,-0.0030162529300138408,0.29486150096107694,-0.002327051018049202,-0.0030162529300139518,0.415571966829156,-0.0017209438609071214,-0.0030162529300139518,0.4327918721038614,-0.0013283657786313631,-0.0030162529300139518,0.4448628961730486,-0.0009715011698812319,-0.0038683757907572724,0.4518904338929452
primary_development_2022_2023_partial,2023,s0_distance_only,20,308193,-0.002936017470983218,-0.0030162529300138408,0.1287861826842271,-0.0028040971723969402,-0.0030162529300138408,0.19639705118886927,-0.0028055690889204196,-0.0030162529300138408,0.23960205849714133,-0.002847437134034751,-0.0030162529300138408,0.29462581943272537,-0.0022398460238694014,-0.0030162529300139518,0.41274481145863784,-0.0016256756104618604,-0.0030162529300139518,0.43469800140343584,-0.0011654547002829625,-0.0030162529300138408,0.4493557379286146,-0.0011265304368597553,-0.003978592454212504,0.4516448736612249
primary_development_2022_2023_partial,2023,s0_distance_only,40,206228,-0.002892732100534075,-0.0030162529300138408,0.1342653205706361,-0.00277296101612313,-0.0030162529300138408,0.2013209001905704,-0.002784822952279939,-0.0030162529300138408,0.2449483316280265,-0.002805577157538513,-0.0030162529300138408,0.29795520462504,-0.002126682068891132,-0.0030162529300138408,0.4176617929748937,-0.0016166897029106274,-0.0030162529300139518,0.4365045074784821,-0.0013639656360583913,-0.0030162529300139518,0.4456167097162611,-0.001613992931860297,-0.004744726832701107,0.4468092338470802
primary_development_2022_2023_partial,2023,s0_distance_only,60,161691,-0.002854428083672285,-0.0030162529300138408,0.13955012956812685,-0.00272562764907181,-0.0030162529300138408,0.20709276004106725,-0.002759497277348374,-0.0030162529300138408,0.24764196164051436,-0.002776370926174534,-0.0030162529300138408,0.3017878131766161,-0.002227398444869128,-0.0030162529300138408,0.4188229466579982,-0.0018244322102186695,-0.0030162529300139518,0.43750657841783636,-0.0017451733176420633,-0.0037575047865713307,0.4456119927924358,-0.0018557079446340718,-0.004772279245081779,0.4479179568480765
primary_development_2022_2023_partial,2023,s0_distance_only,120,102067,-0.0028473288787049,-0.0030162529300138408,0.14502238725543026,-0.0026987331528483594,-0.0030162529300138408,0.21593870632727843,-0.0027341197549578433,-0.0030162529300138408,0.2549061872336256,-0.0027619259813129985,-0.0030162529300138408,0.30716616527354507,-0.001973219758424214,-0.0030162529300138408,0.4257664620152606,-0.0016530855093402623,-0.0030162529300138408,0.4439616274963707,-0.0014929668260192678,-0.0030162529300139518,0.4505384570117107,-0.001369497915652644,-0.00404090220757819,0.4563353476691257
primary_development_2022_2023_partial,2023,s0_distance_only,240,80835,-0.00291030465713916,-0.0030162529300138408,0.13621574812890455,-0.002721511779535625,-0.0030162529300138408,0.2090802251499969,-0.002749345750986258,-0.0030162529300138408,0.2502257685408548,-0.0027759442389304824,-0.0030162529300138408,0.3052833457065083,-0.0015714885301354867,-0.0030162529300138408,0.42956377459417294,-0.000786862804031707,-0.0030162529300137297,0.45446214053946943,-0.0002078027962538751,-0.0030162529300137297,0.46513010415763595,0.0007627247672507724,-0.0030162529300137297,0.47291085919593634
primary_development_2022_2023_partial,2023,s0_liquidity_matched,10,4584978,-0.0028844556093609117,-0.0030162529300138408,0.13180140856467168,-0.0027686937802181583,-0.0030162529300138408,0.20309044320810044,-0.0027691380016761427,-0.0030162529300138408,0.24932537186340448,-0.0027782288917260526,-0.0030162529300138408,0.3056563327776103,-0.0019519795108592294,-0.0030162529300138408,0.4221934672999252,-0.001277195362654835,-0.0030162529300139518,0.4389070255468475,-0.0009516376892477562,-0.0030162529300139518,0.44713147441682094,-0.0008493296314676821,-0.004359896793989293,0.4506771790591534
primary_development_2022_2023_partial,2023,s0_liquidity_matched,20,3258636,-0.0028885882658573284,-0.0030162529300138408,0.13085095021935694,-0.0027866524814977385,-0.0030162529300138408,0.20303202809843043,-0.0027814377142856782,-0.0030162529300138408,0.2498460909557951,-0.002766861713636056,-0.0030162529300138408,0.30416883449743926,-0.0019054298198006407,-0.0030162529300138408,0.42230323928642854,-0.0011723807680312827,-0.0030162529300138408,0.44077244001662785,-0.0009689683995923657,-0.0030162529300139518,0.448065480991248,-0.0010140668504747367,-0.004463254014295481,0.4499843895195905
primary_development_2022_2023_partial,2023,s0_liquidity_matched,40,2327472,-0.0028937869592894905,-0.0030162529300138408,0.13319028798260082,-0.0027823979500564257,-0.0030162529300138408,0.205248081230453,-0.002772370812717087,-0.0030162529300138408,0.251819043518688,-0.002736849781510719,-0.0030162529300138408,0.3083586626792912,-0.0018403847648281438,-0.0030162529300138408,0.42504478273117674,-0.0012795374834545887,-0.0030162529300138408,0.441013337394392,-0.0011932813022478039,-0.003670012764157904,0.4457476126110236,-0.0015239884523028824,-0.004973041442418169,0.4452299313241602
primary_development_2022_2023_partial,2023,s0_liquidity_matched,60,1930957,-0.0028782227992837366,-0.0030162529300138408,0.13545927324590795,-0.0027764258319108903,-0.0030162529300138408,0.20691946402223624,-0.002766283479991986,-0.0030162529300138408,0.2523665743066525,-0.002725088835697174,-0.0030162529300138408,0.3091964859208918,-0.001910696535822684,-0.0030162529300138408,0.4223419694062248,-0.0014246902084124862,-0.0030162529300139518,0.4377485717011716,-0.0013797607559023837,-0.0040142346588124544,0.4424591557374371,-0.0017317812617917685,-0.0051183270955227345,0.4422088998911358
primary_development_2022_2023_partial,2023,s0_liquidity_matched,120,1395743,-0.0028714455627694606,-0.0030162529300138408,0.13701754122004012,-0.0027540086180113206,-0.0030162529300138408,0.20817666479428656,-0.0027359015521803173,-0.0030162529300138408,0.2543034485624601,-0.0027399076312440243,-0.0030162529300138408,0.31002449438234453,-0.0018532916643569388,-0.0030162529300138408,0.4245382561148024,-0.0012430922329518526,-0.0030162529300139518,0.4408477562768861,-0.001170428033227954,-0.0036615498536835545,0.44621507369822755,-0.0010449403776697582,-0.00445698088820734,0.4502572117230279
primary_development_2022_2023_partial,2023,s0_liquidity_matched,240,1204995,-0.002845174472196511,-0.0030162529300138408,0.1373174360927776,-0.002702299893949672,-0.0030162529300138408,0.20931527585402754,-0.0026469314439134042,-0.0030162529300138408,0.2570932036208183,-0.002599336906100727,-0.0030162529300138408,0.31394673187803085,-0.0013697206309283298,-0.0030162529300138408,0.43243384696159587,-0.0005178244502698199,-0.0030162529300137297,0.4527882480422267,-6.036002556671442e-05,-0.0030162529300138408,0.4586638584499175,0.0004015114091489382,-0.0030162529300138408,0.4652589473194202
primary_development_2022_2023_partial,2023,s0_random_matched,10,1068004,-0.002995613059276403,-0.0030162529300138408,0.099228264146774,-0.002979822354274763,-0.0030162529300138408,0.17478748288719878,-0.0029448647236598635,-0.0030162529300138408,0.23328519815026044,-0.002895408134435241,-0.0030162529300138408,0.29470483997257635,-0.002118276368148452,-0.0030162529300138408,0.4195235769507312,-0.0017311387681648352,-0.003464940484950829,0.43390514442472466,-0.001497383100682126,-0.003931756829986144,0.4426595805528181,-0.0011548871492035378,-0.004480252558604125,0.4496285417944404
primary_development_2022_2023_partial,2023,s0_random_matched,20,1067602,-0.0029952536554260158,-0.0030162529300138408,0.0988734302069078,-0.0029748431653569877,-0.0030162529300138408,0.1750991315393327,-0.00294189744914385,-0.0030162529300138408,0.23412750458103657,-0.0028835221654077703,-0.0030162529300138408,0.29553084298313587,-0.0021077552455219992,-0.0030162529300138408,0.41971993975666344,-0.001720413189009573,-0.00343798886363067,0.43419413775121646,-0.0014873800803823305,-0.003915246389950666,0.44267455581339943,-0.0011450097650344945,-0.004452828934437547,0.44970490806697194
primary_development_2022_2023_partial,2023,s0_random_matched,40,1066883,-0.0029949673901454405,-0.0030162529300138408,0.09882543274147242,-0.0029630584164757803,-0.0030162529300138408,0.17510875810940396,-0.002938490831090444,-0.0030162529300138408,0.23351375876738242,-0.0028768824032599266,-0.0030162529300138408,0.29523265724017855,-0.0020987772465165984,-0.0030162529300138408,0.41987466427931963,-0.001704284339401788,-0.003419930936810256,0.43413477692037683,-0.0014694033588158564,-0.003886221295694603,0.4429240802411891,-0.0011218875638450462,-0.0044445964071913036,0.44998155305444804
primary_development_2022_2023_partial,2023,s0_random_matched,60,1066109,-0.0029907291358483227,-0.0030162529300138408,0.09955097473283138,-0.0029661086346357895,-0.0030162529300138408,0.17543844837678418,-0.0029421279407869923,-0.0030162529300138408,0.2333775192293079,-0.0028741725328137123,-0.0030162529300138408,0.29547409971298527,-0.002096237755933011,-0.0030162529300138408,0.41979300390383256,-0.0017033320799161023,-0.003407533895725734,0.43423153505146894,-0.001465009764907731,-0.0038985394318459266,0.4427283230478767,-0.0011168892270379499,-0.004426413816958741,0.45016877371545494
primary_development_2022_2023_partial,2023,s0_random_matched,120,1064208,-0.0029926411316633533,-0.0030162529300138408,0.09905721102479555,-0.0029710704591822553,-0.0030162529300138408,0.175254128023952,-0.0029415260522283387,-0.0030162529300138408,0.2335475151990181,-0.002878966238809716,-0.0030162529300138408,0.2952047139813084,-0.002101400561237933,-0.0030162529300138408,0.41984531742291037,-0.0017070964517450914,-0.003405547637967632,0.4341988889976139,-0.0014698592344715078,-0.0038824421107868656,0.44280659822529195,-0.0011186443967152987,-0.004452001413697615,0.45007778508728585
primary_development_2022_2023_partial,2023,s0_random_matched,240,1060280,-0.0029901368261106794,-0.0030162529300138408,0.09941316391608866,-0.002977105100750438,-0.0030162529300138408,0.1749823148244216,-0.0029445648007774584,-0.0030162529300138408,0.23339945723688865,-0.0028858314851909054,-0.0030162529300138408,0.29530164618332455,-0.0020931416887702355,-0.0030162529300138408,0.4195977598135633,-0.0016956667157962356,-0.003381850246161777,0.4344314623209921,-0.0014520624772290534,-0.003865472476069942,0.44287534438188825,-0.0010919866529974095,-0.004391719197820609,0.4503001093883134
primary_development_2022_2023_partial,2023,s0_strong_no_ma,10,481779,-0.002910845588275437,-0.0030162529300138408,0.16002316438828165,-0.002781024209623707,-0.0030162529300138408,0.2189536785646084,-0.002715638947238584,-0.0030162529300138408,0.25673274519979244,-0.0026955879927017196,-0.0030162529300139518,0.31110372892616894,-0.0017503094803743558,-0.0030162529300138408,0.422197840104566,-0.0009399780834339754,-0.0030162529300138408,0.4411345955192331,-0.0007091362876824505,-0.0030162529300139518,0.4464431963215944,-0.0005194105865259583,-0.004189635135274483,0.45195679968400154
primary_development_2022_2023_partial,2023,s0_strong_no_ma,20,481593,-0.0029110089353239442,-0.0030162529300138408,0.16002682791099446,-0.002781097023890591,-0.0030162529300138408,0.21898010291167785,-0.002715255338405849,-0.0030162529300138408,0.25678414499422714,-0.0026983779813290355,-0.0030162529300139518,0.3111346047597486,-0.0017609455246393971,-0.0030162529300138408,0.4221261805126798,-0.0009593436679224882,-0.0030162529300138408,0.4410910368717732,-0.0007353069026520959,-0.0030162529300139518,0.4464100047411893,-0.0005462926225439121,-0.004189174985390287,0.45194237452399916
primary_development_2022_2023_partial,2023,s0_strong_no_ma,40,481330,-0.002911037850461674,-0.0030162529300138408,0.1600186983846673,-0.0027802077560474723,-0.0030162529300138408,0.21900210880608334,-0.002713733757498898,-0.0030162529300138408,0.2568351198106798,-0.002698889666443887,-0.0030162529300139518,0.31115710809221286,-0.0017619811351757709,-0.0030162529300138408,0.42213246030392404,-0.0009580358218288956,-0.0030162529300138408,0.4411430616176452,-0.000733115154765235,-0.0030162529300139518,0.4464764995942825,-0.000542873050895824,-0.004180187770652322,0.4520285412856064
primary_development_2022_2023_partial,2023,s0_strong_no_ma,60,481090,-0.0029115486784995564,-0.0030162529300138408,0.1599883596453849,-0.0027799434560722563,-0.0030162529300138408,0.2189824871381801,-0.002713891467578862,-0.0030162529300138408,0.25680942749464203,-0.0026990762985844036,-0.0030162529300139518,0.31114331575708176,-0.0017603533165141516,-0.0030162529300138408,0.42212543336482555,-0.0009560654665598797,-0.0030162529300138408,0.4411596966089136,-0.0007321890007085809,-0.0030162529300139518,0.4464976373363309,-0.0005415830053934917,-0.00417823864920952,0.45205245593106363
primary_development_2022_2023_partial,2023,s0_strong_no_ma,120,480292,-0.0029121166127926163,-0.0030162529300138408,0.15986899499674154,-0.002780236540631972,-0.0030162529300138408,0.21891949853938455,-0.0027137789365121044,-0.0030162529300138408,0.2567509885208729,-0.0026993626348396347,-0.0030162529300139518,0.3111168500106216,-0.0017630028032632945,-0.0030162529300138408,0.4221501467449306,-0.0009577317707327795,-0.0030162529300138408,0.44115770643693786,-0.0007333770673854005,-0.0030162529300139518,0.44647742247577105,-0.0005427402681381101,-0.0041715064028645665,0.45206859230620045
primary_development_2022_2023_partial,2023,s0_strong_no_ma,240,478761,-0.00291300132527775,-0.0030162529300138408,0.15976823266966889,-0.002779626057140651,-0.0030162529300138408,0.2188968680678272,-0.002712812955601387,-0.0030162529300138408,0.25675743422207,-0.0026967775852347778,-0.0030162529300139518,0.3111781088664774,-0.0017552778808794236,-0.0030162529300138408,0.4222407170026745,-0.000947759264412132,-0.0030162529300138408,0.44125059871535033,-0.000714966982760956,-0.0030162529300139518,0.44665638903821897,-0.0005095935417108523,-0.004135516276186968,0.45232406830154104
primary_development_2022_2023_partial,2023,s1_break_reclaim_stable3,10,266110,-0.0029681107545654487,-0.0030162529300138408,0.13393209447398582,-0.0028519422900049893,-0.0030162529300138408,0.20125892521608418,-0.0028542309949120648,-0.0030162529300138408,0.24676134890241014,-0.002833988085078102,-0.0030162529300139518,0.3015489394970175,-0.002197623388176658,-0.0030162529300139518,0.41694286541941455,-0.0016174817825303249,-0.0030162529300139518,0.4326402841426432,-0.001278219797948534,-0.0034388827507303432,0.44414136131563997,-0.0010357614937688755,-0.004326349838121524,0.4496092236023676
primary_development_2022_2023_partial,2023,s1_break_reclaim_stable3,20,178439,-0.002947141268922837,-0.0030162529300138408,0.1379045590831395,-0.002833745772275041,-0.0030162529300138408,0.2052637183417494,-0.002836141164045166,-0.0030162529300138408,0.24951799125658558,-0.0028266010317500056,-0.0030162529300139518,0.29999495524178404,-0.002092396353418213,-0.0030162529300139518,0.4132576352579494,-0.0014399360474853873,-0.0030162529300139518,0.4357604596875561,-0.0010114210004116741,-0.0030162529300139518,0.44880873556510714,-0.001198242927013221,-0.004235059466774271,0.4511839882358884
primary_development_2022_2023_partial,2023,s1_break_reclaim_stable3,40,118641,-0.0029140186815872424,-0.0030162529300138408,0.14242245448415375,-0.002802675669215173,-0.0030162529300138408,0.2099309670513069,-0.00282873072726982,-0.0030162529300138408,0.25305348337337213,-0.002808236617756128,-0.0030162529300139518,0.30385263867813184,-0.002051597509647403,-0.0030162529300139518,0.41656118677535314,-0.001489827116779632,-0.0030162529300139518,0.43735284437580696,-0.001231114295696842,-0.003564349998817773,0.44617384405017135,-0.0015695115112510296,-0.00485740638725235,0.4475665546871043
primary_development_2022_2023_partial,2023,s1_break_reclaim_stable3,60,93813,-0.0028840548433158543,-0.0030162529300138408,0.14891485097855284,-0.002770325676275397,-0.0030162529300138408,0.21420347944738188,-0.0027802860883641904,-0.0030162529300138408,0.25775295033207896,-0.0027299176557311917,-0.0030162529300139518,0.3114511141912784,-0.002201974552745074,-0.0030162529300139518,0.41800855822688904,-0.00176984812377467,-0.0030162529300139518,0.4370764814478865,-0.001807998113977807,-0.0041943726748649435,0.44403176229508196,-0.0020774749054708725,-0.005110756600328892,0.4463483116078959
primary_development_2022_2023_partial,2023,s1_break_reclaim_stable3,120,59761,-0.002858780683716501,-0.0030162529300138408,0.1569752848847911,-0.0027734540878930547,-0.0030162529300138408,0.2235107095046854,-0.002775871203210026,-0.0030162529300138408,0.265014474807142,-0.0027765223816662646,-0.0030162529300139518,0.3143942563553294,-0.001945498784901678,-0.0030162529300138408,0.4259603625337153,-0.0015518712754889604,-0.0030162529300139518,0.4439846537888053,-0.001401180757248985,-0.003695628645725424,0.44878710715003683,-0.0014745925467645527,-0.0046114269253257345,0.45394384130813564
primary_development_2022_2023_partial,2023,s1_break_reclaim_stable3,240,46360,-0.0028909720836893076,-0.0030162529300138408,0.15034512510785158,-0.0027685342610272445,-0.0030162529300138408,0.21651063462617023,-0.0027577595923094804,-0.0030162529300138408,0.2586073000258866,-0.002715907545140455,-0.0030162529300139518,0.30911287538833276,-0.0014361574145779297,-0.0030162529300138408,0.4264061319227032,-0.0006540125918790481,-0.0030162529300137297,0.4541154618690741,-0.00016865018306899218,-0.0030162529300138408,0.4594582919348568,0.0006808648177430888,-0.0030162529300138408,0.4681673831795891
primary_development_2022_2023_partial,2023,s1_near_reversal,10,366165,-0.0030471881714182313,-0.0030162529300138408,0.1183410621528176,-0.0029142549463161355,-0.0030162529300138408,0.18729943712669703,-0.0029316887450937376,-0.0030162529300138408,0.23180853591590264,-0.0029082929380734083,-0.0030162529300139518,0.2935184628748436,-0.0022142110294091047,-0.0030162529300138408,0.41647347643990507,-0.001578505626268124,-0.0030162529300139518,0.433744295608473,-0.0012259866598363996,-0.0030162529300139518,0.4439747687545969,-0.0008597088687384431,-0.004065709505876924,0.45130352264243306
primary_development_2022_2023_partial,2023,s1_near_reversal,20,250642,-0.0030323328369817795,-0.0030162529300138408,0.12165159869455239,-0.0029277900656328316,-0.0030162529300138408,0.18924979153117855,-0.0029554678953655883,-0.0030162529300138408,0.23157058954961857,-0.0029410256909665196,-0.0030162529300139518,0.2885988260035036,-0.0022526358630735716,-0.0030162529300139518,0.41023111668457185,-0.0016017413248776851,-0.0030162529300139518,0.43375679130712685,-0.0011560243113149108,-0.0030162529300139518,0.446276765739853,-0.0011320861304368872,-0.0042582312446541315,0.44975026970871457
primary_development_2022_2023_partial,2023,s1_near_reversal,40,168258,-0.0029911706154238894,-0.0030162529300138408,0.1265630943324458,-0.002894492628109598,-0.0030162529300138408,0.1940685269382782,-0.002925491936437942,-0.0030162529300138408,0.2364118321812984,-0.002906036206863141,-0.0030162529300139518,0.2938921087828801,-0.0021994522256937716,-0.0030162529300139518,0.41370118936414535,-0.0016283587446193804,-0.0030162529300139518,0.434972749125354,-0.0013340865893309687,-0.003583688371121996,0.44485902333940325,-0.0015354694660569515,-0.004809389165750966,0.44729856804466084
primary_development_2022_2023_partial,2023,s1_near_reversal,60,132376,-0.0029874287871814492,-0.0030162529300138408,0.12862700661000945,-0.0028817014122218656,-0.0030162529300138408,0.19600362619928988,-0.0029024079553582557,-0.0030162529300138408,0.2400202465852774,-0.0028672307741690255,-0.0030162529300139518,0.29798327074344694,-0.0023067987321215323,-0.0030162529300139518,0.41590597986795436,-0.0019189880387150554,-0.0030162529300139518,0.4360248353260582,-0.001910818844091385,-0.004076873937535086,0.44386798160697,-0.0019227173672753666,-0.00481911684876607,0.4485974945533769
primary_development_2022_2023_partial,2023,s1_near_reversal,120,84199,-0.0029521519488694293,-0.0030162529300138408,0.1365930711766173,-0.002855774981771287,-0.0030162529300138408,0.20596688757452672,-0.002896898532130917,-0.0030162529300138408,0.24694173258272167,-0.0029083563251439603,-0.0030162529300139518,0.3039888814976718,-0.002082213904111266,-0.0030162529300138408,0.4251471375066881,-0.0017993646571652382,-0.0030162529300139518,0.4431760075154888,-0.001610748030957148,-0.0030162529300139518,0.44996789765296175,-0.0015831616807125376,-0.004276662218345217,0.4548178802040598
primary_development_2022_2023_partial,2023,s1_near_reversal,240,66353,-0.0029681632838922645,-0.0030162529300138408,0.13119225958133016,-0.0028333726639002315,-0.0030162529300138408,0.19976489382544874,-0.002857162830884848,-0.0030162529300138408,0.2421926810152529,-0.002828281030814781,-0.0030162529300138408,0.3017078943004869,-0.0016319836007673237,-0.0030162529300138408,0.42789048947884456,-0.0008488711146214602,-0.0030162529300137297,0.45437400042246295,-0.00028607567895401297,-0.0030162529300137297,0.46407339228053235,0.00047429861155757986,-0.0030162529300137297,0.4702091696598352
primary_development_2022_2023_partial,2023,s1_touch_immediate,10,344040,-0.0028769618433800927,-0.0030162529300138408,0.15073334922305096,-0.002735553323697302,-0.0030162529300138408,0.21689968898061215,-0.0027226793953278056,-0.0030162529300138408,0.258857795645008,-0.0028245250342767685,-0.0030162529300139518,0.3066566658235723,-0.002343732104595109,-0.0030162529300139518,0.4146971698607336,-0.0018071127267415097,-0.0035710574637197734,0.4316142682114098,-0.0014565264982064926,-0.003704302444900054,0.4430145828422428,-0.0011630796965658692,-0.0043093576603250305,0.44986610781231806
primary_development_2022_2023_partial,2023,s1_touch_immediate,20,231409,-0.0028412092842760818,-0.0030162529300138408,0.15553481297102953,-0.0027083139253082675,-0.0030162529300138408,0.221527903821056,-0.0026876242339995246,-0.0030162529300138408,0.2628981373438783,-0.0027419355833166884,-0.0030162529300138408,0.3087735070256346,-0.002172104459345277,-0.0030162529300139518,0.4129388099409513,-0.0015714903188387417,-0.0030162529300139518,0.4353133085836427,-0.0011646843508484632,-0.0030162529300139518,0.44883538793718925,-0.0012568583547246694,-0.004311878879333042,0.4512360853833769
primary_development_2022_2023_partial,2023,s1_touch_immediate,40,153961,-0.002795668739593919,-0.0030162529300138408,0.16030033579932582,-0.0026880349420410105,-0.0030162529300138408,0.22706989613983125,-0.0026851827926059335,-0.0030162529300138408,0.26672252750821673,-0.0027335774503069524,-0.0030162529300138408,0.3132490986455322,-0.002111756256278316,-0.0030162529300139518,0.41668021354210694,-0.0016039993665919897,-0.0030162529300139518,0.4355787926673039,-0.001439578724799567,-0.0038301172133363703,0.4448917737655445,-0.0017752129581470359,-0.00516956555867476,0.445521305589343
primary_development_2022_2023_partial,2023,s1_touch_immediate,60,121832,-0.0027617504058328984,-0.0030162529300138408,0.16604148369462615,-0.0026445238698221325,-0.0030162529300138408,0.2310451534527904,-0.0026289662350133204,-0.0030162529300138408,0.271291485047734,-0.002685693798217129,-0.0030162529300138408,0.31711081555916787,-0.002218532135777075,-0.0030162529300139518,0.4187194951603096,-0.0017965823325621962,-0.0032955024053722415,0.43750410832840336,-0.0018230716341337387,-0.004297723041929213,0.443889249582919,-0.002100675559481914,-0.00533698061018284,0.44532675709001235
primary_development_2022_2023_partial,2023,s1_touch_immediate,120,77647,-0.0027402855662329246,-0.0030162529300138408,0.1746236171391039,-0.002613748124003082,-0.0030162529300138408,0.2410973018223968,-0.002597191906682148,-0.0030162529300138408,0.28049455856784083,-0.0027201986944728187,-0.0030162529300138408,0.32258646229149224,-0.0019751047868519166,-0.0030162529300138408,0.4252707581227437,-0.001648043877181503,-0.0030162529300139518,0.44337566888014956,-0.0015349050908250012,-0.0040182466456620825,0.4478139223043103,-0.0015823767577359186,-0.004743272536420484,0.4528197258295397
primary_development_2022_2023_partial,2023,s1_touch_immediate,240,60017,-0.0027937419007233897,-0.0030162529300138408,0.16771914624189813,-0.0025988159146381287,-0.0030162529300138408,0.2374660512854691,-0.002614118515744124,-0.0030162529300138408,0.27504040791161916,-0.002673437398607537,-0.0030162529300138408,0.3199620025331645,-0.0015075289466879975,-0.0030162529300138408,0.4289455249024252,-0.0007974019043156067,-0.0030162529300138408,0.4514789049597117,-0.0002952299197597019,-0.0030162529300138408,0.4581671977444487,0.0005851182395221655,-0.0030162529300138408,0.4678759762365663
primary_development_2022_2023_partial,2023,s1_touch_reclaim,10,313198,-0.0029922117569385963,-0.0030162529300138408,0.1373808649563371,-0.0028633514779970045,-0.0030162529300138408,0.20333728196073297,-0.0028555313377492063,-0.0030162529300138408,0.24699766582687524,-0.0028899045285065116,-0.0030162529300139518,0.299605278285196,-0.00235702878129979,-0.0030162529300139518,0.41353926604507546,-0.0018174750104587608,-0.003599284361048949,0.4306105681778221,-0.001481073232035711,-0.003727115594891861,0.4419921999872131,-0.0012244339872994952,-0.0044145471054275465,0.4488130065704283
primary_development_2022_2023_partial,2023,s1_touch_reclaim,20,210766,-0.0029564854483061734,-0.0030162529300138408,0.142244406065552,-0.002851823967739397,-0.0030162529300138408,0.20775486577021987,-0.002841981698560951,-0.0030162529300138408,0.2496014197050506,-0.0028477509723709256,-0.0030162529300139518,0.29972903329900774,-0.0022131826568285834,-0.0030162529300139518,0.410914531335344,-0.001598184930599304,-0.0030162529300139518,0.4340069931398818,-0.001163578453570857,-0.0030162529300139518,0.4477019849301141,-0.0013134120011754204,-0.00439140292597251,0.44963933055188604
primary_development_2022_2023_partial,2023,s1_touch_reclaim,40,140079,-0.0028892420878505916,-0.0030162529300138408,0.14888027470213236,-0.0027909350602985197,-0.0030162529300138408,0.21485479311231045,-0.002800992960899684,-0.0030162529300138408,0.254267417703626,-0.0028137161620623275,-0.0030162529300139518,0.30297166847546697,-0.002118859611021546,-0.0030162529300139518,0.4147864927639807,-0.0015960138567748363,-0.003016252930014063,0.4351427652503306,-0.001404223776737493,-0.003845000849440172,0.444816173053965,-0.0018091388785218092,-0.005202620796395219,0.44494169961180735
primary_development_2022_2023_partial,2023,s1_touch_reclaim,60,110819,-0.0028745031832430675,-0.0030162529300138408,0.15241206302225271,-0.002758491980906196,-0.0030162529300138408,0.21763299192347607,-0.002723338424426269,-0.0030162529300138408,0.25916232728979216,-0.002728263180501283,-0.0030162529300139518,0.3098272469628319,-0.002203267946475762,-0.0030162529300139518,0.4176279821859276,-0.0017852368840305217,-0.003016252930014063,0.4368450531184505,-0.0018568784428307998,-0.004281460730864051,0.44332309360318034,-0.0021163089052716405,-0.00526404348424292,0.4455861620214727
primary_development_2022_2023_partial,2023,s1_touch_reclaim,120,70452,-0.002842378152977566,-0.0030162529300138408,0.1620252086526997,-0.002730135489569183,-0.0030162529300138408,0.2280734127265759,-0.0027014989752612165,-0.0030162529300138408,0.26800187364267364,-0.002768053594058184,-0.0030162529300139518,0.31638345896682424,-0.0019484914155184759,-0.0030162529300138408,0.4249033761509606,-0.001596248306530611,-0.0030162529300139518,0.44341968764654893,-0.0014545247895910917,-0.0038813149124163893,0.4487281512007958,-0.0014693550782764143,-0.004634734105210481,0.4532999829458246
primary_development_2022_2023_partial,2023,s1_touch_reclaim,240,54617,-0.0028955917143277275,-0.0030162529300138408,0.15460387791347016,-0.0027125228882098093,-0.0030162529300138408,0.22207371331270484,-0.0027287774413612465,-0.0030162529300138408,0.261865524060646,-0.0027354678338014035,-0.0030162529300139518,0.31119860818606354,-0.0015274282236728966,-0.0030162529300138408,0.42719941348973606,-0.0008014556772184837,-0.0030162529300138408,0.45145915823434524,-0.0003086612637952743,-0.0030162529300138408,0.457585479878999,0.000508682377871617,-0.0030162529300138408,0.4671397660175303
primary_development_2022_2023_partial,2023,s2_first_touch_reclaim,10,1685,-0.0027719111267163117,-0.0030162529300138408,0.1970326409495549,-0.002399227211067184,-0.0030162529300138408,0.27299703264094954,-0.0025404591849755936,-0.0030162529300138408,0.3026706231454006,-0.0026763134786498143,-0.0030162529300138408,0.34658753709198814,-0.002831052360711693,-0.003899468223412361,0.4089285714285714,-0.0012057374091294971,-0.001832618958262755,0.4661520190023753,-0.000983339912457251,-0.00223867216274215,0.46726190476190477,0.00042384055390289494,0.0015756964358711878,0.5225921521997622
primary_development_2022_2023_partial,2023,s2_first_touch_reclaim,20,9893,-0.00285604428277483,-0.0030162529300138408,0.17527544728595976,-0.0026811210229553757,-0.0030162529300138408,0.2491660770241585,-0.0027272070015210083,-0.0030162529300139518,0.2817143434751845,-0.0027896117026561793,-0.0030162529300139518,0.3176993834024057,-0.001282602254861954,-0.0030162529300138408,0.4315491247596884,0.0007741455664839053,-0.0012671586369086274,0.47393988462706205,0.0017539377999683321,-0.0010803621590044221,0.4846551200243087,0.002761301177427094,6.9471367057927225e-06,0.5001012350678274
primary_development_2022_2023_partial,2023,s2_first_touch_reclaim,40,14800,-0.0027027788208829344,-0.0030162529300138408,0.19195945945945947,-0.0026074922389701023,-0.0030162529300138408,0.2658108108108108,-0.0025621538712743454,-0.0030162529300138408,0.3065071964321914,-0.0023561297384167147,-0.0030162529300138408,0.3495303101980131,-0.00034883433789528105,-0.0022646605528497954,0.4528480584494656,0.0012262437440476695,-0.0012121865216284111,0.4820703653585927,0.001695356654919143,-0.00111862647146177,0.48548616279856555,0.0006610011756528777,-0.0030162529300137297,0.4707752672168854
primary_development_2022_2023_partial,2023,s2_first_touch_reclaim,60,13297,-0.002761259058386754,-0.0030162529300138408,0.2019404332129964,-0.0026246977552051663,-0.0030162529300138408,0.26624548736462095,-0.0024157630857998026,-0.0030162529300138408,0.30881468110709986,-0.0020291641126485723,-0.0030162529300138408,0.3609146983601625,-0.0008784372912175859,-0.0030162529300138408,0.43797544626045043,0.00015790258003724991,-0.001806321198132732,0.4723080400874086,0.00016450785466596502,-0.002085987061187178,0.47567404729627955,-0.00021050224685077688,-0.0030162529300139518,0.46342198447977095
primary_development_2022_2023_partial,2023,s2_first_touch_reclaim,120,10059,-0.0026628257944038406,-0.0030162529300138408,0.22338204592901878,-0.002626761563675321,-0.0030162529300138408,0.28464903559355736,-0.002437425842983543,-0.0030162529300138408,0.319546629548618,-0.002481438985854472,-0.0030162529300138408,0.35195863988864584,-0.0008015780260248527,-0.002662398793491838,0.4515326433121019,-0.00013071639551270255,-0.002195690175223697,0.4703714769445274,8.405833867557691e-07,-0.0027070714158438647,0.47073462074457495,-3.076828084175356e-05,-0.0030162529300138408,0.4718821538767791
primary_development_2022_2023_partial,2023,s2_first_touch_reclaim,240,7585,-0.0027548578872379965,-0.0030162529300138408,0.22030323005932761,-0.0026964319214290255,-0.0030162529300138408,0.2812129202373105,-0.002786984284198879,-0.0030162529300138408,0.3094264996704021,-0.0028597836254625293,-0.0030162529300138408,0.34133474017409654,-0.0009573764800552993,-0.0030162529300137297,0.43917580240390963,-0.0002720549455192216,-0.0030162529300136187,0.46625280676264697,0.00036282730535043995,-0.0030162529300137297,0.4679783441172587,0.0008589231562773144,-0.0030162529300136742,0.4779275707110759
primary_development_2022_2023_partial,2023,s2_reclaim_acceleration,10,157886,-0.0029773925564901952,-0.0030162529300138408,0.13437165495968534,-0.0028703243524919255,-0.0030162529300138408,0.1987902204205726,-0.002842576180170478,-0.0030162529300138408,0.2425887450274913,-0.0028704207394379395,-0.0030162529300139518,0.29562947805870016,-0.0022125252803610013,-0.0030162529300139518,0.41380097527568344,-0.0017390078467956213,-0.0036791413527667016,0.42986872978628954,-0.0013301816796749781,-0.0036192078898903413,0.4431578947368421,-0.0006432342005660986,-0.0030162529300139518,0.4590308481822853
primary_development_2022_2023_partial,2023,s2_reclaim_acceleration,20,104850,-0.0029642509966196287,-0.0030162529300138408,0.13691940867906532,-0.002858877312156617,-0.0030162529300138408,0.20114262823569806,-0.0028310146025343733,-0.0030162529300138408,0.24377843700220342,-0.0028302663032369686,-0.0030162529300139518,0.295550807036288,-0.0020848060550386965,-0.0030162529300139518,0.412172999809051,-0.0015533481591538296,-0.003016252930014063,0.43394731062667696,-0.0010871636469798132,-0.0030162529300139518,0.4492025594499093,-0.0007718606684702497,-0.0030162529300139518,0.4586724750659177
primary_development_2022_2023_partial,2023,s2_reclaim_acceleration,40,70265,-0.0028792985407682936,-0.0030162529300138408,0.14357076780758557,-0.002757329402005757,-0.0030162529300138408,0.2078761225680657,-0.002737708830716169,-0.0030162529300138408,0.2473598815860636,-0.0027252380429360176,-0.0030162529300139518,0.29830904122067864,-0.0017779400732669762,-0.0030162529300139518,0.41688748326067754,-0.0012881958478549946,-0.0030162529300139518,0.43755164847690425,-0.0009436509956037884,-0.0036917161732862303,0.4490342812344095,-0.0005463256953129868,-0.004156966599430212,0.45748093235440873
primary_development_2022_2023_partial,2023,s2_reclaim_acceleration,60,55741,-0.0029105020131562193,-0.0030162529300138408,0.146681019016864,-0.002749341363967215,-0.0030162529300138408,0.2097491836807923,-0.002684554159173425,-0.0030162529300138408,0.2523190095989952,-0.0026894466581896554,-0.0030162529300139518,0.30192369809424685,-0.001888339309786696,-0.0030162529300139518,0.4141789704350325,-0.0013695935219695766,-0.0034985866247744246,0.43583987356548914,-0.001248832792766358,-0.004023307219983341,0.44718689372709636,-0.0005526370626359754,-0.0035106213894182114,0.46138225991949394
primary_development_2022_2023_partial,2023,s2_reclaim_acceleration,120,36970,-0.0028001899266447924,-0.0030162529300138408,0.1651609413037598,-0.002707378935383544,-0.0030162529300138408,0.22453340546388964,-0.002648767039866461,-0.0030162529300138408,0.2652691371382202,-0.0027491454337244103,-0.0030162529300139518,0.30815840727115346,-0.002096266894093576,-0.0030162529300139518,0.41992689860565857,-0.0017412541566785816,-0.0030162529300139518,0.440825278206482,-0.0015018547980409247,-0.003055261606245696,0.45009747644319287,-0.0002001788736626787,-0.0030162529300137297,0.47202210064460215
primary_development_2022_2023_partial,2023,s2_reclaim_acceleration,240,29832,-0.0028926483704047445,-0.0030162529300138408,0.15711316706891928,-0.002728471378020213,-0.0030162529300138408,0.22150710646285868,-0.0027050822666046513,-0.0030162529300138408,0.26019176612578787,-0.0027751862383251784,-0.0030162529300139518,0.3070475424126601,-0.001971099905564403,-0.0038422543774621065,0.40879342171505284,-0.0015571055067860925,-0.00441651100174123,0.4279002651095674,-0.0010719768492882305,-0.004427411807678472,0.4417519718073502,0.0004367529546012626,-0.0030162529300138408,0.4635407919927451
primary_development_2022_2023_partial,2023,s2_reclaim_breakout_recent,10,51802,-0.0030409481708387406,-0.0030162529300138408,0.1518860275665032,-0.002969951935909156,-0.0030162529300138408,0.2158796957646423,-0.002968712619160621,-0.0030162529300139518,0.2600478745994363,-0.0029721963529527736,-0.0030162529300139518,0.31349191025987566,-0.0026238811917668778,-0.0030162529300139518,0.4135432766615147,-0.002100910037760738,-0.0030162529300139518,0.4353489091155043,-0.0018346694290299684,-0.0030162529300139518,0.4462950439571056,-0.0007050448325819582,-0.0030162529300138408,0.46065874625712355
primary_development_2022_2023_partial,2023,s2_reclaim_breakout_recent,20,30707,-0.0030378549366398325,-0.0030162529300138408,0.1487331466162965,-0.002959838872569768,-0.0030162529300138408,0.22236696411124862,-0.002981678767612847,-0.0030162529300139518,0.2618380772487462,-0.002961287279101512,-0.0030162529300139518,0.31242060001954464,-0.0019692904695505975,-0.0030162529300138408,0.4218077474892396,-0.0011332048869413089,-0.0030162529300137297,0.4567655689598957,-0.0007966018880458834,-0.0030162529300137297,0.46329931196400037,-0.0003368646436191882,-0.0030162529300137297,0.4690975506343564
primary_development_2022_2023_partial,2023,s2_reclaim_breakout_recent,40,13632,-0.002908868231258451,-0.0030162529300138408,0.15933098591549297,-0.002928458178523494,-0.0030162529300138408,0.23085387323943662,-0.002978348656134024,-0.0030162529300139518,0.27992957746478875,-0.0029282531872560588,-0.0030162529300139518,0.32682712063398883,-0.0016179816760760889,-0.0030162529300138408,0.43348270035995007,-0.0009079833331862474,-0.0030162529300137297,0.4532099309534303,-0.0007752184290273265,-0.0030162529300137297,0.4601951720595788,-0.0022182847910246183,-0.004949519526856794,0.4462476134527831
primary_development_2022_2023_partial,2023,s2_reclaim_breakout_recent,60,7966,-0.0027762380807750237,-0.0030162529300138408,0.16884258096911875,-0.002745562554387454,-0.0030162529300138408,0.24682988072818582,-0.002669642603214118,-0.0030162529300138408,0.2872567482736974,-0.0024836719106804215,-0.0030162529300138408,0.34404821697639376,-0.0009846622379529398,-0.0020982200137431573,0.45487682252388134,-0.0006623723544155746,-0.0013235810334603082,0.4795879914583595,-0.0009084319442077458,-0.001585833679894899,0.4825508410745669,-0.0024073216709188097,-0.004552445646275327,0.44997486173956763
primary_development_2022_2023_partial,2023,s2_reclaim_breakout_recent,120,3099,-0.0028623766872145507,-0.0030162529300138408,0.16456921587608905,-0.002751762997768912,-0.0030162529300138408,0.24790187217559717,-0.0027714692000308204,-0.0030162529300138408,0.2959974176888315,-0.0028453981391599816,-0.0030162529300138408,0.34635248547449965,-0.002919006592688645,-0.00383546718397465,0.41777059773828756,-0.004011515848828598,-0.004706055891149474,0.43651050080775444,-0.004306478800752888,-0.005656103981390714,0.44659567602452405,-0.005386850491694315,-0.008427114449229833,0.4222078760490639
primary_development_2022_2023_partial,2023,s2_reclaim_breakout_recent,240,5684,-0.0028216472385616535,-0.0030162529300138408,0.1653764954257565,-0.0027604373280888704,-0.0030162529300138408,0.235045742434905,-0.002543147783424364,-0.0030162529300138408,0.28430682617874736,-0.0023163089160518845,-0.0030162529300137297,0.34465165376495427,-0.00047846183445250537,-0.0008779493724678233,0.4788732394366197,0.000921280691038532,0.0008782148319782523,0.5174173117522871,0.0020124579168024717,0.0011035146198619117,0.5203237726552877,0.004434225532600869,0.002848357346868502,0.5331924634618771
primary_development_2022_2023_partial,2023,s2_reclaim_bull_stack,10,30279,-0.0031113556224774833,-0.0030162529300138408,0.16351266554377622,-0.0030683328457513704,-0.0030162529300139518,0.22802034480480876,-0.0032153948860127756,-0.003461438081097723,0.26319439857322147,-0.003505520826087027,-0.0041100365252634274,0.3061015493376499,-0.004812494781726208,-0.006583278858707908,0.36475138852155514,-0.0046871662075982845,-0.007763794582728245,0.38087048551395686,-0.004916380421133846,-0.008652113569188491,0.38659435865216096,-0.0049563116420759026,-0.010019652816104507,0.39439925940620246
primary_development_2022_2023_partial,2023,s2_reclaim_bull_stack,20,21340,-0.003105374973929197,-0.0030162529300138408,0.15885660731021556,-0.0031086551242462197,-0.0030162529300138408,0.22718965274848868,-0.0032637236295655313,-0.0032455763910993474,0.25905618820000936,-0.003506271830512377,-0.004102291870176966,0.30215119276374375,-0.0038633456097188867,-0.005791820154596117,0.37594408218792513,-0.003689840624062237,-0.00680106943265224,0.3927045678606638,-0.0038377783674455124,-0.00785467534893236,0.3951938421102037,-0.004861348529216578,-0.00963633093180627,0.3980669075212312
primary_development_2022_2023_partial,2023,s2_reclaim_bull_stack,40,8594,-0.0029849222256617515,-0.0030162529300138408,0.1573190598091692,-0.003108849870476601,-0.0030162529300138408,0.22736793111473122,-0.0033064618901132528,-0.0030162529300139518,0.26169420525948334,-0.0033838598804056437,-0.0036813521608809463,0.30641219597346675,-0.003533747649176981,-0.0053680963777685275,0.37744641192917056,-0.0032213902029563624,-0.006001234208666384,0.3952403173121792,-0.00259833620930081,-0.006794503088557113,0.41004427872290844,-0.0035240514626296887,-0.008539708592451345,0.41318271806218704
primary_development_2022_2023_partial,2023,s2_reclaim_bull_stack,60,3886,-0.0027427479009706013,-0.0030162529300138408,0.16726711271230058,-0.002839992790027147,-0.0030162529300138408,0.24601132269686052,-0.0029133290726484264,-0.0030162529300139518,0.2678847143592383,-0.002998189393285467,-0.0030162529300138408,0.319094184251158,-0.0031401692832911626,-0.004581376551787586,0.3919093017263592,-0.002926206313507319,-0.004974963631526497,0.4171605256377222,-0.0020424697077429375,-0.006069801925634,0.42209631728045327,-0.0040196289991295195,-0.008943623602249207,0.4126126126126126
primary_development_2022_2023_partial,2023,s2_reclaim_bull_stack,120,705,-0.003081152980068818,-0.0030162529300138408,0.17872340425531916,-0.0029379308908347207,-0.0030162529300138408,0.275177304964539,-0.002818380485602682,-0.0030162529300138408,0.31063829787234043,-0.0032042619777783244,-0.0030162529300138408,0.3475177304964539,-0.00297791205330362,-0.004557186078498865,0.39372325249643364,-0.003983698133971137,-0.008519085300205509,0.34893617021276596,-0.0032954275712407145,-0.010051420500064023,0.3723252496433666,-0.0017975523379210234,-0.01013756540908517,0.40283687943262414
primary_development_2022_2023_partial,2023,s2_reclaim_bull_stack,240,87,-0.0034356931189657297,-0.0030162529300138408,0.28735632183908044,-0.002729750841870477,-0.0030162529300138408,0.3563218390804598,-0.0030347939862047594,-0.0030162529300137297,0.367816091954023,-0.0029244966071604126,-0.0030162529300138408,0.367816091954023,-0.002000526472128815,-0.0030162529300138408,0.45977011494252873,-0.0037818498247101534,-0.002363776655753269,0.4482758620689655,0.003843638914721008,0.0015292656736485277,0.5402298850574713,0.0054227615880620625,-0.0002735191003852,0.4942528735632184
primary_development_2022_2023_partial,2023,s2_reclaim_daily_trend,10,132413,-0.003031497379395805,-0.0030162529300138408,0.1401146413116537,-0.0029068271067921804,-0.0030162529300138408,0.20700254514421226,-0.0029198495440410682,-0.0030162529300138408,0.25054945054945055,-0.0029548227404762443,-0.0030162529300139518,0.3031218605775404,-0.002625978368227162,-0.0030162529300139518,0.4114796728300803,-0.0022219889695013753,-0.00370525344630257,0.4286546125517064,-0.0019650351706409367,-0.0037882110380280665,0.43873338474799256,-0.0014854267928501072,-0.0042624826138514815,0.44839919543880347
primary_development_2022_2023_partial,2023,s2_reclaim_daily_trend,20,89775,-0.00299061546529261,-0.0030162529300138408,0.14360665233422076,-0.0029050209715309303,-0.0030162529300138408,0.2125296587984984,-0.0029400544541938784,-0.0030162529300138408,0.2520580601321169,-0.002969716055819761,-0.0030162529300139518,0.3018071215294799,-0.0025109237034012083,-0.0030162529300139518,0.4079158674220458,-0.0019839997696101995,-0.0030162529300139518,0.43429272646140116,-0.0015984768784125382,-0.0030162529300139518,0.4457804448212015,-0.0015264759733664885,-0.004092909244344356,0.45021418053634377
primary_development_2022_2023_partial,2023,s2_reclaim_daily_trend,40,57115,-0.0029677358262753316,-0.0030162529300138408,0.14631883042983454,-0.0029177952029438153,-0.0030162529300138408,0.21611163637637007,-0.002987152977927127,-0.0030162529300138408,0.2560407620114862,-0.0030581958135529083,-0.0030162529300139518,0.3028737544437245,-0.002828693511560644,-0.0036948928568560913,0.4025140693209909,-0.0023709161477940264,-0.003977665344844505,0.4265427769985975,-0.0022555256659619587,-0.004336761204278616,0.4360241914278201,-0.0027697930773470185,-0.005510271059019245,0.4367515823062223
primary_development_2022_2023_partial,2023,s2_reclaim_daily_trend,60,43095,-0.002912652648274586,-0.0030162529300138408,0.14939088061260006,-0.0028655285333751583,-0.0030162529300138408,0.22012345106047246,-0.0029032737236000692,-0.0030162529300138408,0.2590684397410012,-0.0029361272165646496,-0.0030162529300138408,0.31462525822250076,-0.0030534007006377817,-0.0037278758758167996,0.4091299802532234,-0.0028869425741987957,-0.004054777666545051,0.43049973282531423,-0.0032391847130800932,-0.00514998012633322,0.43148552576553134,-0.0038698782732269725,-0.006570562188730422,0.42977012295748784
primary_development_2022_2023_partial,2023,s2_reclaim_daily_trend,120,17085,-0.0029721741366902374,-0.0030162529300138408,0.14258121158911324,-0.0028809151091319027,-0.0030162529300138408,0.22200760901375474,-0.0028556326816176706,-0.0030162529300138408,0.26731050629206904,-0.00286447446748429,-0.0030162529300138408,0.32619131249268235,-0.0021483373001168447,-0.0030162529300137297,0.43909016297338493,-0.0021952821833436617,-0.0030162529300138408,0.45384750630018167,-0.0015616446492655563,-0.0030162529300138408,0.46325167037861914,-0.0013848287509808522,-0.0030162529300139518,0.4651735459662289
primary_development_2022_2023_partial,2023,s2_reclaim_daily_trend,240,17370,-0.002880972228956911,-0.0030162529300138408,0.15480713874496257,-0.0027171422595254177,-0.0030162529300138408,0.22682786413356362,-0.002598314690568874,-0.0030162529300138408,0.27258593884954224,-0.0024258365370482663,-0.0030162529300138408,0.3283229670582815,-0.0006612938597539322,-0.0014584658252169147,0.46273560435759986,0.00043947943203342477,-1.8931959345491745e-05,0.49925063407885634,0.001407852060766254,0.00015380667911157886,0.5028545066605156,0.0029277423640739486,0.0011206090910234057,0.5145905420991926
primary_development_2022_2023_partial,2023,s2_reclaim_positive_slope,10,149820,-0.002946656997212204,-0.0030162529300138408,0.13736667156149462,-0.0028211480739488075,-0.0030162529300138408,0.20468714539362143,-0.0028071423246760242,-0.0030162529300138408,0.2489302760254998,-0.0028514476866913197,-0.0030162529300138408,0.2993564237455604,-0.0022635996440849276,-0.0030162529300139518,0.41198128967591047,-0.002200310759445108,-0.004208817220767269,0.4232668800834063,-0.0019927332202707773,-0.004491080958223703,0.4335019478653668,-0.0016349743125826537,-0.004530275324956978,0.44561635686738454
primary_development_2022_2023_partial,2023,s2_reclaim_positive_slope,20,101783,-0.002983826680881161,-0.0030162529300138408,0.13781415181466272,-0.0029175561074701573,-0.0030162529300138408,0.20317750397924894,-0.0029488279834451944,-0.0030162529300138408,0.2450282974375098,-0.0029975486565581083,-0.0030162529300139518,0.29659692809622545,-0.0027972024013552883,-0.0039411940514418875,0.4029447056277908,-0.0023215752196116485,-0.0036949348545001204,0.4288145430221234,-0.0018115369496412527,-0.0030162529300139518,0.44759000590202636,-0.0014176241403610094,-0.003308109998828246,0.4564415367209405
primary_development_2022_2023_partial,2023,s2_reclaim_positive_slope,40,69702,-0.0029721838995698043,-0.0030162529300138408,0.1413732747984276,-0.0029004600329905934,-0.0030162529300138408,0.21043872485724943,-0.002924496543341482,-0.0030162529300138408,0.2530810174889887,-0.0029603669663501543,-0.0030162529300139518,0.3046635098292438,-0.0024763162603332056,-0.0030162529300139518,0.4078845325290823,-0.0019691521199586243,-0.0030162529300139518,0.43575491209927614,-0.0013427531201637532,-0.0030162529300138408,0.452400103415587,-0.0011105705016734898,-0.0030162529300139518,0.4600356260414871
primary_development_2022_2023_partial,2023,s2_reclaim_positive_slope,60,52834,-0.0028764160111633477,-0.0030162529300138408,0.15090661316576448,-0.00281877749827838,-0.0030162529300138408,0.2194272519069521,-0.002829360487289705,-0.0030162529300138408,0.2616794124328008,-0.002770783735870369,-0.0030162529300138408,0.3175062948448534,-0.0023674237727610544,-0.0030162529300138408,0.42894761769442075,-0.0016333011545555428,-0.0030162529300137297,0.4548296638750995,-0.0013756650221446785,-0.0030162529300138408,0.4617789736981733,-0.0011732590157262628,-0.004124012648980324,0.4568097810634063
primary_development_2022_2023_partial,2023,s2_reclaim_positive_slope,120,34965,-0.002855165342485355,-0.0030162529300138408,0.16056056056056056,-0.0027158283736496837,-0.0030162529300138408,0.23275368950920947,-0.002770374137934964,-0.0030162529300139518,0.269419974831255,-0.0028730941919753255,-0.003158679179595225,0.31809730842939277,-0.0025652924065788507,-0.004353140438042358,0.40986657504437957,-0.0028567340771858143,-0.0057375485175494845,0.41570491709384577,-0.003227428087833591,-0.006745038212761623,0.41592692285665195,-0.004623792227606431,-0.0094985919876861,0.40408899579073965
primary_development_2022_2023_partial,2023,s2_reclaim_positive_slope,240,33870,-0.0028761393913341354,-0.0030162529300138408,0.15639208739297314,-0.002653074265176958,-0.0030162529300138408,0.22612931798051372,-0.0026522233859912255,-0.0030162529300138408,0.2669776780441715,-0.0026650640849539137,-0.0030162529300138408,0.3162759109431288,-0.0011819732635382004,-0.0030162529300138408,0.43586182441417215,-0.00048182784734113735,-0.0030162529300138408,0.45782099787183733,3.828246324774426e-05,-0.0030162529300138408,0.4644240148984599,0.0014516267232217188,-0.0024026194756021635,0.47776595115605225
primary_development_2022_2023_partial,2023,s2_reclaim_recent_high,10,175295,-0.0031517349793995586,-0.0030162529300139518,0.11944436521292678,-0.003202750692818419,-0.003380381398629506,0.18257486293906564,-0.003175702449721284,-0.0036683024702820477,0.23090571958351164,-0.003072942966278703,-0.0038948462725661437,0.28972325249643366,-0.0026145263169060403,-0.003969392267556937,0.4102977128887061,-0.0020238900875298857,-0.00427348338029121,0.42732025023566717,-0.0017334957232634576,-0.00449253685953499,0.43690773352221124,-0.001667597641779206,-0.005324085677861301,0.4414937380016455
primary_development_2022_2023_partial,2023,s2_reclaim_recent_high,20,117362,-0.003110706655672053,-0.0030162529300139518,0.12558686446093678,-0.0031358654608739066,-0.0032088537017589958,0.1907391311757588,-0.003105463024837892,-0.003667876294111805,0.23582646635250407,-0.0030214499303378678,-0.003933441289784012,0.2887580217663653,-0.0023860701098529684,-0.004010254671858338,0.40775812794854077,-0.001701068687601968,-0.0039762760192562085,0.4320249168017749,-0.0012553271699075194,-0.003941957430543153,0.44441315755791627,-0.001542403364535442,-0.00499047817173659,0.44573818771607837
primary_development_2022_2023_partial,2023,s2_reclaim_recent_high,40,77731,-0.0030773291551519765,-0.0030162529300139518,0.13038723787469444,-0.0031181908541862736,-0.0032086836860590884,0.19407171068713092,-0.0030416396405066855,-0.003617479385452038,0.24098710789737784,-0.0029677850072725,-0.0038946527071679338,0.29481323262606635,-0.0021933522482834927,-0.0036680893821970373,0.4131370124181996,-0.0016370938805490784,-0.003918909291610317,0.43441123421798505,-0.0013354626000314546,-0.0043227047905733396,0.44273786207607463,-0.0018877979489112877,-0.005856662465825613,0.4418538710384204
primary_development_2022_2023_partial,2023,s2_reclaim_recent_high,60,61189,-0.003126518011685117,-0.0030162529300139518,0.13099187735956985,-0.0031480334059074207,-0.003447941064705362,0.1923900429857967,-0.003038852706099168,-0.0036667324646736943,0.24153318077803204,-0.002941593197038034,-0.003959473125917268,0.2978486889426535,-0.002318866541836661,-0.0038712990252712798,0.4153465994632454,-0.0018358892207124386,-0.004168835296568474,0.4337686567164179,-0.0018029984163867234,-0.004694676746630044,0.4399273334315314,-0.002233821145563389,-0.006137679815016783,0.4408985967612529
primary_development_2022_2023_partial,2023,s2_reclaim_recent_high,120,39330,-0.003096501856807074,-0.0030162529300139518,0.14030002542588355,-0.0031663309065740925,-0.0034977713097338325,0.2036613272311213,-0.003106965403938783,-0.0037355774228493566,0.250298761727987,-0.0030667921987249233,-0.003991775187420776,0.30177740483637194,-0.0021558684786185433,-0.0036480550510974985,0.42169042769857434,-0.0015994697131066025,-0.0038219070152667456,0.4411510058568882,-0.001406450644737695,-0.00417290264574649,0.446005804185123,-0.0015318228843717798,-0.0049316876025786716,0.4511521323997454
primary_development_2022_2023_partial,2023,s2_reclaim_recent_high,240,29740,-0.003110695517804558,-0.0030162529300139518,0.13352387357094822,-0.0031704765469109156,-0.003356288314417033,0.19550085745990115,-0.0031306187700864355,-0.0035997966909533385,0.23994484799569546,-0.002976000972689964,-0.0038618710360952546,0.2940028926036797,-0.001593641107678773,-0.0030162529300139518,0.4219828311732032,-0.0007387606249224279,-0.0030162529300138408,0.45123059829635365,-0.00014070910336236832,-0.0030162529300138408,0.4540556921108455,0.00047447033320374265,-0.0036804659527120975,0.46131303264054974
primary_development_2022_2023_partial,2023,s4_auction_confirmed_reclaim,10,203001,-0.002984045472740319,-0.0030162529300138408,0.13283743842364532,-0.002914714390188991,-0.0030162529300138408,0.1961073124593588,-0.002961394826720191,-0.0030162529300138408,0.23970618663356094,-0.002958582207671209,-0.0030162529300139518,0.2937623176980686,-0.0022529493456688874,-0.0030162529300139518,0.41551518379343333,-0.0018427641994011809,-0.003016252930014063,0.4309815118922571,-0.001501007688035224,-0.0034836620941348095,0.4427637159936081,-0.001433258468398573,-0.004502070734887009,0.44750836136899536
primary_development_2022_2023_partial,2023,s4_auction_confirmed_reclaim,20,134834,-0.002946548404407264,-0.0030162529300138408,0.14001765146514578,-0.0028876724750505427,-0.0030162529300138408,0.20267894889081725,-0.0029065159487596907,-0.0030162529300138408,0.2450824778971103,-0.002893024678391707,-0.0030162529300139518,0.2950522958237519,-0.002152719956118098,-0.0030162529300139518,0.4120808956730912,-0.0015138126731473241,-0.0030162529300139518,0.43501020976424726,-0.001065879084266611,-0.0030162529300138408,0.44911673634264243,-0.001470710777819564,-0.004505029058042842,0.4478156241180053
primary_development_2022_2023_partial,2023,s4_auction_confirmed_reclaim,40,89129,-0.002899850539139944,-0.0030162529300138408,0.14587844584815268,-0.0028318450704413155,-0.0030162529300138408,0.20993402746611614,-0.0028610467677887847,-0.0030162529300138408,0.2510266364472769,-0.002805708253727003,-0.0030162529300139518,0.30040958312293103,-0.0017779786836909215,-0.0030162529300138408,0.41940918791418624,-0.0012786475441492458,-0.0030162529300138408,0.43956735143149167,-0.0011861937802563926,-0.0030162529300139518,0.44847034502904265,-0.0018114047053004948,-0.004979786142747189,0.44565510424155286
primary_development_2022_2023_partial,2023,s4_auction_confirmed_reclaim,60,70413,-0.002880971629878694,-0.0030162529300138408,0.14983241492927343,-0.0028238729532143615,-0.0030162529300138408,0.21132761461114583,-0.0028200583375659477,-0.0030162529300138408,0.252428701283945,-0.002761636499569605,-0.0030162529300139518,0.3039204545454545,-0.0017839147171967644,-0.0030162529300138408,0.4220216093261302,-0.0014322441309122225,-0.0030162529300139518,0.44141646764471737,-0.0016670553387566046,-0.003685369538785732,0.44581123167280534,-0.0021614231279212764,-0.004871681739697431,0.44895637831996815
primary_development_2022_2023_partial,2023,s4_auction_confirmed_reclaim,120,44780,-0.002818301267177651,-0.0030162529300138408,0.16025011165698974,-0.0027694842905141505,-0.0030162529300138408,0.22124210009156078,-0.002786844959529358,-0.0030162529300139518,0.25916166059983475,-0.002817702962767143,-0.0030162529300139518,0.30761156028051995,-0.0016197917287352473,-0.0030162529300138408,0.42794545048066174,-0.0012922999403687514,-0.0030162529300138408,0.44576831939911477,-0.001317157977824869,-0.003741683742822355,0.44850327513357624,-0.0014314166402838225,-0.004397116845623161,0.4570170143313882
primary_development_2022_2023_partial,2023,s4_auction_confirmed_reclaim,240,34922,-0.0029188174734161615,-0.0030162529300138408,0.15082183151022277,-0.0027958098212178353,-0.0030162529300138408,0.21290304106294028,-0.0028012076421359963,-0.0030162529300138408,0.2533791523482245,-0.0027643812247492953,-0.0030162529300139518,0.3023255813953488,-0.0011859309889584281,-0.0030162529300138408,0.4301029036603893,-0.0005510606655827937,-0.0030162529300137297,0.4545037555186056,-0.00018207132157414908,-0.0030162529300137297,0.462478134946807,0.0005367407478316346,-0.0030162529300137297,0.4724707501720578
primary_development_2022_2023_partial,2023,s4_reclaim_amount_acceleration,10,305198,-0.002976829698779535,-0.0030162529300138408,0.13944245299711003,-0.002848820136427902,-0.0030162529300138408,0.20538294679310323,-0.002844233838057123,-0.0030162529300138408,0.24937002120136711,-0.002865315140922811,-0.0030162529300139518,0.30160946210341066,-0.0023507625064866197,-0.0030162529300139518,0.4135898445187955,-0.0018074660179721788,-0.003602886547763251,0.43047982730678636,-0.001468814246442198,-0.0037090838869769938,0.4420511171837325,-0.001204667052045655,-0.004410635793048789,0.4488778791259269
primary_development_2022_2023_partial,2023,s4_reclaim_amount_acceleration,20,205838,-0.0029432690721130717,-0.0030162529300138408,0.14439721135861247,-0.0028350410279727708,-0.0030162529300138408,0.20977607625747588,-0.0028196792354572113,-0.0030162529300138408,0.2520952876070722,-0.002818761614126313,-0.0030162529300139518,0.30150824578964247,-0.0022029059919143586,-0.0030162529300139518,0.41101319872000625,-0.0015779323426935734,-0.0030162529300139518,0.43445605432646467,-0.0011559612653330763,-0.0030162529300139518,0.44763776463262767,-0.001305556519774686,-0.004398992370918786,0.4496452934479034
primary_development_2022_2023_partial,2023,s4_reclaim_amount_acceleration,40,137111,-0.0028779314163589064,-0.0030162529300138408,0.151286184186535,-0.0027772282246959147,-0.0030162529300138408,0.21654462175803016,-0.00278229927507626,-0.0030162529300138408,0.2568123468316023,-0.0027921696861070862,-0.0030162529300139518,0.30500846171802054,-0.0021132079743175036,-0.0030162529300139518,0.41512299480858955,-0.0015841077558582176,-0.00322488513154906,0.43503880950120843,-0.0013920874706162803,-0.0038443125206035766,0.4447868890771523,-0.0018001359373243202,-0.005200624915346341,0.4451561541383038
primary_development_2022_2023_partial,2023,s4_reclaim_amount_acceleration,60,108559,-0.002859338002460504,-0.0030162529300138408,0.15459938466073436,-0.0027458306406681968,-0.0030162529300138408,0.21932660863156925,-0.002700947853867323,-0.0030162529300138408,0.26173915446764995,-0.002706945767205839,-0.0030162529300139518,0.3116811321797778,-0.0021905493623389756,-0.0030162529300139518,0.4179361859092586,-0.0017785381360473649,-0.0032700052963242077,0.4367576540022132,-0.0018682684145710862,-0.004311037017117769,0.4429974636845746,-0.00213422302838343,-0.005271872267276101,0.4456386364684718
primary_development_2022_2023_partial,2023,s4_reclaim_amount_acceleration,120,69184,-0.0028322613478344687,-0.0030162529300138408,0.16419981498612396,-0.0027280365764836586,-0.0030162529300138408,0.2293048870387234,-0.002690112809895509,-0.0030162529300138408,0.2696221560521523,-0.0027601474205184652,-0.0030162529300139518,0.3174800508846999,-0.001978079139805103,-0.0030162529300138408,0.4247058993763475,-0.001619105484719435,-0.0030162529300139518,0.44304713390544276,-0.0014917297406856554,-0.003979522250854295,0.448316281492844,-0.0015099832322164255,-0.004625156233515559,0.45323376604581833
primary_development_2022_2023_partial,2023,s4_reclaim_amount_acceleration,240,53638,-0.002883373215394237,-0.0030162529300138408,0.1561020172265931,-0.0027045963259926423,-0.0030162529300138408,0.22319997017040158,-0.002712140312069433,-0.0030162529300138408,0.2645013331344508,-0.002717758695520138,-0.0030162529300139518,0.31249184179611017,-0.0015086651090785107,-0.0030162529300138408,0.42719570004852375,-0.0007757925670279041,-0.0030162529300138408,0.4522800664513841,-0.0002710717291801024,-0.0030162529300138408,0.4580159796893668,0.0005574192762784146,-0.0030162529300138408,0.46759406217906824
primary_development_2022_2023_partial,2023,s4_reclaim_volume_normal,10,281236,-0.0030886173057779816,-0.0030162529300138408,0.10596907190834647,-0.0030811830612558814,-0.0030162529300138408,0.1721355777915271,-0.003102358700454384,-0.0030162529300139518,0.2207223705874195,-0.0030170700496165745,-0.0030162529300139518,0.2835752950130524,-0.002433580889534643,-0.0030162529300139518,0.41246511561681287,-0.0018622203272331767,-0.0035314900086030887,0.42948638074114687,-0.0015416873820499543,-0.003772403017570203,0.4409023594913637,-0.0012371699976288066,-0.00442144496252983,0.4479859857507557
primary_development_2022_2023_partial,2023,s4_reclaim_volume_normal,20,188637,-0.0030628961772171154,-0.0030162529300138408,0.11117236992074642,-0.00307366358111156,-0.0030162529300138408,0.17715103642050575,-0.0031020093606041127,-0.0030162529300139518,0.22326900646803097,-0.003030341889563818,-0.0030162529300139518,0.2825026511134677,-0.0023118559908138275,-0.0030162529300139518,0.4085436068879514,-0.0016581587672997702,-0.0030162529300139518,0.4332469903819614,-0.0011778167502687553,-0.0030162529300139518,0.44714256142418113,-0.0013151707586939322,-0.0043544861475574015,0.4496363153703212
primary_development_2022_2023_partial,2023,s4_reclaim_volume_normal,40,125214,-0.0030658835912717873,-0.0030162529300138408,0.11366141166323254,-0.0030834308118931936,-0.0030162529300138408,0.180533814650353,-0.0031056268743655134,-0.0030162529300139518,0.22701243520833167,-0.003030506144983658,-0.0030162529300139518,0.2850022365646367,-0.002224628483706712,-0.0030162529300139518,0.4123112102532121,-0.0016357305985513465,-0.0030162529300139518,0.4343216273268087,-0.0013824998805696783,-0.003761429338554556,0.4444266726379936,-0.0016816692969882155,-0.005030361509953285,0.4453393049946015
primary_development_2022_2023_partial,2023,s4_reclaim_volume_normal,60,98941,-0.003077099440205358,-0.0030162529300138408,0.11587713890096119,-0.0030984696799339997,-0.0030162529300138408,0.18109320988902142,-0.0030771648392095086,-0.0030162529300139518,0.22989760540174464,-0.0029437756975647504,-0.0030162529300139518,0.2907227125223668,-0.002344911272910295,-0.0030162529300139518,0.4139239353683337,-0.0018527956416326727,-0.0031391709756419806,0.4349414169213024,-0.001867071522445288,-0.004221795550412799,0.4425128007933456,-0.0020141894140379805,-0.0050846839405326305,0.4464835209328691
primary_development_2022_2023_partial,2023,s4_reclaim_volume_normal,120,62769,-0.0030557857861666193,-0.0030162529300138408,0.12399630384909507,-0.003081675193014256,-0.0030162529300138408,0.19185240651934934,-0.0031175731842197564,-0.0030162529300139518,0.23678047381585865,-0.00300377290309116,-0.0030162529300139518,0.29695666029318035,-0.0021288503376067675,-0.0030162529300138408,0.4205540404765322,-0.0017403064901048927,-0.0030162529300139518,0.44190646334460537,-0.001609466227048134,-0.0037873153794104053,0.44714344955181984,-0.0015710463014779162,-0.004599046015713371,0.4528678065586321
primary_development_2022_2023_partial,2023,s4_reclaim_volume_normal,240,48697,-0.0030468618613869783,-0.0030162529300138408,0.11700926135080189,-0.0030714923919216166,-0.0030162529300138408,0.18261905250836807,-0.0030659255577408675,-0.0030162529300139518,0.22951964348058243,-0.0029528273917022456,-0.0030162529300139518,0.2898309610368271,-0.0016387610543530382,-0.0030162529300138408,0.4231567696450227,-0.0008140684712356316,-0.0030162529300138408,0.45075142369605886,-0.00027897290612892775,-0.0030162529300138408,0.4583007772340338,0.0006024065854370284,-0.0030162529300138408,0.4670327410332346
primary_development_2022_2023_partial,2023,s4_reclaim_volume_proxy,10,224840,-0.0030046687766657853,-0.0030162529300138408,0.13954429614079408,-0.0029127759648875685,-0.0030162529300138408,0.2035590702473825,-0.0029079086094871767,-0.0030162529300139518,0.24689090132726044,-0.0028935277693215586,-0.0030162529300139518,0.3008754682064468,-0.0023745712719497386,-0.0030162529300139518,0.4125186992449067,-0.001690164373864369,-0.0034152060100737236,0.4312186866775034,-0.0012947486389649097,-0.0036393677719325224,0.4423891310833738,-0.0010154424220047192,-0.004412588710223875,0.44916601714731097
primary_development_2022_2023_partial,2023,s4_reclaim_volume_proxy,20,148326,-0.002954037392310399,-0.0030162529300138408,0.14659124619077155,-0.00286408646711966,-0.0030162529300138408,0.2096210895361381,-0.002836875847033449,-0.0030162529300139518,0.2519789096106908,-0.002808379105203589,-0.0030162529300139518,0.30253273813537607,-0.002120036903902767,-0.0030162529300139518,0.411655137506327,-0.0013200719164801727,-0.0030162529300139518,0.43722110834329075,-0.0008080165192166211,-0.0030162529300138408,0.4498970603125316,-0.00098876329908655,-0.004286295919912142,0.45022384582660896
primary_development_2022_2023_partial,2023,s4_reclaim_volume_proxy,40,97589,-0.0029176518914071307,-0.0030162529300138408,0.15150273084056604,-0.002836100555283171,-0.0030162529300138408,0.21586449292440746,-0.002801897621659361,-0.0030162529300139518,0.25588187072181007,-0.002786699995867476,-0.0030162529300139518,0.3068921342557007,-0.0019279001006037777,-0.0030162529300139518,0.41740013540961407,-0.0013351277211046929,-0.0030162529300139518,0.4376263222152684,-0.0011309314412908486,-0.003753530839984587,0.4452504565882087,-0.0016538262937943718,-0.00517890747897265,0.44514341423367026
primary_development_2022_2023_partial,2023,s4_reclaim_volume_proxy,60,76856,-0.002913128112018892,-0.0030162529300138408,0.156099147745755,-0.002790655138437335,-0.0030162529300138408,0.21681651984958297,-0.0027420971261666407,-0.0030162529300139518,0.2592616689872347,-0.0027191893431498097,-0.0030162529300139518,0.3076312433304703,-0.0019594331981690493,-0.0030162529300139518,0.4212123580285506,-0.0014958785947802441,-0.0030162529300139518,0.43824981437819954,-0.001568095763518845,-0.004138982374912614,0.4432690178094506,-0.001997586150266819,-0.0052516424974353715,0.44518289742888045
primary_development_2022_2023_partial,2023,s4_reclaim_volume_proxy,120,48823,-0.0028644360464684417,-0.0030162529300138408,0.1658849312823874,-0.002775323607230823,-0.0030162529300138408,0.2276637581418213,-0.0027460724080777504,-0.0030162529300139518,0.26606857564212855,-0.0027537919934630135,-0.003016252930014063,0.31406448441148754,-0.0017068419967508914,-0.0030162529300138408,0.42703655861064976,-0.0011764575674000249,-0.0030162529300138408,0.44754111808375374,-0.000993657472765801,-0.003437512038721613,0.450660323189238,-0.0009925080082261886,-0.004380115785102889,0.4570139458572601
primary_development_2022_2023_partial,2023,s4_reclaim_volume_proxy,240,37786,-0.0029116490543710156,-0.0030162529300138408,0.1589477584290478,-0.0027502590871939132,-0.0030162529300138408,0.21828190335044725,-0.002755471269254084,-0.0030162529300139518,0.2581319641108435,-0.002705962026380399,-0.0030162529300139518,0.30889165365169285,-0.0012768036404268665,-0.0030162529300138408,0.4294571178761625,-0.0003651908293933096,-0.0030162529300137297,0.4555811673687836,0.00012439864264687648,-0.0030162529300138408,0.4607027399438232,0.000921700395826057,-0.0030162529300138408,0.4691757222369467
primary_development_2022_2023_partial,2023,s4_reclaim_vwap_support,10,250320,-0.003016009988880305,-0.0030162529300138408,0.1486634946887347,-0.002894315460902518,-0.0030162529300138408,0.21222943982358158,-0.00286563972714531,-0.0030162529300139518,0.2533569313991442,-0.0029100807739764613,-0.0030162529300139518,0.30007432032860776,-0.002470103014307581,-0.003555163693409691,0.4098293127719478,-0.0017843492154804555,-0.0036136963873598105,0.43078689259028147,-0.0013199997288697387,-0.003514495682172769,0.4433578516660867,-0.001145031142299129,-0.004430414273375538,0.4491665433249461
primary_development_2022_2023_partial,2023,s4_reclaim_vwap_support,20,164179,-0.002953317705216076,-0.0030162529300138408,0.15606232260107933,-0.0028279735390321775,-0.0030162529300138408,0.21813176103693596,-0.0027891780095193937,-0.0030162529300139518,0.2582111008235466,-0.0027992929879154392,-0.0030162529300139518,0.30154059832964786,-0.0021905763203741487,-0.003447660869031588,0.408657480795025,-0.0014233604027872587,-0.0030162529300139518,0.43552912473315036,-0.0009196202620634311,-0.0030162529300139518,0.44871583749595934,-0.0011646368432045658,-0.004408688330949484,0.449131861829984
primary_development_2022_2023_partial,2023,s4_reclaim_vwap_support,40,107448,-0.0028733808380224817,-0.0030162529300138408,0.16425619834710745,-0.0027457108016754645,-0.0030162529300138408,0.2262510819287649,-0.002702369814054835,-0.0030162529300139518,0.26299722651378366,-0.0027394684648986006,-0.0030162529300139518,0.305444120740527,-0.0020003782830557066,-0.0030162529300139518,0.41563486961625534,-0.001441719368663042,-0.0030162529300139518,0.4366153874824126,-0.0012235064775263248,-0.003731962726905458,0.445334998462241,-0.0016967953799327177,-0.005151121767422828,0.44632536634475556
primary_development_2022_2023_partial,2023,s4_reclaim_vwap_support,60,84410,-0.0028840961355652457,-0.0030162529300138408,0.165979528006824,-0.002732741240185796,-0.0030162529300138408,0.22757860815581832,-0.0026614602429678273,-0.0030162529300139518,0.26715241988033883,-0.0027078066019334364,-0.0030162529300139518,0.3084752189006979,-0.002091885979042392,-0.0030162529300139518,0.4171449577838915,-0.0016013188738085854,-0.0030162529300139518,0.4367854262536173,-0.0015964839150022587,-0.004154362230321951,0.4429325582774779,-0.001969868209027008,-0.005187542683388113,0.4460081640402506
primary_development_2022_2023_partial,2023,s4_reclaim_vwap_support,120,53692,-0.002831104957727337,-0.0030162529300138408,0.17659986590181032,-0.0027013095344518463,-0.0030162529300138408,0.23720479773523057,-0.002657418227037923,-0.0030162529300139518,0.27437979587275574,-0.002762182569445563,-0.003459095363823883,0.31525909920649703,-0.0017412050351034117,-0.0030162529300138408,0.4270639122977105,-0.001226797593780465,-0.0030162529300138408,0.4471755468939408,-0.0009131030408893024,-0.0030162529300139518,0.4528164680874867,-0.0008757907926633996,-0.004166843506764828,0.4578733402953901
primary_development_2022_2023_partial,2023,s4_reclaim_vwap_support,240,41647,-0.002918410018766948,-0.0030162529300138408,0.16656661944437776,-0.0027129196275160103,-0.0030162529300138408,0.22880399548586933,-0.002682311458362068,-0.0030162529300139518,0.2656325040822207,-0.0027065247796392517,-0.0030162529300139518,0.30717133387770784,-0.0013093590167844666,-0.0030162529300138408,0.4276201923076923,-0.00044738157905763057,-0.0030162529300138408,0.45479458640832715,7.362318999768582e-05,-0.0030162529300138408,0.4589454449279892,0.0008994011432864644,-0.0030162529300138408,0.46866432591024965
supplemental_2023_09_legacy,2023,cs_r3_leader_confirmation,10,11475,-0.0027167631210839567,-0.002517107175540545,0.1992156862745098,-0.0024014449705545087,-0.002517107175540545,0.2698039215686274,-0.0017171873512130443,-0.002517107175540545,0.31930283224400874,-0.0018888076774628455,-0.0028581799707243505,0.33464052287581697,-0.0004926220034982603,-0.002826823196433903,0.4363335077620792,-0.0016426525734868228,-0.004869661168051043,0.409297052154195,-0.004800481174020483,-0.0084298688401786,0.3611619994765768,-0.004709603224132858,-0.009863356717800253,0.37212142358688066
supplemental_2023_09_legacy,2023,cs_r3_leader_confirmation,20,9403,-0.0026265971850311623,-0.002517107175540434,0.2002552376900989,-0.002408208112816512,-0.002517107175540545,0.26916941401680317,-0.0019525628710716015,-0.002517107175540545,0.3056471338934383,-0.0022126386096384056,-0.003179669967959098,0.3221654967028292,-0.001247252330966851,-0.004375482786563356,0.4071945508727118,-0.003054140176017333,-0.0064326435556167905,0.3697988719804193,-0.006374980999754335,-0.009974923196657937,0.3330139465559459,-0.004519096470425301,-0.010227617036778935,0.3621460506706408
supplemental_2023_09_legacy,2023,cs_r3_leader_confirmation,40,6966,-0.0027204792103819983,-0.002517107175540545,0.18906115417743324,-0.0025928175104659966,-0.002517107175540545,0.256244616709733,-0.0021998984747863097,-0.002517107175540545,0.2965834051105369,-0.0023572725982615988,-0.003183690403537276,0.3245765144989951,-0.001985233446850134,-0.004437234208238161,0.40534329215742604,-0.003906819943490096,-0.007170993145172555,0.36610608020698576,-0.007315570440803801,-0.010581919822922614,0.32916307161345987,-0.005724677472021254,-0.011409675173876976,0.35572497123130037
supplemental_2023_09_legacy,2023,cs_r3_leader_confirmation,60,5834,-0.0027007186848341897,-0.002517107175540545,0.19866300994172095,-0.002603498551843764,-0.002517107175540545,0.25522797394583474,-0.002249759144387132,-0.002517107175540545,0.2985944463489887,-0.0023481617215226997,-0.0035317547015316086,0.32807679122386013,-0.002090352873419256,-0.0046796717128293475,0.40721030042918455,-0.004341719187445401,-0.006980117881689951,0.37418468932372123,-0.0075148767785237795,-0.01092758687895068,0.3353355071220182,-0.006441375495261184,-0.011897824035958515,0.3484978540772532
supplemental_2023_09_legacy,2023,cs_r3_leader_confirmation,120,4477,-0.0026649318042460414,-0.002517107175540545,0.20370784007147644,-0.0022890909957932804,-0.002517107175540545,0.27317400044672774,-0.0018995878053113993,-0.002517107175540545,0.31494304221576946,-0.0022962798705418387,-0.0033031457041646783,0.33013178467723925,-0.0024064392038978923,-0.0050502948634578715,0.39986589181940096,-0.004205378823658565,-0.007145798093519173,0.3756152125279642,-0.007372655560965678,-0.010636203784036402,0.34489704565801255,-0.006111775152184751,-0.011003323588817782,0.3627407075682938
supplemental_2023_09_legacy,2023,cs_r3_leader_confirmation,240,2980,-0.0027503756369980825,-0.002517107175540545,0.20335570469798658,-0.0025677434636303008,-0.002517107175540545,0.2644295302013423,-0.002059243766433668,-0.002517107175540545,0.30973154362416105,-0.002218679714012543,-0.0026446625326791984,0.34519811954331764,-0.0016072627670018103,-0.003977550649660988,0.41372351160444,-0.0035975111225207837,-0.006153132301267683,0.38487394957983195,-0.005825705256593717,-0.009211623234764876,0.3704201680672269,-0.005163265169978651,-0.01004027007616859,0.3764705882352941
supplemental_2023_09_legacy,2023,fu_r3_core_pullback,10,3486,-0.002745449601497287,-0.002517107175540434,0.2389558232931727,-0.002156371501394782,-0.002517107175540434,0.31554790590935167,-0.001503554815592735,-0.002517107175540434,0.35800344234079173,-0.0013274075723072036,-0.002517107175540323,0.39414802065404475,0.003935488712655419,0.0007967894783615925,0.5173700832615561,-0.001035459432209144,-0.0051076071373836185,0.4167145318782309,-0.005105339223341935,-0.010760767446816755,0.3640539764570772,0.001726263076568847,-0.005021248329074357,0.44619799139167865
supplemental_2023_09_legacy,2023,fu_r3_core_pullback,20,3488,-0.0026430378457305065,-0.002517107175540434,0.21530963302752293,-0.002067716476005589,-0.002517107175540434,0.30131880733944955,-0.0016458661791360876,-0.002517107175540434,0.3360091743119266,-0.0015226814796637062,-0.002517107175540434,0.37213302752293576,0.0019445946089858808,-0.0020271843401649114,0.46572985374247206,-0.002492798872879967,-0.007629319770661058,0.36700143472022956,-0.007080707155441209,-0.01307248170278319,0.3296987087517934,0.0009589228523556746,-0.006390827147674694,0.41779053084648493
supplemental_2023_09_legacy,2023,fu_r3_core_pullback,40,3025,-0.002781929688327812,-0.002517107175540545,0.1890909090909091,-0.0023857987077464844,-0.002517107175540545,0.2803305785123967,-0.0019743603747013083,-0.002517107175540545,0.32264462809917355,-0.0015277205697743193,-0.002517107175540434,0.3662809917355372,0.00013038601012104609,-0.002517107175540434,0.44459146543169037,-0.004084454466720589,-0.008351559278714893,0.3630952380952381,-0.00907103472536588,-0.014919109743110004,0.30993377483443707,-0.002174777033171824,-0.009265773071430006,0.3836978131212724
supplemental_2023_09_legacy,2023,fu_r3_core_pullback,60,2491,-0.0026740480734379728,-0.002517107175540545,0.20272982737856282,-0.0022508038883985054,-0.002517107175540434,0.28261742272179846,-0.00191823145312146,-0.002517107175540434,0.32557205941389,-0.0014723686189108724,-0.002517107175540434,0.3741469289441991,0.0007372021816918124,-0.0015974556226633352,0.4662107803700724,-0.003856351841367919,-0.007114278080240233,0.3779116465863454,-0.009385711292887906,-0.014876572098262208,0.31606425702811247,-0.003028385511764327,-0.010254531037139358,0.3779654201849618
supplemental_2023_09_legacy,2023,fu_r3_core_pullback,120,1897,-0.0029190648894957447,-0.002517107175540545,0.20084343700579863,-0.0020660710824195088,-0.002517107175540434,0.3010015814443859,-0.001785571677074263,-0.002517107175540434,0.33737480231945177,-0.0017262578007811356,-0.002517107175540434,0.3584607274644175,0.0009989381181702915,-0.002052744130752626,0.4609704641350211,-0.0028516336293692127,-0.006638455150030698,0.38871308016877637,-0.0089620601688994,-0.014536297594004655,0.33896515311510034,-0.0014149982098981648,-0.007837015937271041,0.4093072448439979
supplemental_2023_09_legacy,2023,fu_r3_core_pullback,240,1165,-0.0025513215588107213,-0.002517107175540545,0.21201716738197424,-0.0018955420295837155,-0.002517107175540434,0.2995708154506438,-0.0016252238972348243,-0.002517107175540434,0.33047210300429186,-0.0014666203877695002,-0.002517107175540434,0.3642611683848797,0.001549178596518085,-0.002517107175540323,0.45948275862068966,-0.0029065400584035086,-0.0066560403407873725,0.3929492691315563,-0.007845725652519146,-0.013100480043704343,0.34307824591573516,-0.0017442741046722117,-0.008509995049652663,0.40858369098712444
supplemental_2023_09_legacy,2023,ht_r3_core_pullback,10,8226,-0.0024688960721075143,-0.002517107175540434,0.18198395331874545,-0.002081765561902617,-0.002517107175540434,0.261974228057379,-0.0022823667159409433,-0.0028051088760914222,0.2811816192560175,-0.0026205598844845266,-0.003318782776108087,0.3070751276440554,-0.0009042844976593638,-0.00294653253506022,0.42944038929440387,-0.0015316095603294401,-0.004804960116597645,0.41289537712895374,-0.005097430818027408,-0.008490058629578912,0.3594206426484908,-0.003948635053527516,-0.009414406396683228,0.3776777020447907
supplemental_2023_09_legacy,2023,ht_r3_core_pullback,20,7019,-0.0024770999590348498,-0.002517107175540434,0.18350192335090468,-0.002177502311436122,-0.002517107175540434,0.26129078216270124,-0.0024386816926981465,-0.002517107175540545,0.2728308875908249,-0.002594113795948595,-0.0032401837048489646,0.3039327443716158,-0.0015531433210054374,-0.004196376064221297,0.4043069024529378,-0.0033401244753285004,-0.00646666548412822,0.36792587312900926,-0.006941498439340708,-0.01032519244226815,0.33262016830694624,-0.003970287087557454,-0.009898058813776478,0.37056054771074026
supplemental_2023_09_legacy,2023,ht_r3_core_pullback,40,5278,-0.002499958120437708,-0.002517107175540434,0.17374005305039789,-0.002321280044906243,-0.002517107175540434,0.24971580143993938,-0.0024708596293637705,-0.0027936183138224657,0.270935960591133,-0.0026820848613143115,-0.003131771654613591,0.30390299355816597,-0.0026192296854460535,-0.004504124890330086,0.39533560864618883,-0.004649801889196678,-0.007597881597525058,0.3571157495256167,-0.00852740052217261,-0.011703447746560958,0.3214963919483479,-0.005488685423815161,-0.011334075548145639,0.3518237082066869
supplemental_2023_09_legacy,2023,ht_r3_core_pullback,60,4412,-0.0024983814813228093,-0.002517107175540434,0.17361740707162285,-0.002169348725903621,-0.002517107175540434,0.2543064369900272,-0.00244288645475454,-0.002517107175540545,0.27946509519492296,-0.0026459497381031605,-0.0032577334935161573,0.3100634632819583,-0.002488432208728689,-0.004428945111794258,0.40372388737511355,-0.004499239592811334,-0.0071053449530218415,0.37048808172531217,-0.008267827503681473,-0.011927323145582536,0.3281143635125936,-0.0063525688908074645,-0.011735987885563293,0.34029511918274685
supplemental_2023_09_legacy,2023,ht_r3_core_pullback,120,3450,-0.002432578442008472,-0.002517107175540434,0.18666666666666668,-0.0019450168116422536,-0.002517107175540434,0.2707246376811594,-0.002181861089593834,-0.002517107175540434,0.2915942028985507,-0.002636591097881659,-0.0026604751802582483,0.32028985507246377,-0.0032019111819927824,-0.005383437327334928,0.38816362053959963,-0.004984634068595725,-0.007017030000312285,0.3726401394133024,-0.008511496011568065,-0.010859026718242293,0.34049970947123764,-0.006430669829926951,-0.010922861890353186,0.36191860465116277
supplemental_2023_09_legacy,2023,ht_r3_core_pullback,240,2253,-0.0025339402360439528,-0.002517107175540434,0.18819351975144252,-0.002058181918458518,-0.002517107175540434,0.27785175321793165,-0.0021406038176010416,-0.002517107175540434,0.29649356413670663,-0.0024427776775828394,-0.002517107175540545,0.3362949800088849,-0.0021662421115956226,-0.004178287710071005,0.402493321460374,-0.004059104936283149,-0.006432828337534557,0.3834519572953737,-0.006427346838843572,-0.009214835574524738,0.37455516014234874,-0.005112090440186114,-0.009884878542993802,0.37705646954201866
supplemental_2023_09_legacy,2023,ng_r1_auction_reclaim,10,18296,-0.0022774932231113968,-0.002517107175540434,0.1790555312636642,-0.002013415117465054,-0.002517107175540434,0.2534980323567993,-0.0017727705948506263,-0.002517107175540434,0.30290773939658944,-0.001806266692667568,-0.002517107175540434,0.3519348491473546,-0.0001944030620827753,-0.002517107175540212,0.4511808440848458,-0.00485996153928419,-0.007574054667679575,0.3445483888615351,-0.009061077251526273,-0.013189178068812257,0.294805904866047,-0.004562516388624215,-0.009025397876787689,0.36473997922021106
supplemental_2023_09_legacy,2023,ng_r1_auction_reclaim,20,14037,-0.00236290295356069,-0.002517107175540434,0.1667735271069317,-0.0021561596711659778,-0.002517107175540434,0.2415758352924414,-0.0019906003271067383,-0.002517107175540434,0.29044667664030777,-0.00212836922324273,-0.002517107175540434,0.33347581392035336,-0.0014102480545083852,-0.002995186828193719,0.4142205756625819,-0.005887586466478979,-0.008573436817210012,0.318888096935139,-0.01033398577395961,-0.014115745464196805,0.2727726300784034,-0.005222761143829874,-0.009712661396390099,0.349137316412377
supplemental_2023_09_legacy,2023,ng_r1_auction_reclaim,40,9872,-0.0024423369219778645,-0.002517107175540434,0.16369529983792544,-0.0023765268574552,-0.002517107175540434,0.22781604538087522,-0.002191715415828314,-0.002517107175540434,0.2737034035656402,-0.0023324144996022477,-0.002517107175540434,0.3202998379254457,-0.0021171629933616396,-0.003911625571199007,0.39807497467071934,-0.006759995673729801,-0.009099342874629046,0.309142509629029,-0.011731392051687209,-0.01514347290749557,0.2617599351175994,-0.007344806704717846,-0.01179034610070101,0.32799513480640585
supplemental_2023_09_legacy,2023,ng_r1_auction_reclaim,60,8263,-0.002347027695082662,-0.002517107175540434,0.17899068135059906,-0.0022498210168964343,-0.002517107175540434,0.23913832748396466,-0.0021849813632659554,-0.002517107175540434,0.2813748033401912,-0.0022565142295437085,-0.002517107175540434,0.3281287823771484,-0.001982689907212005,-0.0037129648023705997,0.40915697674418605,-0.00672337152100053,-0.009105501447828845,0.309267110841914,-0.012214859046820415,-0.015906139293989374,0.25242248062015504,-0.007982634491204692,-0.012611230285999309,0.3177140089599225
supplemental_2023_09_legacy,2023,ng_r1_auction_reclaim,120,5639,-0.0023200554394559522,-0.002517107175540434,0.1799964532718567,-0.001945194932050924,-0.002517107175540434,0.26511792871076434,-0.0018916418443045212,-0.002517107175540434,0.302181237808122,-0.001967373617815534,-0.002517107175540434,0.3474020216350417,-0.0006857700248066665,-0.002517107175540323,0.4480312167435261,-0.004942769516606548,-0.007794794439161867,0.35794143744454304,-0.010781141265773862,-0.014747225151472698,0.28743789921930446,-0.004938930777019108,-0.009158138419378514,0.36983141082519966
supplemental_2023_09_legacy,2023,ng_r1_auction_reclaim,240,3444,-0.002465300796269857,-0.002517107175540434,0.18583042973286876,-0.0021384622541622484,-0.002517107175540434,0.2650987224157956,-0.0019739487389888997,-0.002517107175540434,0.30923344947735193,-0.0020776349303112153,-0.002517107175540434,0.34040081324426374,-0.0006168457286778772,-0.002517107175540434,0.42844677137870857,-0.004897798631269345,-0.007972802122620637,0.34582970066841034,-0.010251811445204323,-0.014644558760032234,0.2909038070328393,-0.005040493915391102,-0.010462300384134982,0.36683125181527737
supplemental_2023_09_legacy,2023,ng_r3_volume_quality,10,50551,-0.0025994340189869395,-0.002517107175540434,0.11315529179030663,-0.0025245647168645725,-0.002517107175540434,0.18291163029931354,-0.0026111633621382323,-0.002517107175540545,0.22586899321423626,-0.002798941882663278,-0.0028684572610722103,0.2792299016601041,-0.0027564763006958024,-0.0041879327916617415,0.3861431230446319,-0.005168495593503539,-0.0071812693716042375,0.3459725962300016,-0.0062290079998674076,-0.008481130451023056,0.33817152135601275,-0.007259802097525935,-0.01024953270131157,0.33792666508275915
supplemental_2023_09_legacy,2023,ng_r3_volume_quality,20,37408,-0.0026124514492982167,-0.002517107175540434,0.11583393482503275,-0.0025496763399964033,-0.002517107175540434,0.1886545299008207,-0.0026931939997214996,-0.002517107175540545,0.22729581606737068,-0.0028615801276407624,-0.00307370374292959,0.2760473758789402,-0.0032591338173611948,-0.005048789644638063,0.363675270830547,-0.004957539529599122,-0.006966183414721772,0.3465500173903738,-0.005794982856666323,-0.008146243139560805,0.3441973722940248,-0.006643164309065245,-0.010327375911302394,0.33460004817084593
supplemental_2023_09_legacy,2023,ng_r3_volume_quality,40,25938,-0.002601904462426182,-0.002517107175540434,0.11689413216130773,-0.0025484390206853007,-0.002517107175540434,0.186637366026679,-0.002700934132439472,-0.002517107175540545,0.22546071401033232,-0.0029563207283482443,-0.003135128451277558,0.27340376310919184,-0.0036176604053220628,-0.005114467233363729,0.36885751754994983,-0.0055351345806405675,-0.007335865111890549,0.3474183838851586,-0.006561440207901195,-0.008790584488901798,0.33657557511193453,-0.008139410477800627,-0.01151501986854464,0.3199830227263958
supplemental_2023_09_legacy,2023,ng_r3_volume_quality,60,21799,-0.00257640140566127,-0.002517107175540434,0.1233140655105973,-0.002461313168492583,-0.002517107175540434,0.20164250321159846,-0.0026399582153386622,-0.002517107175540545,0.23559368691503027,-0.0028747042637233614,-0.0031575456960048487,0.2815052776502983,-0.003559181653262793,-0.004964917955477599,0.37134328358208957,-0.005566166601892518,-0.007460789069066109,0.3495292766934558,-0.006911061436145098,-0.009351523139173312,0.33553719008264465,-0.008635340651771357,-0.012269802660083817,0.3145835246579117
supplemental_2023_09_legacy,2023,ng_r3_volume_quality,120,15179,-0.002599055665255645,-0.002517107175540434,0.12286711904605047,-0.0024076062912163185,-0.002517107175540434,0.205955988931348,-0.0025792610493804457,-0.002517107175540545,0.24469627091843457,-0.0028195103806217363,-0.002926247000324844,0.2929818780889621,-0.0030691399498498357,-0.004511419044868348,0.3878116343490305,-0.004485642642105668,-0.0065163708073811,0.376830716453358,-0.005799454908319773,-0.007957922954582919,0.3595831684474344,-0.006659909550149946,-0.010484078312925083,0.3512729191399552
supplemental_2023_09_legacy,2023,ng_r3_volume_quality,240,10209,-0.0025994677757784535,-0.002517107175540434,0.1273510971786834,-0.002522446664969295,-0.002517107175540434,0.20356583072100312,-0.002648567270446668,-0.002517107175540545,0.24657131661442006,-0.0029845631582356936,-0.003216604295333214,0.2850842806742454,-0.0031809981490189937,-0.004630418389151569,0.3846304838551379,-0.0048027317774232605,-0.0067483715222538265,0.369138709044536,-0.00574439984237943,-0.00794357728232864,0.36058823529411765,-0.006567684879300605,-0.010481042447592293,0.3571078190915334
supplemental_2023_09_legacy,2023,s0_distance_only,10,107398,-0.0026212573958023042,-0.002517107175540434,0.13711614741429076,-0.0026526783805008417,-0.002517107175540434,0.18835897053894,-0.0024517083479402573,-0.002517107175540434,0.23918468443302232,-0.002522945967173427,-0.002517107175540545,0.2975759212523631,-0.002733313851179857,-0.004190736190346711,0.3891140868301138,-0.004874687397218213,-0.006734793825960983,0.3529652961568569,-0.005714639659103499,-0.007839854735969598,0.3443779592141073,-0.007138021594714217,-0.0100547612774885,0.3379523068464556
supplemental_2023_09_legacy,2023,s0_distance_only,20,80921,-0.002574670232668251,-0.002517107175540434,0.13726071750763108,-0.0025689502716095347,-0.002517107175540434,0.19454502762089548,-0.0024628605714436414,-0.002517107175540434,0.24125316690354076,-0.0026547439375375044,-0.002517107175540545,0.28963403329666665,-0.003416273730419936,-0.0050423803219314944,0.36281117445556066,-0.005015629241241763,-0.006853989318255538,0.347628763989365,-0.005737307345925926,-0.007792469466799012,0.34414267339467697,-0.007300566184111789,-0.010539757788069704,0.32987038686059167
supplemental_2023_09_legacy,2023,s0_distance_only,40,56678,-0.0026197217183353905,-0.002517107175540434,0.13993330627944317,-0.0025703693457945574,-0.002517107175540434,0.19983767379490436,-0.0025276193526380464,-0.002517107175540434,0.24114263533065142,-0.0027548967219756305,-0.002517107175540545,0.28788974960738295,-0.003596480578026865,-0.0050423803219316055,0.3679471788715486,-0.00534866715776279,-0.006879277260778527,0.35088741721854305,-0.006250269460442284,-0.008113084133882342,0.3410226971650623,-0.00823007211394858,-0.011057200436023706,0.32186241966240553
supplemental_2023_09_legacy,2023,s0_distance_only,60,47562,-0.002571916909488521,-0.002517107175540434,0.1441066397544258,-0.0025659007982839137,-0.002517107175540434,0.20098399949538487,-0.00248729376435838,-0.002517107175540434,0.24604192510670508,-0.0026841389994018317,-0.002517107175540656,0.290433831724602,-0.0034874035870780975,-0.004926486143715603,0.37049973698053656,-0.005318185746880161,-0.007037422399820414,0.3523506881602761,-0.006405287933148268,-0.008624145294873764,0.33962542087542086,-0.008464707984872321,-0.011704449609449719,0.31784985161955676
supplemental_2023_09_legacy,2023,s0_distance_only,120,32107,-0.00252661981229221,-0.002517107175540434,0.15189833992587287,-0.002449208634289045,-0.002517107175540434,0.21443921886193043,-0.002342288054173018,-0.002517107175540434,0.2583629228181648,-0.002484818695860072,-0.002517107175540545,0.30623052959501557,-0.0029886658664025133,-0.004357481516544803,0.39147516447881264,-0.004458515886940349,-0.006324293789374269,0.37675781859000346,-0.0056026397343582855,-0.007739530698181618,0.3609639004925494,-0.006913918534389228,-0.010641666730684562,0.34902718882514344
supplemental_2023_09_legacy,2023,s0_distance_only,240,21536,-0.0025969382028801584,-0.002517107175540434,0.15337822149988392,-0.0025270630129639315,-0.002517107175540434,0.21068028790341306,-0.0023746832041739814,-0.002517107175540434,0.25683770605990247,-0.0025726599073199476,-0.002517107175540545,0.29964234288633934,-0.0026689432482852947,-0.004516070888615387,0.3904106403757615,-0.004131529952817587,-0.006075310122595434,0.3787315167860132,-0.005142168159571597,-0.00752958402390469,0.3657913083894957,-0.006029039727316919,-0.009831372200834299,0.3604164729943293
supplemental_2023_09_legacy,2023,s0_liquidity_matched,10,1060771,-0.0025758951232022825,-0.002517107175540434,0.13995654079838607,-0.0025743943400621254,-0.002517107175540434,0.2022599232236996,-0.002416421351262364,-0.002517107175540434,0.25375104293842304,-0.002518372347136014,-0.002517107175540545,0.3037786339437759,-0.0026627858843852586,-0.004270152681383199,0.3937925223821875,-0.004621958748518773,-0.006547341085942349,0.3664184660503642,-0.00559369075387956,-0.007967833365838062,0.35513705610580987,-0.006666342234815126,-0.010007040558056568,0.34893043964889997
supplemental_2023_09_legacy,2023,s0_liquidity_matched,20,816888,-0.0025502393553101205,-0.002517107175540434,0.139919645086892,-0.0025267026590835217,-0.002517107175540434,0.204008931588148,-0.0024411161029218344,-0.002517107175540434,0.25370868661445084,-0.0026036763264601246,-0.002517107175540545,0.301216826212633,-0.0030942352360778984,-0.0047109845057993205,0.3825379031517045,-0.004848914055052288,-0.0068354782359387745,0.36232280006223666,-0.00579168400722918,-0.00817543801003906,0.3514051182293587,-0.006986333680763894,-0.01035367311243296,0.3451439115566659
supplemental_2023_09_legacy,2023,s0_liquidity_matched,40,605657,-0.00256458589609069,-0.002517107175540434,0.1374986172041271,-0.00255474792818348,-0.002517107175540434,0.20263616730399636,-0.0024784684924005307,-0.002517107175540434,0.2527224122016905,-0.002567902233326824,-0.002517107175540545,0.30225177023885014,-0.002796689543541066,-0.004322506076580135,0.39117321888638984,-0.0045805084688657375,-0.0064288047944600635,0.36876395543516166,-0.005890563211639559,-0.008221083689189945,0.35150163175940846,-0.006963725710795121,-0.010284801397572485,0.34636182744875094
supplemental_2023_09_legacy,2023,s0_liquidity_matched,60,523784,-0.0025661807191134475,-0.002517107175540434,0.13896403663349136,-0.002531531891500752,-0.002517107175540434,0.20466569043168806,-0.002421105393212931,-0.002517107175540434,0.2563421586728196,-0.0025390902023444913,-0.002517107175540545,0.30541138189025996,-0.002650017092565947,-0.004266693565847912,0.39277960400580997,-0.004470941049291723,-0.006368392476020834,0.37174922940804395,-0.005924140100264248,-0.008094088205709227,0.35387845637417203,-0.007208073681035956,-0.010137944217492922,0.34794168637023076
supplemental_2023_09_legacy,2023,s0_liquidity_matched,120,391950,-0.0025700984155398307,-0.002517107175540434,0.13938548127434947,-0.0025312724277771,-0.002517107175540434,0.20443174424983096,-0.0024294760658885505,-0.002517107175540434,0.25155510876831305,-0.002468651994320089,-0.002517107175540545,0.3043552597666069,-0.002489032621926798,-0.004089597285090285,0.3973604454918462,-0.004369422843223991,-0.0062114882600756705,0.3719602058669527,-0.00585546497200504,-0.008102117773661655,0.35120429168549766,-0.00681256895233681,-0.009951762277337628,0.34862675885461497
supplemental_2023_09_legacy,2023,s0_liquidity_matched,240,305350,-0.002634270327640523,-0.002517107175540434,0.1376256754543966,-0.0026004801501456056,-0.002517107175540434,0.20308370476867302,-0.0024794796119184614,-0.002517107175540434,0.2523686477174849,-0.0025005651378515446,-0.002517107175540545,0.303129452223041,-0.0024307613794839296,-0.0040036688638035445,0.4003651273848816,-0.004253804974524048,-0.006218342399378962,0.37255653883972467,-0.005801844985337173,-0.008007573596625295,0.3521462378561221,-0.006866489181104989,-0.009955549285845189,0.34554876010304614
supplemental_2023_09_legacy,2023,s0_random_matched,10,242602,-0.0025093868158353096,-0.002517107175540434,0.10951817608481486,-0.0025213534866724567,-0.002517107175540434,0.1849563249473385,-0.002534949771189487,-0.002517107175540434,0.24127596598193563,-0.002602151666833347,-0.002517107175540545,0.2909920718358462,-0.0026177296149429217,-0.004207756146429431,0.3917807315000454,-0.004055711446357413,-0.005886981813460812,0.3814894881019176,-0.005277458868446584,-0.007343637302110295,0.36472408457968025,-0.00679038604877589,-0.009998228871723858,0.3496482432794867
supplemental_2023_09_legacy,2023,s0_random_matched,20,242493,-0.002495563848873895,-0.002517107175540434,0.11000408262574693,-0.002513788272448415,-0.002517107175540434,0.1839401850041859,-0.0025222790817276486,-0.002517107175540434,0.2410833594536186,-0.00259312616523671,-0.002517107175540545,0.2907669780775021,-0.002601590058081117,-0.004216396601135708,0.391930597858835,-0.004035726912067189,-0.005861559456594723,0.3825846847255872,-0.005256739418692258,-0.007335865111890216,0.3646667904980084,-0.006769517466032217,-0.010004468339360306,0.34925385456872177
supplemental_2023_09_legacy,2023,s0_random_matched,40,242520,-0.002492801480440809,-0.002517107175540434,0.10896233222687257,-0.0025118678619607056,-0.002517107175540434,0.1843590853796829,-0.0025323252256662203,-0.002517107175540434,0.24011711823167967,-0.0025898781056239205,-0.002517107175540545,0.2911994325141356,-0.0026031508625174522,-0.004182354075080386,0.3920214917095153,-0.004038847360245985,-0.00584760097462067,0.38186935635637287,-0.005258409072463271,-0.007335865111890438,0.3652411140277021,-0.006778112557174914,-0.010033933798181516,0.3496233618821587
supplemental_2023_09_legacy,2023,s0_random_matched,60,242509,-0.0025065675070255495,-0.002517107175540434,0.10853339711182404,-0.0025141080118082104,-0.002517107175540434,0.18409972824630205,-0.0025468005680914516,-0.002517107175540434,0.24117169167831679,-0.002600484451750822,-0.002517107175540545,0.2913128296921979,-0.0026083786148228365,-0.004207756146429431,0.3915745685350413,-0.00404858617330938,-0.005871870267999291,0.3817406664520549,-0.005264295995965574,-0.007321938065831701,0.36494813873147297,-0.006770136470904993,-0.010000500637650733,0.350035498464485
supplemental_2023_09_legacy,2023,s0_random_matched,120,242351,-0.002507203890429173,-0.002517107175540434,0.10951974218998221,-0.0025053591700684753,-0.002517107175540434,0.18483871899513496,-0.002530380008570458,-0.002517107175540434,0.24128752708139894,-0.002595229825918762,-0.002517107175540545,0.29167732829279164,-0.0025869728701452084,-0.004203468786401765,0.39215791538477424,-0.00402393505414873,-0.005850740392058018,0.3826686324796914,-0.005241425757701593,-0.007308091290931795,0.3642983111889412,-0.006743434641386877,-0.009972136269893794,0.35026001330012435
supplemental_2023_09_legacy,2023,s0_random_matched,240,242168,-0.002495278982747328,-0.002517107175540434,0.10912304318920414,-0.002522748430872671,-0.002517107175540434,0.18319519980838878,-0.0025471107642822217,-0.002517107175540434,0.23934006483718434,-0.0025835981748259336,-0.002517107175540545,0.29082686271270447,-0.0026110507949128805,-0.00420775614642932,0.3915354192409897,-0.004046705484227458,-0.005881299056904488,0.3817016317016317,-0.005258889080463237,-0.007351434604415008,0.3644787963958006,-0.006765242601835091,-0.010028273537170396,0.34963479813658177
supplemental_2023_09_legacy,2023,s0_strong_no_ma,10,108608,-0.0030028670320103017,-0.002517107175540545,0.13909656747200944,-0.003010283612052474,-0.002517107175540545,0.19206474899635373,-0.0028724378560152,-0.0030554141873183616,0.234615420031492,-0.0027649851952818803,-0.00335756462182224,0.29315552935975836,-0.002710283515159959,-0.004451463140940137,0.387735353479499,-0.004873461968272987,-0.007071823581131342,0.35596829200848007,-0.007037234414378873,-0.009460143552508682,0.3282550391240634,-0.00731363194884816,-0.010613559227686975,0.3390727255968292
supplemental_2023_09_legacy,2023,s0_strong_no_ma,20,108604,-0.003003128813369875,-0.002517107175540545,0.13907406725350815,-0.003010738956343247,-0.002517107175540545,0.19205340699815837,-0.002872339803439586,-0.0030551238383365042,0.23461485335420598,-0.002764293028536425,-0.0033574465966226263,0.2931663289740284,-0.0027079176481226877,-0.0044502135569832735,0.38774964747518503,-0.00487057070971915,-0.007071823581131342,0.3559721991777741,-0.007033284691123294,-0.00946014355250846,0.3282579241822354,-0.007308744797711792,-0.010613559227686864,0.33908522758696974
supplemental_2023_09_legacy,2023,s0_strong_no_ma,40,108593,-0.003003751547940878,-0.002517107175540545,0.1390421113699778,-0.0030110661034116575,-0.002517107175540545,0.1920452347843704,-0.002873320091766373,-0.003055269012827433,0.23459257349149046,-0.002763854218379535,-0.003356739240207851,0.29317761055181496,-0.002707915697353995,-0.004450213556983218,0.38775209232017105,-0.00486831252473104,-0.007070192965753175,0.35598064070062224,-0.007030192466457031,-0.009456980807094062,0.32825433696513834,-0.0073050923886725004,-0.010612099092060068,0.3390827379580548
supplemental_2023_09_legacy,2023,s0_strong_no_ma,60,108568,-0.0030045964379359644,-0.002517107175540545,0.13900965293640852,-0.0030113756858134327,-0.002517107175540545,0.19204340296967687,-0.002873791814261679,-0.0030554141873183616,0.23459132821783546,-0.0027661268282436068,-0.003357092918415072,0.2931714327830189,-0.0027095790249960297,-0.004447470147075361,0.3877769275447832,-0.004870481716000105,-0.007064210575582652,0.35599815583218075,-0.007027380948630793,-0.009455635923623862,0.3282746793778409,-0.007291114348094184,-0.010610274662959718,0.33911479944674966
supplemental_2023_09_legacy,2023,s0_strong_no_ma,120,108523,-0.003004626205698172,-0.002517107175540545,0.13901200667139685,-0.003010828421948899,-0.002517107175540545,0.19206774850487013,-0.0028731204300787355,-0.003052668498875588,0.23457802679838546,-0.0027656407784591697,-0.00335673924020774,0.2931732089696679,-0.002707535681053847,-0.004449464871320197,0.3877718544206895,-0.004868676934446538,-0.007064901519724831,0.35602601356026015,-0.00702259350124948,-0.009454304365857424,0.3282910271546635,-0.007285494245252669,-0.010604806306549697,0.3391633227249666
supplemental_2023_09_legacy,2023,s0_strong_no_ma,240,108447,-0.0030037407302433627,-0.002517107175540545,0.13898955250029968,-0.0030100932423074885,-0.002517107175540545,0.19206403363979233,-0.0028722648282228248,-0.0030508058875922117,0.234548774414873,-0.0027658012367408388,-0.0033581551458812253,0.2931112402350055,-0.0027109764227153323,-0.004453967161607453,0.3876285234341831,-0.004872016428686292,-0.007071823581131342,0.3559434685079711,-0.007026325500517905,-0.00946014355250857,0.3281705741185158,-0.007288814930243833,-0.010610274662960162,0.3390412539578506
supplemental_2023_09_legacy,2023,s1_break_reclaim_stable3,10,61986,-0.002565320663178235,-0.002517107175540434,0.14435750584818907,-0.002532035015581167,-0.002517107175540434,0.2079730252968508,-0.002185779775507241,-0.002517107175540434,0.26910170366546204,-0.002369408161225473,-0.002517107175540545,0.30789337808183814,-0.0027733895019214265,-0.004376998590981507,0.38639519488487745,-0.0051757335675564195,-0.007335865111890438,0.34417387934375404,-0.006175502970324445,-0.008674408983098902,0.3365414116621183,-0.00723871529912537,-0.010454636826663255,0.33698232017437635
supplemental_2023_09_legacy,2023,s1_break_reclaim_stable3,20,45606,-0.0025784107750469057,-0.002517107175540434,0.14390965902861527,-0.0025466998924371397,-0.002517107175540434,0.20904784877856233,-0.0023646147295862062,-0.002517107175540434,0.2617648348756633,-0.0026946081140316455,-0.002517107175540545,0.29258130304159996,-0.0033308353379512125,-0.005220312847151298,0.36310581627503896,-0.004974414659353322,-0.007155427039383988,0.34703236423477785,-0.005929022283228889,-0.008338991764010095,0.34147465437788016,-0.006951548074375945,-0.010659824667984985,0.3308533052409797
supplemental_2023_09_legacy,2023,s1_break_reclaim_stable3,40,31943,-0.002546473950683753,-0.002517107175540434,0.14679272454058792,-0.0025641086822905763,-0.002517107175540434,0.209254273370484,-0.002461838985233614,-0.002517107175540434,0.25746665831820176,-0.002782088958130033,-0.002865025868538318,0.2973607588992204,-0.003596098469266102,-0.005276395952371393,0.36859907920699053,-0.00548478958762543,-0.007359257140707731,0.3475699558173785,-0.006603401163524272,-0.008938670863251397,0.3333960135389244,-0.008308640619758187,-0.011503439543328275,0.3214487123253337
supplemental_2023_09_legacy,2023,s1_break_reclaim_stable3,60,26494,-0.00248342992739049,-0.002517107175540434,0.15415392745253464,-0.0025337410404745065,-0.002517107175540434,0.2152266636470011,-0.0024098391920606838,-0.002517107175540434,0.26547637022497356,-0.0026985000558058876,-0.002834175031716013,0.30198580489278165,-0.0035410970036292722,-0.005093473282305305,0.36931388846909474,-0.0056231757622475925,-0.007620771777825719,0.34847168171685494,-0.006957428949953985,-0.00945853301287125,0.3300336267805191,-0.008636857385421188,-0.012157950919743699,0.3155508538612664
supplemental_2023_09_legacy,2023,s1_break_reclaim_stable3,120,18555,-0.0025237560795479458,-0.002517107175540434,0.15521422797089734,-0.0024460502614988217,-0.002517107175540434,0.22399482591354963,-0.002253511268683071,-0.002517107175540434,0.2789995687796464,-0.002560416888257211,-0.002517107175540545,0.30959568733153636,-0.003051040934596475,-0.0046215014641997065,0.38867008362557326,-0.004645163941749681,-0.006650323582271578,0.37481113749190587,-0.0058578865057620595,-0.00821700942025172,0.3566573154941735,-0.006830835559483901,-0.010581647996758758,0.3508876058921923
supplemental_2023_09_legacy,2023,s1_break_reclaim_stable3,240,12483,-0.0025881024456778593,-0.002517107175540434,0.16447684665918924,-0.002587267671645503,-0.002517107175540434,0.22400256369171606,-0.002399625308253535,-0.002517107175540434,0.27535651337926614,-0.0027218959918407586,-0.0027450138887177844,0.30565795800609075,-0.0028957135965377344,-0.004540399047395172,0.39070775156475684,-0.004489379909475273,-0.006454539647215762,0.3725332905502968,-0.005470662687996741,-0.008043328188418242,0.36126032229615973,-0.006138436221362202,-0.010016978550160593,0.36132499197946744
supplemental_2023_09_legacy,2023,s1_near_reversal,10,85074,-0.002722092367517744,-0.002517107175540434,0.12441080013635349,-0.002738432771761925,-0.002517107175540545,0.18026119359123555,-0.0024407517272718097,-0.002517107175540545,0.2407575027330755,-0.0026429753910621277,-0.002965011483050062,0.2929495996896272,-0.003025059209648422,-0.004582289148261753,0.3784868057271262,-0.005556571409336443,-0.0077213657467984365,0.3360983645134722,-0.006442387690668363,-0.008813100682229402,0.3318862064097134,-0.007565559684927212,-0.010557721627327377,0.3335019588004847
supplemental_2023_09_legacy,2023,s1_near_reversal,20,64287,-0.0026865513094742445,-0.002517107175540434,0.12557944186914724,-0.0027035807195119085,-0.002517107175540545,0.18190868787430972,-0.0025402102958852696,-0.002517107175540434,0.23780781855233887,-0.0028454471444235084,-0.003185213600740866,0.2826316935810075,-0.003639734651345301,-0.005416766747704527,0.3554960536762302,-0.005359668984144007,-0.007504521639662531,0.34021324616701687,-0.006056929309784848,-0.008296266461893076,0.33771813752198887,-0.007323816368828114,-0.010709985145351153,0.3285173825722782
supplemental_2023_09_legacy,2023,s1_near_reversal,40,45149,-0.0026323966168826833,-0.002517107175540434,0.13056767591751756,-0.00266518686500359,-0.002517107175540434,0.1876232031717203,-0.0025617165402228386,-0.002517107175540545,0.23810578541685123,-0.002941288590163006,-0.0032742100495345428,0.2821512426350064,-0.0038098505664152745,-0.005257444793190014,0.36277616504531657,-0.005570609180839776,-0.007274577252604608,0.3459995122708227,-0.006544503218842222,-0.00860395930566682,0.3347082695762092,-0.008500326964699031,-0.011295834505128555,0.3204849720719922
supplemental_2023_09_legacy,2023,s1_near_reversal,60,37870,-0.0026493851644157143,-0.002517107175540434,0.13615358208561093,-0.0026920263915090016,-0.002517107175540545,0.19312329997095096,-0.002597284749281603,-0.002517107175540545,0.24055245992552882,-0.0029271494926557153,-0.0034206242886062332,0.2842238715300705,-0.0038134751361524866,-0.005222146772301817,0.36278344521380623,-0.0057449390099172815,-0.007506601462208218,0.3451046732924508,-0.0069127958394482655,-0.009293485523532707,0.3336681026508444,-0.008914713291810957,-0.012108288837314185,0.31460139564389933
supplemental_2023_09_legacy,2023,s1_near_reversal,120,26170,-0.002608123753855212,-0.002517107175540434,0.13989300726022164,-0.002604426080294682,-0.002517107175540434,0.20206343141001146,-0.002419118452652745,-0.002517107175540545,0.25698345370476516,-0.002727489741437177,-0.003167366727791221,0.29766090811802476,-0.0032081903526041348,-0.004518411820106982,0.3866488140780413,-0.00472515375069299,-0.0064911426051199594,0.3727283161801278,-0.005880264520896548,-0.00798776289486991,0.35806908158971806,-0.007168937533344583,-0.010875902366806911,0.34488562466528955
supplemental_2023_09_legacy,2023,s1_near_reversal,240,17418,-0.0026576974558691732,-0.002517107175540434,0.14382499856462078,-0.00265906800463356,-0.002517107175540434,0.20319228340127463,-0.0024497314830996516,-0.002517107175540545,0.2567032209909858,-0.002738412781671163,-0.003261637569067166,0.29623248334481966,-0.0029527290876317103,-0.004603311532146048,0.38488960441582337,-0.004536340424699979,-0.006406512576475842,0.3705364843884768,-0.005508429692799445,-0.007879918427284804,0.3607471264367816,-0.006304960941151138,-0.010045279951574115,0.35869877579171217
supplemental_2023_09_legacy,2023,s1_touch_immediate,10,81045,-0.002591504648464282,-0.002517107175540434,0.16103598045506146,-0.0026653707843244385,-0.002517107175540434,0.20752202561634708,-0.002467435369071552,-0.002517107175540434,0.25829220138203357,-0.002419028330122224,-0.002517107175540545,0.3064098134070491,-0.0027101606091547046,-0.004260958386771818,0.39089359810314167,-0.004853391903533503,-0.00693074829423268,0.35442678423672086,-0.005719983605113139,-0.008077212486713503,0.3457415275170438,-0.007217180368964915,-0.010309942275731565,0.3394010497066996
supplemental_2023_09_legacy,2023,s1_touch_immediate,20,59726,-0.0025736742553430134,-0.002517107175540434,0.16040184177480118,-0.0026187193958477433,-0.002517107175540434,0.21300001674396798,-0.0025014354293102573,-0.002517107175540434,0.2590043703219973,-0.0026693290671482013,-0.002517107175540656,0.296593991761278,-0.003392339403343041,-0.0051985128014127024,0.36490969406561,-0.0048574117048214216,-0.006883596762598199,0.35289682672653555,-0.0056316042440108325,-0.007982766862249857,0.3464555052790347,-0.007102988589567319,-0.010693196460986598,0.33165744930450813
supplemental_2023_09_legacy,2023,s1_touch_immediate,40,41774,-0.002670176596297725,-0.002517107175540434,0.15924161539750556,-0.0026632132999515738,-0.002517107175540434,0.21267325784597707,-0.0025935600249322585,-0.002517107175540545,0.256505398223733,-0.002795740516935144,-0.0030203780599121766,0.2970481913289124,-0.0035492308092926524,-0.005177061556405627,0.37131155393753595,-0.005271677088562245,-0.007145798093519284,0.35317232125742765,-0.00617179501989975,-0.008384653603919934,0.34050711786416143,-0.008034537101673865,-0.011333243854544706,0.32480414001293756
supplemental_2023_09_legacy,2023,s1_touch_immediate,60,35025,-0.0026262817691552645,-0.002517107175540434,0.1649725902238465,-0.0026458696740812144,-0.002517107175540434,0.21951289152842418,-0.002639930384806058,-0.002517107175540545,0.25929415795785504,-0.0027583136294073263,-0.0031472290282406057,0.3003683924950738,-0.003558846606311423,-0.005099030107786562,0.37270648756787655,-0.0054083383949971005,-0.007218183362802111,0.3532134998428257,-0.006551035075458054,-0.009006308151164322,0.33939238046243103,-0.008402943131968207,-0.012035073710125244,0.31864300208637
supplemental_2023_09_legacy,2023,s1_touch_immediate,120,24182,-0.002576926290169142,-0.002517107175540434,0.17062277727235134,-0.0025220259399413004,-0.002517107175540434,0.22989123692154997,-0.002407552468869035,-0.002517107175540434,0.27409949960712954,-0.0024979483542826716,-0.0028152141326541757,0.3135754467240238,-0.0029972765269234633,-0.004545542662337976,0.390875972843186,-0.004445931016944672,-0.0064288047944599525,0.3803038456762015,-0.005603302320658903,-0.008054833159298558,0.3612732315079267,-0.0068218065813674305,-0.010689012177831414,0.353357621925975
supplemental_2023_09_legacy,2023,s1_touch_immediate,240,16336,-0.002583398624021192,-0.002517107175540434,0.18083868992959903,-0.002593822016209117,-0.002517107175540434,0.2359963269054178,-0.002471564559233998,-0.002517107175540434,0.2763391490664218,-0.0025422892152586357,-0.002517107175540545,0.314126507868471,-0.0027160683828312913,-0.004622982389103747,0.3913923119367298,-0.00429101869617552,-0.006405929369787899,0.374578660292946,-0.005283347340017166,-0.007898001828932466,0.3638647224604828,-0.006247350220118024,-0.010449376700983337,0.3592179455748958
supplemental_2023_09_legacy,2023,s1_touch_reclaim,10,73548,-0.0027195342830910888,-0.002517107175540434,0.1430241886140835,-0.0027691159565508008,-0.002517107175540545,0.19641036100346726,-0.002497253968058816,-0.002517107175540545,0.25009858178208666,-0.00255920826390682,-0.0027908401318590403,0.296647854763038,-0.002864570602940411,-0.0044243402402145415,0.3850665432871567,-0.0051391094269406705,-0.007244514250537737,0.347282897154289,-0.0060914926596502324,-0.008490058629578967,0.33896759618394373,-0.0074263055674769025,-0.010561324053157017,0.3354606937281424
supplemental_2023_09_legacy,2023,s1_touch_reclaim,20,54349,-0.002697636884982541,-0.002517107175540434,0.14396113932435417,-0.0027313894933056436,-0.002517107175540545,0.2006734502364436,-0.0025757848903367026,-0.002517107175540545,0.25046003238628,-0.0028071130371158646,-0.00316693316435096,0.2881564903757683,-0.0034997765053675885,-0.0053752243469571415,0.3603741277410565,-0.005041505159111655,-0.007204526784677978,0.3460313368806731,-0.005916006043947446,-0.008308009310950992,0.3400305703394044,-0.007250379455922097,-0.010841025613575028,0.328600106819898
supplemental_2023_09_legacy,2023,s1_touch_reclaim,40,37885,-0.002722905661579201,-0.002517107175540434,0.14567770885574766,-0.002724886583680179,-0.002517107175540545,0.20079187013329813,-0.002639775706276718,-0.002517107175540545,0.24669394219348026,-0.002892233096755293,-0.003237831809084213,0.28891587255497186,-0.003660836067355968,-0.00528021768197906,0.3683418279768664,-0.00541845327176733,-0.007341691905042025,0.3474240422721268,-0.006453872341749968,-0.008716357677487518,0.33544738650177053,-0.008274601324973128,-0.011511542638339645,0.3213313961167613
supplemental_2023_09_legacy,2023,s1_touch_reclaim,60,31752,-0.002673913040456908,-0.002517107175540434,0.1542628578627445,-0.002701717926572815,-0.002517107175540545,0.21005385996409337,-0.00265682162982652,-0.002517107175540545,0.2523544048631453,-0.0028564421355438924,-0.0033175070031261633,0.2931669974482563,-0.0037101210604545535,-0.005205740309838225,0.3679498092625871,-0.005672446974952172,-0.007529584023904523,0.3469419924337957,-0.006887925145801102,-0.00933896099651843,0.33344892812105925,-0.00868598759645755,-0.012272441090694197,0.3146595208070618
supplemental_2023_09_legacy,2023,s1_touch_reclaim,120,21894,-0.002629400381326344,-0.002517107175540434,0.15812551383940807,-0.0025651500525122706,-0.002517107175540434,0.22048143242132187,-0.0024090781544357496,-0.002517107175540545,0.26958388526012883,-0.0026096952805462533,-0.003070956644071532,0.307231942985061,-0.0030786911460198977,-0.0046714978727855905,0.3871970736168267,-0.0045763002671755214,-0.006609344684563867,0.37587452558416024,-0.005819434791083845,-0.00827541523500408,0.35771762984637895,-0.006930171604843658,-0.010913083074904573,0.3491700580730715
supplemental_2023_09_legacy,2023,s1_touch_reclaim,240,14812,-0.0026786046265593277,-0.002517107175540434,0.1646073864019985,-0.002687230285909301,-0.002517107175540545,0.2236850989129701,-0.0025411210734784177,-0.002517107175540545,0.26743636486395245,-0.002702282905704061,-0.003210285002381519,0.30539609644087257,-0.0029350381015622925,-0.004630418389151458,0.38792345662316585,-0.004506270731427338,-0.006573978149135629,0.3706908206029471,-0.0055054892493380395,-0.008096405483417501,0.3596431950263549,-0.006325692074933724,-0.010388362893918035,0.3589292956604029
supplemental_2023_09_legacy,2023,s2_first_touch_reclaim,10,229,-0.0020090898399106934,-0.002517107175540434,0.18777292576419213,-0.002842262254220545,-0.0032744973751035467,0.23580786026200873,-0.001773108446738832,-0.0032543450859798817,0.2794759825327511,-0.002470239320407827,-0.0043176178124075815,0.27510917030567683,-0.0018492488989744545,-0.003423909805380765,0.44541484716157204,-0.00834378757434406,-0.010075013811280287,0.37280701754385964,-0.008407102027665508,-0.012008726397918612,0.30131004366812225,-0.0072358009721857335,-0.012937156388331261,0.36681222707423583
supplemental_2023_09_legacy,2023,s2_first_touch_reclaim,20,1827,-0.0020665996041580627,-0.002517107175540434,0.20580186097427478,-0.002128868175715502,-0.002517107175540434,0.2687465790914067,-0.00211739507729013,-0.002517107175540434,0.30158730158730157,-0.0022185417731764375,-0.0031686309461638196,0.3223864258347017,-0.003500526784735616,-0.0064300271512287566,0.3559693318729463,-0.004449644135152376,-0.00804332818841813,0.35139573070607555,-0.0056081680632681374,-0.0091400109272336,0.33424657534246577,-0.005189026442465883,-0.010315480893428819,0.35084838533114393
supplemental_2023_09_legacy,2023,s2_first_touch_reclaim,40,2901,-0.0025812948454911684,-0.002517107175540434,0.19682867976559806,-0.0029110697872123657,-0.002517107175540545,0.24301964839710444,-0.0029854177643000054,-0.0030943542199990404,0.28024819027921405,-0.003448084229040211,-0.0037813440485754413,0.29665401862711277,-0.003821780196498945,-0.0053007803648179586,0.3652053848809113,-0.004391917737844992,-0.006868177591350388,0.3653912443984833,-0.005291725750389786,-0.00831642631986862,0.35943428768540875,-0.007656291645871156,-0.011297948507951239,0.34586206896551724
supplemental_2023_09_legacy,2023,s2_first_touch_reclaim,60,2848,-0.002601712322823342,-0.002517107175540434,0.19276685393258428,-0.00277032756153168,-0.002517107175540545,0.25245786516853935,-0.0027545991130261023,-0.002517107175540545,0.2875702247191011,-0.0031118972356948943,-0.003467569575005991,0.30337078651685395,-0.003366018349648932,-0.004689483997851962,0.37658227848101267,-0.004672446262453241,-0.007000176356774079,0.37539543057996483,-0.00622028109531196,-0.009521916588936086,0.3457484188334505,-0.007724533476057267,-0.011622384223578974,0.3389592123769339
supplemental_2023_09_legacy,2023,s2_first_touch_reclaim,120,2132,-0.0026137057129130806,-0.002517107175540545,0.2223264540337711,-0.002470929144977874,-0.002517107175540545,0.27626641651031897,-0.002202935792510266,-0.002517107175540545,0.31801125703564725,-0.0021819384287816777,-0.0029177668128334555,0.34146341463414637,-0.003620143810232708,-0.005064960355121828,0.3883677298311445,-0.004994295511073539,-0.006680666513847522,0.3938967136150235,-0.006685240493309976,-0.008866480379077446,0.36338028169014086,-0.006141577383139018,-0.01019005250495919,0.371066228276186
supplemental_2023_09_legacy,2023,s2_first_touch_reclaim,240,1505,-0.0025862546226820644,-0.002517107175540434,0.22591362126245848,-0.002703328320014641,-0.002517107175540545,0.2857142857142857,-0.002577269473258323,-0.002517107175540434,0.3176079734219269,-0.0027440410750371566,-0.003424904034052101,0.3390957446808511,-0.003395350342630322,-0.00485861631362583,0.39573617588274485,-0.004218216342597621,-0.006171569912484576,0.38615179760319573,-0.005578777030279813,-0.00837317112558622,0.37391882900864937,-0.0065882238700524145,-0.01053538915447727,0.37683089214380827
supplemental_2023_09_legacy,2023,s2_reclaim_acceleration,10,43469,-0.0027392902034388154,-0.002517107175540434,0.1418712185695553,-0.002783299237820065,-0.002517107175540545,0.19418436126895028,-0.002425899728056716,-0.002517107175540434,0.2535658415386031,-0.0022460303071748797,-0.002517107175540434,0.311230241814877,-0.0018570525843786543,-0.002517107175540545,0.4158475103018025,-0.004775743455613771,-0.0066560403407872615,0.3570524183337554,-0.006375846437731819,-0.008442748123012378,0.33652540226974514,-0.008576477291363122,-0.010715596705604513,0.3243566726511071
supplemental_2023_09_legacy,2023,s2_reclaim_acceleration,20,31828,-0.002666677887501783,-0.002517107175540434,0.14452683172049768,-0.0027161079107739373,-0.002517107175540434,0.1988814879979892,-0.002446338483653471,-0.002517107175540434,0.25628377529219554,-0.0024217209371419045,-0.002517107175540545,0.3050554560593207,-0.0024488856463997697,-0.004270152681383088,0.38974633011661897,-0.004838838725981416,-0.006708211767239902,0.350979221024174,-0.006471863861816376,-0.0084298688401786,0.3311645450259312,-0.008746261366294033,-0.010868126743373119,0.31836619186869164
supplemental_2023_09_legacy,2023,s2_reclaim_acceleration,40,21794,-0.0027332849229737754,-0.002517107175540434,0.14191979443883637,-0.0027727304529884377,-0.002517107175540545,0.19372304303936863,-0.0025442115551829354,-0.002517107175540434,0.24910525832798017,-0.002550330562315341,-0.002517107175540545,0.3007708543635863,-0.0027908232203662895,-0.004304710926121835,0.39174737228622575,-0.005111826767218698,-0.006644622594124461,0.356460648360731,-0.006962638784304937,-0.008724996888516412,0.33151175606171934,-0.009672901839960339,-0.011564571056034145,0.3113151250860684
supplemental_2023_09_legacy,2023,s2_reclaim_acceleration,60,18410,-0.002709331872350638,-0.002517107175540434,0.14720260727865292,-0.002766756619021178,-0.002517107175540545,0.20278124830246075,-0.0026074564313948827,-0.002517107175540545,0.2510185235482644,-0.002593321824959263,-0.002517107175540545,0.30126045854612626,-0.002811827852476422,-0.004250354170771353,0.3907796020441448,-0.005534697757131466,-0.007092716775652819,0.3492822966507177,-0.007860473057056162,-0.009768598318852462,0.3221527589018755,-0.01025982151248145,-0.012508588572780532,0.30188063919991304
supplemental_2023_09_legacy,2023,s2_reclaim_acceleration,120,10452,-0.0027037179193857047,-0.002517107175540434,0.16092613853807883,-0.0026503817574323983,-0.002517107175540545,0.21909682357443552,-0.0024178479573885776,-0.002517107175540434,0.26913509376195943,-0.0024076210551373573,-0.002517107175540545,0.3176380514881807,-0.0024052858202617284,-0.0035845045996435454,0.41536545646134687,-0.005017608263526168,-0.006368392476020945,0.3753471889665741,-0.007170658847485052,-0.00887050139735246,0.34182061835933764,-0.009091064380556199,-0.011503439543328553,0.3328548186429323
supplemental_2023_09_legacy,2023,s2_reclaim_acceleration,240,7347,-0.002731813536858063,-0.002517107175540434,0.1657819518170682,-0.0027922599261996565,-0.002517107175540545,0.22362869198312235,-0.0026347829769281877,-0.002517107175540545,0.26908942425479787,-0.0025508961753378514,-0.002517107175540545,0.3213070115724983,-0.002346440191386462,-0.002517107175540656,0.425494205862304,-0.004547857199300088,-0.005898405117318317,0.3867320528538346,-0.006662485321728971,-0.008376037529869151,0.35429426976997414,-0.009061846787541275,-0.010604806306549142,0.3481693208112155
supplemental_2023_09_legacy,2023,s2_reclaim_bull_stack,10,2727,-0.002706444707078706,-0.002517107175540434,0.1716171617161716,-0.002792116899054049,-0.002517107175540434,0.2156215621562156,-0.0030526975642378423,-0.002517107175540656,0.2534849596478357,-0.0037659291341911546,-0.0039400499613098106,0.2708256880733945,-0.005850843830362523,-0.006244621722717003,0.32561558250643147,-0.007712199074698465,-0.008043328188418464,0.29625550660792954,-0.008117818955034746,-0.009530675888682838,0.3054331864904552,-0.008370421582497359,-0.011434831191723227,0.3319882611885547
supplemental_2023_09_legacy,2023,s2_reclaim_bull_stack,20,2032,-0.0026761633067767646,-0.002517107175540434,0.1638779527559055,-0.0026365537028709197,-0.002517107175540434,0.21013779527559054,-0.0029685736705470657,-0.002517107175540545,0.2466765140324963,-0.003271982536623165,-0.0034743844239325528,0.2772033481043821,-0.004328550424058301,-0.005014627415601658,0.35714285714285715,-0.005920537103416134,-0.006835214936685374,0.326932545544067,-0.007784991892526879,-0.008777460059376074,0.3080335140463282,-0.008068667431353226,-0.01071584902960443,0.32086614173228345
supplemental_2023_09_legacy,2023,s2_reclaim_bull_stack,40,900,-0.002584780826610583,-0.002517107175540434,0.18222222222222223,-0.0023388498908517882,-0.002517107175540434,0.2511111111111111,-0.0027130559219210562,-0.002517107175540434,0.26555555555555554,-0.003150423614239386,-0.002517107175540545,0.29810901001112344,-0.002243705498695964,-0.002517107175540545,0.407119021134594,-0.0032995559098761783,-0.004671497872785424,0.37444444444444447,-0.004601611134661127,-0.006882981615459083,0.3566666666666667,-0.0044166764696559726,-0.008294035126261146,0.37222222222222223
supplemental_2023_09_legacy,2023,s2_reclaim_bull_stack,60,342,-0.002375483190371723,-0.002517107175540434,0.195906432748538,-0.0019571497287706537,-0.002517107175540434,0.24561403508771928,-0.001612728344694348,-0.002517107175540434,0.30994152046783624,-0.0018138320753270502,-0.002517107175540434,0.3216374269005848,-0.002356023030899987,-0.002517107175540545,0.40058479532163743,-0.00563834492688016,-0.00575568799639925,0.3870967741935484,-0.008481639713735127,-0.009906544771249082,0.31871345029239767,-0.008245432977446315,-0.012274117472842294,0.36257309941520466
supplemental_2023_09_legacy,2023,s2_reclaim_bull_stack,120,85,-0.002605478011454275,-0.002517107175540434,0.15294117647058825,-0.0015736447622205314,-0.002517107175540434,0.21176470588235294,-0.0014127456306665211,-0.002517107175540323,0.35294117647058826,-0.002343484402412251,-0.002517107175540434,0.3176470588235294,-0.0013179458658477982,-0.0006491616833600444,0.4823529411764706,0.0012210998953696786,-0.0025171071755404895,0.4642857142857143,-0.00102287081369648,-0.003236791802397887,0.4470588235294118,-0.0004381570025858875,-0.008120943652082158,0.36470588235294116
supplemental_2023_09_legacy,2023,s2_reclaim_bull_stack,240,23,-0.0012726021246751368,-0.002517107175540434,0.21739130434782608,-0.0014788827226145625,-0.002517107175540323,0.21739130434782608,-0.001600473463255937,-0.002517107175540323,0.30434782608695654,-0.003989907413148047,-0.0037608514309322993,0.30434782608695654,0.0008949266240457487,0.002345621926978847,0.5652173913043478,0.0170548570592596,0.0005147557205826825,0.6086956521739131,0.010649739052663141,0.00824709670386059,0.5217391304347826,0.01783722908069141,-0.0001539930902954012,0.4782608695652174
supplemental_2023_09_legacy,2023,s2_reclaim_daily_trend,10,21875,-0.0027275331788910993,-0.002517107175540434,0.1462466855627686,-0.0028392474949436868,-0.002517107175540545,0.19764092717048415,-0.0028628425196863807,-0.0030581949399394737,0.23852414045354792,-0.003332649560271428,-0.0038596144337159632,0.2670904019388175,-0.0052966278244908965,-0.006621975047246043,0.3244542084305918,-0.007385479390042087,-0.0094440717090436,0.30155606407322655,-0.0077280612320459975,-0.009865047454173714,0.3110012813472451,-0.009615357082404503,-0.012747700948098961,0.3149080259906653
supplemental_2023_09_legacy,2023,s2_reclaim_daily_trend,20,15942,-0.0027060400310493964,-0.002517107175540434,0.14697948685778808,-0.002790982351733396,-0.002517107175540545,0.20213299874529486,-0.0028791380021187937,-0.002948105322577499,0.23842389258376206,-0.003459635523090826,-0.0039005785941594873,0.25600803162452157,-0.005086346993779211,-0.006748946951599333,0.317548046727798,-0.006277744547049707,-0.008674408983098958,0.3183073832245103,-0.0066771836935617754,-0.009159612566158493,0.32499842935226486,-0.008514750428713785,-0.01241046142175728,0.31118507818878355
supplemental_2023_09_legacy,2023,s2_reclaim_daily_trend,40,11667,-0.002685692846577119,-0.002517107175540434,0.15093854461301107,-0.0026297907912063837,-0.002517107175540434,0.210422559355447,-0.0027995041674707074,-0.002517107175540545,0.24367875203565612,-0.0033866170444494894,-0.0037754960226697998,0.27295327903986283,-0.005054153213744908,-0.006405929369787677,0.33953847473621,-0.006382996611140416,-0.008241544024678749,0.3303295571575695,-0.00614659943977731,-0.008722288468383077,0.33585035181053713,-0.007622284848440368,-0.011991164502231366,0.32284072390428
supplemental_2023_09_legacy,2023,s2_reclaim_daily_trend,60,9555,-0.0025631332134233875,-0.002517107175540434,0.16108436257065104,-0.002572875842532318,-0.002517107175540434,0.2186747618549147,-0.0027195424738294064,-0.002517107175540545,0.2562545797131791,-0.003209841882033016,-0.0037845568487606673,0.2823788085017276,-0.004836115163558743,-0.006028598277365849,0.33829385872982604,-0.0051886068861042205,-0.007227776753924442,0.3569034150429499,-0.004125826260240802,-0.007388724270980029,0.3668273260687343,-0.006222821684253465,-0.01136788705863212,0.33647699884732263
supplemental_2023_09_legacy,2023,s2_reclaim_daily_trend,120,7357,-0.002594296298982183,-0.002517107175540434,0.14435231752072855,-0.0025765196986862592,-0.002517107175540434,0.2078292782384124,-0.0026285653851633958,-0.002517107175540545,0.2541796928095691,-0.0030817555943356677,-0.0034081162720993596,0.27943976067446286,-0.004954756742970146,-0.005976836860160317,0.33759869316634905,-0.005581891951643315,-0.0073050250610976475,0.3590964757109811,-0.005353401983814017,-0.007667621252086643,0.3599510270711468,-0.009094475648196708,-0.013276473210501072,0.308801523602231
supplemental_2023_09_legacy,2023,s2_reclaim_daily_trend,240,5630,-0.00269099022692661,-0.002517107175540434,0.15580031977260614,-0.002797784412684099,-0.002517107175540545,0.21389234322259726,-0.002898596280306142,-0.003038803249193367,0.25084384437733165,-0.0032610264274580626,-0.0038569101879309398,0.27700781805259417,-0.004603024828299234,-0.006105175135340368,0.33511205976520814,-0.006000105719808993,-0.008005406124956704,0.33594306049822065,-0.006462415750251056,-0.00881865786954572,0.3332146671413314,-0.008170397947135406,-0.013442440065184358,0.3219946571682992
supplemental_2023_09_legacy,2023,s2_reclaim_positive_slope,10,32793,-0.002743922727338078,-0.002517107175540434,0.13853566309883206,-0.0029743091346543906,-0.002517107175540545,0.18253895648461563,-0.002879242153443031,-0.002517107175540545,0.2312688683560516,-0.0032521933912101455,-0.0036229640411993835,0.26372453336586554,-0.005183534171759713,-0.006331573304888316,0.3317560141653437,-0.006279507312473457,-0.008208878318618829,0.3341272022228329,-0.005537513917916101,-0.007676501448770412,0.3476216645295231,-0.009343909931751009,-0.012131400118426838,0.3134196226875878
supplemental_2023_09_legacy,2023,s2_reclaim_positive_slope,20,23763,-0.002702984601136406,-0.002517107175540434,0.14341623532382275,-0.002822611861719693,-0.002517107175540545,0.196776501283508,-0.002710591238758794,-0.002517107175540545,0.24652807002777544,-0.002752824482227197,-0.003065024213753542,0.29713804713804715,-0.0021397439138355315,-0.004073242733768745,0.39752389775550595,-0.003379419726006843,-0.005416766747704582,0.3792842105263158,-0.00491778167670441,-0.007646826664975792,0.35237132507792096,-0.007367450059880702,-0.010659824667984985,0.3338949496651363
supplemental_2023_09_legacy,2023,s2_reclaim_positive_slope,40,17429,-0.0026700990732427795,-0.002517107175540434,0.1463652533134431,-0.002740609462750152,-0.002517107175540545,0.1993229674680131,-0.0027758059279346606,-0.002517107175540545,0.23948591428079638,-0.0031284387642442307,-0.0035465012857823774,0.28289435932748036,-0.004426984712764637,-0.0055847129824453945,0.360202089792169,-0.006528079843047768,-0.007913768453220005,0.33264403469469817,-0.007932292725525696,-0.00952929160541316,0.31633356305995863,-0.010369536478002081,-0.01331530036382178,0.30058566835094164
supplemental_2023_09_legacy,2023,s2_reclaim_positive_slope,60,13736,-0.002544824906925378,-0.002517107175540434,0.16257735711685475,-0.0025781283867103407,-0.002517107175540434,0.22047473423620212,-0.0026189389496287774,-0.002517107175540545,0.2596475899228193,-0.003035762271220789,-0.0036637495834490608,0.2877221089426158,-0.004825074431529262,-0.006045938164306319,0.34229704124763155,-0.006565828636599284,-0.008263712080521513,0.3311726147123088,-0.007203769155409538,-0.009641984981429541,0.32660791026294705,-0.008400412369961856,-0.012558881264377264,0.3053774409793063
supplemental_2023_09_legacy,2023,s2_reclaim_positive_slope,120,6137,-0.002599905396848499,-0.002517107175540434,0.17239693661398078,-0.0024241092902220775,-0.002517107175540434,0.23516949152542374,-0.0021870593165660853,-0.002517107175540434,0.291883963494133,-0.0023140487708346795,-0.002517107175540545,0.33860449951092275,-0.001632772611076211,-0.0031635640082199323,0.4300636526848376,-0.0018583108258149077,-0.004276336263414171,0.42777868451118,-0.0023983271563350578,-0.005693804286446391,0.41589166258769783,-0.0025854086868250985,-0.007982766862249746,0.39820554649265905
supplemental_2023_09_legacy,2023,s2_reclaim_positive_slope,240,10263,-0.0026617862076353423,-0.002517107175540434,0.16272045210951963,-0.0026720239995247884,-0.002517107175540434,0.2205982656143428,-0.002537477916146599,-0.002517107175540434,0.2653220305953425,-0.0026298061894875087,-0.002517107175540545,0.3063352826510721,-0.003036887071231848,-0.004551403614294958,0.3858536585365854,-0.004550891173254398,-0.006267042862850458,0.37029451921201484,-0.005642739134599032,-0.00787991842728486,0.35426621160409555,-0.007215266696973041,-0.010489006382864041,0.34370124804992197
supplemental_2023_09_legacy,2023,s2_reclaim_recent_high,10,41964,-0.0026464354820736028,-0.002517107175540545,0.13502371136477373,-0.0025522235667776475,-0.002517107175540545,0.2084078072495889,-0.0026707754054392605,-0.0032069293697484236,0.24162257495590828,-0.002819017425774529,-0.003405179551630555,0.284209271838875,-0.00277434316435393,-0.0044207004824573515,0.3881693500298151,-0.005384651120521595,-0.007757822899662037,0.3435039839687008,-0.0069703807348747435,-0.009583743473479678,0.3281015194523293,-0.007239923915566645,-0.010728955563249987,0.33839034397213874
supplemental_2023_09_legacy,2023,s2_reclaim_recent_high,20,30525,-0.002681248516947978,-0.002517107175540545,0.13104442405975625,-0.0026026735286135408,-0.002517107175540545,0.2041150645436079,-0.0028499988775773167,-0.0032835173890051195,0.2365739375471018,-0.002978043128023456,-0.00353559642539214,0.27465757913362604,-0.0034572333682489687,-0.005291746654885299,0.3623397488442244,-0.005395074805510769,-0.007890149354372822,0.34098435911729025,-0.006925117432092683,-0.009662400104082536,0.33088524590163937,-0.0068473239118634135,-0.011068487847603059,0.3316825188586422
supplemental_2023_09_legacy,2023,s2_reclaim_recent_high,40,21124,-0.002658432552147236,-0.002517107175540545,0.13676387047907593,-0.002640869580469528,-0.002517107175540545,0.205642870668434,-0.0028877332903035962,-0.003348342919560876,0.23401032050371634,-0.0030376780509952773,-0.0036038871926625804,0.27615756083704196,-0.0036408199547276663,-0.005155950807350984,0.36852825541187056,-0.005960160005131555,-0.00813672910694585,0.3402530925636286,-0.007747936850926024,-0.010345619087831603,0.3212000568747334,-0.008075994551751689,-0.011890688026135188,0.32210217041038763
supplemental_2023_09_legacy,2023,s2_reclaim_recent_high,60,17956,-0.0026457985846774588,-0.002517107175540545,0.14241158451684768,-0.0025511506326594013,-0.002517107175540545,0.21740099147774744,-0.0028128309147559326,-0.003277383770681097,0.24619840695148443,-0.0030005421706149203,-0.003563237601767022,0.2833983286908078,-0.0037255021783045403,-0.005186978244683393,0.3711529884032114,-0.006175466476554502,-0.008372025573170294,0.3407494145199063,-0.008145352533543851,-0.01102442395869141,0.32092089860081385,-0.008731460600902314,-0.012577872245854493,0.3177966101694915
supplemental_2023_09_legacy,2023,s2_reclaim_recent_high,120,12832,-0.0026000263673048017,-0.002517107175540545,0.14635286783042395,-0.002571278558150801,-0.002517107175540545,0.22219624347283923,-0.0027799345557453646,-0.003374788080806601,0.25376042397318993,-0.0030325195415143035,-0.0036160606433336406,0.2872622388525101,-0.0033071513105798465,-0.004926486143715381,0.38384705423332033,-0.005295373193325186,-0.007653476345594434,0.3648849005072181,-0.00717472850400233,-0.009636540602056598,0.34279918864097364,-0.007163216850244254,-0.01101586353692352,0.34571562353675667
supplemental_2023_09_legacy,2023,s2_reclaim_recent_high,240,8362,-0.002683767722729798,-0.002517107175540545,0.14926444205238606,-0.0026934672355614954,-0.002517107175540656,0.22150460471235497,-0.002838850825660602,-0.00333943437490114,0.2515249372084679,-0.0030954632161686196,-0.0036120390008141934,0.28706473614933586,-0.0030833385106282447,-0.004883614631826072,0.3800167724931113,-0.00508274290588334,-0.007696595256512284,0.3580498322951605,-0.006632453456662052,-0.009631821104388205,0.34574404405602777,-0.006793365025108726,-0.011232721419314029,0.3501796407185629
supplemental_2023_09_legacy,2023,s4_auction_confirmed_reclaim,10,43294,-0.0026979235566728967,-0.002517107175540434,0.13685499145378113,-0.002632460768492923,-0.002517107175540545,0.19896981036195227,-0.002274071385624303,-0.002517107175540545,0.2546601067147114,-0.002466385432795715,-0.003094298549534691,0.2951096121416526,-0.0030699117626658843,-0.004657628404777514,0.37624815088757396,-0.0045421942416518785,-0.006728435758035278,0.3540549287960052,-0.005900991550693022,-0.008238806369562202,0.33864891723866974,-0.007363221667904077,-0.01082723071156777,0.33476642858793887
supplemental_2023_09_legacy,2023,s4_auction_confirmed_reclaim,20,31704,-0.0026805308047807928,-0.002517107175540434,0.13780595508453192,-0.002685999152358299,-0.002517107175540545,0.19981705778450667,-0.00243498705343987,-0.002517107175540545,0.253816553116326,-0.0027796380833932884,-0.0032957828201070627,0.2856602107122579,-0.003821440695137122,-0.005693804286446169,0.35032972580696053,-0.004982036529521681,-0.00711203864493859,0.34349555008521115,-0.0063229356911785,-0.008557106278691218,0.3325232759981064,-0.007470491009621954,-0.011057200436023873,0.3254426664141653
supplemental_2023_09_legacy,2023,s4_auction_confirmed_reclaim,40,21228,-0.002625153373423571,-0.002517107175540434,0.14221782551347278,-0.0026422532264379233,-0.002517107175540545,0.19987752025626532,-0.002477531541841283,-0.002517107175540545,0.24990578481251177,-0.0028823328718555513,-0.0034510799216306842,0.28358771433955154,-0.004024984235446962,-0.0055505075274930316,0.35572936298529967,-0.0055055661952322,-0.007382877384440101,0.3399349271466968,-0.007302225252084067,-0.009166993127703638,0.32487620844140536,-0.008800626889333122,-0.012061619305815008,0.315722499764351
supplemental_2023_09_legacy,2023,s4_auction_confirmed_reclaim,60,17548,-0.002577735312444853,-0.002517107175540434,0.1511853202644176,-0.0026235906245910445,-0.002517107175540545,0.207841796318459,-0.0024804059654582548,-0.002517107175540545,0.2544594517581353,-0.002790236942668917,-0.0034010087199130012,0.2903391279566828,-0.003959888706782693,-0.005433723821225811,0.3612410174518079,-0.005676578701377462,-0.007627490755931554,0.3380506733622461,-0.007466166501255717,-0.009676075305859289,0.3254792332268371,-0.008797292113639913,-0.012491936103785073,0.31360136869118904
supplemental_2023_09_legacy,2023,s4_auction_confirmed_reclaim,120,12373,-0.0025351310256678597,-0.002517107175540434,0.15703548048169402,-0.002463553508737392,-0.002517107175540434,0.22419785015760124,-0.0022460580668480098,-0.002517107175540545,0.27026590155984803,-0.0025434222914954515,-0.003114226164811884,0.30560944067248624,-0.0033641724961087026,-0.004818990774365983,0.38099474322684995,-0.004805237571260124,-0.006773790928703227,0.36993284246298247,-0.006784711092439195,-0.008674408983098902,0.34277162041905995,-0.007461780374203534,-0.010704381261650742,0.3506714123928167
supplemental_2023_09_legacy,2023,s4_auction_confirmed_reclaim,240,8036,-0.0026166574696869695,-0.002517107175540434,0.16226978596316574,-0.002643500268550572,-0.002517107175540545,0.22324539571926333,-0.002354224763969696,-0.002517107175540545,0.27277252364360377,-0.0026372172017493562,-0.0033762655672928688,0.3005103946221835,-0.0031959017299335517,-0.0048014191438405796,0.38311931180650793,-0.004260804055733403,-0.006588465921762876,0.368565374548174,-0.005872448369910671,-0.007986513133419026,0.35691158156911584,-0.006393053401764352,-0.010712190186515202,0.3620174346201743
supplemental_2023_09_legacy,2023,s4_reclaim_amount_acceleration,10,71739,-0.0027032492692536355,-0.002517107175540434,0.14562714321559006,-0.002755572087335775,-0.002517107175540545,0.19870079179212669,-0.0024797030984115725,-0.002517107175540545,0.2536593526082471,-0.002522874256865866,-0.002517107175540545,0.29898502635027746,-0.002860399527082184,-0.0044316616723242275,0.38462826290162816,-0.005165886455463012,-0.007301197788607383,0.34698348029914056,-0.00612120829036271,-0.008550269833752733,0.3384538110585576,-0.007413864845232977,-0.010561324053157128,0.33560267857142856
supplemental_2023_09_legacy,2023,s4_reclaim_amount_acceleration,20,53032,-0.0026900420267426907,-0.002517107175540434,0.14578265542795724,-0.002724241664511152,-0.002517107175540545,0.20253069075411567,-0.0025665324739267883,-0.002517107175540545,0.2519471212778396,-0.0027858506736118433,-0.0031165560294014183,0.2902215935879302,-0.003505984133502922,-0.0053752243469572525,0.360360020378512,-0.00509339606050878,-0.007304676899529794,0.3445790407185177,-0.005995612713468813,-0.008395459398447103,0.33822780032084554,-0.007281314977363552,-0.010904455729958018,0.3276773243743158
supplemental_2023_09_legacy,2023,s4_reclaim_amount_acceleration,40,37043,-0.00270832357178737,-0.002517107175540434,0.14772021704505575,-0.0027186140081399916,-0.002517107175540545,0.20271036363145534,-0.002634388110769188,-0.002517107175540545,0.24981777933752666,-0.0028815849611135784,-0.0032373114302873818,0.2905159147971167,-0.003655650828782064,-0.0052725847800279,0.3686158001350439,-0.0054598001953224005,-0.007420951959834665,0.34637414892467305,-0.00652263923675174,-0.008777788888134408,0.334,-0.008291401403808274,-0.011560691354541852,0.3210320140483588
supplemental_2023_09_legacy,2023,s4_reclaim_amount_acceleration,60,31077,-0.002667459885224385,-0.002517107175540434,0.15590809628008753,-0.0027037479928013392,-0.002517107175540545,0.21159168436635128,-0.0026622988045980397,-0.002517107175540545,0.2542078331670582,-0.0028553773373428248,-0.0033163723140213763,0.29346636626971356,-0.0037117823416468764,-0.005213006885876892,0.367519165109837,-0.005719887438922634,-0.007647753087694775,0.3461315467370998,-0.006930901370663501,-0.009422896005642556,0.3325066031050699,-0.008682590783554245,-0.012328414318075964,0.31523174541823684
supplemental_2023_09_legacy,2023,s4_reclaim_amount_acceleration,120,21502,-0.0026184946720907228,-0.002517107175540434,0.16035717607664404,-0.002570934476869021,-0.002517107175540545,0.2213850518580531,-0.002408232313453969,-0.002517107175540545,0.2718604651162791,-0.002590568092990719,-0.003076234357617058,0.30855468204865794,-0.0030700325928916393,-0.004654570517307111,0.3875128037992364,-0.00457369579504242,-0.006611445422504747,0.3765248160908837,-0.005836360305959145,-0.00831174733638479,0.3573556797020484,-0.006938899786169364,-0.010921953945363494,0.348775491200298
supplemental_2023_09_legacy,2023,s4_reclaim_amount_acceleration,240,14560,-0.0026751992342266546,-0.002517107175540434,0.165808091215056,-0.0027001557278085123,-0.002517107175540545,0.22425990796071157,-0.002563942077451751,-0.002517107175540545,0.26821897108317877,-0.00268486345151029,-0.003216604295333214,0.30649261422191687,-0.0029606997774012547,-0.004659160631856563,0.3872876109238495,-0.004560280621427118,-0.0065967918087691535,0.3701691651767295,-0.005543371938707694,-0.008196455792472024,0.3587927952701774,-0.006320777979908797,-0.010379754612455272,0.3584788887360748
supplemental_2023_09_legacy,2023,s4_reclaim_volume_normal,10,66032,-0.0025428532439578586,-0.002517107175540434,0.12491102663900289,-0.0023903483747399167,-0.002517107175540434,0.20143873996668182,-0.0024650065344120776,-0.002517107175540434,0.24124613800205974,-0.0026707274536954934,-0.002517107175540545,0.28779157830960317,-0.0027605694295853972,-0.004251860032626231,0.3854431914635625,-0.005130497319520476,-0.007189158195795464,0.34492951341518874,-0.006280924517490162,-0.008557228498871972,0.33569793703484757,-0.007254289134662448,-0.010249532701311515,0.33668798690472584
supplemental_2023_09_legacy,2023,s4_reclaim_volume_normal,20,48531,-0.0025636840980214114,-0.002517107175540434,0.12598392746754586,-0.002466282866989579,-0.002517107175540434,0.20051927713326054,-0.002618665587230888,-0.002517107175540434,0.23623961918107445,-0.002823163214342127,-0.0029500424588841945,0.27859866048428644,-0.003339557413257029,-0.005128318936861054,0.36162140986783775,-0.004986259720250552,-0.00700017635677419,0.344949172113739,-0.006007685223129877,-0.008276800575960475,0.339857284276522,-0.006947680188781488,-0.010496970318136123,0.33134642356241234
supplemental_2023_09_legacy,2023,s4_reclaim_volume_normal,40,33757,-0.002560161732963237,-0.002517107175540434,0.1261960482270344,-0.0024587516242267986,-0.002517107175540434,0.2015878188227627,-0.0026038580898099044,-0.002517107175540434,0.23666202565393843,-0.0028676791246425577,-0.002904509262236399,0.2788327655162198,-0.0035486879831075546,-0.005091256576377323,0.36858014995702815,-0.0054444172670953086,-0.007255743245965007,0.3462416604892513,-0.006671951404409217,-0.008903784603403686,0.3334321983627951,-0.008200418836300431,-0.01142320443290179,0.31938802739644795
supplemental_2023_09_legacy,2023,s4_reclaim_volume_normal,60,28188,-0.0025360508366720326,-0.002517107175540434,0.13126618653989428,-0.0023970665955343282,-0.002517107175540434,0.21156643604754302,-0.002567424850084656,-0.002517107175540434,0.24573354621252438,-0.0027958592110670947,-0.0030053513717345215,0.2874835870683843,-0.0035684308571898382,-0.004972449680954338,0.3691537341524912,-0.005563379702897062,-0.007414731853892853,0.3476685961859441,-0.006986254002360091,-0.009475784430910572,0.33187741912574126,-0.008638526647375131,-0.012139128649731268,0.3143597755841204
supplemental_2023_09_legacy,2023,s4_reclaim_volume_normal,120,19518,-0.002559303265519581,-0.002517107175540434,0.13239061379239675,-0.0023241988680459003,-0.002517107175540434,0.21607911457265833,-0.0024733761771455177,-0.002517107175540434,0.2536380405820865,-0.0027191321154744407,-0.002517107175540545,0.2976989699174909,-0.003076671634836784,-0.004564276299022618,0.3868998768978252,-0.004577916555431246,-0.006596791808769098,0.3741664101774905,-0.006038664271262858,-0.008189995665537575,0.3552341385854234,-0.006890900762976711,-0.010535458404032694,0.34937163375224417
supplemental_2023_09_legacy,2023,s4_reclaim_volume_normal,240,13187,-0.0025798685228156444,-0.002517107175540434,0.13772182617928105,-0.0024116204299288496,-0.002517107175540434,0.21704838465038678,-0.0025172360032714725,-0.002517107175540434,0.25489155164568483,-0.0028170652461464744,-0.003030479876024783,0.2901684114701866,-0.0029125875018994134,-0.004559037355324258,0.3885006835789154,-0.004448601088524615,-0.006567799126096396,0.3729212544612347,-0.005602393883299361,-0.008043328188418242,0.359392789373814,-0.0062009005235893686,-0.010190052504959302,0.3600121497456147
supplemental_2023_09_legacy,2023,s4_reclaim_volume_proxy,10,54268,-0.0026295567651765106,-0.002517107175540434,0.14784307221700113,-0.0025776090904987762,-0.002517107175540545,0.20884548051230076,-0.002222275594258711,-0.002517107175540434,0.2660376315353003,-0.0023297351161350685,-0.002517107175540545,0.3070401769259123,-0.002271427498393235,-0.003969752165090434,0.3965774769957034,-0.004625759877803902,-0.006950364476982385,0.3528543760951766,-0.0061964218392253365,-0.008822308773672405,0.3347104389524161,-0.006986675817508935,-0.01028393726427379,0.3399472606907743
supplemental_2023_09_legacy,2023,s4_reclaim_volume_proxy,20,39206,-0.002651529138982396,-0.002517107175540434,0.1444968753985461,-0.002609226047325043,-0.002517107175540545,0.20862134931768908,-0.002369315238910954,-0.002517107175540545,0.26270278543005815,-0.0026049354702633604,-0.0029497609665024016,0.29597979694913523,-0.0030980684550192617,-0.005128318936860832,0.36827600285801776,-0.004936884803141264,-0.007193852151944458,0.3461646458200383,-0.006464773683914409,-0.00895248067763399,0.33128270580727504,-0.007067632527172407,-0.01072059121643576,0.3301932552143167
supplemental_2023_09_legacy,2023,s4_reclaim_volume_proxy,40,27294,-0.002636630999527583,-0.002517107175540434,0.14768813658679564,-0.0026274195309127072,-0.002517107175540545,0.20781124056569208,-0.0024773102850800493,-0.002517107175540545,0.2574747178660413,-0.0027100429678720123,-0.0031041211126289214,0.2925399384434999,-0.0033049011058711147,-0.004885019921289591,0.3753023971849571,-0.005470283870150039,-0.0076011178423318615,0.3440422488722632,-0.0071739740926418955,-0.009541634589797066,0.32443238088251475,-0.008108592396630608,-0.011373263700616976,0.3209269920428294
supplemental_2023_09_legacy,2023,s4_reclaim_volume_proxy,60,22664,-0.002607013629681731,-0.002517107175540434,0.15412787362661606,-0.0025881349544839235,-0.002517107175540545,0.21552446935263228,-0.0024575040152348625,-0.002517107175540545,0.26319505736981463,-0.002653485697139017,-0.0032404450238540106,0.3005252239925851,-0.0033020169531888122,-0.004959091827546114,0.37570671378091874,-0.005675377373992459,-0.007625854385908792,0.34442088523721176,-0.007456452054000542,-0.01010392450354769,0.32361773538244126,-0.008315276738837935,-0.011913820799981545,0.3188040982158629
supplemental_2023_09_legacy,2023,s4_reclaim_volume_proxy,120,15820,-0.0025419300499918366,-0.002517107175540434,0.15891276864728193,-0.002444292413441929,-0.002517107175540545,0.2259308426575637,-0.0022625498059195568,-0.002517107175540545,0.2756179278083318,-0.002536210277324432,-0.003136661767356941,0.31185583306987036,-0.0029189994775017307,-0.004543687950672781,0.39305151246677633,-0.00488986465603569,-0.007111157715215033,0.3681645569620253,-0.006676068240427336,-0.009162773656921863,0.34664304246029237,-0.007011388064513627,-0.010709505526896534,0.34925958739400076
supplemental_2023_09_legacy,2023,s4_reclaim_volume_proxy,240,10706,-0.002688724923183268,-0.002517107175540434,0.15955161139654367,-0.002634523748098308,-0.002517107175540545,0.22802428771602054,-0.002424080731349043,-0.002517107175540545,0.2746380196170014,-0.0025970105093224816,-0.00319245104339716,0.3088496402205401,-0.0027427813915178382,-0.004546868876055377,0.39169083933751286,-0.004543258674391418,-0.006714089894297004,0.3675989149752128,-0.006015441728321059,-0.008712653093704836,0.3515939048331308,-0.006336228122523803,-0.010335392423021617,0.358765778401122
supplemental_2023_09_legacy,2023,s4_reclaim_vwap_support,10,72966,-0.002723183211870383,-0.002517107175540434,0.14308229973274858,-0.0027677043998560586,-0.002517107175540545,0.19665031112085743,-0.0024956569809071027,-0.002517107175540545,0.25014733898932306,-0.00255832399741736,-0.002815227845132884,0.29663897798612826,-0.0028494861631681296,-0.004413462485092556,0.38548895899053626,-0.0051304477390194825,-0.007244514250537848,0.3475314484821049,-0.006118554345346905,-0.008507995420732217,0.3387882196403342,-0.00739917948491351,-0.010541783582227682,0.33571996817820204
supplemental_2023_09_legacy,2023,s4_reclaim_vwap_support,20,53886,-0.0027004492727600634,-0.002517107175540434,0.143917602301197,-0.002732646382697541,-0.002517107175540545,0.20063842028097917,-0.0025776112640648573,-0.002517107175540545,0.2502180731612257,-0.002802367268845557,-0.003181210299924242,0.28834982089496836,-0.0034892377956839897,-0.005357320423901468,0.3606803959072255,-0.0050483421470369156,-0.007200125451711448,0.34607242339832867,-0.005972229343666781,-0.008330912545874702,0.3396110770602329,-0.007245986337688344,-0.01082132322745799,0.3286215799543065
supplemental_2023_09_legacy,2023,s4_reclaim_vwap_support,40,37543,-0.0027228992246946266,-0.002517107175540434,0.14580614229017394,-0.0027325551830977126,-0.002517107175540545,0.2006552661019658,-0.002643544532488181,-0.002517107175540545,0.24681689840711737,-0.0029007878933816214,-0.0032383529404171885,0.2892837164699928,-0.003679050235470306,-0.005272584780027789,0.36852764823451034,-0.005456427380393936,-0.007343637302110406,0.3471259464647542,-0.006534181395210236,-0.008751375255693306,0.33493333333333336,-0.008303601038401623,-0.011511542638339867,0.3213819209340762
supplemental_2023_09_legacy,2023,s4_reclaim_vwap_support,60,31438,-0.002677646161710064,-0.002517107175540434,0.15430861723446893,-0.00270352653302538,-0.002517107175540545,0.21017973596309847,-0.0026581359776938654,-0.002517107175540545,0.25239382853507236,-0.0028542653365085076,-0.003318942298389582,0.29351872474466256,-0.003701842002339324,-0.005184173733894792,0.36847635726795097,-0.0056832677117663434,-0.0075128478741604,0.3469400751448768,-0.006973567458053051,-0.009364815821932826,0.3329512529054032,-0.008710456453657749,-0.012214015849962012,0.31522638986180984
supplemental_2023_09_legacy,2023,s4_reclaim_vwap_support,120,21669,-0.00263065476500705,-0.002517107175540434,0.15819834787022935,-0.0025730110670604024,-0.002517107175540434,0.219771091009784,-0.0024142561463005746,-0.002517107175540545,0.26984493261953113,-0.0026050988722674004,-0.0030711104911461673,0.30806868537666177,-0.0030925018892953623,-0.004664540744591883,0.38715638715638717,-0.004643385720889476,-0.006646917810840314,0.37516170763260026,-0.005933779619366507,-0.008263922195928308,0.3566314038896845,-0.006979943660973789,-0.010875902366806911,0.34933468859730177
supplemental_2023_09_legacy,2023,s4_reclaim_vwap_support,240,14648,-0.0026816378853357485,-0.002517107175540434,0.1646753601420086,-0.002693685057912123,-0.002517107175540545,0.22366354884959377,-0.002542618279900529,-0.002517107175540545,0.26783641701372296,-0.0026949824482688715,-0.0031861097864220866,0.3053336065014,-0.0029240767092493652,-0.004599534926739812,0.38864957264957267,-0.004515696228951917,-0.006571915682956897,0.37060833902939166,-0.005551962314656514,-0.008118322587313043,0.3589585895858959,-0.0062846797987365765,-0.010329443727724541,0.35933014354066983
